listing_id,listing_title,price,initial_price,price_drop_amount,has_price_drop,price_increase_amount,has_price_increase,days_on_market,view_velocity,view_count,vehicle_brand,vehicle_model,vehicle_model_year,vehicle_condition,vehicle_tax_type,vehicle_fuel_type,vehicle_transmission,vehicle_color,vehicle_mileage_km,vehicle_engine_cc,province,seller_type,seller_id,seller_name,posted_at,scraped_at,renewed_at
13233399,BMW M8 2024 for sell,234000.0,234000.0,0.0,0,0.0,0,173.8,0.0,0,BMW,M8,2024,used,Plate Number,Unknown,Unknown,Unknown,,,Phnom Penh,store,236261,Tong Meng,2026-02-28 14:49:11+07,2026-08-21 09:53:16.323543+07,2026-08-21 09:30:12+07
13237430,Mazda2,16900.0,16900.0,0.0,0,0.0,0,175.7,0.0,0,Mazda,Mazda2,2020,used,Plate Number,Unknown,Unknown,Unknown,,,Phnom Penh,store,151525,Heng Ravy 洲  ( 中文 English Khmer ខ្មែរ)speaking,2026-03-01 18:42:57+07,2026-08-24 10:35:53.577764+07,2026-08-24 10:23:02+07
13257893,Ford Everest 020 full option,36900.0,36900.0,0.0,0,0.0,0,165.0,0.0,0,Ford,Everest,2020,used,Plate Number,Unknown,Unknown,Unknown,,,Phnom Penh,store,265665,Thea Rith,2026-03-06 16:50:43+07,2026-08-18 17:18:56.72048+07,2026-08-18 16:46:17+07
13277141,ឡានស្អាតអត់បុក,23900.0,23900.0,0.0,0,0.0,0,162.0,0.0,0,Unknown,Unknown,2022,used,Plate Number,Unknown,Unknown,Unknown,,,Phnom Penh,store,666121,Meng,2026-03-11 15:48:10+07,2026-08-20 15:37:39.454008+07,2026-08-20 14:49:03+07
13288774,Porsche Cayenne Coupe 2021,108000.0,108000.0,0.0,0,0.0,0,157.1,0.0,0,Porsche,Cayenne Coupe,2021,used,Plate Number,Unknown,Unknown,Unknown,,,Phnom Penh,store,359541,WD777 Auto,2026-03-14 14:14:47+07,2026-08-18 17:19:08.118027+07,2026-08-18 15:30:17+07
13290752,Master - GAC M8 2025 Full Option,63800.0,63800.0,0.0,0,0.0,0,156.3,0.0,0,GAC,M8,2025,new,Tax Paper,Unknown,Unknown,Unknown,,,Phnom Penh,store,475016,ITH RATHANA,2026-03-15 09:03:39+07,2026-08-18 17:19:08.121211+07,2026-08-18 15:29:56+07
13291003,Prius 012 Option 5 Plugs-in Advance,18500.0,18500.0,0.0,0,0.0,0,159.0,0.0,0,Toyota,Prius,2012,used,Tax Paper,Unknown,Unknown,Unknown,,,Phnom Penh,store,336191,Much Chamroeun,2026-03-15 10:04:24+07,2026-08-21 09:53:11.211533+07,2026-08-21 09:40:50+07
13295296,Toyota Alphard 2018 ស្លាកលេខ ឡានមូល តម្លៃ $70000 ចចារ,70000.0,70000.0,0.0,0,0.0,0,161.0,0.0,0,Toyota,Alphard,2018,used,Plate Number,Unknown,Unknown,Unknown,,,Phnom Penh,store,195713,Sale,2026-03-16 11:38:38+07,2026-08-24 10:35:53.577764+07,2026-08-24 10:23:18+07
13296286,ឡានថ្នាំស៊ីន100%ថ្មីណាស់ប្រើបាន2ម៉ឺនគីឡូជាង,49900.0,54900.0,5000.0,1,0.0,0,157.0,0.0,0,Unknown,Unknown,2023,used,Plate Number,Unknown,Unknown,Unknown,,,Phnom Penh,store,666121,Meng,2026-03-16 14:43:05+07,2026-08-20 15:37:39.454739+07,2026-08-20 14:49:03+07
13333201,LexusRX 300ឆ្នាំ 2000ប៉ុង2,10500.0,10500.0,0.0,0,0.0,0,146.3,0.0,0,Unknown,Unknown,2000,used,Plate Number,Unknown,Unknown,Unknown,,,Phnom Penh,store,186126,Sok Bora,2026-03-25 11:17:55+07,2026-08-18 17:19:02.531199+07,2026-08-18 15:53:01+07
13336208,Honda HRV SUV  I-VTEC Econ អេក្រង់​ ថាច់​ស្រ្គីន,19900.0,19900.0,0.0,0,0.0,0,148.4,0.0,0,Honda,HR-V,2019,used,Plate Number,Unknown,Unknown,Unknown,,,Phnom Penh,store,85027,Mr PK KD,2026-03-25 23:51:48+07,2026-08-21 09:53:17.469669+07,2026-08-21 09:26:02+07
13341666,🚘 បង់រំលស់​១០០%ពុំចាំបាច់មានប្រាក់ចូលរួម​💰ការប្រាក់​0.65% 👉2012 Toyota Prius​ option 3,17000.0,17000.0,0.0,0,0.0,0,144.9,0.0,0,Toyota,Prius,2012,used,Tax Paper,Unknown,Unknown,Unknown,,,Phnom Penh,store,188161,MH Car,2026-03-27 11:17:30+07,2026-08-19 09:48:15.43727+07,2026-08-19 09:30:08+07
13346880,Porches Cayman,65000.0,65000.0,0.0,0,0.0,0,144.9,0.0,0,Unknown,Unknown,2014,used,Tax Paper,Unknown,Unknown,Unknown,,,Phnom Penh,store,783260,Raksa Seab,2026-03-28 17:55:27+07,2026-08-20 15:37:33.861504+07,2026-08-20 15:00:08+07
13357980,Toyota Prius,19000.0,19000.0,0.0,0,0.0,0,140.6,0.0,0,Toyota,Prius,2013,used,Plate Number,Unknown,Unknown,Unknown,,,Phnom Penh,individual,392269,Borajame Bakava,2026-03-31 20:03:28+07,2026-08-19 09:48:23.681305+07,2026-08-19 09:09:52+07
13363653,Lexus Rx400h 06 h full p2 សុីនមួយជុំ,24800.0,24800.0,0.0,0,0.0,0,141.0,0.0,0,Lexus,Rx400h 06 h,2006,used,Plate Number,Unknown,Unknown,Unknown,,,Phnom Penh,store,536355,3885 Auto Car,2026-04-02 09:28:55+07,2026-08-21 09:53:22.425573+07,2026-08-21 09:18:03+07
13375086,COROLLA D4D 2005,6999.0,6999.0,0.0,0,0.0,0,135.5,0.0,0,Toyota,Corolla,2005,used,Plate Number,Unknown,Unknown,Unknown,,,Phnom Penh,individual,1130927,ផល្លា រី,2026-04-05 06:03:05+07,2026-08-18 17:19:07.206225+07,2026-08-18 15:31:17+07
13387318,LAND ZX 22 ម៉ាស៊ូតថ្មីណាស់,115900.0,115900.0,0.0,0,0.0,0,131.3,0.0,0,Unknown,Unknown,2022,used,Plate Number,Unknown,Unknown,Unknown,,,Phnom Penh,store,666121,Meng,2026-04-08 08:54:26+07,2026-08-17 15:51:02.645676+07,2026-08-17 14:48:03+07
13393112,ឡានលក់,21000.0,21000.0,0.0,0,0.0,0,131.1,0.0,0,Unknown,Unknown,2017,used,Plate Number,Unknown,Unknown,Unknown,,,Phnom Penh,store,586422,Oun Maren,2026-04-09 14:58:20+07,2026-08-18 17:18:53.941945+07,2026-08-18 17:00:06+07
13393294,Kia Carnival 2018 full option ឡានខ្លាញ់គោ 8មុឺនគីឡូសុីន ម្ចាស់ដើមទី1,22800.0,22800.0,0.0,0,0.0,0,133.0,0.0,0,Kia,Carnival,2018,used,Plate Number,Unknown,Unknown,Unknown,,,Phnom Penh,store,160574,ឡៃស្រ៊ុន 12,2026-04-09 15:35:43+07,2026-08-20 15:37:46.96398+07,2026-08-20 14:22:02+07
13396788,Toyota fortuner ឆ្នាំ​ 2016 ពណ៌​ ស​កាំម៉ៃ​,31500.0,31500.0,0.0,0,0.0,0,135.7,0.0,0,Toyota,Fortuner,2016,used,Plate Number,Unknown,Unknown,Unknown,,,Phnom Penh,store,85027,Mr PK KD,2026-04-10 17:30:26+07,2026-08-24 10:35:53.577764+07,2026-08-24 10:21:28+07
13400777,MPV 7SEATER LUXURY 7កៅអី,42900.0,42900.0,0.0,0,0.0,0,127.2,0.0,0,Unknown,Unknown,2026,new,Tax Paper,Unknown,Unknown,Unknown,,,Phnom Penh,individual,1282215,Chheng Leap Sale JMC Cambodia,2026-04-12 10:19:50+07,2026-08-17 15:51:00.767239+07,2026-08-17 14:55:46+07
13401813,570 Year 014 Full Arab សាណុំសុីន​ មូលសុីនមួយជុំ​ ម្ចាស់ដេីម​,58500.0,58500.0,0.0,0,0.0,0,130.6,0.0,0,Unknown,Unknown,2014,used,Plate Number,Unknown,Unknown,Unknown,,,Phnom Penh,store,193430,ហេង​ហេង99 ហេង​ 99 ឃ្លាំង​លក់ឡានហេងហេង99,2026-04-12 19:04:11+07,2026-08-21 09:53:18.608239+07,2026-08-21 09:29:03+07
13450430,ឃ្លាំងលក់រថយន្ត សេម អូតូ ខា💰មានបង់ រំលស់100% បង់120$-250$🚗KIA CARNIVAL  2016 V6  Full option,15800.0,15800.0,0.0,0,0.0,0,111.7,0.0,0,Kia,Carnival,2016,used,Plate Number,Unknown,Unknown,Unknown,,,Phnom Penh,store,433840,UY SEM ( សេម អូតូ ) មានទទួលទិញ- លក់រថយន្ត រំលស់100%,2026-04-27 22:33:42+07,2026-08-17 15:51:05.468956+07,2026-08-17 14:34:02+07
13461807,ORA 4wd⚡🐱,29800.0,29800.0,0.0,0,0.0,0,115.8,0.0,0,Unknown,Unknown,2024,used,Plate Number,Unknown,Unknown,Unknown,,,Phnom Penh,store,1033701,Wu Jv,2026-04-30 15:39:39+07,2026-08-24 10:36:03.654052+07,2026-08-24 09:59:03+07
13464654,មេឡានfull option 20500 camera 360,20500.0,20500.0,0.0,0,0.0,0,111.1,0.0,0,Unknown,Unknown,2018,used,Tax Paper,Unknown,Unknown,Unknown,,,Phnom Penh,store,751790,Bunnarath Eagle Man,2026-05-01 13:12:08+07,2026-08-20 15:37:51.431385+07,2026-08-20 14:00:18+07
13468485,Alphard 2013 ខ្មៅ Up 2017 Original,19500.0,19500.0,0.0,0,0.0,0,108.9,0.0,0,Toyota,Alphard,2013,used,Plate Number,Unknown,Unknown,Unknown,,,Kandal,individual,693505,Hor Chenda,2026-05-02 12:55:36+07,2026-08-19 09:48:23.681287+07,2026-08-19 09:09:54+07
13471667,មហាថ្មី ថ្នាំហ្ស៊ីនមួយជុំទាំងកាង Revo Premium 2017 ឆ្វេងហ្ស៊ីន,33500.0,33500.0,0.0,0,0.0,0,112.9,0.0,0,Toyota,Hilux,2017,used,Plate Number,Unknown,Unknown,Unknown,,,Phnom Penh,store,629076,ហ៊ា ហេង,2026-05-03 12:12:24+07,2026-08-24 10:35:59.607107+07,2026-08-24 10:18:02+07
13478631,Mitsubishi Triton 2016 full ម៉ាស៊ីន​ ម៉ាស៊ូត​ អូតូ​កាប់​ពីតាស់,25500.0,25500.0,0.0,0,0.0,0,111.0,0.0,0,Mitsubishi,Triton,2016,used,Plate Number,Unknown,Unknown,Unknown,,,Phnom Penh,store,704601,សុភា រុន,2026-05-05 10:48:20+07,2026-08-24 10:36:08.602083+07,2026-08-24 09:47:59+07
13502625,JAC EV,25999.0,25999.0,0.0,0,0.0,0,105.0,0.0,0,JAC,EV,2026,new,Tax Paper,Unknown,Unknown,Unknown,,,Phnom Penh,store,1070674,Manny Nhor,2026-05-11 11:06:00+07,2026-08-24 10:35:54.568358+07,2026-08-24 10:21:17+07
13509110,ប្រម៉ូសិន​ តែ​អតិថិជន​ 5នាក់​ប៉ុណ្ណោះ​! Kia Morning 2012 Option F-Sport ទំនើបខ្លាំង,8350.0,8350.0,0.0,0,0.0,0,97.0,0.0,0,Kia,Morning,2012,used,Tax Paper,Unknown,Unknown,Unknown,,,Phnom Penh,store,1291319,LUXE AUTO,2026-05-12 16:43:15+07,2026-08-17 15:50:58.889272+07,2026-08-17 15:03:03+07
13535782,"Kia Sonet X-Line តម្លៃ $2X,X00 ស្តុកមានកំណត់! 🚗✨",23999.0,23999.0,0.0,0,0.0,0,92.5,0.0,0,Kia,Sonet,2025,used,Plate Number,Unknown,Unknown,Unknown,,,Phnom Penh,individual,814549,CC CC,2026-05-18 21:20:55+07,2026-08-19 09:48:20.91516+07,2026-08-19 09:19:35+07
13543009,Mazda CX60 2024 BY PP 中文,38800.0,38800.0,0.0,0,0.0,0,90.9,0.0,0,Mazda,CX60 BY PP,2024,used,Plate Number,Unknown,Unknown,Unknown,,,Phnom Penh,store,151525,Heng Ravy 洲  ( 中文 English Khmer ខ្មែរ)speaking,2026-05-20 12:42:28+07,2026-08-19 09:48:03.343317+07,2026-08-19 09:45:17+07
13554257,ឡានលក់ Camry 07 XLE full option ពេញ ក្នុងលឿង មានកំដៅកៅអី ពណ៌ស,18300.0,18300.0,0.0,0,0.0,0,93.6,0.0,0,Toyota,Camry,2007,used,Plate Number,Unknown,Unknown,Unknown,,,Phnom Penh,store,207563,ផាន់ អាម៉ាដា,2026-05-22 20:24:55+07,2026-08-24 10:36:00.5945+07,2026-08-24 10:15:05+07
13560010,"Toyota Highlander V4 2,7 L",28800.0,28800.0,0.0,0,0.0,0,86.2,0.0,0,Toyota,Highlander,2011,used,Tax Paper,Unknown,Unknown,Unknown,,,Phnom Penh,store,799612,Chhinara,2026-05-24 12:44:42+07,2026-08-18 17:18:52.997731+07,2026-08-18 17:09:04+07
13583255,Lexus RX350 017 Fsport ប៉ុងមួយក្នុងឆេរី🍒 ថ្នាំសុីនមួយជុំ Autocheck 94 ✅,58500.0,58500.0,0.0,0,0.0,0,86.7,0.0,0,Lexus,RX350,2017,used,Plate Number,Unknown,Unknown,Unknown,,,Phnom Penh,store,781869,RITH AutoCar7777,2026-05-29 17:36:51+07,2026-08-24 10:35:52.586632+07,2026-08-24 10:24:13+07
13590927,Mazda BT 50 2021 Thunder 3.2L Full Option,31300.0,31300.0,0.0,0,0.0,0,77.7,0.0,0,Mazda,BT 50 Thunder,2021,used,Plate Number,Unknown,Unknown,Unknown,,,Phnom Penh,individual,1209532,Vong Dara,2026-05-31 22:06:06+07,2026-08-17 15:51:01.705183+07,2026-08-17 14:53:03+07
13601591,Rolls Royce Wraith 2015 - ម្ចាស់ផ្ទាល់,128000.0,128000.0,0.0,0,0.0,0,81.9,0.0,0,Rolls-Royce,Wraith - ម្ចាស់ផ្ទាល់,2015,used,Plate Number,Unknown,Unknown,Unknown,,,Phnom Penh,store,282714,3T 777 Auto,2026-06-03 12:11:18+07,2026-08-24 10:36:05.643804+07,2026-08-24 09:59:16+07
13603036,Mercedes Benz GLS 450 up Maybach VIP,89500.0,89500.0,0.0,0,0.0,0,76.0,0.0,0,Mercedes-Benz,GLS,2020,used,Plate Number,Unknown,Unknown,Unknown,,,Phnom Penh,store,314368,Hor,2026-06-03 16:56:33+07,2026-08-18 17:19:01.602264+07,2026-08-18 16:00:11+07
13607456,2014 Mercedes Benz CLA45 Recaro 🚘,23800.0,23800.0,0.0,0,0.0,0,74.0,0.0,0,Mercedes-Benz,CLA45,2014,used,Plate Number,Unknown,Unknown,Unknown,,,Phnom Penh,store,464726,CL69 Auto,2026-06-04 16:06:41+07,2026-08-17 15:51:02.666517+07,2026-08-17 14:45:05+07
13611261,2014 up 2021 Range Rover Vogue Full Option 🚘,23500.0,23500.0,0.0,0,0.0,0,76.8,0.0,0,Land Rover,Range Rover Vogue,2014,used,Plate Number,Unknown,Unknown,Unknown,,,Phnom Penh,store,464726,CL69 Auto,2026-06-05 14:45:08+07,2026-08-21 09:53:23.578583+07,2026-08-21 09:15:04+07
13625940,Lexus RX330 ប៉ុង2 ទឹកមាស,16900.0,16900.0,0.0,0,0.0,0,72.9,0.0,0,Lexus,RX330,2004,used,Plate Number,Unknown,Unknown,Unknown,,,Phnom Penh,individual,340235,Leang hak,2026-06-09 12:03:06+07,2026-08-21 09:53:18.61041+07,2026-08-21 09:28:16+07
13637565,ឡានលក់ Prius 2014,17700.0,17700.0,0.0,0,0.0,0,70.1,0.0,0,Toyota,Prius,2014,used,Plate Number,Unknown,Unknown,Unknown,,,Phnom Penh,individual,193645,HENG SPS,2026-06-12 06:36:38+07,2026-08-21 09:53:17.466636+07,2026-08-21 09:26:46+07
13639182,លក់បន្ទាន់,7500.0,7500.0,0.0,0,0.0,0,69.9,0.0,0,Unknown,Unknown,1999,used,Plate Number,Unknown,Unknown,Unknown,,,Phnom Penh,store,157160,Aum Vitou,2026-06-12 11:57:32+07,2026-08-21 09:53:17.469568+07,2026-08-21 09:26:02+07
13647031,ឡានលក់,18700.0,18700.0,0.0,0,0.0,0,65.2,0.0,0,Unknown,Unknown,2013,used,Plate Number,Unknown,Unknown,Unknown,,,Phnom Penh,store,387311,Long hay,2026-06-14 13:12:08+07,2026-08-18 17:19:07.203515+07,2026-08-18 15:34:04+07
13654633,កូនក្តាម 99រៀបរួច,1450.0,1450.0,0.0,0,0.0,0,63.3,0.0,0,Unknown,Unknown,1999,used,Plate Number,Unknown,Unknown,Unknown,,,Battambang,individual,1233342,Dy Von,2026-06-16 10:59:01+07,2026-08-18 17:19:03.459664+07,2026-08-18 15:47:22+07
13655251,Isuzu MU-X 2015 full option អូតូកាបពីតាស់,21900.0,21900.0,0.0,0,0.0,0,65.1,0.0,0,Isuzu,MU-X,2015,used,Plate Number,Unknown,Unknown,Unknown,,,Phnom Penh,store,629076,ហ៊ា ហេង,2026-06-16 13:16:01+07,2026-08-20 15:37:49.862244+07,2026-08-20 14:16:01+07
13662664,ឡានលក់ 22000$,22000.0,22000.0,0.0,0,0.0,0,67.0,0.0,0,Unknown,Unknown,2011,used,Plate Number,Unknown,Unknown,Unknown,,,Phnom Penh,store,601351,Kheng Koemhean,2026-06-18 09:47:57+07,2026-08-24 10:35:49.62161+07,2026-08-23 20:48:02+07
13665767,MCD_CLA250_2014  LUXURY_HALF _FULL ស្លាកលេខ,19500.0,19500.0,0.0,0,0.0,0,60.7,0.0,0,Unknown,Unknown,2014,used,Plate Number,Unknown,Unknown,Unknown,,,Phnom Penh,store,25911,Visot Tun,2026-06-19 00:21:46+07,2026-08-18 17:18:53.941945+07,2026-08-18 17:00:06+07
13666952,Ford F150 Raptor 2019 - ម្ចាស់ផ្ទាល់,48000.0,48000.0,0.0,0,0.0,0,66.0,0.0,0,Ford,Ranger Raptor,2019,used,Plate Number,Unknown,Unknown,Unknown,,,Phnom Penh,store,282714,3T 777 Auto,2026-06-19 10:24:48+07,2026-08-24 10:36:03.644366+07,2026-08-24 09:59:11+07
13680259,លក់01ប៉ិង2,9800.0,9800.0,0.0,0,0.0,0,62.8,0.0,0,Unknown,Unknown,2001,used,Plate Number,Unknown,Unknown,Unknown,,,Phnom Penh,individual,576349,ចាន់ណា លក់ឡាន,2026-06-22 16:33:40+07,2026-08-24 10:35:49.620601+07,2026-08-22 10:26:10+07
13701546,FORD RANGER RAPTOR 2022 ​ ម្ចាស់ដេីម​ទីមួយ​ ទឹកថ្នាំសុីនមួយជុំ​ ប្រេីបាន4មុឺនគីឡូជាង លេខ​ភ្នំពេញ​2BP,40400.0,40400.0,0.0,0,0.0,0,54.9,0.0,0,Ford,Ranger Raptor,2022,used,Plate Number,Unknown,Unknown,Unknown,,,Phnom Penh,store,332439,សុភាព,2026-06-27 13:10:55+07,2026-08-21 09:53:17.469822+07,2026-08-21 09:26:02+07
13706431,Mazda CX-8 full option បើកដំបូល កៅអី3ជួរ,32900.0,32900.0,0.0,0,0.0,0,53.5,0.0,0,Mazda,CX-8,2024,used,Plate Number,Unknown,Unknown,Unknown,,,Phnom Penh,store,648350,ឃ្លាំងលក់រថយន្ត 168 Auto,2026-06-28 22:21:30+07,2026-08-21 09:53:08.542881+07,2026-08-21 09:37:01+07
13717525,2013 Up2023 Lexus ES300H Full option,28888.0,28888.0,0.0,0,0.0,0,48.0,0.0,0,Lexus,ES300h,2013,used,Tax Paper,Unknown,Unknown,Unknown,,,Phnom Penh,store,7045,Hong Hong,2026-07-01 16:26:39+07,2026-08-18 17:18:58.598111+07,2026-08-18 16:26:02+07
13717926,✅➣ ម៉ូឌែល (Model) : NX200t 2015 ប៉ុង2 គុជ៣ ស៊ីន,28500.0,28500.0,0.0,0,0.0,0,50.6,0.0,0,Lexus,NX200t,2015,used,Plate Number,Unknown,Unknown,Unknown,,,Phnom Penh,store,424953,Lay Rethy,2026-07-01 18:46:05+07,2026-08-21 09:53:22.432195+07,2026-08-21 09:16:02+07
13722531,អត់ទាស់ចិត្តសាច់ដែកស្អាត់ កាលី,5700.0,5700.0,0.0,0,0.0,0,48.7,0.0,0,Unknown,Unknown,1997,used,Plate Number,Unknown,Unknown,Unknown,,,Takeo,individual,965250,បងពៅ តាកែវ,2026-07-02 23:37:50+07,2026-08-20 15:37:23.592688+07,2026-07-08 22:21:34+07
13722851,Alphard 2024 VIP 7កៅអីធំ ឡាននៅថ្មី,118000.0,118000.0,0.0,0,0.0,0,49.1,0.0,0,Toyota,Alphard,2024,new,Tax Paper,Unknown,Unknown,Unknown,,,Phnom Penh,store,436824,NTN99 AUTO SHOP,2026-07-03 06:56:52+07,2026-08-21 09:53:13.862677+07,2026-08-21 09:33:03+07
13722853,Hiace 2026 GL V6 Arab 13កៅអី ថ្មីខ្លាញ់គោ,84000.0,84000.0,0.0,0,0.0,0,49.1,0.0,0,Toyota,Hiace,2026,new,Tax Paper,Unknown,Unknown,Unknown,,,Phnom Penh,store,436824,NTN99 AUTO SHOP,2026-07-03 06:56:56+07,2026-08-21 09:53:12.548768+07,2026-08-21 09:33:03+07
13723761,LAND CRUSER PRADO  2008,19500.0,19500.0,0.0,0,0.0,0,46.3,0.0,0,Toyota,Land Cruiser Prado,2008,used,Plate Number,Unknown,Unknown,Unknown,,,Phnom Penh,store,1178491,Oeun Sok Keng,2026-07-03 10:26:33+07,2026-08-18 17:19:07.203515+07,2026-08-18 15:34:04+07
13752421,ប្រម៉ូសិន​តែ​អតិថិជន​ 2នាក់​ប៉ុណ្ណោះ​! Kia Ray 2023 ទំនើប​ ធំ​ទូលាយ​,17800.0,17800.0,0.0,0,0.0,0,44.9,0.0,0,Kia,Ray,2023,new,Tax Paper,Unknown,Unknown,Unknown,,,Phnom Penh,store,1291319,LUXE AUTO,2026-07-10 12:56:53+07,2026-08-24 10:35:50.609126+07,2026-07-10 12:56:53+07
13769181,ឡានលក់ម្ចាស់ដើម ឡានលក់ Luxus 450H ឆ្នាំ 013,28300.0,28300.0,0.0,0,0.0,0,35.7,0.0,0,Unknown,Unknown,2013,used,Plate Number,Unknown,Unknown,Unknown,,,Phnom Penh,individual,52087,Sovannara young,2026-07-14 16:15:17+07,2026-08-19 09:48:23.681977+07,2026-08-19 09:09:28+07
13771156,"🚗Rx 330 best option 04 pong2 ឡានថ្មីអត់ច្រេះ100% ទឹកថ្នាំស្រីន ផ្លាកលេខ AV #### 💵 តំលៃ 17300$ចចារ",17300.0,17300.0,0.0,0,0.0,0,40.0,0.0,0,Lexus,Rx 330,2004,used,Plate Number,Unknown,Unknown,Unknown,,,Phnom Penh,store,776974,Mr Car PR,2026-07-15 10:18:35+07,2026-08-24 10:35:59.607107+07,2026-08-24 10:18:02+07
13771838,Mercedes Benz Maybach GLS450 up GLS600 V6,150000.0,150000.0,0.0,0,0.0,0,33.1,0.0,0,Mercedes-Benz,GLS600,2023,used,Plate Number,Unknown,Unknown,Unknown,,,Phnom Penh,store,1072003,Phea Phea,2026-07-15 12:30:12+07,2026-08-17 15:50:52.999636+07,2026-08-17 15:39:18+07
13773397,2012 BMW X6M,30000.0,30000.0,0.0,0,0.0,0,34.0,0.0,0,BMW,X6M,2012,used,Plate Number,Unknown,Unknown,Unknown,,,Phnom Penh,store,472496,Mr. Lee Kim 092515688,2026-07-15 18:01:32+07,2026-08-18 17:18:56.72048+07,2026-08-18 16:43:56+07
13774382,Ssangyong istana ឆ្នាំ2002 ពណ៌ ស ហ្សិនឡានថ្មី $12000ចចា,12000.0,12000.0,0.0,0,0.0,0,33.4,0.0,0,Unknown,Unknown,2002,used,Plate Number,Unknown,Unknown,Unknown,,,Phnom Penh,individual,1286090,សុខហេង ទាង,2026-07-16 07:36:09+07,2026-08-18 17:18:52.997731+07,2026-08-18 17:07:36+07
13775384,Kia Ray 2012 full option smart key ស្មាធឃី ឡានស្អាត,8800.0,8800.0,0.0,0,0.0,0,36.0,0.0,0,Kia,Ray,2012,used,Tax Paper,Unknown,Unknown,Unknown,,,Phnom Penh,store,94595,Hour Longpheng,2026-07-16 11:03:02+07,2026-08-21 09:53:17.465156+07,2026-08-21 09:27:02+07
13779592,ថ្មីៗ03 limited full p2 ឡានថ្មី,13900.0,13900.0,0.0,0,0.0,0,37.9,0.0,0,Unknown,Unknown,2003,used,Plate Number,Unknown,Unknown,Unknown,,,Phnom Penh,individual,651075,លក់ឡានស្អាតៗ តម្លៃសមរម្យ,2026-07-17 12:45:00+07,2026-08-24 10:36:06.629616+07,2026-08-24 09:52:26+07
13779598,Ford Ranger Raptor ឆ្នាំ 2019   ម៉ាស៊ូត ឆ្វេងក្រុមហ៊ុន  ឡានមូល អត់បុក អត់ប៉ះ,36800.0,36800.0,0.0,0,0.0,0,37.9,0.0,0,Ford,Ranger Raptor,2019,used,Plate Number,Unknown,Unknown,Unknown,,,Phnom Penh,individual,499939,Panh NHA,2026-07-17 12:47:16+07,2026-08-24 10:36:07.608563+07,2026-08-24 09:49:26+07
13782196,Ford ranger 2021 XLT ឡានស្អាតទឹកថ្នាំស្រុីន1ជុំ ម្ចាសដើម,29500.0,29500.0,0.0,0,0.0,0,31.3,0.0,0,Ford,Ranger,2021,used,Plate Number,Unknown,Unknown,Unknown,,,Phnom Penh,individual,156623,Auto Autocar197,2026-07-18 09:30:05+07,2026-08-18 17:18:58.598111+07,2026-08-18 16:23:24+07
13783901,RX330ប៉ុង1 Base option,16500.0,16500.0,0.0,0,0.0,0,36.8,0.0,0,Lexus,RX330,2004,used,Plate Number,Unknown,Unknown,Unknown,,,Phnom Penh,store,138705,ព្រះនាង ស្រីសួគ៌,2026-07-18 15:22:22+07,2026-08-24 10:36:06.631091+07,2026-08-24 09:51:03+07
13796269,2023 Ford Everest Titanium ខ្មៅ ឡានស្អាត ម្ចាស់ផ្ទាល់ 💯,56500.0,56500.0,0.0,0,0.0,0,33.5,0.0,0,Ford,Everest Titanium,2023,used,Plate Number,Unknown,Unknown,Unknown,,,Phnom Penh,store,784933,Bun Park,2026-07-21 22:17:21+07,2026-08-24 10:36:00.591293+07,2026-08-24 10:17:03+07
13797113,Lexus Rx400h 2006 P2 Half Full ពណ៌​ទឹកប្រាក់​ ម៉ាញែតMC​,15800.0,15800.0,0.0,0,0.0,0,29.3,0.0,0,Lexus,Rx400h P2 Half,2006,used,Plate Number,Unknown,Unknown,Unknown,,,Phnom Penh,store,193430,ហេង​ហេង99 ហេង​ 99 ឃ្លាំង​លក់ឡានហេងហេង99,2026-07-22 09:20:24+07,2026-08-20 15:37:39.448529+07,2026-08-20 14:55:04+07
13813055,Tacoma ឆ្នាំ07 ABS វ៉ូលីមចង្កូត ដុយដាំបាយ បាសJBL ទ្រុងវែង,16500.0,16500.0,0.0,0,0.0,0,25.0,0.0,0,Toyota,Tacoma,2007,used,Plate Number,Unknown,Unknown,Unknown,,,Phnom Penh,store,199223,តាហេងកូនភ្លោះ ទួលសង្កែ,2026-07-26 14:49:41+07,2026-08-20 15:37:44.216441+07,2026-08-20 14:25:26+07
13819586,Xiaomi Yu7 Max,59000.0,59000.0,0.0,0,0.0,0,21.3,0.0,0,Unknown,Unknown,2025,used,Tax Paper,Unknown,Unknown,Unknown,,,Phnom Penh,store,859638,Lisa Tang,2026-07-28 09:35:43+07,2026-08-18 17:18:58.596107+07,2026-08-18 16:30:08+07
13824026,TACOMA06 ស្រីខ្មៅទ្រុងវែង ស្អាតខ្លាំងម្ចាស់ដើម,16500.0,16500.0,0.0,0,0.0,0,20.2,0.0,0,Unknown,Unknown,2006,used,Plate Number,Unknown,Unknown,Unknown,,,Phnom Penh,store,613568,Virak som,2026-07-29 11:45:48+07,2026-08-18 17:19:01.598598+07,2026-08-18 16:06:02+07
13827111,ឡានលក់បន្ទាន់,1900.0,1900.0,0.0,0,0.0,0,21.3,0.0,0,Unknown,Unknown,2001,used,Plate Number,Unknown,Unknown,Unknown,,,Phnom Penh,store,474191,P T,2026-07-30 08:51:30+07,2026-08-20 15:37:44.212017+07,2026-08-20 14:27:39+07
13827768,Owner... sale 19990$ /negotiate 0979678999 /012203402,19990.0,19990.0,0.0,0,0.0,0,18.2,0.0,0,Unknown,Unknown,2019,used,Plate Number,Unknown,Unknown,Unknown,,,Kandal,individual,47671,សរ មុនីកោសល្យ,2026-07-30 10:22:55+07,2026-08-17 15:51:00.728858+07,2026-08-17 14:59:26+07
13829085,Mazda6 2020 Full option លក់ប្រញ៉ាប់ នាងខ្ញុំម្ចាស់ផ្ទាល់ ខ្លាញ់គោទិញពីក្រុមហ៊ុន,24900.0,24900.0,0.0,0,0.0,0,21.8,0.0,0,Mazda,Mazda6,2020,used,Tax Paper,Unknown,Unknown,Unknown,,,Phnom Penh,individual,124549,vouchleng,2026-07-30 14:12:05+07,2026-08-21 09:53:15.002394+07,2026-08-21 09:42:05+07
13832439,Toyota Tundra Full 2008 ប៉ុង2 Limited Full ឡើងមុខ 2021 ជាប្រភេទឡានថ្មី សាច់ដែកខ្ជី ម៉ាស៊ីន,19500.0,19500.0,0.0,0,0.0,0,20.9,0.0,0,Toyota,Tundra,2008,used,Plate Number,Unknown,Unknown,Unknown,,,Phnom Penh,store,395170,Rachna Sagi,2026-07-31 11:18:34+07,2026-08-21 09:53:12.550479+07,2026-08-21 09:32:03+07
13833973,Rang Rover vouge 2014 HSE,40000.0,40000.0,0.0,0,0.0,0,23.7,0.0,0,Land Rover,Rang Rover,2014,used,Tax Paper,Unknown,Unknown,Unknown,,,Phnom Penh,store,376549,Sara Vuth79,2026-07-31 17:03:10+07,2026-08-24 10:36:03.644366+07,2026-08-24 09:59:03+07
13838109,LEXUS KURO 2021 Black Edition,122000.0,122000.0,0.0,0,0.0,0,15.3,0.0,0,Lexus,KURO Black Edition,2021,used,Plate Number,Unknown,Unknown,Unknown,,,Phnom Penh,individual,425538,CS 999,2026-08-02 08:57:48+07,2026-08-17 15:51:03.595391+07,2026-08-17 14:41:24+07
13838148,TOYOTA ALPHARD 2013 TOP OPTION,24500.0,24500.0,0.0,0,0.0,0,19.0,0.0,0,Toyota,Alphard,2013,used,Tax Paper,Unknown,Unknown,Unknown,,,Phnom Penh,store,1181728,Mr ALPHARD 598,2026-08-02 09:05:32+07,2026-08-21 09:53:27.392748+07,2026-08-21 09:09:02+07
13838159,TOYOTA ALPHARD 2012 HYBRID TOP OPTION,25800.0,25800.0,0.0,0,0.0,0,19.0,0.0,0,Toyota,Alphard,2012,used,Tax Paper,Unknown,Unknown,Unknown,,,Phnom Penh,store,1181728,Mr ALPHARD 598,2026-08-02 09:06:50+07,2026-08-21 09:53:27.392868+07,2026-08-21 09:09:02+07
13838318,ឡានលក់  ០៦ប៉ុង២ហ្វូល,20500.0,20500.0,0.0,0,0.0,0,18.2,0.0,0,Unknown,Unknown,2006,used,Plate Number,Unknown,Unknown,Unknown,,,Phnom Penh,store,474191,P T,2026-08-02 09:40:30+07,2026-08-20 15:37:44.214139+07,2026-08-20 14:27:16+07
13839398,GAC Emkoo 2025,24000.0,24000.0,0.0,0,0.0,0,18.1,0.0,0,GAC,Emkoo,2025,new,Tax Paper,Unknown,Unknown,Unknown,,,Phnom Penh,store,1224932,ChaoFan Auto,2026-08-02 13:43:07+07,2026-08-20 15:37:32.54265+07,2026-08-20 15:01:51+07
13842320,TOYOTA ALPHARD 2012 G-OPTION VVIP,25200.0,25200.0,0.0,0,0.0,0,18.0,0.0,0,Toyota,Alphard,2012,used,Tax Paper,Unknown,Unknown,Unknown,,,Phnom Penh,store,16134,ALPHARD កម្ពុជា ៦០១,2026-08-03 10:56:15+07,2026-08-21 09:53:27.391936+07,2026-08-21 09:09:02+07
13847610,ឡានសំរាប់លក់,20500.0,20500.0,0.0,0,0.0,0,13.1,0.0,0,Unknown,Unknown,2013,used,Tax Paper,Unknown,Unknown,Unknown,,,Phnom Penh,store,1271459,ឆាយ ឈៀងលី,2026-08-04 14:14:54+07,2026-08-17 15:50:55.875272+07,2026-08-17 15:17:37+07
13850968,ឡានស្អាតៗឆ្នាំ 2001,9700.0,9700.0,0.0,0,0.0,0,13.2,0.0,0,Unknown,Unknown,2001,used,Plate Number,Unknown,Unknown,Unknown,,,Phnom Penh,store,492664,សុខកឿន ទិញលក់រថយន្ត,2026-08-05 12:18:39+07,2026-08-18 17:19:00.456129+07,2026-08-18 16:15:06+07
13856952,Toyota Raize 2026,22300.0,22300.0,0.0,0,0.0,0,13.8,0.0,0,Toyota,Raize,2026,new,Tax Paper,Unknown,Unknown,Unknown,,,Phnom Penh,store,1251582,Toyota Super Car,2026-08-06 19:25:44+07,2026-08-20 15:37:41.024288+07,2026-08-20 14:32:02+07
13858925,Prius 2012 option3ប្រផេះ មូល100% ម្ចាស់ដើមទី1,17900.0,17900.0,0.0,0,0.0,0,17.0,0.0,0,Toyota,Prius,2012,used,Plate Number,Unknown,Unknown,Unknown,,,Phnom Penh,store,132399,Bi car shop,2026-08-07 11:10:56+07,2026-08-24 10:35:52.583513+07,2026-08-24 10:25:06+07
13862679,ឯកសាគ្រប់សាច់ដែកម៉ាសុីនសំនុំ,5750.0,5750.0,0.0,0,0.0,0,12.2,0.0,0,Unknown,Unknown,1997,used,Plate Number,Unknown,Unknown,Unknown,,,Banteay Meanchey,individual,168956,Bun chhuon,2026-08-08 10:38:18+07,2026-08-20 15:37:23.591839+07,2026-08-20 08:51:57+07
13863234,Toyota Alphard 2018 ម៉ាសុីនធំ V6 ឆ្វេងហ្សីន Spec Russia ទិញពីម្ចាស់ដេីមជនជាតិខ្មែរយេីង,65000.0,65000.0,0.0,0,0.0,0,10.9,0.0,0,Toyota,Alphard,2018,used,Plate Number,Unknown,Unknown,Unknown,,,Phnom Penh,individual,412174,Pha Tat,2026-08-08 12:31:08+07,2026-08-19 09:48:03.344684+07,2026-08-19 09:44:48+07
13866004,Car for sale រថយន្តលក់,7700.0,7700.0,0.0,0,0.0,0,12.0,0.0,0,Unknown,Unknown,2005,used,Plate Number,Unknown,Unknown,Unknown,,,Kandal,individual,328587,Serey Mut,2026-08-09 10:44:09+07,2026-08-21 09:53:22.427153+07,2026-08-21 09:17:12+07
13866397,FORD_F150_RAPTOR_2018_Full_Option,45500.0,45500.0,0.0,0,0.0,0,14.9,0.0,0,Ford,Ranger Raptor,2018,used,Plate Number,Unknown,Unknown,Unknown,,,Phnom Penh,store,477705,p-69466646,2026-08-09 12:48:17+07,2026-08-24 10:36:06.625889+07,2026-08-24 09:52:29+07
13875059,2024 GAC GN8 Master Full Option ម្ចាស់ដើម,32500.0,32500.0,0.0,0,0.0,0,7.0,0.0,0,GAC,GN8,2024,used,Plate Number,Unknown,Unknown,Unknown,,,Phnom Penh,store,351434,HL Auto 888,2026-08-11 16:32:10+07,2026-08-18 17:18:57.647844+07,2026-08-18 16:32:03+07
13875987,Tacoma 2016 V6 ប៉ុង1 ឡានពិន្ទុកប់,27900.0,27900.0,0.0,0,0.0,0,6.8,0.0,0,Toyota,Tacoma,2016,used,Tax Paper,Unknown,Unknown,Unknown,,,Phnom Penh,individual,470903,Kheang,2026-08-11 22:17:52+07,2026-08-18 17:18:57.647844+07,2026-08-18 16:34:56+07
13876701,Corolla 03 le លក់,7300.0,7300.0,0.0,0,0.0,0,6.4,0.0,0,Toyota,Corolla,2003,used,Plate Number,Unknown,Unknown,Unknown,,,Phnom Penh,store,790951,Neang Yuthdara,2026-08-12 08:40:31+07,2026-08-18 17:19:00.456129+07,2026-08-18 16:15:57+07
13878942,Porsche Panamera,68888.0,68888.0,0.0,0,0.0,0,8.7,0.0,0,Porsche,Panamera,2017,used,Plate Number,Unknown,Unknown,Unknown,,,Phnom Penh,store,1302331,DM Auto,2026-08-12 15:59:14+07,2026-08-21 09:53:12.553037+07,2026-08-21 09:31:30+07
13878972,Lexus Rx450h Luxury 2017 Full-Option,64500.0,64500.0,0.0,0,0.0,0,6.1,0.0,0,Lexus,RX450h,2017,used,Tax Paper,Unknown,Unknown,Unknown,,,Phnom Penh,store,798650,Pha AutoCars,2026-08-12 16:06:26+07,2026-08-18 17:19:01.598598+07,2026-08-18 16:06:02+07
13879191,Rx450h f sport 2017,56500.0,56500.0,0.0,0,0.0,0,6.7,0.0,0,Lexus,RX450h,2017,used,Plate Number,Unknown,Unknown,Unknown,,,Phnom Penh,individual,213747,Narin rin,2026-08-12 17:06:33+07,2026-08-19 09:48:12.66697+07,2026-08-19 09:28:58+07
13882172,MG GT 2025 99% 6ពាន់km,22800.0,22800.0,0.0,0,0.0,0,10.9,0.0,0,MG,MG GT,2025,used,Plate Number,Unknown,Unknown,Unknown,,,Siem Reap,store,298332,kheang Kheang,2026-08-13 13:24:11+07,2026-08-24 10:36:08.596235+07,2026-08-24 09:48:49+07
13882677,Prius 2005 full,8500.0,8500.0,0.0,0,0.0,0,5.8,0.0,0,Toyota,Prius,2005,used,Plate Number,Unknown,Unknown,Unknown,,,Phnom Penh,individual,293440,ry vathana,2026-08-13 15:14:25+07,2026-08-19 09:48:12.664041+07,2026-08-19 09:29:54+07
13883310,ឡានលក់ស្អាតអត់បុកអត់ប៉ះបើកក្របូលទូរទឹកកកម៉ាសុីន6,30000.0,30500.0,500.0,1,0.0,0,10.7,0.0,0,Unknown,Unknown,2010,used,Plate Number,Unknown,Unknown,Unknown,,,Kampong Speu,store,235186,Som Arng,2026-08-13 18:14:27+07,2026-08-24 10:35:55.580054+07,2026-08-24 10:28:01+07
13883851,Lexus CT200h 2015 F Sport full optionមានsensor,23500.0,23500.0,0.0,0,0.0,0,7.5,0.0,0,Lexus,CT200h,2015,used,Tax Paper,Unknown,Unknown,Unknown,,,Phnom Penh,store,911954,DAP AUTO,2026-08-13 23:01:43+07,2026-08-21 09:53:11.213173+07,2026-08-21 09:40:05+07
13885723,Kia Ray 014 Full option លក់ប្រញាប់,8300.0,8300.0,0.0,0,0.0,0,9.9,0.0,0,Kia,Ray,2014,used,Plate Number,Unknown,Unknown,Unknown,,,Phnom Penh,individual,784076,Visal,2026-08-14 12:52:11+07,2026-08-24 10:36:04.652488+07,2026-08-24 09:57:27+07
13886941,ឡាន​ជិះ​ផ្ទាល់​ខ្លួន​សម្រាប់​លក់ 2007 Full Options (MAP). តម្លេីង Android,12000.0,12000.0,0.0,0,0.0,0,4.0,0.0,0,Unknown,Unknown,2007,used,Plate Number,Unknown,Unknown,Unknown,,,Siem Reap,individual,713578,Sophal Pol,2026-08-14 16:35:49+07,2026-08-18 17:19:02.521185+07,2026-08-18 15:56:43+07
13890789,RX330 05 P1 Foll លក់ប្រញាប់លុយ,18900.0,18900.0,0.0,0,0.0,0,5.6,0.0,0,Lexus,RX330,2005,used,Plate Number,Unknown,Unknown,Unknown,,,Phnom Penh,store,370450,SAMAK NGOEM,2026-08-15 20:16:50+07,2026-08-21 09:53:13.858844+07,2026-08-21 09:34:03+07
13890829,Lexus 330-2005-HFULL ប៉ុង1ក្នុងលឿង ពន្ទុក70🥇រុំលោះ💯%,19500.0,19500.0,0.0,0,0.0,0,4.8,0.0,0,Lexus,330-2005-HFULL ប៉ុង1ក្នុងលឿង ពន្ទុក70🥇រុំលោះ💯%,2005,used,Plate Number,Unknown,Unknown,Unknown,,,Phnom Penh,individual,338654,Bo Ra,2026-08-15 20:35:25+07,2026-08-20 15:37:51.428024+07,2026-08-20 14:01:13+07
13894314,Alphard 2019 executive lounge ដំបូលផ្កាយ,38500.0,38500.0,0.0,0,0.0,0,0.7,0.0,0,Toyota,Alphard,2019,used,Plate Number,Unknown,Unknown,Unknown,,,Phnom Penh,store,708400,Mr. Day,2026-08-16 21:51:31+07,2026-08-17 15:51:08.281535+07,2026-08-17 14:24:32+07
13897206,ZNA Z9 GT,37500.0,37500.0,0.0,0,0.0,0,0.0,0.0,0,Unknown,Unknown,2026,new,Tax Paper,Unknown,Unknown,Unknown,,,Phnom Penh,individual,1315368,Lay Auto,2026-08-17 15:08:40+07,2026-08-17 15:50:57.845072+07,2026-08-17 15:08:40+07
13897333,ឡានលក់15500$ចរចារ,15500.0,15500.0,0.0,0,0.0,0,0.0,0.0,0,Unknown,Unknown,2004,used,Plate Number,Unknown,Unknown,Unknown,,,Phnom Penh,individual,1312053,Kevin Kevin,2026-08-17 15:37:39+07,2026-08-17 15:50:53.026167+07,2026-08-17 15:37:39+07
13897786,Mazda EZ-60 2025 ឡានស្លាកលេខប្រេីបាន5000គីឡូឡានស្អាត​ ម្ចាស់​ដើម​ទីមួយ,31800.0,31800.0,0.0,0,0.0,0,6.7,0.0,0,Mazda,EZ-60 ឡានស្លាកលេខប្រេីបាន5000គីឡូឡានស្អាត ម្ចាស់ដើមទីមួយ,2025,used,Plate Number,Unknown,Unknown,Unknown,,,Phnom Penh,store,1072003,Phea Phea,2026-08-17 17:27:53+07,2026-08-24 10:36:00.593303+07,2026-08-24 10:15:42+07
13898308,Starex 2012 CVX,12300.0,12300.0,0.0,0,0.0,0,0.8,0.0,0,Hyundai,Grand Starex,2012,used,Plate Number,Unknown,Unknown,Unknown,,,Phnom Penh,store,386367,Sunleng Try,2026-08-17 21:13:21+07,2026-08-18 17:18:56.72048+07,2026-08-18 16:47:12+07
13898523,Tacoma ឆ្នាំ2001 V6 ប៉ុង2 កាប់ពីតាស់ 2បាំង,9500.0,9500.0,0.0,0,0.0,0,6.5,0.0,0,Toyota,Tacoma,2001,used,Plate Number,Unknown,Unknown,Unknown,,,Phnom Penh,store,199223,តាហេងកូនភ្លោះ ទួលសង្កែ,2026-08-17 22:39:37+07,2026-08-24 10:35:51.605508+07,2026-08-24 09:16:32+07
13898571,DENZA D9-DMI 2025 LIDAR (AWD),58800.0,58800.0,0.0,0,0.0,0,3.4,0.0,0,Denza,D9,2025,used,Plate Number,Unknown,Unknown,Unknown,,,Phnom Penh,store,341306,KS EV AUTO,2026-08-17 23:06:24+07,2026-08-21 09:53:22.429465+07,2026-08-21 09:16:29+07
13900527,Lexus RX300,10350.0,10350.0,0.0,0,0.0,0,2.1,0.0,0,Lexus,RX300,2002,used,Plate Number,Unknown,Unknown,Unknown,,,Phnom Penh,individual,1294570,hour ly,2026-08-18 12:36:45+07,2026-08-20 15:37:46.966422+07,2026-08-20 14:18:26+07
13901365,លក់ រឺដូរឡានផ្សេង,5800.0,5800.0,0.0,0,0.0,0,0.1,0.0,0,Unknown,Unknown,2007,used,Plate Number,Unknown,Unknown,Unknown,,,Phnom Penh,individual,1321669,Pin July,2026-08-18 15:37:16+07,2026-08-18 17:19:06.251486+07,2026-08-18 15:37:16+07
13901406,Dongfeng L7 PHEV,21500.0,21500.0,0.0,0,0.0,0,0.1,0.0,0,Dongfeng,L7 PHEV,2025,new,Plate Number,Unknown,Unknown,Unknown,,,Phnom Penh,individual,1319678,Le May,2026-08-18 15:43:25+07,2026-08-18 17:19:04.372424+07,2026-08-18 15:43:25+07
13901428,ឡានលក់,5800.0,5800.0,0.0,0,0.0,0,0.1,0.0,0,Unknown,Unknown,2008,used,Plate Number,Unknown,Unknown,Unknown,,,Phnom Penh,individual,1038008,ហេង,2026-08-18 15:47:07+07,2026-08-18 17:19:03.459664+07,2026-08-18 15:47:07+07
13901513,Tesla Model 3 Dual Motor Long Range Performance 4 មុឺនម៉ាយ 2018 ថ្នាំសុីនមួយជុំ ជើងក្រោមអេម ថ្មនៅល្អ,19900.0,19900.0,0.0,0,0.0,0,0.1,0.0,0,Tesla,Model 3,2018,used,Plate Number,Unknown,Unknown,Unknown,,,Phnom Penh,store,1092710,Chayaphu,2026-08-18 16:02:18+07,2026-08-18 17:19:01.600602+07,2026-08-18 16:02:18+07
13903416,លក់ឡានaphad 2013 v4 full តំលៃ18500$,18500.0,18500.0,0.0,0,0.0,0,0.0,0.0,0,Unknown,Unknown,2013,used,Plate Number,Unknown,Unknown,Unknown,,,Phnom Penh,individual,1295359,Ratana Vat,2026-08-19 09:28:29+07,2026-08-19 09:48:12.668952+07,2026-08-19 09:28:29+07
13904095,NISSAN FRONTIER 2005 V6 P2,10800.0,10800.0,0.0,0,0.0,0,5.0,0.0,0,Nissan,FRONTIER V6 P2,2005,used,Plate Number,Unknown,Unknown,Unknown,,,Phnom Penh,store,789501,Kung Mengkorng,2026-08-19 11:28:53+07,2026-08-24 10:36:04.652488+07,2026-08-24 09:56:51+07
13904188,ចង់លក់ឡានជិះផ្ទាល់ខ្លួន Starex 2024 តំលៃពិសេស,28999.0,28999.0,0.0,0,0.0,0,4.9,0.0,0,Hyundai,Starex,2024,used,Plate Number,Unknown,Unknown,Unknown,,,Phnom Penh,individual,1162881,LENG 168,2026-08-19 11:49:23+07,2026-08-24 10:35:50.606484+07,2026-08-23 13:31:51+07
13908273,HLD 01 4ម៉ាសុីន ប៉ុង1,14999.0,14999.0,0.0,0,0.0,0,0.8,0.0,0,Unknown,Unknown,2001,used,Plate Number,Unknown,Unknown,Unknown,,,Phnom Penh,individual,982509,So Pheak,2026-08-20 13:53:02+07,2026-08-21 09:53:08.544928+07,2026-08-21 09:36:06+07
13908312,LEXUS RX330ឆ្នាំ2005hfull,15700.0,15700.0,0.0,0,0.0,0,0.1,0.0,0,Lexus,RX330,2005,used,Plate Number,Unknown,Unknown,Unknown,,,Phnom Penh,store,391055,Bun Theang,2026-08-20 14:01:27+07,2026-08-20 15:37:51.426216+07,2026-08-20 14:01:27+07
13910628,Highlander 2002 V6 ប៉ុង1,12800.0,12800.0,0.0,0,0.0,0,0.0,0.0,0,Toyota,Highlander,2002,used,Plate Number,Unknown,Unknown,Unknown,,,Phnom Penh,store,432672,Phary Sakna,2026-08-21 09:29:11+07,2026-08-21 09:53:18.606973+07,2026-08-21 09:29:11+07
13910647,"AEOLUS L7 PHEV $  21, xxx",21500.0,21500.0,0.0,0,0.0,0,0.0,0.0,0,Li Auto,L7,2025,new,Tax Paper,Unknown,Unknown,Unknown,,,Phnom Penh,individual,1282229,Sa Ri,2026-08-21 09:32:17+07,2026-08-21 09:53:12.549678+07,2026-08-21 09:32:17+07
13910668,លក់ PRIUS 08full រៀបចំរួច ធានាឡានថ្មី ប្រភេទឡានមូល អូតូឆេក38 មិនបុកមិនប៉ះ អាគុយABS ល្អ,10300.0,10300.0,0.0,0,0.0,0,0.0,0.0,0,Toyota,Prius,2008,used,Plate Number,Unknown,Unknown,Unknown,,,Phnom Penh,store,606820,Heng Heng,2026-08-21 09:37:19+07,2026-08-21 09:53:08.542428+07,2026-08-21 09:37:19+07
13910728,មហាថ្មី Alphard 2019 full option ឡានប្រើផ្ទាល់ខ្លួន ធានាបងបងទិញប្រើមិនស្តាយលុយ❤️,42000.0,42000.0,0.0,0,0.0,0,0.0,0.0,0,Toyota,Alphard,2019,used,Plate Number,Unknown,Unknown,Unknown,,,Phnom Penh,store,220959,Tong Tong Sale Car,2026-08-21 09:49:07+07,2026-08-21 09:53:09.875985+07,2026-08-21 09:49:07+07
13918757,ប្រូម៉ូសិន​ 5នាក់​ប៉ុណ្ណោះ​ Kia Ray 2012,8000.0,8000.0,0.0,0,0.0,0,0.9,0.0,0,Kia,Ray,2012,used,Tax Paper,Unknown,Unknown,Unknown,,,Phnom Penh,store,284758,Vet UtDom,2026-08-23 13:45:18+07,2026-08-24 10:36:01.618785+07,2026-08-23 13:45:18+07
13920121,CT200h 2012 Premium Audio ផ្លាកលេខម្ចាស់ដើម,15800.0,15800.0,0.0,0,0.0,0,0.6,0.0,0,Lexus,CT200h,2012,used,Plate Number,Unknown,Unknown,Unknown,,,Phnom Penh,individual,412728,KM KARININ,2026-08-23 21:10:33+07,2026-08-24 10:36:08.602083+07,2026-08-24 09:48:03+07
13921313,Nissan X-trail 2019,20000.0,20000.0,0.0,0,0.0,0,0.0,0.0,0,Nissan,X-Trail,2019,used,Plate Number,Unknown,Unknown,Unknown,,,Phnom Penh,individual,552692,thea,2026-08-24 09:57:08+07,2026-08-24 10:36:04.652488+07,2026-08-24 09:57:08+07
13226342,IM6 AWD,49900.0,49900.0,0.0,0,0.0,0,175.0,0.0,0,Unknown,Unknown,2025,new,Tax Paper,Unknown,Unknown,Unknown,,,Phnom Penh,store,783260,Raksa Seab,2026-02-26 16:14:06+07,2026-08-20 15:37:33.861002+07,2026-08-20 15:00:08+07
13266968,ឡានលក់,18800.0,18800.0,0.0,0,0.0,0,162.3,0.0,0,Unknown,Unknown,2014,used,Tax Paper,Unknown,Unknown,Unknown,,,Phnom Penh,store,51843,គីម,2026-03-09 11:15:34+07,2026-08-18 17:18:59.542637+07,2026-08-18 16:18:02+07
13283991,មានលុយ 7500$ រំលស់ HS250h full premium ក្រដាស់ពន្ធរំលស់ជាមួយឃ្លាំង,23500.0,23500.0,0.0,0,0.0,0,160.9,0.0,0,Lexus,HS250h,2010,used,Tax Paper,Unknown,Unknown,Unknown,,,Phnom Penh,store,1009401,Net168 Auto,2026-03-13 12:55:36+07,2026-08-21 09:53:11.213654+07,2026-08-21 09:40:05+07
13299413,Toyota BZ5 630Pro&Pro Smart,29999.0,29999.0,0.0,0,0.0,0,156.2,0.0,0,Toyota,BZ5 630Pro&Pro Smart,2025,new,Tax Paper,Unknown,Unknown,Unknown,,,Phnom Penh,store,859638,Lisa Tang,2026-03-17 10:33:12+07,2026-08-20 15:37:51.428822+07,2026-08-20 14:00:18+07
13309370,រយន្តលក់,7800.0,7800.0,0.0,0,0.0,0,158.0,0.0,0,Unknown,Unknown,2006,used,Plate Number,Unknown,Unknown,Unknown,,,Phnom Penh,individual,1070085,Thea Ro,2026-03-19 11:28:47+07,2026-08-24 10:36:00.591293+07,2026-08-24 10:16:00+07
13323169,Mercedes GLC300 AMG,29000.0,29000.0,0.0,0,0.0,0,148.9,0.0,0,Mercedes-Benz,GLC300,2016,used,Plate Number,Unknown,Unknown,Unknown,,,Phnom Penh,store,85153,Lim seav pheng,2026-03-22 19:29:01+07,2026-08-18 17:18:59.537238+07,2026-08-18 16:21:03+07
13336191,Jeep Wrangler 2020 VIP Sport full កប់​,49000.0,49000.0,0.0,0,0.0,0,151.5,0.0,0,Jeep,Wrangler,2020,used,Plate Number,Unknown,Unknown,Unknown,,,Phnom Penh,store,85027,Mr PK KD,2026-03-25 23:43:05+07,2026-08-24 10:35:53.577764+07,2026-08-24 10:21:27+07
13356069,Land Cruiser GR-Sport 2025 Gasoline V6/3.5Lឡានស្អាតគីឡូតិច,158000.0,158000.0,0.0,0,0.0,0,142.9,0.0,0,Toyota,Land Cruiser,2025,used,Tax Paper,Unknown,Unknown,Unknown,,,Phnom Penh,store,1072003,Phea Phea,2026-03-31 12:08:00+07,2026-08-21 09:53:15.003568+07,2026-08-21 09:42:02+07
13357873,Vizt014-15smart key Start stop(ភ្នំពេញ),8950.0,8950.0,0.0,0,0.0,0,142.6,0.0,0,Unknown,Unknown,2014,used,Tax Paper,Unknown,Unknown,Unknown,,,Phnom Penh,store,165779,Only1 service EV car in Phnom Penh,2026-03-31 19:11:21+07,2026-08-21 09:53:17.4712+07,2026-08-21 09:25:05+07
13365988,2015 Porsche Panamera S Hybrid,52000.0,52000.0,0.0,0,0.0,0,143.7,0.0,0,Porsche,Panamera,2015,used,Plate Number,Unknown,Unknown,Unknown,,,Phnom Penh,store,826670,Minnie Fung,2026-04-02 17:00:56+07,2026-08-24 10:36:01.62584+07,2026-08-24 10:00:18+07
13373481,Range Rover Vogue LWB ( តួវែង ) ឆ្នាំ2015,36800.0,36800.0,0.0,0,0.0,0,138.8,0.0,0,Land Rover,Range Rover Vogue,2015,used,Plate Number,Unknown,Unknown,Unknown,,,Phnom Penh,store,409218,Srun (TTS AUTO),2026-04-04 14:36:32+07,2026-08-21 09:53:07.209032+07,2026-07-21 12:06:05+07
13375920,𝐂𝐚𝐝𝐢𝐥𝐥𝐚𝐜 𝐄𝐬𝐜𝐚𝐥𝐚𝐝𝐞 𝐄𝐒𝐕 𝐏𝐥𝐚𝐭𝐢𝐧𝐮𝐦 𝟐𝟎𝟏𝟓,56900.0,56900.0,0.0,0,0.0,0,141.0,0.0,0,Cadillac,Escalade ESV Platinum,2015,used,Plate Number,Unknown,Unknown,Unknown,,,Phnom Penh,store,468573,HL AUTO,2026-04-05 11:16:02+07,2026-08-24 10:35:52.581863+07,2026-08-24 10:25:06+07
13381745,ស្ទើរលុយខ្វះបាន5000$រយះពេល3ខែអត់បង់ការប្រាក់ Highlander 2005 V4 ប៉ុង១  ពណ៏មាស,15500.0,15500.0,0.0,0,0.0,0,136.6,0.0,0,Toyota,Highlander,2005,used,Plate Number,Unknown,Unknown,Unknown,,,Phnom Penh,store,1040247,VISAL Auto car,2026-04-06 19:15:53+07,2026-08-21 09:53:22.427631+07,2026-08-21 09:17:02+07
13392354,Toyota Granvia 2.8l Premium 2025,110000.0,110000.0,0.0,0,0.0,0,133.2,0.0,0,Toyota,Granvia 2 8l,2025,new,Tax Paper,Unknown,Unknown,Unknown,,,Phnom Penh,store,255293,KS AUTO,2026-04-09 11:45:12+07,2026-08-20 15:37:51.425955+07,2026-08-20 14:02:03+07
13392954,ឡានលក់,8900.0,8900.0,0.0,0,0.0,0,131.1,0.0,0,Unknown,Unknown,2006,used,Plate Number,Unknown,Unknown,Unknown,,,Phnom Penh,store,586422,Oun Maren,2026-04-09 14:19:04+07,2026-08-18 17:18:56.72048+07,2026-08-18 16:44:02+07
13393604,Mazda Ez60/deepal/ioni60/Liophard7 អាច់កក់កុម្មងបានបាទ,38500.0,38500.0,0.0,0,0.0,0,133.7,0.0,0,Mazda,Ez60 deepal ioni60,2025,new,Tax Paper,Unknown,Unknown,Unknown,,,Siem Reap,store,165779,Only1 service EV car in Phnom Penh,2026-04-09 16:54:55+07,2026-08-21 09:53:19.759019+07,2026-08-21 09:20:03+07
13433054,Prius 2012 6000$ រំលស់ប្រើភ្លាម Full Advanced Plug in option5,18500.0,18500.0,0.0,0,0.0,0,117.1,0.0,0,Toyota,Prius,2012,used,Tax Paper,Unknown,Unknown,Unknown,,,Phnom Penh,store,688381,Apple168 Auto,2026-04-23 16:02:58+07,2026-08-18 17:19:04.372424+07,2026-08-18 15:42:02+07
13444127,ចងលក់01ប៉ុង2ហ្វូល,12300.0,12300.0,0.0,0,0.0,0,116.9,0.0,0,Unknown,Unknown,2001,used,Plate Number,Unknown,Unknown,Unknown,,,Phnom Penh,store,214687,Vannak Chen,2026-04-26 12:04:06+07,2026-08-21 09:53:23.577193+07,2026-08-21 09:15:04+07
13457075,chenglong  3.5T,25999.0,25999.0,0.0,0,0.0,0,116.9,0.0,0,Unknown,Unknown,2026,new,Tax Paper,Unknown,Unknown,Unknown,,,Phnom Penh,store,1070674,Manny Nhor,2026-04-29 13:43:43+07,2026-08-24 10:35:54.568358+07,2026-08-24 10:21:09+07
13486480,017 ម្ចាស់ដើមទីមួយ តាប់ឡូស៊ីន,34500.0,34500.0,0.0,0,0.0,0,109.0,0.0,0,Unknown,Unknown,2017,used,Plate Number,Unknown,Unknown,Unknown,,,Phnom Penh,individual,1034545,ណាក់ សុវណ្ណរ៉ា,2026-05-07 09:50:49+07,2026-08-24 10:35:51.607123+07,2026-08-24 10:25:40+07
13486698,ចងលក់04,18900.0,18900.0,0.0,0,0.0,0,109.0,0.0,0,Unknown,Unknown,2004,used,Plate Number,Unknown,Unknown,Unknown,,,Phnom Penh,store,214687,Vannak Chen,2026-05-07 10:23:53+07,2026-08-24 10:36:01.62584+07,2026-08-24 10:00:18+07
13495920,Toyota Highlander 03 p1,17800.0,17800.0,0.0,0,0.0,0,101.9,0.0,0,Toyota,Highlander,2003,used,Plate Number,Unknown,Unknown,Unknown,,,Phnom Penh,store,536355,3885 Auto Car,2026-05-09 11:47:07+07,2026-08-19 09:48:20.912166+07,2026-08-19 09:20:06+07
13542826,ឡានមួយទឹក,49800.0,49800.0,0.0,0,0.0,0,95.9,0.0,0,Unknown,Unknown,2025,used,Plate Number,Unknown,Unknown,Unknown,,,Phnom Penh,store,1285421,LT Auto Cambodia Davan,2026-05-20 12:03:02+07,2026-08-24 10:35:58.59695+07,2026-08-24 10:03:04+07
13543908,Starex 2012,11700.0,11700.0,0.0,0,0.0,0,90.1,0.0,0,Hyundai,Grand Starex,2012,used,Plate Number,Unknown,Unknown,Unknown,,,Phnom Penh,store,365178,Pra Seth Heng,2026-05-20 15:04:25+07,2026-08-18 17:18:59.537238+07,2026-08-18 16:21:03+07
13550522,"2024 Isuzu MuX 3.0 Diesel 46,300$",46300.0,46300.0,0.0,0,0.0,0,91.1,0.0,0,Isuzu,MuX 3 0,2024,used,Plate Number,Unknown,Unknown,Unknown,,,Phnom Penh,individual,211673,Pisey Muth,2026-05-22 08:08:21+07,2026-08-21 09:53:19.756008+07,2026-08-21 09:22:03+07
13567761,Ford ranger XLT 2023 ថ្មី ទឹកថ្នាំហ្ស៊ីន ធានាអត់បុកប៉ះ ធានាទិញចូលវិញ,42000.0,42000.0,0.0,0,0.0,0,90.0,0.0,0,Ford,Ranger XLT,2023,used,Plate Number,Unknown,Unknown,Unknown,,,Phnom Penh,store,545385,តាញាញ់ ថ្ងៃល្អ,2026-05-26 10:12:19+07,2026-08-24 10:35:57.602632+07,2026-08-24 10:12:03+07
13573008,Tacoma 03 ប៉ុង2,13800.0,13800.0,0.0,0,0.0,0,83.9,0.0,0,Toyota,Tacoma,2003,used,Plate Number,Unknown,Unknown,Unknown,,,Phnom Penh,store,395170,Rachna Sagi,2026-05-27 12:41:45+07,2026-08-19 09:48:04.749105+07,2026-08-19 09:44:02+07
13575814,Rang Rover vogue 2014 ឡេីង​ 2027,59000.0,59000.0,0.0,0,0.0,0,82.3,0.0,0,Unknown,Unknown,2014,used,Plate Number,Unknown,Unknown,Unknown,,,Phnom Penh,store,353896,Sok san,2026-05-28 09:18:55+07,2026-08-18 17:19:06.249411+07,2026-08-18 15:40:17+07
13576612,Toyota Granvia 2020,55000.0,55000.0,0.0,0,0.0,0,88.0,0.0,0,Toyota,Granvia,2020,used,Plate Number,Unknown,Unknown,Unknown,,,Phnom Penh,store,1072003,Phea Phea,2026-05-28 11:05:53+07,2026-08-24 10:36:06.630224+07,2026-08-24 09:52:02+07
13577449,2020 Defender 130 X-Dynamic,118000.0,118000.0,0.0,0,0.0,0,84.1,0.0,0,Land Rover,Defender 130,2023,used,Plate Number,Unknown,Unknown,Unknown,,,Phnom Penh,store,1008710,HAWON AUTOCAR,2026-05-28 13:19:50+07,2026-08-20 15:37:44.217763+07,2026-08-20 14:25:06+07
13586056,Ford F150 Raptor 2019 Full 4មុឺនKm,48500.0,48500.0,0.0,0,0.0,0,85.9,0.0,0,Ford,Ranger Raptor,2019,used,Plate Number,Unknown,Unknown,Unknown,,,Phnom Penh,store,224675,Mr. Meth 168 Auto,2026-05-30 13:00:15+07,2026-08-24 10:36:01.62584+07,2026-08-24 10:00:18+07
13592397,ថ្មីណាស់បងប្អូនអេីយថ្មីគ្រប់កន្លែង,18300.0,18300.0,0.0,0,0.0,0,77.2,0.0,0,Unknown,Unknown,2010,used,Tax Paper,Unknown,Unknown,Unknown,,,Phnom Penh,store,254040,Vong Sarath,2026-06-01 11:05:18+07,2026-08-17 15:51:01.72732+07,2026-08-17 14:50:06+07
13599402,Lexus Lx450D 2019 Super sport Upgrade to Kuro,99000.0,99000.0,0.0,0,0.0,0,77.5,0.0,0,Lexus,Lx450D Super sport,2019,used,Plate Number,Unknown,Unknown,Unknown,,,Phnom Penh,store,145192,H168 Auto,2026-06-02 21:49:18+07,2026-08-19 09:48:15.438529+07,2026-08-19 09:30:08+07
13603096,2015 Mercedes Benz C300 AMG 🍒,28500.0,28500.0,0.0,0,0.0,0,77.9,0.0,0,Mercedes-Benz,C300,2015,used,Tax Paper,Unknown,Unknown,Unknown,,,Phnom Penh,store,464726,CL69 Auto,2026-06-03 17:13:18+07,2026-08-20 15:37:42.602352+07,2026-08-20 14:30:10+07
13606491,Prius 016 Option 4 Touring,27500.0,27500.0,0.0,0,0.0,0,77.9,0.0,0,Toyota,Prius,2016,used,Tax Paper,Unknown,Unknown,Unknown,,,Phnom Penh,store,336191,Much Chamroeun,2026-06-04 13:08:48+07,2026-08-21 09:53:11.211313+07,2026-08-21 09:40:52+07
13630582,Toyota Prius 2008 (Full Option),13700.0,13700.0,0.0,0,0.0,0,71.1,0.0,0,Toyota,Prius,2008,used,Tax Paper,Unknown,Unknown,Unknown,,,Phnom Penh,store,256260,Unknown,2026-06-10 12:57:19+07,2026-08-20 15:37:38.102739+07,2026-08-20 15:00:08+07
13647092,Mazda EZ6,26900.0,26900.0,0.0,0,0.0,0,70.9,0.0,0,Mazda,EZ6,2024,used,Plate Number,Unknown,Unknown,Unknown,,,Phnom Penh,store,1187591,Ratha Minh,2026-06-14 13:26:48+07,2026-08-24 10:35:58.601508+07,2026-08-24 10:02:03+07
13648956,មកដលហើយបងៗ,25900.0,25900.0,0.0,0,0.0,0,64.5,0.0,0,Unknown,Unknown,2015,used,Plate Number,Unknown,Unknown,Unknown,,,Phnom Penh,store,613568,Virak som,2026-06-15 06:25:17+07,2026-08-18 17:19:06.251486+07,2026-08-18 15:37:03+07
13651431,ឡានស្អាត,16700.0,16700.0,0.0,0,0.0,0,64.8,0.0,0,Unknown,Unknown,2010,used,Plate Number,Unknown,Unknown,Unknown,,,Kandal,individual,1168281,Kit Meng,2026-06-15 14:24:44+07,2026-08-19 09:48:06.124803+07,2026-08-19 09:32:23+07
13655794,2025 Mazda EZ60 ប្រើបាន 7000km,32900.0,32800.0,0.0,0,100.0,1,65.0,0.0,0,Mazda,EZ60 ប្រើបាន 7000km,2025,used,Plate Number,Unknown,Unknown,Unknown,,,Phnom Penh,store,464726,CL69 Auto,2026-06-16 15:03:20+07,2026-08-20 15:37:33.863969+07,2026-08-20 15:00:08+07
13674591,Toyota Prius 2012 Option 3 សូឡា ​ស៊ីម៉ាំងហ្ស៊ីន​,19900.0,19900.0,0.0,0,0.0,0,60.9,0.0,0,Toyota,Prius,2012,used,Tax Paper,Unknown,Unknown,Unknown,,,Phnom Penh,store,428387,ឃ្លាំង​អេសធូ​ អូតូ​ ទិញ​លក់​ នឹងបង់រំលស់រថយន្តគ្រប់ប្រភេទ​,2026-06-21 11:07:34+07,2026-08-21 09:53:19.755793+07,2026-08-21 09:22:03+07
13675943,លក់ធូធូ,28300.0,28300.0,0.0,0,0.0,0,58.7,0.0,0,Unknown,Unknown,2019,used,Plate Number,Unknown,Unknown,Unknown,,,Phnom Penh,individual,1130877,គីម ឆាយ,2026-06-21 16:14:36+07,2026-08-19 09:48:20.913405+07,2026-08-19 09:19:45+07
13677872,Avatr 06T,44900.0,44900.0,0.0,0,0.0,0,58.0,0.0,0,Unknown,Unknown,2026,new,Tax Paper,Unknown,Unknown,Unknown,,,Phnom Penh,store,1103626,Regal Motors,2026-06-22 09:18:35+07,2026-08-19 09:48:15.439111+07,2026-08-19 09:30:08+07
13680091,ឡានលក់,8700.0,8700.0,0.0,0,0.0,0,56.0,0.0,0,Unknown,Unknown,2003,used,Plate Number,Unknown,Unknown,Unknown,,,Phnom Penh,store,928794,សុភក្រ័ សុភក្រ័,2026-06-22 16:01:09+07,2026-08-17 15:50:50.189998+07,2026-06-22 16:01:09+07
13684344,ឡានលក់,33400.0,33400.0,0.0,0,0.0,0,58.8,0.0,0,Unknown,Unknown,2015,used,Plate Number,Unknown,Unknown,Unknown,,,Phnom Penh,store,1301499,Srey Len,2026-06-23 14:55:10+07,2026-08-21 09:53:19.758854+07,2026-08-21 09:20:03+07
13689881,ឡានលក់,21500.0,21500.0,0.0,0,0.0,0,55.1,0.0,0,Unknown,Unknown,2013,used,Tax Paper,Unknown,Unknown,Unknown,,,Phnom Penh,store,51843,គីម,2026-06-24 15:49:35+07,2026-08-18 17:18:56.72048+07,2026-08-18 16:41:02+07
13691360,Starex  CVX  2014ក្រដាស់ពន្នលក់14300$,14300.0,14300.0,0.0,0,0.0,0,55.1,0.0,0,Hyundai,Grand Starex,2014,used,Tax Paper,Unknown,Unknown,Unknown,,,Phnom Penh,store,1087697,ធូ អូតូ,2026-06-25 07:27:15+07,2026-08-19 09:48:03.341395+07,2026-08-19 09:45:17+07
13693429,ប្រើតិច ម្ចាស់ដើមស្ថានទូត 2012ឡើង2023 Prado 7កៅអី 2.7Lសាំង+ទ្វាបឺត+ទូរទឹកក,35500.0,35500.0,0.0,0,0.0,0,56.1,0.0,0,Toyota,Land Cruiser,2012,used,Plate Number,Unknown,Unknown,Unknown,,,Phnom Penh,store,880699,អ៊ុក ចាន់វាសនា,2026-06-25 14:04:17+07,2026-08-20 15:37:27.818362+07,2026-08-20 15:22:02+07
13697940,Land Criuser up 2024,26000.0,26000.0,0.0,0,0.0,0,55.0,0.0,0,Unknown,Unknown,2008,used,Plate Number,Unknown,Unknown,Unknown,,,Phnom Penh,store,1039372,Chhay Borey,2026-06-26 14:42:39+07,2026-08-20 15:37:27.813534+07,2026-08-20 15:28:03+07
13709516,Kia carnival 2025 19000km ជាង នៅធានា Free កាត់ឈ្មោះជូន,40400.0,40400.0,0.0,0,0.0,0,50.7,0.0,0,Kia,Carnival,2025,used,Plate Number,Unknown,Unknown,Unknown,,,Phnom Penh,individual,814549,CC CC,2026-06-29 16:46:37+07,2026-08-19 09:48:20.915227+07,2026-08-19 09:19:33+07
13716271,Escalade 2007 ម៉ាសុីននៅល្អ ធានាឡានស្អាត,16900.0,16900.0,0.0,0,0.0,0,50.9,0.0,0,Unknown,Unknown,2007,used,Plate Number,Unknown,Unknown,Unknown,,,Phnom Penh,store,91314,MA MUTU,2026-07-01 12:38:23+07,2026-08-21 09:53:08.540055+07,2026-08-21 09:38:02+07
13722064,I want to sell Ford Ranger Raptor 2023 Gray Color,55555.0,55555.0,0.0,0,0.0,0,48.8,0.0,0,Ford,Ranger Raptor,2023,used,Plate Number,Unknown,Unknown,Unknown,,,Phnom Penh,store,2123,mpanha mpanha,2026-07-02 19:27:50+07,2026-08-20 15:37:38.102833+07,2026-08-20 15:00:08+07
13729446,AudiA8L 2015 Full option,22500.0,22500.0,0.0,0,0.0,0,45.0,0.0,0,Unknown,Unknown,2015,used,Plate Number,Unknown,Unknown,Unknown,,,Phnom Penh,store,674623,Ou Chamroeun,2026-07-04 17:16:16+07,2026-08-18 17:18:53.941945+07,2026-08-18 17:00:06+07
13732284,AVATAR 12 Max 025,49600.0,49600.0,0.0,0,0.0,0,44.1,0.0,0,Unknown,Unknown,2025,used,Tax Paper,Unknown,Unknown,Unknown,,,Phnom Penh,store,1249350,Siev Orng,2026-07-05 15:48:23+07,2026-08-18 17:19:01.600602+07,2026-08-18 16:01:02+07
13734684,Highlander 02លក់,13800.0,13800.0,0.0,0,0.0,0,49.0,0.0,0,Toyota,Highlander,2002,used,Plate Number,Unknown,Unknown,Unknown,,,Phnom Penh,individual,258298,Chamnan Lak,2026-07-06 10:52:00+07,2026-08-24 10:36:04.652488+07,2026-08-24 09:57:51+07
13744344,prius 2010 option3សរកមៃតាបឡូលឿង,18500.0,18500.0,0.0,0,0.0,0,46.9,0.0,0,Toyota,Prius,2010,used,Tax Paper,Unknown,Unknown,Unknown,,,Phnom Penh,store,132399,Bi car shop,2026-07-08 14:00:48+07,2026-08-24 10:36:00.5945+07,2026-08-24 10:15:05+07
13745838,លក់,5500.0,5500.0,0.0,0,0.0,0,40.9,0.0,0,Unknown,Unknown,1998,used,Plate Number,Unknown,Unknown,Unknown,,,Phnom Penh,store,225821,Sarun Man,2026-07-08 20:16:51+07,2026-08-18 17:18:54.872942+07,2026-08-18 16:59:16+07
13751730,Camry 07 Hybrid full ឡានស្អាត,11800.0,11800.0,0.0,0,0.0,0,41.2,0.0,0,Toyota,Camry,2007,used,Plate Number,Unknown,Unknown,Unknown,,,Phnom Penh,store,530931,MoLy Van,2026-07-10 10:23:37+07,2026-08-20 15:37:51.431846+07,2026-08-20 14:00:18+07
13751800,លក់,11800.0,11800.0,0.0,0,0.0,0,39.3,0.0,0,Unknown,Unknown,2003,used,Plate Number,Unknown,Unknown,Unknown,,,Phnom Penh,store,225821,Sarun Man,2026-07-10 10:36:29+07,2026-08-18 17:19:01.601605+07,2026-08-18 16:00:11+07
13755494,Kia ray 2022 តម្លៃ 14650$,14650.0,14650.0,0.0,0,0.0,0,38.3,0.0,0,Kia,ray តម្លៃ 14650$,2022,new,Tax Paper,Unknown,Unknown,Unknown,,,Phnom Penh,individual,616284,HS 555,2026-07-11 09:25:40+07,2026-08-18 17:18:50.184372+07,2026-08-10 14:13:07+07
13757750,ឡានបែនលក់ តម្លៃចរចារ,12500.0,12500.0,0.0,0,0.0,0,38.7,0.0,0,Unknown,Unknown,1995,used,Plate Number,Unknown,Unknown,Unknown,,,Oddar Meanchey,individual,122652,សីហា,2026-07-11 17:43:30+07,2026-08-19 09:48:12.662358+07,2026-08-19 09:30:03+07
13763924,AVATR 06T Elite,37999.0,37999.0,0.0,0,0.0,0,38.8,0.0,0,Avatr,06T Elite,2026,new,Tax Paper,Unknown,Unknown,Unknown,,,Phnom Penh,store,1103626,Regal Motors,2026-07-13 13:46:06+07,2026-08-21 09:53:16.324854+07,2026-08-21 09:30:12+07
13770637,🔥Prius016 💸ដកឡានភ្លាមបង់រំលស់ជាមួយឃ្លាំងផ្ទាល់,22500.0,22500.0,0.0,0,0.0,0,40.1,0.0,0,Unknown,Unknown,2016,used,Plate Number,Unknown,Unknown,Unknown,,,Phnom Penh,store,459645,MCS AUTO,2026-07-15 08:30:04+07,2026-08-24 10:36:05.634864+07,2026-08-24 10:00:18+07
13775482,FORD RANGER WILTRAK 2020 Bi-Turbo,30500.0,30500.0,0.0,0,0.0,0,35.2,0.0,0,Ford,Ranger,2020,used,Plate Number,Unknown,Unknown,Unknown,,,Phnom Penh,store,791735,Hong Chhunheng,2026-07-16 11:25:12+07,2026-08-20 15:37:42.603063+07,2026-08-20 14:30:10+07
13779360,FORD RANGER XLT 2024,35000.0,35000.0,0.0,0,0.0,0,34.2,0.0,0,Ford,Ranger XLT,2024,used,Plate Number,Unknown,Unknown,Unknown,,,Phnom Penh,store,791735,Hong Chhunheng,2026-07-17 11:49:34+07,2026-08-20 15:37:51.431997+07,2026-08-20 14:00:18+07
13782238,Denza N8L 2026,84000.0,84000.0,0.0,0,0.0,0,34.0,0.0,0,Denza,N8,2026,new,Tax Paper,Unknown,Unknown,Unknown,,,Phnom Penh,store,9557,Vicheth Damardi,2026-07-18 09:37:28+07,2026-08-21 09:53:24.915529+07,2026-08-21 09:13:03+07
13783937,Corolla 94,2999.0,2999.0,0.0,0,0.0,0,36.8,0.0,0,Toyota,Corolla,1994,used,Plate Number,Unknown,Unknown,Unknown,,,Phnom Penh,individual,479132,Chhith,2026-07-18 15:29:41+07,2026-08-24 10:35:49.620601+07,2026-07-29 16:33:19+07
13784408,Lexus Rx200T,49800.0,49800.0,0.0,0,0.0,0,32.9,0.0,0,Lexus,Rx200T,2016,used,Tax Paper,Unknown,Unknown,Unknown,,,Phnom Penh,store,1224932,ChaoFan Auto,2026-07-18 18:14:41+07,2026-08-20 15:37:33.858981+07,2026-08-20 15:01:45+07
13788687,Isuzu Mu X 2024 ស្អាត99% ខ្ញុំម្ចាស់ដើមផ្ទាល់ លក់ដូរសេរី,42800.0,42800.0,0.0,0,0.0,0,30.0,0.0,0,Isuzu,Mu X ស្អាត99%,2024,used,Plate Number,Unknown,Unknown,Unknown,,,Phnom Penh,individual,29470,Chan,2026-07-20 08:38:29+07,2026-08-19 09:48:04.754766+07,2026-08-19 09:41:40+07
13788864,ឡានលក់ Morning 012 h/full ប្រើសោរ,6900.0,6900.0,0.0,0,0.0,0,32.0,0.0,0,Kia,Morning,2012,used,Tax Paper,Unknown,Unknown,Unknown,,,Phnom Penh,individual,821048,Chan Tha Van,2026-07-20 09:11:23+07,2026-08-21 09:53:27.389185+07,2026-08-21 09:09:20+07
13802769,ឡានលក់ Camry Le 2002,9300.0,9300.0,0.0,0,0.0,0,26.8,0.0,0,Toyota,Camry,2002,used,Plate Number,Unknown,Unknown,Unknown,,,Phnom Penh,individual,1302438,Kondob Phanya,2026-07-23 15:26:37+07,2026-08-19 09:48:04.755427+07,2026-08-19 09:41:16+07
13805979,2015 MERCEDES MAYBACH S500 VIP,85000.0,85000.0,0.0,0,0.0,0,24.1,0.0,0,Mercedes-Benz,S500,2015,used,Plate Number,Unknown,Unknown,Unknown,,,Phnom Penh,store,899851,KSK Auto,2026-07-24 13:36:42+07,2026-08-17 15:51:05.447921+07,2026-08-17 14:37:02+07
13810284,BYD 方程豹 Equation Leopard Titanium 3,27000.0,27000.0,0.0,0,0.0,0,24.1,0.0,0,BYD,方程豹 Equation Leopard,2025,used,Tax Paper,Unknown,Unknown,Unknown,,,Phnom Penh,store,1310534,HC AUTO,2026-07-25 16:06:26+07,2026-08-18 17:19:00.458133+07,2026-08-18 16:07:03+07
13811456,Vitz 2014 Silvver,9568.0,9568.0,0.0,0,0.0,0,23.4,0.0,0,Toyota,Vitz,2014,used,Tax Paper,Unknown,Unknown,Unknown,,,Phnom Penh,store,83857,TBC Best Quality Cars,2026-07-26 07:57:20+07,2026-08-18 17:18:52.997731+07,2026-08-18 17:11:01+07
13813444,Jaguars XJL,19000.0,19000.0,0.0,0,0.0,0,23.0,0.0,0,Unknown,Unknown,2013,used,Plate Number,Unknown,Unknown,Unknown,,,Phnom Penh,store,85153,Lim seav pheng,2026-07-26 16:44:43+07,2026-08-18 17:18:56.72048+07,2026-08-18 16:45:05+07
13817425,Mercedes C300 4Matice ឡានស្អាតទីតាំងអូពីកំពុងសោម,18000.0,18000.0,0.0,0,0.0,0,24.7,0.0,0,Mercedes-Benz,C300,2015,used,Plate Number,Unknown,Unknown,Unknown,,,Phnom Penh,store,862400,ជូ អ៊ូ ជិញ,2026-07-27 17:05:47+07,2026-08-21 09:53:21.10224+07,2026-08-21 09:25:01+07
13817753,2026 AVATR 07 ELITE FULL OPTION ទើបមកដល់,38500.0,38500.0,0.0,0,0.0,0,27.6,0.0,0,Avatr,Avatr 07,2026,new,Tax Paper,Unknown,Unknown,Unknown,,,Phnom Penh,store,245403,H99 Auto,2026-07-27 19:03:08+07,2026-08-24 10:36:07.608563+07,2026-08-24 09:50:05+07
13823978,"មេទ្បាន ,V4,P1,2002 ,នៅសំនុំស្រុីន",15100.0,15100.0,0.0,0,0.0,0,26.0,0.0,0,Unknown,Unknown,2002,used,Plate Number,Unknown,Unknown,Unknown,,,Phnom Penh,individual,322923,Mr Tra,2026-07-29 11:35:24+07,2026-08-24 10:36:04.652488+07,2026-08-24 09:57:57+07
13827893,📌RADAR RD6 2024 ជិះបាន 20000km  pick up,26800.0,26800.0,0.0,0,0.0,0,19.3,0.0,0,Unknown,Unknown,2024,used,Plate Number,Unknown,Unknown,Unknown,,,Phnom Penh,store,1281803,JH - Moka,2026-07-30 10:40:06+07,2026-08-18 17:18:53.941945+07,2026-08-18 17:00:06+07
13833965,Jeep 2021 Rubicon ម្ចាស់ដើមទីមួយឡានក្រុមហ៊ុន,59500.0,59500.0,0.0,0,0.0,0,23.7,0.0,0,Jeep,Wrangler Rubicon,2021,used,Plate Number,Unknown,Unknown,Unknown,,,Phnom Penh,store,376549,Sara Vuth79,2026-07-31 17:02:28+07,2026-08-24 10:36:03.651369+07,2026-08-24 09:59:03+07
13838679,Avatr 07 Elite,39500.0,39500.0,0.0,0,0.0,0,19.0,0.0,0,Avatr,Avatr 07,2026,new,Tax Paper,Unknown,Unknown,Unknown,,,Phnom Penh,store,200848,Eang sychan,2026-08-02 10:54:43+07,2026-08-21 09:53:27.388817+07,2026-08-21 09:09:22+07
13838763,55Autocar ទិញលក់និងបង់រំលោះជាមួយឃ្លាំងផ្ទាល់,20800.0,20800.0,0.0,0,0.0,0,18.2,0.0,0,Unknown,Unknown,2004,used,Plate Number,Unknown,Unknown,Unknown,,,Phnom Penh,store,1141785,មុីលីង ចាង,2026-08-02 11:16:15+07,2026-08-20 15:37:29.397928+07,2026-08-20 15:30:09+07
13840438,"ចង់លក់ LEXUS RX 300 ឡានជិះផ្ទាល់ខ្លួន Full Option ប៉ុង ១ ឆ្នាំ២០០២ តម្លៃ $10,500",10500.0,10500.0,0.0,0,0.0,0,14.9,0.0,0,Lexus,RX 300 ឡានជិះផ្ទាល់ខ្លួន,2002,used,Plate Number,Unknown,Unknown,Unknown,,,Phnom Penh,individual,1115990,យ៉ុង ចាន់ថុល,2026-08-02 18:29:40+07,2026-08-17 15:50:55.852282+07,2026-08-17 15:19:07+07
13842378,Mazda BT50 ឆ្នាំ 2021 Thunder Full Option,30800.0,30800.0,0.0,0,0.0,0,18.0,0.0,0,Mazda,BT50 ឆ្នាំ Thunder,2021,used,Plate Number,Unknown,Unknown,Unknown,,,Phnom Penh,store,530124,108 Auto car dealer,2026-08-03 11:05:18+07,2026-08-21 09:53:22.424734+07,2026-08-21 09:18:03+07
13842391,Lexus LX570 2016 Arab ថ្មីណាស់,79000.0,79000.0,0.0,0,0.0,0,15.3,0.0,0,Lexus,LX570,2016,used,Plate Number,Unknown,Unknown,Unknown,,,Phnom Penh,individual,971321,Hea Ti,2026-08-03 11:07:29+07,2026-08-18 17:18:55.822877+07,2026-08-18 16:55:16+07
13844363,GAC Aion i60,23800.0,23800.0,0.0,0,0.0,0,17.7,0.0,0,GAC,Aion i60,2026,new,Tax Paper,Unknown,Unknown,Unknown,,,Phnom Penh,store,200848,Eang sychan,2026-08-03 17:33:08+07,2026-08-21 09:53:26.243828+07,2026-08-21 09:09:27+07
13847614,រថយន្ដសម្រាប់លក់,20800.0,20800.0,0.0,0,0.0,0,13.1,0.0,0,Unknown,Unknown,2014,used,Tax Paper,Unknown,Unknown,Unknown,,,Phnom Penh,store,1271459,ឆាយ ឈៀងលី,2026-08-04 14:15:21+07,2026-08-17 15:50:55.875272+07,2026-08-17 15:17:34+07
13847617,RX300 2002,8300.0,8300.0,0.0,0,0.0,0,13.1,0.0,0,Lexus,RX300,2002,used,Plate Number,Unknown,Unknown,Unknown,,,Phnom Penh,store,600718,Sophal Stronger,2026-08-04 14:15:49+07,2026-08-17 15:50:57.836801+07,2026-08-17 15:09:06+07
13850572,SRM ជិះលក្ខណ:គ្រួសារក៏បាន ប្រកបអាជីវកម្មក៏បានបងបង ធំទូលាយខ្លាំង,16600.0,16600.0,0.0,0,0.0,0,16.0,0.0,0,Unknown,Unknown,2024,new,Tax Paper,Unknown,Unknown,Unknown,,,Phnom Penh,store,1225964,UE UE,2026-08-05 10:50:40+07,2026-08-21 09:53:11.222758+07,2026-08-21 09:40:05+07
13851257,Land 09 for sale,28500.0,28500.0,0.0,0,0.0,0,15.9,0.0,0,Unknown,Unknown,2009,used,Plate Number,Unknown,Unknown,Unknown,,,Phnom Penh,individual,349431,Bun Na,2026-08-05 13:21:02+07,2026-08-21 09:53:16.323019+07,2026-08-21 09:30:46+07
13852352,Toyota Prius 2010 Option 3 ខាងក្នុងលឿង ឃ្មុំហ្ស៊ីន ឡានអត់ច្រេះ,17900.0,17900.0,0.0,0,0.0,0,15.7,0.0,0,Toyota,Prius,2010,used,Tax Paper,Unknown,Unknown,Unknown,,,Phnom Penh,store,428387,ឃ្លាំង​អេសធូ​ អូតូ​ ទិញ​លក់​ នឹងបង់រំលស់រថយន្តគ្រប់ប្រភេទ​,2026-08-05 16:25:59+07,2026-08-21 09:53:19.760589+07,2026-08-21 09:20:03+07
13856840,Toyota Raize 2026 តម្លៃពិសេស,21900.0,21900.0,0.0,0,0.0,0,13.9,0.0,0,Toyota,Raize,2026,new,Tax Paper,Unknown,Unknown,Unknown,,,Phnom Penh,store,1251582,Toyota Super Car,2026-08-06 18:38:59+07,2026-08-20 15:37:41.024681+07,2026-08-20 14:32:02+07
13856847,Toyota Raize 2026,21900.0,21900.0,0.0,0,0.0,0,13.9,0.0,0,Toyota,Raize,2026,new,Tax Paper,Unknown,Unknown,Unknown,,,Phnom Penh,store,1251582,Toyota Super Car,2026-08-06 18:44:28+07,2026-08-20 15:37:41.024813+07,2026-08-20 14:32:02+07
13859852,លក់បន្ទាន់,48900.0,48900.0,0.0,0,0.0,0,11.8,0.0,0,Unknown,Unknown,2026,used,Plate Number,Unknown,Unknown,Unknown,,,Phnom Penh,store,879062,Chhay Chhay,2026-08-07 14:18:21+07,2026-08-19 09:48:01.89801+07,2026-08-19 09:47:02+07
13862434,GTV KAIN ECO 1.6T (សាំង),24500.0,24500.0,0.0,0,0.0,0,9.3,0.0,0,Unknown,Unknown,2026,new,Tax Paper,Unknown,Unknown,Unknown,,,Phnom Penh,store,580700,ទីប្រឹក្សាផ្នែកលក់រថយន្ត GTV,2026-08-08 09:46:07+07,2026-08-17 15:50:56.847991+07,2026-08-17 15:25:09+07
13870170,Land Cruiser 09up021 ស្អាតថ្មី,29500.0,29500.0,0.0,0,0.0,0,10.9,0.0,0,Toyota,Land Cruiser,2009,used,Plate Number,Unknown,Unknown,Unknown,,,Phnom Penh,store,634852,Hong Hong,2026-08-10 13:13:49+07,2026-08-21 09:53:09.87713+07,2026-08-21 09:48:24+07
13870321,លក់Triton 2020 Full options ម្ចាស់ផ្ទាល់,26800.0,28500.0,1700.0,1,0.0,0,13.9,0.0,0,Mitsubishi,Triton,2020,used,Plate Number,Unknown,Unknown,Unknown,,,Phnom Penh,individual,173920,Hang virek2017,2026-08-10 13:42:30+07,2026-08-24 10:35:49.619935+07,2026-08-24 08:09:03+07
13871667,GAC GN8 2024 spec Global,34500.0,34500.0,0.0,0,0.0,0,13.6,0.0,0,GAC,GN8,2024,used,Plate Number,Unknown,Unknown,Unknown,,,Phnom Penh,store,1297953,VV1 Auto Cars,2026-08-10 20:07:32+07,2026-08-24 10:36:00.591293+07,2026-08-24 10:16:54+07
13875738,Kia Picanto 2026,13800.0,13800.0,0.0,0,0.0,0,8.8,0.0,0,Kia,Picanto,2026,used,Plate Number,Unknown,Unknown,Unknown,,,Phnom Penh,store,340708,VMP AUTO,2026-08-11 20:22:53+07,2026-08-20 15:37:35.449384+07,2026-08-20 15:09:02+07
13877939,2013 Persona Series,17500.0,17500.0,0.0,0,0.0,0,8.1,0.0,0,Unknown,Unknown,2013,used,Tax Paper,Unknown,Unknown,Unknown,,,Phnom Penh,store,391584,Prince Auto Import ( ដឹកជញ្ជូនផ្ទាល់មកកម្ពុជា ),2026-08-12 12:16:38+07,2026-08-20 15:37:46.96582+07,2026-08-20 14:19:30+07
13878966,Lexus Ls600hL 2013 Full-Option,43700.0,43700.0,0.0,0,0.0,0,6.1,0.0,0,Lexus,Ls600hL Full-Option,2013,used,Plate Number,Unknown,Unknown,Unknown,,,Phnom Penh,store,798650,Pha AutoCars,2026-08-12 16:04:33+07,2026-08-18 17:19:01.598598+07,2026-08-18 16:04:02+07
13879024,Alphard Executive Lounge V6 Spec Russia 2017,59800.0,59800.0,0.0,0,0.0,0,6.0,0.0,0,Toyota,Alphard,2017,used,Plate Number,Unknown,Unknown,Unknown,,,Phnom Penh,store,798650,Pha AutoCars,2026-08-12 16:18:35+07,2026-08-18 17:18:59.542637+07,2026-08-18 16:18:02+07
13881046,លក់តូយូតារ៉េហ្វ័រ Toyota RAV4 ប៉ុង១ឆ្នាំ01,7800.0,7800.0,0.0,0,0.0,0,4.3,0.0,0,Toyota,RAV4,2001,used,Plate Number,Unknown,Unknown,Unknown,,,Banteay Meanchey,individual,789582,B M C,2026-08-13 09:47:32+07,2026-08-17 15:50:56.861421+07,2026-08-17 15:23:38+07
13881617,Rx300 022 75000$ ចរចារ ម្ចាស់ផ្ទាល់ ឡានខ្លាញ់គោស្រុកខ្មែរ ប្តូរលេខថ្មី កម្ពុជាបាន,75000.0,75000.0,0.0,0,0.0,0,11.0,0.0,0,Lexus,Rx300,2022,used,Plate Number,Unknown,Unknown,Unknown,,,Preah Sihanouk,individual,93776,Eric Chrysler,2026-08-13 11:28:35+07,2026-08-24 10:35:50.609126+07,2026-08-13 11:28:35+07
13882064,ឡានលក់09,12600.0,12600.0,0.0,0,0.0,0,4.1,0.0,0,Unknown,Unknown,2009,used,Tax Paper,Unknown,Unknown,Unknown,,,Phnom Penh,individual,196650,Vy Lomorng,2026-08-13 13:00:23+07,2026-08-17 15:51:06.451509+07,2026-08-17 14:29:16+07
13882891,ឡានដាក់លក់បន្ទាន់ នៅស្អាត ពណ៍ទឹកប្រាក់ Lexus Rx330,13500.0,13500.0,0.0,0,0.0,0,7.0,0.0,0,Lexus,RX330,2004,used,Tax Paper,Unknown,Unknown,Unknown,,,Phnom Penh,individual,1228575,Cashhero Land,2026-08-13 16:06:38+07,2026-08-20 15:37:44.209975+07,2026-08-13 16:06:38+07
13884293,GAC GN8 Global Version 2024,38000.0,38000.0,0.0,0,0.0,0,6.3,0.0,0,GAC,GN8,2024,new,Tax Paper,Unknown,Unknown,Unknown,,,Phnom Penh,store,1081857,Chealing You,2026-08-14 08:45:20+07,2026-08-20 15:37:49.859969+07,2026-08-20 14:16:37+07
13884431,ឡានលក់,16900.0,16900.0,0.0,0,0.0,0,5.0,0.0,0,Unknown,Unknown,2004,used,Plate Number,Unknown,Unknown,Unknown,,,Phnom Penh,individual,1236164,ហេងៗ,2026-08-14 09:14:28+07,2026-08-19 09:47:57.913964+07,2026-08-14 09:14:28+07
13886197,AVATER 11 2025 OPTION MAX,45500.0,45500.0,0.0,0,0.0,0,6.8,0.0,0,Unknown,Unknown,2025,used,Plate Number,Unknown,Unknown,Unknown,,,Phnom Penh,store,1181728,Mr ALPHARD 598,2026-08-14 14:12:42+07,2026-08-21 09:53:27.392331+07,2026-08-21 09:09:02+07
13888927,លក់ Ecosport 022,16200.0,16200.0,0.0,0,0.0,0,6.0,0.0,0,Unknown,Unknown,2022,used,Plate Number,Unknown,Unknown,Unknown,,,Phnom Penh,store,901079,សំ បូរី,2026-08-15 10:58:26+07,2026-08-21 09:53:13.863166+07,2026-08-21 09:33:03+07
13890246,Ford Everest Titanium 2023,54800.0,54800.0,0.0,0,0.0,0,5.0,0.0,0,Ford,Everest Titanium,2023,used,Plate Number,Unknown,Unknown,Unknown,,,Phnom Penh,store,340518,SP81,2026-08-15 16:41:16+07,2026-08-20 15:37:41.026641+07,2026-08-20 14:31:02+07
13891052,លក់ HILUX VIGO 2011 ម៉ាសុីនធំ អូតូកាប់ពីតាស់,19000.0,18900.0,0.0,0,100.0,1,8.5,0.0,0,Toyota,Hilux,2011,used,Plate Number,Unknown,Unknown,Unknown,,,Phnom Penh,individual,1007758,រចនា សុក,2026-08-15 22:22:24+07,2026-08-24 10:35:50.606484+07,2026-08-24 07:43:17+07
13892008,Deepal S05 ultra 2026 2300km,23500.0,23500.0,0.0,0,0.0,0,3.0,0.0,0,Unknown,Unknown,2026,used,Plate Number,Unknown,Unknown,Unknown,,,Phnom Penh,individual,364104,ហ៊ា ទី,2026-08-16 10:08:48+07,2026-08-19 09:48:22.299155+07,2026-08-19 09:18:33+07
13893139,ឡានលក់,18500.0,18500.0,0.0,0,0.0,0,2.1,0.0,0,Unknown,Unknown,2007,used,Plate Number,Unknown,Unknown,Unknown,,,Phnom Penh,individual,1003379,SL Autocar,2026-08-16 14:42:25+07,2026-08-18 17:18:58.598111+07,2026-08-18 16:25:58+07
13893484,✍️ទំនិញថ្មីទើបកាត់បានពីម្ចាស់ដើម✍️Lexus nx200t 2015f sport ប៉ុង១  ៤បេតុង,32500.0,32500.0,0.0,0,0.0,0,1.0,0.0,0,Lexus,NX200t,2015,used,Plate Number,Unknown,Unknown,Unknown,,,Phnom Penh,store,387311,Long hay,2026-08-16 16:17:23+07,2026-08-17 15:51:03.584859+07,2026-08-17 14:42:58+07
13893852,សាងលូវបាន Pruis 2015 option 4 តម្លៃពិសេស ម្ចាស់ដើម 😘😘😘,16800.0,16800.0,0.0,0,0.0,0,0.9,0.0,0,Unknown,Unknown,2015,used,Plate Number,Unknown,Unknown,Unknown,,,Phnom Penh,individual,559475,Tour 777,2026-08-16 18:52:56+07,2026-08-17 15:51:08.279376+07,2026-08-17 14:24:41+07
13896039,ឡានលក់ Le,16500.0,16500.0,0.0,0,0.0,0,4.0,0.0,0,Unknown,Unknown,2007,used,Plate Number,Unknown,Unknown,Unknown,,,Phnom Penh,store,601351,Kheng Koemhean,2026-08-17 11:03:51+07,2026-08-21 09:53:04.843505+07,2026-08-20 20:03:03+07
13896344,លក់ផែនថ្មីលះដាច់អត់ទាស់ កូរូលា03 2ARម្ចាស់ ម្ញែតMC,8900.0,8900.0,0.0,0,0.0,0,1.9,0.0,0,Unknown,Unknown,2003,used,Plate Number,Unknown,Unknown,Unknown,,,Phnom Penh,individual,200539,SH 098517408,2026-08-17 11:59:38+07,2026-08-19 09:48:20.913978+07,2026-08-19 09:19:45+07
13896383,Camry ឆ្នាំ07 ខួប50ឆ្នាំ full ពណ៍សកាំម៉ៃ ប្រភេទមេឡានស្អាត ទឹកថ្នាំស្រុីនមួយជុំ Anniversary Edition,14900.0,14900.0,0.0,0,0.0,0,3.1,0.0,0,Toyota,Camry,2007,used,Plate Number,Unknown,Unknown,Unknown,,,Phnom Penh,individual,1321156,Dy Thean,2026-08-17 12:08:26+07,2026-08-20 15:37:29.396302+07,2026-08-20 15:30:09+07
13896667,Sell Prius 09,10900.0,10900.0,0.0,0,0.0,0,3.1,0.0,0,Toyota,Prius,2009,used,Plate Number,Unknown,Unknown,Unknown,,,Phnom Penh,individual,427575,Leng,2026-08-17 13:10:17+07,2026-08-20 15:37:41.025477+07,2026-08-20 14:31:09+07
13897328,013 Pluging option 3 ម្ចាស់ដើម,17500.0,17500.0,0.0,0,0.0,0,0.0,0.0,0,Unknown,Unknown,2013,used,Plate Number,Unknown,Unknown,Unknown,,,Phnom Penh,individual,203394,ដេវីត David,2026-08-17 15:35:46+07,2026-08-17 15:50:53.940636+07,2026-08-17 15:35:46+07
13899056,Toyota Highlander 2003 V6 P1 ទឹកថ្នាំសុិន1ជុំ,13900.0,13900.0,0.0,0,0.0,0,3.1,0.0,0,Toyota,Highlander,2003,used,Plate Number,Unknown,Unknown,Unknown,,,Phnom Penh,store,464074,Bong Mong,2026-08-18 08:23:14+07,2026-08-21 09:53:06.056066+07,2026-08-18 08:23:14+07
13899991,Land Criuser ឆ្នាំ010 ឡើង021 ពណ៍ស កាំមេរ៉ា360 កញ្ចក់អូតូក្តោប,32500.0,32500.0,0.0,0,0.0,0,2.2,0.0,0,Unknown,Unknown,2010,used,Plate Number,Unknown,Unknown,Unknown,,,Phnom Penh,individual,341281,Mony roth,2026-08-18 11:01:21+07,2026-08-20 15:37:49.861751+07,2026-08-20 14:16:20+07
13901390,Zeekr  9X Black Knight version,139800.0,139800.0,0.0,0,0.0,0,0.1,0.0,0,Unknown,Unknown,2026,new,Tax Paper,Unknown,Unknown,Unknown,,,Phnom Penh,store,1167246,Ok Auto,2026-08-18 15:41:36+07,2026-08-18 17:19:04.374428+07,2026-08-18 15:41:36+07
13901448,Kia Ray 2014 Full Option Smart Key ឡានថ្មីដូចក្នុងរូប,9800.0,9800.0,0.0,0,0.0,0,0.1,0.0,0,Kia,Ray,2014,used,Tax Paper,Unknown,Unknown,Unknown,,,Phnom Penh,store,136974,ហ៊ែម៉ាលី អូតូ Hemaly Auto,2026-08-18 15:48:58+07,2026-08-18 17:19:03.459664+07,2026-08-18 15:48:58+07
13901589,05 half full,8700.0,8700.0,0.0,0,0.0,0,0.0,0.0,0,Unknown,Unknown,2005,used,Plate Number,Unknown,Unknown,Unknown,,,Phnom Penh,individual,543302,SOY SONY,2026-08-18 16:16:25+07,2026-08-18 17:19:00.456129+07,2026-08-18 16:16:25+07
13901643,2017 l Audi Q7 l Petrol 3.0L l Dealership Car,31500.0,31500.0,0.0,0,0.0,0,0.0,0.0,0,Audi,Q7,2017,used,Plate Number,Unknown,Unknown,Unknown,,,Phnom Penh,store,721389,Premium Luxury Cars,2026-08-18 16:27:25+07,2026-08-18 17:18:58.596107+07,2026-08-18 16:27:25+07
13901817,រថយន្តមួយទឹក Mercedes Benz GLS 600 2021 មិនមានប្រវត្តិបុកប៉ះ បាញ់ថ្នាំពីរកន្លែង,82000.0,82000.0,0.0,0,0.0,0,0.0,0.0,0,Mercedes-Benz,GLS,2021,used,Plate Number,Unknown,Unknown,Unknown,,,Phnom Penh,store,1254427,Chhour Sivmey,2026-08-18 17:10:45+07,2026-08-18 17:18:52.997731+07,2026-08-18 17:10:45+07
13902315,Pruis 05 Full Options,8350.0,8350.0,0.0,0,0.0,0,5.6,0.0,0,Toyota,Prius,2005,used,Plate Number,Unknown,Unknown,Unknown,,,Kampot,individual,196292,Samoeun អឿន,2026-08-18 20:21:02+07,2026-08-24 10:35:57.603407+07,2026-08-24 10:11:40+07
13902592,តំលៃពិសេស ឡានរៀបចំរួចរាល់Toyota Prius 2012 potion3 ក្រដាសពន្ធTell 077 227712 093 227712 (telegram),16600.0,16600.0,0.0,0,0.0,0,0.5,0.0,0,Toyota,Prius,2012,used,Tax Paper,Unknown,Unknown,Unknown,,,Phnom Penh,store,160574,ឡៃស្រ៊ុន 12,2026-08-18 22:40:22+07,2026-08-19 09:48:20.913322+07,2026-08-19 09:19:52+07
13903482,Sion04abs ម្ចាសដេីមសំនុំសុីន 5900$ចរចារ,5900.0,5900.0,0.0,0,0.0,0,0.0,0.0,0,Unknown,Unknown,2004,used,Tax Paper,Unknown,Unknown,Unknown,,,Phnom Penh,store,794657,សុភ្រ័ សុភ័ក្រ,2026-08-19 09:41:05+07,2026-08-19 09:48:04.755841+07,2026-08-19 09:41:05+07
13903519,🔥LexusLS460L 2013V8 សាំងតួវែងOptionVIP ផ្លាកលេខ 2222 ឡាននៅសំណុំទាំងអស់តម្លៃសាងអត់រៀប💰29800$💸,29800.0,29800.0,0.0,0,0.0,0,5.0,0.0,0,Unknown,Unknown,2013,used,Plate Number,Unknown,Unknown,Unknown,,,Phnom Penh,store,459123,MCS AUTO 2,2026-08-19 09:47:18+07,2026-08-24 10:36:01.63454+07,2026-08-24 10:00:18+07
13904422,Morning 2012 Smart-Key Full F-Sport ថ្មីស្អាតណាស់,8300.0,8300.0,0.0,0,0.0,0,4.9,0.0,0,Kia,Morning,2012,used,Tax Paper,Unknown,Unknown,Unknown,,,Phnom Penh,individual,1318180,Mr Sil,2026-08-19 12:52:35+07,2026-08-24 10:35:57.601318+07,2026-08-24 10:13:02+07
13908376,Toyota Prius 2006 half ឡានសាង យកទៅរៀបខ្លះ,8250.0,8250.0,0.0,0,0.0,0,0.1,0.0,0,Toyota,Prius,2006,used,Plate Number,Unknown,Unknown,Unknown,,,Phnom Penh,individual,667643,Ho Chanpech,2026-08-20 14:16:57+07,2026-08-20 15:37:49.859514+07,2026-08-20 14:16:57+07
13908406,2002ប៉ុង1លក់ដូសារី7800$ចរចារ,7800.0,7800.0,0.0,0,0.0,0,0.1,0.0,0,Unknown,Unknown,2002,used,Tax Paper,Unknown,Unknown,Unknown,,,Phnom Penh,store,794657,សុភ្រ័ សុភ័ក្រ,2026-08-20 14:22:25+07,2026-08-20 15:37:46.963322+07,2026-08-20 14:22:25+07
13908566,HONGQI HS3 /023 ម្ចាស់ដើម លក់,24550.0,24550.0,0.0,0,0.0,0,0.0,0.0,0,Hongqi,HS3 023,2023,used,Plate Number,Unknown,Unknown,Unknown,,,Phnom Penh,store,587215,ឃ្លាំងលក់រថយន្ត សំណាងហេង123,2026-08-20 14:55:49+07,2026-08-20 15:37:39.447755+07,2026-08-20 14:55:49+07
13908738,RAV4 2001p1បេីកតំបូលលក់7800$ចរចារ,7800.0,7800.0,0.0,0,0.0,0,0.0,0.0,0,Unknown,Unknown,2001,used,Tax Paper,Unknown,Unknown,Unknown,,,Phnom Penh,store,794657,សុភ្រ័ សុភ័ក្រ,2026-08-20 15:31:49+07,2026-08-20 15:37:29.393394+07,2026-08-20 15:31:49+07
13910633,Prius 05 JBL Full Option,8200.0,8200.0,0.0,0,0.0,0,0.0,0.0,0,Toyota,Prius,2005,used,Plate Number,Unknown,Unknown,Unknown,,,Phnom Penh,individual,767337,Hang Veasna,2026-08-21 09:29:40+07,2026-08-21 09:53:18.606817+07,2026-08-21 09:29:40+07
13910654,Toyota Rav4L 2002 ប៉ុង1,8600.0,8600.0,0.0,0,0.0,0,0.0,0.0,0,Toyota,Rav4L ប៉ុង1,2002,used,Plate Number,Unknown,Unknown,Unknown,,,Phnom Penh,store,432672,Phary Sakna,2026-08-21 09:33:44+07,2026-08-21 09:53:13.86121+07,2026-08-21 09:33:44+07
13910682,🚘 មហាសែនថ្មី  MG Zs 2020 ម្ចាស់ដេីម,13900.0,13900.0,0.0,0,0.0,0,0.0,0.0,0,MG,MG ZS,2020,used,Plate Number,Unknown,Unknown,Unknown,,,Phnom Penh,store,220959,Tong Tong Sale Car,2026-08-21 09:40:05+07,2026-08-21 09:53:11.222936+07,2026-08-21 09:40:05+07
13910729,ឡានលក់ឆ្នាំ 08 ប្រើម៉ាស៊ុត,7600.0,7600.0,0.0,0,0.0,0,0.0,0.0,0,Unknown,Unknown,2008,used,Plate Number,Unknown,Unknown,Unknown,,,Phnom Penh,individual,984368,Cvb ViSSNA ME,2026-08-21 09:49:31+07,2026-08-21 09:53:09.87503+07,2026-08-21 09:49:31+07
13913201,លក់Chevrolet Colorado 2013លេខដៃប៉ុង1,12000.0,12000.0,0.0,0,0.0,0,2.6,0.0,0,Chevrolet,Colorado,2013,used,Plate Number,Unknown,Unknown,Unknown,,,Phnom Penh,individual,493749,Heng Kimlong,2026-08-21 20:12:41+07,2026-08-24 10:35:52.585072+07,2026-08-24 10:24:24+07
13915231,BZ5 630km,31800.0,31800.0,0.0,0,0.0,0,1.9,0.0,0,Unknown,Unknown,2025,new,Tax Paper,Unknown,Unknown,Unknown,,,Phnom Penh,individual,1253838,CR Auto Penglay,2026-08-22 13:52:14+07,2026-08-24 10:35:57.602632+07,2026-08-24 10:12:38+07
13915574,RX330ប៉ុង1ពាក់កណ្ដាលហ្វូលអត់បុកអត់ប៉ះ,14800.0,14800.0,0.0,0,0.0,0,1.8,0.0,0,Lexus,RX330,2004,used,Plate Number,Unknown,Unknown,Unknown,,,Kampong Speu,individual,987040,រតនៈ,2026-08-22 15:16:01+07,2026-08-24 10:35:58.601508+07,2026-08-24 10:02:48+07
13916682,✅TOYOTA Pruis Prime Plugin Full Prime ✅ឆ្នាំ 2019 ឡានAuto Check 92✅ ក្រដាស់ពន្ធ,26500.0,26500.0,0.0,0,0.0,0,1.5,0.0,0,Toyota,Prius,2019,used,Plate Number,Unknown,Unknown,Unknown,,,Kampong Speu,individual,479095,ហូ តុលា,2026-08-22 21:29:13+07,2026-08-24 10:35:51.607123+07,2026-08-24 10:26:12+07
13921273,470.2000..9900$,9900.0,9900.0,0.0,0,0.0,0,0.0,0.0,0,Unknown,Unknown,2000,used,Tax Paper,Unknown,Unknown,Unknown,,,Phnom Penh,store,794657,សុភ្រ័ សុភ័ក្រ,2026-08-24 09:50:12+07,2026-08-24 10:36:07.60782+07,2026-08-24 09:50:12+07
13921439,ឡានលក់​ Toyota RAV4.L 2001 ប៉ុង2​ ពណ៌ទឹកប្រាក់​ ឡានស្អាត,6999.0,6999.0,0.0,0,0.0,0,0.0,0.0,0,Toyota,RAV4,2001,used,Plate Number,Unknown,Unknown,Unknown,,,Battambang,individual,346358,ទិញឡាន លក់ឡាន,2026-08-24 10:23:06+07,2026-08-24 10:35:53.577764+07,2026-08-24 10:23:06+07
13921455,"Camry year 2007, Abs, LE បើកដំបូល ពោង8",14900.0,14900.0,0.0,0,0.0,0,0.0,0.0,0,Toyota,Camry,2007,used,Plate Number,Unknown,Unknown,Unknown,,,Phnom Penh,store,191422,Oul Panha,2026-08-24 10:26:16+07,2026-08-24 10:35:51.606442+07,2026-08-24 10:26:16+07
13218946,Ford F-150 Raptor 2021  Full Opinion ឡានជិះផ្ទាល់ខ្លួន,99000.0,99000.0,0.0,0,0.0,0,177.6,0.0,0,Ford,Ranger Raptor,2021,used,Plate Number,Unknown,Unknown,Unknown,,,Phnom Penh,individual,38770,Kim Chhorng,2026-02-24 20:36:33+07,2026-08-21 09:53:06.05464+07,2026-08-20 19:17:24+07
13221410,Lexus LX470 2002  ហ្គាស់ហេីយ,15500.0,15500.0,0.0,0,0.0,0,176.9,0.0,0,Lexus,LX470,2002,used,Plate Number,Unknown,Unknown,Unknown,,,Phnom Penh,store,137180,ហេង​ ប៊ុនឈាង,2026-02-25 12:54:35+07,2026-08-21 09:53:18.608385+07,2026-08-21 09:29:03+07
13236085,2016 AMG GTS EDITION 1 FULL OPTION,115000.0,115000.0,0.0,0,0.0,0,175.9,0.0,0,Mercedes-Benz,AMG GTS,2016,used,Tax Paper,Unknown,Unknown,Unknown,,,Phnom Penh,store,245403,H99 Auto,2026-03-01 12:39:22+07,2026-08-24 10:36:00.5945+07,2026-08-24 10:15:05+07
13255683,PALISADE 2023 (9940km),56000.0,56000.0,0.0,0,0.0,0,168.0,0.0,0,Hyundai,PALISADE,2023,used,Plate Number,Unknown,Unknown,Unknown,,,Phnom Penh,store,519591,តាំង​ ម៉េងស្រ៊ុន,2026-03-06 09:31:30+07,2026-08-21 09:53:12.549856+07,2026-08-21 09:32:03+07
13276569,ឡានលក់ Toyota vios 014 ធានាឡានស្អាតអត់បុក១០០% ឯកសារគ្រប់ទិញពីម្ចាស់ដើម លេងគុជម៉ាញ៉េអែនត្រូយហើយ ។,11500.0,11500.0,0.0,0,0.0,0,162.1,0.0,0,Toyota,Vios,2014,used,Plate Number,Unknown,Unknown,Unknown,,,Phnom Penh,store,387311,Long hay,2026-03-11 13:55:51+07,2026-08-20 15:37:42.605038+07,2026-08-20 14:29:03+07
13289043,មេមេឡានស្អាតសន្លឹកពន្ធ មកដល់ៈ 2012” CT200H Lexus  ពណ៏ ប្រាក់ក្នុងខ្មៅ F sport Full premium 17mmiles,18900.0,18900.0,0.0,0,0.0,0,159.0,0.0,0,Lexus,CT200h,2012,used,Tax Paper,Unknown,Unknown,Unknown,,,Phnom Penh,store,41326,A97A AUTO,2026-03-14 14:59:55+07,2026-08-20 15:37:33.861343+07,2026-08-20 15:00:08+07
13292051,JMC VIGUS PLUS ស៊េរីឆ្នាំ 2026,32900.0,32900.0,0.0,0,0.0,0,156.1,0.0,0,Unknown,Unknown,2026,new,Tax Paper,Unknown,Unknown,Unknown,,,Phnom Penh,store,248528,JMC JMC,2026-03-15 13:49:34+07,2026-08-18 17:18:55.820733+07,2026-08-18 16:58:21+07
13294410,Tacoma 2012 ប៉ុង2 (4x4),24500.0,24500.0,0.0,0,0.0,0,156.0,0.0,0,Toyota,Tacoma,2012,used,Tax Paper,Unknown,Unknown,Unknown,,,Phnom Penh,store,143401,អុឹង ឆាយស្រ៊ុន23,2026-03-16 08:41:10+07,2026-08-19 09:48:15.437182+07,2026-08-19 09:30:08+07
13338098,2024 GAC GN8 Master Full (2100km),38800.0,38800.0,0.0,0,0.0,0,147.1,0.0,0,GAC,GN8,2024,used,Plate Number,Unknown,Unknown,Unknown,,,Phnom Penh,store,826670,Minnie Fung,2026-03-26 12:57:13+07,2026-08-20 15:37:51.430908+07,2026-08-20 14:00:18+07
13341309,🚘Mercedes S-Class 2015 Maybach Style | Luxury VIP 🔥,26888.0,26888.0,0.0,0,0.0,0,144.3,0.0,0,Mercedes-Benz,S-Class,2015,used,Plate Number,Unknown,Unknown,Unknown,,,Phnom Penh,store,1109538,Long,2026-03-27 10:14:44+07,2026-08-18 17:18:54.868796+07,2026-08-18 17:00:06+07
13346191,Toyota Prado Diesel VXL for Sale,28900.0,28900.0,0.0,0,0.0,0,145.8,0.0,0,Toyota,Land Cruiser Prado,2010,used,Plate Number,Unknown,Unknown,Unknown,,,Phnom Penh,individual,104065,Lucky HSP,2026-03-28 14:54:24+07,2026-08-21 09:53:22.425667+07,2026-08-21 09:17:57+07
13347282,🔥HyundaiTucson 022កាន់💰8500$💸ដកឡានភ្លាមបង់រំលស់ជាមួយឃ្លាំងផ្ទាល់,24800.0,24800.0,0.0,0,0.0,0,148.6,0.0,0,Unknown,Unknown,2022,used,Plate Number,Unknown,Unknown,Unknown,,,Phnom Penh,store,459645,MCS AUTO,2026-03-28 21:15:54+07,2026-08-24 10:35:58.605743+07,2026-08-24 10:00:18+07
13365790,2019 Ford Ranger Wildtrak,36500.0,36500.0,0.0,0,0.0,0,140.7,0.0,0,Ford,Ranger Wildtrak,2019,used,Plate Number,Unknown,Unknown,Unknown,,,Phnom Penh,store,843591,MR 99,2026-04-02 16:12:49+07,2026-08-21 09:53:12.549924+07,2026-08-21 09:32:03+07
13368388,New JMC VIGUS PLUS ( modified sport ),33900.0,33900.0,0.0,0,0.0,0,137.3,0.0,0,Unknown,Unknown,2026,new,Tax Paper,Unknown,Unknown,Unknown,,,Phnom Penh,store,248528,JMC JMC,2026-04-03 10:47:17+07,2026-08-18 17:18:55.820733+07,2026-08-18 16:58:22+07
13370600,Toyota tundra 2007 up to 2021 ប៉ុង2 limited,18500.0,18500.0,0.0,0,0.0,0,142.7,0.0,0,Toyota,Tundra,2007,used,Plate Number,Unknown,Unknown,Unknown,,,Phnom Penh,store,137180,ហេង​ ប៊ុនឈាង,2026-04-03 18:49:25+07,2026-08-24 10:36:08.596235+07,2026-08-24 09:49:03+07
13461675,🔥RangeVogue014 V6សាំង  ឡានមូលអត់បុកប៉ះ ម៉ាសុីនប្រអប់លេខអ៊ែម ឈ្នាន់អូតូ ទូរទឹកកក,23500.0,23500.0,0.0,0,0.0,0,115.8,0.0,0,Unknown,Unknown,2014,used,Plate Number,Unknown,Unknown,Unknown,,,Phnom Penh,store,459123,MCS AUTO 2,2026-04-30 15:03:26+07,2026-08-24 10:36:01.625154+07,2026-08-24 10:00:18+07
13468813,Deepal S05 Ultra (មានរំលស់),25800.0,25800.0,0.0,0,0.0,0,110.1,0.0,0,Changan,Deepal S05,2026,new,Tax Paper,Unknown,Unknown,Unknown,,,Phnom Penh,store,15488,NK AUTO,2026-05-02 14:01:06+07,2026-08-20 15:37:51.428975+07,2026-08-20 14:00:18+07
13468836,2023 Lexus RX500h F-Sport,99000.0,99000.0,0.0,0,0.0,0,113.9,0.0,0,Lexus,RX500h F-Sport,2023,used,Plate Number,Unknown,Unknown,Unknown,,,Phnom Penh,store,315330,SKM Car,2026-05-02 14:03:24+07,2026-08-24 10:36:07.60782+07,2026-08-24 09:50:05+07
13470526,Alphard 2019 V6 3.5 ម្ចាស់ដើម,69999.0,69999.0,0.0,0,0.0,0,107.5,0.0,0,Toyota,Alphard,2019,used,Plate Number,Unknown,Unknown,Unknown,,,Phnom Penh,store,438645,Heng Han,2026-05-03 06:22:56+07,2026-08-18 17:18:58.598111+07,2026-08-18 16:26:02+07
13480654,Toyota Prius 2013 តំបូលសូឡារ ថ្នាំហ្សីន 97% ខ្ចៅ 7 ព៌ណ,21200.0,21200.0,0.0,0,0.0,0,107.6,0.0,0,Toyota,Prius,2013,used,Tax Paper,Unknown,Unknown,Unknown,,,Phnom Penh,store,325300,Expert Auto,2026-05-05 18:38:04+07,2026-08-21 09:53:11.223553+07,2026-08-21 09:39:05+07
13496027,Chang an Q05 MAX 2026,21800.0,21800.0,0.0,0,0.0,0,106.9,0.0,0,Changan,Q05,2026,new,Tax Paper,Unknown,Unknown,Unknown,,,Phnom Penh,store,1195836,LT Auto Du,2026-05-09 12:09:08+07,2026-08-24 10:36:01.62584+07,2026-08-24 10:00:18+07
13500874,ឡានលក់ Ford Ranger Wildtrak 2023 | ម្ចាស់ដើម | គ្មានបុក គ្មានប្តូរគ្រឿងFord Ranger Wildtrak 2023,43000.0,43000.0,0.0,0,0.0,0,105.7,0.0,0,Ford,Ranger Wildtrak,2023,used,Tax Paper,Unknown,Unknown,Unknown,,,Phnom Penh,individual,389170,JK,2026-05-10 18:53:37+07,2026-08-24 10:35:57.604516+07,2026-08-24 10:10:29+07
13516162,Toyota Highlander 2003 V4,13500.0,13500.0,0.0,0,0.0,0,96.9,0.0,0,Toyota,Highlander,2003,used,Plate Number,Unknown,Unknown,Unknown,,,Phnom Penh,individual,421034,CSK សុី អេស ខេ Auto Car ទិញ  លក់ នឹងបង់រំលោះរថយន្តគ្រប,2026-05-14 11:22:52+07,2026-08-19 09:48:23.682056+07,2026-08-19 09:09:20+07
13516672,Ford bronco spot 2021 full option,25500.0,25500.0,0.0,0,0.0,0,98.9,0.0,0,Ford,Bronco,2021,used,Plate Number,Unknown,Unknown,Unknown,,,Phnom Penh,store,260696,Kz Vern,2026-05-14 13:00:43+07,2026-08-21 09:53:24.912104+07,2026-08-21 09:13:30+07
13543214,Xpeng X9,66900.0,66900.0,0.0,0,0.0,0,90.9,0.0,0,Unknown,Unknown,2025,new,Tax Paper,Unknown,Unknown,Unknown,,,Phnom Penh,store,1103626,Regal Motors,2026-05-20 13:14:19+07,2026-08-19 09:48:12.662003+07,2026-08-19 09:30:08+07
13547446,14800$ចរចារ Ford2019 Ecosport,14800.0,14800.0,0.0,0,0.0,0,91.9,0.0,0,Ford,EcoSport,2019,used,Plate Number,Unknown,Unknown,Unknown,,,Phnom Penh,individual,1288383,Van,2026-05-21 12:08:15+07,2026-08-21 09:53:21.102674+07,2026-08-21 09:24:54+07
13547961,Toyota Land Cruiser 2013,48500.0,48500.0,0.0,0,0.0,0,89.2,0.0,0,Toyota,Land Cruiser,2013,used,Plate Number,Unknown,Unknown,Unknown,,,Phnom Penh,store,718336,Cheang veng,2026-05-21 13:37:28+07,2026-08-18 17:19:00.458133+07,2026-08-18 16:09:05+07
13552950,ឆ្នាំ 2021 full option ទ្វារអូតូ 3 សន្លឹកក្នុងលឿង​ តម្លៃចចារ,28300.0,28300.0,0.0,0,0.0,0,90.8,0.0,0,Unknown,Unknown,2021,used,Tax Paper,Unknown,Unknown,Unknown,,,Phnom Penh,individual,1046398,ឆៃហុង លី,2026-05-22 14:40:18+07,2026-08-21 09:53:06.055798+07,2026-08-20 11:30:09+07
13555716,Toyota razie 2026 តម្លៃពិសេស,22300.0,22300.0,0.0,0,0.0,0,90.0,0.0,0,Toyota,razie តម្លៃពិសេស,2026,new,Tax Paper,Unknown,Unknown,Unknown,,,Phnom Penh,store,97796,Toyota VIP,2026-05-23 10:03:23+07,2026-08-21 09:53:18.610797+07,2026-08-21 09:28:03+07
13572780,Avatr Max plus 2026,42300.0,42300.0,0.0,0,0.0,0,88.9,0.0,0,Avatr,Avatr Max,2026,new,Tax Paper,Unknown,Unknown,Unknown,,,Phnom Penh,store,98066,ST 265 Auto,2026-05-27 11:52:08+07,2026-08-24 10:35:51.602503+07,2026-08-24 08:00:06+07
13611291,Lexus RX300 2020 F-Sport ថ្នាំសុីនមួយជុំ ប្រេីតិចគីឡូ Speac Twain,68500.0,68500.0,0.0,0,0.0,0,79.8,0.0,0,Lexus,RX300,2020,used,Plate Number,Unknown,Unknown,Unknown,,,Phnom Penh,store,781869,RITH AutoCar7777,2026-06-05 14:50:10+07,2026-08-24 10:35:52.585072+07,2026-08-24 10:24:19+07
13623768,Sale Hyundai H1 2019,18300.0,18300.0,0.0,0,0.0,0,73.6,0.0,0,Hyundai,H1,2019,used,Plate Number,Unknown,Unknown,Unknown,,,Phnom Penh,individual,33524,chhunhong,2026-06-08 20:24:10+07,2026-08-21 09:53:26.239711+07,2026-08-21 09:10:38+07
13634230,Highlander 03 limited ប៉ុង1,14500.0,14800.0,300.0,1,0.0,0,71.0,0.0,0,Toyota,Highlander,2003,used,Plate Number,Unknown,Unknown,Unknown,,,Phnom Penh,store,385708,Hea Sinh,2026-06-11 10:18:09+07,2026-08-21 09:53:26.242769+07,2026-08-21 09:10:05+07
13653969,HYLANDER 2003 V6 P1,14900.0,14900.0,0.0,0,0.0,0,69.1,0.0,0,Unknown,Unknown,2003,used,Tax Paper,Unknown,Unknown,Unknown,,,Phnom Penh,store,789501,Kung Mengkorng,2026-06-16 09:13:02+07,2026-08-24 10:36:04.652488+07,2026-08-24 09:56:47+07
13655263,TOYOTA Prius 2010 Option4,16500.0,16500.0,0.0,0,0.0,0,62.1,0.0,0,Toyota,Prius,2010,used,Plate Number,Unknown,Unknown,Unknown,,,Battambang,individual,162882,Bong Leng,2026-06-16 13:18:34+07,2026-08-17 15:51:06.479952+07,2026-08-17 14:26:08+07
13658409,Toyota Hilux Revo Rally ឆ្នាំ 2021 Full option,39800.0,39800.0,0.0,0,0.0,0,68.0,0.0,0,Toyota,Hilux Revo Rally,2021,used,Plate Number,Unknown,Unknown,Unknown,,,Phnom Penh,store,530124,108 Auto car dealer,2026-06-17 10:22:38+07,2026-08-24 10:36:08.602083+07,2026-08-24 09:48:03+07
13662964,Lexus LX470,13800.0,13800.0,0.0,0,0.0,0,62.0,0.0,0,Lexus,LX470,2003,used,Plate Number,Unknown,Unknown,Unknown,,,Phnom Penh,individual,926980,លីហួរ ហួរ,2026-06-18 10:40:00+07,2026-08-19 09:48:23.678942+07,2026-08-19 09:10:26+07
13666919,ឡានលក់ HLD ឆ្នាំ01 ប៉ុង1 Limited,12800.0,12800.0,0.0,0,0.0,0,62.2,0.0,0,Unknown,Unknown,2001,used,Plate Number,Unknown,Unknown,Unknown,,,Phnom Penh,store,182449,ឃ្លាំង នីហេង,2026-06-19 10:16:56+07,2026-08-20 15:37:42.602261+07,2026-08-20 14:30:10+07
13674523,ទេីបរៀបចំរួចហេីយមហាថ្មីណាស់ full premiumបេីកកំបូលអេក្រងធំ mouse,20300.0,20300.0,0.0,0,0.0,0,57.2,0.0,0,Unknown,Unknown,2012,used,Tax Paper,Unknown,Unknown,Unknown,,,Phnom Penh,store,254040,Vong Sarath,2026-06-21 10:49:56+07,2026-08-17 15:51:01.72622+07,2026-08-17 14:50:09+07
13676818,Rx450h 2012 full Advanced,32000.0,32000.0,0.0,0,0.0,0,63.5,0.0,0,Lexus,Rx450h,2012,used,Tax Paper,Unknown,Unknown,Unknown,,,Phnom Penh,store,21641,Sky sky,2026-06-21 21:28:57+07,2026-08-24 10:36:08.602083+07,2026-08-24 09:48:03+07
13680127,Toyota Hilux Rally 2023,44300.0,44300.0,0.0,0,0.0,0,57.1,0.0,0,Toyota,Hilux,2023,used,Plate Number,Unknown,Unknown,Unknown,,,Kandal,store,257475,CMC,2026-06-22 16:06:49+07,2026-08-18 17:19:03.459664+07,2026-08-18 15:48:02+07
13685911,🔥MercedesC300 015កាន់💰9000$💸ដកឡានភ្លាមបង់រំលស់ជាមួយឃ្លាំងផ្ទាល់,27500.0,27500.0,0.0,0,0.0,0,61.5,0.0,0,Unknown,Unknown,2015,used,Tax Paper,Unknown,Unknown,Unknown,,,Phnom Penh,store,459123,MCS AUTO 2,2026-06-23 21:50:38+07,2026-08-24 10:36:01.62584+07,2026-08-24 10:00:18+07
13690116,TOYOTA RALLY 2020 full options,37800.0,37800.0,0.0,0,0.0,0,55.0,0.0,0,Toyota,RALLY,2020,used,Plate Number,Unknown,Unknown,Unknown,,,Phnom Penh,store,262222,Ken Ken,2026-06-24 16:46:33+07,2026-08-18 17:18:53.941945+07,2026-08-18 17:00:06+07
13695636,Dodge Hellcat,36000.0,36000.0,0.0,0,0.0,0,59.1,0.0,0,Dodge,Hellcat,2016,used,Plate Number,Unknown,Unknown,Unknown,,,Phnom Penh,store,1062323,Kevin Q i,2026-06-26 08:04:42+07,2026-08-24 10:35:49.617808+07,2026-08-23 09:15:10+07
13715280,TOYOTA ALPHARD 2016 UP TO 2025 SC OPTION,45500.0,45500.0,0.0,0,0.0,0,51.0,0.0,0,Toyota,Alphard,2016,used,Tax Paper,Unknown,Unknown,Unknown,,,Phnom Penh,store,1181728,Mr ALPHARD 598,2026-07-01 09:19:38+07,2026-08-21 09:53:27.391391+07,2026-08-21 09:09:02+07
13730437,លក់បន្ទាន់ ឡានស្អាតគ្មានទាស់ ឆ្នាំ2000 ប៉ុង ២ រៀបចំរួចស្អាត,10700.0,10700.0,0.0,0,0.0,0,46.4,0.0,0,Unknown,Unknown,2000,used,Plate Number,Unknown,Unknown,Unknown,,,Phnom Penh,individual,265899,កុំ កុំ,2026-07-05 06:41:50+07,2026-08-20 15:37:35.452458+07,2026-08-20 15:06:21+07
13731825,Alphard 011 for sale ម្ចាស់ដើម,17500.0,17500.0,0.0,0,0.0,0,43.1,0.0,0,Toyota,Alphard,2011,used,Plate Number,Unknown,Unknown,Unknown,,,Preah Sihanouk,individual,133357,Haklieng Oeng,2026-07-05 13:39:15+07,2026-08-17 15:50:55.88556+07,2026-08-17 15:16:36+07
13734630,Custin VIP 7កៅអី,39900.0,39900.0,0.0,0,0.0,0,45.2,0.0,0,Hyundai,Custin,2025,new,Tax Paper,Unknown,Unknown,Unknown,,,Phnom Penh,store,477448,Va Seanghor,2026-07-06 10:42:43+07,2026-08-20 15:37:29.393862+07,2026-08-20 15:31:44+07
13738215,លក់,32500.0,32500.0,0.0,0,0.0,0,42.4,0.0,0,Unknown,Unknown,2020,used,Plate Number,Unknown,Unknown,Unknown,,,Phnom Penh,store,225821,Sarun Man,2026-07-07 08:24:36+07,2026-08-18 17:18:59.537238+07,2026-08-18 16:22:03+07
13743343,010 option 3 ឡានស្អាត,16700.0,16700.0,0.0,0,0.0,0,41.9,0.0,0,Unknown,Unknown,2010,used,Plate Number,Unknown,Unknown,Unknown,,,Kandal,individual,1168281,Kit Meng,2026-07-08 11:06:58+07,2026-08-19 09:48:06.125021+07,2026-08-19 09:32:22+07
13744666,Avatr 07 Elite,38900.0,38900.0,0.0,0,0.0,0,43.8,0.0,0,Avatr,Avatr 07,2026,new,Tax Paper,Unknown,Unknown,Unknown,,,Phnom Penh,store,1103626,Regal Motors,2026-07-08 15:14:44+07,2026-08-21 09:53:16.324748+07,2026-08-21 09:30:12+07
13747200,Changan Deep Bluet S05 620km,25800.0,25800.0,0.0,0,0.0,0,42.2,0.0,0,Changan,Deepal S05,2026,new,Tax Paper,Unknown,Unknown,Unknown,,,Phnom Penh,store,1286497,litianze li,2026-07-09 09:41:36+07,2026-08-20 15:37:46.962644+07,2026-08-20 14:22:49+07
13750136,Lexus LM VIP 4 កៅអី,195000.0,195000.0,0.0,0,0.0,0,39.9,0.0,0,Lexus,LM VIP 4,2025,used,Plate Number,Unknown,Unknown,Unknown,,,Phnom Penh,store,371744,Premium auto,2026-07-09 20:30:08+07,2026-08-18 17:18:59.540261+07,2026-08-18 16:19:24+07
13752921,Hilux Travo Vedition 2027,46500.0,46500.0,0.0,0,0.0,0,39.1,0.0,0,Toyota,Hilux,2027,new,Tax Paper,Unknown,Unknown,Unknown,,,Phnom Penh,store,1260442,Toyota Hilux Travo,2026-07-10 14:24:06+07,2026-08-18 17:18:53.941945+07,2026-08-18 17:00:06+07
13763264,Defender 110 p400 2021 តម្លៃពិសេស,68000.0,68000.0,0.0,0,0.0,0,42.0,0.0,0,Land Rover,Defender 110,2021,used,Plate Number,Unknown,Unknown,Unknown,,,Phnom Penh,store,282714,3T 777 Auto,2026-07-13 11:33:15+07,2026-08-24 10:36:03.644366+07,2026-08-24 09:59:10+07
13764139,Prius 2015 Option 2,17500.0,17500.0,0.0,0,0.0,0,36.8,0.0,0,Toyota,Prius,2015,used,Tax Paper,Unknown,Unknown,Unknown,,,Phnom Penh,store,570612,Ieng Meng Lee,2026-07-13 14:30:12+07,2026-08-19 09:48:06.127714+07,2026-08-19 09:30:56+07
13767206,Land Cruiser 2012 V8 VIP Full ម៉ាស៊ូត Diesel គ្រឿងហ្សុីន,49500.0,49500.0,0.0,0,0.0,0,38.0,0.0,0,Toyota,Land Cruiser,2012,used,Plate Number,Unknown,Unknown,Unknown,,,Phnom Penh,store,639655,TKH7777 AUTO(ភាពថ្លៃថ្នូរ គឺជាពាក្យសន្យា)កុហុកស្មើនិងបោកប្រាក់,2026-07-14 10:17:43+07,2026-08-21 09:53:04.840901+07,2026-07-20 10:45:15+07
13771025,ប្រុនធា1តោនកន្លះឆ្នាំ02ប៉ុងធំ,11000.0,11000.0,0.0,0,0.0,0,37.0,0.0,0,Unknown,Unknown,2002,used,Plate Number,Unknown,Unknown,Unknown,,,Phnom Penh,store,334620,ព្រុំ សា វឿន,2026-07-15 09:54:05+07,2026-08-21 09:53:26.241415+07,2026-08-21 09:10:05+07
13775385,ប្រូម៉ូសិន​ត្រឹមតែ​ 5នាក់​ប៉ុណ្ណោះ​! មុន​បុណ្យ​ភ្ជុំបិណ្ឌ​,7900.0,7900.0,0.0,0,0.0,0,33.3,0.0,0,Unknown,Unknown,2013,used,Tax Paper,Unknown,Unknown,Unknown,,,Phnom Penh,store,284758,Vet UtDom,2026-07-16 11:03:09+07,2026-08-18 17:18:52.052057+07,2026-08-18 06:35:03+07
13775502,FORD RANGER WILDTRAK 2019 3.2L,30000.0,30000.0,0.0,0,0.0,0,35.2,0.0,0,Ford,Ranger Wildtrak,2019,used,Plate Number,Unknown,Unknown,Unknown,,,Phnom Penh,store,791735,Hong Chhunheng,2026-07-16 11:29:41+07,2026-08-20 15:37:29.397025+07,2026-08-20 15:30:09+07
13779215,លក់ឡានធូរថ្លៃ​ Toyota​ Tacoma ​ឆ្នាំ1997 V4 តួទាបទ្រុងវែង,5700.0,5700.0,0.0,0,0.0,0,34.2,0.0,0,Toyota,Tacoma,1997,used,Plate Number,Unknown,Unknown,Unknown,,,Phnom Penh,store,557534,សារ៉ុម រាជសីហ៍ លក់រថយន្តគ្រប់ប្រភេទ,2026-07-17 11:20:57+07,2026-08-20 15:37:23.594018+07,2026-08-20 11:33:02+07
13781281,"Ford Wildtrak 2023 , ស្លាកលេខ​ ម្ចាស់ដេីម​ទិញខ្លាញ់គោ​",42700.0,42700.0,0.0,0,0.0,0,31.8,0.0,0,Ford,"Wildtrak , ស្លាកលេខ​",2023,used,Plate Number,Unknown,Unknown,Unknown,,,Phnom Penh,store,354084,ThyNa Car Seat,2026-07-17 21:08:07+07,2026-08-18 17:18:57.645838+07,2026-08-18 16:36:25+07
13794841,DEEPAL S05 Ultra 2026,25800.0,25800.0,0.0,0,0.0,0,28.1,0.0,0,Unknown,Unknown,2026,new,Tax Paper,Unknown,Unknown,Unknown,,,Phnom Penh,store,1249350,Siev Orng,2026-07-21 14:43:27+07,2026-08-18 17:19:02.521185+07,2026-08-18 15:59:02+07
13797430,STARIA 2022 11កៅអី,27800.0,27800.0,0.0,0,0.0,0,29.2,0.0,0,Hyundai,STARIA,2022,used,Tax Paper,Unknown,Unknown,Unknown,,,Phnom Penh,store,1224932,ChaoFan Auto,2026-07-22 10:12:57+07,2026-08-20 15:37:32.542818+07,2026-08-20 15:01:51+07
13797868,💥 TOYOTA_PRIUS_2009_Full ប្រាក់,11500.0,11500.0,0.0,0,0.0,0,29.2,0.0,0,Toyota,Prius,2009,used,Plate Number,Unknown,Unknown,Unknown,,,Phnom Penh,store,25911,Visot Tun,2026-07-22 11:34:11+07,2026-08-20 15:37:51.431936+07,2026-08-20 14:00:18+07
13803557,"Jeep Wrangler Rubicon 2021 , V4 សាំង​ , Full Option",59500.0,59500.0,0.0,0,0.0,0,25.9,0.0,0,Jeep,Wrangler Rubicon,2021,used,Plate Number,Unknown,Unknown,Unknown,,,Phnom Penh,store,354084,ThyNa Car Seat,2026-07-23 20:05:45+07,2026-08-18 17:18:57.645838+07,2026-08-18 16:35:55+07
13809656,Lexus rx330,14900.0,14900.0,0.0,0,0.0,0,24.2,0.0,0,Lexus,RX330,2004,used,Plate Number,Unknown,Unknown,Unknown,,,Phnom Penh,store,101434,បង ទី,2026-07-25 13:35:52+07,2026-08-18 17:18:57.645838+07,2026-08-18 16:36:03+07
13810598,010 Option 4 ឡានថ្មីទឹមរៀបហើយ,15900.0,15900.0,0.0,0,0.0,0,24.0,0.0,0,Unknown,Unknown,2010,used,Tax Paper,Unknown,Unknown,Unknown,,,Phnom Penh,store,327598,Pisith Sith,2026-07-25 18:02:52+07,2026-08-18 17:18:53.937947+07,2026-08-18 17:02:02+07
13810789,Lexus LX570 Super Sport 2018,105000.0,105000.0,0.0,0,0.0,0,26.6,0.0,0,Lexus,LX570,2018,used,Plate Number,Unknown,Unknown,Unknown,,,Phnom Penh,individual,14366,Kimleang,2026-07-25 19:28:48+07,2026-08-21 09:53:23.574078+07,2026-08-21 09:16:02+07
13813441,Mitsubishi triton 2023 អូតូកាពីតាស់ ឡានឆ្វេងសុីន,29800.0,29800.0,0.0,0,0.0,0,22.0,0.0,0,Mitsubishi,Triton,2023,used,Plate Number,Unknown,Unknown,Unknown,,,Siem Reap,store,396769,sour Sok Kouch,2026-07-26 16:43:25+07,2026-08-17 15:51:06.454179+07,2026-08-17 14:28:48+07
13814035,Lx450D 2017 up 570 Kuro 2022 ឡានស្អាតតម្លៃល្អក្រោមទីផ្សារ 57000$ ចរចា 093495611 Telegram,57000.0,57000.0,0.0,0,0.0,0,24.7,0.0,0,Unknown,Unknown,2017,used,Plate Number,Unknown,Unknown,Unknown,,,Phnom Penh,individual,706195,Kim Heng,2026-07-26 21:51:05+07,2026-08-20 15:37:44.211796+07,2026-08-20 14:27:43+07
13817570,Prius(2014)ទើបមកដល់ថ្មី,17999.0,17999.0,0.0,0,0.0,0,24.7,0.0,0,Toyota,Prius,2014,used,Tax Paper,Unknown,Unknown,Unknown,,,Phnom Penh,store,1064841,វេត ពូ,2026-07-27 17:52:40+07,2026-08-21 09:53:19.757071+07,2026-08-21 09:21:07+07
13818422,"Xforce ទិញថ្មីពីក្រុមហ៊ុន $29,500",29500.0,29500.0,0.0,0,0.0,0,22.5,0.0,0,Mitsubishi,Xforce,2025,used,Plate Number,Unknown,Unknown,Unknown,,,Phnom Penh,individual,214124,Da ra,2026-07-27 22:02:13+07,2026-08-19 09:48:11.443241+07,2026-08-19 09:25:52+07
13820555,2001 ប៉ុង ១ ម្ចាស់ទី ឡានស្អាតណាស់ ស្រីន 1 ជុំ,11950.0,11950.0,0.0,0,0.0,0,23.1,0.0,0,Unknown,Unknown,2001,used,Plate Number,Unknown,Unknown,Unknown,,,Phnom Penh,individual,529596,Cat Kim,2026-07-28 12:19:35+07,2026-08-20 15:37:39.452726+07,2026-08-20 14:51:01+07
13826085,2019 LX570 Black Edition S 黒 KURO,116800.0,116800.0,0.0,0,0.0,0,19.9,0.0,0,Lexus,LX570,2019,used,Plate Number,Unknown,Unknown,Unknown,,,Phnom Penh,store,180713,LimLy Auto,2026-07-29 20:19:24+07,2026-08-18 17:18:57.649847+07,2026-08-18 16:30:08+07
13827570,ឡានលក់,22000.0,22000.0,0.0,0,0.0,0,22.0,0.0,0,Unknown,Unknown,2022,used,Plate Number,Unknown,Unknown,Unknown,,,Phnom Penh,individual,153734,មុន្នីរ័ត្នសំអាងការ និងសាឡន,2026-07-30 09:49:18+07,2026-08-21 09:53:06.051328+07,2026-08-15 11:32:28+07
13828610,Camry03 Le ឡានស្អាត,9900.0,9900.0,0.0,0,0.0,0,19.9,0.0,0,Unknown,Unknown,2003,used,Plate Number,Unknown,Unknown,Unknown,,,Phnom Penh,store,578223,Siv Meng,2026-07-30 12:47:49+07,2026-08-19 09:48:22.300754+07,2026-08-19 09:17:42+07
13832073,"Toyota Prius 010 op4តំលឌ13,500$ចរចារឡានស្អាត់ម្ចាស់លក់ប្ដូសេរី",13500.0,13500.0,0.0,0,0.0,0,17.2,0.0,0,Toyota,Prius,2010,used,Plate Number,Unknown,Unknown,Unknown,,,Kandal,individual,1072497,Sokhouen Khim,2026-07-31 10:07:35+07,2026-08-17 15:51:00.754488+07,2026-08-17 14:56:46+07
13833961,Lexus NX200T 2017 F sport,37000.0,37000.0,0.0,0,0.0,0,23.7,0.0,0,Lexus,NX200t,2017,used,Plate Number,Unknown,Unknown,Unknown,,,Phnom Penh,store,376549,Sara Vuth79,2026-07-31 17:02:14+07,2026-08-24 10:36:04.652488+07,2026-08-24 09:57:03+07
13835929,Hyundai H1 2019,17500.0,17500.0,0.0,0,0.0,0,17.2,0.0,0,Hyundai,H1,2019,used,Plate Number,Unknown,Unknown,Unknown,,,Phnom Penh,store,1235359,小民 靓仔,2026-08-01 13:12:23+07,2026-08-18 17:18:50.184372+07,2026-08-07 10:36:25+07
13838316,AVATAR 11 Max 2026 RANGE 815km,55900.0,55900.0,0.0,0,0.0,0,19.0,0.0,0,Unknown,Unknown,2026,new,Tax Paper,Unknown,Unknown,Unknown,,,Phnom Penh,store,816654,Thai kimhuy,2026-08-02 09:40:08+07,2026-08-21 09:53:08.54602+07,2026-08-21 09:36:01+07
13841659,ORA GOOD CAT GT 2024,18500.0,18500.0,0.0,0,0.0,0,17.3,0.0,0,Unknown,Unknown,2024,used,Plate Number,Unknown,Unknown,Unknown,,,Phnom Penh,store,1081857,Chealing You,2026-08-03 09:00:38+07,2026-08-20 15:37:49.860727+07,2026-08-20 14:16:27+07
13841811,Mercedes-Benz S400L 2015 Up Maybach,33800.0,33800.0,0.0,0,0.0,0,17.3,0.0,0,Mercedes-Benz,S400L Up Maybach,2015,used,Plate Number,Unknown,Unknown,Unknown,,,Phnom Penh,store,1081857,Chealing You,2026-08-03 09:31:22+07,2026-08-20 15:37:49.859833+07,2026-08-20 14:16:40+07
13846124,Kia carnival 2021 Full,29800.0,29800.0,0.0,0,0.0,0,20.0,0.0,0,Kia,Carnival,2021,used,Plate Number,Unknown,Unknown,Unknown,,,Phnom Penh,store,8224,iG Auto ទិញ លក់ &amp; បង់រំលោះរថយន្ត,2026-08-04 09:57:30+07,2026-08-24 10:36:04.652488+07,2026-08-24 09:57:03+07
13847142,2022 MAXUS D60 កៅអី​ ៣​ ជួរ​ (៧​ កៅអី),20000.0,20000.0,0.0,0,0.0,0,16.9,0.0,0,Unknown,Unknown,2022,used,Plate Number,Unknown,Unknown,Unknown,,,Phnom Penh,store,71893,Best Friend,2026-08-04 13:09:01+07,2026-08-21 09:53:18.606378+07,2026-08-21 09:30:12+07
13847282,Kia morning f-sports full option smart key,7977.0,7977.0,0.0,0,0.0,0,14.8,0.0,0,Kia,Morning,2012,used,Plate Number,Unknown,Unknown,Unknown,,,Phnom Penh,individual,116688,Unknown,2026-08-04 13:33:19+07,2026-08-19 09:48:11.442199+07,2026-08-19 09:26:19+07
13848058,Prius 2006 full,8700.0,8700.0,0.0,0,0.0,0,13.0,0.0,0,Toyota,Prius,2026,used,Plate Number,Unknown,Unknown,Unknown,,,Phnom Penh,store,600718,Sophal Stronger,2026-08-04 15:46:44+07,2026-08-17 15:50:57.836801+07,2026-08-17 15:09:03+07
13849572,05v4p1 ឡានស្អាត ម្ចាស់ផ្ទាល់,17200.0,17200.0,0.0,0,0.0,0,15.4,0.0,0,Unknown,Unknown,2005,used,Plate Number,Unknown,Unknown,Unknown,,,Kandal,individual,1317098,Sari Na,2026-08-05 06:26:02+07,2026-08-20 15:37:51.428677+07,2026-08-20 14:00:37+07
13851976,2024 LEXUS LX 600 Luxury Black Edition AWD,186156.0,187499.0,1343.0,1,0.0,0,15.0,0.0,0,Lexus,LX600,2024,used,Tax Paper,Unknown,Unknown,Unknown,,,Phnom Penh,store,677537,"AUTO US DIRECT CO., LTD",2026-08-05 15:21:03+07,2026-08-20 15:37:24.917466+07,2026-08-05 15:21:03+07
13852105,ខ្ចីណាស់ 330 ពាក់កណ្ដាល ប៉ុង១ 😍😘,20900.0,20900.0,0.0,0,0.0,0,12.0,0.0,0,Unknown,Unknown,2004,used,Plate Number,Unknown,Unknown,Unknown,,,Phnom Penh,store,388346,p-10365366,2026-08-05 15:41:33+07,2026-08-17 15:51:03.564414+07,2026-08-17 14:43:10+07
13852979,Prius option 5 plug in,17900.0,17900.0,0.0,0,0.0,0,13.6,0.0,0,Toyota,Prius,2012,used,Plate Number,Unknown,Unknown,Unknown,,,Phnom Penh,store,242346,Pen samborn,2026-08-05 19:43:40+07,2026-08-19 09:48:22.30202+07,2026-08-19 09:17:06+07
13855486,Toyota Raize 2026 តម្លៃពិសេស,21900.0,21900.0,0.0,0,0.0,0,14.1,0.0,0,Toyota,Raize,2026,new,Tax Paper,Unknown,Unknown,Unknown,,,Phnom Penh,store,1251582,Toyota Super Car,2026-08-06 13:23:21+07,2026-08-20 15:37:41.026248+07,2026-08-20 14:31:02+07
13856465,🩷Dongfeng fengon landian e5 023 PHEVជិះបានរហូតដល់1100km SUV 7ក៊ៅអី ទឹកថ្នាំសុីនមួយជុំ🩷,21600.0,21600.0,0.0,0,0.0,0,14.7,0.0,0,Dongfeng,fengon landian e5,2023,used,Plate Number,Unknown,Unknown,Unknown,,,Phnom Penh,store,1281803,JH - Moka,2026-08-06 16:36:18+07,2026-08-21 09:53:11.214214+07,2026-08-21 09:40:05+07
13856842,Toyota Raize 2026,21900.0,21900.0,0.0,0,0.0,0,13.9,0.0,0,Toyota,Raize,2026,new,Tax Paper,Unknown,Unknown,Unknown,,,Phnom Penh,store,1251582,Toyota Super Car,2026-08-06 18:41:20+07,2026-08-20 15:37:41.024746+07,2026-08-20 14:32:02+07
13856911,Toyota Raize 2026,22300.0,22300.0,0.0,0,0.0,0,13.9,0.0,0,Toyota,Raize,2026,new,Tax Paper,Unknown,Unknown,Unknown,,,Phnom Penh,store,1251582,Toyota Super Car,2026-08-06 19:11:34+07,2026-08-20 15:37:41.024511+07,2026-08-20 14:32:02+07
13862449,GTV KAIN ECO 1.6T (ប្រភេទសាំង),24500.0,24500.0,0.0,0,0.0,0,9.3,0.0,0,Unknown,Unknown,2026,new,Tax Paper,Unknown,Unknown,Unknown,,,Phnom Penh,store,580700,ទីប្រឹក្សាផ្នែកលក់រថយន្ត GTV,2026-08-08 09:49:52+07,2026-08-17 15:50:56.847991+07,2026-08-17 15:25:08+07
13868416,Prius Prime 2021 XLE ដល់ផែ 11-09-26,26800.0,26800.0,0.0,0,0.0,0,11.1,0.0,0,Toyota,Prius,2021,used,Tax Paper,Unknown,Unknown,Unknown,,,Phnom Penh,store,8583,So Vathana,2026-08-10 07:39:30+07,2026-08-21 09:53:27.390954+07,2026-08-21 09:09:08+07
13870407,BYD XIA 2025 Full Option,46666.0,46666.0,0.0,0,0.0,0,10.8,0.0,0,BYD,XIA,2025,used,Plate Number,Unknown,Unknown,Unknown,,,Phnom Penh,store,341306,KS EV AUTO,2026-08-10 14:00:19+07,2026-08-21 09:53:22.429137+07,2026-08-21 09:16:33+07
13873357,JEEP WRANGLER 2018 UP RUBICON,43500.0,43500.0,0.0,0,0.0,0,8.0,0.0,0,Jeep,Wrangler,2018,used,Tax Paper,Unknown,Unknown,Unknown,,,Phnom Penh,store,422115,CT99 Auto Car,2026-08-11 10:35:52+07,2026-08-19 09:48:20.913057+07,2026-08-19 09:20:06+07
13876311,លក់ខាតមេមេ មកមុនបានមុន ឯកសារម្ចាស់ដើម,7800.0,7800.0,0.0,0,0.0,0,8.5,0.0,0,Unknown,Unknown,2006,used,Plate Number,Unknown,Unknown,Unknown,,,Phnom Penh,individual,1236263,Kimhong Phan,2026-08-12 04:43:37+07,2026-08-20 15:37:32.541497+07,2026-08-20 15:02:32+07
13879036,Mazda 6 2020 Full-Options,27800.0,27800.0,0.0,0,0.0,0,6.0,0.0,0,Mazda,Mazda 6,2020,used,Plate Number,Unknown,Unknown,Unknown,,,Phnom Penh,store,798650,Pha AutoCars,2026-08-12 16:21:53+07,2026-08-18 17:18:59.537238+07,2026-08-18 16:22:03+07
13881914,Toyota RAV4 L year 2002 pong1 ស កាំម៉ៃ,10200.0,10200.0,0.0,0,0.0,0,4.1,0.0,0,Toyota,RAV4,2002,used,Plate Number,Unknown,Unknown,Unknown,,,Phnom Penh,store,99053,HANG CHAN,2026-08-13 12:29:39+07,2026-08-17 15:50:55.824835+07,2026-08-17 15:22:02+07
13883020,ឡានលក់បន្ទាប់,13500.0,13500.0,0.0,0,0.0,0,5.7,0.0,0,Unknown,Unknown,2023,used,Tax Paper,Unknown,Unknown,Unknown,,,Phnom Penh,individual,1120000,CashHero ក្រុមហ៊ុនបញ្ចាំ Hero,2026-08-13 16:39:12+07,2026-08-19 09:47:59.110464+07,2026-08-13 16:39:12+07
13883133,AVATR 06 TOption Max,41900.0,41900.0,0.0,0,0.0,0,10.7,0.0,0,Avatr,06 TOption Max,2026,used,Tax Paper,Unknown,Unknown,Unknown,,,Battambang,store,781354,Chheng E Chean,2026-08-13 17:11:09+07,2026-08-24 10:35:59.607107+07,2026-08-24 10:18:02+07
13883658,Tacoma 2005 ប៉ុង១ ទ្រុងវែង,16800.0,16800.0,0.0,0,0.0,0,3.8,0.0,0,Toyota,Tacoma,2005,used,Plate Number,Unknown,Unknown,Unknown,,,Phnom Penh,store,211035,មនុស្ស ស្មោះ,2026-08-13 20:55:40+07,2026-08-17 15:51:05.447921+07,2026-08-17 14:36:04+07
13883674,GAC GS4 2025 2000km,18900.0,18900.0,0.0,0,0.0,0,4.8,0.0,0,GAC,GS4,2025,new,Plate Number,Unknown,Unknown,Unknown,,,Phnom Penh,store,864828,ROTHA - លក់រថយន្តគ្រប់ប្រភេទ,2026-08-13 21:06:17+07,2026-08-18 17:18:57.649847+07,2026-08-18 16:31:14+07
13885975,Prius 2013 sorla option3លក់ឡានថ្មីឡានស្អាតលក់តំលៃចរចាបានអត់បុកអត់ច្រះឡានមូលមានសេវារំលោះបងៗ,17500.0,17500.0,0.0,0,0.0,0,4.8,0.0,0,Toyota,Prius,2013,used,Tax Paper,Unknown,Unknown,Unknown,,,Phnom Penh,store,687548,ឡានស្អាត ឡានស្អាត,2026-08-14 13:41:09+07,2026-08-19 09:48:12.663668+07,2026-08-19 09:29:56+07
13887483,ឡានលក់,11300.0,11300.0,0.0,0,0.0,0,3.9,0.0,0,Unknown,Unknown,2006,used,Plate Number,Unknown,Unknown,Unknown,,,Phnom Penh,individual,1235289,Bros Pov,2026-08-14 20:03:38+07,2026-08-18 17:19:03.459664+07,2026-08-18 15:50:05+07
13889068,2012 Option 3 plug In,16500.0,16500.0,0.0,0,0.0,0,3.2,0.0,0,Unknown,Unknown,2012,used,Plate Number,Unknown,Unknown,Unknown,,,Phnom Penh,individual,495578,Heng NaRoth,2026-08-15 11:24:18+07,2026-08-18 17:18:55.823501+07,2026-08-18 16:53:19+07
13891853,Highlander 2002 V4,11000.0,11000.0,0.0,0,0.0,0,1.3,0.0,0,Toyota,Highlander,2002,used,Plate Number,Unknown,Unknown,Unknown,,,Phnom Penh,store,600718,Sophal Stronger,2026-08-16 09:35:07+07,2026-08-17 15:50:57.836801+07,2026-08-17 15:08:58+07
13892106,Prius 06 h full,9500.0,9500.0,0.0,0,0.0,0,5.0,0.0,0,Toyota,Prius,2006,used,Plate Number,Unknown,Unknown,Unknown,,,Phnom Penh,individual,1276848,សុផាន់ណា រឿន,2026-08-16 10:27:32+07,2026-08-21 09:53:04.839164+07,2026-08-19 19:34:03+07
13892956,2018 BMW I3s with Range Extender,17000.0,17000.0,0.0,0,0.0,0,1.1,0.0,0,BMW,I3s with Range,2018,used,Plate Number,Unknown,Unknown,Unknown,,,Phnom Penh,individual,358883,hong,2026-08-16 13:48:28+07,2026-08-17 15:51:00.735607+07,2026-08-17 14:57:22+07
13897219,🔥MazdaCX8 2025Full កៅអុី3ជួរទឹកថ្នាំសុីនមួយជុំ ស្គត់មួយជុំ,37500.0,37500.0,0.0,0,0.0,0,6.8,0.0,0,Unknown,Unknown,2025,used,Plate Number,Unknown,Unknown,Unknown,,,Phnom Penh,store,459645,MCS AUTO,2026-08-17 15:10:50+07,2026-08-24 10:36:01.632941+07,2026-08-24 10:00:18+07
13899230,Camry LE ដាក់លក់​៣ថ្ងៃ​ តម្លៃ​ពិសេស​ 4350,4350.0,4350.0,0.0,0,0.0,0,1.0,0.0,0,Toyota,Camry,2002,used,Plate Number,Unknown,Unknown,Unknown,,,Phnom Penh,individual,1302890,Sovan Sovann,2026-08-18 08:54:17+07,2026-08-19 09:48:22.299909+07,2026-08-19 09:18:19+07
13900030,GAC GS8 2022 full 7កៅអី​ ឡានស្អាត​ តំលៃ​ល្អ,19500.0,19500.0,0.0,0,0.0,0,6.0,0.0,0,GAC,GS8,2022,used,Plate Number,Unknown,Unknown,Unknown,,,Phnom Penh,store,704601,សុភា រុន,2026-08-18 11:07:54+07,2026-08-24 10:36:08.601393+07,2026-08-24 09:48:08+07
13900549,2.5Tឆ្នាំ02,13900.0,13500.0,0.0,0,400.0,1,5.9,0.0,0,Unknown,Unknown,2002,used,Plate Number,Unknown,Unknown,Unknown,,,Preah Sihanouk,individual,638890,ពិ សិត,2026-08-18 12:42:54+07,2026-08-24 10:35:58.601508+07,2026-08-24 10:02:36+07
13901123,RAV4 2002p1លក់ដូសារី7800$ចរចារ,7800.0,7800.0,0.0,0,0.0,0,2.0,0.0,0,Unknown,Unknown,2002,used,Tax Paper,Unknown,Unknown,Unknown,,,Phnom Penh,store,794657,សុភ្រ័ សុភ័ក្រ,2026-08-18 14:46:52+07,2026-08-20 15:37:51.425+07,2026-08-20 14:03:00+07
13901403,Prius 2014 ម្ចាស់ដេីមទី១ ឡានទេីបប្រេី,16500.0,16500.0,0.0,0,0.0,0,0.1,0.0,0,Toyota,Prius,2014,used,Plate Number,Unknown,Unknown,Unknown,,,Phnom Penh,individual,1134945,Virak Aurex,2026-08-18 15:43:02+07,2026-08-18 17:19:04.372424+07,2026-08-18 15:43:02+07
13901609,ឡានលក់,11800.0,11800.0,0.0,0,0.0,0,0.0,0.0,0,Unknown,Unknown,2006,used,Plate Number,Unknown,Unknown,Unknown,,,Siem Reap,individual,1292093,MR.DEN,2026-08-18 16:20:13+07,2026-08-18 17:18:59.537238+07,2026-08-18 16:20:13+07
13902211,2025 BMW i5 eDrive40L LWB High Option (713km CLTC),65000.0,65000.0,0.0,0,0.0,0,5.6,0.0,0,BMW,i5 eDrive40L LWB,2025,used,Plate Number,Unknown,Unknown,Unknown,,,Phnom Penh,individual,293790,Chanvisal Hong,2026-08-18 19:32:09+07,2026-08-24 10:35:58.601508+07,2026-08-24 10:02:45+07
13903204,Camry 07 XLE FUll,16500.0,16500.0,0.0,0,0.0,0,2.1,0.0,0,Toyota,Camry,2007,used,Plate Number,Unknown,Unknown,Unknown,,,Phnom Penh,store,596584,Kol LiHak,2026-08-19 08:40:49+07,2026-08-21 09:53:22.432318+07,2026-08-21 09:16:02+07
13903420,លក់ Camry 02 LE Sចុច បើកដំបូល ប្រើផ្ទាល់ឡានស្អាតមិនបុកមិនប៉ះ ចរចា089883986,8600.0,8600.0,0.0,0,0.0,0,0.0,0.0,0,Toyota,Camry,2002,used,Plate Number,Unknown,Unknown,Unknown,,,Phnom Penh,individual,362543,Mr.Samai,2026-08-19 09:28:48+07,2026-08-19 09:48:12.667549+07,2026-08-19 09:28:48+07
13904120,LEXUS ES300H Full Premium ឆ្នាំ 2013 ពណ៍ស ក្នុងលឿង,27500.0,27500.0,0.0,0,0.0,0,1.2,0.0,0,Lexus,ES300h,2013,used,Tax Paper,Unknown,Unknown,Unknown,,,Phnom Penh,store,337337,PT99 AUTO,2026-08-19 11:34:51+07,2026-08-20 15:37:32.536412+07,2026-08-20 15:05:23+07
13905493,Lexus RX 330 ឆ្នាំ 2005 (ពណ៍ស) Full Option ម្ចាស់ដើម​ ឡានស្អាត,20500.0,20500.0,0.0,0,0.0,0,1.7,0.0,0,Lexus,RX330,2005,used,Plate Number,Unknown,Unknown,Unknown,,,Phnom Penh,individual,1321154,Yean Phannat,2026-08-19 17:07:59+07,2026-08-21 09:53:12.548989+07,2026-08-21 09:32:58+07
13905786,Highlander 2004 V4 ប៉ុង១ កៅអី៣ជួរ ស្អាត,15800.0,15800.0,0.0,0,0.0,0,1.6,0.0,0,Toyota,Highlander,2004,used,Plate Number,Unknown,Unknown,Unknown,,,Phnom Penh,store,634852,Hong Hong,2026-08-19 19:46:23+07,2026-08-21 09:53:09.87672+07,2026-08-21 09:48:29+07
13907045,2025 DENZA N9 flagship,79800.0,79800.0,0.0,0,0.0,0,4.0,0.0,0,Denza,N9 flagship,2025,used,Plate Number,Unknown,Unknown,Unknown,,,Phnom Penh,store,519591,តាំង​ ម៉េងស្រ៊ុន,2026-08-20 09:57:51+07,2026-08-24 10:35:49.614511+07,2026-08-20 09:57:51+07
13908607,ឡានលក់,18800.0,18800.0,0.0,0,0.0,0,0.0,0.0,0,Unknown,Unknown,2012,used,Tax Paper,Unknown,Unknown,Unknown,,,Phnom Penh,individual,389289,Guekheang Chheang,2026-08-20 15:03:14+07,2026-08-20 15:37:32.540386+07,2026-08-20 15:03:14+07
13910692,បាឡែនឆ្នាំ03 XLE បើកតំបូល លក់ប្រញាប់លុយ,10900.0,10900.0,0.0,0,0.0,0,3.0,0.0,0,Unknown,Unknown,2003,used,Plate Number,Unknown,Unknown,Unknown,,,Phnom Penh,individual,810333,Naven CHEB,2026-08-21 09:42:32+07,2026-08-24 10:35:57.592675+07,2026-08-24 10:13:48+07
13913055,JEEP_WRANGLER_2018_UP_RUBICON,37500.0,37500.0,0.0,0,0.0,0,2.7,0.0,0,Jeep,Wrangler Rubicon,2018,used,Plate Number,Unknown,Unknown,Unknown,,,Phnom Penh,store,477705,p-69466646,2026-08-21 18:50:23+07,2026-08-24 10:36:06.625889+07,2026-08-24 09:52:32+07
13921335,Ford F-150 Raptor 2020 ឡាន​ Speech ក្រុមហ៊ុន​ ធានាឡានស្អាត​ គ្មានទាស់,64500.0,64500.0,0.0,0,0.0,0,0.0,0.0,0,Ford,Ranger Raptor,2020,used,Plate Number,Unknown,Unknown,Unknown,,,Phnom Penh,store,1198743,Phanit Sophal,2026-08-24 10:00:42+07,2026-08-24 10:35:58.603354+07,2026-08-24 10:00:42+07
13240941,JMC VIGUS PLUS ស៊េរីឆ្នាំ 2026,32900.0,32900.0,0.0,0,0.0,0,169.1,0.0,0,Unknown,Unknown,2026,new,Tax Paper,Unknown,Unknown,Unknown,,,Phnom Penh,store,248528,JMC JMC,2026-03-02 15:19:32+07,2026-08-18 17:18:55.820733+07,2026-08-18 16:58:19+07
13248811,Car,33500.0,33500.0,0.0,0,0.0,0,166.1,0.0,0,Unknown,Unknown,2015,used,Plate Number,Unknown,Unknown,Unknown,,,Phnom Penh,store,387311,Long hay,2026-03-04 13:04:20+07,2026-08-17 15:50:55.849165+07,2026-08-17 15:20:04+07
13254392,Prius 07h 3500$ដកឡានជិះភ្លាម រំលស់ហាងបាន,12300.0,12300.0,0.0,0,0.0,0,165.9,0.0,0,Toyota,Prius,2007,used,Tax Paper,Unknown,Unknown,Unknown,,,Phnom Penh,store,688381,Apple168 Auto,2026-03-05 18:53:20+07,2026-08-18 17:19:02.531199+07,2026-08-18 15:53:01+07
13254668,FORD RAPTORS 2023 សាំង,55500.0,55500.0,0.0,0,0.0,0,165.8,0.0,0,Ford,RAPTORS សាំង,2023,used,Plate Number,Unknown,Unknown,Unknown,,,Phnom Penh,store,262222,Ken Ken,2026-03-05 21:03:59+07,2026-08-18 17:18:53.941945+07,2026-08-18 17:00:06+07
13302050,2020 Ford Everest Titanium Full Option​ 2.0L BI-TURBO,35900.0,35900.0,0.0,0,0.0,0,156.6,0.0,0,Ford,Everest Titanium,2020,used,Plate Number,Unknown,Unknown,Unknown,,,Phnom Penh,store,71893,Best Friend,2026-03-17 18:33:55+07,2026-08-21 09:53:16.32378+07,2026-08-21 09:30:12+07
13317009,Cars for Sale,72000.0,72000.0,0.0,0,0.0,0,150.4,0.0,0,Unknown,Unknown,2025,new,Tax Paper,Unknown,Unknown,Unknown,,,Phnom Penh,store,262420,LD9 Auto Car,2026-03-21 08:33:17+07,2026-08-18 17:18:53.937947+07,2026-08-18 17:00:06+07
13339871,2015 Lexus nx 200t ក្នុងឈឺរី🍒សាងបាន,36800.0,36800.0,0.0,0,0.0,0,147.6,0.0,0,Lexus,NX200t,2015,used,Tax Paper,Unknown,Unknown,Unknown,,,Phnom Penh,store,705579,meng Shong,2026-03-26 19:28:04+07,2026-08-21 09:53:08.539363+07,2026-08-21 09:38:02+07
13341004,លក់.   1996.     4800,4800.0,4800.0,0.0,0,0.0,0,147.0,0.0,0,Unknown,Unknown,1996,used,Plate Number,Unknown,Unknown,Unknown,,,Phnom Penh,store,347491,ឃ្លាំឈុនលី666 p-17506666,2026-03-27 09:12:27+07,2026-08-21 09:53:24.914407+07,2026-08-21 09:13:03+07
13372910,Yaris Cross Hybrid 2024,32900.0,32900.0,0.0,0,0.0,0,136.2,0.0,0,Toyota,Yaris Cross,2024,used,Plate Number,Unknown,Unknown,Unknown,,,Phnom Penh,store,772106,Sovannridh Toyota Plus,2026-04-04 12:23:41+07,2026-08-18 17:19:06.252485+07,2026-08-18 15:36:02+07
13376414,RAV4 2003 ឡាននៅសាណុំទាំងអស់,11000.0,11000.0,0.0,0,0.0,0,135.9,0.0,0,Toyota,RAV4,2003,used,Plate Number,Unknown,Unknown,Unknown,,,Phnom Penh,individual,140239,Phearun,2026-04-05 12:54:18+07,2026-08-19 09:48:04.749747+07,2026-08-19 09:43:27+07
13387809,Mercedes 2015C300 AMG មូល100% ថ្មីណាស់,30500.0,30500.0,0.0,0,0.0,0,133.0,0.0,0,Mercedes-Benz,2015C300 AMG មូល100%,2015,used,Tax Paper,Unknown,Unknown,Unknown,,,Phnom Penh,store,132399,Bi car shop,2026-04-08 10:28:30+07,2026-08-19 09:48:14.050432+07,2026-08-19 09:28:02+07
13387946,Cars for Sale,39000.0,39000.0,0.0,0,0.0,0,132.3,0.0,0,Unknown,Unknown,2009,used,Plate Number,Unknown,Unknown,Unknown,,,Phnom Penh,store,262420,LD9 Auto Car,2026-04-08 10:55:41+07,2026-08-18 17:18:53.941945+07,2026-08-18 17:00:06+07
13421315,ជិតចូលស្តុកហើយ តម្លៃល្អខ្លាំង អាចដាក់កម្ម៉ង់បាន,19800.0,19800.0,0.0,0,0.0,0,125.0,0.0,0,Unknown,Unknown,2026,new,Tax Paper,Unknown,Unknown,Unknown,,,Phnom Penh,store,1285421,LT Auto Cambodia Davan,2026-04-21 09:47:42+07,2026-08-24 10:35:52.583513+07,2026-08-24 10:25:06+07
13427907,Rang rover Evoque year 2013 V4 gasoline,13800.0,13800.0,0.0,0,0.0,0,120.8,0.0,0,Land Rover,Rang rover Evoque,2013,used,Plate Number,Unknown,Unknown,Unknown,,,Phnom Penh,store,174963,PN cars Auto,2026-04-22 15:07:38+07,2026-08-21 09:53:26.241755+07,2026-08-21 09:10:05+07
13431523,🚘land cruiser1999 Fullលក់ប្រញ៉ាប់ លក់តែ 10000$   តម្លៃដើម 12500$✅ ធានាស្អាត✅,10000.0,10000.0,0.0,0,0.0,0,119.9,0.0,0,Toyota,Land Cruiser,1999,used,Plate Number,Unknown,Unknown,Unknown,,,Phnom Penh,individual,966537,Vuthy Khay,2026-04-23 11:39:56+07,2026-08-21 09:53:16.322825+07,2026-08-21 09:30:56+07
13438674,ថ្មីណាស់​ ALPHARD 011 full,20999.0,20999.0,0.0,0,0.0,0,117.6,0.0,0,Toyota,ALPHARD,2011,used,Plate Number,Unknown,Unknown,Unknown,,,Phnom Penh,store,71544,Heng Hour,2026-04-25 00:18:28+07,2026-08-20 15:37:32.542049+07,2026-08-20 15:02:03+07
13452486,Corolla 01,5250.0,5399.0,149.0,1,0.0,0,117.9,0.0,0,Toyota,Corolla,2001,used,Plate Number,Unknown,Unknown,Unknown,,,Phnom Penh,individual,216882,Sam Nang,2026-04-28 12:53:24+07,2026-08-24 10:36:07.607243+07,2026-08-24 09:50:53+07
13457266,GAC GN8 global spec 2024,39900.0,39900.0,0.0,0,0.0,0,110.1,0.0,0,GAC,GN8,2024,used,Plate Number,Unknown,Unknown,Unknown,,,Phnom Penh,store,666121,Meng,2026-04-29 14:28:03+07,2026-08-17 15:51:06.464623+07,2026-08-17 14:28:03+07
13457315,GAC GN8 VIP black Edition 2025,55900.0,55900.0,0.0,0,0.0,0,110.0,0.0,0,GAC,GN8,2025,used,Plate Number,Unknown,Unknown,Unknown,,,Phnom Penh,store,666121,Meng,2026-04-29 14:39:20+07,2026-08-17 15:51:04.498894+07,2026-08-17 14:39:03+07
13464541,Toyota Highlander 2003 ម៉ាសុីន6ប៉ុង1,16650.0,16650.0,0.0,0,0.0,0,114.9,0.0,0,Toyota,Highlander,2003,used,Plate Number,Unknown,Unknown,Unknown,,,Phnom Penh,store,311192,Santho Naroth,2026-05-01 12:44:22+07,2026-08-24 10:36:01.62584+07,2026-08-24 10:00:18+07
13468543,CLA45 2014 ឡានប្រភេទ Dealer,26800.0,26800.0,0.0,0,0.0,0,110.1,0.0,0,Mercedes-Benz,CLA45,2014,used,Plate Number,Unknown,Unknown,Unknown,,,Phnom Penh,store,122405,SH 89 AUTO,2026-05-02 13:08:09+07,2026-08-20 15:37:41.026564+07,2026-08-20 14:31:02+07
13474338,2020 LX570 Black Edition S 黒 KURO,132000.0,132000.0,0.0,0,0.0,0,112.0,0.0,0,Lexus,LX570,2020,used,Plate Number,Unknown,Unknown,Unknown,,,Phnom Penh,store,899851,KSK Auto,2026-05-04 09:48:39+07,2026-08-24 10:36:08.602083+07,2026-08-24 09:48:03+07
13509422,Camry 07 Le,17200.0,17200.0,0.0,0,0.0,0,96.9,0.0,0,Toyota,Camry,2007,used,Plate Number,Unknown,Unknown,Unknown,,,Phnom Penh,store,385708,Hea Sinh,2026-05-12 18:08:55+07,2026-08-17 15:51:04.498894+07,2026-08-17 14:40:06+07
13509854,Ford wildtrak 023 ឡានជិះផ្ទាល់ខ្លួន,45000.0,45000.0,0.0,0,0.0,0,100.6,0.0,0,Ford,Ranger Wildtrak,2023,used,Plate Number,Unknown,Unknown,Unknown,,,Phnom Penh,individual,175953,Chhorng,2026-05-12 20:36:00+07,2026-08-21 09:53:21.10125+07,2026-08-19 12:30:41+07
13523561,Lx470​ ឆ្នាំ99​,10500.0,10500.0,0.0,0,0.0,0,94.3,0.0,0,Lexus,LX470,1999,used,Plate Number,Unknown,Unknown,Unknown,,,Phnom Penh,individual,1267298,Vannak,2026-05-16 09:09:54+07,2026-08-18 17:19:00.456129+07,2026-08-18 16:14:44+07
13536302,លក់ប្រញាប់,45500.0,45500.0,0.0,0,0.0,0,92.1,0.0,0,Unknown,Unknown,2015,used,Plate Number,Unknown,Unknown,Unknown,,,Phnom Penh,individual,682577,KH,2026-05-19 07:11:39+07,2026-08-19 09:48:19.537831+07,2026-08-19 09:24:31+07
13541707,NX200t 2016 ឡេីង​ NX300 F Sport ក្នុងឆឺរី​ ក្រដាសពន្ធ,37900.0,37900.0,0.0,0,0.0,0,92.3,0.0,0,Lexus,NX200t,2016,used,Tax Paper,Unknown,Unknown,Unknown,,,Phnom Penh,store,353896,Sok san,2026-05-20 09:26:51+07,2026-08-20 15:37:30.972507+07,2026-08-20 15:30:09+07
13565807,GTV REAHU PHEV 2026,20800.0,20800.0,0.0,0,0.0,0,83.9,0.0,0,Unknown,Unknown,2026,new,Tax Paper,Unknown,Unknown,Unknown,,,Phnom Penh,store,580700,ទីប្រឹក្សាផ្នែកលក់រថយន្ត GTV,2026-05-25 19:05:10+07,2026-08-17 15:50:56.847991+07,2026-08-17 15:25:06+07
13578718,Avatar 12 ultra,53800.0,53800.0,0.0,0,0.0,0,82.0,0.0,0,Unknown,Unknown,2025,new,Tax Paper,Unknown,Unknown,Unknown,,,Phnom Penh,store,1285502,LT Auto Chuy,2026-05-28 16:59:29+07,2026-08-18 17:18:56.72048+07,2026-08-18 16:47:02+07
13580661,MERCEDES BENZ C300 2015 AMG TAX PAPER,28800.0,28800.0,0.0,0,0.0,0,87.0,0.0,0,Mercedes-Benz,C300,2015,used,Tax Paper,Unknown,Unknown,Unknown,,,Phnom Penh,store,422115,CT99 Auto Car,2026-05-29 09:27:53+07,2026-08-24 10:36:01.62584+07,2026-08-24 10:00:18+07
13597895,Leopard 3 Ultra 501km Telegram 0965555881,31800.0,31800.0,0.0,0,0.0,0,79.1,0.0,0,Fangchengbao,3 Ultra 501km,2025,new,Tax Paper,Unknown,Unknown,Unknown,,,Phnom Penh,store,715185,So Phanith,2026-06-02 14:20:42+07,2026-08-20 15:37:33.86587+07,2026-08-20 15:00:08+07
13603191,Sale TOYOTA Prius ឆ្នាំ2010 ពណ៍ប្រផេះអប់សិន4,15900.0,15900.0,0.0,0,0.0,0,78.7,0.0,0,Toyota,Prius,2010,used,Plate Number,Unknown,Unknown,Unknown,,,Tboung Khmum,store,101243,RaYuth,2026-06-03 17:41:14+07,2026-08-21 09:53:23.577707+07,2026-08-21 09:15:04+07
13607460,Prius 08 Half Optលក់015688909,13300.0,13300.0,0.0,0,0.0,0,74.0,0.0,0,Toyota,Prius,2008,used,Tax Paper,Unknown,Unknown,Unknown,,,Phnom Penh,store,151641,CH Auto 999,2026-06-04 16:07:12+07,2026-08-17 15:51:05.447921+07,2026-08-17 14:37:02+07
13614539,2020 Ford Ranger Wildtrak 3.2L,34500.0,34500.0,0.0,0,0.0,0,78.9,0.0,0,Ford,Ranger Wildtrak,2020,used,Plate Number,Unknown,Unknown,Unknown,,,Phnom Penh,store,843591,MR 99,2026-06-06 12:45:14+07,2026-08-24 10:36:08.596235+07,2026-08-24 09:49:03+07
13621733,ហុីយុនដាយ1តោនឆ្នាំ05ទូរក្លាស់សេ,9500.0,9500.0,0.0,0,0.0,0,73.9,0.0,0,Unknown,Unknown,2005,used,Plate Number,Unknown,Unknown,Unknown,,,Phnom Penh,store,334620,ព្រុំ សា វឿន,2026-06-08 12:13:34+07,2026-08-21 09:53:24.9149+07,2026-08-21 09:13:03+07
13622152,"2026Changan Q05 Ultra EV:506km តម្លៃពិសេស2x,800$🥰🙏",22800.0,22800.0,0.0,0,0.0,0,70.1,0.0,0,Unknown,Unknown,2026,new,Tax Paper,Unknown,Unknown,Unknown,,,Phnom Penh,store,1207509,Van Sin LT Auto,2026-06-08 13:36:23+07,2026-08-17 15:50:58.88651+07,2026-08-17 15:04:41+07
13642985,Uesd Cadillac Escalade Sport Platinum 2023,147900.0,147900.0,0.0,0,0.0,0,68.2,0.0,0,Cadillac,Escalade Sport Platinum,2023,used,Plate Number,Unknown,Unknown,Unknown,,,Phnom Penh,store,468573,HL AUTO,2026-06-13 11:09:57+07,2026-08-20 15:37:42.605175+07,2026-08-20 14:29:03+07
13652488,BYD Qin L 2100KM Range,26800.0,26800.0,0.0,0,0.0,0,62.9,0.0,0,BYD,Qin L 2100KM,2024,new,Tax Paper,Unknown,Unknown,Unknown,,,Phnom Penh,store,1059202,夏天 Summer,2026-06-15 18:27:09+07,2026-08-17 15:50:50.150021+07,2026-06-15 18:27:09+07
13659210,DEEPAL S05 (មានពណ៌ ស. ខ្មៅ),25999.0,25999.0,0.0,0,0.0,0,62.2,0.0,0,Unknown,Unknown,2026,new,Tax Paper,Unknown,Unknown,Unknown,,,Phnom Penh,store,1105127,VANDY SENG,2026-06-17 12:37:44+07,2026-08-18 17:18:53.941945+07,2026-08-18 17:00:06+07
13663986,លក់ Mazda thunder 020 full option,28900.0,28900.0,0.0,0,0.0,0,61.1,0.0,0,Mazda,thunder 020,2020,used,Plate Number,Unknown,Unknown,Unknown,,,Phnom Penh,store,265665,Thea Rith,2026-06-18 14:08:53+07,2026-08-18 17:18:52.997731+07,2026-08-18 17:06:02+07
13672818,ឡានលក់,18000.0,18000.0,0.0,0,0.0,0,64.7,0.0,0,Unknown,Unknown,2014,used,Tax Paper,Unknown,Unknown,Unknown,,,Phnom Penh,store,51843,គីម,2026-06-20 17:14:57+07,2026-08-24 10:35:59.609109+07,2026-08-24 10:18:02+07
13681226,2026 AION I60 Advanced សាំងលាយអគ្គិសនី ថ្មី ក្នុងស្តុក,26500.0,26500.0,0.0,0,0.0,0,62.5,0.0,0,GAC,I60 Advanced សាំងលាយអគ្គិសនី,2026,new,Tax Paper,Unknown,Unknown,Unknown,,,Phnom Penh,store,784933,Bun Park,2026-06-22 22:11:05+07,2026-08-24 10:35:57.602632+07,2026-08-24 10:12:03+07
13690167,Hycan V9 2024,55800.0,55800.0,0.0,0,0.0,0,56.9,0.0,0,Unknown,Unknown,2024,new,Tax Paper,Unknown,Unknown,Unknown,,,Phnom Penh,store,1224932,ChaoFan Auto,2026-06-24 16:59:45+07,2026-08-20 15:37:32.542974+07,2026-08-20 15:01:49+07
13697667,Highlander ម៉ាស៊ីន4 ប៉ុង1,11500.0,11500.0,0.0,0,0.0,0,53.1,0.0,0,Toyota,Highlander,2001,used,Plate Number,Unknown,Unknown,Unknown,,,Phnom Penh,store,1039372,Chhay Borey,2026-06-26 14:05:10+07,2026-08-18 17:18:58.598111+07,2026-08-18 16:27:03+07
13697732,Highlander ម៉ាស៊ីន6 ប៉ុង1,13200.0,13200.0,0.0,0,0.0,0,53.1,0.0,0,Toyota,Highlander,2003,used,Plate Number,Unknown,Unknown,Unknown,,,Phnom Penh,store,1039372,Chhay Borey,2026-06-26 14:08:13+07,2026-08-18 17:19:03.459664+07,2026-08-18 15:50:03+07
13701654,ឆ្នាំ​2007hd hfull ពោង​9 ក្នុង​លឿង​,11800.0,11800.0,0.0,0,0.0,0,51.1,0.0,0,Unknown,Unknown,2007,used,Plate Number,Unknown,Unknown,Unknown,,,Phnom Penh,individual,1097569,O.S.P CAR,2026-06-27 13:30:39+07,2026-08-17 15:50:52.999636+07,2026-08-17 15:39:08+07
13702985,Explorer Ford Full Option 2013,19800.0,19800.0,0.0,0,0.0,0,54.5,0.0,0,Ford,Explorer,2013,used,Plate Number,Unknown,Unknown,Unknown,,,Phnom Penh,store,915225,Mr. Lana,2026-06-27 21:18:41+07,2026-08-21 09:53:22.425161+07,2026-08-21 09:18:03+07
13704145,KIA Picanto 2015,7000.0,7000.0,0.0,0,0.0,0,52.0,0.0,0,Kia,Picanto,2015,used,Plate Number,Unknown,Unknown,Unknown,,,Phnom Penh,individual,1286406,An Phea,2026-06-28 10:30:42+07,2026-08-19 09:48:20.914173+07,2026-08-19 09:19:44+07
13704169,KIA PICANTO 2015,7000.0,7000.0,0.0,0,0.0,0,52.0,0.0,0,Kia,Picanto,2015,used,Plate Number,Unknown,Unknown,Unknown,,,Phnom Penh,individual,832946,អាន ភា,2026-06-28 10:35:28+07,2026-08-19 09:48:23.678737+07,2026-08-19 09:10:38+07
13705350,Prius 2010 option 4 ពណ៌ស,15500.0,15500.0,0.0,0,0.0,0,56.8,0.0,0,Toyota,Prius,2010,used,Tax Paper,Unknown,Unknown,Unknown,,,Phnom Penh,individual,1050380,សានិត,2026-06-28 14:59:00+07,2026-08-24 10:36:00.5945+07,2026-08-24 10:15:01+07
13716208,មហាហថ្មី LE 05,12800.0,12800.0,0.0,0,0.0,0,53.9,0.0,0,Toyota,Camry,2005,used,Plate Number,Unknown,Unknown,Unknown,,,Phnom Penh,store,420287,តោ ហ៊ា,2026-07-01 12:24:27+07,2026-08-24 10:36:06.631091+07,2026-08-24 09:51:18+07
13717425,Cars for Sale,99000.0,99000.0,0.0,0,0.0,0,48.1,0.0,0,Unknown,Unknown,2016,used,Plate Number,Unknown,Unknown,Unknown,,,Phnom Penh,store,262420,LD9 Auto Car,2026-07-01 16:00:43+07,2026-08-18 17:18:54.870805+07,2026-08-18 17:00:06+07
13722858,Hiace 2026 16កៅអី ឡានថ្មី លេខដៃ មានស្រាប់,49800.0,49800.0,0.0,0,0.0,0,49.1,0.0,0,Toyota,Hiace,2026,new,Tax Paper,Unknown,Unknown,Unknown,,,Phnom Penh,store,436824,NTN99 AUTO SHOP,2026-07-03 07:01:02+07,2026-08-21 09:53:13.86295+07,2026-08-21 09:33:03+07
13723356,Camry XLE 2007,16900.0,16900.0,0.0,0,0.0,0,47.0,0.0,0,Toyota,Camry,2007,used,Plate Number,Unknown,Unknown,Unknown,,,Phnom Penh,store,570612,Ieng Meng Lee,2026-07-03 09:18:16+07,2026-08-19 09:48:10.239017+07,2026-08-19 09:30:38+07
13735944,ស្ដុកមានលឿនៗ Hilux Travo V-edition 2027,46500.0,46500.0,0.0,0,0.0,0,43.1,0.0,0,Toyota,Hilux,2027,new,Tax Paper,Unknown,Unknown,Unknown,,,Phnom Penh,store,333401,TOYOTA AWS ផ្នែកលក់រថយន្ដថ្មី ខ្លាញ់គោ,2026-07-06 14:21:18+07,2026-08-18 17:19:02.521185+07,2026-08-18 15:59:02+07
13736898,8400$ ក្រដាសពន្ធ,8400.0,8400.0,0.0,0,0.0,0,43.6,0.0,0,Unknown,Unknown,2012,used,Tax Paper,Unknown,Unknown,Unknown,,,Phnom Penh,store,1076149,Lim Hok,2026-07-06 18:12:33+07,2026-08-19 09:48:19.538008+07,2026-08-19 09:24:28+07
13752982,Hilux Travo Vedition 2027,45900.0,45900.0,0.0,0,0.0,0,39.1,0.0,0,Toyota,Hilux,2027,new,Tax Paper,Unknown,Unknown,Unknown,,,Phnom Penh,store,1260442,Toyota Hilux Travo,2026-07-10 14:37:31+07,2026-08-18 17:18:53.941945+07,2026-08-18 17:00:06+07
13759411,Prius 2010 option 4 ETA 10 08 26,13900.0,13900.0,0.0,0,0.0,0,37.3,0.0,0,Toyota,Prius,2010,used,Tax Paper,Unknown,Unknown,Unknown,,,Phnom Penh,store,300701,So Phearom,2026-07-12 09:51:19+07,2026-08-18 17:18:55.823501+07,2026-08-18 16:53:02+07
13764236,ស្តុកថ្មី Toyota RAV4 L 2001 ប៉ុង01 abs បើកដំបូល ម៉ាសុីន ប្រអប់លេខជើងក្រោមហាប់,10500.0,10500.0,0.0,0,0.0,0,41.8,0.0,0,Toyota,RAV4,2001,used,Plate Number,Unknown,Unknown,Unknown,,,Phnom Penh,store,666786,Sos sell car,2026-07-13 14:47:00+07,2026-08-24 10:36:05.634864+07,2026-08-24 10:00:18+07
13766726,📌Dong feng nano1 Range 310km អគ្គិសនីសុទ្ធ 2026,13900.0,13900.0,0.0,0,0.0,0,35.3,0.0,0,Unknown,Unknown,2026,new,Tax Paper,Unknown,Unknown,Unknown,,,Phnom Penh,store,1281803,JH - Moka,2026-07-14 09:13:42+07,2026-08-18 17:18:53.941945+07,2026-08-18 17:00:06+07
13767552,Toyota Prius 2008 full Turing ជិតបើកទូ,11100.0,11100.0,0.0,0,0.0,0,37.2,0.0,0,Toyota,Prius,2008,used,Tax Paper,Unknown,Unknown,Unknown,,,Phnom Penh,store,122141,Nak,2026-07-14 11:02:04+07,2026-08-20 15:37:51.426053+07,2026-08-20 14:02:03+07
13769465,LM 350H,168000.0,168000.0,0.0,0,0.0,0,33.9,0.0,0,Unknown,Unknown,2025,used,Plate Number,Unknown,Unknown,Unknown,,,Phnom Penh,individual,297319,ហេង 168,2026-07-14 17:28:43+07,2026-08-17 15:50:55.89371+07,2026-08-17 15:13:39+07
13775940,Toyota Hilux Vigo 2007,23500.0,23500.0,0.0,0,0.0,0,33.2,0.0,0,Toyota,Hilux Vigo,2007,used,Plate Number,Unknown,Unknown,Unknown,,,Phnom Penh,individual,14057,Koy Song,2026-07-16 13:17:47+07,2026-08-18 17:18:53.937947+07,2026-08-18 17:00:54+07
13776626,ឡានលក់,17500.0,17500.0,0.0,0,0.0,0,33.1,0.0,0,Unknown,Unknown,2004,used,Plate Number,Unknown,Unknown,Unknown,,,Phnom Penh,individual,750494,kak ka da BUO,2026-07-16 15:40:50+07,2026-08-18 17:19:04.372424+07,2026-08-18 15:41:50+07
13778034,ឡានលក់,37000.0,37000.0,0.0,0,0.0,0,31.4,0.0,0,Unknown,Unknown,2026,used,Tax Paper,Unknown,Unknown,Unknown,,,Phnom Penh,individual,1311107,Thea MengHong,2026-07-17 07:21:45+07,2026-08-17 15:50:50.143004+07,2026-07-17 07:21:45+07
13784346,ឡានលក់,8300.0,8300.0,0.0,0,0.0,0,32.9,0.0,0,Unknown,Unknown,2002,used,Plate Number,Unknown,Unknown,Unknown,,,Phnom Penh,individual,453429,p-17644749,2026-07-18 17:47:07+07,2026-08-20 15:37:33.860201+07,2026-08-20 15:00:40+07
13792764,FORD RANGER WILDTRAK 2023 សុីន1ជុំ ថ្មីលះ,41500.0,41500.0,0.0,0,0.0,0,34.1,0.0,0,Ford,Ranger Wildtrak,2023,used,Plate Number,Unknown,Unknown,Unknown,,,Siem Reap,store,396769,sour Sok Kouch,2026-07-21 09:20:05+07,2026-08-24 10:35:59.609109+07,2026-08-24 10:18:01+07
13795765,🔥CHANGAN UNI-T 2023V4សាំងថ្នាំសុីនមួយជុំ ម្ចាស់ដេីមទិញខ្លាញ់គោ 40000គីឡូប្រេី,23500.0,23500.0,0.0,0,0.0,0,33.6,0.0,0,Changan,UNI-T,2023,used,Plate Number,Unknown,Unknown,Unknown,,,Phnom Penh,store,459645,MCS AUTO,2026-07-21 19:25:19+07,2026-08-24 10:36:05.634864+07,2026-08-24 10:00:18+07
13799622,XIAOMI YU7 OPTION LONG RANGE,48800.0,48800.0,0.0,0,0.0,0,29.7,0.0,0,Unknown,Unknown,2025,used,Tax Paper,Unknown,Unknown,Unknown,,,Phnom Penh,store,341306,KS EV AUTO,2026-07-22 18:05:25+07,2026-08-21 09:53:22.430623+07,2026-08-21 09:16:12+07
13802007,FORD RANGER XLT 2021 Full ម៉ាសុីន 3.2,29500.0,29500.0,0.0,0,0.0,0,31.9,0.0,0,Ford,Ranger XLT,2021,used,Plate Number,Unknown,Unknown,Unknown,,,Phnom Penh,store,775744,TS 888 Auto Car,2026-07-23 12:38:29+07,2026-08-24 10:36:07.608563+07,2026-08-24 09:50:05+07
13805844,Ford XL 025 ថ្មីណាស់​ ទឹកថ្នាំសុីនមួយជុំ​,31900.0,31900.0,0.0,0,0.0,0,24.1,0.0,0,Ford,XL 025 ថ្មីណាស់​,2025,used,Plate Number,Unknown,Unknown,Unknown,,,Siem Reap,individual,98587,so phang,2026-07-24 13:00:33+07,2026-08-17 15:50:55.878277+07,2026-08-17 15:16:39+07
13808102,Toyota Alphard ឆ្នាំ2018 ឆ្វេងហ្សុីន,85000.0,85000.0,0.0,0,0.0,0,23.3,0.0,0,Toyota,Alphard,2018,used,Plate Number,Unknown,Unknown,Unknown,,,Phnom Penh,store,730460,Ty Chheurn,2026-07-25 08:22:20+07,2026-08-17 15:50:50.186494+07,2026-07-25 08:22:20+07
13811438,Vitz Gold,9668.0,9668.0,0.0,0,0.0,0,23.4,0.0,0,Toyota,Vitz,2015,used,Tax Paper,Unknown,Unknown,Unknown,,,Phnom Penh,store,83857,TBC Best Quality Cars,2026-07-26 07:49:23+07,2026-08-18 17:18:52.997731+07,2026-08-18 17:11:01+07
13813535,ខ្ញុំចង់លក់ឡានផ្ទាល់ខ្លួន jeep gladiator spec rubicon year 2020 full option,39500.0,39500.0,0.0,0,0.0,0,21.9,0.0,0,Jeep,Gladiator,2020,used,Plate Number,Unknown,Unknown,Unknown,,,Phnom Penh,individual,616379,Tang ty,2026-07-26 17:20:56+07,2026-08-17 15:51:08.298458+07,2026-08-17 14:19:53+07
13816896,Hilux Rally 2021,38900.0,38900.0,0.0,0,0.0,0,22.1,0.0,0,Toyota,Hilux,2021,used,Plate Number,Unknown,Unknown,Unknown,,,Phnom Penh,store,772106,Sovannridh Toyota Plus,2026-07-27 15:15:36+07,2026-08-18 17:19:07.201908+07,2026-08-18 15:34:04+07
13817868,Prius 2006 Full Option ឡានសាង,9900.0,9900.0,0.0,0,0.0,0,23.8,0.0,0,Toyota,Prius,2006,used,Tax Paper,Unknown,Unknown,Unknown,,,Phnom Penh,store,1289436,KEM HOR,2026-07-27 19:48:45+07,2026-08-20 15:37:41.027659+07,2026-08-20 14:30:10+07
13817935,Toyota Land Cruiser (ម៉ាស៊ូត24VL),15800.0,15800.0,0.0,0,0.0,0,24.6,0.0,0,Toyota,Land Cruiser,2000,used,Plate Number,Unknown,Unknown,Unknown,,,Phnom Penh,store,842842,CC TM,2026-07-27 20:11:46+07,2026-08-21 09:53:09.874259+07,2026-08-21 09:49:32+07
13818320,"ទើបមកដល់ថ្មីរៀបចំម៉ាស្អាតលក់តែ:$17,800🚘 2013 Prius Plug-in  ប្រភេទសាកភ្លើង",17800.0,17800.0,0.0,0,0.0,0,24.5,0.0,0,Toyota,Prius,2013,used,Tax Paper,Unknown,Unknown,Unknown,,,Phnom Penh,store,100671,L.Y 9999 Auto (page),2026-07-27 21:14:43+07,2026-08-21 09:53:23.580232+07,2026-08-21 09:14:02+07
13822957,Camry Hybrid 2007 Full Option ពណ៌​ស​ ក្នុងលឿង​ ថ្មីខ្លាំង,16500.0,16500.0,0.0,0,0.0,0,20.4,0.0,0,Toyota,Camry Hybrid,2007,used,Plate Number,Unknown,Unknown,Unknown,,,Phnom Penh,store,193430,ហេង​ហេង99 ហេង​ 99 ឃ្លាំង​លក់ឡានហេងហេង99,2026-07-29 07:02:13+07,2026-08-18 17:19:03.459664+07,2026-08-18 15:47:19+07
13826451,ថ្មីណាស់ 2013_Opt2 /មូល១ជុំ,16200.0,16200.0,0.0,0,0.0,0,21.7,0.0,0,Unknown,Unknown,2013,used,Tax Paper,Unknown,Unknown,Unknown,,,Phnom Penh,store,689451,𝐑𝐇𝐓 𝐀𝐮𝐭𝐨 𝐂𝐚𝐫𝟏𝟏𝟏𝟏,2026-07-29 23:07:50+07,2026-08-20 15:37:32.535899+07,2026-08-20 15:06:02+07
13829271,55​ Auto carទិញលក់និងបង់រំលោះគ្រប់ប្រភេទ,17800.0,17800.0,0.0,0,0.0,0,19.1,0.0,0,Unknown,Unknown,2012,used,Tax Paper,Unknown,Unknown,Unknown,,,Phnom Penh,store,1141785,មុីលីង ចាង,2026-07-30 14:40:25+07,2026-08-18 17:19:02.521185+07,2026-08-18 16:00:11+07
13830576,ឆ្នាំ09ហ្វូលពេញABSម្ចាស់ដេីមទីមួយទឹកថ្នាំសុីនមួយជុំ,5400.0,5400.0,0.0,0,0.0,0,19.6,0.0,0,Unknown,Unknown,2009,used,Plate Number,Unknown,Unknown,Unknown,,,Kandal,individual,546879,សាន់ ផល្លា,2026-07-30 20:28:04+07,2026-08-19 09:48:19.537661+07,2026-08-19 09:24:39+07
13835276,ឆ្លាមមហាថ្មី,6200.0,6200.0,0.0,0,0.0,0,19.2,0.0,0,Unknown,Unknown,1998,used,Plate Number,Unknown,Unknown,Unknown,,,Phnom Penh,individual,1223686,ពូតាំនាគវន្ដ័ ឡាន,2026-08-01 10:13:53+07,2026-08-20 15:37:33.860096+07,2026-08-20 15:00:50+07
13838220,TOYOTA ALPHARD 2016 UP LEXUS LM 350,36000.0,36000.0,0.0,0,0.0,0,19.0,0.0,0,Toyota,Alphard,2016,used,Plate Number,Unknown,Unknown,Unknown,,,Phnom Penh,store,1181728,Mr ALPHARD 598,2026-08-02 09:16:54+07,2026-08-21 09:53:27.391502+07,2026-08-21 09:09:02+07
13838700,Avatr 12 ultra 705km,49500.0,49500.0,0.0,0,0.0,0,19.0,0.0,0,Avatr,Avatr 12,2025,used,Tax Paper,Unknown,Unknown,Unknown,,,Phnom Penh,store,200848,Eang sychan,2026-08-02 11:00:16+07,2026-08-21 09:53:27.389628+07,2026-08-21 09:09:17+07
13840070,Toyota BZ4X 023 full លេខCN  24900ចរចា,24900.0,24900.0,0.0,0,0.0,0,18.0,0.0,0,Toyota,bZ4X,2023,used,Plate Number,Unknown,Unknown,Unknown,,,Phnom Penh,store,815876,Sombo Heng,2026-08-02 16:28:51+07,2026-08-20 15:37:41.025388+07,2026-08-20 14:31:13+07
13842507,BESTUNE JOYEE 07,24500.0,24500.0,0.0,0,0.0,0,17.2,0.0,0,Unknown,Unknown,2026,new,Tax Paper,Unknown,Unknown,Unknown,,,Phnom Penh,store,1109538,Long,2026-08-03 11:26:15+07,2026-08-20 15:37:32.540741+07,2026-08-20 15:03:02+07
13843661,Range Rover 2019,80000.0,80000.0,0.0,0,0.0,0,17.8,0.0,0,Land Rover,Range Rover,2019,used,Plate Number,Unknown,Unknown,Unknown,,,Phnom Penh,store,1302331,DM Auto,2026-08-03 15:02:35+07,2026-08-21 09:53:16.321146+07,2026-08-21 09:31:21+07
13843884,2016 Alphard Executives Lounge,45500.0,45500.0,0.0,0,0.0,0,15.1,0.0,0,Toyota,Alphard,2016,used,Tax Paper,Unknown,Unknown,Unknown,,,Phnom Penh,store,122405,SH 89 AUTO,2026-08-03 15:37:21+07,2026-08-18 17:19:06.252485+07,2026-08-18 15:37:03+07
13844308,GS4,23800.0,23800.0,0.0,0,0.0,0,17.7,0.0,0,GAC,GS4,2026,new,Tax Paper,Unknown,Unknown,Unknown,,,Phnom Penh,store,200848,Eang sychan,2026-08-03 17:20:35+07,2026-08-21 09:53:26.243632+07,2026-08-21 09:09:28+07
13846342,លក់Lexus RX330ឆ្នាំ2005ប៉ុង1,19800.0,19800.0,0.0,0,0.0,0,15.0,0.0,0,Lexus,RX330ឆ្នាំ2005ប៉ុង1,2005,used,Plate Number,Unknown,Unknown,Unknown,,,Phnom Penh,individual,1235451,ប៊ុន ធឿន71,2026-08-04 10:45:35+07,2026-08-19 09:48:14.048612+07,2026-08-19 09:28:14+07
13847025,Toyota Wigo 2026 តម្លៃល្អ ស្តុកលឿន,15900.0,15900.0,0.0,0,0.0,0,13.1,0.0,0,Toyota,Wigo តម្លៃល្អ ស្តុកលឿន,2026,new,Tax Paper,Unknown,Unknown,Unknown,,,Phnom Penh,store,1251582,Toyota Super Car,2026-08-04 12:44:39+07,2026-08-17 15:51:05.478988+07,2026-08-17 14:33:02+07
13847032,chenglong,78000.0,78000.0,0.0,0,0.0,0,19.9,0.0,0,Unknown,Unknown,2025,new,Tax Paper,Unknown,Unknown,Unknown,,,Phnom Penh,store,1070674,Manny Nhor,2026-08-04 12:46:05+07,2026-08-24 10:35:53.577764+07,2026-08-24 10:21:27+07
13849346,Mercedes S Class,77999.0,77999.0,0.0,0,0.0,0,16.4,0.0,0,Mercedes-Benz,S Class,2018,used,Tax Paper,Unknown,Unknown,Unknown,,,Phnom Penh,store,1302331,DM Auto,2026-08-05 00:11:38+07,2026-08-21 09:53:12.553146+07,2026-08-21 09:31:29+07
13850582,Toyota Fortuner Legender 2025,55500.0,55500.0,0.0,0,0.0,0,13.3,0.0,0,Toyota,Fortuner,2025,new,Plate Number,Unknown,Unknown,Unknown,,,Phnom Penh,store,772106,Sovannridh Toyota Plus,2026-08-05 10:52:23+07,2026-08-18 17:19:06.250412+07,2026-08-18 15:39:03+07
13851725,JAC 2.5T,16999.0,16999.0,0.0,0,0.0,0,18.8,0.0,0,JAC,2 5T,2026,new,Tax Paper,Unknown,Unknown,Unknown,,,Phnom Penh,store,1070674,Manny Nhor,2026-08-05 14:41:04+07,2026-08-24 10:35:54.568358+07,2026-08-24 10:21:23+07
13854535,Leopard 7 ultra 4WD 2025🔥,54800.0,54800.0,0.0,0,0.0,0,11.2,0.0,0,Unknown,Unknown,2025,new,Tax Paper,Unknown,Unknown,Unknown,,,Phnom Penh,store,1207509,Van Sin LT Auto,2026-08-06 10:02:58+07,2026-08-17 15:50:58.870435+07,2026-08-17 15:04:51+07
13855326,Tesla 2023 Model 3,21900.0,21900.0,0.0,0,0.0,0,12.9,0.0,0,Tesla,Model 3,2023,used,Tax Paper,Unknown,Unknown,Unknown,,,Phnom Penh,store,570612,Ieng Meng Lee,2026-08-06 12:48:53+07,2026-08-19 09:48:10.238386+07,2026-08-19 09:30:44+07
13859989,Toyota Land Cruiser LC100 2001,17500.0,17500.0,0.0,0,0.0,0,11.8,0.0,0,Toyota,Land Cruiser,2001,used,Plate Number,Unknown,Unknown,Unknown,,,Phnom Penh,store,70083,Premium Auto sell,2026-08-07 14:43:37+07,2026-08-19 09:48:04.7485+07,2026-08-19 09:44:02+07
13864631,Kia Carnival 2015 3ប៊ូតុង អូតូ2,17800.0,17800.0,0.0,0,0.0,0,12.6,0.0,0,Kia,Carnival,2015,used,Tax Paper,Unknown,Unknown,Unknown,,,Phnom Penh,store,549562,Chetra Sek,2026-08-08 18:41:56+07,2026-08-21 09:53:12.551147+07,2026-08-21 09:32:03+07
13864918,Prius Prime 2020 Limited CAសុទ្ឋ,26700.0,26700.0,0.0,0,0.0,0,11.8,0.0,0,Toyota,Prius,2020,used,Tax Paper,Unknown,Unknown,Unknown,,,Phnom Penh,store,8583,So Vathana,2026-08-08 21:20:38+07,2026-08-20 15:37:29.396956+07,2026-08-20 15:30:09+07
13869901,ខ្វះលុយឲ្យជាងធ្វើផ្ទះត្រូវតែលក់ហើយ,15500.0,15500.0,0.0,0,0.0,0,10.9,0.0,0,Unknown,Unknown,2003,used,Plate Number,Unknown,Unknown,Unknown,,,Tboung Khmum,individual,778733,ណេត វ៉ាន់,2026-08-10 12:11:29+07,2026-08-21 09:53:13.861772+07,2026-08-21 09:33:29+07
13870371,Porsche Panamera 2017,72000.0,72000.0,0.0,0,0.0,0,8.1,0.0,0,Porsche,Panamera,2017,used,Plate Number,Unknown,Unknown,Unknown,,,Phnom Penh,store,314368,Hor,2026-08-10 13:54:06+07,2026-08-18 17:18:53.941945+07,2026-08-18 17:00:06+07
13871062,MG RX5 019,17900.0,17900.0,0.0,0,0.0,0,10.7,0.0,0,MG,RX5 019,2019,used,Plate Number,Unknown,Unknown,Unknown,,,Phnom Penh,individual,1194689,pheak kdey,2026-08-10 16:20:09+07,2026-08-21 09:53:12.55296+07,2026-08-21 09:31:30+07
13876207,ប្រូម៉ូសិន​តែ 2គ្រឿង​ប៉ុណ្ណោះ​ Kia Ray 2023 រំលស់​ផ្ទាល់​ជាមួយ​ឃ្លាំង​,17900.0,17900.0,0.0,0,0.0,0,9.4,0.0,0,Kia,Ray,2023,new,Tax Paper,Unknown,Unknown,Unknown,,,Phnom Penh,store,284758,Vet UtDom,2026-08-12 01:20:09+07,2026-08-21 09:53:04.838563+07,2026-08-20 10:05:04+07
13877566,ឡានលក់ Camry 03 le,8700.0,8700.0,0.0,0,0.0,0,12.0,0.0,0,Toyota,Camry,2003,used,Plate Number,Unknown,Unknown,Unknown,,,Phnom Penh,store,386106,Channy p-78678277,2026-08-12 11:03:22+07,2026-08-24 10:35:57.601318+07,2026-08-24 10:13:06+07
13878250,NADEN AUTO,24900.0,24900.0,0.0,0,0.0,0,6.9,0.0,0,Unknown,Unknown,2008,used,Plate Number,Unknown,Unknown,Unknown,,,Phnom Penh,store,178985,NADEN AUTO ទិញនិងលក់ រថយន្តគ្រប់ប្រភេទ,2026-08-12 13:22:50+07,2026-08-19 09:48:03.339926+07,2026-08-19 09:45:46+07
13878937,Lexus Lx600 F-Sport 2022 Full-Options,182600.0,182600.0,0.0,0,0.0,0,6.1,0.0,0,Lexus,LX600,2022,used,Tax Paper,Unknown,Unknown,Unknown,,,Phnom Penh,store,798650,Pha AutoCars,2026-08-12 15:58:11+07,2026-08-18 17:19:01.601605+07,2026-08-18 16:00:11+07
13880011,អបសិនខ្ពស់ 2014 បើកដំបូលសូឡា,16600.0,16600.0,0.0,0,0.0,0,4.7,0.0,0,Unknown,Unknown,2014,used,Tax Paper,Unknown,Unknown,Unknown,,,Kandal,store,689451,𝐑𝐇𝐓 𝐀𝐮𝐭𝐨 𝐂𝐚𝐫𝟏𝟏𝟏𝟏,2026-08-12 23:29:59+07,2026-08-17 15:50:58.865716+07,2026-08-17 15:05:05+07
13880551,GN6pro 2026 7កៅអី តំលៃពិសេស ម្ចាស់ផ្ទាល់ 10000km ក្រុមហ៊ុន,23000.0,23900.0,900.0,1,0.0,0,11.1,0.0,0,GAC,GN6pro,2026,used,Plate Number,Unknown,Unknown,Unknown,,,Phnom Penh,individual,91565,HEA LC,2026-08-13 08:22:13+07,2026-08-24 10:35:49.619935+07,2026-08-24 09:07:19+07
13882122,ឡានលក់ ឆ្នាំ 08 ពណ៍ប្រផេះឡានស្អាត,10100.0,10100.0,0.0,0,0.0,0,4.1,0.0,0,Unknown,Unknown,2008,used,Plate Number,Unknown,Unknown,Unknown,,,Banteay Meanchey,individual,565369,ម៉េង ហួរ,2026-08-13 13:14:43+07,2026-08-17 15:51:02.659157+07,2026-08-17 14:47:49+07
13883445,Ford Everest Sport 2026(ឡាននៅថ្មី99%),50800.0,50800.0,0.0,0,0.0,0,10.6,0.0,0,Ford,Everest Sport,2026,used,Plate Number,Unknown,Unknown,Unknown,,,Phnom Penh,store,340518,SP81,2026-08-13 19:09:31+07,2026-08-24 10:35:50.606484+07,2026-08-13 19:09:31+07
13885414,Model Y 2022 Long Rang 4WD,20500.0,20500.0,0.0,0,0.0,0,3.2,0.0,0,Tesla,Model Y,2022,used,Tax Paper,Unknown,Unknown,Unknown,,,Phnom Penh,store,388346,p-10365366,2026-08-14 11:40:35+07,2026-08-17 15:51:03.564414+07,2026-08-17 14:43:18+07
13886404,BAIC Senova 2022,10500.0,10500.0,0.0,0,0.0,0,4.8,0.0,0,BAIC,Senova,2022,used,Plate Number,Unknown,Unknown,Unknown,,,Phnom Penh,store,728374,den Ra,2026-08-14 14:51:14+07,2026-08-19 09:48:12.664928+07,2026-08-19 09:29:23+07
13886544,Hilux Travo L-Edition 2027,38500.0,38500.0,0.0,0,0.0,0,3.0,0.0,0,Toyota,Hilux,2027,used,Plate Number,Unknown,Unknown,Unknown,,,Phnom Penh,store,772106,Sovannridh Toyota Plus,2026-08-14 15:19:00+07,2026-08-17 15:50:53.958177+07,2026-08-17 15:33:03+07
13887289,Prius 06 full options,8600.0,8600.0,0.0,0,0.0,0,6.6,0.0,0,Toyota,Prius,2006,used,Plate Number,Unknown,Unknown,Unknown,,,Phnom Penh,individual,273079,Bro LaLa,2026-08-14 18:31:02+07,2026-08-21 09:53:08.537483+07,2026-08-21 09:38:13+07
13888587,Toyota Alphard 015 Hybrid up024,29999.0,29999.0,0.0,0,0.0,0,9.0,0.0,0,Toyota,Alphard,2015,used,Plate Number,Unknown,Unknown,Unknown,,,Phnom Penh,individual,540484,M-auto Car,2026-08-15 09:50:07+07,2026-08-24 10:35:53.577764+07,2026-08-24 10:23:26+07
13889944,Corolla 03 លក់,7400.0,7400.0,0.0,0,0.0,0,3.1,0.0,0,Toyota,Corolla,2003,used,Plate Number,Unknown,Unknown,Unknown,,,Phnom Penh,store,790951,Neang Yuthdara,2026-08-15 15:10:42+07,2026-08-18 17:19:00.456129+07,2026-08-18 16:15:59+07
13891979,Prius 08 option,10900.0,10900.0,0.0,0,0.0,0,8.0,0.0,0,Toyota,Prius,2008,used,Plate Number,Unknown,Unknown,Unknown,,,Phnom Penh,store,124666,Vannak Neak,2026-08-16 10:03:54+07,2026-08-24 10:35:58.601508+07,2026-08-24 10:03:04+07
13896004,Lexus Ct200h 2013,18000.0,18000.0,0.0,0,0.0,0,2.0,0.0,0,Lexus,CT200h,2013,used,Tax Paper,Unknown,Unknown,Unknown,,,Phnom Penh,individual,87184,Mom Pichsal,2026-08-17 10:56:19+07,2026-08-19 09:48:12.667003+07,2026-08-19 09:28:51+07
13896661,NX ជិះផ្ទាល់សំរាប់លក់,32500.0,32500.0,0.0,0,0.0,0,1.2,0.0,0,Unknown,Unknown,2015,used,Plate Number,Unknown,Unknown,Unknown,,,Phnom Penh,individual,827856,Ms. Sovannry,2026-08-17 13:09:07+07,2026-08-18 17:19:04.370366+07,2026-08-18 15:44:55+07
13896979,Ford Ranger XL 2.0L ស៊េរីឆ្នាំ​ 2026,38900.0,38900.0,0.0,0,0.0,0,0.1,0.0,0,Ford,Ranger XL,2026,new,Tax Paper,Unknown,Unknown,Unknown,,,Phnom Penh,store,723056,Ford Monivong ផ្នែកលក់រថយន្ត/Body,2026-08-17 14:20:23+07,2026-08-17 15:51:08.297821+07,2026-08-17 14:20:23+07
13897041,Nammi 06 Pro,17900.0,17900.0,0.0,0,0.0,0,0.1,0.0,0,Unknown,Unknown,2025,new,Tax Paper,Unknown,Unknown,Unknown,,,Phnom Penh,store,1103626,Regal Motors,2026-08-17 14:35:36+07,2026-08-17 15:51:05.457525+07,2026-08-17 14:35:36+07
13897084,Priua2012រៀបចំស្អាតយកទៅជិះប្រុយ,16888.0,16888.0,0.0,0,0.0,0,3.8,0.0,0,Unknown,Unknown,2012,used,Tax Paper,Unknown,Unknown,Unknown,,,Phnom Penh,store,1064841,វេត ពូ,2026-08-17 14:44:38+07,2026-08-21 09:53:19.75666+07,2026-08-21 09:21:08+07
13897122,Sion04abs ឯកសារគ្រប់ម្ចាស់ដើម 5900$ចរចារ,5900.0,5900.0,0.0,0,0.0,0,0.0,0.0,0,Unknown,Unknown,2004,used,Tax Paper,Unknown,Unknown,Unknown,,,Phnom Penh,store,794657,សុភ្រ័ សុភ័ក្រ,2026-08-17 14:53:21+07,2026-08-17 15:51:01.695775+07,2026-08-17 14:53:21+07
13897163,Ford Ranger Raptor 2023,50700.0,50700.0,0.0,0,0.0,0,0.0,0.0,0,Ford,Ranger Raptor,2023,used,Plate Number,Unknown,Unknown,Unknown,,,Phnom Penh,individual,612135,leang hs,2026-08-17 14:59:34+07,2026-08-17 15:50:59.838451+07,2026-08-17 14:59:34+07
13897164,តំលៃពិសេស,8800.0,8800.0,0.0,0,0.0,0,0.0,0.0,0,Unknown,Unknown,2011,used,Plate Number,Unknown,Unknown,Unknown,,,Phnom Penh,store,580062,Jing ge,2026-08-17 14:59:47+07,2026-08-17 15:50:59.838451+07,2026-08-17 14:59:47+07
13897236,Mazda EX6 2025 EV,27500.0,27500.0,0.0,0,0.0,0,0.0,0.0,0,Mazda,EX6 EV,2025,new,Plate Number,Unknown,Unknown,Unknown,,,Phnom Penh,store,159181,Hear Nak,2026-08-17 15:13:42+07,2026-08-17 15:50:55.891567+07,2026-08-17 15:13:42+07
13899228,ត្រូវការលក់ឡានម្ចាស់ផ្ទាល់,47500.0,47500.0,0.0,0,0.0,0,1.0,0.0,0,Unknown,Unknown,2026,used,Plate Number,Unknown,Unknown,Unknown,,,Phnom Penh,individual,1320736,Sokkong,2026-08-18 08:53:52+07,2026-08-19 09:47:59.108625+07,2026-08-18 08:53:52+07
13899276,2014 option 3 ក្នុង ស,18800.0,18800.0,0.0,0,0.0,0,1.0,0.0,0,Unknown,Unknown,2014,used,Plate Number,Unknown,Unknown,Unknown,,,Phnom Penh,individual,763489,Ngem Rotha,2026-08-18 09:03:02+07,2026-08-19 09:48:01.896702+07,2026-08-19 09:47:13+07
13901400,GAC GS8 4WD,37800.0,37800.0,0.0,0,0.0,0,0.1,0.0,0,GAC,GS8,2025,new,Tax Paper,Unknown,Unknown,Unknown,,,Phnom Penh,store,1167246,Ok Auto,2026-08-18 15:42:57+07,2026-08-18 17:19:04.372424+07,2026-08-18 15:42:57+07
13901490,រថយន្ត លក់ Toyota Hiace ចចារតិចតួច,3500.0,3500.0,0.0,0,0.0,0,0.1,0.0,0,Toyota,HiAce,1991,used,Plate Number,Unknown,Unknown,Unknown,,,Banteay Meanchey,individual,310736,Chhay,2026-08-18 15:57:25+07,2026-08-18 17:19:02.521185+07,2026-08-18 15:57:25+07
13901626,2020 l Audi Q3 l 35 TFSI l Metrix LED,49900.0,49900.0,0.0,0,0.0,0,0.0,0.0,0,Audi,Q3,2020,used,Plate Number,Unknown,Unknown,Unknown,,,Phnom Penh,store,721389,Premium Luxury Cars,2026-08-18 16:24:38+07,2026-08-18 17:18:58.598111+07,2026-08-18 16:24:38+07
13901644,ឃ្លាំង​លក់ទ្វារស្មិត,1200.0,1200.0,0.0,0,0.0,0,0.0,0.0,0,Unknown,Unknown,2026,new,Tax Paper,Unknown,Unknown,Unknown,,,Phnom Penh,individual,211662,Kim seang,2026-08-18 16:27:39+07,2026-08-18 17:18:58.596107+07,2026-08-18 16:27:39+07
13901666,2020 l GT 53 AMG l 4 Soors l Exclusive Sporty,113000.0,113000.0,0.0,0,0.0,0,0.0,0.0,0,Unknown,Unknown,2020,used,Plate Number,Unknown,Unknown,Unknown,,,Phnom Penh,store,721389,Premium Luxury Cars,2026-08-18 16:32:01+07,2026-08-18 17:18:57.649847+07,2026-08-18 16:32:01+07
13901673,2020 l GT 53 AMG l Special Offers,113000.0,113000.0,0.0,0,0.0,0,0.0,0.0,0,Unknown,Unknown,2020,used,Plate Number,Unknown,Unknown,Unknown,,,Phnom Penh,store,721389,Premium Luxury Cars,2026-08-18 16:33:37+07,2026-08-18 17:18:57.647844+07,2026-08-18 16:33:37+07
13901748,Toyota Land Cruiser 2008,36500.0,36500.0,0.0,0,0.0,0,0.0,0.0,0,Toyota,Land Cruiser,2008,used,Plate Number,Unknown,Unknown,Unknown,,,Phnom Penh,store,371302,LSR789 Auto,2026-08-18 16:52:36+07,2026-08-18 17:18:55.824097+07,2026-08-18 16:52:36+07
13901824,Ford,88000.0,88000.0,0.0,0,0.0,0,0.0,0.0,0,Ford,Unknown,2022,used,Plate Number,Unknown,Unknown,Unknown,,,Phnom Penh,store,1177672,Lixin auto,2026-08-18 17:11:48+07,2026-08-18 17:18:52.997731+07,2026-08-18 17:11:48+07
13901987,Tacoma 03 ហ្វាងABS 4ម៉ាសុីន អូតូ ឡានថ្មី2បាំង,11300.0,11300.0,0.0,0,0.0,0,1.9,0.0,0,Toyota,Tacoma,2003,used,Plate Number,Unknown,Unknown,Unknown,,,Phnom Penh,store,199223,តាហេងកូនភ្លោះ ទួលសង្កែ,2026-08-18 18:06:40+07,2026-08-20 15:37:41.027047+07,2026-08-20 14:30:50+07
13902406,MITSUBISHI TRITON 2023 ឡានស្អាត,29500.0,29500.0,0.0,0,0.0,0,5.6,0.0,0,Mitsubishi,Triton,2023,used,Plate Number,Unknown,Unknown,Unknown,,,Siem Reap,store,396769,sour Sok Kouch,2026-08-18 21:08:48+07,2026-08-24 10:35:59.609109+07,2026-08-24 10:17:55+07
13902411,FORD ECOSPORT 2022 FULL ឡានស្អាតលះ,15900.0,15900.0,0.0,0,0.0,0,5.6,0.0,0,Ford,EcoSport,2022,used,Tax Paper,Unknown,Unknown,Unknown,,,Siem Reap,store,396769,sour Sok Kouch,2026-08-18 21:10:46+07,2026-08-24 10:35:59.609109+07,2026-08-24 10:17:54+07
13903402,2022 l New Land Cruiser l Petrol V6 l GX.R,119900.0,119900.0,0.0,0,0.0,0,0.0,0.0,0,Toyota,Land Cruiser,2022,new,Tax Paper,Unknown,Unknown,Unknown,,,Phnom Penh,store,721389,Premium Luxury Cars,2026-08-19 09:25:13+07,2026-08-19 09:48:11.443601+07,2026-08-19 09:25:13+07
13903415,2021 l Cadillac Escalate ESV l 36 Speakers l LWB,125000.0,125000.0,0.0,0,0.0,0,0.0,0.0,0,Cadillac,Escalate ESV l,2021,used,Plate Number,Unknown,Unknown,Unknown,,,Phnom Penh,store,721389,Premium Luxury Cars,2026-08-19 09:28:20+07,2026-08-19 09:48:14.048448+07,2026-08-19 09:28:20+07
13903485,Porsche Macan 2020,46000.0,46000.0,0.0,0,0.0,0,0.0,0.0,0,Porsche,Macan,2020,used,Plate Number,Unknown,Unknown,Unknown,,,Phnom Penh,individual,379307,Seng Hout,2026-08-19 09:42:24+07,2026-08-19 09:48:04.750585+07,2026-08-19 09:42:24+07
13903494,Kia Carnival 2015full,17200.0,17200.0,0.0,0,0.0,0,0.0,0.0,0,Kia,Carnival,2015,used,Tax Paper,Unknown,Unknown,Unknown,,,Phnom Penh,store,700197,TOLA MOTO SHOP,2026-08-19 09:43:18+07,2026-08-19 09:48:04.749779+07,2026-08-19 09:43:18+07
13903618,Lexus Nx200t 2016 Black Edition Button5 ឡានមូល (តំលៃសាង),32500.0,32500.0,0.0,0,0.0,0,5.0,0.0,0,Lexus,NX200t,2016,used,Tax Paper,Unknown,Unknown,Unknown,,,Phnom Penh,store,422324,S898 Auto Dealer,2026-08-19 10:03:36+07,2026-08-24 10:36:00.593812+07,2026-08-24 10:15:05+07
13903849,Lexus LM300H 2020 7Seat Black interior hybrid,73500.0,73500.0,0.0,0,0.0,0,5.0,0.0,0,Lexus,LM300h,2020,used,Plate Number,Unknown,Unknown,Unknown,,,Phnom Penh,store,1072003,Phea Phea,2026-08-19 10:44:34+07,2026-08-24 10:36:00.593303+07,2026-08-24 10:15:45+07
13904307,Geely Galaxy L6 2025,18900.0,18900.0,0.0,0,0.0,0,1.1,0.0,0,Geely,Galaxy L6,2025,new,Tax Paper,Unknown,Unknown,Unknown,,,Phnom Penh,store,1081857,Chealing You,2026-08-19 12:18:46+07,2026-08-20 15:37:49.861861+07,2026-08-20 14:16:19+07
13904345,GAG GN8 2024,39999.0,39999.0,0.0,0,0.0,0,1.1,0.0,0,GAC,GN8,2024,new,Tax Paper,Unknown,Unknown,Unknown,,,Phnom Penh,store,1081857,Chealing You,2026-08-19 12:27:51+07,2026-08-20 15:37:49.862006+07,2026-08-20 14:16:16+07
13905754,ឡានលក់ ម្ចាស់ខ្មែរ ជិះផ្ទាល់ខ្លួន,118000.0,118000.0,0.0,0,0.0,0,0.8,0.0,0,Unknown,Unknown,2014,used,Plate Number,Unknown,Unknown,Unknown,,,Phnom Penh,individual,466864,TNC ធីអិនសុី,2026-08-19 19:21:43+07,2026-08-20 15:37:26.252678+07,2026-08-19 19:21:43+07
13907594,2018 Mercedes Benz S500L Full Option ធានាថ្នាំZinមួយជុំ,38000.0,38000.0,0.0,0,0.0,0,0.9,0.0,0,Mercedes-Benz,S500L,2018,used,Plate Number,Unknown,Unknown,Unknown,,,Phnom Penh,store,103131,Leng SK,2026-08-20 11:30:46+07,2026-08-21 09:53:06.054537+07,2026-08-20 11:30:46+07
13907821,ត្រូវការលក់ Prius 08 Full Touring ឡានក្រដាស់ពន្ធ,12500.0,12500.0,0.0,0,0.0,0,0.9,0.0,0,Toyota,Prius,2008,used,Tax Paper,Unknown,Unknown,Unknown,,,Phnom Penh,individual,322844,017425259,2026-08-20 12:12:10+07,2026-08-21 09:53:23.579699+07,2026-08-21 09:14:18+07
13908589,ឡានលក់លាងឃ្លាំង​ 29500$,29500.0,29500.0,0.0,0,0.0,0,0.0,0.0,0,Unknown,Unknown,2014,used,Tax Paper,Unknown,Unknown,Unknown,,,Phnom Penh,individual,226482,Mao Ratanak,2026-08-20 15:00:55+07,2026-08-20 15:37:33.859889+07,2026-08-20 15:00:55+07
13908628,ព្រូស2009ហ្វូធូរីន2BUលេងរួច មានរំលួស,11900.0,11900.0,0.0,0,0.0,0,0.0,0.0,0,Unknown,Unknown,2009,used,Plate Number,Unknown,Unknown,Unknown,,,Phnom Penh,store,989937,M- AUTO9999,2026-08-20 15:07:09+07,2026-08-20 15:37:35.450552+07,2026-08-20 15:07:09+07
13908646,TOYOTA RALLY 2021 ថ្មីណាស់តម្លៃចចារបានទៀត,39500.0,39500.0,0.0,0,0.0,0,0.0,0.0,0,Toyota,Hilux,2021,used,Plate Number,Unknown,Unknown,Unknown,,,Phnom Penh,individual,1070524,KHOV SINGER,2026-08-20 15:10:04+07,2026-08-20 15:37:35.44924+07,2026-08-20 15:10:04+07
13908652,Honda Civic EG 2003,6000.0,6000.0,0.0,0,0.0,0,0.0,0.0,0,Honda,Civic,2003,used,Tax Paper,Unknown,Unknown,Unknown,,,Preah Sihanouk,individual,1110290,zoyel,2026-08-20 15:11:40+07,2026-08-20 15:37:35.448771+07,2026-08-20 15:11:40+07
13910519,Corolla 03leម្ចាសដេីមសំនុំសុីន 7500$ចរចារ,7500.0,7500.0,0.0,0,0.0,0,0.0,0.0,0,Toyota,Corolla,2003,used,Tax Paper,Unknown,Unknown,Unknown,,,Phnom Penh,store,794657,សុភ្រ័ សុភ័ក្រ,2026-08-21 09:11:44+07,2026-08-21 09:53:24.916934+07,2026-08-21 09:11:44+07
13910577,Camry 02Le Sចុចឡានថ្មីលក់8600$ចចារ086511160,8600.0,8600.0,0.0,0,0.0,0,0.0,0.0,0,Toyota,Camry,2002,used,Plate Number,Unknown,Unknown,Unknown,,,Phnom Penh,individual,598318,Nha Kh,2026-08-21 09:21:08+07,2026-08-21 09:53:19.756915+07,2026-08-21 09:21:08+07
13910594,ឡានស្អាត,6500.0,6500.0,0.0,0,0.0,0,0.0,0.0,0,Unknown,Unknown,2010,used,Plate Number,Unknown,Unknown,Unknown,,,Phnom Penh,individual,1089447,ថាវ៉ាត់ សុខវ៉ាង,2026-08-21 09:24:08+07,2026-08-21 09:53:21.103096+07,2026-08-21 09:24:08+07
13910673,លក់ឡាន Highlander 02 6ម៉ាសុីនលីមីធីត,11500.0,11500.0,0.0,0,0.0,0,0.0,0.0,0,Toyota,Highlander,2002,used,Plate Number,Unknown,Unknown,Unknown,,,Phnom Penh,individual,959120,zeii neang,2026-08-21 09:38:08+07,2026-08-21 09:53:08.538288+07,2026-08-21 09:38:08+07
13914823,Ford Raptor 2019 Top specs,52500.0,52500.0,0.0,0,0.0,0,1.9,0.0,0,Ford,Ranger Raptor,2019,used,Plate Number,Unknown,Unknown,Unknown,,,Phnom Penh,individual,291486,Kiriwuth,2026-08-22 12:05:52+07,2026-08-24 10:35:50.60461+07,2026-08-22 12:05:52+07
13915294,Toyota Highlander 2001 V6 P1 limited full,7800.0,7800.0,0.0,0,0.0,0,1.9,0.0,0,Toyota,Highlander,2001,used,Plate Number,Unknown,Unknown,Unknown,,,Kandal,individual,949347,មូស្តាហ្វា នី,2026-08-22 14:08:26+07,2026-08-24 10:35:57.601318+07,2026-08-24 10:12:53+07
13916136,Mazda EZ60 2025 DMi សាំង អគ្គីសនី(ឡានប្រើបាន9ពាន់គីឡូ),36500.0,36500.0,0.0,0,0.0,0,1.7,0.0,0,Mazda,EZ60 DMi សាំង,2025,used,Plate Number,Unknown,Unknown,Unknown,,,Phnom Penh,store,340518,SP81,2026-08-22 18:06:50+07,2026-08-24 10:35:49.62161+07,2026-08-22 18:06:50+07
13921260,TOYOTA CIROLLA. S(ធានាឡានថ្មីជូន),7500.0,7500.0,0.0,0,0.0,0,0.0,0.0,0,Toyota,CIROLLA S(ធានាឡានថ្មីជូន),2003,used,Plate Number,Unknown,Unknown,Unknown,,,Phnom Penh,store,927355,Pov Ek,2026-08-24 09:48:02+07,2026-08-24 10:36:08.602083+07,2026-08-24 09:48:02+07
13921411,Changan Qiyuan Q07 PHEV 215KM,34800.0,34800.0,0.0,0,0.0,0,0.0,0.0,0,Changan,Qiyuan Q07 PHEV,2025,new,Tax Paper,Unknown,Unknown,Unknown,,,Phnom Penh,store,1059202,夏天 Summer,2026-08-24 10:17:48+07,2026-08-24 10:35:59.609109+07,2026-08-24 10:17:48+07
13219680,LEXUS RX200T F-Sport 2017,55000.0,55000.0,0.0,0,0.0,0,174.4,0.0,0,Lexus,RX200T F-Sport,2017,used,Tax Paper,Unknown,Unknown,Unknown,,,Phnom Penh,store,475016,ITH RATHANA,2026-02-25 08:03:31+07,2026-08-18 17:19:08.121211+07,2026-08-18 15:30:00+07
13248891,Toyota Rally 2022,42300.0,42300.0,0.0,0,0.0,0,167.2,0.0,0,Toyota,Rally,2022,used,Plate Number,Unknown,Unknown,Unknown,,,Kandal,store,257475,CMC,2026-03-04 13:17:18+07,2026-08-18 17:19:03.459664+07,2026-08-18 15:49:03+07
13295187,ឡានលក់,18800.0,18800.0,0.0,0,0.0,0,157.2,0.0,0,Unknown,Unknown,2004,used,Plate Number,Unknown,Unknown,Unknown,,,Phnom Penh,store,387311,Long hay,2026-03-16 11:16:35+07,2026-08-20 15:37:35.450822+07,2026-08-20 15:07:02+07
13323269,ឡានសម្រាប់លក់,15499.0,15499.0,0.0,0,0.0,0,154.6,0.0,0,Unknown,Unknown,2014,used,Plate Number,Unknown,Unknown,Unknown,,,Phnom Penh,store,654780,បូរ៉ា ទិញលក់រថយន្ត,2026-03-22 20:03:11+07,2026-08-24 10:36:03.644366+07,2026-08-24 09:59:03+07
13361302,Alphard 2010 V4,21500.0,21500.0,0.0,0,0.0,0,144.8,0.0,0,Toyota,Alphard,2010,used,Plate Number,Unknown,Unknown,Unknown,,,Phnom Penh,store,388015,Piseth Sokhanida,2026-04-01 15:08:40+07,2026-08-24 10:35:58.601508+07,2026-08-24 10:03:04+07
13373666,GAC M6,25800.0,25800.0,0.0,0,0.0,0,135.0,0.0,0,GAC,M6,2025,new,Tax Paper,Unknown,Unknown,Unknown,,,Phnom Penh,store,1198827,瑞龙 李龙,2026-04-04 15:15:02+07,2026-08-17 15:50:50.161923+07,2026-07-19 10:00:26+07
13384220,RX330 2004 Full Option,21000.0,21000.0,0.0,0,0.0,0,135.9,0.0,0,Lexus,RX330,2004,used,Plate Number,Unknown,Unknown,Unknown,,,Phnom Penh,store,388015,Piseth Sokhanida,2026-04-07 12:11:22+07,2026-08-21 09:53:16.325527+07,2026-08-21 09:30:12+07
13403746,មានលក់ក្នុងក្រុងសៀមរាបនៅSR auto168អាគុយ+សាំង,26500.0,26500.0,0.0,0,0.0,0,128.3,0.0,0,Unknown,Unknown,2026,new,Tax Paper,Unknown,Unknown,Unknown,,,Siem Reap,store,165779,Only1 service EV car in Phnom Penh,2026-04-14 08:07:50+07,2026-08-20 15:37:33.863847+07,2026-08-20 15:00:08+07
13433148,Lexus LX 570 Super Sport Arab 2018,89500.0,89500.0,0.0,0,0.0,0,122.8,0.0,0,Lexus,LX570,2018,used,Plate Number,Unknown,Unknown,Unknown,,,Phnom Penh,store,282714,3T 777 Auto,2026-04-23 16:24:17+07,2026-08-24 10:36:03.644366+07,2026-08-24 09:59:13+07
13460465,Toyota Alphard 2023 HEV,102000.0,102000.0,0.0,0,0.0,0,109.2,0.0,0,Toyota,Alphard,2023,used,Plate Number,Unknown,Unknown,Unknown,,,Phnom Penh,store,1072003,Phea Phea,2026-04-30 11:14:05+07,2026-08-17 15:51:03.595391+07,2026-08-17 14:42:03+07
13467995,Cars for Sale,35000.0,35000.0,0.0,0,0.0,0,108.3,0.0,0,Unknown,Unknown,2018,used,Plate Number,Unknown,Unknown,Unknown,,,Phnom Penh,store,262420,LD9 Auto Car,2026-05-02 11:05:37+07,2026-08-18 17:18:54.868796+07,2026-08-18 17:00:06+07
13468083,Rang Rover LWB 2014,39900.0,39900.0,0.0,0,0.0,0,110.9,0.0,0,Land Rover,Rang Rover LWB,2014,used,Plate Number,Unknown,Unknown,Unknown,,,Phnom Penh,individual,254692,Saran Rich,2026-05-02 11:22:55+07,2026-08-21 09:53:04.840965+07,2026-08-17 14:34:01+07
13473164,Mercedes Benz GL450 2015,23000.0,23000.0,0.0,0,0.0,0,112.5,0.0,0,Mercedes-Benz,GL450,2015,used,Plate Number,Unknown,Unknown,Unknown,,,Phnom Penh,individual,246782,Lim KimKheang,2026-05-03 21:28:17+07,2026-08-24 10:35:50.609126+07,2026-08-20 17:52:23+07
13474181,Land Cruiser 017 V6 សាំង full option ហ្សុីនមួយជុំ,65000.0,65000.0,0.0,0,0.0,0,109.0,0.0,0,Toyota,Land Cruiser,2017,used,Plate Number,Unknown,Unknown,Unknown,,,Phnom Penh,store,339943,ភារ៉ា រចនាវត្តី,2026-05-04 09:15:53+07,2026-08-21 09:53:23.575689+07,2026-08-21 09:15:04+07
13507166,ប្រម៉ូសិន​ តែ​អតិថិជន​ 5នាក់​ប៉ុណ្ណោះ​!,7900.0,7900.0,0.0,0,0.0,0,98.3,0.0,0,Unknown,Unknown,2012,used,Tax Paper,Unknown,Unknown,Unknown,,,Phnom Penh,store,1291319,LUXE AUTO,2026-05-12 10:49:03+07,2026-08-18 17:19:07.20413+07,2026-08-18 15:33:03+07
13514605,Toyota PRA 05 ពណ៍ស ឡានស្អាតអត់មានបុកប៉ះទេលក់ប្រញ៉ាប់,14200.0,14200.0,0.0,0,0.0,0,102.5,0.0,0,Toyota,PRA 05 ពណ៍ស,2005,used,Plate Number,Unknown,Unknown,Unknown,,,Phnom Penh,store,663305,Toun da Toun da,2026-05-13 21:43:37+07,2026-08-24 10:35:53.577764+07,2026-08-24 10:23:02+07
13523962,ISUZU D’MAX 2026 V-CROSS FULL ថ្មីខ្លាញ់គោ,49999.0,49999.0,0.0,0,0.0,0,100.0,0.0,0,Isuzu,D’MAX V-CROSS,2026,new,Tax Paper,Unknown,Unknown,Unknown,,,Siem Reap,store,396769,sour Sok Kouch,2026-05-16 10:34:20+07,2026-08-24 10:35:59.609109+07,2026-08-24 10:17:59+07
13524633,ឡានលក់,12000.0,12500.0,500.0,1,0.0,0,99.9,0.0,0,Unknown,Unknown,2008,used,Tax Paper,Unknown,Unknown,Unknown,,,Phnom Penh,individual,85822,Narin Chanrith,2026-05-16 12:47:58+07,2026-08-24 10:35:57.604516+07,2026-08-24 10:10:49+07
13535950,ប្រញាប់លុយ 17500$,17500.0,17500.0,0.0,0,0.0,0,97.5,0.0,0,Unknown,Unknown,2015,used,Plate Number,Unknown,Unknown,Unknown,,,Phnom Penh,individual,625861,Hen Panha,2026-05-18 22:37:03+07,2026-08-24 10:35:58.603354+07,2026-08-24 10:01:20+07
13541767,Sell Lexus 400h 2007  (ស) ម្ចាស់ដើម កំពង់ប្រើរាល់ថ្ងៃ,26000.0,26000.0,0.0,0,0.0,0,91.0,0.0,0,Lexus,400h (ស),2007,used,Plate Number,Unknown,Unknown,Unknown,,,Phnom Penh,individual,66678,Kimhieng,2026-05-20 09:35:53+07,2026-08-19 09:48:06.126772+07,2026-08-19 09:31:09+07
13547971,Lexus LX470 2003,14800.0,14800.0,0.0,0,0.0,0,89.8,0.0,0,Lexus,LX470,2003,used,Plate Number,Unknown,Unknown,Unknown,,,Phnom Penh,store,718336,Cheang veng,2026-05-21 13:39:27+07,2026-08-19 09:48:15.438447+07,2026-08-19 09:30:08+07
13555356,Honda eNP2 2025 EV,23500.0,23500.0,0.0,0,0.0,0,87.3,0.0,0,Honda,eNP2 EV,2025,new,Tax Paper,Unknown,Unknown,Unknown,,,Phnom Penh,store,475016,ITH RATHANA,2026-05-23 08:58:00+07,2026-08-18 17:19:08.121567+07,2026-08-18 15:29:52+07
13559197,ដំណឹងលក់ឡានស្អាត Honda CR-V ឆ្នាំ03 បើកដំបូល​មាន(ABS),7700.0,7700.0,0.0,0,0.0,0,88.2,0.0,0,Honda,CR-V,2003,used,Plate Number,Unknown,Unknown,Unknown,,,Phnom Penh,store,557534,សារ៉ុម រាជសីហ៍ លក់រថយន្តគ្រប់ប្រភេទ,2026-05-24 09:48:02+07,2026-08-20 15:37:29.392791+07,2026-08-20 15:32:02+07
13565588,Ford Everest 023 titanium,52900.0,52900.0,0.0,0,0.0,0,85.0,0.0,0,Ford,Everest,2023,used,Plate Number,Unknown,Unknown,Unknown,,,Phnom Penh,store,265665,Thea Rith,2026-05-25 17:48:15+07,2026-08-18 17:19:00.458133+07,2026-08-18 16:10:04+07
13574139,Prius Prime LE 2020 ធ្វើការកក់ទុកមុនបាន,28800.0,28800.0,0.0,0,0.0,0,83.0,0.0,0,Toyota,Prius,2020,new,Tax Paper,Unknown,Unknown,Unknown,,,Phnom Penh,store,149907,Vincent kou,2026-05-27 16:44:40+07,2026-08-18 17:18:53.941945+07,2026-08-18 17:00:06+07
13586363,Lexus car for sale 待售车辆,93000.0,93000.0,0.0,0,0.0,0,80.1,0.0,0,Lexus,car,2016,used,Plate Number,Unknown,Unknown,Unknown,,,Kandal,individual,82759,Chantha Huot,2026-05-30 14:18:03+07,2026-08-18 17:19:01.598598+07,2026-08-18 16:03:25+07
13602510,Ford Territory 2023 ឡានស្អាត,29800.0,29800.0,0.0,0,0.0,0,81.8,0.0,0,Ford,Territory,2023,used,Plate Number,Unknown,Unknown,Unknown,,,Siem Reap,store,298332,kheang Kheang,2026-06-03 15:15:42+07,2026-08-24 10:36:08.601393+07,2026-08-24 09:48:39+07
13602703,Starex 01 លក់បន្ទាន,2500.0,2500.0,0.0,0,0.0,0,76.1,0.0,0,Hyundai,Grand Starex,2005,used,Plate Number,Unknown,Unknown,Unknown,,,Phnom Penh,store,1022793,Bun Sak,2026-06-03 15:49:21+07,2026-08-18 17:18:58.596107+07,2026-08-18 16:28:03+07
13602756,Kia morning ឆ្នាំ2012 smart key ប្រភេទ សាំង ហ្គាស់ ស៊ីន,8050.0,8050.0,0.0,0,0.0,0,76.1,0.0,0,Kia,Morning,2012,used,Tax Paper,Unknown,Unknown,Unknown,,,Phnom Penh,store,211601,......,2026-06-03 15:59:44+07,2026-08-18 17:19:02.521185+07,2026-08-18 15:57:01+07
13603190,លក់Hyundai H1 ឆ្នាំ2020 Full Option,26500.0,26500.0,0.0,0,0.0,0,81.7,0.0,0,Hyundai,H1 ឆ្នាំ2020,2020,used,Plate Number,Unknown,Unknown,Unknown,,,Tboung Khmum,store,101243,RaYuth,2026-06-03 17:41:11+07,2026-08-24 10:36:00.5945+07,2026-08-24 10:15:05+07
13611374,2014 Range Rover Vogue Full Option 🚘,23500.0,23500.0,0.0,0,0.0,0,74.8,0.0,0,Land Rover,Range Rover,2014,used,Plate Number,Unknown,Unknown,Unknown,,,Phnom Penh,store,464726,CL69 Auto,2026-06-05 15:02:29+07,2026-08-19 09:48:03.341118+07,2026-08-19 09:45:17+07
13617935,MG RX8 2023 សុីនមួយជុំ,30800.0,30800.0,0.0,0,0.0,0,77.9,0.0,0,MG,MG RX8,2023,used,Plate Number,Unknown,Unknown,Unknown,,,Siem Reap,store,298332,kheang Kheang,2026-06-07 12:30:35+07,2026-08-24 10:36:08.601393+07,2026-08-24 09:48:35+07
13647004,HONDA CRV 2000 P1,5200.0,5200.0,0.0,0,0.0,0,70.9,0.0,0,Honda,CR-V,2000,used,Plate Number,Unknown,Unknown,Unknown,,,Phnom Penh,store,138705,ព្រះនាង ស្រីសួគ៌,2026-06-14 13:04:51+07,2026-08-24 10:35:58.603354+07,2026-08-24 10:01:02+07
13648563,ឡានម្ចាស់ផ្ទាល់លក់,10500.0,10500.0,0.0,0,0.0,0,64.8,0.0,0,Unknown,Unknown,2010,used,Plate Number,Unknown,Unknown,Unknown,,,Phnom Penh,individual,151477,ណៅ រតនះ,2026-06-14 21:52:45+07,2026-08-18 17:19:07.203515+07,2026-08-18 15:33:42+07
13663075,2015 Land Rover Discovery Sport Luxury SUV,18000.0,18000.0,0.0,0,0.0,0,63.2,0.0,0,Land Rover,Discovery Sport,2015,used,Plate Number,Unknown,Unknown,Unknown,,,Phnom Penh,store,826670,Minnie Fung,2026-06-18 11:04:29+07,2026-08-20 15:37:32.540571+07,2026-08-20 15:03:02+07
13676304,2023 LEXUS NX350 F-SPORT Full Options,78800.0,78800.0,0.0,0,0.0,0,58.0,0.0,0,Lexus,NX350,2023,used,Plate Number,Unknown,Unknown,Unknown,,,Phnom Penh,store,180713,LimLy Auto,2026-06-21 18:27:42+07,2026-08-18 17:19:01.601605+07,2026-08-18 16:00:11+07
13677882,Avatr 06T,44900.0,44900.0,0.0,0,0.0,0,60.0,0.0,0,Avatr,06T,2026,new,Tax Paper,Unknown,Unknown,Unknown,,,Phnom Penh,store,1103626,Regal Motors,2026-06-22 09:19:57+07,2026-08-21 09:53:16.324528+07,2026-08-21 09:30:12+07
13694296,Prius 08 full,10200.0,10200.0,0.0,0,0.0,0,54.0,0.0,0,Toyota,Prius,2008,used,Plate Number,Unknown,Unknown,Unknown,,,Phnom Penh,store,790951,Neang Yuthdara,2026-06-25 17:29:25+07,2026-08-18 17:19:00.456129+07,2026-08-18 16:15:56+07
13694330,Toyota Prius ឆ្នាំ2007 Full ពេញ ក្រដាសពន្ធ,13500.0,13500.0,0.0,0,0.0,0,56.7,0.0,0,Toyota,Prius,2007,used,Tax Paper,Unknown,Unknown,Unknown,,,Phnom Penh,store,990934,Outdom Nop,2026-06-25 17:43:16+07,2026-08-21 09:53:26.241528+07,2026-08-21 09:10:05+07
13700703,Toyota Prius 2010 Option3 Solar ក្នុងលឿងឡានថ្មី,15800.0,15800.0,0.0,0,0.0,0,58.0,0.0,0,Toyota,Prius,2010,used,Plate Number,Unknown,Unknown,Unknown,,,Phnom Penh,store,595497,TAY BUNNA,2026-06-27 10:25:06+07,2026-08-24 10:35:52.583513+07,2026-08-24 10:25:06+07
13705621,Porsche Cayenne S full option,12900.0,12900.0,0.0,0,0.0,0,53.7,0.0,0,Porsche,Cayenne,2011,used,Plate Number,Unknown,Unknown,Unknown,,,Phnom Penh,store,410992,BIG BOSS,2026-06-28 16:16:55+07,2026-08-21 09:53:26.240946+07,2026-08-21 09:10:05+07
13712166,Camry Le 2002 ABS,9250.0,9250.0,0.0,0,0.0,0,51.9,0.0,0,Toyota,Camry,2002,used,Plate Number,Unknown,Unknown,Unknown,,,Phnom Penh,store,388015,Piseth Sokhanida,2026-06-30 11:53:51+07,2026-08-21 09:53:16.324649+07,2026-08-21 09:30:12+07
13713330,Tacoma 2015 ពណ៍ប្រាក់ ប៉ុង២ កាប់តាស់ មានឃ្លុប,25500.0,25500.0,0.0,0,0.0,0,49.1,0.0,0,Toyota,Tacoma,2015,used,Tax Paper,Unknown,Unknown,Unknown,,,Phnom Penh,store,282605,ធានហ្វា លក់រថយន្ត,2026-06-30 15:59:41+07,2026-08-18 17:19:02.521185+07,2026-08-18 15:59:02+07
13734616,BMW IX3 M Sport Package EV 2024,47800.0,47800.0,0.0,0,0.0,0,46.0,0.0,0,BMW,IX3 M Sport,2024,new,Tax Paper,Unknown,Unknown,Unknown,,,Phnom Penh,store,1134205,ITH RATHANA,2026-07-06 10:40:00+07,2026-08-21 09:53:11.213802+07,2026-08-21 09:40:05+07
13738496,"Xiaomi Yu7, Su7 ១ទឹកពីចិនផ្ទាល់",47500.0,47500.0,0.0,0,0.0,0,42.3,0.0,0,Unknown,Unknown,2025,used,Tax Paper,Unknown,Unknown,Unknown,,,Phnom Penh,store,859638,Lisa Tang,2026-07-07 09:20:41+07,2026-08-18 17:19:01.602264+07,2026-08-18 16:00:11+07
13739030,Audi Q7 Year 2014 Diesel for Sell or change with other car,19565.0,19565.0,0.0,0,0.0,0,45.0,0.0,0,Audi,Q7,2014,used,Plate Number,Unknown,Unknown,Unknown,,,Phnom Penh,store,159263,SMH Property,2026-07-07 10:56:46+07,2026-08-21 09:53:21.103433+07,2026-08-21 09:24:03+07
13749798,លក់​,26800.0,26800.0,0.0,0,0.0,0,45.7,0.0,0,Unknown,Unknown,2025,used,Plate Number,Unknown,Unknown,Unknown,,,Phnom Penh,individual,501273,Jolie p-93883333,2026-07-09 18:28:31+07,2026-08-24 10:35:55.58206+07,2026-08-24 10:27:11+07
13751927,GN8 Global Full Option,29800.0,29800.0,0.0,0,0.0,0,45.0,0.0,0,GAC,GN8,2025,used,Plate Number,Unknown,Unknown,Unknown,,,Phnom Penh,store,1033701,Wu Jv,2026-07-10 11:03:06+07,2026-08-24 10:36:01.62584+07,2026-08-24 10:00:18+07
13759497,"០៦,ប៉ុង១,១៦៨០០$ចរចា",16800.0,16800.0,0.0,0,0.0,0,38.0,0.0,0,Unknown,Unknown,2006,used,Plate Number,Unknown,Unknown,Unknown,,,Kampong Cham,store,335658,Den Oudam,2026-07-12 10:06:09+07,2026-08-19 09:48:01.897897+07,2026-08-19 09:47:03+07
13762262,Ford Ranger Raptor (5****$),52000.0,52000.0,0.0,0,0.0,0,37.1,0.0,0,Ford,Ranger Raptor,2023,used,Tax Paper,Unknown,Unknown,Unknown,,,Phnom Penh,individual,286527,Mr Phou Pich,2026-07-13 08:14:26+07,2026-08-19 09:48:01.901276+07,2026-08-19 09:46:05+07
13763214,Toyota Hilux Revo Rally ឆ្នាំ 2026 Full option,45800.0,45800.0,0.0,0,0.0,0,42.0,0.0,0,Toyota,Hilux Revo Rally,2026,used,Plate Number,Unknown,Unknown,Unknown,,,Phnom Penh,store,530124,108 Auto car dealer,2026-07-13 11:20:54+07,2026-08-24 10:35:55.580054+07,2026-08-24 10:28:01+07
13763630,2022 ford eco sport,16300.0,16300.0,0.0,0,0.0,0,38.1,0.0,0,Ford,eco sport,2022,used,Plate Number,Unknown,Unknown,Unknown,,,Phnom Penh,individual,1130590,hai ratna,2026-07-13 12:43:53+07,2026-08-20 15:37:38.104337+07,2026-08-20 14:58:29+07
13767269,Prius 2010 option 4 ថ្នាំសុីន100%,18800.0,18800.0,0.0,0,0.0,0,37.2,0.0,0,Toyota,Prius,2010,used,Tax Paper,Unknown,Unknown,Unknown,,,Phnom Penh,store,146459,Ty Vichet,2026-07-14 10:28:04+07,2026-08-20 15:37:48.536471+07,2026-08-20 14:23:20+07
13768255,FORTUNER LEGENDER 2025 Full,51500.0,51500.0,0.0,0,0.0,0,34.1,0.0,0,Toyota,Fortuner,2025,used,Plate Number,Unknown,Unknown,Unknown,,,Phnom Penh,store,385708,Hea Sinh,2026-07-14 13:18:07+07,2026-08-17 15:50:59.837788+07,2026-08-17 15:00:10+07
13775243,Kia Ray 2016 full smart key gray តំលៃល្អ ឡានស្អាត,9300.0,9300.0,0.0,0,0.0,0,36.0,0.0,0,Kia,Ray,2016,used,Tax Paper,Unknown,Unknown,Unknown,,,Phnom Penh,store,94595,Hour Longpheng,2026-07-16 10:37:51+07,2026-08-21 09:53:22.428437+07,2026-08-21 09:17:02+07
13775462,17990,17990.0,17990.0,0.0,0,0.0,0,35.9,0.0,0,Unknown,Unknown,2026,new,Tax Paper,Unknown,Unknown,Unknown,,,Phnom Penh,store,1300352,Chery Cambodia,2026-07-16 11:20:12+07,2026-08-21 09:53:16.325366+07,2026-08-21 09:30:12+07
13775579,TOYOTA HILUX RALLY 2021,36000.0,36000.0,0.0,0,0.0,0,35.2,0.0,0,Toyota,Hilux,2021,used,Plate Number,Unknown,Unknown,Unknown,,,Phnom Penh,store,791735,Hong Chhunheng,2026-07-16 11:46:54+07,2026-08-20 15:37:41.027482+07,2026-08-20 14:30:10+07
13775853,Toyota Land Cruiser GXR gasoline V6,92000.0,92000.0,0.0,0,0.0,0,35.9,0.0,0,Toyota,Land Cruiser,2022,used,Plate Number,Unknown,Unknown,Unknown,,,Phnom Penh,store,1072003,Phea Phea,2026-07-16 12:55:22+07,2026-08-21 09:53:15.00374+07,2026-08-21 09:42:02+07
13782711,GAC GS3 Emzoom R-style,22200.0,22200.0,0.0,0,0.0,0,33.2,0.0,0,GAC,GS3 Emzoom,2026,new,Tax Paper,Unknown,Unknown,Unknown,,,Phnom Penh,store,1224932,ChaoFan Auto,2026-07-18 11:06:09+07,2026-08-20 15:37:33.858896+07,2026-08-20 15:01:47+07
13785734,Toyota Vitz 2014,9900.0,9900.0,0.0,0,0.0,0,31.0,0.0,0,Toyota,Vitz,2014,used,Tax Paper,Unknown,Unknown,Unknown,,,Phnom Penh,store,175040,Hok Chheanhuy,2026-07-19 09:41:54+07,2026-08-19 09:48:01.901304+07,2026-08-19 09:46:02+07
13786719,Toyota Hilux Rally 2026,45900.0,46500.0,600.0,1,0.0,0,30.2,0.0,0,Toyota,Hilux,2026,used,Plate Number,Unknown,Unknown,Unknown,,,Phnom Penh,store,772106,Sovannridh Toyota Plus,2026-07-19 13:33:09+07,2026-08-18 17:19:07.20413+07,2026-08-18 15:33:03+07
13789055,លក់ដូរសេរីឡានម្ចាស់ដេីម,13000.0,13000.0,0.0,0,0.0,0,28.3,0.0,0,Unknown,Unknown,2002,used,Plate Number,Unknown,Unknown,Unknown,,,Phnom Penh,individual,883896,Meng Heang,2026-07-20 09:43:35+07,2026-08-17 15:50:57.861736+07,2026-08-17 15:06:49+07
13789663,ឡានស្អាតគ្មានទើស,17500.0,17500.0,0.0,0,0.0,0,28.2,0.0,0,Unknown,Unknown,2013,used,Plate Number,Unknown,Unknown,Unknown,,,Kandal,individual,447627,Seng Dara,2026-07-20 11:42:11+07,2026-08-17 15:51:05.442815+07,2026-08-17 14:37:42+07
13790987,PRIUS 08 Full JBL Map ម្ចាស់ដើម ធានាឡានស្អាត,11900.0,11900.0,0.0,0,0.0,0,29.0,0.0,0,Toyota,Prius,2008,used,Plate Number,Unknown,Unknown,Unknown,,,Phnom Penh,individual,1216745,You &amp; Me ខ្ញុំ &amp; អ្នក,2026-07-20 16:27:57+07,2026-08-18 17:18:54.872942+07,2026-08-18 16:59:43+07
13794235,Nx200T 016 Full Fsport  សកាំម៉ៃ​ ក្នុងលឿង​ មូលសុីនមួយជុំ​,35500.0,35500.0,0.0,0,0.0,0,28.2,0.0,0,Lexus,NX200t,2016,used,Tax Paper,Unknown,Unknown,Unknown,,,Phnom Penh,store,193430,ហេង​ហេង99 ហេង​ 99 ឃ្លាំង​លក់ឡានហេងហេង99,2026-07-21 12:49:32+07,2026-08-18 17:19:03.459664+07,2026-08-18 15:47:20+07
13800207,2001 ប៉ុង2,9600.0,9600.0,0.0,0,0.0,0,27.5,0.0,0,Unknown,Unknown,2001,used,Plate Number,Unknown,Unknown,Unknown,,,Phnom Penh,individual,161793,Van Neng,2026-07-22 21:52:46+07,2026-08-19 09:48:11.442896+07,2026-08-19 09:25:55+07
13801548,LX 570  updated 2021 Kuro,43000.0,43000.0,0.0,0,0.0,0,25.2,0.0,0,Unknown,Unknown,2008,used,Plate Number,Unknown,Unknown,Unknown,,,Phnom Penh,individual,719706,PETH SARATH,2026-07-23 10:58:06+07,2026-08-17 15:50:50.200796+07,2026-07-23 10:58:06+07
13804438,Toyota Alphard (ស្ពិចរុស្សុី V6),46000.0,46000.0,0.0,0,0.0,0,28.1,0.0,0,Toyota,Alphard,2019,used,Plate Number,Unknown,Unknown,Unknown,,,Phnom Penh,store,638835,Dara Heng 小邢,2026-07-24 08:38:56+07,2026-08-21 09:53:16.323337+07,2026-08-21 09:30:27+07
13804969,Prius prime 2017 full advanced,26500.0,26500.0,0.0,0,0.0,0,26.0,0.0,0,Toyota,Prius,2017,used,Tax Paper,Unknown,Unknown,Unknown,,,Phnom Penh,store,242346,Pen samborn,2026-07-24 10:07:11+07,2026-08-19 09:48:22.30237+07,2026-08-19 09:17:02+07
13805066,Rang velar 2019,52600.0,52600.0,0.0,0,0.0,0,26.0,0.0,0,Unknown,Unknown,2019,used,Tax Paper,Unknown,Unknown,Unknown,,,Phnom Penh,store,242346,Pen samborn,2026-07-24 10:25:21+07,2026-08-19 09:48:22.303244+07,2026-08-19 09:17:01+07
13805812,Top Condition Lexus IS250 for sale,15588.0,15588.0,0.0,0,0.0,0,30.9,0.0,0,Lexus,IS250,2006,used,Plate Number,Unknown,Unknown,Unknown,,,Phnom Penh,individual,802389,Dan,2026-07-24 12:51:40+07,2026-08-24 10:36:03.654052+07,2026-08-24 09:58:21+07
13810888,Kia Picanto 2022 ថ្មី ស្រុីន១ជុំ,9700.0,9700.0,0.0,0,0.0,0,22.8,0.0,0,Kia,Picanto,2022,used,Plate Number,Unknown,Unknown,Unknown,,,Phnom Penh,store,634852,Hong Hong,2026-07-25 20:17:07+07,2026-08-17 15:51:03.564414+07,2026-08-17 14:43:22+07
13813443,Porsche Cayenne 2013 diesel,25000.0,25000.0,0.0,0,0.0,0,23.0,0.0,0,Porsche,Cayenne,2013,used,Plate Number,Unknown,Unknown,Unknown,,,Phnom Penh,store,85153,Lim seav pheng,2026-07-26 16:44:40+07,2026-08-18 17:18:56.72048+07,2026-08-18 16:45:05+07
13817921,ឡានលក់02ប៉ុង2,11999.0,11999.0,0.0,0,0.0,0,20.8,0.0,0,Unknown,Unknown,2002,used,Plate Number,Unknown,Unknown,Unknown,,,Phnom Penh,individual,198240,0965709656,2026-07-27 20:05:51+07,2026-08-17 15:51:02.659157+07,2026-08-17 14:48:02+07
13828683,2019 Excutive lounge បេីកដំបូល​ អូតូ​៣​ ខ្មៅ​ក្នុង​ខ្មៅ​ កៅអី​ធំ​ តាបឡូសុីន​ ដៃលេខ​ត្រឡប់​ សិត​កៅអី,45800.0,45800.0,0.0,0,0.0,0,24.9,0.0,0,Unknown,Unknown,2019,used,Plate Number,Unknown,Unknown,Unknown,,,Phnom Penh,store,963473,Chheng Hor,2026-07-30 12:57:50+07,2026-08-24 10:36:05.643804+07,2026-08-24 10:00:18+07
13833271,Ford F-150 Raptor 2018 Full-Option,52600.0,52600.0,0.0,0,0.0,0,17.1,0.0,0,Ford,F-150 Raptor,2018,used,Plate Number,Unknown,Unknown,Unknown,,,Phnom Penh,store,798650,Pha AutoCars,2026-07-31 14:28:56+07,2026-08-17 15:51:05.478988+07,2026-08-17 14:33:02+07
13833411,Land Cruiser Lc200 GXR Grand Touring Full-Options 2019,75800.0,75800.0,0.0,0,0.0,0,20.0,0.0,0,Toyota,Land Cruiser,2019,used,Plate Number,Unknown,Unknown,Unknown,,,Phnom Penh,store,798650,Pha AutoCars,2026-07-31 14:55:56+07,2026-08-20 15:37:39.447345+07,2026-08-20 14:56:03+07
13833959,Ford raptor F 150 2018 ក្រដាសពន្ធ,53500.0,53500.0,0.0,0,0.0,0,23.7,0.0,0,Ford,Ranger Raptor,2018,used,Tax Paper,Unknown,Unknown,Unknown,,,Phnom Penh,store,376549,Sara Vuth79,2026-07-31 17:02:05+07,2026-08-24 10:36:04.652488+07,2026-08-24 09:58:02+07
13836774,Prius(2010)រៀបចំស្អាតយកទៅជិះប្រុយ,15555.0,15555.0,0.0,0,0.0,0,19.7,0.0,0,Toyota,Prius,2010,used,Tax Paper,Unknown,Unknown,Unknown,,,Phnom Penh,store,1064841,វេត ពូ,2026-08-01 16:35:38+07,2026-08-21 09:53:19.757693+07,2026-08-21 09:21:04+07
13840385,Mercedes Benz S350 up Maybach,17500.0,17500.0,0.0,0,0.0,0,21.7,0.0,0,Mercedes-Benz,S350,2007,used,Plate Number,Unknown,Unknown,Unknown,,,Phnom Penh,individual,873890,Mr Da 258,2026-08-02 18:14:33+07,2026-08-24 10:36:07.608563+07,2026-08-24 09:50:05+07
13840808,RX350 លក់​ប្រញាប់​,23300.0,23300.0,0.0,0,0.0,0,14.8,0.0,0,Lexus,RX350,2010,used,Plate Number,Unknown,Unknown,Unknown,,,Phnom Penh,individual,1164943,Seng Mengly,2026-08-02 21:44:28+07,2026-08-17 15:50:55.860298+07,2026-08-17 15:18:37+07
13841879,GAC GN8 2024 VIP,39500.0,39500.0,0.0,0,0.0,0,18.0,0.0,0,GAC,GN8,2024,used,Plate Number,Unknown,Unknown,Unknown,,,Phnom Penh,store,1081857,Chealing You,2026-08-03 09:45:35+07,2026-08-21 09:53:23.580343+07,2026-08-21 09:14:02+07
13843267,Bestune 2025 T90,18000.0,18000.0,0.0,0,0.0,0,15.8,0.0,0,Unknown,Unknown,2025,used,Plate Number,Unknown,Unknown,Unknown,,,Phnom Penh,store,728374,den Ra,2026-08-03 14:05:18+07,2026-08-19 09:48:12.664882+07,2026-08-19 09:29:27+07
13846082,២០០១  ប៉ុង១​ ឡានស្អាត 2BR ម៉ាញែតMC,12200.0,12200.0,0.0,0,0.0,0,17.0,0.0,0,Unknown,Unknown,2001,used,Plate Number,Unknown,Unknown,Unknown,,,Preah Sihanouk,individual,535038,គ្រូវីរះ,2026-08-04 09:49:53+07,2026-08-21 09:53:27.388706+07,2026-08-21 09:09:23+07
13846582,🚘កាត់បានក្តៅៗTacoma 2003 Abs ប៉ុងភ្លើង ភិនភាគឡាន ទឹកថ្នាំហ្សីន ម៉ាជុំ 6ម៉ាសុីន,10500.0,10500.0,0.0,0,0.0,0,20.0,0.0,0,Toyota,Tacoma,2003,used,Plate Number,Unknown,Unknown,Unknown,,,Phnom Penh,store,666786,Sos sell car,2026-08-04 11:17:52+07,2026-08-24 10:36:00.5945+07,2026-08-24 10:15:05+07
13854762,Ford Ranger Raptor  2023ក្បាលCB ម្ចាស់ដើមផ្ទាល់,59000.0,59900.0,900.0,1,0.0,0,15.0,0.0,0,Ford,Ranger Raptor,2023,used,Plate Number,Unknown,Unknown,Unknown,,,Kampong Cham,individual,195188,Chhay Hok,2026-08-06 10:50:39+07,2026-08-21 09:53:04.847046+07,2026-08-20 08:50:11+07
13856430,Prius 2013 Personal,19800.0,19800.0,0.0,0,0.0,0,14.0,0.0,0,Toyota,Prius,2013,used,Tax Paper,Unknown,Unknown,Unknown,,,Phnom Penh,store,146459,Ty Vichet,2026-08-06 16:27:56+07,2026-08-20 15:37:44.21993+07,2026-08-20 14:23:24+07
13856883,Toyota Raize 2026,21900.0,21900.0,0.0,0,0.0,0,13.9,0.0,0,Toyota,Raize,2026,new,Tax Paper,Unknown,Unknown,Unknown,,,Phnom Penh,store,1251582,Toyota Super Car,2026-08-06 19:04:58+07,2026-08-20 15:37:41.024217+07,2026-08-20 14:32:02+07
13857097,2025 Cadillac Escalade ប្រើបាន7500km នៅថ្មីសំណុំហ្ស៊ីន១ជុំ,193999.0,193999.0,0.0,0,0.0,0,11.9,0.0,0,Cadillac,Escalade ប្រើបាន7500km នៅថ្មីសំណុំហ្ស៊ីន១ជុំ,2025,new,Plate Number,Unknown,Unknown,Unknown,,,Phnom Penh,store,592215,Thearith Nhen,2026-08-06 20:31:37+07,2026-08-18 17:19:06.250412+07,2026-08-18 15:40:17+07
13858150,Kia Canival 2022,30900.0,30900.0,0.0,0,0.0,0,17.1,0.0,0,Kia,Canival,2022,used,Plate Number,Unknown,Unknown,Unknown,,,Phnom Penh,individual,126943,Mao Chivon,2026-08-07 08:52:09+07,2026-08-24 10:36:08.601393+07,2026-08-24 09:48:31+07
13861902,Toyota Prius 2006 Full option,9300.0,9300.0,0.0,0,0.0,0,10.4,0.0,0,Toyota,Prius,2006,used,Plate Number,Unknown,Unknown,Unknown,,,Phnom Penh,store,864828,ROTHA - លក់រថយន្តគ្រប់ប្រភេទ,2026-08-08 07:32:54+07,2026-08-18 17:18:57.649847+07,2026-08-18 16:31:22+07
13866222,9500,9500.0,9500.0,0.0,0,0.0,0,8.2,0.0,0,Unknown,Unknown,2001,used,Plate Number,Unknown,Unknown,Unknown,,,Kratie,individual,957140,Hea Cheu,2026-08-09 11:47:00+07,2026-08-17 15:50:50.161233+07,2026-08-09 11:47:00+07
13867338,2012 F-Sport ជិតបើកទូ សាង,15800.0,15800.0,0.0,0,0.0,0,7.9,0.0,0,Unknown,Unknown,2012,used,Tax Paper,Unknown,Unknown,Unknown,,,Phnom Penh,store,388346,p-10365366,2026-08-09 17:11:09+07,2026-08-17 15:51:03.564414+07,2026-08-17 14:43:13+07
13875141,✅MAZDA BT50 2020 THUNDER ម្ចាស់ដេីមទីមួយ✍️ប្រើបាន5មុឺនគីឡូ✍️ប្រភេទ:Pick up✍️ពណ៌​ : ស✍️ម៉ាសុីន:2.2,26500.0,26500.0,0.0,0,0.0,0,7.0,0.0,0,Mazda,BT50 THUNDER ម្ចាស់ដេីមទីមួយ✍️ប្រើបាន5មុឺនគីឡូ✍️ប្រភេទ:Pick,2020,used,Plate Number,Unknown,Unknown,Unknown,,,Phnom Penh,store,1040247,VISAL Auto car,2026-08-11 16:48:02+07,2026-08-18 17:19:03.459664+07,2026-08-18 15:51:02+07
13875420,2016 កៅអី​VIP seats Royal lounge ទឹកថ្នាំស្យុីន​មួយជុំ​,39800.0,39800.0,0.0,0,0.0,0,8.9,0.0,0,Unknown,Unknown,2016,used,Plate Number,Unknown,Unknown,Unknown,,,Phnom Penh,store,963473,Chheng Hor,2026-08-11 18:07:47+07,2026-08-20 15:37:46.967384+07,2026-08-20 14:18:03+07
13875603,Luxes 350 ឆ្នាំ2010 Full p2,22800.0,22800.0,0.0,0,0.0,0,8.8,0.0,0,Unknown,Unknown,2010,used,Plate Number,Unknown,Unknown,Unknown,,,Phnom Penh,individual,509890,tann chung meng p-81768383,2026-08-11 19:28:01+07,2026-08-20 15:37:32.541855+07,2026-08-20 15:02:11+07
13877517,Vellfire 2016 V4 សាំង សុទ្ធ ឡើង LM 2023កៅអី ធំ exclusive lounge សុីនមួយជុំ,29500.0,29500.0,0.0,0,0.0,0,6.3,0.0,0,Toyota,Vellfire,2016,used,Plate Number,Unknown,Unknown,Unknown,,,Phnom Penh,store,194449,Naroth San,2026-08-12 10:54:29+07,2026-08-18 17:19:02.521185+07,2026-08-18 16:00:09+07
13877587,ឡានថ្មីអត់បុកអត់ប៉ះសាច់ដែកថ្មី,5800.0,5800.0,0.0,0,0.0,0,8.2,0.0,0,Unknown,Unknown,2000,used,Plate Number,Unknown,Unknown,Unknown,,,Phnom Penh,individual,1249523,អៀប ឈនអៀប,2026-08-12 11:08:34+07,2026-08-20 15:37:23.597882+07,2026-08-12 11:08:34+07
13877751,ឡាន Jeep Wrangler Option Sahara 021 4xe លក់ ( Option Sky One Touch),54000.0,54000.0,0.0,0,0.0,0,6.9,0.0,0,Jeep,Wrangler,2021,used,Tax Paper,Unknown,Unknown,Unknown,,,Phnom Penh,individual,1319347,Oeun Sitha,2026-08-12 11:39:32+07,2026-08-19 09:48:15.436942+07,2026-08-12 11:39:32+07
13878314,Highlander 03 V6 P2 Limitedលក់015688909,13900.0,13900.0,0.0,0,0.0,0,11.9,0.0,0,Toyota,Highlander,2003,used,Plate Number,Unknown,Unknown,Unknown,,,Phnom Penh,store,151641,CH Auto 999,2026-08-12 13:35:21+07,2026-08-24 10:35:53.577764+07,2026-08-24 10:22:01+07
13879103,GN8高定版,41800.0,41800.0,0.0,0,0.0,0,6.7,0.0,0,Unknown,Unknown,2024,used,Plate Number,Unknown,Unknown,Unknown,,,Phnom Penh,store,1123556,成 张,2026-08-12 16:38:16+07,2026-08-19 09:47:57.913129+07,2026-08-15 16:07:56+07
13880060,Aito M9 Full Option (10000+Km) ក្រដាស់ពន្ធ ថ្មី 99%,93456.0,93456.0,0.0,0,0.0,0,8.4,0.0,0,Unknown,Unknown,2025,used,Tax Paper,Unknown,Unknown,Unknown,,,Phnom Penh,store,341306,KS EV AUTO,2026-08-13 00:02:43+07,2026-08-21 09:53:22.431295+07,2026-08-21 09:16:11+07
13882806,Toyota Fortuner 2022,49500.0,49500.0,0.0,0,0.0,0,5.1,0.0,0,Toyota,Fortuner,2022,used,Plate Number,Unknown,Unknown,Unknown,,,Phnom Penh,store,772106,Sovannridh Toyota Plus,2026-08-13 15:47:24+07,2026-08-18 17:19:03.459664+07,2026-08-18 15:51:02+07
13886905,2026 Icar v23s 🔥តម្លៃចរចារបាន🥰,33800.0,33800.0,0.0,0,0.0,0,3.0,0.0,0,Unknown,Unknown,2026,new,Tax Paper,Unknown,Unknown,Unknown,,,Phnom Penh,store,1207509,Van Sin LT Auto,2026-08-14 16:23:47+07,2026-08-17 15:50:58.870435+07,2026-08-17 15:04:58+07
13887756,Ford Ecosport 2021,14300.0,14300.0,0.0,0,0.0,0,4.5,0.0,0,Ford,EcoSport,2021,used,Plate Number,Unknown,Unknown,Unknown,,,Phnom Penh,store,27906,Makara Makara,2026-08-14 22:03:01+07,2026-08-19 09:47:57.914377+07,2026-08-19 06:09:41+07
13890014,by owner,29000.0,29000.0,0.0,0,0.0,0,8.8,0.0,0,Unknown,Unknown,2023,used,Tax Paper,Unknown,Unknown,Unknown,,,Phnom Penh,individual,1299692,Rayne en,2026-08-15 15:30:30+07,2026-08-24 10:35:49.617808+07,2026-08-15 15:30:30+07
13890804,RX330 05 P2មហាថ្មីលក់ប្រញាប់លុយ,19500.0,19500.0,0.0,0,0.0,0,5.6,0.0,0,Lexus,RX330,2005,used,Plate Number,Unknown,Unknown,Unknown,,,Phnom Penh,store,370450,SAMAK NGOEM,2026-08-15 20:21:57+07,2026-08-21 09:53:12.548045+07,2026-08-21 09:33:03+07
13890899,Ford Ranger Wildtrak 2025 ឡើង Raptor,47500.0,47500.0,0.0,0,0.0,0,2.8,0.0,0,Ford,Ranger Wildtrak,2025,used,Plate Number,Unknown,Unknown,Unknown,,,Phnom Penh,store,340518,SP81,2026-08-15 21:11:19+07,2026-08-18 17:18:57.649847+07,2026-08-18 16:31:02+07
13892224,Prius 07 H Full ឡានថ្មីដាច់,10500.0,10500.0,0.0,0,0.0,0,8.0,0.0,0,Toyota,Prius,2007,used,Plate Number,Unknown,Unknown,Unknown,,,Phnom Penh,store,420287,តោ ហ៊ា,2026-08-16 10:54:54+07,2026-08-24 10:36:06.631091+07,2026-08-24 09:51:20+07
13893460,Car for sale Volkswagen 2023 ឡានម្ចាស់ដើមជិះបាន៣ម៉ឺនគីឡូជាងទេ នៅថ្មីណាស់ ទឹកថ្នាំស្រីនម៉ាជុំ,20500.0,20500.0,0.0,0,0.0,0,1.0,0.0,0,Volkswagen,ឡានម្ចាស់ដើមជិះបាន៣ម៉ឺនគីឡូជាងទេ នៅថ្មីណាស់ ទឹកថ្នាំស្រីនម៉ាជុំ,2023,used,Plate Number,Unknown,Unknown,Unknown,,,Phnom Penh,store,387311,Long hay,2026-08-16 16:09:22+07,2026-08-17 15:51:03.584859+07,2026-08-17 14:43:03+07
13896188,រថយន្តថ្មីក្រដាសពន្ធសំរាប់លក់ម៉ាក DEEPAL S05 长安深蓝,23800.0,23800.0,0.0,0,0.0,0,7.0,0.0,0,Changan,Deepal S05,2025,new,Tax Paper,Unknown,Unknown,Unknown,,,Kandal,individual,1301465,阿财 CHHAY,2026-08-17 11:33:32+07,2026-08-24 10:35:49.62161+07,2026-08-21 16:56:22+07
13896417,សាដេស 320,5770.0,5770.0,0.0,0,0.0,0,3.1,0.0,0,Unknown,Unknown,2003,used,Plate Number,Unknown,Unknown,Unknown,,,Phnom Penh,store,777572,Tep socheat Socheat Tep Socheat,2026-08-17 12:13:44+07,2026-08-20 15:37:23.593242+07,2026-08-17 12:13:44+07
13896991,ឡានលក់ Camry LE 2002 ធានាឡានស្អាតអត់បុក ឯកសារគ្រប់ឡានរៀបចំរួចហើយតំលៃ10800$ចរចា 0966074444,10800.0,10800.0,0.0,0,0.0,0,0.1,0.0,0,Toyota,Camry,2002,used,Plate Number,Unknown,Unknown,Unknown,,,Phnom Penh,store,1207583,មឿង ខេមរា,2026-08-17 14:24:46+07,2026-08-17 15:51:08.277244+07,2026-08-17 14:24:46+07
13897119,ឡានលក់ ឡានទុកចោលអត់ជិះទេត្រូវការលក់។,2800.0,2800.0,0.0,0,0.0,0,0.0,0.0,0,Unknown,Unknown,1995,used,Plate Number,Unknown,Unknown,Unknown,,,Phnom Penh,individual,307416,Lang Monn,2026-08-17 14:53:05+07,2026-08-17 15:51:01.705183+07,2026-08-17 14:53:05+07
13897331,Toyota Hiace 2014 សាំង លេខអូតូ,33000.0,33000.0,0.0,0,0.0,0,0.0,0.0,0,Toyota,HiAce,2014,used,Tax Paper,Unknown,Unknown,Unknown,,,Phnom Penh,store,473305,Jeang Sun,2026-08-17 15:36:33+07,2026-08-17 15:50:53.030241+07,2026-08-17 15:36:33+07
13898603,Lexus Rx330 លក់ចរចារបាន,16500.0,16500.0,0.0,0,0.0,0,1.4,0.0,0,Lexus,RX330,2004,used,Plate Number,Unknown,Unknown,Unknown,,,Phnom Penh,individual,695138,Ros Dararaksmey,2026-08-17 23:16:36+07,2026-08-19 09:47:57.91306+07,2026-08-17 23:16:36+07
13899523,Porches Macan S  full v4 2015 លក់ 23500$ ចង់បង់រំលោះក៏បាន,23500.0,23500.0,0.0,0,0.0,0,1.0,0.0,0,Porsche,Macan,2015,used,Tax Paper,Unknown,Unknown,Unknown,,,Phnom Penh,store,789799,ភិន យុទ្ធ,2026-08-18 09:44:38+07,2026-08-19 09:48:04.748951+07,2026-08-19 09:44:02+07
13901364,ChangAn Lumin range ឡានថ្មីខ្លាញគោ 310km ទើបចូល តម្លៃចរចា 9999$,9999.0,9999.0,0.0,0,0.0,0,0.1,0.0,0,Changan,Lumin range ឡានថ្មីខ្លាញគោ,2026,new,Tax Paper,Unknown,Unknown,Unknown,,,Phnom Penh,store,1228123,JH- Chan Thea,2026-08-18 15:37:03+07,2026-08-18 17:19:06.252485+07,2026-08-18 15:37:03+07
13901585,Porsche Cayman 981 ឆ្នាំ 2014 ឡានសន្លឹកពន្ធ,52000.0,52000.0,0.0,0,0.0,0,0.0,0.0,0,Porsche,Cayman 981 ឆ្នាំ,2014,used,Tax Paper,Unknown,Unknown,Unknown,,,Phnom Penh,store,478601,199 Auto car,2026-08-18 16:15:48+07,2026-08-18 17:19:00.456129+07,2026-08-18 16:15:48+07
13904168,prius 010 opt5 បន្ទាន់លុយ,14800.0,14800.0,0.0,0,0.0,0,1.9,0.0,0,Toyota,Prius,2010,used,Plate Number,Unknown,Unknown,Unknown,,,Phnom Penh,individual,720374,Mr Kang,2026-08-19 11:44:46+07,2026-08-21 09:53:21.10395+07,2026-08-21 09:23:37+07
13905076,LEXUS ES300H Full Premium ឆ្នាំ 2013 ពណ៍ស ក្នុងខ្មៅ,26800.0,26800.0,0.0,0,0.0,0,1.0,0.0,0,Lexus,ES300h,2013,used,Tax Paper,Unknown,Unknown,Unknown,,,Phnom Penh,store,337337,PT99 AUTO,2026-08-19 15:16:31+07,2026-08-20 15:37:32.538363+07,2026-08-20 15:04:46+07
13905792,Kia Moning 2012 Full smart key ស្រុីន១ជុំ,7700.0,7700.0,0.0,0,0.0,0,1.6,0.0,0,Kia,Moning,2012,used,Plate Number,Unknown,Unknown,Unknown,,,Phnom Penh,store,634852,Hong Hong,2026-08-19 19:48:30+07,2026-08-21 09:53:09.876865+07,2026-08-21 09:48:26+07
13906462,Ford wildtrak 2019,30500.0,30500.0,0.0,0,0.0,0,1.1,0.0,0,Ford,Ranger Wildtrak,2019,used,Plate Number,Unknown,Unknown,Unknown,,,Phnom Penh,individual,90091,Ramos Ramos,2026-08-20 08:29:10+07,2026-08-21 09:53:24.916672+07,2026-08-21 09:11:50+07
13907228,Kia carnival 2022 Gasoline V6/3.5L ឡានស្អាតថ្មីតម្លៃពិសេស,25000.0,25000.0,0.0,0,0.0,0,4.0,0.0,0,Kia,Carnival,2022,used,Plate Number,Unknown,Unknown,Unknown,,,Phnom Penh,store,1072003,Phea Phea,2026-08-20 10:28:51+07,2026-08-24 10:36:00.593303+07,2026-08-24 10:15:43+07
13908422,2025 l Huawei Maextro S800 l EREV l Smart Functions,258000.0,258000.0,0.0,0,0.0,0,0.1,0.0,0,Unknown,Unknown,2025,new,Tax Paper,Unknown,Unknown,Unknown,,,Phnom Penh,store,721389,Premium Luxury Cars,2026-08-20 14:25:01+07,2026-08-20 15:37:44.218293+07,2026-08-20 14:25:01+07
13908545,ឡានលក់ម្ចាស់ដើមឆ្នាំ2009fullធូរីង ក្នុងលឿង អត់បុកអត់ប៉ះអត់ច្រេះឡានទិញតាមផ្ទះនៅអាមេរិច,13500.0,13500.0,0.0,0,0.0,0,0.0,0.0,0,Unknown,Unknown,2009,used,Plate Number,Unknown,Unknown,Unknown,,,Phnom Penh,individual,1002047,ថន ចាន់,2026-08-20 14:51:11+07,2026-08-20 15:37:39.451473+07,2026-08-20 14:51:11+07
13910725,Range rover velar,35500.0,35500.0,0.0,0,0.0,0,0.0,0.0,0,Land Rover,Range Rover Velar,2018,used,Plate Number,Unknown,Unknown,Unknown,,,Phnom Penh,individual,407350,Jeep,2026-08-21 09:48:26+07,2026-08-21 09:53:09.876918+07,2026-08-21 09:48:26+07
13917413,Toyota Raize 2023 white color sale sale urgent,17500.0,17500.0,0.0,0,0.0,0,1.1,0.0,0,Toyota,Raize,2023,used,Plate Number,Unknown,Unknown,Unknown,,,Phnom Penh,individual,1323328,Ouk Pengkun,2026-08-23 08:46:20+07,2026-08-24 10:35:59.605104+07,2026-08-24 10:19:47+07
13919175,លក់​ camry 2008,8400.0,8400.0,0.0,0,0.0,0,0.8,0.0,0,Toyota,Camry,2008,used,Plate Number,Unknown,Unknown,Unknown,,,Phnom Penh,individual,1166436,Hj Jh,2026-08-23 15:22:33+07,2026-08-24 10:35:52.587291+07,2026-08-24 10:24:12+07
13920045,JEEP 2014 V6 P2,28000.0,28000.0,0.0,0,0.0,0,0.6,0.0,0,Jeep,V6 P2,2014,used,Plate Number,Unknown,Unknown,Unknown,,,Phnom Penh,store,789501,Kung Mengkorng,2026-08-23 20:34:26+07,2026-08-24 10:36:04.652488+07,2026-08-24 09:56:44+07
13921278,Toyota Raize 2022 ឡានស្អាត,15700.0,15700.0,0.0,0,0.0,0,0.0,0.0,0,Toyota,Raize,2022,used,Plate Number,Unknown,Unknown,Unknown,,,Siem Reap,store,298332,kheang Kheang,2026-08-24 09:51:04+07,2026-08-24 10:36:06.631091+07,2026-08-24 09:51:04+07
13210968,GN8 2024 Master អេក្រង់ 3 full option,32800.0,32800.0,0.0,0,0.0,0,179.4,0.0,0,GAC,GN8,2024,used,Plate Number,Unknown,Unknown,Unknown,,,Phnom Penh,store,131729,BUNDITH AUTO,2026-02-22 23:33:20+07,2026-08-21 09:53:12.548273+07,2026-08-21 09:33:03+07
13211988,Hyundai Santa Fe 019 ម៉ាស៊ូត កៅអីបីជួរ full option ឡានក្រុមហ៊ុន,26000.0,26000.0,0.0,0,0.0,0,177.0,0.0,0,Hyundai,Santa Fe,2019,used,Plate Number,Unknown,Unknown,Unknown,,,Phnom Penh,store,339943,ភារ៉ា រចនាវត្តី,2026-02-23 10:26:16+07,2026-08-19 09:48:04.749024+07,2026-08-19 09:44:02+07
13248532,Dong feng Aeolus l7,22222.0,22222.0,0.0,0,0.0,0,172.9,0.0,0,Li Auto,l7,2026,new,Tax Paper,Unknown,Unknown,Unknown,,,Phnom Penh,store,695693,Victor Auto Cambodia,2026-03-04 12:04:59+07,2026-08-24 10:35:58.601508+07,2026-08-24 10:02:03+07
13266187,BYD leopard 3 ultra,31800.0,31800.0,0.0,0,0.0,0,162.3,0.0,0,BYD,leopard 3 ultra,2025,new,Tax Paper,Unknown,Unknown,Unknown,,,Phnom Penh,store,1095235,មាស ចន្ទ័មុន្នីរត្ន័,2026-03-09 08:58:51+07,2026-08-18 17:19:04.370366+07,2026-08-18 15:45:04+07
13270206,GTV KAIN PHEV OPTION 5,33500.0,33500.0,0.0,0,0.0,0,161.4,0.0,0,Unknown,Unknown,2026,new,Tax Paper,Unknown,Unknown,Unknown,,,Phnom Penh,store,580700,ទីប្រឹក្សាផ្នែកលក់រថយន្ត GTV,2026-03-10 08:35:48+07,2026-08-18 17:18:57.649847+07,2026-08-18 16:30:08+07
13270563,Venue 2026,21600.0,21600.0,0.0,0,0.0,0,163.2,0.0,0,Hyundai,Venue,2026,new,Tax Paper,Unknown,Unknown,Unknown,,,Phnom Penh,store,477448,Va Seanghor,2026-03-10 09:48:53+07,2026-08-20 15:37:29.393584+07,2026-08-20 15:31:47+07
13270597,Staria VIP 2025,56400.0,56400.0,0.0,0,0.0,0,163.2,0.0,0,Hyundai,Staria,2025,new,Tax Paper,Unknown,Unknown,Unknown,,,Phnom Penh,store,477448,Va Seanghor,2026-03-10 09:55:09+07,2026-08-20 15:37:29.393712+07,2026-08-20 15:31:45+07
13283246,Toyota Hilux Revo Rally ឆ្នាំ 2021 Full option,38800.0,38800.0,0.0,0,0.0,0,161.0,0.0,0,Toyota,Hilux Revo Rally,2021,used,Plate Number,Unknown,Unknown,Unknown,,,Phnom Penh,store,530124,108 Auto car dealer,2026-03-13 10:29:12+07,2026-08-21 09:53:18.612261+07,2026-08-21 09:28:03+07
13287311,ឡានក់,35500.0,35500.0,0.0,0,0.0,0,157.3,0.0,0,Unknown,Unknown,2016,used,Plate Number,Unknown,Unknown,Unknown,,,Phnom Penh,store,586422,Oun Maren,2026-03-14 10:05:30+07,2026-08-18 17:18:57.649847+07,2026-08-18 16:31:02+07
13287592,Lexus CT200H ឆ្នាំ012,17900.0,17900.0,0.0,0,0.0,0,159.2,0.0,0,Lexus,CT200h,2012,used,Plate Number,Unknown,Unknown,Unknown,,,Phnom Penh,store,1227067,Sömāly Ūñ,2026-03-14 10:44:12+07,2026-08-20 15:37:30.972116+07,2026-08-20 15:30:09+07
13290957,Prius 012 Option 4 Deluxe Solar,17800.0,17800.0,0.0,0,0.0,0,159.0,0.0,0,Toyota,Prius,2012,used,Tax Paper,Unknown,Unknown,Unknown,,,Phnom Penh,store,336191,Much Chamroeun,2026-03-15 09:56:14+07,2026-08-21 09:53:15.007695+07,2026-08-21 09:40:58+07
13293648,Mercedes Benz C300 4Matice 2015 ធានាឡានស្អាត ម្ចាស់ដើម តម្លៃចរចារបាន,23200.0,23200.0,0.0,0,0.0,0,158.5,0.0,0,Mercedes-Benz,C300,2015,used,Plate Number,Unknown,Unknown,Unknown,,,Phnom Penh,store,689152,89 Auto Car,2026-03-15 22:35:09+07,2026-08-21 09:53:24.912779+07,2026-08-21 09:13:12+07
13332986,Grand Starex CVX ឆ្នាំ2011 h/full,12500.0,12500.0,0.0,0,0.0,0,146.3,0.0,0,Hyundai,Grand Starex,2011,used,Plate Number,Unknown,Unknown,Unknown,,,Phnom Penh,store,186126,Sok Bora,2026-03-25 10:49:15+07,2026-08-18 17:19:02.521185+07,2026-08-18 15:59:02+07
13341627,ឡានលក់,41500.0,41500.0,0.0,0,0.0,0,144.3,0.0,0,Unknown,Unknown,2010,used,Plate Number,Unknown,Unknown,Unknown,,,Phnom Penh,store,586422,Oun Maren,2026-03-27 11:10:48+07,2026-08-18 17:18:57.649847+07,2026-08-18 16:30:08+07
13377413,ALPHARD 2019 V6 ( ស្ពេច​រុស្ស៊ី​ ),62900.0,62900.0,0.0,0,0.0,0,135.7,0.0,0,Toyota,Alphard,2019,used,Plate Number,Unknown,Unknown,Unknown,,,Phnom Penh,store,468573,HL AUTO,2026-04-05 17:20:59+07,2026-08-19 09:48:14.050366+07,2026-08-19 09:28:02+07
13384232,Range Rover Vogue LWB Autobiography ឆ្នាំ 2020 ឡានថ្មីស្អាត,103000.0,103000.0,0.0,0,0.0,0,138.9,0.0,0,Land Rover,Range Rover Vogue,2020,used,Plate Number,Unknown,Unknown,Unknown,,,Phnom Penh,store,195713,Sale,2026-04-07 12:13:50+07,2026-08-24 10:35:53.577764+07,2026-08-24 10:23:11+07
13406403,Highlander 2006 V4 ស ប៉ុង១ ម្ចាស់ដើមលក់,18900.0,18900.0,0.0,0,0.0,0,126.2,0.0,0,Toyota,Highlander,2006,used,Plate Number,Unknown,Unknown,Unknown,,,Phnom Penh,individual,13098,លឹម ស៊ុយអៀង លក់រថយន្ត,2026-04-16 11:52:25+07,2026-08-20 15:37:51.425524+07,2026-08-20 14:02:15+07
13407171,RangRover Vougue black edition ថ្មី 110000mile,55500.0,55500.0,0.0,0,0.0,0,129.4,0.0,0,Land Rover,RangRover,2014,used,Tax Paper,Unknown,Unknown,Unknown,,,Phnom Penh,store,277144,AKT អង្គរធំ,2026-04-16 23:55:02+07,2026-08-24 10:36:03.644366+07,2026-08-24 09:59:03+07
13417293,2012 Toyota Prius Plug-In Option 5 Advanced,19999.0,19999.0,0.0,0,0.0,0,126.0,0.0,0,Toyota,Prius,2012,used,Tax Paper,Unknown,Unknown,Unknown,,,Phnom Penh,store,7045,Hong Hong,2026-04-20 10:23:21+07,2026-08-24 10:35:53.577764+07,2026-08-24 10:23:02+07
13421623,Fortuner 2015 ឡានស្អាតសុីនមួយជុំ,26900.0,26900.0,0.0,0,0.0,0,125.0,0.0,0,Toyota,Fortuner,2015,used,Plate Number,Unknown,Unknown,Unknown,,,Siem Reap,store,298332,kheang Kheang,2026-04-21 10:39:42+07,2026-08-24 10:36:08.596235+07,2026-08-24 09:48:44+07
13421713,ឡានលក់,8100.0,8100.0,0.0,0,0.0,0,122.0,0.0,0,Unknown,Unknown,2013,used,Plate Number,Unknown,Unknown,Unknown,,,Phnom Penh,individual,1282133,លីហុង សុខ,2026-04-21 10:54:05+07,2026-08-21 09:53:18.607329+07,2026-08-21 09:29:05+07
13443278,Cars for Sale,39000.0,39000.0,0.0,0,0.0,0,120.1,0.0,0,Unknown,Unknown,2017,used,Plate Number,Unknown,Unknown,Unknown,,,Phnom Penh,store,262420,LD9 Auto Car,2026-04-26 09:03:15+07,2026-08-24 10:35:58.605743+07,2026-08-24 10:00:18+07
13444039,JMC GRAND AVENUE PRO ស៊េរីឆ្នាំ 2026,45900.0,45900.0,0.0,0,0.0,0,114.2,0.0,0,Unknown,Unknown,2026,new,Tax Paper,Unknown,Unknown,Unknown,,,Phnom Penh,store,248528,JMC JMC,2026-04-26 11:45:23+07,2026-08-18 17:18:55.820733+07,2026-08-18 16:58:19+07
13463817,ឡានលក់ឆ្នាំ2023 X Pander Crossប្របានពីរម៉ឺនគីឡូថ្មី,25700.0,25700.0,0.0,0,0.0,0,110.0,0.0,0,Unknown,Unknown,2023,used,Plate Number,Unknown,Unknown,Unknown,,,Phnom Penh,individual,96624,Kimty 012899905,2026-05-01 10:22:11+07,2026-08-19 09:48:01.900878+07,2026-08-19 09:46:22+07
13487699,Lexus NX 200t   F -Sport  (2017),39900.0,39900.0,0.0,0,0.0,0,103.2,0.0,0,Lexus,NX 200t F,2017,used,Tax Paper,Unknown,Unknown,Unknown,,,Phnom Penh,store,799612,Chhinara,2026-05-07 13:03:01+07,2026-08-18 17:18:52.997731+07,2026-08-18 17:10:04+07
13492997,Cars for Sale,109996.0,109996.0,0.0,0,0.0,0,102.1,0.0,0,Unknown,Unknown,2021,used,Plate Number,Unknown,Unknown,Unknown,,,Phnom Penh,store,262420,LD9 Auto Car,2026-05-08 15:06:15+07,2026-08-18 17:18:57.649847+07,2026-08-18 16:30:08+07
13508668,ឡានទើបមកដល់ថ្មីៗបងបង2013 សាំង ហ្គាសសុីនមកពីកូរេបងបង,8289.0,8289.0,0.0,0,0.0,0,103.8,0.0,0,Kia,សសុីនមកពីកូរេបងបង,2013,used,Tax Paper,Unknown,Unknown,Unknown,,,Phnom Penh,store,351415,Bong Oun  ឃ្លាំង69,2026-05-12 15:16:44+07,2026-08-24 10:36:04.652488+07,2026-08-24 09:58:02+07
13528085,Denza D9 DM-i 2025  luxury 7-seater plug- in hybrid MPV 1.5T engine,75000.0,75000.0,0.0,0,0.0,0,98.9,0.0,0,Denza,D9,2025,new,Tax Paper,Unknown,Unknown,Unknown,,,Phnom Penh,store,1072003,Phea Phea,2026-05-17 12:04:42+07,2026-08-24 10:36:07.606513+07,2026-08-24 09:51:03+07
13544930,RANGE ROVER VOGUE LWB,78500.0,78500.0,0.0,0,0.0,0,92.6,0.0,0,Land Rover,Range Rover Vogue,2019,used,Plate Number,Unknown,Unknown,Unknown,,,Phnom Penh,store,386253,Mrr Sing,2026-05-20 19:48:10+07,2026-08-21 09:53:19.760644+07,2026-08-21 09:20:03+07
13549104,Kia carnivall ឆ្នាំ2022 full option sinagtur បើកដំបូលពីរតង់ កុងទ័រឌីជីថល កាំម៉េរ៉ា360 ចង្កិះលេខមួល,39500.0,39500.0,0.0,0,0.0,0,89.0,0.0,0,Kia,carnivall ឆ្នាំ2022,2022,used,Tax Paper,Unknown,Unknown,Unknown,,,Phnom Penh,store,211601,......,2026-05-21 17:36:01+07,2026-08-18 17:19:02.521185+07,2026-08-18 15:57:01+07
13550747,KAI Ray 2013 half full for sale,8200.0,8200.0,0.0,0,0.0,0,90.3,0.0,0,Kia,Ray,2013,used,Plate Number,Unknown,Unknown,Unknown,,,Phnom Penh,store,592993,Chetra Car Saler,2026-05-22 08:40:37+07,2026-08-20 15:37:51.426809+07,2026-08-20 14:01:20+07
13562149,GAC GN8 2024 Global,45000.0,45000.0,0.0,0,0.0,0,85.4,0.0,0,GAC,GN8,2024,new,Tax Paper,Unknown,Unknown,Unknown,,,Phnom Penh,store,475016,ITH RATHANA,2026-05-25 08:28:50+07,2026-08-18 17:19:08.121211+07,2026-08-18 15:29:58+07
13564257,GS4,22800.0,22800.0,0.0,0,0.0,0,87.8,0.0,0,GAC,GS4,2026,new,Tax Paper,Unknown,Unknown,Unknown,,,Phnom Penh,store,200848,Eang sychan,2026-05-25 13:55:36+07,2026-08-21 09:53:27.389253+07,2026-08-21 09:09:19+07
13564427,ឡានលក់ Rang Rover ខ្ញុំម្ចាស់ផ្ទាល់,34000.0,34000.0,0.0,0,0.0,0,90.8,0.0,0,Land Rover,Rang Rover,2014,used,Plate Number,Unknown,Unknown,Unknown,,,Phnom Penh,store,949388,SB Realty,2026-05-25 14:24:58+07,2026-08-24 10:36:01.62584+07,2026-08-24 10:00:18+07
13566911,តម្លៃទន់ទន់ឡានជិះផ្ទាល់,10500.0,10500.0,0.0,0,0.0,0,85.1,0.0,0,Unknown,Unknown,2011,used,Plate Number,Unknown,Unknown,Unknown,,,Phnom Penh,individual,1166618,VeaReak Phon,2026-05-26 08:10:28+07,2026-08-19 09:48:06.128144+07,2026-08-19 09:30:52+07
13584053,Kia carnivall ឆ្នាំ2015 full option កប់ស៊េរី 5បេតុង កាំម៉រ៉ា360 បើកដំបូល ទ្វារអូតូ3,19900.0,19900.0,0.0,0,0.0,0,80.7,0.0,0,Kia,carnivall ឆ្នាំ2015,2015,used,Tax Paper,Unknown,Unknown,Unknown,,,Phnom Penh,store,211601,......,2026-05-30 00:15:23+07,2026-08-18 17:19:02.521185+07,2026-08-18 15:57:01+07
13584418,ឆ្លាម97 abs,5050.0,5050.0,0.0,0,0.0,0,82.3,0.0,0,Unknown,Unknown,1997,used,Plate Number,Unknown,Unknown,Unknown,,,Battambang,individual,160810,Pheap Vuthy,2026-05-30 08:11:10+07,2026-08-20 15:37:42.60535+07,2026-08-20 14:28:50+07
13587326,2020 LX570 SUPER SPORT អារ៉ាប់,109800.0,109800.0,0.0,0,0.0,0,79.9,0.0,0,Lexus,LX570,2020,used,Plate Number,Unknown,Unknown,Unknown,,,Phnom Penh,store,180713,LimLy Auto,2026-05-30 19:02:53+07,2026-08-18 17:18:54.870805+07,2026-08-18 17:00:06+07
13592617,Nammi 01,17500.0,17500.0,0.0,0,0.0,0,80.9,0.0,0,Unknown,Unknown,2026,new,Tax Paper,Unknown,Unknown,Unknown,,,Phnom Penh,store,1103626,Regal Motors,2026-06-01 11:51:05+07,2026-08-21 09:53:16.324447+07,2026-08-21 09:30:12+07
13596806,2015 AMG ថ្មីលះ,23900.0,23900.0,0.0,0,0.0,0,77.3,0.0,0,Unknown,Unknown,2015,used,Plate Number,Unknown,Unknown,Unknown,,,Phnom Penh,store,440936,Sophoan 168 p-972054555,2026-06-02 11:13:20+07,2026-08-18 17:19:00.458133+07,2026-08-18 16:13:41+07
13625057,Ford Ecosport 2022លក់បន្ទាន់,16900.0,16900.0,0.0,0,0.0,0,73.0,0.0,0,Ford,EcoSport,2022,used,Plate Number,Unknown,Unknown,Unknown,,,Phnom Penh,store,979319,KONG THANUN,2026-06-09 09:47:25+07,2026-08-21 09:53:15.007332+07,2026-08-21 09:41:02+07
13639291,ឡានលក់,17500.0,17500.0,0.0,0,0.0,0,67.2,0.0,0,Unknown,Unknown,2011,used,Tax Paper,Unknown,Unknown,Unknown,,,Phnom Penh,store,51843,គីម,2026-06-12 12:12:31+07,2026-08-18 17:18:56.72048+07,2026-08-18 16:44:02+07
13644712,Highlander 03 v6 ប៉ុង2 លីមីធីត,14800.0,14800.0,0.0,0,0.0,0,64.9,0.0,0,Toyota,Highlander,2003,used,Plate Number,Unknown,Unknown,Unknown,,,Phnom Penh,individual,462278,Som Ang,2026-06-13 17:37:04+07,2026-08-17 15:50:56.866281+07,2026-08-17 15:22:46+07
13645156,Toyota Prius,22800.0,22800.0,0.0,0,0.0,0,65.8,0.0,0,Toyota,Prius,2016,used,Plate Number,Unknown,Unknown,Unknown,,,Phnom Penh,individual,492704,sophal ouch,2026-06-13 21:02:46+07,2026-08-18 17:19:02.531199+07,2026-08-18 15:54:00+07
13646817,ឡានលក់ morning 012 full option បើកតំបូល សោរស្មាតឃី ធានាឡានស្អាត អត់បុកអត់ច្រេះ ឯកសារម្ចាស់ដើម,8500.0,8500.0,0.0,0,0.0,0,65.2,0.0,0,Kia,Morning,2012,used,Plate Number,Unknown,Unknown,Unknown,,,Phnom Penh,store,387311,Long hay,2026-06-14 12:25:39+07,2026-08-18 17:19:06.253988+07,2026-08-18 15:35:03+07
13657137,DEFENDER D240 S,69000.0,69000.0,0.0,0,0.0,0,64.8,0.0,0,Land Rover,DEFENDER,2020,used,Plate Number,Unknown,Unknown,Unknown,,,Phnom Penh,store,896649,Polo Spl,2026-06-16 21:33:09+07,2026-08-20 15:37:42.602522+07,2026-08-20 14:30:10+07
13659285,Toyota Rush 2020 លក់,23300.0,23300.0,0.0,0,0.0,0,62.2,0.0,0,Toyota,Rush,2020,used,Plate Number,Unknown,Unknown,Unknown,,,Phnom Penh,individual,384676,Sopheak Moeng,2026-06-17 12:52:47+07,2026-08-18 17:18:58.598111+07,2026-08-18 16:23:11+07
13664521,លក់រថយន្តអគ្គិសនីខ្នាតតូច (Toyota Auto Body) តម្លៃពិសេស!,3099.0,3099.0,0.0,0,0.0,0,66.8,0.0,0,Toyota,Unknown,2018,used,Tax Paper,Unknown,Unknown,Unknown,,,Takeo,individual,1225544,Kea Look,2026-06-18 15:56:10+07,2026-08-24 10:35:58.601508+07,2026-08-24 10:02:14+07
13675638,Prius 2028 ក្រដាស់ពន្ធ ចង់រំលស់សុទ្ធ ឬរំលស់ជាមួយម្ខាស់ផ្ទាល់ក៏បាន,12800.0,12800.0,0.0,0,0.0,0,60.8,0.0,0,Toyota,Prius,2008,used,Tax Paper,Unknown,Unknown,Unknown,,,Phnom Penh,store,1009401,Net168 Auto,2026-06-21 15:03:51+07,2026-08-21 09:53:18.612133+07,2026-08-21 09:28:03+07
13682359,🚗✨BYD E3 2022 អគ្គីសនីសុទ្ធ401គីឡូ,12800.0,12800.0,0.0,0,0.0,0,59.0,0.0,0,BYD,E3 អគ្គីសនីសុទ្ធ401គីឡូ,2022,used,Plate Number,Unknown,Unknown,Unknown,,,Phnom Penh,store,1228123,JH- Chan Thea,2026-06-23 09:26:32+07,2026-08-21 09:53:17.471967+07,2026-08-21 09:25:05+07
13685044,99%,33500.0,33500.0,0.0,0,0.0,0,56.0,0.0,0,Unknown,Unknown,2020,used,Plate Number,Unknown,Unknown,Unknown,,,Phnom Penh,individual,1278704,Sophea,2026-06-23 17:09:15+07,2026-08-18 17:18:52.997731+07,2026-08-18 17:09:07+07
13697452,ឡានលក់,5200.0,5200.0,0.0,0,0.0,0,55.1,0.0,0,Unknown,Unknown,2001,used,Plate Number,Unknown,Unknown,Unknown,,,Kampong Speu,store,539634,យឹម វណ្ណឌី,2026-06-26 13:36:10+07,2026-08-20 15:37:33.864351+07,2026-08-20 15:00:08+07
13704264,Toyota Tundra Full 2008 ប៉ុង2 ឡើងមុខ 2021 ជាប្រភេទឡានថ្មី សាច់ដែកខ្ជី ម៉ាស៊ីន ប្រអប់លេខ ជិះស្មូត,23500.0,23500.0,0.0,0,0.0,0,54.0,0.0,0,Toyota,Tundra,2008,used,Plate Number,Unknown,Unknown,Unknown,,,Phnom Penh,store,395170,Rachna Sagi,2026-06-28 10:56:46+07,2026-08-21 09:53:19.754117+07,2026-08-21 09:23:03+07
13706343,Kia canival 2019 សាំង(ក្រុមហ៊ុន),19800.0,19800.0,0.0,0,0.0,0,53.5,0.0,0,Kia,canival សាំង(ក្រុមហ៊ុន),2019,used,Plate Number,Unknown,Unknown,Unknown,,,Phnom Penh,individual,1037579,ហ៊ា ហ៊ុយ,2026-06-28 21:21:41+07,2026-08-21 09:53:12.549241+07,2026-08-21 09:32:30+07
13707843,ឡានថ្មីល្អអត់ច្រេះហ្វូលពេញ,20500.0,20500.0,0.0,0,0.0,0,50.3,0.0,0,Unknown,Unknown,2003,used,Plate Number,Unknown,Unknown,Unknown,,,Phnom Penh,store,465000,PM 8989,2026-06-29 10:56:46+07,2026-08-18 17:19:06.253485+07,2026-08-18 15:36:02+07
13707893,ឡានថ្មីម្ចាស់ដើម,32500.0,32500.0,0.0,0,0.0,0,52.2,0.0,0,Unknown,Unknown,2019,used,Plate Number,Unknown,Unknown,Unknown,,,Phnom Penh,store,465000,PM 8989,2026-06-29 11:07:23+07,2026-08-20 15:37:27.816029+07,2026-08-20 15:25:02+07
13719424,JAC EV,28999.0,28999.0,0.0,0,0.0,0,53.0,0.0,0,JAC,EV,2026,new,Tax Paper,Unknown,Unknown,Unknown,,,Phnom Penh,store,1070674,Manny Nhor,2026-07-02 09:56:34+07,2026-08-24 10:35:54.568358+07,2026-08-24 10:21:19+07
13724322,Lexus RX 450 H 2013  (ប៉ុង២),36800.0,36800.0,0.0,0,0.0,0,46.2,0.0,0,Lexus,RX 450 H,2013,used,Tax Paper,Unknown,Unknown,Unknown,,,Phnom Penh,store,799612,Chhinara,2026-07-03 12:02:41+07,2026-08-18 17:18:52.997731+07,2026-08-18 17:10:04+07
13735997,Audi Q7 2017 ម្ចាស់ផ្ទាល់ មេឡាន ម៉ាយតិច,24300.0,24300.0,0.0,0,0.0,0,45.8,0.0,0,Audi,Q7,2017,used,Plate Number,Unknown,Unknown,Unknown,,,Phnom Penh,individual,438044,Zhilong Z.,2026-07-06 14:32:40+07,2026-08-21 09:53:09.876476+07,2026-08-21 09:48:30+07
13739207,Lexus Lm350h | Business Seats,39900.0,39900.0,0.0,0,0.0,0,44.9,0.0,0,Lexus,LM350h,2015,used,Plate Number,Unknown,Unknown,Unknown,,,Phnom Penh,store,235152,SP68 Auto,2026-07-07 11:28:09+07,2026-08-21 09:53:19.755894+07,2026-08-21 09:22:03+07
13747803,Changan Deep Bluet S05 620km,25800.0,25800.0,0.0,0,0.0,0,42.2,0.0,0,Changan,Deepal S05,2026,new,Tax Paper,Unknown,Unknown,Unknown,,,Phnom Penh,store,1286497,litianze li,2026-07-09 11:25:40+07,2026-08-20 15:37:46.962291+07,2026-08-20 14:22:50+07
13754500,លក់Carnival ឆ្នាំ2022ម៉ាសុីនសាំង V6ខ្លាញ់គោស្រុកខ្មែរ,27800.0,27800.0,0.0,0,0.0,0,44.5,0.0,0,Kia,Carnival,2022,used,Plate Number,Unknown,Unknown,Unknown,,,Phnom Penh,store,185957,Sokkea Lay,2026-07-10 21:50:25+07,2026-08-24 10:35:57.604516+07,2026-08-24 10:11:02+07
13755901,MAZDA EZ6 600Km max Sport 2025,38800.0,38800.0,0.0,0,0.0,0,40.2,0.0,0,Mazda,EZ6 600Km max,2025,new,Tax Paper,Unknown,Unknown,Unknown,,,Phnom Penh,store,1081857,Chealing You,2026-07-11 10:38:56+07,2026-08-20 15:37:49.860235+07,2026-08-20 14:16:33+07
13764180,🚘 ស្តុកថ្មី Toyota RAV4 L 2001 ប៉ុង01 ម៉ាសុីន ប្រអប់លេខជើងក្រោមហាប់ ធានាអត់បុក អត់កាត់ត,9000.0,9000.0,0.0,0,0.0,0,38.8,0.0,0,Toyota,RAV4,2001,used,Plate Number,Unknown,Unknown,Unknown,,,Phnom Penh,store,666786,Sos sell car,2026-07-13 14:38:03+07,2026-08-21 09:53:16.325121+07,2026-08-21 09:30:12+07
13775309,CVX Starex 2012 ម៉ាសុីនធំ ឡានស្អាត តំលៃល្អ,13300.0,13300.0,0.0,0,0.0,0,36.0,0.0,0,Hyundai,Starex,2012,used,Tax Paper,Unknown,Unknown,Unknown,,,Phnom Penh,store,94595,Hour Longpheng,2026-07-16 10:51:11+07,2026-08-21 09:53:22.428299+07,2026-08-21 09:17:02+07
13775394,TOYOTA HILUX RALLY 2020,35500.0,35500.0,0.0,0,0.0,0,35.2,0.0,0,Toyota,Hilux,2020,used,Plate Number,Unknown,Unknown,Unknown,,,Phnom Penh,store,791735,Hong Chhunheng,2026-07-16 11:05:17+07,2026-08-20 15:37:51.430744+07,2026-08-20 14:00:18+07
13775521,Kia Ray 2013 តម្លៃ​ពិសេស​គ្មាន​ពីរ​ មកមុនបានមុន,8050.0,8050.0,0.0,0,0.0,0,32.2,0.0,0,Kia,Ray តម្លៃ​ពិសេស​គ្មាន​ពីរ​ មកមុនបានមុន,2013,used,Tax Paper,Unknown,Unknown,Unknown,,,Phnom Penh,store,284758,Vet UtDom,2026-07-16 11:33:26+07,2026-08-17 15:51:05.478988+07,2026-08-17 14:33:02+07
13777566,Pruis 07លក់,9500.0,9500.0,0.0,0,0.0,0,31.8,0.0,0,Unknown,Unknown,2007,used,Plate Number,Unknown,Unknown,Unknown,,,Kandal,individual,447627,Seng Dara,2026-07-16 21:40:05+07,2026-08-17 15:51:05.447921+07,2026-08-17 14:37:41+07
13780275,លក់NX.200T 015 Luxury ឡើង F-Sport ក្នុងCherry 🍒ប៊ូតុង5​ ប៉ុង2,27800.0,27800.0,0.0,0,0.0,0,37.8,0.0,0,Lexus,NX 200T,2015,used,Plate Number,Unknown,Unknown,Unknown,,,Phnom Penh,store,271614,ហ៊ា អន លក់ឡាន,2026-07-17 15:28:11+07,2026-08-24 10:36:02.631567+07,2026-08-24 09:53:01+07
13785359,ឡានលក់,16000.0,16000.0,0.0,0,0.0,0,32.3,0.0,0,Unknown,Unknown,2010,used,Plate Number,Unknown,Unknown,Unknown,,,Phnom Penh,store,51843,គីម,2026-07-19 07:39:19+07,2026-08-20 15:37:46.967494+07,2026-08-20 14:18:03+07
13791710,រៀបរួចហើយ,13500.0,13500.0,0.0,0,0.0,0,30.8,0.0,0,Unknown,Unknown,2002,used,Plate Number,Unknown,Unknown,Unknown,,,Phnom Penh,store,613568,Virak som,2026-07-20 20:54:44+07,2026-08-20 15:37:32.536065+07,2026-08-20 15:06:02+07
13796465,Lexus CT200h 2011 Full Option លក់ដូរសេរី,17500.0,17500.0,0.0,0,0.0,0,33.3,0.0,0,Lexus,CT200h,2011,used,Plate Number,Unknown,Unknown,Unknown,,,Phnom Penh,individual,568936,Meng Huy,2026-07-22 03:39:19+07,2026-08-24 10:35:52.586632+07,2026-08-24 10:24:13+07
13805207,Nx 200T fsport 2015,31600.0,31600.0,0.0,0,0.0,0,26.0,0.0,0,Unknown,Unknown,2015,used,Tax Paper,Unknown,Unknown,Unknown,,,Phnom Penh,store,242346,Pen samborn,2026-07-24 10:52:51+07,2026-08-19 09:48:22.303781+07,2026-08-19 09:16:57+07
13810222,🩷2026 Toyota bZ3X range 520km ឡានថ្មីខ្លាញ់គោ🩷តម្លៃ 30800$ចរចា ថែមច្រើនមុខ និងការធានា,30800.0,30800.0,0.0,0,0.0,0,26.8,0.0,0,Toyota,bZ3X range 520km,2026,new,Tax Paper,Unknown,Unknown,Unknown,,,Phnom Penh,store,1281803,JH - Moka,2026-07-25 15:51:08+07,2026-08-21 09:53:18.604764+07,2026-08-21 09:30:12+07
13815479,MG-HS-Trophy*2025 | ម្ចាស់ដើមផ្ទាល់,31500.0,31500.0,0.0,0,0.0,0,21.2,0.0,0,MG,-HS-Trophy*2025 | ម្ចាស់ដើមផ្ទាល់,2025,new,Plate Number,Unknown,Unknown,Unknown,,,Phnom Penh,individual,651162,Ly Hour,2026-07-27 10:52:37+07,2026-08-17 15:51:04.485577+07,2026-08-17 14:40:29+07
13825672,Lexus RX300 ឆ្នាំ99ប៉ុងមួយឡានស្អាត,8099.0,8099.0,0.0,0,0.0,0,18.9,0.0,0,Lexus,RX300,1999,used,Tax Paper,Unknown,Unknown,Unknown,,,Phnom Penh,individual,907430,Lim Veasna,2026-07-29 17:34:16+07,2026-08-17 15:51:01.698561+07,2026-08-17 14:53:18+07
13830048,Lexus NX 200t F Sport 2017,39800.0,39800.0,0.0,0,0.0,0,19.0,0.0,0,Lexus,NX 200t F,2017,used,Tax Paper,Unknown,Unknown,Unknown,,,Phnom Penh,store,1301329,Niv Auto 9999,2026-07-30 17:27:10+07,2026-08-18 17:19:06.254511+07,2026-08-18 15:34:32+07
13833962,🔥 Jeep Wrangler Rubicon 2020 🔥,58500.0,58500.0,0.0,0,0.0,0,23.7,0.0,0,Jeep,Wrangler Rubicon,2020,new,Tax Paper,Unknown,Unknown,Unknown,,,Phnom Penh,store,376549,Sara Vuth79,2026-07-31 17:02:18+07,2026-08-24 10:36:04.652488+07,2026-08-24 09:57:03+07
13834139,"Toyota Alphard 2018 update 2024 , V4សាំង​ & Hybrid",55500.0,55500.0,0.0,0,0.0,0,18.0,0.0,0,Toyota,Alphard,2018,used,Plate Number,Unknown,Unknown,Unknown,,,Phnom Penh,store,354084,ThyNa Car Seat,2026-07-31 18:09:57+07,2026-08-18 17:18:57.645838+07,2026-08-18 16:36:19+07
13842288,Ford Everest Titanium ឆ្នាំ 2023 Full Option,56800.0,56800.0,0.0,0,0.0,0,18.0,0.0,0,Ford,Everest Titanium,2023,used,Plate Number,Unknown,Unknown,Unknown,,,Phnom Penh,store,530124,108 Auto car dealer,2026-08-03 10:49:24+07,2026-08-21 09:53:08.540183+07,2026-08-21 09:38:02+07
13842327,TOYOTA ALPHARD 2014 VVIP AUTO,25500.0,25500.0,0.0,0,0.0,0,18.0,0.0,0,Toyota,Alphard,2014,used,Tax Paper,Unknown,Unknown,Unknown,,,Phnom Penh,store,16134,ALPHARD កម្ពុជា ៦០១,2026-08-03 10:57:44+07,2026-08-21 09:53:27.392033+07,2026-08-21 09:09:02+07
13847411,Defender 110 P400 V6 សាំង 2021 ឡានខ្លាញ់គោក្នុងស្រុក​ RMA,62000.0,65000.0,3000.0,1,0.0,0,19.9,0.0,0,Land Rover,Defender 110,2021,used,Plate Number,Unknown,Unknown,Unknown,,,Phnom Penh,store,103131,Leng SK,2026-08-04 13:55:16+07,2026-08-24 10:35:51.605508+07,2026-08-23 19:49:20+07
13849893,LC_105series_2003,15000.0,15000.0,0.0,0,0.0,0,12.3,0.0,0,Unknown,Unknown,2003,used,Plate Number,Unknown,Unknown,Unknown,,,Phnom Penh,store,331213,Lak Veth,2026-08-05 08:41:03+07,2026-08-17 15:50:57.890544+07,2026-08-17 15:05:47+07
13852302,Toyota Prius 2013 Option 3 plug in ឡានកាលី​ នៅឃ្មុំ​ហ្ស៊ីន​,19800.0,19800.0,0.0,0,0.0,0,18.8,0.0,0,Toyota,Prius,2013,used,Tax Paper,Unknown,Unknown,Unknown,,,Phnom Penh,store,428387,ឃ្លាំង​អេសធូ​ អូតូ​ ទិញ​លក់​ នឹងបង់រំលស់រថយន្តគ្រប់ប្រភេទ​,2026-08-05 16:15:14+07,2026-08-24 10:36:00.593812+07,2026-08-24 10:15:05+07
13855819,🩷SRM 025 ជិះលក្ខណ:គ្រួសារក៏បាន ប្រកបអាជីវកម្មក៏បានបងបង ធំទូលាយខ្លាំង តម្លៃ 16600$ចរចា🩷,16600.0,16600.0,0.0,0,0.0,0,17.8,0.0,0,Unknown,Unknown,2025,used,Plate Number,Unknown,Unknown,Unknown,,,Phnom Penh,store,1281803,JH - Moka,2026-08-06 14:26:19+07,2026-08-24 10:36:07.608563+07,2026-08-24 09:50:05+07
13855886,FORD RANGER XLT 2022,36000.0,36000.0,0.0,0,0.0,0,14.0,0.0,0,Ford,Ranger XLT,2023,used,Plate Number,Unknown,Unknown,Unknown,,,Phnom Penh,store,791735,Hong Chhunheng,2026-08-06 14:37:02+07,2026-08-20 15:37:51.430972+07,2026-08-20 14:00:18+07
13860449,លក់បន្ទាន់ DX7 2020,14500.0,14500.0,0.0,0,0.0,0,11.7,0.0,0,Unknown,Unknown,2020,used,Plate Number,Unknown,Unknown,Unknown,,,Phnom Penh,store,728374,den Ra,2026-08-07 16:28:17+07,2026-08-19 09:48:12.664733+07,2026-08-19 09:29:28+07
13869386,Morning 012  F Sports Full Option,8700.0,8700.0,0.0,0,0.0,0,14.0,0.0,0,Kia,Morning,2012,used,Tax Paper,Unknown,Unknown,Unknown,,,Phnom Penh,store,425901,Seangbun Kin,2026-08-10 10:41:39+07,2026-08-24 10:36:05.643804+07,2026-08-24 09:59:28+07
13869391,camry 1992 លក់ អត់កាត,1800.0,1800.0,0.0,0,0.0,0,11.0,0.0,0,Toyota,Camry,1992,used,Plate Number,Unknown,Unknown,Unknown,,,Phnom Penh,individual,1306273,CSC Auto,2026-08-10 10:43:14+07,2026-08-21 09:53:17.470121+07,2026-08-21 09:25:13+07
13869429,ធានាទ្បានស្អាត,1500.0,1500.0,0.0,0,0.0,0,9.0,0.0,0,Unknown,Unknown,2000,used,Plate Number,Unknown,Unknown,Unknown,,,Kandal,individual,546879,សាន់ ផល្លា,2026-08-10 10:50:53+07,2026-08-19 09:48:19.537101+07,2026-08-19 09:24:40+07
13875306,NADEN AUTO,9200.0,9200.0,0.0,0,0.0,0,7.7,0.0,0,Unknown,Unknown,2002,used,Plate Number,Unknown,Unknown,Unknown,,,Phnom Penh,store,178985,NADEN AUTO ទិញនិងលក់ រថយន្តគ្រប់ប្រភេទ,2026-08-11 17:32:34+07,2026-08-19 09:48:01.901726+07,2026-08-19 09:45:55+07
13878476,Kia Carnival 2025 full Options(សាំង ប្រើបាន23000គីឡូ),44800.0,44800.0,0.0,0,0.0,0,8.8,0.0,0,Kia,Carnival,2025,used,Plate Number,Unknown,Unknown,Unknown,,,Phnom Penh,store,340518,SP81,2026-08-12 14:14:00+07,2026-08-21 09:53:07.211205+07,2026-08-12 14:14:00+07
13878918,起亚嘉华,17800.0,17800.0,0.0,0,0.0,0,6.7,0.0,0,Unknown,Unknown,2018,used,Plate Number,Unknown,Unknown,Unknown,,,Phnom Penh,store,1123556,成 张,2026-08-12 15:52:58+07,2026-08-19 09:47:59.108237+07,2026-08-15 16:07:57+07
13879333,Chevrolet Tracker គីឡូម៉ែត,22000.0,20500.0,0.0,0,1500.0,1,8.7,0.0,0,Chevrolet,Tracker គីឡូម៉ែត,2022,used,Plate Number,Unknown,Unknown,Unknown,,,Phnom Penh,store,634852,Hong Hong,2026-08-12 17:57:31+07,2026-08-21 09:53:09.877439+07,2026-08-21 09:48:20+07
13880840,BYD SEAL 5 2025,16100.0,16100.0,0.0,0,0.0,0,4.3,0.0,0,BYD,Seal,2025,used,Plate Number,Unknown,Unknown,Unknown,,,Preah Sihanouk,individual,1066895,Deer,2026-08-13 09:20:19+07,2026-08-17 15:50:51.132906+07,2026-08-16 13:10:35+07
13882350,Range Rover Vogue,225000.0,225000.0,0.0,0,0.0,0,10.9,0.0,0,Land Rover,Range Rover Vogue,2022,used,Plate Number,Unknown,Unknown,Unknown,,,Phnom Penh,store,195713,Sale,2026-08-13 13:56:38+07,2026-08-24 10:35:53.577764+07,2026-08-24 10:23:01+07
13882455,Mazda BT50 2022,34000.0,34000.0,0.0,0,0.0,0,5.8,0.0,0,Mazda,BT50,2022,used,Plate Number,Unknown,Unknown,Unknown,,,Phnom Penh,store,545385,តាញាញ់ ថ្ងៃល្អ,2026-08-13 14:21:30+07,2026-08-19 09:47:59.110296+07,2026-08-13 14:21:30+07
13885965,Prius 2013 sorla option3លក់ឡានថ្មីឡានស្អាតលក់តំលៃចរចាបានអត់បុកអត់ច្រះឡានមូលមានសេវារំលោះបងៗ,17500.0,17500.0,0.0,0,0.0,0,4.8,0.0,0,Toyota,Prius,2013,used,Tax Paper,Unknown,Unknown,Unknown,,,Phnom Penh,store,687548,ឡានស្អាត ឡានស្អាត,2026-08-14 13:39:50+07,2026-08-19 09:48:12.66299+07,2026-08-19 09:30:01+07
13886805,LEXUS RX350 ប៉ុង1,25800.0,25800.0,0.0,0,0.0,0,3.0,0.0,0,Lexus,RX350,2010,used,Plate Number,Unknown,Unknown,Unknown,,,Phnom Penh,store,453935,ស្វាយ សុខជា,2026-08-14 15:57:48+07,2026-08-17 15:51:03.595391+07,2026-08-17 14:40:55+07
13889557,ឡានលក់,4400.0,4400.0,0.0,0,0.0,0,5.8,0.0,0,Unknown,Unknown,1999,used,Plate Number,Unknown,Unknown,Unknown,,,Phnom Penh,individual,187283,Ley,2026-08-15 13:34:39+07,2026-08-21 09:53:13.860926+07,2026-08-21 09:33:49+07
13889966,MERCEDESBENZ_C300_2015_AMG,28500.0,28500.0,0.0,0,0.0,0,8.8,0.0,0,Mercedes-Benz,C300,2015,used,Tax Paper,Unknown,Unknown,Unknown,,,Phnom Penh,store,477705,p-69466646,2026-08-15 15:16:22+07,2026-08-24 10:36:06.629616+07,2026-08-24 09:52:25+07
13890795,Land Cruiser PRADO ថ្មីណាស់លក់ប្រញាប់លុយ,17500.0,17500.0,0.0,0,0.0,0,5.6,0.0,0,Toyota,Land Cruiser,2004,used,Plate Number,Unknown,Unknown,Unknown,,,Phnom Penh,store,370450,SAMAK NGOEM,2026-08-15 20:19:20+07,2026-08-21 09:53:13.858588+07,2026-08-21 09:34:03+07
13892249,2025 GAC S7 ultra lidar,40900.0,40900.0,0.0,0,0.0,0,8.0,0.0,0,GAC,S7 ultra lidar,2025,used,Plate Number,Unknown,Unknown,Unknown,,,Phnom Penh,store,519591,តាំង​ ម៉េងស្រ៊ុន,2026-08-16 11:02:26+07,2026-08-24 10:35:50.609126+07,2026-08-16 11:02:26+07
13893250,រថយន្តសម្រាប់លក់ JEEP RUBICON 2021,48900.0,48900.0,0.0,0,0.0,0,7.8,0.0,0,Jeep,Wrangler Rubicon,2021,used,Plate Number,Unknown,Unknown,Unknown,,,Phnom Penh,individual,1275199,RAMY HY,2026-08-16 15:13:18+07,2026-08-24 10:35:50.609126+07,2026-08-16 15:13:18+07
13893467,ឡានលក់ Toyota vios 014 ធានាឡានស្អាតអត់បុក១០០% ឯកសារគ្រប់ទិញពីម្ចាស់ដើម លេងគុជម៉ាញ៉េអែនត្រូយហើយ ។,10900.0,10900.0,0.0,0,0.0,0,1.0,0.0,0,Toyota,Vios,2014,used,Plate Number,Unknown,Unknown,Unknown,,,Phnom Penh,store,387311,Long hay,2026-08-16 16:11:21+07,2026-08-17 15:51:03.584859+07,2026-08-17 14:43:02+07
13893590,FORD ECOSPORT 2022 ឡានស្អាតបងប្អូន,15900.0,15900.0,0.0,0,0.0,0,1.0,0.0,0,Ford,EcoSport,2022,used,Plate Number,Unknown,Unknown,Unknown,,,Siem Reap,store,396769,sour Sok Kouch,2026-08-16 16:54:44+07,2026-08-17 15:51:06.452167+07,2026-08-17 14:28:54+07
13897007,"Car in good condition,  never went wrong.",15300.0,15300.0,0.0,0,0.0,0,0.1,0.0,0,Unknown,Unknown,2018,used,Plate Number,Unknown,Unknown,Unknown,,,Phnom Penh,individual,1321202,Sokkheng Kang,2026-08-17 14:27:54+07,2026-08-17 15:51:06.472797+07,2026-08-17 14:27:54+07
13897151,RAV4 2002p1លក់ដូសារី7800$ចរចារ,7800.0,7800.0,0.0,0,0.0,0,0.0,0.0,0,Toyota,RAV4,2002,used,Tax Paper,Unknown,Unknown,Unknown,,,Phnom Penh,store,794657,សុភ្រ័ សុភ័ក្រ,2026-08-17 14:57:32+07,2026-08-17 15:51:00.735607+07,2026-08-17 14:57:32+07
13897265,2017 l Audi Q7 l 45 TFSI l Petrol V6,31500.0,31500.0,0.0,0,0.0,0,0.0,0.0,0,Audi,Q7,2017,used,Plate Number,Unknown,Unknown,Unknown,,,Phnom Penh,store,721389,Premium Luxury Cars,2026-08-17 15:19:36+07,2026-08-17 15:50:55.851168+07,2026-08-17 15:19:36+07
13897323,010អប់សិនបីសរឡាថ្មីដាច់សាង14700$0968793333,14700.0,14700.0,0.0,0,0.0,0,0.0,0.0,0,Unknown,Unknown,2010,used,Plate Number,Unknown,Unknown,Unknown,,,Phnom Penh,individual,1285780,No Mc,2026-08-17 15:34:21+07,2026-08-17 15:50:53.940636+07,2026-08-17 15:34:21+07
13897905,លក់ប្រញាប់ ម្ជាស់ដើម,5700.0,5700.0,0.0,0,0.0,0,2.9,0.0,0,Unknown,Unknown,2006,used,Plate Number,Unknown,Unknown,Unknown,,,Phnom Penh,individual,994125,បេឡា យិន,2026-08-17 18:14:25+07,2026-08-20 15:37:23.590877+07,2026-08-18 21:01:48+07
13898561,Lexus LX600 2024,208000.0,208000.0,0.0,0,0.0,0,3.5,0.0,0,Lexus,LX600,2024,used,Plate Number,Unknown,Unknown,Unknown,,,Phnom Penh,store,341306,KS EV AUTO,2026-08-17 22:55:29+07,2026-08-21 09:53:22.429515+07,2026-08-21 09:16:27+07
13898634,DongFeng L7 ឡានថ្មីខ្លាញ់គោ 2026 Range 530km តម្លៃចចា,19300.0,19300.0,0.0,0,0.0,0,3.4,0.0,0,Dongfeng,L7 ឡានថ្មីខ្លាញ់គោ Range,2026,new,Tax Paper,Unknown,Unknown,Unknown,,,Phnom Penh,store,1225964,UE UE,2026-08-17 23:39:12+07,2026-08-21 09:53:22.427889+07,2026-08-21 09:17:02+07
13898645,Tundra 08 up 2021 full,19500.0,19500.0,0.0,0,0.0,0,1.4,0.0,0,Toyota,Tundra,2021,used,Tax Paper,Unknown,Unknown,Unknown,,,Kampong Speu,individual,447693,កាន ពិសិដ្ឋ៚,2026-08-17 23:52:32+07,2026-08-19 09:47:57.914788+07,2026-08-18 08:28:10+07
13898773,Lexus Rx300​​ ប៉ុង2,9500.0,9500.0,0.0,0,0.0,0,1.3,0.0,0,Lexus,RX300,2002,used,Plate Number,Unknown,Unknown,Unknown,,,Phnom Penh,individual,1122799,ធី វ៉ាន,2026-08-18 02:37:09+07,2026-08-19 09:47:57.914134+07,2026-08-18 02:37:09+07
13899933,Nissan navara 2022 FULL ឡានស្អាតលះ,31800.0,31800.0,0.0,0,0.0,0,6.0,0.0,0,Nissan,Navara,2022,used,Plate Number,Unknown,Unknown,Unknown,,,Siem Reap,store,396769,sour Sok Kouch,2026-08-18 10:51:56+07,2026-08-24 10:35:59.609109+07,2026-08-24 10:17:56+07
13901133,RAV4 2002p1លក់ដូសារី7800$ចរចារ,7800.0,7800.0,0.0,0,0.0,0,2.8,0.0,0,Unknown,Unknown,2002,used,Tax Paper,Unknown,Unknown,Unknown,,,Phnom Penh,store,794657,សុភ្រ័ សុភ័ក្រ,2026-08-18 14:48:47+07,2026-08-21 09:53:23.581276+07,2026-08-21 09:13:38+07
13901389,Geely M9 4WD,55800.0,55800.0,0.0,0,0.0,0,0.1,0.0,0,Geely,M9,2025,new,Tax Paper,Unknown,Unknown,Unknown,,,Phnom Penh,store,1167246,Ok Auto,2026-08-18 15:41:31+07,2026-08-18 17:19:05.312866+07,2026-08-18 15:41:31+07
13901579,លក់បងៗ,8550.0,8550.0,0.0,0,0.0,0,0.0,0.0,0,Unknown,Unknown,2005,used,Plate Number,Unknown,Unknown,Unknown,,,Phnom Penh,individual,468533,p-766233335,2026-08-18 16:14:41+07,2026-08-18 17:19:00.458133+07,2026-08-18 16:14:41+07
13901605,លក់  highlender 03/V4/ប៉ុង1 តែមខ្មៅ,15900.0,15900.0,0.0,0,0.0,0,0.0,0.0,0,Unknown,Unknown,2003,used,Plate Number,Unknown,Unknown,Unknown,,,Phnom Penh,individual,1136552,ផ្សារទំនើប អីអនបី,2026-08-18 16:19:31+07,2026-08-18 17:18:59.540261+07,2026-08-18 16:19:31+07
13901611,លក់ព្រូស 010 អប់សិន 4 សូឡា 15200$,15200.0,15200.0,0.0,0,0.0,0,0.0,0.0,0,Unknown,Unknown,2010,used,Plate Number,Unknown,Unknown,Unknown,,,Kandal,individual,364493,Hun Somethea,2026-08-18 16:20:32+07,2026-08-18 17:18:59.537238+07,2026-08-18 16:20:32+07
13901747,តម្លៃល្អលឿនៗ Prius Prime 017 22500$ចចារ,22500.0,22500.0,0.0,0,0.0,0,0.0,0.0,0,Toyota,Prius,2017,used,Tax Paper,Unknown,Unknown,Unknown,,,Phnom Penh,individual,1194594,Zen Auto,2026-08-18 16:52:23+07,2026-08-18 17:18:55.824097+07,2026-08-18 16:52:23+07
13901979,ឡានលក់ ឆ្នាំ៩៧ប៉ុង១ឡានថ្មីណាស់,4800.0,4800.0,0.0,0,0.0,0,1.9,0.0,0,Unknown,Unknown,1997,used,Plate Number,Unknown,Unknown,Unknown,,,Phnom Penh,store,474191,P T,2026-08-18 18:03:02+07,2026-08-20 15:37:44.214638+07,2026-08-20 14:27:15+07
13903405,Rx300 ឆ្នាំ2002 ប៉ុង1 ធានាឡានថ្មីអត់កន្លែងទាស់,10300.0,10300.0,0.0,0,0.0,0,0.0,0.0,0,Lexus,RX300,2002,used,Plate Number,Unknown,Unknown,Unknown,,,Kandal,individual,1257196,Lay Lorn,2026-08-19 09:26:31+07,2026-08-19 09:48:11.442143+07,2026-08-19 09:26:31+07
13903430,លក់ឡាន HIGHLANDER ឆ្នាំ2003,14500.0,14500.0,0.0,0,0.0,0,0.0,0.0,0,Toyota,Highlander,2003,used,Plate Number,Unknown,Unknown,Unknown,,,Kandal,individual,786354,Theara So,2026-08-19 09:30:11+07,2026-08-19 09:48:10.239228+07,2026-08-19 09:30:11+07
13903502,Toyota Alphat 2024 តម្លៃចរចារ,92000.0,92000.0,0.0,0,0.0,0,0.0,0.0,0,Toyota,Alphat តម្លៃចរចារ,2024,used,Plate Number,Unknown,Unknown,Unknown,,,Phnom Penh,store,987664,Roum Cnaa,2026-08-19 09:45:00+07,2026-08-19 09:48:03.344057+07,2026-08-19 09:45:00+07
13904612,Camry,11500.0,11800.0,300.0,1,0.0,0,4.9,0.0,0,Toyota,Camry,2008,used,Plate Number,Unknown,Unknown,Unknown,,,Phnom Penh,store,1123556,成 张,2026-08-19 13:37:07+07,2026-08-24 10:35:49.617808+07,2026-08-22 18:34:47+07
13905605,2021年埃尔法,58000.0,58000.0,0.0,0,0.0,0,4.7,0.0,0,Unknown,Unknown,2021,used,Plate Number,Unknown,Unknown,Unknown,,,Phnom Penh,store,1123556,成 张,2026-08-19 17:58:18+07,2026-08-24 10:35:49.617808+07,2026-08-19 17:58:18+07
13906653,🚘 Triton 2024 ម្ចាស់ផ្ទាល់លក់ តម្លៃអាចចរចាបាន,36500.0,36500.0,0.0,0,0.0,0,4.1,0.0,0,Mitsubishi,Triton,2024,used,Plate Number,Unknown,Unknown,Unknown,,,Phnom Penh,individual,890628,tak wan,2026-08-20 08:49:45+07,2026-08-24 10:35:50.609126+07,2026-08-24 09:53:52+07
13907101,PRIUS 08 full ពេញ សាច់ដែកខ្ចី ឡានកាលី មិនបុកមិនប៉ះ មិនច្រះ កង់នឹងយ៉ានថ្មី អាគុយABS ល្អ,10300.0,10300.0,0.0,0,0.0,0,4.0,0.0,0,Toyota,Prius,2008,used,Plate Number,Unknown,Unknown,Unknown,,,Phnom Penh,store,606820,Heng Heng,2026-08-20 10:07:28+07,2026-08-24 10:36:00.593812+07,2026-08-24 10:15:05+07
13908380,ឡានលក់ម្ចាស់ដើម,18500.0,18500.0,0.0,0,0.0,0,0.1,0.0,0,Unknown,Unknown,2005,used,Plate Number,Unknown,Unknown,Unknown,,,Kandal,individual,944416,BunTuo Teep,2026-08-20 14:18:19+07,2026-08-20 15:37:46.966684+07,2026-08-20 14:18:19+07
13908398,លក់ដូរសេរី,18000.0,18000.0,0.0,0,0.0,0,0.1,0.0,0,Unknown,Unknown,2006,used,Plate Number,Unknown,Unknown,Unknown,,,Phnom Penh,individual,548105,So kun,2026-08-20 14:21:18+07,2026-08-20 15:37:46.965125+07,2026-08-20 14:21:18+07
13908416,Sion04abs ឯកសារគ្រប់ម្ចាស់ដើម 5900$ចរចារ,7800.0,7800.0,0.0,0,0.0,0,0.1,0.0,0,Unknown,Unknown,2004,used,Tax Paper,Unknown,Unknown,Unknown,,,Phnom Penh,store,794657,សុភ្រ័ សុភ័ក្រ,2026-08-20 14:23:53+07,2026-08-20 15:37:44.2198+07,2026-08-20 14:23:53+07
13908835,Staria LOUNGE 7-Seater សំណុំស្អាត សោរហ្សុីន2គ្រាប់,31500.0,31500.0,0.0,0,0.0,0,0.7,0.0,0,Hyundai,Staria,2022,used,Plate Number,Unknown,Unknown,Unknown,,,Phnom Penh,individual,514858,PhisHeng លក់ឡានស្អាត,2026-08-20 16:01:08+07,2026-08-21 09:53:17.46939+07,2026-08-21 09:26:06+07
13915498,Pruis 06 H-Full,10500.0,10500.0,0.0,0,0.0,0,1.8,0.0,0,Toyota,Prius,2006,used,Plate Number,Unknown,Unknown,Unknown,,,Phnom Penh,individual,332378,សោ ភា សោភា,2026-08-22 14:59:00+07,2026-08-24 10:36:05.643804+07,2026-08-24 09:59:58+07
13915899,ឡានលក់05,13500.0,13500.0,0.0,0,0.0,0,1.8,0.0,0,Unknown,Unknown,2005,used,Plate Number,Unknown,Unknown,Unknown,,,Phnom Penh,individual,721297,Keo Thou,2026-08-22 16:32:36+07,2026-08-24 10:36:03.654052+07,2026-08-24 09:58:05+07
13215483,Benz S400L 2015 Up Maybach 5Button Full ក្រដាសពន្ធថ្មី,47500.0,47500.0,0.0,0,0.0,0,178.1,0.0,0,Mercedes-Benz,S400L Up Maybach,2015,used,Tax Paper,Unknown,Unknown,Unknown,,,Phnom Penh,store,436824,NTN99 AUTO SHOP,2026-02-24 08:08:59+07,2026-08-21 09:53:12.547673+07,2026-08-21 09:33:03+07
13238821,Alphard 012 កៅអីម៉ាស្សា ទូរទឹកកក ស្លាកលេខPP CA.........,25000.0,25000.0,0.0,0,0.0,0,172.0,0.0,0,Toyota,Alphard,2012,used,Plate Number,Unknown,Unknown,Unknown,,,Phnom Penh,individual,536007,p88795160327052,2026-03-02 08:55:47+07,2026-08-21 09:53:11.224108+07,2026-08-21 09:38:53+07
13247754,ឡានលក់,31000.0,31000.0,0.0,0,0.0,0,173.0,0.0,0,Unknown,Unknown,2025,used,Plate Number,Unknown,Unknown,Unknown,,,Phnom Penh,individual,1224151,Ouk Vuthy,2026-03-04 10:02:13+07,2026-08-24 10:35:59.609109+07,2026-08-24 10:17:29+07
13255843,GX470 2004 full option,17800.0,17800.0,0.0,0,0.0,0,164.2,0.0,0,Lexus,GX470,2004,used,Plate Number,Unknown,Unknown,Unknown,,,Kandal,store,257475,CMC,2026-03-06 09:59:16+07,2026-08-17 15:51:05.461441+07,2026-08-17 14:35:04+07
13263108,Mercedes Benz E 2012 ស្ព័រ,20000.0,20000.0,0.0,0,0.0,0,163.3,0.0,0,Mercedes-Benz,E ស្ព័រ,2012,used,Plate Number,Unknown,Unknown,Unknown,,,Phnom Penh,store,538814,Borey,2026-03-08 09:06:58+07,2026-08-18 17:18:56.72048+07,2026-08-18 16:46:17+07
13340686,Range Rover V 2016​,46000.0,46000.0,0.0,0,0.0,0,150.1,0.0,0,Land Rover,Range Rover,2016,used,Plate Number,Unknown,Unknown,Unknown,,,Phnom Penh,store,85027,Mr PK KD,2026-03-27 07:39:32+07,2026-08-24 10:35:53.577764+07,2026-08-24 10:21:25+07
13355734,Rang Rover Sport 2008,20500.0,20500.0,0.0,0,0.0,0,140.3,0.0,0,Unknown,Unknown,2014,used,Plate Number,Unknown,Unknown,Unknown,,,Phnom Penh,store,215632,ASIA71 Cardealer,2026-03-31 11:07:00+07,2026-08-18 17:19:07.206555+07,2026-08-18 15:30:39+07
13359190,Luxus 330,24900.0,24900.0,0.0,0,0.0,0,142.0,0.0,0,Unknown,Unknown,2004,used,Plate Number,Unknown,Unknown,Unknown,,,Phnom Penh,individual,1222537,Sokheang Lin,2026-04-01 08:55:47+07,2026-08-21 09:53:17.467284+07,2026-08-21 09:26:28+07
13360322,ចងលក់04 V4 p1 ប្រញ៉ាប់ ឡានអត់មានកន្លែងទាស់,16800.0,16800.0,0.0,0,0.0,0,144.9,0.0,0,Unknown,Unknown,2004,used,Plate Number,Unknown,Unknown,Unknown,,,Phnom Penh,store,214687,Vannak Chen,2026-04-01 11:58:22+07,2026-08-24 10:36:04.652488+07,2026-08-24 09:58:02+07
13368369,Mercedes V250 2019 ឡានស្អាត,44900.0,49900.0,5000.0,1,0.0,0,139.2,0.0,0,Mercedes-Benz,V250,2019,used,Plate Number,Unknown,Unknown,Unknown,,,Phnom Penh,store,666121,Meng,2026-04-03 10:44:23+07,2026-08-20 15:37:39.45376+07,2026-08-20 14:49:03+07
13425966,Morning smart key Full option,9900.0,9900.0,0.0,0,0.0,0,124.0,0.0,0,Kia,Morning,2014,used,Tax Paper,Unknown,Unknown,Unknown,,,Phnom Penh,store,346540,Veha 9999,2026-04-22 09:57:32+07,2026-08-24 10:36:03.651369+07,2026-08-24 09:59:03+07
13432095,Icar EQ3 4WD,34000.0,34000.0,0.0,0,0.0,0,119.1,0.0,0,iCar,EQ3,2024,new,Tax Paper,Unknown,Unknown,Unknown,,,Phnom Penh,store,783260,Raksa Seab,2026-04-23 13:17:50+07,2026-08-20 15:37:33.86462+07,2026-08-20 15:00:08+07
13444040,JMC GRAND AVENUE PRO ស៊េរីឆ្នាំ 2026,45900.0,45900.0,0.0,0,0.0,0,114.2,0.0,0,Unknown,Unknown,2026,new,Tax Paper,Unknown,Unknown,Unknown,,,Phnom Penh,store,248528,JMC JMC,2026-04-26 11:45:26+07,2026-08-18 17:18:55.819594+07,2026-08-18 16:58:22+07
13452474,Camry 07 LE ឡានស្អាត លក់បន្ទាន់,13800.0,13800.0,0.0,0,0.0,0,112.2,0.0,0,Toyota,Camry,2007,used,Plate Number,Unknown,Unknown,Unknown,,,Phnom Penh,store,1022793,Bun Sak,2026-04-28 12:48:07+07,2026-08-18 17:18:52.997731+07,2026-08-18 17:10:04+07
13468190,RX500H F-SPORT PERFORMANCE ធានា3ឆ្នាំ,145000.0,145000.0,0.0,0,0.0,0,110.2,0.0,0,Unknown,Unknown,2025,new,Tax Paper,Unknown,Unknown,Unknown,,,Phnom Penh,store,246945,Lexus - Vichhai,2026-05-02 11:43:13+07,2026-08-20 15:37:33.865167+07,2026-08-20 15:00:08+07
13484618,Lexus GX460 2010 update 2021,24900.0,24900.0,0.0,0,0.0,0,109.7,0.0,0,Lexus,GX460,2010,used,Plate Number,Unknown,Unknown,Unknown,,,Phnom Penh,individual,441559,Sam ath,2026-05-06 16:42:38+07,2026-08-24 10:35:58.603354+07,2026-08-24 10:01:03+07
13494065,MG Zs,25300.0,25300.0,0.0,0,0.0,0,100.8,0.0,0,MG,MG ZS,2021,used,Plate Number,Unknown,Unknown,Unknown,,,Phnom Penh,store,634852,Hong Hong,2026-05-08 20:24:54+07,2026-08-17 15:51:02.680458+07,2026-08-17 14:43:27+07
13497409,Alphard 018 V6 Executive Lounge ឆ្វេងហ្ស៊ីន ទិញថ្មីខ្លាញ់គោមិនធ្លាប់ជួល,51990.0,51990.0,0.0,0,0.0,0,102.9,0.0,0,Toyota,Alphard,2018,used,Plate Number,Unknown,Unknown,Unknown,,,Phnom Penh,individual,35156,Lyna,2026-05-09 17:47:31+07,2026-08-20 15:37:24.917061+07,2026-08-20 08:26:48+07
13507931,Changan Q07 PHEV 145km 32800$/215km 34800$,34800.0,34800.0,0.0,0,0.0,0,103.9,0.0,0,Changan,Q07 PHEV 145km,2025,new,Tax Paper,Unknown,Unknown,Unknown,,,Phnom Penh,store,1195836,LT Auto Du,2026-05-12 13:04:26+07,2026-08-24 10:35:58.605743+07,2026-08-24 10:00:18+07
13519665,Range Rover Vogue 2014 ម៉ាសូត 19500$,19500.0,19500.0,0.0,0,0.0,0,98.0,0.0,0,Land Rover,Range Rover Vogue,2014,used,Plate Number,Unknown,Unknown,Unknown,,,Phnom Penh,store,730788,Sreypich Thouen,2026-05-15 09:43:35+07,2026-08-21 09:53:18.608313+07,2026-08-21 09:29:03+07
13520634,"ICAR V23 , ម៉ូទ័រ​ 1",23500.0,23500.0,0.0,0,0.0,0,95.9,0.0,0,Unknown,Unknown,2025,used,Tax Paper,Unknown,Unknown,Unknown,,,Phnom Penh,store,672887,Action Timepieces (Garmin),2026-05-15 12:12:07+07,2026-08-19 09:48:04.750445+07,2026-08-19 09:43:02+07
13537507,JETOUR T2 2024ម្ចាស់ដើមទី1លក់បន្ទាន់,39900.0,39900.0,0.0,0,0.0,0,97.0,0.0,0,Jetour,T2,2024,used,Plate Number,Unknown,Unknown,Unknown,,,Phnom Penh,store,979319,KONG THANUN,2026-05-19 10:26:31+07,2026-08-24 10:35:51.607123+07,2026-08-24 10:26:02+07
13539436,Toyota Prius persona plus performance 2013,21800.0,21800.0,0.0,0,0.0,0,91.1,0.0,0,Toyota,Prius,2013,used,Tax Paper,Unknown,Unknown,Unknown,,,Phnom Penh,store,663366,DDV Auto,2026-05-19 15:36:08+07,2026-08-18 17:19:06.252485+07,2026-08-18 15:37:03+07
13546322,Hyundai Santa Fe 019 ម៉ាស៊ូត កៅអីបីជួរ full option ឡានក្រុមហ៊ុន Camera360,25500.0,25500.0,0.0,0,0.0,0,90.0,0.0,0,Hyundai,Santa Fe,2019,used,Plate Number,Unknown,Unknown,Unknown,,,Phnom Penh,store,332439,សុភាព,2026-05-21 09:28:31+07,2026-08-19 09:48:14.050563+07,2026-08-19 09:28:02+07
13559216,Ford eco sport titanium 2020​,14800.0,14800.0,0.0,0,0.0,0,87.0,0.0,0,Ford,eco sport titanium,2020,used,Plate Number,Unknown,Unknown,Unknown,,,Phnom Penh,store,85027,Mr PK KD,2026-05-24 09:53:00+07,2026-08-19 09:48:04.750222+07,2026-08-19 09:43:02+07
13559713,Zeeker 9X ultra,130000.0,130000.0,0.0,0,0.0,0,88.2,0.0,0,Unknown,Unknown,2025,new,Tax Paper,Unknown,Unknown,Unknown,,,Phnom Penh,store,1198827,瑞龙 李龙,2026-05-24 11:43:14+07,2026-08-20 15:37:51.432168+07,2026-08-20 14:00:18+07
13565618,⭐️𝐓𝐡𝐞 𝐀𝐥𝐥 𝐍𝐞𝐰 𝐁𝐌𝐖 𝐈𝐗𝟏 𝐱𝐃𝐫𝐢𝐯𝐞𝟑𝐋 𝟐𝟎𝟐𝟓......🎊🎊,49800.0,49800.0,0.0,0,0.0,0,87.7,0.0,0,BMW,IX1 xDrive3L 🎊🎊,2025,new,Tax Paper,Unknown,Unknown,Unknown,,,Phnom Penh,store,1246782,𝐂𝐑 𝐀𝐮𝐭𝐨 -𝐁𝐲 𝐒𝐞𝐧𝐠 𝐇𝐢𝐞𝐧𝐠,2026-05-25 17:56:23+07,2026-08-21 09:53:11.221744+07,2026-08-21 09:40:05+07
13566971,ឡានលក់011option4កំបូលsola,16500.0,16500.0,0.0,0,0.0,0,84.4,0.0,0,Unknown,Unknown,2011,used,Plate Number,Unknown,Unknown,Unknown,,,Phnom Penh,store,586422,Oun Maren,2026-05-26 08:25:13+07,2026-08-18 17:18:58.596107+07,2026-08-18 16:30:08+07
13577916,BMW I3 2024,39800.0,39800.0,0.0,0,0.0,0,84.1,0.0,0,BMW,I3,2024,used,Plate Number,Unknown,Unknown,Unknown,,,Phnom Penh,store,1224932,ChaoFan Auto,2026-05-28 14:16:17+07,2026-08-20 15:37:33.858576+07,2026-08-20 15:01:49+07
13591855,BMW X5,5500.0,5500.0,0.0,0,0.0,0,78.3,0.0,0,BMW,X5,2002,used,Plate Number,Unknown,Unknown,Unknown,,,Phnom Penh,individual,1130927,ផល្លា រី,2026-06-01 09:40:07+07,2026-08-18 17:19:07.206225+07,2026-08-18 15:31:18+07
13592774,Toyota fortuner ឆ្នាំ​ 2016 ពណ៌​ ស​កាំម៉ៃ​ ហ្សិន​,31500.0,31500.0,0.0,0,0.0,0,83.9,0.0,0,Toyota,Fortuner,2016,used,Plate Number,Unknown,Unknown,Unknown,,,Phnom Penh,store,85027,Mr PK KD,2026-06-01 12:20:21+07,2026-08-24 10:35:53.577764+07,2026-08-24 10:21:24+07
13595957,Kia carnivall ប្រភេទ11កៅអី ម៉ាស៊ីនម៉ាស៊ូត full option ពេញ 5បេតុង កាំមេរ៉ា360 ទ្វារអូតូ3 បើកដំបូល,19900.0,19900.0,0.0,0,0.0,0,77.3,0.0,0,Kia,carnivall ប្រភេទ11កៅអី ម៉ាស៊ីនម៉ាស៊ូត,2015,used,Tax Paper,Unknown,Unknown,Unknown,,,Phnom Penh,store,211601,......,2026-06-02 09:03:49+07,2026-08-18 17:19:02.521185+07,2026-08-18 15:58:03+07
13597928,BYD Leopard ti7 4WD Ultra,51500.0,51500.0,0.0,0,0.0,0,79.1,0.0,0,BYD,Leopard ti7,2026,new,Tax Paper,Unknown,Unknown,Unknown,,,Phnom Penh,store,15488,NK AUTO,2026-06-02 14:25:24+07,2026-08-20 15:37:44.217355+07,2026-08-20 14:25:06+07
13637918,LS500 2024 ស្តុកមានស្រាប់,298000.0,298000.0,0.0,0,0.0,0,66.3,0.0,0,Lexus,LS500,2024,new,Tax Paper,Unknown,Unknown,Unknown,,,Phnom Penh,store,246945,Lexus - Vichhai,2026-06-12 08:51:30+07,2026-08-17 15:50:55.851168+07,2026-08-17 15:20:04+07
13651854,Pradoឆ្នាំ2012ប្រភេទឡានខ្លាញ់គោថ្មីណាស់,27800.0,27800.0,0.0,0,0.0,0,64.8,0.0,0,Unknown,Unknown,2012,used,Plate Number,Unknown,Unknown,Unknown,,,Phnom Penh,store,275856,Chantha Bo,2026-06-15 15:48:09+07,2026-08-19 09:48:20.912941+07,2026-08-19 09:20:06+07
13653181,Camaro RS 2022 mile តិច,45555.0,45555.0,0.0,0,0.0,0,62.7,0.0,0,Chevrolet,Camaro,2022,used,Plate Number,Unknown,Unknown,Unknown,,,Phnom Penh,individual,297319,ហេង 168,2026-06-15 23:14:02+07,2026-08-17 15:50:55.893069+07,2026-08-17 15:13:40+07
13655770,✍️ទំនិញថ្មីទើបកាត់បានពីម្ចាស់ដើម✍️Lexus nx200t 2015f sport ប៉ុង១  ៤បេតុង ធានាឡាន,32500.0,32500.0,0.0,0,0.0,0,63.1,0.0,0,Lexus,NX200t,2015,used,Plate Number,Unknown,Unknown,Unknown,,,Phnom Penh,store,387311,Long hay,2026-06-16 14:58:45+07,2026-08-18 17:19:07.203515+07,2026-08-18 15:34:04+07
13659420,Rally 2023 full option ឡានក្រុមហ៊ុន,41500.0,41500.0,0.0,0,0.0,0,61.1,0.0,0,Unknown,Unknown,2023,used,Plate Number,Unknown,Unknown,Unknown,,,Kandal,store,257475,CMC,2026-06-17 13:21:50+07,2026-08-17 15:50:57.878267+07,2026-08-17 15:06:01+07
13669621,Mini cooper John works electric 2025 New 98%,36500.0,36500.0,0.0,0,0.0,0,59.8,0.0,0,Unknown,Unknown,2025,used,Plate Number,Unknown,Unknown,Unknown,,,Phnom Penh,store,371744,Premium auto,2026-06-19 21:32:48+07,2026-08-18 17:18:59.540992+07,2026-08-18 16:19:16+07
13680143,C300 ចង់លក់,18999.0,18999.0,0.0,0,0.0,0,57.7,0.0,0,Mercedes-Benz,C300,2015,used,Plate Number,Unknown,Unknown,Unknown,,,Phnom Penh,individual,251567,Vy,2026-06-22 16:09:41+07,2026-08-19 09:48:06.126675+07,2026-08-19 09:31:16+07
13684610,លក់តំលៃពិសេស45800$,45800.0,45800.0,0.0,0,0.0,0,58.8,0.0,0,Unknown,Unknown,2019,used,Tax Paper,Unknown,Unknown,Unknown,,,Phnom Penh,individual,1215507,អួង គន់ លក់ឡានស្អាត,2026-06-23 15:39:42+07,2026-08-21 09:53:04.847342+07,2026-06-23 15:39:42+07
13687419,ISUZU D-MAX 2022 លេខដៃ(4x4) ឆេ្វងសុិន Urgent Sale!!!,20900.0,20900.0,0.0,0,0.0,0,58.0,0.0,0,Isuzu,D-Max,2022,used,Plate Number,Unknown,Unknown,Unknown,,,Phnom Penh,store,161190,Por168,2026-06-24 10:59:16+07,2026-08-21 09:53:24.914142+07,2026-08-21 09:13:03+07
13694285,ទិញដាច់វៃដូបង់រំលស់បានទាំងអស់​ C300​ 4Matic 2015 Full​ធានាទឹកថ្នាំស្រិនមួយជុំ​ក្រដាសពន្ធ​​,26800.0,26800.0,0.0,0,0.0,0,54.0,0.0,0,Mercedes-Benz,C300,2015,used,Tax Paper,Unknown,Unknown,Unknown,,,Phnom Penh,individual,154655,LST LST,2026-06-25 17:26:40+07,2026-08-18 17:18:58.600113+07,2026-08-18 16:22:20+07
13702001,GEELY Galaxy M9 2026 SUV 6 Seat,58600.0,58600.0,0.0,0,0.0,0,52.1,0.0,0,Geely,Galaxy M9 SUV,2026,new,Tax Paper,Unknown,Unknown,Unknown,,,Phnom Penh,store,1249350,Siev Orng,2026-06-27 14:41:26+07,2026-08-18 17:19:01.600602+07,2026-08-18 16:00:11+07
13703916,BMWi3 2014 សាំង+អគ្គិសនី,7315.0,7315.0,0.0,0,0.0,0,52.0,0.0,0,Unknown,Unknown,2014,used,Tax Paper,Unknown,Unknown,Unknown,,,Phnom Penh,store,570612,Ieng Meng Lee,2026-06-28 09:45:59+07,2026-08-19 09:48:10.238929+07,2026-08-19 09:30:40+07
13722860,LM350h 2026 VIP Full Europe 4កៅអី ក្នុងខ្មៅBlack មានឡានស្រាប់,258000.0,258000.0,0.0,0,0.0,0,49.1,0.0,0,Lexus,LM350h,2026,new,Tax Paper,Unknown,Unknown,Unknown,,,Phnom Penh,store,436824,NTN99 AUTO SHOP,2026-07-03 07:01:25+07,2026-08-21 09:53:12.550895+07,2026-08-21 09:32:03+07
13724426,"Ford Ranger Raptor 2023 សាំង​ , ប្រេីបាន​ 2មុឺនគីទ្បូ​ជាង​ , ថ្នាំហ្សុីន​មួយជុំ​",59900.0,59900.0,0.0,0,0.0,0,46.2,0.0,0,Ford,Ranger Raptor,2023,used,Plate Number,Unknown,Unknown,Unknown,,,Phnom Penh,store,354084,ThyNa Car Seat,2026-07-03 12:25:04+07,2026-08-18 17:18:57.645838+07,2026-08-18 16:36:23+07
13724895,2021 wildtrak Bi-turbo,38000.0,38000.0,0.0,0,0.0,0,45.1,0.0,0,Ford,Ranger Wildtrak,2021,used,Plate Number,Unknown,Unknown,Unknown,,,Phnom Penh,store,144839,LengHong Chhay,2026-07-03 14:03:12+07,2026-08-17 15:51:05.447921+07,2026-08-17 14:37:02+07
13728743,ថ្មីសាហាវ Chevrolet Colorado 2020 ទឹកថ្នាំហ្ស៊ីនមួយជុំ 5ម៉ឺនkm,27500.0,27500.0,0.0,0,0.0,0,45.1,0.0,0,Chevrolet,Colorado,2020,used,Plate Number,Unknown,Unknown,Unknown,,,Phnom Penh,store,629076,ហ៊ា ហេង,2026-07-04 14:20:46+07,2026-08-18 17:19:06.254511+07,2026-08-18 15:34:04+07
13734163,2005 H-Full អាគុយតែមបី,9700.0,9700.0,0.0,0,0.0,0,42.3,0.0,0,Unknown,Unknown,2005,used,Plate Number,Unknown,Unknown,Unknown,,,Phnom Penh,store,388346,p-10365366,2026-07-06 09:39:07+07,2026-08-17 15:51:03.584199+07,2026-08-17 14:43:06+07
13735077,The All New GAC GS4 Max 2025,24500.0,24500.0,0.0,0,0.0,0,45.9,0.0,0,GAC,GS4,2025,new,Tax Paper,Unknown,Unknown,Unknown,,,Phnom Penh,store,1134205,ITH RATHANA,2026-07-06 11:51:36+07,2026-08-21 09:53:26.242036+07,2026-08-21 09:10:05+07
13738805,✅HYUNDAI SANTAFE Full Option ឆ្នាំ2022✅ប្រភេទម៉ាសូត✅Camra360,28500.0,28500.0,0.0,0,0.0,0,44.2,0.0,0,Hyundai,Santa Fe,2022,used,Plate Number,Unknown,Unknown,Unknown,,,Phnom Penh,store,1161273,Choung Reaksmey,2026-07-07 10:17:42+07,2026-08-20 15:37:32.540876+07,2026-08-20 15:03:02+07
13741474,2016 NX200t F-Sports សុីនមួយជុំ AutoCheck 92,37500.0,37500.0,0.0,0,0.0,0,47.6,0.0,0,Lexus,NX200t,2016,used,Plate Number,Unknown,Unknown,Unknown,,,Phnom Penh,store,878378,Cherry Auto,2026-07-07 19:18:21+07,2026-08-24 10:36:05.634864+07,2026-08-24 10:00:18+07
13744283,LEOPARD TITANIUM 7 Option Ultra 2026,51800.0,51800.0,0.0,0,0.0,0,41.1,0.0,0,Unknown,Unknown,2026,new,Tax Paper,Unknown,Unknown,Unknown,,,Phnom Penh,store,1105127,VANDY SENG,2026-07-08 13:49:38+07,2026-08-18 17:18:53.941945+07,2026-08-18 17:00:06+07
13745493,ឡានលក់ (សាំង+ហ្គាស),9900.0,9900.0,0.0,0,0.0,0,43.7,0.0,0,Kia,ស),2000,used,Plate Number,Unknown,Unknown,Unknown,,,Phnom Penh,individual,1308475,Chhay Sopheap,2026-07-08 18:15:22+07,2026-08-21 09:53:04.839618+07,2026-08-16 07:09:27+07
13747161,GAC Aion i60 REEV 1200KM 2026,24800.0,24800.0,0.0,0,0.0,0,42.3,0.0,0,GAC,Aion i60 REEV,2026,new,Tax Paper,Unknown,Unknown,Unknown,,,Phnom Penh,store,1286497,litianze li,2026-07-09 09:35:55+07,2026-08-20 15:37:46.962487+07,2026-08-20 14:22:49+07
13749569,Pruis 2005 full ស្រុិន១ជុំលំដាប់ស្ដេចឡាន,9900.0,9900.0,0.0,0,0.0,0,40.0,0.0,0,Unknown,Unknown,2005,used,Plate Number,Unknown,Unknown,Unknown,,,Phnom Penh,individual,240115,Jennycambodia,2026-07-09 17:23:27+07,2026-08-18 17:19:06.250412+07,2026-08-18 15:38:42+07
13752466,⭐️The All New TOYOTA BZ5Full Options2025......🌟,31800.0,31800.0,0.0,0,0.0,0,44.9,0.0,0,Toyota,BZ5Full Options 🌟,2024,new,Tax Paper,Unknown,Unknown,Unknown,,,Phnom Penh,store,1246782,𝐂𝐑 𝐀𝐮𝐭𝐨 -𝐁𝐲 𝐒𝐞𝐧𝐠 𝐇𝐢𝐞𝐧𝐠,2026-07-10 13:05:04+07,2026-08-24 10:36:06.629616+07,2026-08-24 09:52:02+07
13756947,Toyota Camry 07 Hybrid Full,13622.0,13622.0,0.0,0,0.0,0,43.9,0.0,0,Toyota,Camry,2007,used,Plate Number,Unknown,Unknown,Unknown,,,Phnom Penh,store,2609,Sron Phearon,2026-07-11 13:54:50+07,2026-08-24 10:35:57.604516+07,2026-08-24 10:10:11+07
13763369,RR Sport 2011 (10000ដាច់),10000.0,11800.0,1800.0,1,0.0,0,41.9,0.0,0,Land Rover,Range Rover Sport,2011,used,Plate Number,Unknown,Unknown,Unknown,,,Phnom Penh,individual,324113,Cody Ritt,2026-07-13 11:54:07+07,2026-08-24 10:35:49.614511+07,2026-07-13 11:54:07+07
13770160,Nissan Navara 2007 full កាប់ពីតាស ប៉ុង២,13500.0,13500.0,0.0,0,0.0,0,33.7,0.0,0,Nissan,Navara,2007,used,Plate Number,Unknown,Unknown,Unknown,,,Phnom Penh,store,211035,មនុស្ស ស្មោះ,2026-07-14 22:02:53+07,2026-08-17 15:51:05.447921+07,2026-08-17 14:36:07+07
13774323,រថយន្តមួយទឹក Mercedes Benz S500 2015 តួររថយន្តនៅថ្មីមួយជុំ,30000.0,30000.0,0.0,0,0.0,0,33.4,0.0,0,Mercedes-Benz,S500,2015,used,Plate Number,Unknown,Unknown,Unknown,,,Phnom Penh,store,1254427,Chhour Sivmey,2026-07-16 06:54:48+07,2026-08-18 17:18:56.719478+07,2026-08-18 16:48:33+07
13778298,Prius 2013 option 3 for sale,19000.0,19000.0,0.0,0,0.0,0,31.3,0.0,0,Toyota,Prius,2013,used,Tax Paper,Unknown,Unknown,Unknown,,,Phnom Penh,individual,1311123,MRR_TOY,2026-07-17 08:59:07+07,2026-08-17 15:50:50.154223+07,2026-07-17 08:59:07+07
13780875,Lexus Es300h 2013 Full Premium,26900.0,26900.0,0.0,0,0.0,0,32.7,0.0,0,Lexus,ES300h,2013,used,Tax Paper,Unknown,Unknown,Unknown,,,Phnom Penh,store,570612,Ieng Meng Lee,2026-07-17 18:05:39+07,2026-08-19 09:48:10.238064+07,2026-08-19 09:30:47+07
13785037,ធានាមិនបុក ថ្នាំហ្ស៊ីន1ជុំ,21500.0,21500.0,0.0,0,0.0,0,29.7,0.0,0,Unknown,Unknown,2019,used,Plate Number,Unknown,Unknown,Unknown,,,Phnom Penh,individual,721633,KokVay Cheung,2026-07-18 23:07:54+07,2026-08-17 15:51:08.281535+07,2026-08-17 14:24:15+07
13792454,🚗TOYOTA HIGH LANDER V6 ប៉ុង2,12500.0,12500.0,0.0,0,0.0,0,28.4,0.0,0,Toyota,HIGH LANDER V6,2003,used,Plate Number,Unknown,Unknown,Unknown,,,Phnom Penh,store,131757,kain khmerhangsar,2026-07-21 08:26:48+07,2026-08-18 17:18:50.181846+07,2026-08-17 09:00:08+07
13792508,Jeep Wrangler Rubicon 2021 ម្ចាស់ទិញថ្មីគ្រុមហ៊ុន,58800.0,58800.0,0.0,0,0.0,0,31.1,0.0,0,Jeep,Wrangler Rubicon,2021,used,Plate Number,Unknown,Unknown,Unknown,,,Phnom Penh,store,862400,ជូ អ៊ូ ជិញ,2026-07-21 08:37:33+07,2026-08-21 09:53:17.470515+07,2026-08-21 09:25:08+07
13795057,📌BYD Seal 06  ជិះបាន 800 km ឡានស្អាត 2024,26600.0,26600.0,0.0,0,0.0,0,28.8,0.0,0,BYD,Seal,2024,used,Plate Number,Unknown,Unknown,Unknown,,,Phnom Penh,store,1281803,JH - Moka,2026-07-21 15:24:01+07,2026-08-19 09:48:15.43961+07,2026-08-19 09:30:08+07
13798616,Porches Macan S 2015,24500.0,24500.0,0.0,0,0.0,0,32.9,0.0,0,Porsche,Macan,2015,used,Plate Number,Unknown,Unknown,Unknown,,,Phnom Penh,store,282714,3T 777 Auto,2026-07-22 14:07:58+07,2026-08-24 10:36:05.643804+07,2026-08-24 09:59:17+07
13798903,2015 Mercedes C300 AMG ម្ចាស់ដើម,23500.0,23500.0,0.0,0,0.0,0,29.0,0.0,0,Mercedes-Benz,C300,2015,used,Plate Number,Unknown,Unknown,Unknown,,,Phnom Penh,store,351434,HL Auto 888,2026-07-22 15:03:30+07,2026-08-20 15:37:32.540494+07,2026-08-20 15:03:02+07
13803129,"icar V23 សម្រាប់កក់ពីឥឡូវមានតម្លៃពិសេស2x,800$ ចរចារ🥰✨",23800.0,23800.0,0.0,0,0.0,0,24.9,0.0,0,Unknown,Unknown,2025,used,Tax Paper,Unknown,Unknown,Unknown,,,Phnom Penh,store,1207509,Van Sin LT Auto,2026-07-23 17:07:33+07,2026-08-17 15:50:58.870435+07,2026-08-17 15:04:52+07
13804844,Nx 200T FSport 2017,35600.0,35600.0,0.0,0,0.0,0,26.0,0.0,0,Unknown,Unknown,2017,used,Tax Paper,Unknown,Unknown,Unknown,,,Phnom Penh,store,242346,Pen samborn,2026-07-24 09:45:58+07,2026-08-19 09:48:22.303601+07,2026-08-19 09:16:59+07
13812395,Prius012 Opt3 ឃ្មុំហ្សុីន ក្នុងលឿង ធានាទឹកថ្នាំហ្សុីនមួយជុំ,16500.0,16900.0,400.0,1,0.0,0,25.9,0.0,0,Unknown,Unknown,2012,used,Plate Number,Unknown,Unknown,Unknown,,,Phnom Penh,individual,201040,titya 899,2026-07-26 12:17:33+07,2026-08-21 09:53:24.91649+07,2026-08-21 09:12:28+07
13829791,លក់,8500.0,8500.0,0.0,0,0.0,0,19.7,0.0,0,Unknown,Unknown,2000,used,Plate Number,Unknown,Unknown,Unknown,,,Kandal,store,735118,kim hak,2026-07-30 16:21:26+07,2026-08-19 09:48:03.340267+07,2026-08-19 09:45:43+07
13833393,Lexus Rx350 F-Sport 2016 Full-Options,59400.0,59400.0,0.0,0,0.0,0,20.0,0.0,0,Lexus,RX350,2016,used,Plate Number,Unknown,Unknown,Unknown,,,Phnom Penh,store,798650,Pha AutoCars,2026-07-31 14:51:15+07,2026-08-20 15:37:39.451963+07,2026-08-20 14:51:03+07
13833405,Jeep Rubicon 2020 Full-Options,54800.0,54800.0,0.0,0,0.0,0,20.0,0.0,0,Jeep,Wrangler Rubicon,2020,used,Plate Number,Unknown,Unknown,Unknown,,,Phnom Penh,store,798650,Pha AutoCars,2026-07-31 14:53:53+07,2026-08-20 15:37:39.449572+07,2026-08-20 14:54:03+07
13833423,Lexus Ls500 F-Sport 2018 Full-Options,86600.0,86600.0,0.0,0,0.0,0,20.0,0.0,0,Lexus,LS500,2018,used,Plate Number,Unknown,Unknown,Unknown,,,Phnom Penh,store,798650,Pha AutoCars,2026-07-31 14:58:04+07,2026-08-20 15:37:38.103322+07,2026-08-20 14:59:02+07
13833960,Alphard 2024 black inside new,118000.0,118000.0,0.0,0,0.0,0,23.7,0.0,0,Toyota,Alphard,2024,new,Tax Paper,Unknown,Unknown,Unknown,,,Phnom Penh,store,376549,Sara Vuth79,2026-07-31 17:02:09+07,2026-08-24 10:36:04.652488+07,2026-08-24 09:58:02+07
13835712,ការ៉ាស់ SH Auto យេីងខ្ញុំត្រូវការទិញឡានចូលជាច្រេីនគ្រឿង ទិញគ្រប់សេរី មានលុយហេងជូននាក់នាំមក,100000.0,100000.0,0.0,0,0.0,0,22.9,0.0,0,Unknown,Unknown,2016,used,Plate Number,Unknown,Unknown,Unknown,,,Phnom Penh,store,21010,SH Auto car,2026-08-01 12:03:00+07,2026-08-24 10:35:59.607107+07,2026-08-24 10:18:27+07
13846189,AVATR 06T Black and White,45800.0,45800.0,0.0,0,0.0,0,16.2,0.0,0,Avatr,06T Black and,2026,new,Tax Paper,Unknown,Unknown,Unknown,,,Phnom Penh,store,859638,Lisa Tang,2026-08-04 10:10:21+07,2026-08-20 15:37:29.398087+07,2026-08-20 15:30:09+07
13851087,Prius 08 លក់បន្ទាន់,10200.0,10200.0,0.0,0,0.0,0,13.2,0.0,0,Toyota,Prius,2008,used,Plate Number,Unknown,Unknown,Unknown,,,Phnom Penh,store,790951,Neang Yuthdara,2026-08-05 12:43:50+07,2026-08-18 17:19:00.456129+07,2026-08-18 16:15:55+07
13853115,លក់ឆ្នាំ2000(1100$),1100.0,1100.0,0.0,0,0.0,0,12.9,0.0,0,Unknown,Unknown,2000,used,Plate Number,Unknown,Unknown,Unknown,,,Phnom Penh,individual,1017124,HeaMeng,2026-08-05 20:26:17+07,2026-08-18 17:18:59.542637+07,2026-08-18 16:16:55+07
13853247,ឡានសុីនមួយជុំ 014 auto 3 vip,21500.0,21500.0,0.0,0,0.0,0,15.5,0.0,0,Unknown,Unknown,2014,used,Plate Number,Unknown,Unknown,Unknown,,,Phnom Penh,individual,259888,Panha Bout,2026-08-05 21:08:12+07,2026-08-21 09:53:04.844235+07,2026-08-19 10:18:57+07
13856491,Honda Fit,4499.0,4499.0,0.0,0,0.0,0,12.0,0.0,0,Honda,Fit,2016,used,Plate Number,Unknown,Unknown,Unknown,,,Phnom Penh,individual,80823,Tok La,2026-08-06 16:42:06+07,2026-08-18 17:19:00.458133+07,2026-08-18 16:12:12+07
13857651,"Highlander V4,P1,2002 ,",15100.0,15100.0,0.0,0,0.0,0,17.3,0.0,0,Toyota,Highlander,2002,used,Plate Number,Unknown,Unknown,Unknown,,,Phnom Penh,individual,1317767,Bong Hour Dy,2026-08-07 03:10:21+07,2026-08-24 10:36:04.652488+07,2026-08-24 09:57:07+07
13858964,Lexus NX 200T F Sport 2016 6ប៊ូតុង,39500.0,39500.0,0.0,0,0.0,0,11.3,0.0,0,Lexus,NX 200T F,2016,used,Tax Paper,Unknown,Unknown,Unknown,,,Phnom Penh,store,8583,So Vathana,2026-08-07 11:16:29+07,2026-08-18 17:18:58.596107+07,2026-08-18 16:30:08+07
13859248,Prius 2009 Tuning,13900.0,13900.0,0.0,0,0.0,0,13.2,0.0,0,Toyota,Prius,2009,used,Tax Paper,Unknown,Unknown,Unknown,,,Phnom Penh,store,146459,Ty Vichet,2026-08-07 12:00:30+07,2026-08-20 15:37:48.536629+07,2026-08-20 14:23:18+07
13860945,2025 BYD SEAL 05 ពណ៌ខ្មៅ​ រថយន្តកំពូលសន្សំសំចៃ,16500.0,16500.0,0.0,0,0.0,0,13.6,0.0,0,BYD,Seal,2025,used,Plate Number,Unknown,Unknown,Unknown,,,Phnom Penh,store,71893,Best Friend,2026-08-07 19:15:37+07,2026-08-21 09:53:18.606575+07,2026-08-21 09:30:12+07
13862425,Lexus NX200t F Sport 2015 7ប៊ូតុង 7 buttons,32800.0,32800.0,0.0,0,0.0,0,13.0,0.0,0,Lexus,NX200t,2015,used,Plate Number,Unknown,Unknown,Unknown,,,Phnom Penh,individual,884229,Sean Dara Vin,2026-08-08 09:44:03+07,2026-08-21 09:53:12.549353+07,2026-08-21 09:32:28+07
13863178,03 LE ពណ៍ ស,9300.0,9300.0,0.0,0,0.0,0,15.9,0.0,0,Unknown,Unknown,2003,used,Plate Number,Unknown,Unknown,Unknown,,,Phnom Penh,store,82635,Nary,2026-08-08 12:16:39+07,2026-08-24 10:36:01.632941+07,2026-08-24 10:00:18+07
13869398,Kia Morning 2013 Hfull,7800.0,7800.0,0.0,0,0.0,0,14.0,0.0,0,Kia,Morning,2013,used,Plate Number,Unknown,Unknown,Unknown,,,Phnom Penh,store,425901,Seangbun Kin,2026-08-10 10:44:17+07,2026-08-24 10:36:05.643804+07,2026-08-24 09:59:28+07
13873568,ឡានក្រុមហ៊ុន BYD ATTO3 2023 FULL 480km លក់ប្រញាប់ ឡានមូល ថ្មី98% ម្ចាស់ដើម  ជិះបាន 2មុឺនគីឡូ,15900.0,15900.0,0.0,0,0.0,0,9.9,0.0,0,BYD,Atto 3,2023,used,Plate Number,Unknown,Unknown,Unknown,,,Phnom Penh,individual,1094510,Dy Dyno,2026-08-11 11:15:49+07,2026-08-21 09:53:15.001116+07,2026-08-21 09:42:13+07
13874330,ORA GT 2024 full option,18600.0,18600.0,0.0,0,0.0,0,7.1,0.0,0,Unknown,Unknown,2024,new,Plate Number,Unknown,Unknown,Unknown,,,Phnom Penh,store,864828,ROTHA - លក់រថយន្តគ្រប់ប្រភេទ,2026-08-11 14:03:38+07,2026-08-18 17:18:57.649847+07,2026-08-18 16:31:16+07
13877934,Prius 2014 ក្នុង​ ស,18500.0,18500.0,0.0,0,0.0,0,8.1,0.0,0,Toyota,Prius,2014,used,Tax Paper,Unknown,Unknown,Unknown,,,Phnom Penh,store,391584,Prince Auto Import ( ដឹកជញ្ជូនផ្ទាល់មកកម្ពុជា ),2026-08-12 12:15:17+07,2026-08-20 15:37:46.965957+07,2026-08-20 14:19:28+07
13880521,Ford Ranger Raptor 2022(ឡានស្អាតធានាទឹកថ្នាំ100%),42500.0,42500.0,0.0,0,0.0,0,7.3,0.0,0,Ford,Ranger Raptor,2022,used,Plate Number,Unknown,Unknown,Unknown,,,Phnom Penh,store,340518,SP81,2026-08-13 08:14:25+07,2026-08-20 15:37:23.588737+07,2026-08-13 08:14:25+07
13882429,Kia Carnival,7500.0,7500.0,0.0,0,0.0,0,7.1,0.0,0,Kia,Carnival,2007,used,Tax Paper,Unknown,Unknown,Unknown,,,Kandal,individual,145223,Ritheka Kan,2026-08-13 14:14:47+07,2026-08-20 15:37:27.813164+07,2026-08-13 14:14:47+07
13883226,Volkswagen Tiguan SUV TSI V4 2.0L ឆ្នាំ​ 2016,15300.0,15300.0,0.0,0,0.0,0,10.7,0.0,0,Volkswagen,Tiguan,2016,used,Plate Number,Unknown,Unknown,Unknown,,,Phnom Penh,store,85027,Mr PK KD,2026-08-13 17:40:28+07,2026-08-24 10:35:54.568358+07,2026-08-24 10:21:22+07
13884092,លក់ 29000$Alphard 2015 V4 Up ឡើង Lexus LM ម៉ាស៊ីន​ V4 សាំងសុទ្ធ ពណ៌ខ្មៅ កៅអី Exclusive lounge,29000.0,29000.0,0.0,0,0.0,0,7.1,0.0,0,Lexus,LM ម៉ាស៊ីន V4,2015,used,Plate Number,Unknown,Unknown,Unknown,,,Phnom Penh,individual,86113,Sam Sophorng,2026-08-14 07:46:10+07,2026-08-21 09:53:26.238081+07,2026-08-14 07:46:10+07
13888270,🚘 Lexus LX570 ឆ្នាំ 010 Up 015 ✨ ចចារ,42000.0,42000.0,0.0,0,0.0,0,9.1,0.0,0,Lexus,LX570,2010,used,Plate Number,Unknown,Unknown,Unknown,,,Phnom Penh,individual,1319730,Yin Sophol,2026-08-15 08:32:07+07,2026-08-24 10:35:56.584731+07,2026-08-22 10:08:08+07
13888675,លក់Toyota Scion 2005 ABS,6500.0,6500.0,0.0,0,0.0,0,6.0,0.0,0,Toyota,Scion ABS,2005,used,Plate Number,Unknown,Unknown,Unknown,,,Phnom Penh,individual,523055,នគរ ចេនឡា,2026-08-15 10:11:29+07,2026-08-21 09:53:19.755674+07,2026-08-21 09:22:08+07
13889647,GAC Gs3 (Emzoom) 2026,21800.0,21800.0,0.0,0,0.0,0,2.1,0.0,0,GAC,Gs3 (Emzoom),2026,new,Tax Paper,Unknown,Unknown,Unknown,,,Phnom Penh,store,1022603,Reachny Vann,2026-08-15 13:59:29+07,2026-08-17 15:51:04.494757+07,2026-08-17 14:40:06+07
13889877,Lexus LX570 SuperSport 2020 មួយទឹក,118000.0,118000.0,0.0,0,0.0,0,5.0,0.0,0,Lexus,LX570,2020,used,Plate Number,Unknown,Unknown,Unknown,,,Phnom Penh,store,1022603,Reachny Vann,2026-08-15 14:58:18+07,2026-08-20 15:37:30.971675+07,2026-08-20 15:30:09+07
13890493,ឡានលក់ឆ្នាំ2019 Full ម៉ាស៊ីនម៉ាស៊ូត,19900.0,19900.0,0.0,0,0.0,0,5.7,0.0,0,Unknown,Unknown,2019,used,Tax Paper,Unknown,Unknown,Unknown,,,Phnom Penh,individual,583428,បង ភាព,2026-08-15 18:10:57+07,2026-08-21 09:53:11.212552+07,2026-08-21 09:40:28+07
13892696,03 v4 p1 ធានាឡានសុីន1ជុំ,18500.0,18500.0,0.0,0,0.0,0,2.2,0.0,0,Unknown,Unknown,2003,used,Plate Number,Unknown,Unknown,Unknown,,,Phnom Penh,store,464074,Bong Mong,2026-08-16 12:48:28+07,2026-08-18 17:18:51.125551+07,2026-08-16 12:48:28+07
13897009,Toyota Rav4L ឆ្នាំ 2002 ប៉ុង1 ឡានសាណុំ,9950.0,9950.0,0.0,0,0.0,0,0.1,0.0,0,Toyota,Rav4L ឆ្នាំ ប៉ុង1,2002,used,Plate Number,Unknown,Unknown,Unknown,,,Phnom Penh,store,770325,ប៊ុន លី,2026-08-17 14:28:43+07,2026-08-17 15:51:06.454179+07,2026-08-17 14:28:43+07
13897073,V6 ប៉ុង 1,9500.0,9500.0,0.0,0,0.0,0,0.0,0.0,0,Unknown,Unknown,2004,used,Plate Number,Unknown,Unknown,Unknown,,,Phnom Penh,individual,1043351,Bong Sal,2026-08-17 14:43:07+07,2026-08-17 15:51:03.574439+07,2026-08-17 14:43:07+07
13897188,Camry 2002 LE ABS ចុច ឡានថ្មី,8800.0,8800.0,0.0,0,0.0,0,0.0,0.0,0,Toyota,Camry,2002,used,Plate Number,Unknown,Unknown,Unknown,,,Kandal,individual,1306244,បង ឆាយ,2026-08-17 15:04:10+07,2026-08-17 15:50:58.88651+07,2026-08-17 15:04:10+07
13897193,2006 Kia Morning Full ម្ង៉ែត MV,3599.0,3599.0,0.0,0,0.0,0,0.0,0.0,0,Kia,Morning,2006,used,Plate Number,Unknown,Unknown,Unknown,,,Phnom Penh,individual,1146245,Lucky Diamond,2026-08-17 15:05:46+07,2026-08-17 15:50:57.890544+07,2026-08-17 15:05:46+07
13897257,Toyota Land Cruiser GXR 2012,41800.0,41800.0,0.0,0,0.0,0,3.8,0.0,0,Toyota,Land Cruiser,2012,used,Plate Number,Unknown,Unknown,Unknown,,,Phnom Penh,individual,422538,Kimsay Lim,2026-08-17 15:18:05+07,2026-08-21 09:53:24.915601+07,2026-08-21 09:12:58+07
13897766,ឡានលក់ Range Rover Vogue 2014 ឡើង 2021 V6សាំង  autobiography full option លេងដំបូងផ្កាយហើយ,22000.0,22000.0,0.0,0,0.0,0,1.0,0.0,0,Land Rover,Range Rover,2014,used,Plate Number,Unknown,Unknown,Unknown,,,Phnom Penh,individual,550659,Lu Lun,2026-08-17 17:21:19+07,2026-08-18 17:19:04.370366+07,2026-08-18 15:45:36+07
13899859,Lexus Nx 200T ឆ្នាំ2015 ប៉ុងមួយឡានម្ចាស់ដើមកាត់ឈ្មោះជូន,32500.0,32500.0,0.0,0,0.0,0,1.0,0.0,0,Lexus,Nx 200T ឆ្នាំ2015,2015,used,Plate Number,Unknown,Unknown,Unknown,,,Phnom Penh,store,687548,ឡានស្អាត ឡានស្អាត,2026-08-18 10:37:42+07,2026-08-19 09:48:12.664523+07,2026-08-19 09:29:53+07
13899935,Prius 2015 Persona,19900.0,19900.0,0.0,0,0.0,0,1.0,0.0,0,Toyota,Prius,2015,used,Tax Paper,Unknown,Unknown,Unknown,,,Phnom Penh,store,570612,Ieng Meng Lee,2026-08-18 10:52:41+07,2026-08-19 09:48:10.239129+07,2026-08-19 09:30:36+07
13899986,Ford F150 Platinum 2015 full option ឡានថ្មី,25000.0,25000.0,0.0,0,0.0,0,6.0,0.0,0,Ford,F150 Platinum,2015,used,Plate Number,Unknown,Unknown,Unknown,,,Phnom Penh,store,339943,ភារ៉ា រចនាវត្តី,2026-08-18 10:59:07+07,2026-08-24 10:36:03.651369+07,2026-08-24 09:59:03+07
13900501,តំលៃពិសេស ឡានរៀបចំរួចរាល់Toyota Prius 2012 potion3 ក្រដាសពន្ធTell 077 227712 093 227712 (telegram),16700.0,16700.0,0.0,0,0.0,0,0.9,0.0,0,Toyota,Prius,2012,used,Tax Paper,Unknown,Unknown,Unknown,,,Phnom Penh,store,160574,ឡៃស្រ៊ុន 12,2026-08-18 12:30:39+07,2026-08-19 09:48:20.913142+07,2026-08-19 09:20:05+07
13900647,Avatar 07 option ultra range 610km,43800.0,43800.0,0.0,0,0.0,0,2.1,0.0,0,Unknown,Unknown,2025,used,Tax Paper,Unknown,Unknown,Unknown,,,Phnom Penh,store,1224932,ChaoFan Auto,2026-08-18 13:06:47+07,2026-08-20 15:37:32.542402+07,2026-08-20 15:01:54+07
13901396,Tank300& Haval H5,53000.0,53000.0,0.0,0,0.0,0,0.1,0.0,0,Haval,H5,2025,new,Tax Paper,Unknown,Unknown,Unknown,,,Phnom Penh,store,1167246,Ok Auto,2026-08-18 15:42:35+07,2026-08-18 17:19:04.372424+07,2026-08-18 15:42:35+07
13901414,Toyota Alphard 017 ជិះបាន7មុឺនkm ទឹកថ្នាំសុីន តម្លៃ 32500$ចរចា,32500.0,32500.0,0.0,0,0.0,0,0.1,0.0,0,Toyota,Alphard,2017,used,Plate Number,Unknown,Unknown,Unknown,,,Phnom Penh,store,1228123,JH- Chan Thea,2026-08-18 15:44:35+07,2026-08-18 17:19:04.370366+07,2026-08-18 15:44:35+07
13901481,Rolls Royce Ghost Modify 2026,168888.0,168888.0,0.0,0,0.0,0,0.1,0.0,0,Rolls-Royce,Ghost Modify,2015,used,Plate Number,Unknown,Unknown,Unknown,,,Phnom Penh,store,472974,Kheang,2026-08-18 15:55:01+07,2026-08-18 17:19:02.521185+07,2026-08-18 15:55:01+07
13901511,ឡាននៅកំពត 2011,11000.0,11000.0,0.0,0,0.0,0,2.0,0.0,0,Unknown,Unknown,2011,used,Plate Number,Unknown,Unknown,Unknown,,,Kampot,individual,190189,SOM SOPHEA,2026-08-18 16:01:50+07,2026-08-20 15:37:46.964282+07,2026-08-20 14:21:45+07
13901518,ឆ្នាំ 97 ឡានថ្មី,4700.0,4700.0,0.0,0,0.0,0,0.1,0.0,0,Unknown,Unknown,1997,used,Plate Number,Unknown,Unknown,Unknown,,,Phnom Penh,individual,597895,ហេង ហេង,2026-08-18 16:03:34+07,2026-08-18 17:19:01.598598+07,2026-08-18 16:03:34+07
13901658,2023 l BMW X7 M-Sport l Original Painting,125000.0,125000.0,0.0,0,0.0,0,0.0,0.0,0,BMW,X7,2023,used,Plate Number,Unknown,Unknown,Unknown,,,Phnom Penh,store,721389,Premium Luxury Cars,2026-08-18 16:29:29+07,2026-08-18 17:18:58.596107+07,2026-08-18 16:29:29+07
13901736,2025 l GLE 53 AMG l 5000 km l 99.99% New,169000.0,169000.0,0.0,0,0.0,0,0.0,0.0,0,Mercedes-Benz,GLE,2025,used,Plate Number,Unknown,Unknown,Unknown,,,Phnom Penh,store,721389,Premium Luxury Cars,2026-08-18 16:49:45+07,2026-08-18 17:18:56.716471+07,2026-08-18 16:49:45+07
13903427,លក់ព្រូស 010 អប់សិន 4 សូឡា 15200$,15200.0,15200.0,0.0,0,0.0,0,0.0,0.0,0,Unknown,Unknown,2010,used,Plate Number,Unknown,Unknown,Unknown,,,Kandal,individual,364493,Hun Somethea,2026-08-19 09:29:53+07,2026-08-19 09:48:12.664418+07,2026-08-19 09:29:53+07
13903488,2017 l Audi Q7 l Petrol 3.0L l Dealership Car,31500.0,31500.0,0.0,0,0.0,0,0.0,0.0,0,Audi,Q7,2017,used,Plate Number,Unknown,Unknown,Unknown,,,Phnom Penh,store,721389,Premium Luxury Cars,2026-08-19 09:42:46+07,2026-08-19 09:48:04.750542+07,2026-08-19 09:42:46+07
13903684,"ទើបមកដល់ ថ្មីមិនដែលជួប :$33,800(សន្លឹកពន្ធ)🚘 2016 Rang Rover HSE (3.0L) V6 ប្រើសាំង",33800.0,33800.0,0.0,0,0.0,0,5.0,0.0,0,Land Rover,Rang Rover,2016,used,Tax Paper,Unknown,Unknown,Unknown,,,Phnom Penh,store,100671,L.Y 9999 Auto (page),2026-08-19 10:17:40+07,2026-08-24 10:36:00.591293+07,2026-08-24 10:17:03+07
13904881,猛禽,89800.0,89800.0,0.0,0,0.0,0,4.8,0.0,0,Unknown,Unknown,2022,used,Plate Number,Unknown,Unknown,Unknown,,,Phnom Penh,store,1123556,成 张,2026-08-19 14:38:35+07,2026-08-24 10:35:49.617808+07,2026-08-19 14:38:35+07
13908425,C300 option AMG up c63,21800.0,21800.0,0.0,0,0.0,0,0.1,0.0,0,Mercedes-Benz,C300,2015,used,Plate Number,Unknown,Unknown,Unknown,,,Phnom Penh,individual,258856,PJ4444,2026-08-20 14:25:21+07,2026-08-20 15:37:44.216947+07,2026-08-20 14:25:21+07
13908431,ឡានស្អាតថ្នាំស៊ីនមួយជុំ 2025,44900.0,44900.0,0.0,0,0.0,0,0.0,0.0,0,Unknown,Unknown,2025,used,Plate Number,Unknown,Unknown,Unknown,,,Phnom Penh,store,666121,Meng,2026-08-20 14:26:10+07,2026-08-20 15:37:44.215932+07,2026-08-20 14:26:10+07
13908587,ឡានជិះផ្ទាលខ្លួនលក់3000$ដាច់​ Nx200T 2017,30000.0,30000.0,0.0,0,0.0,0,0.0,0.0,0,Lexus,Nx200T,2017,used,Plate Number,Unknown,Unknown,Unknown,,,Phnom Penh,individual,560741,Ching Chang Jay,2026-08-20 14:59:52+07,2026-08-20 15:37:38.103142+07,2026-08-20 14:59:52+07
13910525,លក់ឡាន,10950.0,10950.0,0.0,0,0.0,0,0.0,0.0,0,Unknown,Unknown,2008,used,Plate Number,Unknown,Unknown,Unknown,,,Phnom Penh,individual,801565,សុខា ផឹង,2026-08-21 09:13:05+07,2026-08-21 09:53:24.913876+07,2026-08-21 09:13:05+07
13910603,Lexus RX300 1999 ប៉ុង1,8600.0,8600.0,0.0,0,0.0,0,0.0,0.0,0,Lexus,RX300,1999,used,Plate Number,Unknown,Unknown,Unknown,,,Phnom Penh,store,432672,Phary Sakna,2026-08-21 09:25:10+07,2026-08-21 09:53:17.470229+07,2026-08-21 09:25:10+07
13910624,🚘 មហាសែនថ្មីថ្មីខ្លាមងណាស់ Mazda Cx5 2017 ម្ចាស់ដេីមប្រេីតិចណាស់,20900.0,20900.0,0.0,0,0.0,0,0.0,0.0,0,Mazda,Cx5 ម្ចាស់ដេីមប្រេីតិចណាស់,2017,used,Plate Number,Unknown,Unknown,Unknown,,,Phnom Penh,store,220959,Tong Tong Sale Car,2026-08-21 09:28:15+07,2026-08-21 09:53:18.61063+07,2026-08-21 09:28:15+07
13910731,RX330 04 P1 ថ្មីណាស់លក់ប្រញាប់លុយ,18600.0,18600.0,0.0,0,0.0,0,0.0,0.0,0,Lexus,RX330,2004,used,Plate Number,Unknown,Unknown,Unknown,,,Phnom Penh,store,370450,SAMAK NGOEM,2026-08-21 09:49:33+07,2026-08-21 09:53:09.874171+07,2026-08-21 09:49:33+07
13921395,Prius 013 opt 4,18400.0,18400.0,0.0,0,0.0,0,0.0,0.0,0,Toyota,Prius,2014,used,Tax Paper,Unknown,Unknown,Unknown,,,Phnom Penh,individual,1123624,Peng Thong,2026-08-24 10:13:37+07,2026-08-24 10:35:57.592675+07,2026-08-24 10:13:37+07
13221476,រៀបចំរួចហេីយមហាថ្មី,17700.0,17700.0,0.0,0,0.0,0,173.1,0.0,0,Unknown,Unknown,2010,used,Tax Paper,Unknown,Unknown,Unknown,,,Phnom Penh,store,254040,Vong Sarath,2026-02-25 13:07:55+07,2026-08-17 15:51:01.726768+07,2026-08-17 14:50:07+07
13228228,រថយន្តលក់តម្លៃពិសេស,17000.0,17000.0,0.0,0,0.0,0,174.2,0.0,0,Unknown,Unknown,2025,used,Plate Number,Unknown,Unknown,Unknown,,,Phnom Penh,store,972452,"No.7 Automobile Co.,Ltd",2026-02-27 09:43:52+07,2026-08-20 15:37:30.97201+07,2026-08-20 15:30:09+07
13228394,រថយន្តលក់តម្លៃពិសេស,21000.0,21000.0,0.0,0,0.0,0,174.2,0.0,0,Unknown,Unknown,2025,used,Plate Number,Unknown,Unknown,Unknown,,,Phnom Penh,store,972452,"No.7 Automobile Co.,Ltd",2026-02-27 10:10:34+07,2026-08-20 15:37:29.396626+07,2026-08-20 15:30:09+07
13302527,Suzuki celeriacឡានថ្មីណាស់ ម្ចាស់ដើម,6200.0,6200.0,0.0,0,0.0,0,153.8,0.0,0,Suzuki,celeriacឡានថ្មីណាស់,2013,used,Plate Number,Unknown,Unknown,Unknown,,,Phnom Penh,individual,1050600,ញ៉ ពិសិទ្ធ,2026-03-17 21:03:56+07,2026-08-18 17:19:03.459664+07,2026-08-18 15:49:28+07
13336323,ឡានលក់បន្ទាន់!!!,22320.0,22320.0,0.0,0,0.0,0,151.4,0.0,0,Unknown,Unknown,2019,used,Tax Paper,Unknown,Unknown,Unknown,,,Phnom Penh,individual,609613,Sovann Meth,2026-03-26 02:08:19+07,2026-08-24 10:35:55.58206+07,2026-08-24 10:27:55+07
13339904,2017 Toyota Alphard 2.5 Hybrid Luxury MPV,55000.0,55000.0,0.0,0,0.0,0,146.8,0.0,0,Toyota,Alphard,2017,used,Plate Number,Unknown,Unknown,Unknown,,,Phnom Penh,store,826670,Minnie Fung,2026-03-26 19:42:58+07,2026-08-20 15:37:29.39676+07,2026-08-20 15:30:09+07
13370999,LM350h VIP 2026 នាំចូលដោយក្រុមហ៊ុន ឡិច ស៊ឺសផ្ទាល់,275000.0,275000.0,0.0,0,0.0,0,136.8,0.0,0,Unknown,Unknown,2026,new,Tax Paper,Unknown,Unknown,Unknown,,,Phnom Penh,store,246945,Lexus - Vichhai,2026-04-03 21:46:24+07,2026-08-18 17:19:00.456129+07,2026-08-18 16:15:06+07
13375095,HILUX VIGO 2012 អូតូកាពីតាស់ ឡានក្រុមហ៊ុន,26800.0,27800.0,1000.0,1,0.0,0,141.2,0.0,0,Toyota,Hilux,2012,used,Plate Number,Unknown,Unknown,Unknown,,,Siem Reap,store,396769,sour Sok Kouch,2026-04-05 06:21:15+07,2026-08-24 10:35:59.609109+07,2026-08-24 10:18:02+07
13385124,GTV KAIN PHEV OPTION 5,33500.0,33500.0,0.0,0,0.0,0,133.1,0.0,0,Unknown,Unknown,2026,new,Tax Paper,Unknown,Unknown,Unknown,,,Phnom Penh,store,580700,ទីប្រឹក្សាផ្នែកលក់រថយន្ត GTV,2026-04-07 14:49:58+07,2026-08-18 17:18:57.649847+07,2026-08-18 16:30:08+07
13394593,Porsche Macan Turbo,32999.0,32999.0,0.0,0,0.0,0,133.1,0.0,0,Porsche,Macan,2015,used,Plate Number,Unknown,Unknown,Unknown,,,Phnom Penh,individual,1106862,Lai,2026-04-10 08:07:39+07,2026-08-21 09:53:18.606663+07,2026-08-21 09:30:10+07
13400922,2002 ប៉ុង​ 1,13950.0,13950.0,0.0,0,0.0,0,130.9,0.0,0,Unknown,Unknown,2001,used,Plate Number,Unknown,Unknown,Unknown,,,Phnom Penh,store,218855,អ៊ុំ​ ដន,2026-04-12 11:23:55+07,2026-08-21 09:53:21.103774+07,2026-08-21 09:24:03+07
13428987,Toyota Fortuner Modellista 2026,62500.0,62500.0,0.0,0,0.0,0,117.9,0.0,0,Toyota,Fortuner,2026,new,Tax Paper,Unknown,Unknown,Unknown,,,Phnom Penh,store,317473,ក្រុមហ៊ុនរថយន្តថ្មី TOYOTA,2026-04-22 20:15:45+07,2026-08-18 17:19:06.250412+07,2026-08-18 15:40:17+07
13440428,Lexus LX570 SPORTPLUS Full Option (Abrab) ឆ្នាំ2016 ទឹកថ្នាំស្រុិនម៉ាជុំ100%,98700.0,98700.0,0.0,0,0.0,0,115.2,0.0,0,Lexus,LX570,2016,used,Plate Number,Unknown,Unknown,Unknown,,,Phnom Penh,store,166337,Sreylin Hout,2026-04-25 12:53:21+07,2026-08-18 17:19:03.459664+07,2026-08-18 15:50:03+07
13443618,Alphat 2015 V4 Hybrid Up 2022,35500.0,35500.0,0.0,0,0.0,0,114.3,0.0,0,Unknown,Unknown,2015,used,Plate Number,Unknown,Unknown,Unknown,,,Phnom Penh,store,440936,Sophoan 168 p-972054555,2026-04-26 10:22:37+07,2026-08-18 17:19:00.458133+07,2026-08-18 16:13:42+07
13465560,Land 2009 ឡើង 21 full options,27800.0,27800.0,0.0,0,0.0,0,114.8,0.0,0,Unknown,Unknown,2009,used,Plate Number,Unknown,Unknown,Unknown,,,Phnom Penh,store,29723,Alvin Alvin,2026-05-01 16:24:35+07,2026-08-24 10:36:03.644366+07,2026-08-24 09:59:03+07
13468997,Mercedes Benz C300 AMG 2022 W206,78500.0,78500.0,0.0,0,0.0,0,110.8,0.0,0,Mercedes-Benz,C300,2022,new,Tax Paper,Unknown,Unknown,Unknown,,,Phnom Penh,store,1082485,LEPREMIUM AUTO,2026-05-02 14:38:58+07,2026-08-21 09:53:16.323946+07,2026-08-21 09:30:12+07
13475794,Pruis 2016,22500.0,22500.0,0.0,0,0.0,0,105.0,0.0,0,Unknown,Unknown,2016,used,Plate Number,Unknown,Unknown,Unknown,,,Phnom Penh,store,365178,Pra Seth Heng,2026-05-04 14:52:02+07,2026-08-17 15:50:55.837098+07,2026-08-17 15:21:02+07
13506427,Wuling Bingo,13500.0,13500.0,0.0,0,0.0,0,101.0,0.0,0,Wuling,Bingo,2024,new,Tax Paper,Unknown,Unknown,Unknown,,,Phnom Penh,store,1103626,Regal Motors,2026-05-12 09:05:35+07,2026-08-21 09:53:16.323431+07,2026-08-21 09:30:12+07
13508738,"✅ ទើបមកដល់ថ្មីរៀបចំម៉ាស្អាតលក់តែ:$19,800🚘2013 Toyota Prius Options3 ក្នុងលឿង",19800.0,19800.0,0.0,0,0.0,0,100.0,0.0,0,Toyota,Prius,2013,used,Tax Paper,Unknown,Unknown,Unknown,,,Phnom Penh,store,100671,L.Y 9999 Auto (page),2026-05-12 15:30:58+07,2026-08-20 15:37:29.395075+07,2026-08-20 15:31:01+07
13510023,Mercedes Benz C300 AMG Package 2015 ក្នុង​Cherry 🍒 ឡាន​ស្អាត​,32500.0,32500.0,0.0,0,0.0,0,97.8,0.0,0,Mercedes-Benz,C300,2015,used,Tax Paper,Unknown,Unknown,Unknown,,,Phnom Penh,store,419007,SD Auto p-98677770,2026-05-12 21:36:39+07,2026-08-18 17:18:50.181846+07,2026-08-15 15:18:03+07
13511009,GAC GS3 EMZOOM R-STYLE 2026,22500.0,22500.0,0.0,0,0.0,0,97.4,0.0,0,GAC,GS3 Emzoom,2026,new,Tax Paper,Unknown,Unknown,Unknown,,,Phnom Penh,store,475016,ITH RATHANA,2026-05-13 08:53:55+07,2026-08-18 17:19:08.121567+07,2026-08-18 15:29:49+07
13514220,ចេញមក1ទៀតហេីយ លាងទឹកលក់🚗 C300 AMGតមៃ្លពិសេស29500$ចរចា❤️,29000.0,29000.0,0.0,0,0.0,0,102.7,0.0,0,Mercedes-Benz,C300,2015,used,Tax Paper,Unknown,Unknown,Unknown,,,Phnom Penh,store,920677,សុខឃាង ជួ,2026-05-13 18:53:38+07,2026-08-24 10:36:03.651369+07,2026-08-24 09:59:03+07
13514471,🔥HilukRevoRally 020កាន់💰13000$💸ដកឡានភ្លាមបង់រំលស់ជាមួយឃ្លាំងផ្ទាល់,37500.0,37500.0,0.0,0,0.0,0,102.6,0.0,0,Unknown,Unknown,2020,used,Plate Number,Unknown,Unknown,Unknown,,,Phnom Penh,store,459123,MCS AUTO 2,2026-05-13 20:46:44+07,2026-08-24 10:36:01.62584+07,2026-08-24 10:00:18+07
13517321,លក់បន្ទាន់ Prius 05 Half Ful,8400.0,8400.0,0.0,0,0.0,0,96.1,0.0,0,Toyota,Prius,2005,used,Plate Number,Unknown,Unknown,Unknown,,,Phnom Penh,store,1022793,Bun Sak,2026-05-14 15:35:58+07,2026-08-18 17:18:59.537238+07,2026-08-18 16:20:02+07
13527349,Toyota Prius 08 Full No Map,11800.0,11800.0,0.0,0,0.0,0,96.0,0.0,0,Toyota,Prius,2008,used,Tax Paper,Unknown,Unknown,Unknown,,,Phnom Penh,store,336191,Much Chamroeun,2026-05-17 09:48:53+07,2026-08-21 09:53:15.007965+07,2026-08-21 09:40:54+07
13542515,Mazda pick up 2AZ PP,28500.0,28500.0,0.0,0,0.0,0,90.9,0.0,0,Mazda,pick up 2AZ,2020,used,Plate Number,Unknown,Unknown,Unknown,,,Phnom Penh,store,151525,Heng Ravy 洲  ( 中文 English Khmer ខ្មែរ)speaking,2026-05-20 11:21:20+07,2026-08-19 09:48:14.050481+07,2026-08-19 09:28:02+07
13567992,LEXUS GS300 2006 V6 P1 FULL =15800$,15800.0,15800.0,0.0,0,0.0,0,90.0,0.0,0,Lexus,GS300 V6 P1,2006,used,Plate Number,Unknown,Unknown,Unknown,,,Phnom Penh,store,789501,Kung Mengkorng,2026-05-26 10:49:02+07,2026-08-24 10:36:04.652488+07,2026-08-24 09:56:59+07
13568061,GTV REAHU PHEV 2026,20800.0,20800.0,0.0,0,0.0,0,84.3,0.0,0,Unknown,Unknown,2026,new,Tax Paper,Unknown,Unknown,Unknown,,,Phnom Penh,store,580700,ទីប្រឹក្សាផ្នែកលក់រថយន្ត GTV,2026-05-26 11:01:29+07,2026-08-18 17:18:57.649847+07,2026-08-18 16:30:08+07
13581221,ឡានលក់ឆ្នាំ០៦​ ហ្វូល4900$​ ចរចារ,4900.0,4900.0,0.0,0,0.0,0,82.0,0.0,0,Unknown,Unknown,2006,used,Plate Number,Unknown,Unknown,Unknown,,,Siem Reap,individual,189268,Thunny Rambo,2026-05-29 10:47:48+07,2026-08-19 09:48:22.301641+07,2026-08-19 09:17:18+07
13605751,Lexus ES 300H Full option 2014,27800.0,27800.0,0.0,0,0.0,0,81.0,0.0,0,Lexus,ES300h,2014,used,Tax Paper,Unknown,Unknown,Unknown,,,Phnom Penh,store,21641,Sky sky,2026-06-04 11:32:57+07,2026-08-24 10:36:08.602083+07,2026-08-24 09:48:03+07
13618393,Toyota Prius 2012,17800.0,17800.0,0.0,0,0.0,0,72.1,0.0,0,Toyota,Prius,2012,used,Tax Paper,Unknown,Unknown,Unknown,,,Phnom Penh,store,423807,Minea San,2026-06-07 14:03:18+07,2026-08-18 17:18:50.172371+07,2026-08-10 08:25:02+07
13626832,Toyota Prius 2013 Option 3 Plugin ប្រវត្តិប្រើនៅរដ្ឋកាលីសុទ្ធ,19900.0,19900.0,0.0,0,0.0,0,72.0,0.0,0,Toyota,Prius,2013,used,Tax Paper,Unknown,Unknown,Unknown,,,Phnom Penh,store,428387,ឃ្លាំង​អេសធូ​ អូតូ​ ទិញ​លក់​ នឹងបង់រំលស់រថយន្តគ្រប់ប្រភេទ​,2026-06-09 14:43:22+07,2026-08-20 15:37:41.023877+07,2026-08-20 14:32:02+07
13627507,Toyota Land Cruiser VX-R 2022 Full options Arab ទឹកថ្នាំហ្សុីនមួយជុំ គីឡូតិច,112300.0,112300.0,0.0,0,0.0,0,72.7,0.0,0,Toyota,Land Cruiser,2022,used,Plate Number,Unknown,Unknown,Unknown,,,Phnom Penh,store,798650,Pha AutoCars,2026-06-09 16:56:40+07,2026-08-21 09:53:23.575388+07,2026-08-21 09:15:04+07
13628456,មានលុយ 4000$ អាចរំលស់យក Prius08 ក្រដាស់ពន្ឌយកប្រើភ្លាម,13000.0,13000.0,0.0,0,0.0,0,72.5,0.0,0,Toyota,Prius,2008,used,Tax Paper,Unknown,Unknown,Unknown,,,Phnom Penh,store,1009401,Net168 Auto,2026-06-09 23:01:29+07,2026-08-21 09:53:18.611164+07,2026-08-21 09:28:03+07
13636505,Hyundai Starex 2012 cvx,12700.0,12700.0,0.0,0,0.0,0,73.7,0.0,0,Hyundai,Grand Starex,2012,used,Plate Number,Unknown,Unknown,Unknown,,,Phnom Penh,store,1240746,លីមស៊្រាង ទិញលក់រថយន្តគ្រប់ប្រភេទ,2026-06-11 17:54:31+07,2026-08-24 10:36:01.62584+07,2026-08-24 10:00:18+07
13643808,GAC GN8 Full Master YAMAHA SPA MASSAGE,34500.0,34500.0,0.0,0,0.0,0,71.9,0.0,0,GAC,GN8,2024,used,Plate Number,Unknown,Unknown,Unknown,,,Phnom Penh,store,235152,SP68 Auto,2026-06-13 13:57:46+07,2026-08-24 10:35:53.577764+07,2026-08-24 10:24:02+07
13645628,🔥RX330 04Halfប៉ុង1 កាន់💰4000$💸ដកឡានភ្លាមបង់រំលស់ជាមួយឃ្លាំងផ្ទាល់,15900.0,15900.0,0.0,0,0.0,0,71.1,0.0,0,Lexus,RX330,2004,used,Plate Number,Unknown,Unknown,Unknown,,,Phnom Penh,store,459645,MCS AUTO,2026-06-14 07:09:01+07,2026-08-24 10:36:05.643804+07,2026-08-24 10:00:18+07
13660358,GAC M6Pro 025 7 seat 💺,25500.0,25500.0,0.0,0,0.0,0,62.1,0.0,0,GAC,M6Pro 025 7,2025,new,Tax Paper,Unknown,Unknown,Unknown,,,Phnom Penh,store,1249350,Siev Orng,2026-06-17 15:57:20+07,2026-08-18 17:19:01.600602+07,2026-08-18 16:01:02+07
13666287,ឡានស្អាត​ LEXUS 470 full,9500.0,9500.0,0.0,0,0.0,0,62.3,0.0,0,Lexus,470,1998,used,Plate Number,Unknown,Unknown,Unknown,,,Phnom Penh,store,71544,Heng Hour,2026-06-19 08:40:19+07,2026-08-20 15:37:49.862128+07,2026-08-20 14:16:01+07
13694877,ឡានលក់ឆ្នាំ05 ម៉ាស៊ីន4 ប៉ុង1 កៅអីចុច មានហ្វ្រាំងABS និង VSC ពណ៌ស,18900.0,18900.0,0.0,0,0.0,0,59.6,0.0,0,Unknown,Unknown,2005,used,Plate Number,Unknown,Unknown,Unknown,,,Phnom Penh,store,207563,ផាន់ អាម៉ាដា,2026-06-25 20:53:35+07,2026-08-24 10:36:05.643114+07,2026-08-24 10:00:18+07
13696086,ឡានលក់ម្ចាស់ដើម,27500.0,27500.0,0.0,0,0.0,0,56.0,0.0,0,Unknown,Unknown,2017,used,Plate Number,Unknown,Unknown,Unknown,,,Phnom Penh,individual,1033494,Rotha Than,2026-06-26 09:45:27+07,2026-08-21 09:53:17.467166+07,2026-08-21 09:26:33+07
13700319,🚘MAZDA EZ60max Option2 2025,35800.0,35800.0,0.0,0,0.0,0,52.3,0.0,0,Mazda,EZ60max Option2,2025,new,Tax Paper,Unknown,Unknown,Unknown,,,Phnom Penh,store,1254427,Chhour Sivmey,2026-06-27 09:29:33+07,2026-08-18 17:18:56.719478+07,2026-08-18 16:48:29+07
13710271,Toyota Granvai Premium full Option 2026 ថ្មីខ្លាញ់គោរ,126000.0,126000.0,0.0,0,0.0,0,52.5,0.0,0,Toyota,Granvai Premium,2026,new,Tax Paper,Unknown,Unknown,Unknown,,,Phnom Penh,store,689152,89 Auto Car,2026-06-29 20:49:57+07,2026-08-21 09:53:24.913489+07,2026-08-21 09:13:08+07
13712903,5 មុឺន mile zin Upgrade F-sport 2020 ហេីយឡេីងចង្គៀងគុជ 4 zin original,36000.0,36000.0,0.0,0,0.0,0,51.8,0.0,0,Unknown,Unknown,2015,used,Tax Paper,Unknown,Unknown,Unknown,,,Phnom Penh,store,91314,MA MUTU,2026-06-30 14:38:07+07,2026-08-21 09:53:08.539257+07,2026-08-21 09:38:02+07
13724840,Porsche,23500.0,23500.0,0.0,0,0.0,0,46.8,0.0,0,Porsche,Unknown,2015,used,Plate Number,Unknown,Unknown,Unknown,,,Phnom Penh,individual,442392,JingTry MeyLi,2026-07-03 13:51:20+07,2026-08-19 09:47:59.108323+07,2026-08-12 14:45:40+07
13728818,212 T01 2025,33000.0,33000.0,0.0,0,0.0,0,47.0,0.0,0,Unknown,Unknown,2025,used,Plate Number,Unknown,Unknown,Unknown,,,Phnom Penh,store,1081857,Chealing You,2026-07-04 14:39:26+07,2026-08-20 15:37:49.860129+07,2026-08-20 14:16:35+07
13734281,The ALL New GAC GS3 EMZOOM R-STYLE 2026🎉,22500.0,22500.0,0.0,0,0.0,0,46.0,0.0,0,GAC,GS3 Emzoom,2026,new,Tax Paper,Unknown,Unknown,Unknown,,,Phnom Penh,store,1134205,ITH RATHANA,2026-07-06 09:53:40+07,2026-08-21 09:53:06.053673+07,2026-08-21 09:30:12+07
13739546,Fortuner 2017 ឡានស្អាត,33800.0,33800.0,0.0,0,0.0,0,47.9,0.0,0,Toyota,Fortuner,2017,used,Plate Number,Unknown,Unknown,Unknown,,,Siem Reap,store,298332,kheang Kheang,2026-07-07 12:29:31+07,2026-08-24 10:36:08.601393+07,2026-08-24 09:48:42+07
13748259,Mercedes Benz S400L Maybach 2016 Zinមួយជុំ,45000.0,45000.0,0.0,0,0.0,0,40.2,0.0,0,Mercedes-Benz,S400L Maybach Zinមួយជុំ,2016,used,Plate Number,Unknown,Unknown,Unknown,,,Phnom Penh,store,103131,Leng SK,2026-07-09 13:04:42+07,2026-08-18 17:18:52.052057+07,2026-08-06 13:32:30+07
13751369,Ford Everest Titanium 2023 ថ្មីណាស់ធានាអត់បាញ់,53800.0,53800.0,0.0,0,0.0,0,42.0,0.0,0,Ford,Everest Titanium,2023,used,Plate Number,Unknown,Unknown,Unknown,,,Phnom Penh,store,862400,ជូ អ៊ូ ជិញ,2026-07-10 09:32:02+07,2026-08-21 09:53:21.102566+07,2026-08-21 09:24:55+07
13757584,Camry ឆ្លាម 98 ចរចារ,4200.0,4200.0,0.0,0,0.0,0,38.7,0.0,0,Toyota,Camry,1998,used,Plate Number,Unknown,Unknown,Unknown,,,Oddar Meanchey,individual,122652,សីហា,2026-07-11 16:37:40+07,2026-08-19 09:48:12.662145+07,2026-08-19 09:30:05+07
13760981,🖤Dongfeng Nano01រថយន្តអគ្គីសនីសុទ្ធ310km full ពត៍មានលម្អិត:0962068539📥📲,13900.0,13900.0,0.0,0,0.0,0,37.1,0.0,0,Dongfeng,Nano01រថយន្តអគ្គីសនីសុទ្ធ310km,2026,new,Tax Paper,Unknown,Unknown,Unknown,,,Phnom Penh,store,1228123,JH- Chan Thea,2026-07-12 16:00:18+07,2026-08-18 17:18:54.870805+07,2026-08-18 17:00:06+07
13763433,Ford Territory ឆ្នាំ 2023 Full Option,30800.0,30800.0,0.0,0,0.0,0,38.9,0.0,0,Ford,Territory,2023,used,Plate Number,Unknown,Unknown,Unknown,,,Phnom Penh,store,530124,108 Auto car dealer,2026-07-13 12:03:55+07,2026-08-21 09:53:08.540633+07,2026-08-21 09:38:02+07
13767379,លក់បន្នាន់ តំលៃ៤ពាន់ចរចារ,3000.0,3000.0,0.0,0,0.0,0,41.0,0.0,0,Unknown,Unknown,2003,used,Plate Number,Unknown,Unknown,Unknown,,,Phnom Penh,individual,870597,Mommy Life,2026-07-14 10:44:41+07,2026-08-24 10:35:49.614511+07,2026-07-14 10:44:41+07
13769747,CLA45 លេងគ្រឿង និង tune ហើយ,28900.0,28900.0,0.0,0,0.0,0,37.6,0.0,0,Mercedes-Benz,CLA45,2014,used,Plate Number,Unknown,Unknown,Unknown,,,Phnom Penh,store,131729,BUNDITH AUTO,2026-07-14 19:15:25+07,2026-08-21 09:53:06.051872+07,2026-08-21 09:15:04+07
13772002,Hughlander 2003 Limited ប៉ុងមួយ,14900.0,14900.0,0.0,0,0.0,0,34.9,0.0,0,Unknown,Unknown,2003,used,Plate Number,Unknown,Unknown,Unknown,,,Phnom Penh,store,570612,Ieng Meng Lee,2026-07-15 13:13:36+07,2026-08-19 09:48:10.238672+07,2026-08-19 09:30:43+07
13772236,Toyota celica 94​ ឯកសារ​គ្រប់​ គ្រឿង​លេង​ម៉ាកប់​ឡាន​ស្អាត​គ្មាន​កន្លែង​ទាស់​ 6500$ចរចា​ វ៉ៃ​ដូរ​បាន,6500.0,6500.0,0.0,0,0.0,0,39.9,0.0,0,Toyota,Celica,1994,used,Plate Number,Unknown,Unknown,Unknown,,,Phnom Penh,store,656869,ហាង​លក់​​ ម៉ូតូ​ទំនើប​ លី​ រតនៈ​ 168 បង់​រំលោះ​បាន​25ខេត្ត​/ក្រុង​,2026-07-15 13:55:01+07,2026-08-24 10:35:50.606484+07,2026-08-24 08:19:19+07
13772731,2002 Lexus RX300 ប៉ុង1,13800.0,13800.0,0.0,0,0.0,0,33.0,0.0,0,Lexus,RX300,2002,used,Plate Number,Unknown,Unknown,Unknown,,,Phnom Penh,store,843591,MR 99,2026-07-15 15:46:33+07,2026-08-17 15:50:57.849438+07,2026-08-17 15:07:02+07
13778647,Camry​ ឆ្នាំ07 ខួប50ឆ្នាំ​ full ពណ៍សកាំម៉ៃ​ ប្រភេទមេឡានស្អាត​ ទឹកថ្នាំស្រុីនមួយជុំ​ Anniversary,15000.0,15000.0,0.0,0,0.0,0,38.0,0.0,0,Toyota,Camry,2007,used,Plate Number,Unknown,Unknown,Unknown,,,Phnom Penh,individual,1194483,រក្សា សុខ,2026-07-17 09:50:59+07,2026-08-24 10:35:52.584739+07,2026-08-24 10:24:51+07
13796885,Corolla 1995 ចាស់ដូចរូប លក់:2550$ Call:092 447444,2550.0,2550.0,0.0,0,0.0,0,30.1,0.0,0,Toyota,Corolla,1995,used,Plate Number,Unknown,Unknown,Unknown,,,Phnom Penh,store,863295,ចាន់ មករា,2026-07-22 08:39:09+07,2026-08-21 09:53:11.212015+07,2026-08-21 09:40:28+07
13798890,2016 Lexus IS200t F-Sport ក្រដាសពន្ធ,29500.0,29500.0,0.0,0,0.0,0,29.0,0.0,0,Lexus,IS200t F-Sport,2016,used,Tax Paper,Unknown,Unknown,Unknown,,,Phnom Penh,store,351434,HL Auto 888,2026-07-22 15:00:38+07,2026-08-20 15:37:33.86454+07,2026-08-20 15:00:08+07
13798947,2015 Mercedes C300 Luxury up AMG,22500.0,22500.0,0.0,0,0.0,0,29.0,0.0,0,Mercedes-Benz,C300,2015,used,Plate Number,Unknown,Unknown,Unknown,,,Phnom Penh,store,351434,HL Auto 888,2026-07-22 15:11:30+07,2026-08-20 15:37:35.448869+07,2026-08-20 15:11:01+07
13800513,លក់,2700.0,2700.0,0.0,0,0.0,0,26.4,0.0,0,Unknown,Unknown,2019,used,Plate Number,Unknown,Unknown,Unknown,,,Phnom Penh,store,225821,Sarun Man,2026-07-23 06:56:00+07,2026-08-18 17:19:01.602264+07,2026-08-18 16:00:11+07
13801121,LX470 2003 ពណ៌ទឹកដោះគោ ប្រេី ហ្គាស+សាំង,17800.0,17800.0,0.0,0,0.0,0,29.0,0.0,0,Kia,ស+សាំង,2003,used,Plate Number,Unknown,Unknown,Unknown,,,Phnom Penh,store,596584,Kol LiHak,2026-07-23 09:43:58+07,2026-08-21 09:53:27.392498+07,2026-08-21 09:09:02+07
13812115,🖤Toyota BZ3X 026 full option Range 520kmតម្លៃចរចា30800$បាន,30800.0,30800.0,0.0,0,0.0,0,23.3,0.0,0,Toyota,BZ3X 026,2026,new,Tax Paper,Unknown,Unknown,Unknown,,,Phnom Penh,store,1228123,JH- Chan Thea,2026-07-26 11:06:03+07,2026-08-18 17:18:53.941945+07,2026-08-18 17:00:06+07
13813580,ODYSSEY ELITE USA វាយដូរបាន,21800.0,21800.0,0.0,0,0.0,0,24.9,0.0,0,Honda,ODYSSEY,2014,used,Plate Number,Unknown,Unknown,Unknown,,,Phnom Penh,store,12684,Sam Sopheak,2026-07-26 17:48:18+07,2026-08-20 15:37:46.967804+07,2026-08-20 14:18:03+07
13820049,Nissan X-Trail 2020 Very Nice Car,20800.0,20800.0,0.0,0,0.0,0,27.0,0.0,0,Nissan,X-Trail,2020,used,Plate Number,Unknown,Unknown,Unknown,,,Siem Reap,store,298332,kheang Kheang,2026-07-28 10:55:05+07,2026-08-24 10:36:08.601393+07,2026-08-24 09:48:40+07
13820699,Range Rover Vogue 2016 up 2021សាំង29500$,29500.0,29500.0,0.0,0,0.0,0,23.9,0.0,0,Land Rover,Range Rover Vogue,2016,used,Plate Number,Unknown,Unknown,Unknown,,,Phnom Penh,store,730788,Sreypich Thouen,2026-07-28 12:56:16+07,2026-08-21 09:53:11.212985+07,2026-08-21 09:40:05+07
13823703,ឡាប៊នលក់ ឯកសារគ្រប់,21500.0,21500.0,0.0,0,0.0,0,21.0,0.0,0,Unknown,Unknown,2000,used,Tax Paper,Unknown,Unknown,Unknown,,,Kandal,store,735118,kim hak,2026-07-29 10:34:27+07,2026-08-19 09:48:01.90212+07,2026-08-19 09:45:47+07
13828517,Ford Ranger Raptor 2023 (សាំង) ឡានមូល ម្ចាស់ដើមទី1,58000.0,58000.0,0.0,0,0.0,0,19.2,0.0,0,Ford,Ranger Raptor,2023,used,Plate Number,Unknown,Unknown,Unknown,,,Phnom Penh,individual,584445,TY Vutha,2026-07-30 12:31:28+07,2026-08-18 17:18:50.184973+07,2026-07-30 12:31:28+07
13828561,Lexus300 2002 ឡានស្អាត អត់បុក អត់ច្រេះ,11999.0,11999.0,0.0,0,0.0,0,19.9,0.0,0,Unknown,Unknown,2002,used,Plate Number,Unknown,Unknown,Unknown,,,Phnom Penh,store,578223,Siv Meng,2026-07-30 12:40:27+07,2026-08-19 09:48:22.301221+07,2026-08-19 09:17:38+07
13828793,2016 ស​ ក្នុង​លឿង​ កៅអី​ធំ​ តាបឡូសុីន​ ដៃលេខ​ត្រឡប់​ សិត​កៅអីសុីន​កែនៅខ្មែរយេីង,33800.0,33800.0,0.0,0,0.0,0,19.9,0.0,0,Unknown,Unknown,2016,used,Plate Number,Unknown,Unknown,Unknown,,,Phnom Penh,store,963473,Chheng Hor,2026-07-30 13:18:04+07,2026-08-19 09:48:03.34286+07,2026-08-19 09:45:17+07
13830676,Kia Carnival 2023,36000.0,36000.0,0.0,0,0.0,0,20.8,0.0,0,Kia,Carnival,2023,used,Plate Number,Unknown,Unknown,Unknown,,,Phnom Penh,store,695862,DVN AUTO CAR 168,2026-07-30 21:10:51+07,2026-08-20 15:37:46.964048+07,2026-08-20 14:22:02+07
13832729,KIA Canival year 2020 Full Option,18900.0,18900.0,0.0,0,0.0,0,20.9,0.0,0,Kia,Canival,2020,used,Plate Number,Unknown,Unknown,Unknown,,,Phnom Penh,individual,325754,Sreylake p-69829819,2026-07-31 12:16:46+07,2026-08-21 09:53:23.574648+07,2026-08-21 09:15:51+07
13832972,Mercedes Benz C300 4Matic 2015 ឡានអ្នកប្រើផ្ទាល់,23300.0,23300.0,0.0,0,0.0,0,20.9,0.0,0,Mercedes-Benz,C300,2015,used,Plate Number,Unknown,Unknown,Unknown,,,Phnom Penh,store,689152,89 Auto Car,2026-07-31 13:28:04+07,2026-08-21 09:53:24.913011+07,2026-08-21 09:13:10+07
13833956,Alphard 2024 inside cherry,118000.0,118000.0,0.0,0,0.0,0,23.7,0.0,0,Toyota,Alphard,2024,new,Tax Paper,Unknown,Unknown,Unknown,,,Phnom Penh,store,376549,Sara Vuth79,2026-07-31 17:01:56+07,2026-08-24 10:36:03.644366+07,2026-08-24 09:59:03+07
13834581,Tacoma ឆ្នាំ2000 តួខ្ពស់ V6 ប៉ុង2 កាប់ពីតាស់ ទ្រុងវែង,7900.0,7900.0,0.0,0,0.0,0,19.7,0.0,0,Toyota,Tacoma,2000,used,Plate Number,Unknown,Unknown,Unknown,,,Phnom Penh,store,199223,តាហេងកូនភ្លោះ ទួលសង្កែ,2026-07-31 22:39:53+07,2026-08-20 15:37:44.215486+07,2026-08-20 14:26:17+07
13836880,Pruis 2010 Option 3 សឡា ក្រដាស់ពន្ធថ្មីទេីបនាំចូល✅,14800.0,14800.0,0.0,0,0.0,0,22.7,0.0,0,Toyota,Prius,2010,used,Tax Paper,Unknown,Unknown,Unknown,,,Phnom Penh,store,781869,RITH AutoCar7777,2026-08-01 17:14:30+07,2026-08-24 10:35:52.586632+07,2026-08-24 10:24:16+07
13839532,Prius 2013 Option ឡាន Delaer,16500.0,16500.0,0.0,0,0.0,0,16.8,0.0,0,Toyota,Prius,2013,used,Tax Paper,Unknown,Unknown,Unknown,,,Phnom Penh,store,570612,Ieng Meng Lee,2026-08-02 14:11:17+07,2026-08-19 09:48:06.127897+07,2026-08-19 09:30:54+07
13840561,LEXUS HS250H 2010 FULL PREMIUM ពណ៍សកាំម៉ៃ,21500.0,21500.0,0.0,0,0.0,0,17.8,0.0,0,Lexus,HS250h,2010,used,Tax Paper,Unknown,Unknown,Unknown,,,Phnom Penh,store,337337,PT99 AUTO,2026-08-02 19:27:28+07,2026-08-20 15:37:32.536786+07,2026-08-20 15:05:19+07
13841666,លក់ ឡាន prus 07,8950.0,8950.0,0.0,0,0.0,0,17.3,0.0,0,Toyota,Prius,2007,used,Plate Number,Unknown,Unknown,Unknown,,,Phnom Penh,individual,1292033,ម៉ូតូជប៉ុនសុទ្ធ100% CT Supercub CRF,2026-08-03 09:01:30+07,2026-08-20 15:37:41.023728+07,2026-08-18 19:43:05+07
13843609,toyota fortuner017  ​ឡានម្ខាស់ផ្ទាល់,34500.0,34500.0,0.0,0,0.0,0,15.8,0.0,0,Toyota,fortuner017 ​ឡានម្ខាស់ផ្ទាល់,2017,used,Plate Number,Unknown,Unknown,Unknown,,,Phnom Penh,individual,784689,ka ka,2026-08-03 14:57:35+07,2026-08-19 09:47:57.91319+07,2026-08-17 08:19:15+07
13843625,BMW 740 Li,85000.0,85000.0,0.0,0,0.0,0,17.8,0.0,0,BMW,740 Li,2020,used,Plate Number,Unknown,Unknown,Unknown,,,Phnom Penh,store,1302331,DM Auto,2026-08-03 14:59:29+07,2026-08-21 09:53:16.321243+07,2026-08-21 09:31:19+07
13843711,Lexus LM 300h,115000.0,115000.0,0.0,0,0.0,0,17.8,0.0,0,Lexus,LM300h,2022,used,Plate Number,Unknown,Unknown,Unknown,,,Phnom Penh,store,1302331,DM Auto,2026-08-03 15:07:12+07,2026-08-21 09:53:12.553533+07,2026-08-21 09:31:22+07
13844375,GAC M6,25800.0,25800.0,0.0,0,0.0,0,17.7,0.0,0,GAC,M6,2025,new,Tax Paper,Unknown,Unknown,Unknown,,,Phnom Penh,store,200848,Eang sychan,2026-08-03 17:37:34+07,2026-08-21 09:53:27.387687+07,2026-08-21 09:09:25+07
13848601,លក់កាមរី07 XLE Full ពណ៌ស ឡានស្អាត,15500.0,15500.0,0.0,0,0.0,0,15.9,0.0,0,Unknown,Unknown,2007,used,Plate Number,Unknown,Unknown,Unknown,,,Tboung Khmum,store,101243,RaYuth,2026-08-04 18:09:28+07,2026-08-20 15:37:51.43269+07,2026-08-20 14:00:18+07
13852714,LEXUXNX 200T 2016 Luxury full,26500.0,26500.0,0.0,0,0.0,0,18.7,0.0,0,Unknown,Unknown,2016,used,Plate Number,Unknown,Unknown,Unknown,,,Phnom Penh,store,648350,ឃ្លាំងលក់រថយន្ត 168 Auto,2026-08-05 17:58:59+07,2026-08-24 10:36:03.644366+07,2026-08-24 09:59:03+07
13855128,Toyota Camry 1999 LE,5299.0,5299.0,0.0,0,0.0,0,14.1,0.0,0,Toyota,Camry,1999,used,Plate Number,Unknown,Unknown,Unknown,,,Phnom Penh,individual,212046,Vattanak LV,2026-08-06 12:04:48+07,2026-08-20 15:37:27.814859+07,2026-08-20 15:26:10+07
13855470,Toyota Wigo 2026,15900.0,15900.0,0.0,0,0.0,0,14.1,0.0,0,Toyota,Wigo,2026,new,Tax Paper,Unknown,Unknown,Unknown,,,Phnom Penh,store,1251582,Toyota Super Car,2026-08-06 13:18:48+07,2026-08-20 15:37:41.026146+07,2026-08-20 14:31:02+07
13856381,Kia morning 2018 ប្រផេះ,13300.0,13300.0,0.0,0,0.0,0,12.0,0.0,0,Kia,Morning,2018,used,Tax Paper,Unknown,Unknown,Unknown,,,Phnom Penh,store,346540,Veha 9999,2026-08-06 16:15:36+07,2026-08-18 17:19:00.456129+07,2026-08-18 16:16:02+07
13856941,Toyota Raize 2026,22300.0,22300.0,0.0,0,0.0,0,13.8,0.0,0,Toyota,Raize,2026,new,Tax Paper,Unknown,Unknown,Unknown,,,Phnom Penh,store,1251582,Toyota Super Car,2026-08-06 19:21:18+07,2026-08-20 15:37:41.024441+07,2026-08-20 14:32:02+07
13857036,Toyota Veloz 2026,28400.0,28400.0,0.0,0,0.0,0,13.8,0.0,0,Toyota,Veloz,2026,new,Tax Paper,Unknown,Unknown,Unknown,,,Phnom Penh,store,1251582,Toyota Super Car,2026-08-06 20:03:45+07,2026-08-20 15:37:41.024363+07,2026-08-20 14:32:02+07
13865998,2016 Wuling Truck,4800.0,4800.0,0.0,0,0.0,0,12.0,0.0,0,Wuling,Truck,2016,used,Plate Number,Unknown,Unknown,Unknown,,,Phnom Penh,individual,130932,Danny HAB 8989,2026-08-09 10:42:49+07,2026-08-21 09:53:19.758742+07,2026-08-21 09:20:15+07
13866338,អេមហា៎Rx450h_2010 Full P2 សកាំម៉ៃ ក្នុងលឿង,29500.0,29500.0,0.0,0,0.0,0,8.1,0.0,0,Unknown,Unknown,2010,used,Plate Number,Unknown,Unknown,Unknown,,,Phnom Penh,individual,1167292,Ly Taohour,2026-08-09 12:29:30+07,2026-08-17 15:50:53.94482+07,2026-08-17 15:33:15+07
13869589,HLD 02 V6 P1 Limited ឡានស្អាត,12300.0,12300.0,0.0,0,0.0,0,8.2,0.0,0,Unknown,Unknown,2002,used,Plate Number,Unknown,Unknown,Unknown,,,Phnom Penh,store,530931,MoLy Van,2026-08-10 11:29:02+07,2026-08-18 17:18:54.872942+07,2026-08-18 17:00:06+07
13871474,Prius 013 Plug-in គុជ3 ស្លាយកុងទ័រ,17350.0,17350.0,0.0,0,0.0,0,6.9,0.0,0,Toyota,Prius,2013,used,Plate Number,Unknown,Unknown,Unknown,,,Phnom Penh,individual,331320,bun thoun yon,2026-08-10 18:40:54+07,2026-08-17 15:51:04.498894+07,2026-08-17 14:40:00+07
13873180,012 Opt2 សាងតម្លៃល្អ,14500.0,14500.0,0.0,0,0.0,0,6.2,0.0,0,Unknown,Unknown,2012,used,Tax Paper,Unknown,Unknown,Unknown,,,Phnom Penh,store,1283694,Meng-HVS សាងតម្លៃដុំ,2026-08-11 10:03:33+07,2026-08-17 15:50:58.88651+07,2026-08-17 15:03:55+07
13873548,Hyundai Elexio EV,27900.0,27900.0,0.0,0,0.0,0,9.2,0.0,0,Hyundai,Elexio EV,2025,new,Tax Paper,Unknown,Unknown,Unknown,,,Phnom Penh,store,477448,Va Seanghor,2026-08-11 11:11:55+07,2026-08-20 15:37:29.394887+07,2026-08-20 15:31:33+07
13873783,Jeep Wrangler Sport 2018 | Upgrade Rubicon 2026 🔥Owner,41999.0,41999.0,0.0,0,0.0,0,12.9,0.0,0,Jeep,Wrangler Rubicon,2018,used,Plate Number,Unknown,Unknown,Unknown,,,Phnom Penh,individual,1318967,Nith168 168,2026-08-11 12:03:53+07,2026-08-24 10:35:49.617808+07,2026-08-23 13:52:17+07
13873852,Prius 2004 Full Option,9250.0,9250.0,0.0,0,0.0,0,9.1,0.0,0,Toyota,Prius,2004,used,Plate Number,Unknown,Unknown,Unknown,,,Phnom Penh,store,391584,Prince Auto Import ( ដឹកជញ្ជូនផ្ទាល់មកកម្ពុជា ),2026-08-11 12:21:53+07,2026-08-20 15:37:46.966361+07,2026-08-20 14:19:26+07
13876473,Lexus rx330ឆ្នាំ05ប៉ុង2ពាក់កណ្តាក,18500.0,18500.0,0.0,0,0.0,0,9.1,0.0,0,Lexus,RX330,2005,used,Plate Number,Unknown,Unknown,Unknown,,,Phnom Penh,store,260696,Kz Vern,2026-08-12 07:25:41+07,2026-08-21 09:53:24.912287+07,2026-08-21 09:13:28+07
13877565,腾势D9,59800.0,58800.0,0.0,0,1000.0,1,6.9,0.0,0,Unknown,Unknown,2025,used,Plate Number,Unknown,Unknown,Unknown,,,Phnom Penh,store,1123556,成 张,2026-08-12 11:03:01+07,2026-08-19 09:47:57.909618+07,2026-08-18 15:05:07+07
13878056,Kia Morning 2008,5550.0,5550.0,0.0,0,0.0,0,8.1,0.0,0,Kia,Morning,2008,used,Plate Number,Unknown,Unknown,Unknown,,,Phnom Penh,store,1155341,K Urban Car Rental 365,2026-08-12 12:38:51+07,2026-08-20 15:37:44.217081+07,2026-08-20 14:25:06+07
13881455,Ford Ranger Wildtrak ឆ្នាំ 2020 Full Option,34800.0,34800.0,0.0,0,0.0,0,11.0,0.0,0,Ford,Ranger Wildtrak,2020,used,Plate Number,Unknown,Unknown,Unknown,,,Phnom Penh,store,530124,108 Auto car dealer,2026-08-13 10:58:24+07,2026-08-24 10:35:55.580054+07,2026-08-24 10:28:01+07
13881997,Camry xle 2003,11500.0,11500.0,0.0,0,0.0,0,10.9,0.0,0,Toyota,Camry,2003,used,Plate Number,Unknown,Unknown,Unknown,,,Phnom Penh,store,1319264,ជា ភក្តី,2026-08-13 12:46:23+07,2026-08-24 10:35:51.607123+07,2026-08-24 10:26:02+07
13883559,Mazda EZ60,30800.0,30800.0,0.0,0,0.0,0,3.8,0.0,0,Mazda,EZ60,2025,new,Plate Number,Unknown,Unknown,Unknown,,,Phnom Penh,store,1294519,ZW AUTO CAR,2026-08-13 20:01:25+07,2026-08-17 15:50:50.161233+07,2026-08-13 20:01:25+07
13885990,Highlander 03V4ប៉ុង1 ឡានកាលីក្នុងលឿងធានាឡានស្អាតអត់ដូរពណ៌អត់កាត់តឡានស្អាត,15300.0,15300.0,0.0,0,0.0,0,4.8,0.0,0,Toyota,Highlander,2003,used,Plate Number,Unknown,Unknown,Unknown,,,Phnom Penh,store,687548,ឡានស្អាត ឡានស្អាត,2026-08-14 13:42:30+07,2026-08-19 09:48:12.663945+07,2026-08-19 09:29:55+07
13886278,ឡានស្អាត 05 Full បាសJBL,7600.0,7600.0,0.0,0,0.0,0,6.8,0.0,0,Unknown,Unknown,2005,used,Plate Number,Unknown,Unknown,Unknown,,,Phnom Penh,individual,240729,Tavy,2026-08-14 14:27:32+07,2026-08-21 09:53:13.860816+07,2026-08-21 09:33:57+07
13886832,BMW X6 _2011 [Full_Option] ទ្វារបឺត,13800.0,13800.0,0.0,0,0.0,0,3.0,0.0,0,BMW,X6,2011,used,Plate Number,Unknown,Unknown,Unknown,,,Phnom Penh,store,453935,ស្វាយ សុខជា,2026-08-14 16:05:36+07,2026-08-17 15:51:04.490727+07,2026-08-17 14:40:15+07
13887900,Torres 2023 $25500,25000.0,25000.0,0.0,0,0.0,0,2.6,0.0,0,Unknown,Unknown,2023,used,Plate Number,Unknown,Unknown,Unknown,,,Phnom Penh,individual,178542,Rady Vong,2026-08-15 00:18:26+07,2026-08-17 15:50:59.838451+07,2026-08-17 14:59:47+07
13888135,2009 Highlander 4ម៉ាសុីន កៅអី3ជួរ ក្នុងលឿង,25800.0,25800.0,0.0,0,0.0,0,2.3,0.0,0,Toyota,Highlander,2009,used,Plate Number,Unknown,Unknown,Unknown,,,Phnom Penh,store,843591,MR 99,2026-08-15 07:49:03+07,2026-08-17 15:50:57.861736+07,2026-08-17 15:06:51+07
13888264,Cheverlot Spark,6500.0,6500.0,0.0,0,0.0,0,9.1,0.0,0,Unknown,Unknown,2012,used,Plate Number,Unknown,Unknown,Unknown,,,Kandal,individual,1177634,Nira Hu,2026-08-15 08:30:30+07,2026-08-24 10:36:05.643804+07,2026-08-24 09:59:41+07
13889163,ទ្បានស្អាតថ្នាំសុិនមួយជុំ,18000.0,195000.0,177000.0,1,0.0,0,9.0,0.0,0,Unknown,Unknown,2013,used,Plate Number,Unknown,Unknown,Unknown,,,Oddar Meanchey,individual,1213594,Rithy Boun,2026-08-15 11:40:43+07,2026-08-24 10:35:49.617808+07,2026-08-24 08:01:45+07
13889249,LX 570 2008 Up 21 Kuro,49999.0,49999.0,0.0,0,0.0,0,2.2,0.0,0,Unknown,Unknown,2008,used,Plate Number,Unknown,Unknown,Unknown,,,Phnom Penh,store,388346,p-10365366,2026-08-15 12:09:55+07,2026-08-17 15:51:03.584859+07,2026-08-17 14:43:05+07
13889639,✍️ទំនិញថ្មីទើបកាត់បានពីម្ចាស់ដើម✍️Lexus nx200t 2015f sport ប៉ុង១  ៤បេតុង,32500.0,32500.0,0.0,0,0.0,0,2.1,0.0,0,Lexus,NX200t,2015,used,Plate Number,Unknown,Unknown,Unknown,,,Phnom Penh,store,387311,Long hay,2026-08-15 13:56:15+07,2026-08-17 15:51:03.564414+07,2026-08-17 14:43:09+07
13890712,ឡានស្អាតនៅថ្មីទាំងអស់ ទឹកថ្នាំសុីន 95% ម៉ៃតិចសុីន,15500.0,15500.0,0.0,0,0.0,0,1.8,0.0,0,Unknown,Unknown,2008,used,Plate Number,Unknown,Unknown,Unknown,,,Phnom Penh,individual,509341,Japan SO,2026-08-15 19:43:21+07,2026-08-17 15:51:01.711266+07,2026-08-17 14:50:28+07
13893437,08 full ឡានថ្មីទឹមរៀបហើយ,11700.0,11700.0,0.0,0,0.0,0,2.1,0.0,0,Unknown,Unknown,2008,used,Tax Paper,Unknown,Unknown,Unknown,,,Phnom Penh,store,327598,Pisith Sith,2026-08-16 16:02:45+07,2026-08-18 17:18:53.937947+07,2026-08-18 17:02:02+07
13893472,Car for sale Lexus rx330 05 pong2 ពណ័ផ្សែងបារី ក្នុងលឿង លេងម៉ាញ៉េអេនត្រយហើយ ឡានស្អា,19500.0,19500.0,0.0,0,0.0,0,1.0,0.0,0,Lexus,RX330,2005,used,Plate Number,Unknown,Unknown,Unknown,,,Phnom Penh,store,387311,Long hay,2026-08-16 16:13:19+07,2026-08-17 15:51:03.584859+07,2026-08-17 14:43:00+07
13893479,ឡានលក់ Toyota Rush 2019 ប្រភេទឡានខ្លាញ់គោ ម្ចាស់ដើមជិះបាន៧ម៉ឺនkm ឡានថ្មីណាស់អត់បុក១០០%,20500.0,20500.0,0.0,0,0.0,0,1.0,0.0,0,Toyota,Rush,2019,used,Plate Number,Unknown,Unknown,Unknown,,,Phnom Penh,store,387311,Long hay,2026-08-16 16:15:11+07,2026-08-17 15:51:03.584859+07,2026-08-17 14:42:59+07
13896941,លក់​  Alphard 012 Hybride 23500$ ឡានធានាមិនទាស់ចិត្ត,23500.0,23500.0,0.0,0,0.0,0,3.1,0.0,0,Toyota,Alphard,2012,used,Plate Number,Unknown,Unknown,Unknown,,,Phnom Penh,individual,581831,កែវ រដ្ឋា,2026-08-17 14:10:48+07,2026-08-20 15:37:27.815188+07,2026-08-20 15:25:58+07
13897031,Nammi 06,19500.0,19500.0,0.0,0,0.0,0,3.8,0.0,0,Unknown,Unknown,2025,new,Tax Paper,Unknown,Unknown,Unknown,,,Phnom Penh,store,1103626,Regal Motors,2026-08-17 14:32:04+07,2026-08-21 09:53:16.32523+07,2026-08-21 09:30:12+07
13897123,លក់ព្រូស 010 អប់សិន 4 សូឡា 15200$,15200.0,15200.0,0.0,0,0.0,0,0.0,0.0,0,Unknown,Unknown,2010,used,Plate Number,Unknown,Unknown,Unknown,,,Kandal,individual,364493,Hun Somethea,2026-08-17 14:53:49+07,2026-08-17 15:51:01.690288+07,2026-08-17 14:53:49+07
13897160,470.2000លក់ដូសារី9900$ចរចារ,9900.0,9900.0,0.0,0,0.0,0,0.0,0.0,0,Unknown,Unknown,2000,used,Tax Paper,Unknown,Unknown,Unknown,,,Phnom Penh,store,794657,សុភ្រ័ សុភ័ក្រ,2026-08-17 14:58:50+07,2026-08-17 15:51:00.735607+07,2026-08-17 14:58:50+07
13897255,Ford,38700.0,38700.0,0.0,0,0.0,0,0.0,0.0,0,Ford,Unknown,2024,new,Plate Number,Unknown,Unknown,Unknown,,,Phnom Penh,individual,551940,Unknown,2026-08-17 15:17:49+07,2026-08-17 15:50:55.864585+07,2026-08-17 15:17:49+07
13898609,តំលៃចរចារបាន,88000.0,88000.0,0.0,0,0.0,0,1.4,0.0,0,Unknown,Unknown,2022,used,Plate Number,Unknown,Unknown,Unknown,,,Phnom Penh,store,1207544,Rita Chheng Sovann,2026-08-17 23:22:32+07,2026-08-19 09:47:57.911146+07,2026-08-18 11:19:16+07
13898621,តំលៃចរចារបាន,208800.0,208800.0,0.0,0,0.0,0,1.4,0.0,0,Unknown,Unknown,2024,used,Plate Number,Unknown,Unknown,Unknown,,,Phnom Penh,store,1207544,Rita Chheng Sovann,2026-08-17 23:32:26+07,2026-08-19 09:47:57.910088+07,2026-08-18 12:04:22+07
13901321,Alphard 2018 V4 Hybrid Full Option Executive lounge,57000.0,57000.0,0.0,0,0.0,0,5.8,0.0,0,Toyota,Alphard,2018,used,Plate Number,Unknown,Unknown,Unknown,,,Phnom Penh,individual,111473,David DVM,2026-08-18 15:27:32+07,2026-08-24 10:35:59.605104+07,2026-08-18 15:27:32+07
13901417,Ranger Sport 2.0L បង់ពន្ធ50$,44900.0,44900.0,0.0,0,0.0,0,0.1,0.0,0,Ford,Ranger Sport,2026,new,Tax Paper,Unknown,Unknown,Unknown,,,Phnom Penh,store,218318,ចរណៃ លក់ឡាន,2026-08-18 15:45:09+07,2026-08-18 17:19:04.370366+07,2026-08-18 15:45:09+07
13903410,04ប៉ុង1,18500.0,18500.0,0.0,0,0.0,0,2.0,0.0,0,Unknown,Unknown,2004,used,Plate Number,Unknown,Unknown,Unknown,,,Siem Reap,individual,1252314,សុភក្តិ សុភក្កិ,2026-08-19 09:27:46+07,2026-08-21 09:53:19.756144+07,2026-08-21 09:21:49+07
13903512,Toyota Raize 023 តំបូលខ្មៅ full option ប្រើបាន 20000 km,17900.0,17900.0,0.0,0,0.0,0,0.0,0.0,0,Toyota,Raize,2023,used,Plate Number,Unknown,Unknown,Unknown,,,Phnom Penh,store,339943,ភារ៉ា រចនាវត្តី,2026-08-19 09:46:23+07,2026-08-19 09:48:01.900357+07,2026-08-19 09:46:23+07
13904388,🔥GACGN8 2024FullMaster អេក្រង់2 Yamaha 24000គីឡូ Freeកាត់ឈ្មោះតម្លៃសាងលក់បន្ត💰29800$💸,29800.0,29800.0,0.0,0,0.0,0,4.9,0.0,0,Unknown,Unknown,2024,used,Plate Number,Unknown,Unknown,Unknown,,,Phnom Penh,store,459645,MCS AUTO,2026-08-19 12:39:13+07,2026-08-24 10:36:01.635673+07,2026-08-24 10:00:18+07
13904769,Geely M9 Motor 3 global spec 2026,57800.0,57800.0,0.0,0,0.0,0,1.1,0.0,0,Geely,M9 Motor 3,2026,new,Tax Paper,Unknown,Unknown,Unknown,,,Phnom Penh,store,9557,Vicheth Damardi,2026-08-19 14:17:20+07,2026-08-20 15:37:49.859394+07,2026-08-20 14:17:02+07
13905109,Lexus NX200t FSport 2017 full ក្នុងឆឺរី🍒,41000.0,41000.0,0.0,0,0.0,0,1.0,0.0,0,Lexus,NX200t,2017,used,Tax Paper,Unknown,Unknown,Unknown,,,Phnom Penh,store,20215,OUK Dara,2026-08-19 15:22:13+07,2026-08-20 15:37:30.973576+07,2026-08-20 15:22:02+07
13905781,លក់ឡានជិះផ្ទាល់ខ្លួន Fortuner Legender 2026,56900.0,56900.0,0.0,0,0.0,0,0.8,0.0,0,Toyota,Fortuner,2026,used,Plate Number,Unknown,Unknown,Unknown,,,Phnom Penh,store,346832,Raksa Heng,2026-08-19 19:44:44+07,2026-08-20 15:37:27.81383+07,2026-08-20 15:26:43+07
13906030,🔥NissanAlmera2022 កាន់💰5000$💸ដកឡានភ្លាមបង់រំលស់ជាមួយឃ្លាំងផ្ទាល់,18900.0,18900.0,0.0,0,0.0,0,4.5,0.0,0,Unknown,Unknown,2022,used,Plate Number,Unknown,Unknown,Unknown,,,Phnom Penh,store,459123,MCS AUTO 2,2026-08-19 22:15:02+07,2026-08-24 10:36:01.636351+07,2026-08-24 10:00:18+07
13906864,ម្ចាស់ដេីមទិញគាស់កេះ ថ្មីខ្លាំង Mazda BT-50 Eclipse ម៉សុីនធំ 3.2L 2019,28999.0,28999.0,0.0,0,0.0,0,1.0,0.0,0,Kia,ស់កេះ ថ្មីខ្លាំង Mazda,2019,used,Plate Number,Unknown,Unknown,Unknown,,,Phnom Penh,store,200717,Lim David  MasterAuto,2026-08-20 09:32:10+07,2026-08-21 09:53:08.545386+07,2026-08-21 09:36:02+07
13908390,2025 l GLE 53 AMG Coupe l 99.99% l 5000 km,169000.0,169000.0,0.0,0,0.0,0,0.1,0.0,0,Mercedes-Benz,GLE53,2025,used,Plate Number,Unknown,Unknown,Unknown,,,Phnom Penh,store,721389,Premium Luxury Cars,2026-08-20 14:20:12+07,2026-08-20 15:37:46.965505+07,2026-08-20 14:20:12+07
13908442,បង់$1មុឺនស្ដើង ដកឡានប្រើភ្លាមៗ🍀2026 AVATR 07 MAX full options ❤️🚥,44200.0,44200.0,0.0,0,0.0,0,0.0,0.0,0,Avatr,Avatr 07,2026,new,Tax Paper,Unknown,Unknown,Unknown,,,Phnom Penh,store,1157512,Right Place EV,2026-08-20 14:30:32+07,2026-08-20 15:37:41.027406+07,2026-08-20 14:30:32+07
13908626,ឡានលក់,8900.0,8900.0,0.0,0,0.0,0,0.0,0.0,0,Unknown,Unknown,2008,used,Plate Number,Unknown,Unknown,Unknown,,,Phnom Penh,individual,1189403,THY SO THEA THY SOTHEA,2026-08-20 15:06:45+07,2026-08-20 15:37:35.450921+07,2026-08-20 15:06:45+07
13908739,Mercedes AMG GLE53 4Matic Coupe 2023,151500.0,151500.0,0.0,0,0.0,0,0.0,0.0,0,Mercedes-Benz,GLE53,2023,used,Tax Paper,Unknown,Unknown,Unknown,,,Phnom Penh,store,1193843,Auto Trading,2026-08-20 15:32:35+07,2026-08-20 15:37:29.392426+07,2026-08-20 15:32:35+07
13910552,Toyota Raize 2023 ដំបូលខ្មៅ,18800.0,18800.0,0.0,0,0.0,0,0.0,0.0,0,Toyota,Raize,2023,used,Plate Number,Unknown,Unknown,Unknown,,,Phnom Penh,store,432672,Phary Sakna,2026-08-21 09:17:40+07,2026-08-21 09:53:22.426858+07,2026-08-21 09:17:40+07
13910597,Ford Ranger Wildtrak 2025 ថ្មីខ្លាំង17000គីឡូ,47500.0,47500.0,0.0,0,0.0,0,0.0,0.0,0,Ford,Ranger Wildtrak,2025,used,Plate Number,Unknown,Unknown,Unknown,,,Phnom Penh,store,862400,ជូ អ៊ូ ជិញ,2026-08-21 09:24:28+07,2026-08-21 09:53:21.102934+07,2026-08-21 09:24:28+07
13910675,Toyota Alphard 2016 Up LM350H Plate: កម្ពុជា H.C 117937500$ចចារ,35500.0,35500.0,0.0,0,0.0,0,0.0,0.0,0,Toyota,Alphard,2016,used,Plate Number,Unknown,Unknown,Unknown,,,Phnom Penh,store,1216880,RN Auto Car,2026-08-21 09:38:39+07,2026-08-21 09:53:11.224512+07,2026-08-21 09:38:39+07
13911534,Prius prime XSE 2023,33800.0,33800.0,0.0,0,0.0,0,2.9,0.0,0,Toyota,Prius,2023,used,Tax Paper,Unknown,Unknown,Unknown,,,Phnom Penh,store,381041,Stark Stark,2026-08-21 12:22:26+07,2026-08-24 10:36:04.652488+07,2026-08-24 09:57:20+07
13913481,2012 plugs in advance មានស្លាយកុងទ័រ,13900.0,13900.0,0.0,0,0.0,0,2.5,0.0,0,Unknown,Unknown,2012,used,Tax Paper,Unknown,Unknown,Unknown,,,Phnom Penh,store,381041,Stark Stark,2026-08-21 23:41:04+07,2026-08-24 10:36:08.596235+07,2026-08-24 09:57:17+07
13914267,NX200T.ឆ្នាំ2015.ពណ៍ស,28500.0,28500.0,0.0,0,0.0,0,2.0,0.0,0,Lexus,NX200T,2015,used,Plate Number,Unknown,Unknown,Unknown,,,Phnom Penh,store,204158,K.A.W K.A.W,2026-08-22 10:16:58+07,2026-08-24 10:35:49.620601+07,2026-08-22 10:16:58+07
13917910,Toyota Tundra ឆ្នាំ2011 Up 2025 ប៉ុង2,23000.0,23000.0,0.0,0,0.0,0,1.0,0.0,0,Toyota,Tundra,2011,used,Plate Number,Unknown,Unknown,Unknown,,,Phnom Penh,individual,988645,RTN លក់ឡាន ទិញឡាន,2026-08-23 10:37:51+07,2026-08-24 10:36:00.591293+07,2026-08-24 10:17:04+07
13921279,Hilander 03 v6 p2,9900.0,9900.0,0.0,0,0.0,0,0.0,0.0,0,Unknown,Unknown,2023,used,Plate Number,Unknown,Unknown,Unknown,,,Phnom Penh,individual,1310406,Ton Sovanvitou,2026-08-24 09:51:07+07,2026-08-24 10:36:06.631091+07,2026-08-24 09:51:07+07
13921414,Denza D9 DM-i 980 AWD,83800.0,83800.0,0.0,0,0.0,0,0.0,0.0,0,Denza,D9,2024,new,Tax Paper,Unknown,Unknown,Unknown,,,Phnom Penh,store,1059202,夏天 Summer,2026-08-24 10:18:01+07,2026-08-24 10:35:59.609109+07,2026-08-24 10:18:01+07
13241918,ឡានលក់,17900.0,17900.0,0.0,0,0.0,0,169.6,0.0,0,Unknown,Unknown,2012,used,Tax Paper,Unknown,Unknown,Unknown,,,Phnom Penh,individual,768667,សារ៉េត ជា,2026-03-02 19:32:43+07,2026-08-19 09:48:20.91509+07,2026-08-19 09:19:40+07
13251558,លក់ហាយឡែនឌរ 03 ទឹកមាស ម៉ាសុីន6ប៉ុង2,12800.0,12800.0,0.0,0,0.0,0,167.0,0.0,0,Unknown,Unknown,2003,used,Plate Number,Unknown,Unknown,Unknown,,,Tboung Khmum,store,101243,RaYuth,2026-03-05 09:18:31+07,2026-08-19 09:48:03.341073+07,2026-08-19 09:45:17+07
13315248,មេឡាន17900 អេមណាស់,17500.0,17500.0,0.0,0,0.0,0,151.1,0.0,0,Unknown,Unknown,2018,used,Tax Paper,Unknown,Unknown,Unknown,,,Phnom Penh,store,751790,Bunnarath Eagle Man,2026-03-20 16:02:19+07,2026-08-18 17:19:01.601605+07,2026-08-18 16:00:11+07
13330775,Changan Q05 option Max មានក្នុងស្តុកស្រាប់បងបង😍,19800.0,19800.0,0.0,0,0.0,0,152.7,0.0,0,Changan,Q05,2025,new,Tax Paper,Unknown,Unknown,Unknown,,,Phnom Penh,store,1095235,មាស ចន្ទ័មុន្នីរត្ន័,2026-03-24 17:01:27+07,2026-08-24 10:35:53.577764+07,2026-08-24 10:22:37+07
13340871,Toyota Highlander 02 limited full,13899.0,13899.0,0.0,0,0.0,0,147.1,0.0,0,Toyota,Highlander,2002,used,Plate Number,Unknown,Unknown,Unknown,,,Phnom Penh,store,536355,3885 Auto Car,2026-03-27 08:36:32+07,2026-08-21 09:53:17.464923+07,2026-08-21 09:27:02+07
13375757,Ram TRX 2022 Gasoline V8/6.2L ឡានស្អាតថ្មីធានាមិនបុកមិនប៉ះ,98000.0,98000.0,0.0,0,0.0,0,138.0,0.0,0,Unknown,Unknown,2022,used,Plate Number,Unknown,Unknown,Unknown,,,Phnom Penh,store,1072003,Phea Phea,2026-04-05 10:32:49+07,2026-08-21 09:53:15.003203+07,2026-08-21 09:42:02+07
13391472,SR auto 168មានលក់រថយន្តច្រើនប្រភេទក្នុងក្រុងសៀមរាប,23500.0,23500.0,0.0,0,0.0,0,134.0,0.0,0,Unknown,Unknown,2025,used,Plate Number,Unknown,Unknown,Unknown,,,Siem Reap,store,165779,Only1 service EV car in Phnom Penh,2026-04-09 09:20:23+07,2026-08-21 09:53:15.007063+07,2026-08-21 09:41:02+07
13418010,Chevrolet high country full option 2018,23700.0,23700.0,0.0,0,0.0,0,125.9,0.0,0,Chevrolet,high country,2018,used,Plate Number,Unknown,Unknown,Unknown,,,Phnom Penh,individual,19717,heng tola,2026-04-20 11:57:11+07,2026-08-24 10:36:08.602083+07,2026-08-24 09:47:57+07
13421170,Ford Everest Titanium 2023 full options ធានាឡានស្អាត,52800.0,52800.0,0.0,0,0.0,0,122.0,0.0,0,Ford,Everest Titanium,2023,used,Plate Number,Unknown,Unknown,Unknown,,,Phnom Penh,store,862400,ជូ អ៊ូ ជិញ,2026-04-21 09:19:05+07,2026-08-21 09:53:17.470364+07,2026-08-21 09:25:09+07
13451565,Toyota Prius plug-in hybrid 2012,18500.0,18500.0,0.0,0,0.0,0,118.0,0.0,0,Toyota,Prius,2012,used,Plate Number,Unknown,Unknown,Unknown,,,Phnom Penh,store,592215,Thearith Nhen,2026-04-28 10:00:39+07,2026-08-24 10:35:58.605743+07,2026-08-24 10:00:18+07
13451786,ចូលស្តុកមកបានតិចគ្រឿងទេ ពុកម៉ែបងប្អូនទាំងគ្នាចង់បានអាចទាក់ទងមកបាន,29800.0,29800.0,0.0,0,0.0,0,115.0,0.0,0,Unknown,Unknown,2026,new,Tax Paper,Unknown,Unknown,Unknown,,,Phnom Penh,store,1285421,LT Auto Cambodia Davan,2026-04-28 10:45:20+07,2026-08-21 09:53:19.760002+07,2026-08-21 09:20:03+07
13456663,"$24,500 Mercedes C300 AMG ស្លាកលេខខ្ពស់",24500.0,24500.0,0.0,0,0.0,0,113.9,0.0,0,Mercedes-Benz,C300,2015,used,Plate Number,Unknown,Unknown,Unknown,,,Phnom Penh,store,1193463,ML AUTO,2026-04-29 12:21:30+07,2026-08-21 09:53:04.837889+07,2026-08-20 14:30:10+07
13457365,KIA EV5 2024 520km ថ្នាំស៊ីន1ជុំ,24900.0,24900.0,0.0,0,0.0,0,113.0,0.0,0,Kia,EV5 520km ថ្នាំស៊ីន1ជុំ,2024,used,Plate Number,Unknown,Unknown,Unknown,,,Phnom Penh,store,666121,Meng,2026-04-29 14:48:33+07,2026-08-20 15:37:39.455749+07,2026-08-20 14:48:02+07
13467833,Toyota Alphart 2020 Full:53500$,53500.0,53500.0,0.0,0,0.0,0,114.0,0.0,0,Toyota,Alphart Full:53500$,2020,used,Plate Number,Unknown,Unknown,Unknown,,,Phnom Penh,store,209742,DRS159 Auto Car,2026-05-02 10:46:52+07,2026-08-24 10:36:06.630224+07,2026-08-24 09:52:02+07
13503117,"លក់ប្រញាប់ 570 Full 2009 up 2015 $41,800",41800.0,41800.0,0.0,0,0.0,0,99.9,0.0,0,Unknown,Unknown,2009,used,Plate Number,Unknown,Unknown,Unknown,,,Phnom Penh,individual,64688,570,2026-05-11 12:05:42+07,2026-08-19 09:48:12.668594+07,2026-08-19 09:28:30+07
13521145,RX300 01 P2,7300.0,7300.0,0.0,0,0.0,0,97.1,0.0,0,Lexus,RX300,2001,used,Plate Number,Unknown,Unknown,Unknown,,,Kampong Speu,individual,801734,លោកគ្រូ សីហា គ្រូបាល់ទាត់,2026-05-15 13:43:31+07,2026-08-20 15:37:39.455605+07,2026-08-20 14:48:26+07
13521720,ចងលក់018 Woldtrak 3.2 ក្រុមហ៊ុន ឆ្វេងស្រុិន,28300.0,28300.0,0.0,0,0.0,0,97.8,0.0,0,Unknown,Unknown,2018,used,Plate Number,Unknown,Unknown,Unknown,,,Phnom Penh,store,214687,Vannak Chen,2026-05-15 15:29:50+07,2026-08-21 09:53:18.608981+07,2026-08-21 09:29:03+07
13526233,សន្លឹកពន្ធថ្មី,19999.0,19999.0,0.0,0,0.0,0,92.8,0.0,0,Unknown,Unknown,2013,used,Tax Paper,Unknown,Unknown,Unknown,,,Phnom Penh,store,157160,Aum Vitou,2026-05-16 21:07:35+07,2026-08-17 15:50:55.891567+07,2026-08-17 15:14:02+07
13555718,Toyota Raize GR 2026 តម្លៃកាន់តែពិសេស,23100.0,23100.0,0.0,0,0.0,0,90.0,0.0,0,Toyota,Raize,2026,new,Tax Paper,Unknown,Unknown,Unknown,,,Phnom Penh,store,97796,Toyota VIP,2026-05-23 10:03:26+07,2026-08-21 09:53:26.242449+07,2026-08-21 09:10:05+07
13600522,Range vogue តួវែង v8,44000.0,44000.0,0.0,0,0.0,0,77.0,0.0,0,Unknown,Unknown,2015,used,Plate Number,Unknown,Unknown,Unknown,,,Phnom Penh,individual,1164187,Royce Benz,2026-06-03 09:42:32+07,2026-08-19 09:48:11.441408+07,2026-08-19 09:26:56+07
13601859,Audi Q7 011 ម៉ាស៊ូត នៅថ្មីខ្លាំងសុំណុំសុីន ក្នុងលឿង✅,12800.0,12800.0,0.0,0,0.0,0,81.9,0.0,0,Audi,Q7,2011,used,Plate Number,Unknown,Unknown,Unknown,,,Phnom Penh,store,781869,RITH AutoCar7777,2026-06-03 13:06:37+07,2026-08-24 10:35:52.585072+07,2026-08-24 10:24:32+07
13615177,LEXUS GS200t 2016 Full Option Tax Paper,32800.0,32800.0,0.0,0,0.0,0,73.8,0.0,0,Lexus,GS200t,2016,used,Tax Paper,Unknown,Unknown,Unknown,,,Phnom Penh,store,775744,TS 888 Auto Car,2026-06-06 15:04:35+07,2026-08-19 09:48:15.438622+07,2026-08-19 09:30:08+07
13617428,LEXUS NX200T FSPORT 2015 ពណ៍ខ្មៅ ក្នុងឈឺរី 5B P2,32300.0,32300.0,0.0,0,0.0,0,74.2,0.0,0,Lexus,NX200t,2015,used,Tax Paper,Unknown,Unknown,Unknown,,,Phnom Penh,store,337337,PT99 AUTO,2026-06-07 10:41:46+07,2026-08-20 15:37:32.537418+07,2026-08-20 15:05:08+07
13621267,𝐅𝐨𝐫𝐝 𝐓𝐞𝐫𝐫𝐢𝐭𝐨𝐫𝐲 𝐓𝐢𝐭𝐚𝐧𝐢𝐮𝐦 ឆ្នាំ 𝟮𝟬𝟮𝟏 𝐅𝐮𝐥𝐥 𝐨𝐩𝐭𝐢𝐨𝐧,24800.0,24800.0,0.0,0,0.0,0,77.0,0.0,0,Ford,Territory,2021,used,Plate Number,Unknown,Unknown,Unknown,,,Phnom Penh,store,530124,108 Auto car dealer,2026-06-08 10:52:19+07,2026-08-24 10:36:03.654052+07,2026-08-24 09:58:02+07
13634480,Toyota Prius prime Advance 2018 ឡានថ្មីណាស់​ តំលៃ​ល្អ,25900.0,25900.0,0.0,0,0.0,0,74.0,0.0,0,Toyota,Prius Plugin,2018,used,Plate Number,Unknown,Unknown,Unknown,,,Phnom Penh,store,704601,សុភា រុន,2026-06-11 10:52:40+07,2026-08-24 10:36:08.602083+07,2026-08-24 09:47:57+07
13638024,Everest 2023 titanuim ខ្ញុំម្ចាស់ផ្ទាល់ ឡានស្អាតខ្លាំង,53800.0,53800.0,0.0,0,0.0,0,68.0,0.0,0,Ford,Everest,2023,used,Plate Number,Unknown,Unknown,Unknown,,,Phnom Penh,individual,750536,MC Chan,2026-06-12 09:10:51+07,2026-08-19 09:48:04.755291+07,2026-08-19 09:41:16+07
13639394,Highlanderឆ្នាំ2005   V4 P1 កៅអី3ជួរ,17500.0,17500.0,0.0,0,0.0,0,69.9,0.0,0,Toyota,Highlander,2005,used,Plate Number,Unknown,Unknown,Unknown,,,Phnom Penh,store,385708,Hea Sinh,2026-06-12 12:34:38+07,2026-08-21 09:53:19.760242+07,2026-08-21 09:20:03+07
13656946,Changan Deep Blue S05,26500.0,26500.0,0.0,0,0.0,0,64.8,0.0,0,Changan,Deepal S05,2026,new,Tax Paper,Unknown,Unknown,Unknown,,,Phnom Penh,store,1286497,litianze li,2026-06-16 20:14:28+07,2026-08-20 15:37:46.96178+07,2026-08-20 14:22:54+07
13670959,Land Rover Discovery 3,25000.0,25000.0,0.0,0,0.0,0,59.3,0.0,0,Land Rover,Discovery,2012,used,Plate Number,Unknown,Unknown,Unknown,,,Phnom Penh,store,538814,Borey,2026-06-20 10:39:50+07,2026-08-18 17:19:04.370366+07,2026-08-18 15:46:00+07
13674462,RX330ទេីបរៀបចំរួចថ្មីណាស់បងប្អូន fullពេញប៉ុងមួយ,18950.0,18950.0,0.0,0,0.0,0,57.2,0.0,0,Unknown,Unknown,2004,used,Plate Number,Unknown,Unknown,Unknown,,,Phnom Penh,store,254040,Vong Sarath,2026-06-21 10:35:22+07,2026-08-17 15:51:01.723522+07,2026-08-17 14:50:14+07
13680338,Lexus RX330 05 P1 full ថ្មីឯកសារគ្រប់ទឹកថ្នាំហ្សុីន,19600.0,19600.0,0.0,0,0.0,0,62.7,0.0,0,Lexus,RX330,2005,used,Plate Number,Unknown,Unknown,Unknown,,,Phnom Penh,individual,847467,Huon Savan,2026-06-22 16:49:31+07,2026-08-24 10:35:59.607107+07,2026-08-24 10:18:14+07
13688703,Spark 2014 LT,5500.0,5500.0,0.0,0,0.0,0,57.8,0.0,0,Unknown,Unknown,2014,used,Plate Number,Unknown,Unknown,Unknown,,,Phnom Penh,individual,182664,android,2026-06-24 14:16:48+07,2026-08-21 09:53:09.878774+07,2026-08-21 09:47:34+07
13689889,NISSAN NX8 2026 options Max 650km,35800.0,35800.0,0.0,0,0.0,0,55.1,0.0,0,Nissan,NX8 options Max,2026,new,Tax Paper,Unknown,Unknown,Unknown,,,Phnom Penh,store,1249350,Siev Orng,2026-06-24 15:51:51+07,2026-08-18 17:19:02.521185+07,2026-08-18 15:59:02+07
13710265,Toyota Granvai Premium Full Option 2026,126000.0,126000.0,0.0,0,0.0,0,52.5,0.0,0,Toyota,Granvai Premium,2026,new,Tax Paper,Unknown,Unknown,Unknown,,,Phnom Penh,store,689152,89 Auto Car,2026-06-29 20:47:23+07,2026-08-21 09:53:24.913218+07,2026-08-21 09:13:08+07
13711874,2025 Geely galaxy M9,59800.0,59800.0,0.0,0,0.0,0,51.2,0.0,0,Geely,galaxy M9,2025,new,Tax Paper,Unknown,Unknown,Unknown,,,Phnom Penh,store,1095229,Na Da LT AUTO,2026-06-30 11:04:31+07,2026-08-20 15:37:42.602977+07,2026-08-20 14:30:10+07
13728925,011 option 2 ក្នុងលឿង,14900.0,14900.0,0.0,0,0.0,0,47.0,0.0,0,Unknown,Unknown,2011,used,Tax Paper,Unknown,Unknown,Unknown,,,Phnom Penh,store,327598,Pisith Sith,2026-07-04 15:06:33+07,2026-08-20 15:37:35.452944+07,2026-08-20 15:06:02+07
13737064,8650$ S-Sports Full,8650.0,8650.0,0.0,0,0.0,0,43.6,0.0,0,Unknown,Unknown,2012,used,Tax Paper,Unknown,Unknown,Unknown,,,Phnom Penh,store,1076149,Lim Hok,2026-07-06 18:58:53+07,2026-08-19 09:48:19.538195+07,2026-08-19 09:24:24+07
13739204,ប្រម៉ូសិនកាន់តែពិសេស,26990.0,26990.0,0.0,0,0.0,0,44.2,0.0,0,Unknown,Unknown,2026,new,Tax Paper,Unknown,Unknown,Unknown,,,Phnom Penh,store,1300352,Chery Cambodia,2026-07-07 11:27:55+07,2026-08-20 15:37:38.102642+07,2026-08-20 15:00:08+07
13745327,2024 Jeep Wrangler 4xe,59500.0,59500.0,0.0,0,0.0,0,41.7,0.0,0,Jeep,Wrangler,2024,used,Tax Paper,Unknown,Unknown,Unknown,,,Phnom Penh,store,653568,Heng Auto Car,2026-07-08 17:30:22+07,2026-08-19 09:48:15.439497+07,2026-08-19 09:30:08+07
13748622,Tacoma 2013 ពណ៍ស្លែ ប៉ុង២ កាប់តាស់ ក្នុងលឿង,24500.0,24500.0,0.0,0,0.0,0,45.9,0.0,0,Toyota,Tacoma,2013,used,Tax Paper,Unknown,Unknown,Unknown,,,Phnom Penh,store,282605,ធានហ្វា លក់រថយន្ត,2026-07-09 14:05:29+07,2026-08-24 10:36:07.607243+07,2026-08-24 09:51:03+07
13750784,ឡានរៀបហើយស្អាតលក់ 4$$$ចចា,4700.0,4700.0,0.0,0,0.0,0,42.1,0.0,0,Unknown,Unknown,1998,used,Plate Number,Unknown,Unknown,Unknown,,,Kep,individual,875085,ម៉ៅ សេងលី,2026-07-10 06:53:01+07,2026-08-21 09:53:17.468924+07,2026-08-21 09:26:12+07
13750795,2011 option 2,14500.0,14500.0,0.0,0,0.0,0,40.1,0.0,0,Unknown,Unknown,2011,used,Plate Number,Unknown,Unknown,Unknown,,,Phnom Penh,individual,161793,Van Neng,2026-07-10 06:59:44+07,2026-08-19 09:48:11.443022+07,2026-08-19 09:25:54+07
13764689,កក់លឿន បានស្ដុកលឿនៗបងៗ,46500.0,46500.0,0.0,0,0.0,0,36.1,0.0,0,Unknown,Unknown,2027,new,Tax Paper,Unknown,Unknown,Unknown,,,Phnom Penh,store,333401,TOYOTA AWS ផ្នែកលក់រថយន្ដថ្មី ខ្លាញ់គោ,2026-07-13 16:05:47+07,2026-08-18 17:19:01.602264+07,2026-08-18 16:00:11+07
13768261,LEXUS_GS200T_2016_Full_Option,31000.0,31000.0,0.0,0,0.0,0,40.9,0.0,0,Lexus,GS200T,2016,used,Tax Paper,Unknown,Unknown,Unknown,,,Phnom Penh,store,477705,p-69466646,2026-07-14 13:19:27+07,2026-08-24 10:36:06.625889+07,2026-08-24 09:52:27+07
13770214,2020 wildtrak,34500.0,34500.0,0.0,0,0.0,0,37.5,0.0,0,Ford,Ranger Wildtrak,2020,used,Plate Number,Unknown,Unknown,Unknown,,,Phnom Penh,store,218855,អ៊ុំ​ ដន,2026-07-14 22:39:07+07,2026-08-21 09:53:26.238803+07,2026-08-21 09:11:01+07
13780056,ឡានលក់,21500.0,21500.0,0.0,0,0.0,0,31.1,0.0,0,Unknown,Unknown,2006,used,Plate Number,Unknown,Unknown,Unknown,,,Battambang,individual,358012,Vanak Chhun,2026-07-17 14:35:02+07,2026-08-17 15:51:04.487581+07,2026-08-17 14:40:23+07
13788558,Ford Mustang 2015 full Option,19300.0,19300.0,0.0,0,0.0,0,30.1,0.0,0,Ford,Mustang,2015,used,Plate Number,Unknown,Unknown,Unknown,,,Phnom Penh,store,633855,Lin da,2026-07-20 08:19:38+07,2026-08-19 09:48:03.341817+07,2026-08-19 09:45:17+07
13795631,Camry xle02,10200.0,10200.0,0.0,0,0.0,0,33.7,0.0,0,Toyota,Camry,2002,used,Plate Number,Unknown,Unknown,Unknown,,,Battambang,individual,1186261,Heng Heng,2026-07-21 18:13:36+07,2026-08-24 10:35:57.601318+07,2026-08-24 10:13:16+07
13804714,LEXUS 450017 F.Sport FULL OPTION ស្ពិចអាមេរិក,67800.0,67800.0,0.0,0,0.0,0,28.0,0.0,0,Lexus,450017 F Sport,2017,used,Tax Paper,Unknown,Unknown,Unknown,,,Kandal,individual,312810,ហុង ជី,2026-07-24 09:21:34+07,2026-08-21 09:53:11.224316+07,2026-08-21 09:38:46+07
13805282,Prius 2012 option 3,17800.0,17800.0,0.0,0,0.0,0,25.9,0.0,0,Toyota,Prius,2012,used,Tax Paper,Unknown,Unknown,Unknown,,,Phnom Penh,store,242346,Pen samborn,2026-07-24 11:09:10+07,2026-08-19 09:48:22.303899+07,2026-08-19 09:16:56+07
13806731,Fortuner 2008 សំរាប់លក់,17000.0,17000.0,0.0,0,0.0,0,27.0,0.0,0,Toyota,Fortuner,2008,used,Plate Number,Unknown,Unknown,Unknown,,,Kampot,individual,1102344,ឡានលក់,2026-07-24 16:04:37+07,2026-08-20 15:37:44.219088+07,2026-08-20 14:24:03+07
13815626,LEXUS ES300H Full Premium ឆ្នាំ 2013 ពណ៍សកាំម៉ៃ ក្នុងខ្មៅ,27500.0,27500.0,0.0,0,0.0,0,24.2,0.0,0,Lexus,ES300h,2013,used,Tax Paper,Unknown,Unknown,Unknown,,,Phnom Penh,store,337337,PT99 AUTO,2026-07-27 11:19:05+07,2026-08-20 15:37:32.53712+07,2026-08-20 15:05:13+07
13815784,០៤ពាក់កណ្តាល,7500.0,7500.0,0.0,0,0.0,0,24.2,0.0,0,Unknown,Unknown,2004,used,Plate Number,Unknown,Unknown,Unknown,,,Kampong Cham,store,335658,Den Oudam,2026-07-27 11:44:24+07,2026-08-20 15:37:35.452657+07,2026-08-20 15:06:02+07
13816788,លក់,12500.0,12500.0,0.0,0,0.0,0,22.8,0.0,0,Unknown,Unknown,2002,used,Plate Number,Unknown,Unknown,Unknown,,,Phnom Penh,individual,479415,OUDomdarith Nop,2026-07-27 15:00:15+07,2026-08-19 09:48:23.682026+07,2026-08-19 09:09:22+07
13828585,Lexus IS 200t 2016  Full F-sport ហ្សុីន,27500.0,27500.0,0.0,0,0.0,0,19.9,0.0,0,Lexus,IS 200t,2016,used,Plate Number,Unknown,Unknown,Unknown,,,Phnom Penh,store,578223,Siv Meng,2026-07-30 12:45:16+07,2026-08-19 09:48:22.300822+07,2026-08-19 09:17:41+07
13831884,MG RX8 2020 ថ្មីណាស់,26500.0,26500.0,0.0,0,0.0,0,24.0,0.0,0,MG,MG RX8,2020,used,Plate Number,Unknown,Unknown,Unknown,,,Siem Reap,store,298332,kheang Kheang,2026-07-31 09:31:02+07,2026-08-24 10:36:08.601393+07,2026-08-24 09:48:37+07
13833970,BMW M4 F82 (2015) ប្រភេទក្រដាស់ពន្ធ ឡានថ្មី​ លេងហើយម៉ាកប់  (សុីមាំងលេង និង Carbon),55000.0,55000.0,0.0,0,0.0,0,23.7,0.0,0,BMW,M4,2015,used,Tax Paper,Unknown,Unknown,Unknown,,,Phnom Penh,store,376549,Sara Vuth79,2026-07-31 17:02:48+07,2026-08-24 10:36:03.644366+07,2026-08-24 09:59:03+07
13838426,Tacoma ឆ្នាំ02 V6 លេខអូតូ ឡានស្អាត,10500.0,10500.0,0.0,0,0.0,0,22.0,0.0,0,Toyota,Tacoma,2002,used,Plate Number,Unknown,Unknown,Unknown,,,Phnom Penh,store,199223,តាហេងកូនភ្លោះ ទួលសង្កែ,2026-08-02 10:01:10+07,2026-08-24 10:35:50.606484+07,2026-08-24 09:16:30+07
13841636,TOYOTA BZ3X 610Max 2025,26800.0,26800.0,0.0,0,0.0,0,17.3,0.0,0,Toyota,BZ3X 610Max,2025,used,Plate Number,Unknown,Unknown,Unknown,,,Phnom Penh,store,1081857,Chealing You,2026-08-03 08:55:34+07,2026-08-20 15:37:49.860857+07,2026-08-20 14:16:24+07
13842113,TOYOTA ALPHARD 2012 FULL OPTION,23500.0,23500.0,0.0,0,0.0,0,18.0,0.0,0,Toyota,Alphard,2012,used,Tax Paper,Unknown,Unknown,Unknown,,,Phnom Penh,store,16134,ALPHARD កម្ពុជា ៦០១,2026-08-03 10:20:07+07,2026-08-21 09:53:27.391065+07,2026-08-21 09:09:02+07
13843699,Lexus 570 Supersport,95000.0,95000.0,0.0,0,0.0,0,17.8,0.0,0,Lexus,570 Supersport,2019,used,Plate Number,Unknown,Unknown,Unknown,,,Phnom Penh,store,1302331,DM Auto,2026-08-03 15:05:51+07,2026-08-21 09:53:12.553316+07,2026-08-21 09:31:26+07
13845091,Toyota Land Cruiser LC 300 GR Sport HEV 2026 full Option ថ្មីខ្លាញ់គោ,177900.0,177900.0,0.0,0,0.0,0,17.5,0.0,0,Toyota,Land Cruiser 300,2026,new,Tax Paper,Unknown,Unknown,Unknown,,,Phnom Penh,store,689152,89 Auto Car,2026-08-03 22:17:37+07,2026-08-21 09:53:24.913983+07,2026-08-21 09:13:04+07
13846544,Mazda EZ6 2025 full Options,27800.0,27800.0,0.0,0,0.0,0,14.3,0.0,0,Mazda,EZ6,2025,used,Plate Number,Unknown,Unknown,Unknown,,,Phnom Penh,store,340518,SP81,2026-08-04 11:13:46+07,2026-08-18 17:18:52.997731+07,2026-08-18 17:11:01+07
13851421,Mercedes-Benz C300 2015 AMG ម្ចាស់ដេីមទី1,23500.0,23500.0,0.0,0,0.0,0,15.8,0.0,0,Mercedes-Benz,C300,2015,used,Plate Number,Unknown,Unknown,Unknown,,,Phnom Penh,individual,1075419,Terence CH,2026-08-05 13:53:03+07,2026-08-21 09:53:11.223053+07,2026-08-21 09:39:55+07
13856544,Prius(2015)ឡានមហាថ្មីទើបមកដល់ហ៊ុយៗ,18888.0,18888.0,0.0,0,0.0,0,14.7,0.0,0,Toyota,Prius,2015,used,Tax Paper,Unknown,Unknown,Unknown,,,Phnom Penh,store,1064841,វេត ពូ,2026-08-06 16:55:23+07,2026-08-21 09:53:19.757299+07,2026-08-21 09:21:06+07
13856928,Toyota Raize 2026,22300.0,22300.0,0.0,0,0.0,0,13.8,0.0,0,Toyota,Raize,2026,new,Tax Paper,Unknown,Unknown,Unknown,,,Phnom Penh,store,1251582,Toyota Super Car,2026-08-06 19:16:50+07,2026-08-20 15:37:41.024876+07,2026-08-20 14:32:02+07
13865627,🔥Alphard010 អូតូទ្វារកៅអុីVIP ម៉ាស្សាថ្នាំសុីន90% ហ្គាសហេីយ💵 សាងរៀបខ្លួនឯង16xxx$,16300.0,16300.0,0.0,0,0.0,0,15.1,0.0,0,Kia,សហេីយ💵 សាងរៀបខ្លួនឯង16xxx$,2010,used,Plate Number,Unknown,Unknown,Unknown,,,Phnom Penh,store,459123,MCS AUTO 2,2026-08-09 09:01:45+07,2026-08-24 10:36:05.634864+07,2026-08-24 10:00:18+07
13867430,Jeep Wrangler Willys 4xe 2024 មេឡាន(Option ខ្ពស់),68500.0,68500.0,0.0,0,0.0,0,11.7,0.0,0,Jeep,Wrangler,2024,new,Tax Paper,Unknown,Unknown,Unknown,,,Phnom Penh,individual,325352,DoubleS,2026-08-09 17:44:28+07,2026-08-21 09:53:23.579165+07,2026-08-21 09:14:24+07
13868412,Prius Prime 2021 XLE,27000.0,27000.0,0.0,0,0.0,0,11.1,0.0,0,Toyota,Prius,2021,used,Tax Paper,Unknown,Unknown,Unknown,,,Phnom Penh,store,8583,So Vathana,2026-08-10 07:34:11+07,2026-08-21 09:53:27.390736+07,2026-08-21 09:09:09+07
13869172,Highlander 2001 V6 ប៉ុង2 | ឡានជិះផ្ទាល់ខ្លួន | ប្រញ៉ាប់លុយ | ពណ៌ស ក្នុងលឿង,12300.0,12700.0,400.0,1,0.0,0,14.0,0.0,0,Toyota,Highlander,2001,used,Plate Number,Unknown,Unknown,Unknown,,,Phnom Penh,individual,239727,Rith 05,2026-08-10 10:08:19+07,2026-08-24 10:35:51.604503+07,2026-08-23 07:47:43+07
13875145,រថយន្តមួយទឹក Li L6 Pro 2025 តួររថយន្តនៅថ្មីមួយជុំ មិនមានប្តវត្តិបុកប៉ះ ទឹកថ្នាំថ្មីមួយជុំ,39800.0,39800.0,0.0,0,0.0,0,7.0,0.0,0,Unknown,Unknown,2025,used,Plate Number,Unknown,Unknown,Unknown,,,Phnom Penh,store,1254427,Chhour Sivmey,2026-08-11 16:48:53+07,2026-08-18 17:18:56.719478+07,2026-08-18 16:48:37+07
13875170,ទើបកាត់ពីម្ចាស់ទី1 CHEVROLET COLORADO HIGHCOUNTRI ឆ្នាំ2020 ឡានក្រុមហ៊ុនទឹកធនាហ្យីនមួយជុំ ឡានស្អាត,27500.0,27500.0,0.0,0,0.0,0,8.9,0.0,0,Chevrolet,Colorado,2020,used,Plate Number,Unknown,Unknown,Unknown,,,Phnom Penh,store,1040247,VISAL Auto car,2026-08-11 16:54:33+07,2026-08-20 15:37:39.449858+07,2026-08-20 14:54:03+07
13878996,Lexus Rx350 F-Sport 2016 Full-Option,58800.0,58800.0,0.0,0,0.0,0,6.0,0.0,0,Lexus,RX350,2016,used,Plate Number,Unknown,Unknown,Unknown,,,Phnom Penh,store,798650,Pha AutoCars,2026-08-12 16:12:07+07,2026-08-18 17:19:00.458133+07,2026-08-18 16:12:03+07
13881626,បាឡែន XLE ឆ្នាំ2002 ឡានថ្មីម្ចាស់ដើម,9800.0,9800.0,0.0,0,0.0,0,5.9,0.0,0,Unknown,Unknown,2002,used,Plate Number,Unknown,Unknown,Unknown,,,Phnom Penh,individual,1054517,វាសនា គឹម,2026-08-13 11:30:43+07,2026-08-19 09:48:22.299601+07,2026-08-19 09:18:32+07
13881792,08 11700$,11700.0,11700.0,0.0,0,0.0,0,4.2,0.0,0,Unknown,Unknown,2008,used,Plate Number,Unknown,Unknown,Unknown,,,Phnom Penh,store,601351,Kheng Koemhean,2026-08-13 12:02:34+07,2026-08-17 15:50:52.094679+07,2026-08-13 12:02:34+07
13883243,Mercedes Benz GLC300 up GLC63 ក្រដាស់ព្ធឡានមូល,35500.0,35500.0,0.0,0,0.0,0,10.7,0.0,0,Mercedes-Benz,GLC300,2016,used,Tax Paper,Unknown,Unknown,Unknown,,,Phnom Penh,store,911954,DAP AUTO,2026-08-13 17:52:25+07,2026-08-24 10:35:58.601508+07,2026-08-24 10:03:04+07
13883536,CRV2002,5700.0,5700.0,0.0,0,0.0,0,6.8,0.0,0,Unknown,Unknown,2002,used,Plate Number,Unknown,Unknown,Unknown,,,Phnom Penh,individual,689521,YIN SOKMONY,2026-08-13 19:47:09+07,2026-08-20 15:37:23.596581+07,2026-08-20 07:43:07+07
13883816,រថយន្ដលក់,15500.0,15500.0,0.0,0,0.0,0,3.7,0.0,0,Unknown,Unknown,2005,used,Plate Number,Unknown,Unknown,Unknown,,,Phnom Penh,individual,676204,Yorn Phearak,2026-08-13 22:27:36+07,2026-08-17 15:51:03.59158+07,2026-08-17 14:42:10+07
13884338,🔥HyundaiStaria 2022VIP Lounge7កៅអុី ម្ចាស់ដេីមទិញខ្លាញ់គោ ប្រេីបាន6មុឺនគីឡូ,28800.0,28800.0,0.0,0,0.0,0,10.1,0.0,0,Unknown,Unknown,2022,used,Plate Number,Unknown,Unknown,Unknown,,,Phnom Penh,store,459645,MCS AUTO,2026-08-14 08:55:16+07,2026-08-24 10:36:01.62584+07,2026-08-24 10:00:18+07
13888964,Xiaomi Yu7 Max Second Hand,59000.0,59000.0,0.0,0,0.0,0,5.2,0.0,0,Unknown,Unknown,2025,used,Tax Paper,Unknown,Unknown,Unknown,,,Phnom Penh,store,859638,Lisa Tang,2026-08-15 11:08:04+07,2026-08-20 15:37:33.863173+07,2026-08-20 15:00:08+07
13889188,Leopard Ti 7 2026  4WD ultra,49800.0,49800.0,0.0,0,0.0,0,3.2,0.0,0,Unknown,Unknown,2026,new,Tax Paper,Unknown,Unknown,Unknown,,,Phnom Penh,store,1167246,Ok Auto,2026-08-15 11:47:52+07,2026-08-18 17:19:04.372424+07,2026-08-18 15:43:23+07
13889777,Li L6 Pro រថយន្តមួយទឹក 2025,39800.0,39800.0,0.0,0,0.0,0,5.0,0.0,0,Li Auto,Li L6,2025,used,Plate Number,Unknown,Unknown,Unknown,,,Phnom Penh,store,1022603,Reachny Vann,2026-08-15 14:34:53+07,2026-08-20 15:37:39.453317+07,2026-08-20 14:50:04+07
13890571,VOLVO XC60 T5 2018 – SUV ប្រណិត ស្អាត និងទាន់សម័យ   ឆ្នាំ 2018 ( 32500$) ចរចារបាន,32500.0,32500.0,0.0,0,0.0,0,8.7,0.0,0,Volvo,XC60,2018,used,Plate Number,Unknown,Unknown,Unknown,,,Phnom Penh,store,1161273,Choung Reaksmey,2026-08-15 18:38:31+07,2026-08-24 10:35:51.604503+07,2026-08-15 18:38:31+07
13892869,KIA Carnival 2020Fullឡានខ្លាញ់គោម្ចាស់ផ្ទាល់,23800.0,23800.0,0.0,0,0.0,0,1.1,0.0,0,Kia,Carnival,2020,used,Plate Number,Unknown,Unknown,Unknown,,,Phnom Penh,individual,445836,Srey Mao,2026-08-16 13:26:06+07,2026-08-17 15:51:08.297821+07,2026-08-17 14:20:19+07
13892882,Mini cooper countryman 011 ឡានស្អាត,8600.0,8600.0,0.0,0,0.0,0,4.9,0.0,0,MINI,cooper countryman 011,2011,used,Plate Number,Unknown,Unknown,Unknown,,,Phnom Penh,individual,274609,Bro Mab,2026-08-16 13:29:03+07,2026-08-21 09:53:18.607212+07,2026-08-21 09:29:08+07
13893333,Sale,3500.0,3500.0,0.0,0,0.0,0,4.0,0.0,0,Unknown,Unknown,1996,used,Tax Paper,Unknown,Unknown,Unknown,,,Phnom Penh,individual,554276,Mss Ratana,2026-08-16 15:34:56+07,2026-08-20 15:37:38.103207+07,2026-08-20 14:59:06+07
13893565,Kia Canival 2017 camera 360 bass JBL,19000.0,19000.0,0.0,0,0.0,0,7.7,0.0,0,Kia,Canival camera 360,2017,used,Plate Number,Unknown,Unknown,Unknown,,,Phnom Penh,individual,27992,chhiong tong,2026-08-16 16:46:50+07,2026-08-24 10:36:00.593812+07,2026-08-24 10:15:10+07
13896987,ឡានលក់ Camry LE 2002 ធានាឡានស្អាតអត់បុក ឯកសារគ្រប់ឡានរៀបចំរួចហើយតំលៃ10800$ចរចា 0966074444,10800.0,10800.0,0.0,0,0.0,0,0.1,0.0,0,Toyota,Camry,2002,used,Plate Number,Unknown,Unknown,Unknown,,,Phnom Penh,store,1207583,មឿង ខេមរា,2026-08-17 14:23:59+07,2026-08-17 15:51:08.281535+07,2026-08-17 14:23:59+07
13897011,Lexus RX330 ប៉ុង2,16500.0,16500.0,0.0,0,0.0,0,0.1,0.0,0,Lexus,RX330,2004,used,Tax Paper,Unknown,Unknown,Unknown,,,Kampong Cham,store,607482,បង លីន,2026-08-17 14:29:07+07,2026-08-17 15:51:06.452167+07,2026-08-17 14:29:07+07
13897068,BMW G80 M3 Sedan Competition M xDrive 2026,202000.0,202000.0,0.0,0,0.0,0,0.0,0.0,0,BMW,M3,2026,used,Tax Paper,Unknown,Unknown,Unknown,,,Phnom Penh,store,1041951,Dream Car ឌ្រីមខារ៍,2026-08-17 14:42:28+07,2026-08-17 15:51:03.584859+07,2026-08-17 14:42:28+07
13897070,ឡានលក់ Toyota Vanza 2010 V4 pong1 full option👉បើកតំបូល,19800.0,19800.0,0.0,0,0.0,0,0.0,0.0,0,Toyota,Vanza V4 pong1,2010,used,Plate Number,Unknown,Unknown,Unknown,,,Phnom Penh,store,387311,Long hay,2026-08-17 14:42:37+07,2026-08-17 15:51:03.584859+07,2026-08-17 14:42:37+07
13897169,ARCFOX KAOLA 2025 500km (极狐考拉) គឺជា MPV 5កៅអី អគ្គិសនី,18800.0,18800.0,0.0,0,0.0,0,0.0,0.0,0,Unknown,Unknown,2025,new,Tax Paper,Unknown,Unknown,Unknown,,,Phnom Penh,store,1254427,Chhour Sivmey,2026-08-17 15:00:38+07,2026-08-17 15:50:59.78686+07,2026-08-17 15:00:38+07
13897246,ត្រូវការលក់ឡានផ្ទាល់ខ្លួន,3350.0,3350.0,0.0,0,0.0,0,0.0,0.0,0,Unknown,Unknown,1998,used,Plate Number,Unknown,Unknown,Unknown,,,Phnom Penh,individual,301708,Rithy Love,2026-08-17 15:15:40+07,2026-08-17 15:50:55.889564+07,2026-08-17 15:15:40+07
13898250,Toyota Highlander,11500.0,11500.0,0.0,0,0.0,0,1.5,0.0,0,Toyota,Highlander,2001,used,Plate Number,Unknown,Unknown,Unknown,,,Phnom Penh,individual,162379,Chhay Kh,2026-08-17 20:42:07+07,2026-08-19 09:48:04.752561+07,2026-08-19 09:42:15+07
13898612,Lx600 2024 20000 km 95% 2xxxxx$ 015304260,208800.0,208800.0,0.0,0,0.0,0,1.4,0.0,0,Lexus,LX600,2024,used,Plate Number,Unknown,Unknown,Unknown,,,Phnom Penh,store,1194986,Daroth chea,2026-08-17 23:23:59+07,2026-08-19 09:47:57.912526+07,2026-08-19 07:23:11+07
13898767,ឡានលក់ឆ្នាំ07,13000.0,13000.0,0.0,0,0.0,0,1.3,0.0,0,Unknown,Unknown,2007,used,Plate Number,Unknown,Unknown,Unknown,,,Phnom Penh,individual,829664,sopord sos,2026-08-18 02:27:53+07,2026-08-19 09:47:57.912243+07,2026-08-18 02:27:53+07
13901284,Toyota Rush TA 2022,23900.0,23900.0,0.0,0,0.0,0,2.0,0.0,0,Toyota,Rush,2022,used,Plate Number,Unknown,Unknown,Unknown,,,Phnom Penh,store,772106,Sovannridh Toyota Plus,2026-08-18 15:20:34+07,2026-08-20 15:37:29.39516+07,2026-08-20 15:31:01+07
13901341,ឡានអគ្គីសនីសុទ្ធសាកមួយពេញជិះបាន 650km កំពុងតែពេញនិយមខ្លាំងម៉ាក AION i60,23200.0,23200.0,0.0,0,0.0,0,0.1,0.0,0,Unknown,Unknown,2026,new,Tax Paper,Unknown,Unknown,Unknown,,,Phnom Penh,individual,1321666,ម៉េង ហុង,2026-08-18 15:31:39+07,2026-08-18 17:19:07.206225+07,2026-08-18 15:31:39+07
13901437,Morning 09 5500$ចរចារ,5500.0,5500.0,0.0,0,0.0,0,0.1,0.0,0,Kia,Morning,2009,used,Plate Number,Unknown,Unknown,Unknown,,,Kampong Speu,individual,874536,Sokleap Ly,2026-08-18 15:47:55+07,2026-08-18 17:19:03.459664+07,2026-08-18 15:47:55+07
13903320,Highlander 2002 ប៉ុង1,12800.0,12800.0,0.0,0,0.0,0,0.0,0.0,0,Toyota,Highlander,2002,used,Plate Number,Unknown,Unknown,Unknown,,,Phnom Penh,store,432672,Phary Sakna,2026-08-19 09:10:24+07,2026-08-19 09:48:23.679015+07,2026-08-19 09:10:24+07
13903441,Toyota Prius 2012 option 3 ទេីបតែចូលស្តុកថ្មី តម្លៃល្អ បង់រំលស់សិក្សា១៥នាទីដកឡាន,17500.0,17500.0,0.0,0,0.0,0,0.0,0.0,0,Toyota,Prius,2012,used,Tax Paper,Unknown,Unknown,Unknown,,,Phnom Penh,store,1183821,ឃ្លាំងលក់រថយន្ត KM.S ( Phalla ),2026-08-19 09:32:55+07,2026-08-19 09:48:06.124079+07,2026-08-19 09:32:55+07
13903442,ឡានលក់ប្រញ៉ាប់លុយទឹកថ្នាំហ្សុីនមួយជុំឆ្នាំ 2000,10500.0,10500.0,0.0,0,0.0,0,0.0,0.0,0,Unknown,Unknown,2000,used,Plate Number,Unknown,Unknown,Unknown,,,Kandal,individual,1321937,សេងតុង អុី,2026-08-19 09:33:09+07,2026-08-19 09:48:08.836301+07,2026-08-19 09:33:09+07
13905680,Mazda EZ60 Option 2 2025,30500.0,30500.0,0.0,0,0.0,0,1.6,0.0,0,Mazda,EZ60,2025,used,Plate Number,Unknown,Unknown,Unknown,,,Phnom Penh,individual,195035,សាហារ៉ា,2026-08-19 18:34:42+07,2026-08-21 09:53:17.468545+07,2026-08-21 09:26:17+07
13907300,Fortuner,39000.0,39000.0,0.0,0,0.0,0,1.0,0.0,0,Toyota,Fortuner,2020,used,Plate Number,Unknown,Unknown,Unknown,,,Phnom Penh,store,322666,Bong Chea Heng shop,2026-08-20 10:41:59+07,2026-08-21 09:53:18.610329+07,2026-08-21 09:28:24+07
13907648,FORTHING 2022,19000.0,19000.0,0.0,0,0.0,0,4.0,0.0,0,Unknown,Unknown,2022,used,Plate Number,Unknown,Unknown,Unknown,,,Phnom Penh,individual,544420,Random Run,2026-08-20 11:38:47+07,2026-08-24 10:35:51.602503+07,2026-08-20 11:38:47+07
13908531,"💰តម្លៃពិសេស $25,500 សម្រាប់តែ 2 គ្រឿងប៉ុណ្ណោះ✨ 🚐",25500.0,25500.0,0.0,0,0.0,0,0.0,0.0,0,Unknown,Unknown,2026,new,Tax Paper,Unknown,Unknown,Unknown,,,Phnom Penh,store,1318106,Auto Mall,2026-08-20 14:48:58+07,2026-08-20 15:37:39.455506+07,2026-08-20 14:48:58+07
13908794,ឡានលក់ម៉ាកតូចតារ៉ៃឡាន ឆ្នាំ024 ប្រភេទខ្លាញ់គោម្ចាស់ដើមឡាននៅថ្មីខ្លាំង។ហ្វ្រីនមួយជុំ។,18200.0,18200.0,0.0,0,0.0,0,0.8,0.0,0,Unknown,Unknown,2024,used,Plate Number,Unknown,Unknown,Unknown,,,Kampong Cham,individual,1061249,សក្តា ម៉ឺន,2026-08-20 15:51:52+07,2026-08-21 09:53:12.552737+07,2026-08-21 09:31:40+07
13909458,ឡានលក់03លីមីតធីតហ្វូលពេញ,13800.0,13800.0,0.0,0,0.0,0,3.6,0.0,0,Unknown,Unknown,2003,used,Plate Number,Unknown,Unknown,Unknown,,,Phnom Penh,store,137900,LOKSICHHOR,2026-08-20 20:13:36+07,2026-08-24 10:35:57.603407+07,2026-08-24 10:11:55+07
13918360,MAZDA BT50 2019 ម៉ាសុីនធំ 3.2 ឡានស្អាត,27500.0,27500.0,0.0,0,0.0,0,0.9,0.0,0,Mazda,BT50 ម៉ាសុីនធំ 3,2019,used,Tax Paper,Unknown,Unknown,Unknown,,,Siem Reap,store,396769,sour Sok Kouch,2026-08-23 12:17:58+07,2026-08-24 10:35:59.609109+07,2026-08-24 10:17:52+07
13921323,Prius 010 opt3 solar JBL,17500.0,17500.0,0.0,0,0.0,0,0.0,0.0,0,Toyota,Prius,2010,used,Tax Paper,Unknown,Unknown,Unknown,,,Phnom Penh,store,190126,Mony Ratha,2026-08-24 09:58:08+07,2026-08-24 10:36:03.654052+07,2026-08-24 09:58:08+07
13199353,រថយន្តដឹកទំនិញ JMC Carrying មានគ្រប់ខ្នាតចាប់ពី 1.5តោន ដល់6.5តោន,23900.0,23900.0,0.0,0,0.0,0,179.8,0.0,0,Unknown,Unknown,2026,new,Tax Paper,Unknown,Unknown,Unknown,,,Phnom Penh,store,248528,JMC JMC,2026-02-19 22:03:57+07,2026-08-18 17:18:55.822877+07,2026-08-18 16:58:17+07
13208042,BMW IX1 xDrive30L 2024 EV,35800.0,35800.0,0.0,0,0.0,0,180.0,0.0,0,BMW,IX1 xDrive30L EV,2024,new,Tax Paper,Unknown,Unknown,Unknown,,,Phnom Penh,store,475016,ITH RATHANA,2026-02-22 09:07:57+07,2026-08-21 09:53:26.242186+07,2026-08-21 09:10:05+07
13220424,TOYOTA PRIUS ឆ្នាំ010 Option3,15800.0,15800.0,0.0,0,0.0,0,174.3,0.0,0,Toyota,Prius,2010,used,Plate Number,Unknown,Unknown,Unknown,,,Phnom Penh,store,1227067,Sömāly Ūñ,2026-02-25 10:17:13+07,2026-08-18 17:18:57.649847+07,2026-08-18 16:30:08+07
13243267,JMC GRAND AVENUE PRO,45900.0,45900.0,0.0,0,0.0,0,168.3,0.0,0,Unknown,Unknown,2026,new,Tax Paper,Unknown,Unknown,Unknown,,,Phnom Penh,store,248528,JMC JMC,2026-03-03 09:51:23+07,2026-08-18 17:18:55.820733+07,2026-08-18 16:58:18+07
13250632,Car for sale,8199.0,8199.0,0.0,0,0.0,0,167.5,0.0,0,Unknown,Unknown,2005,used,Plate Number,Unknown,Unknown,Unknown,,,Phnom Penh,individual,1102829,ជូរ កុកគួង,2026-03-04 20:49:40+07,2026-08-19 09:48:11.442436+07,2026-08-19 09:26:07+07
13257849,chenglong,65999.0,65999.0,0.0,0,0.0,0,167.7,0.0,0,Unknown,Unknown,2025,new,Tax Paper,Unknown,Unknown,Unknown,,,Phnom Penh,store,1070674,Manny Nhor,2026-03-06 16:43:35+07,2026-08-21 09:53:16.323651+07,2026-08-21 09:30:12+07
13275050,BRABUS C63 B40 600HP ( BRABUS C63 B40 600马力 ),108000.0,108000.0,0.0,0,0.0,0,162.2,0.0,0,Mercedes-Benz,C63,2016,used,Tax Paper,Unknown,Unknown,Unknown,,,Phnom Penh,store,1008710,HAWON AUTOCAR,2026-03-11 09:55:11+07,2026-08-20 15:37:27.816431+07,2026-08-20 15:24:02+07
13279586,2013 Lexus CT200h (Full Premium),20000.0,20000.0,0.0,0,0.0,0,158.2,0.0,0,Lexus,CT200h,2013,used,Plate Number,Unknown,Unknown,Unknown,,,Phnom Penh,individual,267096,Pheng Auto,2026-03-12 11:10:00+07,2026-08-17 15:50:53.030241+07,2026-08-17 15:36:34+07
13290207,LS460L 2007សាង  ឡានម្ចាស់ដើមទិញខ្លាញ់គោ,18000.0,18000.0,0.0,0,0.0,0,162.5,0.0,0,Unknown,Unknown,2007,used,Plate Number,Unknown,Unknown,Unknown,,,Phnom Penh,store,131729,BUNDITH AUTO,2026-03-14 22:32:24+07,2026-08-24 10:35:50.606484+07,2026-08-24 08:01:03+07
13293456,Hilux Tiger 2002 ប្រភេទឡានស្អាតនៅំណុំដេីម 90% ប្រេីតែមួយម្ចាស់គត់,12222.0,12222.0,0.0,0,0.0,0,156.5,0.0,0,Toyota,Hilux,2002,used,Plate Number,Unknown,Unknown,Unknown,,,Phnom Penh,individual,412174,Pha Tat,2026-03-15 20:54:43+07,2026-08-19 09:48:03.344587+07,2026-08-19 09:44:50+07
13328831,Prius 07 full Touring,10400.0,10400.0,0.0,0,0.0,0,147.3,0.0,0,Toyota,Prius,2007,used,Plate Number,Unknown,Unknown,Unknown,,,Phnom Penh,store,530931,MoLy Van,2026-03-24 10:14:04+07,2026-08-18 17:19:01.601605+07,2026-08-18 16:00:11+07
13337458,Ford Raptor 2023 ឡានថ្មីហ្សិនម៉ាជុំ តំលៃ61000$ចចារ,61000.0,61000.0,0.0,0,0.0,0,147.2,0.0,0,Ford,Ranger Raptor,2023,used,Plate Number,Unknown,Unknown,Unknown,,,Phnom Penh,store,776974,Mr Car PR,2026-03-26 10:54:08+07,2026-08-20 15:37:45.567686+07,2026-08-20 14:28:03+07
13338627,Ford Everest 2018 ខ្លាញ់គោ ឡានស្អាត តំលៃ33500ចចារ,33500.0,33500.0,0.0,0,0.0,0,147.1,0.0,0,Ford,Everest,2018,used,Plate Number,Unknown,Unknown,Unknown,,,Phnom Penh,store,776974,Mr Car PR,2026-03-26 14:25:20+07,2026-08-20 15:37:44.217496+07,2026-08-20 14:25:06+07
13346385,Fortuner Legender Premium Silver Metallic Top Option,47000.0,47000.0,0.0,0,0.0,0,148.8,0.0,0,Toyota,Fortuner,2022,used,Plate Number,Unknown,Unknown,Unknown,,,Phnom Penh,individual,1279895,096678 6678,2026-03-28 15:35:46+07,2026-08-24 10:35:57.602632+07,2026-08-24 10:12:48+07
13346876,Neta Aya,14000.0,14000.0,0.0,0,0.0,0,144.9,0.0,0,Unknown,Unknown,2024,new,Tax Paper,Unknown,Unknown,Unknown,,,Phnom Penh,store,783260,Raksa Seab,2026-03-28 17:52:23+07,2026-08-20 15:37:33.864723+07,2026-08-20 15:00:08+07
13363652,Toyota Prius 08 h full,11388.0,11388.0,0.0,0,0.0,0,141.0,0.0,0,Toyota,Prius,2008,used,Plate Number,Unknown,Unknown,Unknown,,,Phnom Penh,store,536355,3885 Auto Car,2026-04-02 09:28:51+07,2026-08-21 09:53:23.574725+07,2026-08-21 09:15:04+07
13372825,Lexus RX450h Full Option តម្លៃ $27000,27000.0,27000.0,0.0,0,0.0,0,141.9,0.0,0,Lexus,RX450h,2010,used,Plate Number,Unknown,Unknown,Unknown,,,Phnom Penh,store,195713,Sale,2026-04-04 12:04:33+07,2026-08-24 10:35:53.577764+07,2026-08-24 10:22:58+07
13389686,Lexus 470 ឆ្នាំផលិត 2007 ជាប្រភេទមេឡាន,19000.0,19000.0,0.0,0,0.0,0,132.7,0.0,0,Lexus,470 ឆ្នាំផលិត ជាប្រភេទមេឡាន,2007,used,Plate Number,Unknown,Unknown,Unknown,,,Preah Sihanouk,individual,305088,TORNG,2026-04-08 16:50:19+07,2026-08-19 09:48:08.835762+07,2026-08-19 09:33:14+07
13437678,JMC TOURING EV ដឹកទំនិញថ្មី,23400.0,23400.0,0.0,0,0.0,0,116.0,0.0,0,Unknown,Unknown,2026,new,Tax Paper,Unknown,Unknown,Unknown,,,Phnom Penh,store,248528,JMC JMC,2026-04-24 17:06:46+07,2026-08-18 17:18:55.819594+07,2026-08-18 16:58:23+07
13444043,JMC GRAND AVENUE PRO ស៊េរីឆ្នាំ 2026,45900.0,45900.0,0.0,0,0.0,0,114.2,0.0,0,Unknown,Unknown,2026,new,Tax Paper,Unknown,Unknown,Unknown,,,Phnom Penh,store,248528,JMC JMC,2026-04-26 11:45:31+07,2026-08-18 17:18:55.820733+07,2026-08-18 16:58:18+07
13453730,S400 2015 ឡើង សេរី Maybach 2020 លក់ ម្ចាស់ដើម,36666.0,36666.0,0.0,0,0.0,0,113.9,0.0,0,Mercedes-Benz,S400,2015,used,Plate Number,Unknown,Unknown,Unknown,,,Phnom Penh,store,438645,Heng Han,2026-04-28 17:22:36+07,2026-08-20 15:37:46.963691+07,2026-08-20 14:22:02+07
13481621,Kai Carnival 2019 full option ឡានថ្មីក្រុមហ៊ុន,24500.0,24500.0,0.0,0,0.0,0,104.4,0.0,0,Kia,Carnival,2019,used,Plate Number,Unknown,Unknown,Unknown,,,Kandal,store,257475,CMC,2026-05-06 07:27:45+07,2026-08-18 17:18:58.596107+07,2026-08-18 16:28:03+07
13489001,Venue 2026,21600.0,21600.0,0.0,0,0.0,0,105.0,0.0,0,Hyundai,Venue,2026,new,Tax Paper,Unknown,Unknown,Unknown,,,Phnom Penh,store,477448,Va Seanghor,2026-05-07 16:44:38+07,2026-08-20 15:37:29.393493+07,2026-08-20 15:31:48+07
13493999,"S400L 2015 លក់ 41,000 ចចារ",41000.0,41000.0,0.0,0,0.0,0,103.8,0.0,0,Unknown,Unknown,2015,used,Plate Number,Unknown,Unknown,Unknown,,,Phnom Penh,store,729792,TN TN,2026-05-08 20:00:48+07,2026-08-20 15:37:39.447053+07,2026-08-20 14:57:03+07
13516792,លក់រថយន្តជិះផ្ទាល់ខ្លួន RX 300 ឆ្នាំ 01 P2,8500.0,8500.0,0.0,0,0.0,0,96.8,0.0,0,Unknown,Unknown,2001,used,Plate Number,Unknown,Unknown,Unknown,,,Phnom Penh,individual,1131364,Na Ra,2026-05-14 13:29:31+07,2026-08-19 09:48:01.897166+07,2026-08-19 09:47:04+07
13519847,2014 Land Cruiser GXR V8 Full Option,53000.0,53000.0,0.0,0,0.0,0,98.0,0.0,0,Toyota,Land Cruiser,2014,used,Plate Number,Unknown,Unknown,Unknown,,,Phnom Penh,store,245403,H99 Auto,2026-05-15 10:13:34+07,2026-08-21 09:53:11.212917+07,2026-08-21 09:40:05+07
13547719,Lexus Nx200t 2016 F-Sport ក្នុងក្រហម គុជ៣ ប៉ុង២ ៥ប៊ូតុង,39500.0,39500.0,0.0,0,0.0,0,88.1,0.0,0,Lexus,NX200t,2016,used,Tax Paper,Unknown,Unknown,Unknown,,,Phnom Penh,store,422324,S898 Auto Dealer,2026-05-21 12:59:21+07,2026-08-17 15:51:05.461441+07,2026-08-17 14:35:04+07
13551124,Nissan ចង្កូតឆ្វេង,2999.0,2999.0,0.0,0,0.0,0,94.0,0.0,0,Nissan,ចង្កូតឆ្វេង,1994,used,Plate Number,Unknown,Unknown,Unknown,,,Siem Reap,individual,302452,កខគ ABC,2026-05-22 09:39:48+07,2026-08-24 10:35:49.617808+07,2026-08-21 19:28:18+07
13553462,Ford fiesta 2015ឡានថ្មីខ្លាំង,8900.0,8900.0,0.0,0,0.0,0,88.0,0.0,0,Ford,fiesta 2015ឡានថ្មីខ្លាំង,2015,used,Plate Number,Unknown,Unknown,Unknown,,,Phnom Penh,individual,1050600,ញ៉ ពិសិទ្ធ,2026-05-22 16:21:36+07,2026-08-18 17:19:03.459664+07,2026-08-18 15:49:26+07
13564754,Avatr 11 Special Edition,47000.0,47000.0,0.0,0,0.0,0,87.0,0.0,0,Avatr,Avatr 11,2025,new,Tax Paper,Unknown,Unknown,Unknown,,,Phnom Penh,store,15488,NK AUTO,2026-05-25 15:06:35+07,2026-08-20 15:37:33.865692+07,2026-08-20 15:00:08+07
13572337,ទើបមកដល់ថ្មី,38800.0,38800.0,0.0,0,0.0,0,83.3,0.0,0,Unknown,Unknown,2013,used,Tax Paper,Unknown,Unknown,Unknown,,,Phnom Penh,store,149907,Vincent kou,2026-05-27 10:36:08+07,2026-08-18 17:18:54.870805+07,2026-08-18 17:00:06+07
13580929,Aion i60 EV Advance Edition 2026,23200.0,23200.0,0.0,0,0.0,0,83.2,0.0,0,GAC,i60 EV Advance,2026,new,Tax Paper,Unknown,Unknown,Unknown,,,Phnom Penh,store,1286497,litianze li,2026-05-29 10:04:33+07,2026-08-20 15:37:46.962132+07,2026-08-20 14:22:51+07
13588466,Lexus LX600 2023 F-Sport ស ក្នុង ក្រហម USA Spec ប្រើបាន 4800Miles New Tax,186000.0,186000.0,0.0,0,0.0,0,85.0,0.0,0,Lexus,LX600,2023,used,Tax Paper,Unknown,Unknown,Unknown,,,Phnom Penh,store,91015,sokleap sour,2026-05-31 09:48:31+07,2026-08-24 10:36:06.631091+07,2026-08-24 09:51:03+07
13598295,Tesla model Y 2026 long rang,46500.0,46500.0,0.0,0,0.0,0,77.1,0.0,0,Tesla,Model Y,2026,used,Tax Paper,Unknown,Unknown,Unknown,,,Phnom Penh,store,300701,So Phearom,2026-06-02 15:50:00+07,2026-08-18 17:18:52.997731+07,2026-08-18 17:09:04+07
13603454,🔥BMW740I 011V6សាំង តួវែងថ្នាំសុីនមួយជុំ ម៉ាសុីនប្រអប់លេខអ៊ែម បេីកដំបូលក្នុងការ៉ុត,16800.0,16800.0,0.0,0,0.0,0,81.7,0.0,0,Unknown,Unknown,2011,used,Plate Number,Unknown,Unknown,Unknown,,,Phnom Penh,store,459123,MCS AUTO 2,2026-06-03 18:56:31+07,2026-08-24 10:36:01.62584+07,2026-08-24 10:00:18+07
13605128,BMW IX1 xDrive30L 2024 EV,35800.0,35800.0,0.0,0,0.0,0,75.3,0.0,0,BMW,IX1 xDrive30L EV,2024,new,Tax Paper,Unknown,Unknown,Unknown,,,Phnom Penh,store,475016,ITH RATHANA,2026-06-04 09:47:12+07,2026-08-18 17:19:08.121567+07,2026-08-18 15:29:51+07
13614577,Lexus RX300 លក់បន្ទាន់ អ្នកប្រើផ្ទាល់,8500.0,8500.0,0.0,0,0.0,0,75.9,0.0,0,Lexus,RX300,2000,used,Plate Number,Unknown,Unknown,Unknown,,,Siem Reap,store,1022793,Bun Sak,2026-06-06 12:53:29+07,2026-08-21 09:53:12.547779+07,2026-08-21 09:33:03+07
13623913,2025年LX700h～7座,250000.0,250000.0,0.0,0,0.0,0,70.8,0.0,0,Unknown,Unknown,2025,new,Tax Paper,Unknown,Unknown,Unknown,,,Preah Sihanouk,store,1048060,CSAuto Bing,2026-06-08 21:17:08+07,2026-08-18 17:19:04.370366+07,2026-08-18 15:44:20+07
13625346,99 S pong អត់បុកប៉ះ,4550.0,4550.0,0.0,0,0.0,0,72.2,0.0,0,Unknown,Unknown,1999,used,Plate Number,Unknown,Unknown,Unknown,,,Phnom Penh,individual,562016,Lim K h y hong,2026-06-09 10:33:51+07,2026-08-20 15:37:29.395713+07,2026-08-20 15:30:26+07
13644254,Ford Ranger Wildtrak 2021 សុីនមួយជុំ,38888.0,38888.0,0.0,0,0.0,0,68.8,0.0,0,Ford,Ranger Wildtrak,2021,used,Plate Number,Unknown,Unknown,Unknown,,,Phnom Penh,store,536355,3885 Auto Car,2026-06-13 15:27:51+07,2026-08-21 09:53:18.609062+07,2026-08-21 09:29:03+07
13648044,ចង់លក់រថយន្តជិះផ្ទាល់ខ្លួន 2019,25500.0,25500.0,0.0,0,0.0,0,67.7,0.0,0,Unknown,Unknown,2019,used,Plate Number,Unknown,Unknown,Unknown,,,Koh Kong,individual,797832,Sean,2026-06-14 17:57:47+07,2026-08-21 09:53:19.755528+07,2026-08-21 09:22:08+07
13649700,VIP 2025,165000.0,165000.0,0.0,0,0.0,0,70.0,0.0,0,Unknown,Unknown,2025,new,Tax Paper,Unknown,Unknown,Unknown,,,Phnom Penh,store,678262,បាក់ទូក,2026-06-15 09:56:48+07,2026-08-24 10:36:04.652488+07,2026-08-24 09:58:02+07
13651155,CT 200H. 013  S P full 17500,17500.0,17500.0,0.0,0,0.0,0,66.1,0.0,0,Lexus,CT 200H,2012,used,Plate Number,Unknown,Unknown,Unknown,,,Phnom Penh,store,815876,Sombo Heng,2026-06-15 13:58:54+07,2026-08-20 15:37:41.025217+07,2026-08-20 14:31:24+07
13658764,Aion i60 EV Advance Edition 2026,22800.0,22800.0,0.0,0,0.0,0,64.2,0.0,0,GAC,i60 EV Advance,2026,new,Tax Paper,Unknown,Unknown,Unknown,,,Phnom Penh,store,1286497,litianze li,2026-06-17 11:11:45+07,2026-08-20 15:37:48.537955+07,2026-08-20 14:22:59+07
13670912,លក់ដូរសារី,15500.0,15500.0,0.0,0,0.0,0,60.0,0.0,0,Unknown,Unknown,2008,used,Plate Number,Unknown,Unknown,Unknown,,,Battambang,individual,1011594,លី ផេង,2026-06-20 10:29:53+07,2026-08-19 09:48:04.754054+07,2026-08-19 09:41:48+07
13681013,ឡានលក់ម្ចាស់ផ្ទាល់,10500.0,10500.0,0.0,0,0.0,0,55.8,0.0,0,Unknown,Unknown,2006,used,Plate Number,Unknown,Unknown,Unknown,,,Kandal,individual,396466,Da Da Love,2026-06-22 20:44:40+07,2026-08-17 15:50:55.86258+07,2026-08-17 15:18:26+07
13690090,MAZDA CX8 2025 full options,37500.0,37500.0,0.0,0,0.0,0,55.0,0.0,0,Mazda,CX8,2025,used,Plate Number,Unknown,Unknown,Unknown,,,Phnom Penh,store,262222,Ken Ken,2026-06-24 16:39:29+07,2026-08-18 17:18:54.870805+07,2026-08-18 17:00:06+07
13693386,Leopard Tai 7 Ultra 2026 (BYD Fangchengbao / Leopard 7 Ultra),52600.0,52600.0,0.0,0,0.0,0,54.1,0.0,0,BYD,Fangchengbao / Leopard,2026,new,Tax Paper,Unknown,Unknown,Unknown,,,Phnom Penh,store,1254427,Chhour Sivmey,2026-06-25 13:57:16+07,2026-08-18 17:18:56.72048+07,2026-08-18 16:48:15+07
13693404,"2020 Mazda ម៉ាស៊ីនធំ 3.2L Diesel, Thunder option",27800.0,27800.0,0.0,0,0.0,0,56.1,0.0,0,Mazda,ម៉ាស៊ីនធំ 3 2L,2020,used,Plate Number,Unknown,Unknown,Unknown,,,Phnom Penh,store,880699,អ៊ុក ចាន់វាសនា,2026-06-25 14:00:58+07,2026-08-20 15:37:27.817887+07,2026-08-20 15:22:02+07
13705460,Lexus Ls500 F-Sport 2018 Full-Options,86000.0,86000.0,0.0,0,0.0,0,53.8,0.0,0,Lexus,LS500,2018,used,Plate Number,Unknown,Unknown,Unknown,,,Phnom Penh,store,798650,Pha AutoCars,2026-06-28 15:23:42+07,2026-08-21 09:53:19.760356+07,2026-08-21 09:20:03+07
13708127,Hyundai Staria VIP 7seats Top Options,42800.0,42800.0,0.0,0,0.0,0,52.9,0.0,0,Hyundai,Staria,2022,used,Plate Number,Unknown,Unknown,Unknown,,,Phnom Penh,store,798650,Pha AutoCars,2026-06-29 11:55:25+07,2026-08-21 09:53:19.760448+07,2026-08-21 09:20:03+07
13712352,ម្ចាស់ផ្ទាល់JEEP Wrangler Sahara ឆ្នាំ 2019,37000.0,37000.0,0.0,0,0.0,0,49.2,0.0,0,Jeep,Wrangler Sahara,2019,used,Plate Number,Unknown,Unknown,Unknown,,,Phnom Penh,individual,457709,pitou pitou3333,2026-06-30 12:38:59+07,2026-08-18 17:18:56.719478+07,2026-08-18 16:48:29+07
13714198,តម្លៃសាង​ 2012 Kia Ray Full options ឡានក្រដាសពន្ធ,8800.0,8800.0,0.0,0,0.0,0,47.8,0.0,0,Kia,Ray,2014,used,Tax Paper,Unknown,Unknown,Unknown,,,Phnom Penh,individual,1172378,www.reachautoimport.com,2026-06-30 20:25:09+07,2026-08-17 15:50:50.16393+07,2026-06-30 20:25:09+07
13715181,GN8 2026 Master Full អេក្រង់4 អេក្រង់អង់គ្លេស,55500.0,55500.0,0.0,0,0.0,0,51.0,0.0,0,GAC,GN8,2026,new,Tax Paper,Unknown,Unknown,Unknown,,,Phnom Penh,store,436824,NTN99 AUTO SHOP,2026-07-01 08:58:33+07,2026-08-21 09:53:13.858287+07,2026-08-21 09:34:03+07
13734311,Lx570 2012 ឡើង2015គ្រឿងហ្សីន,52900.0,52900.0,0.0,0,0.0,0,42.2,0.0,0,Lexus,LX570,2012,used,Plate Number,Unknown,Unknown,Unknown,,,Phnom Penh,store,388346,p-10365366,2026-07-06 09:59:26+07,2026-08-17 15:51:03.584859+07,2026-08-17 14:43:01+07
13734984,មហាថ្មី Triton 2019 full កាម៉េរ៉ា360,28300.0,28300.0,0.0,0,0.0,0,43.2,0.0,0,Mitsubishi,Triton,2019,used,Plate Number,Unknown,Unknown,Unknown,,,Phnom Penh,store,629076,ហ៊ា ហេង,2026-07-06 11:37:15+07,2026-08-18 17:19:01.598598+07,2026-08-18 16:05:04+07
13742070,Porche panamera តម្លៃ ចុះជូនបានទៀត,83500.0,83500.0,0.0,0,0.0,0,41.7,0.0,0,Porsche,Panamera,2017,used,Tax Paper,Unknown,Unknown,Unknown,,,Phnom Penh,store,371744,Premium auto,2026-07-08 01:11:55+07,2026-08-18 17:18:59.540992+07,2026-08-18 16:19:22+07
13745622,"Toyota Land Cruiser , Arab 2018 , V6 សាំង​ , Full អត់​បាញ់​ថ្នាំ​",75500.0,75500.0,0.0,0,0.0,0,40.9,0.0,0,Toyota,Land Cruiser,2018,used,Plate Number,Unknown,Unknown,Unknown,,,Phnom Penh,store,354084,ThyNa Car Seat,2026-07-08 19:03:29+07,2026-08-18 17:18:57.645838+07,2026-08-18 16:36:31+07
13745649,BYD Atto3 2023 ( Yuan Plus ),19000.0,19000.0,0.0,0,0.0,0,40.9,0.0,0,BYD,Yuan Plus,2023,used,Plate Number,Unknown,Unknown,Unknown,,,Phnom Penh,individual,439729,Meng Hak,2026-07-08 19:13:51+07,2026-08-18 17:19:04.372424+07,2026-08-18 15:44:08+07
13746868,County 2027,69900.0,69900.0,0.0,0,0.0,0,42.3,0.0,0,Unknown,Unknown,2027,new,Tax Paper,Unknown,Unknown,Unknown,,,Phnom Penh,store,477448,Va Seanghor,2026-07-09 08:48:21+07,2026-08-20 15:37:29.394808+07,2026-08-20 15:31:36+07
13746919,GAC GS8 2025 full option,39800.0,39800.0,0.0,0,0.0,0,43.0,0.0,0,GAC,GS8,2025,new,Tax Paper,Unknown,Unknown,Unknown,,,Phnom Penh,store,475016,ITH RATHANA,2026-07-09 08:57:18+07,2026-08-21 09:53:23.574277+07,2026-08-21 09:16:02+07
13752975,Hilux Travo Vedition 2027,45900.0,45900.0,0.0,0,0.0,0,39.1,0.0,0,Toyota,Hilux,2027,new,Tax Paper,Unknown,Unknown,Unknown,,,Phnom Penh,store,1260442,Toyota Hilux Travo,2026-07-10 14:34:55+07,2026-08-18 17:18:53.941945+07,2026-08-18 17:00:06+07
13753044,Lexus RX 300 ឆ្នាំ 1999 ប៉ុង១,8195.0,8195.0,0.0,0,0.0,0,39.1,0.0,0,Lexus,RX 300 ឆ្នាំ,1999,used,Plate Number,Unknown,Unknown,Unknown,,,Phnom Penh,individual,168118,ឡុង នរិន្ទ,2026-07-10 14:46:05+07,2026-08-18 17:18:59.540261+07,2026-08-18 16:19:50+07
13759366,Prius015ឡានខ្ចៅខ្ចង់ថ្មីអត់បុកអត់ប៉ះអត់ច្រះឡានរៀបចំរួចហើយ។,19200.0,19200.0,0.0,0,0.0,0,38.0,0.0,0,Unknown,Unknown,2015,used,Tax Paper,Unknown,Unknown,Unknown,,,Phnom Penh,store,561963,តាំងសុខឃាង ឃ្លាំងឡាន,2026-07-12 09:39:27+07,2026-08-19 09:48:04.754665+07,2026-08-19 09:41:44+07
13762493,PRUIS 2010 ក្រដាសពន្ធ,17998.0,17998.0,0.0,0,0.0,0,39.0,0.0,0,Toyota,Prius,2010,used,Tax Paper,Unknown,Unknown,Unknown,,,Phnom Penh,individual,477823,vannak ngeth,2026-07-13 09:03:47+07,2026-08-21 09:53:17.469962+07,2026-08-21 09:25:46+07
13769027,​2012 Mini Countryman Cooper S,17500.0,17500.0,0.0,0,0.0,0,37.8,0.0,0,MINI,Countryman Cooper S,2012,used,Tax Paper,Unknown,Unknown,Unknown,,,Phnom Penh,store,188161,MH Car,2026-07-14 15:46:06+07,2026-08-21 09:53:27.391263+07,2026-08-21 09:09:02+07
13769269,ឡានលក់បន្ទានបំផុត!,15624.0,15624.0,0.0,0,0.0,0,40.7,0.0,0,Unknown,Unknown,2015,used,Plate Number,Unknown,Unknown,Unknown,,,Phnom Penh,individual,609613,Sovann Meth,2026-07-14 16:37:29+07,2026-08-24 10:35:55.58206+07,2026-08-24 10:27:54+07
13770636,🔥HongQIH5 020V4សាំង ម្ចាស់ដេីមទី1 ម៉ាសុីនប្រអប់លេខអ៊ែមធានាឡានមូលអត់បុកប៉ះ,17700.0,17700.0,0.0,0,0.0,0,40.1,0.0,0,Unknown,Unknown,2020,used,Plate Number,Unknown,Unknown,Unknown,,,Phnom Penh,store,459645,MCS AUTO,2026-07-15 08:30:00+07,2026-08-24 10:36:05.634864+07,2026-08-24 10:00:18+07
13783192,Jeep gladiator rubicon,62500.0,62500.0,0.0,0,0.0,0,31.2,0.0,0,Jeep,Gladiator,2021,used,Plate Number,Unknown,Unknown,Unknown,,,Phnom Penh,store,371744,Premium auto,2026-07-18 12:48:23+07,2026-08-18 17:18:59.540992+07,2026-08-18 16:19:17+07
13788709,2022 Ford Ranger Wildtrak 2.0L Bi-Turbo ទឹកថ្នាំសុីន១ជុំ,35900.0,35900.0,0.0,0,0.0,0,29.4,0.0,0,Ford,Ranger Wildtrak,2022,used,Plate Number,Unknown,Unknown,Unknown,,,Phnom Penh,individual,1052753,Virak Sok,2026-07-20 08:43:36+07,2026-08-18 17:18:55.822877+07,2026-08-18 16:57:19+07
13791478,ប្រូម៉ូសិនការប្រាក់1% រំលស់ផ្ទាល់ជាមួយឃ្លាំង ដកឡានភ្លាមៗ,16800.0,16800.0,0.0,0,0.0,0,31.6,0.0,0,Unknown,Unknown,2010,used,Tax Paper,Unknown,Unknown,Unknown,,,Phnom Penh,store,994650,Mengleang,2026-07-20 19:01:40+07,2026-08-21 09:53:04.846357+07,2026-08-15 10:59:50+07
13791574,2002 full options,12000.0,12000.0,0.0,0,0.0,0,28.9,0.0,0,Unknown,Unknown,2002,used,Plate Number,Unknown,Unknown,Unknown,,,Phnom Penh,individual,86055,Hs auto car,2026-07-20 19:46:33+07,2026-08-18 17:19:06.250412+07,2026-08-18 15:39:00+07
13805142,Nx 200T fsport 2017,34500.0,34500.0,0.0,0,0.0,0,26.0,0.0,0,Unknown,Unknown,2017,used,Tax Paper,Unknown,Unknown,Unknown,,,Phnom Penh,store,242346,Pen samborn,2026-07-24 10:41:49+07,2026-08-19 09:48:22.302195+07,2026-08-19 09:17:03+07
13806985,Car For Sale Subaru Forester 2018 🚙🚙,19500.0,19500.0,0.0,0,0.0,0,30.7,0.0,0,Subaru,Forester 🚙🚙,2018,used,Tax Paper,Unknown,Unknown,Unknown,,,Phnom Penh,individual,107062,Dalim,2026-07-24 17:07:35+07,2026-08-24 10:35:50.606484+07,2026-08-18 12:36:13+07
13815213,ឡានលក់05ហ្វូល,7800.0,7800.0,0.0,0,0.0,0,25.0,0.0,0,Unknown,Unknown,2005,used,Plate Number,Unknown,Unknown,Unknown,,,Phnom Penh,individual,626701,បងឃាង បងឃាង,2026-07-27 10:22:34+07,2026-08-21 09:53:09.874478+07,2026-08-21 09:49:32+07
13822637,Sell Nx 200T F sport,25900.0,25900.0,0.0,0,0.0,0,19.7,0.0,0,Unknown,Unknown,2015,used,Plate Number,Unknown,Unknown,Unknown,,,Battambang,individual,212346,Thr New,2026-07-28 22:11:12+07,2026-08-17 15:51:04.498894+07,2026-08-17 14:39:23+07
13823643,លក់ ម្ចាស់ដើមផ្ទាល់,27500.0,27500.0,0.0,0,0.0,0,21.0,0.0,0,Unknown,Unknown,2010,used,Tax Paper,Unknown,Unknown,Unknown,,,Kandal,store,735118,kim hak,2026-07-29 10:23:30+07,2026-08-19 09:48:03.340222+07,2026-08-19 09:45:44+07
13824766,Prius 2008 h full,12500.0,12500.0,0.0,0,0.0,0,22.8,0.0,0,Toyota,Prius,2008,used,Tax Paper,Unknown,Unknown,Unknown,,,Phnom Penh,store,1089387,Chan Vichet,2026-07-29 14:25:04+07,2026-08-21 09:53:04.841101+07,2026-08-20 09:34:51+07
13828531,Lexus HS250h 2010 full Advanced ឡានស្អាត,17000.0,17000.0,0.0,0,0.0,0,19.9,0.0,0,Lexus,HS250h,2010,used,Plate Number,Unknown,Unknown,Unknown,,,Phnom Penh,store,578223,Siv Meng,2026-07-30 12:34:19+07,2026-08-19 09:48:22.301277+07,2026-08-19 09:17:36+07
13828647,Lexus330 05 H-Full P2 ឡានស្អាត,19500.0,19500.0,0.0,0,0.0,0,19.9,0.0,0,Unknown,Unknown,2005,used,Plate Number,Unknown,Unknown,Unknown,,,Phnom Penh,store,578223,Siv Meng,2026-07-30 12:51:19+07,2026-08-19 09:48:22.30056+07,2026-08-19 09:17:44+07
13828808,2021 V4 សាំង​សុទ្ធ​ តាបឡូសុីន​ ត្រឡប់​ដៃលេខ​ ត្រឡប់​សិត​កៅអីសុីន​ កែនៅខ្មែរយេីង,51800.0,51800.0,0.0,0,0.0,0,24.9,0.0,0,Unknown,Unknown,2021,used,Plate Number,Unknown,Unknown,Unknown,,,Phnom Penh,store,963473,Chheng Hor,2026-07-30 13:22:14+07,2026-08-24 10:36:00.5945+07,2026-08-24 10:15:05+07
13833326,Prius Prime 2018 Full Advanced ដល់ផែ 14-09-26,24500.0,24500.0,0.0,0,0.0,0,20.8,0.0,0,Toyota,Prius,2018,used,Tax Paper,Unknown,Unknown,Unknown,,,Phnom Penh,store,8583,So Vathana,2026-07-31 14:38:41+07,2026-08-21 09:53:27.390331+07,2026-08-21 09:09:13+07
13833479,BMW 740LI 2016 LWB Full-Options Up M Package 2020,56500.0,56500.0,0.0,0,0.0,0,20.0,0.0,0,BMW,740Li,2016,used,Plate Number,Unknown,Unknown,Unknown,,,Phnom Penh,store,798650,Pha AutoCars,2026-07-31 15:12:42+07,2026-08-20 15:37:35.448706+07,2026-08-20 15:12:02+07
13833963,Jeep gladiator 2021,48000.0,48000.0,0.0,0,0.0,0,23.7,0.0,0,Jeep,Gladiator,2021,new,Tax Paper,Unknown,Unknown,Unknown,,,Phnom Penh,store,376549,Sara Vuth79,2026-07-31 17:02:22+07,2026-08-24 10:36:04.652488+07,2026-08-24 09:57:03+07
13834606,លក់ឡានជិះផ្ទាល់ខ្លួន​ Range Rover Vouge (សាំង)​ ​014​ ឡេីង​ 021 ឡានថ្មីគ្មានកន្លែងទាស់🤩,26500.0,26500.0,0.0,0,0.0,0,20.5,0.0,0,Land Rover,Range Rover,2014,used,Plate Number,Unknown,Unknown,Unknown,,,Phnom Penh,individual,1291707,UNG VIRAK ️,2026-07-31 22:59:28+07,2026-08-21 09:53:07.209779+07,2026-07-31 22:59:28+07
13834761,Camery 2002 អត់ កាត ឡានស្អាត នៅប្រើសាំងសុតអត់មានប្រវត្តិដាក់ហ្គាស់ទេ,2900.0,2900.0,0.0,0,0.0,0,18.1,0.0,0,Kia,ស់ទេ,2002,used,Plate Number,Unknown,Unknown,Unknown,,,Phnom Penh,individual,1308563,ហេង ហេង,2026-08-01 07:25:44+07,2026-08-19 09:48:22.301823+07,2026-08-19 09:17:11+07
13836016,Ford Ranger Raptor 2023 ឡាន​ម្ចាស់​ដើម​ ទី1),48444.0,48444.0,0.0,0,0.0,0,22.9,0.0,0,Ford,Ranger Raptor,2023,used,Plate Number,Unknown,Unknown,Unknown,,,Phnom Penh,individual,230948,Chheng hak Tou,2026-08-01 13:32:38+07,2026-08-24 10:35:49.620601+07,2026-08-19 10:37:51+07
13836845,CT200h full Premium 2012 ម្ចាស់​ដេីម​,15500.0,15500.0,0.0,0,0.0,0,19.7,0.0,0,Lexus,CT200h,2012,used,Plate Number,Unknown,Unknown,Unknown,,,Phnom Penh,individual,433960,Nang Keo,2026-08-01 16:58:16+07,2026-08-21 09:53:09.875309+07,2026-08-21 09:49:24+07
13840581,Morning 012 smartkey,7200.0,7200.0,0.0,0,0.0,0,16.6,0.0,0,Kia,Morning,2012,used,Plate Number,Unknown,Unknown,Unknown,,,Phnom Penh,individual,329171,Lee 520,2026-08-02 19:38:28+07,2026-08-19 09:48:06.126924+07,2026-08-19 09:31:02+07
13843834,DongFeng 07 2025 ឡានថ្មីខ្លាញ់គោ,21500.0,21500.0,0.0,0,0.0,0,15.1,0.0,0,Dongfeng,07 ឡានថ្មីខ្លាញ់គោ,2025,new,Tax Paper,Unknown,Unknown,Unknown,,,Battambang,store,781354,Chheng E Chean,2026-08-03 15:28:50+07,2026-08-18 17:19:07.205227+07,2026-08-18 15:33:03+07
13846540,NX 200T FSport 2016 6ប៊ូតុង,39500.0,39500.0,0.0,0,0.0,0,16.9,0.0,0,Lexus,NX 200T,2016,used,Tax Paper,Unknown,Unknown,Unknown,,,Phnom Penh,store,8583,So Vathana,2026-08-04 11:13:31+07,2026-08-21 09:53:27.389826+07,2026-08-21 09:09:15+07
13847041,JAC 2.5T,22000.0,22000.0,0.0,0,0.0,0,19.9,0.0,0,JAC,2 5T,2025,new,Tax Paper,Unknown,Unknown,Unknown,,,Phnom Penh,store,1070674,Manny Nhor,2026-08-04 12:48:18+07,2026-08-24 10:35:54.568358+07,2026-08-24 10:21:13+07
13848064,RX300 2002 p1,8900.0,8900.0,0.0,0,0.0,0,13.0,0.0,0,Lexus,RX300,2002,used,Plate Number,Unknown,Unknown,Unknown,,,Phnom Penh,store,600718,Sophal Stronger,2026-08-04 15:48:09+07,2026-08-17 15:50:57.836801+07,2026-08-17 15:09:02+07
13852986,សូមពឹងបងប្អូនជួយផ្សាយបន្តផងបុគ្គលម្នាក់បានបោកឡានខ្ញុំរត់បាត់ហើយឡានខ្ញុំទិញបង់រំលោះទេ,5690.0,5690.0,0.0,0,0.0,0,12.9,0.0,0,Unknown,Unknown,2003,used,Plate Number,Unknown,Unknown,Unknown,,,Kampong Chhnang,individual,457122,p-966243234,2026-08-05 19:47:02+07,2026-08-18 17:18:52.997731+07,2026-08-18 17:06:25+07
13853078,🔥C300 015AMG កាន់💰8500$💸ដកឡានភ្លាមបង់រំលស់ជាមួយឃ្លាំងផ្ទាល់,25500.0,25500.0,0.0,0,0.0,0,18.6,0.0,0,Mercedes-Benz,C300,2015,used,Plate Number,Unknown,Unknown,Unknown,,,Phnom Penh,store,459645,MCS AUTO,2026-08-05 20:15:30+07,2026-08-24 10:36:01.632941+07,2026-08-24 10:00:18+07
13858692,kia moring 2009SLXពណ៏សមេឡាន,5300.0,5300.0,0.0,0,0.0,0,10.2,0.0,0,Kia,moring 2009SLXពណ៏សមេឡាន,2009,used,Plate Number,Unknown,Unknown,Unknown,,,Phnom Penh,individual,376676,vann sareyboth,2026-08-07 10:28:59+07,2026-08-17 15:51:06.479952+07,2026-08-17 14:26:27+07
13858933,Prius Prime 2018 Full Advanced ដល់ផែ 18-09-26,23900.0,23900.0,0.0,0,0.0,0,13.9,0.0,0,Toyota,Prius,2018,used,Tax Paper,Unknown,Unknown,Unknown,,,Phnom Penh,store,8583,So Vathana,2026-08-07 11:12:42+07,2026-08-21 09:53:27.390602+07,2026-08-21 09:09:11+07
13863660,Bmw 4 series,24000.0,24000.0,0.0,0,0.0,0,9.1,0.0,0,BMW,4 Series,2014,used,Tax Paper,Unknown,Unknown,Unknown,,,Phnom Penh,individual,1256420,pu,2026-08-08 14:07:45+07,2026-08-17 15:50:52.085993+07,2026-08-08 14:07:45+07
13863680,🔥AUDIA7 012V6សាំងFull ឡានមូលអត់បុកប៉ះ ម៉ាសុីនប្រអប់លេខអ៊ែម,15500.0,15500.0,0.0,0,0.0,0,15.9,0.0,0,Unknown,Unknown,2012,used,Plate Number,Unknown,Unknown,Unknown,,,Phnom Penh,store,459123,MCS AUTO 2,2026-08-08 14:11:57+07,2026-08-24 10:36:05.634864+07,2026-08-24 10:00:18+07
13864272,AVATR 12 Royal Edition ១ទឹក,65000.0,65000.0,0.0,0,0.0,0,12.0,0.0,0,Avatr,Avatr 12,2025,used,Tax Paper,Unknown,Unknown,Unknown,,,Phnom Penh,store,859638,Lisa Tang,2026-08-08 16:41:44+07,2026-08-20 15:37:33.862896+07,2026-08-20 15:00:08+07
13865469,Prime 2018 Full Premium បើកទូរ 18-08-26,24000.0,24000.0,0.0,0,0.0,0,9.4,0.0,0,Unknown,Unknown,2018,used,Tax Paper,Unknown,Unknown,Unknown,,,Phnom Penh,store,8583,So Vathana,2026-08-09 08:03:19+07,2026-08-18 17:19:08.119026+07,2026-08-18 15:30:17+07
13866144,Prius 2013 Solar,19300.0,19300.0,0.0,0,0.0,0,15.0,0.0,0,Toyota,Prius,2013,used,Tax Paper,Unknown,Unknown,Unknown,,,Phnom Penh,store,293066,Mr Samnang,2026-08-09 11:25:15+07,2026-08-24 10:36:04.652488+07,2026-08-24 09:56:03+07
13868885,ឡានលក់ ដោះបំណុលបន្ទាន់ Lexus RX300 ឆ្នាំ 2002,10900.0,10900.0,0.0,0,0.0,0,9.0,0.0,0,Lexus,RX300,2002,used,Plate Number,Unknown,Unknown,Unknown,,,Phnom Penh,store,150803,PCRS Enterprise coLTD,2026-08-10 09:22:45+07,2026-08-19 09:48:23.680763+07,2026-08-19 09:10:05+07
13869268,Alphard 2004 full,13500.0,13500.0,0.0,0,0.0,0,14.0,0.0,0,Toyota,Alphard,2004,used,Plate Number,Unknown,Unknown,Unknown,,,Phnom Penh,store,101434,បង ទី,2026-08-10 10:22:48+07,2026-08-24 10:35:53.577764+07,2026-08-24 10:23:02+07
13871268,BYD លក់,15950.0,15950.0,0.0,0,0.0,0,13.7,0.0,0,BYD,Unknown,2019,used,Plate Number,Unknown,Unknown,Unknown,,,Phnom Penh,individual,1296038,ចែកូកា,2026-08-10 17:35:38+07,2026-08-24 10:35:53.577764+07,2026-08-24 10:23:34+07
13871302,LEXUS_CT200H_2012_PREMIUM,14800.0,14800.0,0.0,0,0.0,0,13.7,0.0,0,Lexus,CT200h,2012,used,Plate Number,Unknown,Unknown,Unknown,,,Phnom Penh,store,477705,p-69466646,2026-08-10 17:46:37+07,2026-08-24 10:36:06.625889+07,2026-08-24 09:52:29+07
13872989,ឡានលក់ វៃដូរបាន,17500.0,17500.0,0.0,0,0.0,0,10.0,0.0,0,Unknown,Unknown,2016,used,Plate Number,Unknown,Unknown,Unknown,,,Phnom Penh,individual,1155197,Ku Jong Bach,2026-08-11 09:31:40+07,2026-08-21 09:53:15.006348+07,2026-08-21 09:41:20+07
13873317,ទ្បានលក់ដូរសារី05Fអត់បុកប៉ះ,8100.0,8100.0,0.0,0,0.0,0,10.0,0.0,0,Unknown,Unknown,2005,used,Plate Number,Unknown,Unknown,Unknown,,,Phnom Penh,individual,813830,សុភក្រ័ អុី,2026-08-11 10:29:23+07,2026-08-21 09:53:15.004181+07,2026-08-21 09:41:54+07
13873582,Toyota Prius 06 full option ឡានស្អាត ឯកសារម្ចាស់ដើម,9250.0,9250.0,0.0,0,0.0,0,7.2,0.0,0,Toyota,Prius,2006,used,Plate Number,Unknown,Unknown,Unknown,,,Phnom Penh,individual,450385,ស៊ុំ រដ្ឋា,2026-08-11 11:19:31+07,2026-08-18 17:19:06.250412+07,2026-08-18 15:38:08+07
13874276,លក់ 010 options 5 អេតវ៉ាន់ អូតូផាកឃឺង ឡានថ្មីណាស់ UP ឡើងកាង012 និ ស្តុបក្រោយហើយ 069688668,16500.0,16500.0,0.0,0,0.0,0,9.1,0.0,0,Unknown,Unknown,2010,used,Plate Number,Unknown,Unknown,Unknown,,,Phnom Penh,individual,315460,Vanra Hong,2026-08-11 13:56:19+07,2026-08-20 15:37:32.5397+07,2026-08-20 15:04:43+07
13874380,Prius 012 option 2,15500.0,15500.0,0.0,0,0.0,0,6.1,0.0,0,Toyota,Prius,2012,used,Tax Paper,Unknown,Unknown,Unknown,,,Phnom Penh,individual,1310406,Ton Sovanvitou,2026-08-11 14:12:33+07,2026-08-17 15:51:02.666517+07,2026-08-17 14:44:46+07
13875154,ទើបកាត់ពីម្ចាស់ទី1 GEELY STARRAY ឆ្នាំ2025ឡានក្រុមហ៊ុនទឹកធនាហ្យីនមួយជុំ ឡានស្អាត,22000.0,22000.0,0.0,0,0.0,0,8.9,0.0,0,Geely,Starray,2025,used,Plate Number,Unknown,Unknown,Unknown,,,Phnom Penh,store,1040247,VISAL Auto car,2026-08-11 16:51:09+07,2026-08-20 15:37:39.451871+07,2026-08-20 14:51:03+07
13875546,Changan cs15,11000.0,11000.0,0.0,0,0.0,0,9.6,0.0,0,Changan,cs15,2024,used,Plate Number,Unknown,Unknown,Unknown,,,Phnom Penh,individual,1319144,Thovary,2026-08-11 19:02:44+07,2026-08-21 09:53:26.243731+07,2026-08-21 09:09:27+07
13876034,Lexus 470,8000.0,8000.0,0.0,0,0.0,0,8.7,0.0,0,Lexus,470,1998,used,Tax Paper,Unknown,Unknown,Unknown,,,Siem Reap,individual,576513,Kukuna Akuna,2026-08-11 22:37:28+07,2026-08-20 15:37:49.861928+07,2026-08-20 14:16:16+07
13877947,C300 2015,18800.0,18800.0,0.0,0,0.0,0,6.9,0.0,0,Mercedes-Benz,C300,2015,used,Plate Number,Unknown,Unknown,Unknown,,,Phnom Penh,store,1089387,Chan Vichet,2026-08-12 12:17:51+07,2026-08-19 09:48:07.590256+07,2026-08-19 08:09:27+07
13879078,Lexus NX200T ឆ្នាំ​ 2016,31500.0,31500.0,0.0,0,0.0,0,6.0,0.0,0,Lexus,NX200t,2016,used,Tax Paper,Unknown,Unknown,Unknown,,,Phnom Penh,store,216722,សីហា,2026-08-12 16:32:27+07,2026-08-18 17:18:50.184973+07,2026-08-12 16:32:27+07
13882089,Camry 2003 XLE,9500.0,9900.0,400.0,1,0.0,0,7.9,0.0,0,Toyota,Camry,2003,used,Plate Number,Unknown,Unknown,Unknown,,,Phnom Penh,individual,61575,SBR Nak,2026-08-13 13:05:42+07,2026-08-21 09:53:11.223415+07,2026-08-21 09:39:23+07
13883444,BYD Qin L តម្លៃពិសេសត្រឹមតែ26800$🎉,26800.0,26800.0,0.0,0,0.0,0,3.9,0.0,0,BYD,Qin L តម្លៃពិសេសត្រឹមតែ26800$🎉,2024,new,Tax Paper,Unknown,Unknown,Unknown,,,Phnom Penh,store,1207509,Van Sin LT Auto,2026-08-13 19:09:28+07,2026-08-17 15:50:58.870435+07,2026-08-17 15:04:47+07
13886233,Ford XL Up Raptor 2024 ឡានស្អាត ម្ចាស់ដើម,33500.0,33500.0,0.0,0,0.0,0,4.8,0.0,0,Ford,XL Up Raptor,2024,new,Plate Number,Unknown,Unknown,Unknown,,,Phnom Penh,individual,411493,Pheap Pk,2026-08-14 14:19:27+07,2026-08-19 09:48:18.129895+07,2026-08-19 09:27:36+07
13888608,HLD ឆ្នាំ05 V4 P1 ឡានស្អាត់,17000.0,17000.0,0.0,0,0.0,0,9.0,0.0,0,Unknown,Unknown,2005,used,Plate Number,Unknown,Unknown,Unknown,,,Phnom Penh,store,425901,Seangbun Kin,2026-08-15 09:55:15+07,2026-08-24 10:36:05.643804+07,2026-08-24 09:59:39+07
13889881,Prius012 options 3 ក្រដាសពន្ធបងៗ🚘🥰🎉☎️085449898 telegram https://t.me/bong_eang,16800.0,16800.0,0.0,0,0.0,0,3.1,0.0,0,Unknown,Unknown,2012,used,Tax Paper,Unknown,Unknown,Unknown,,,Phnom Penh,individual,152904,Kang chhai eang,2026-08-15 14:59:06+07,2026-08-18 17:19:00.458133+07,2026-08-18 16:07:46+07
13892591,Toyota Hilux Revo Rally 2025 Full option,43800.0,43800.0,0.0,0,0.0,0,7.9,0.0,0,Toyota,Hilux Revo Rally,2025,used,Plate Number,Unknown,Unknown,Unknown,,,Phnom Penh,store,530124,108 Auto car dealer,2026-08-16 12:23:58+07,2026-08-24 10:36:03.651369+07,2026-08-24 09:59:03+07
13896978,08 full ម្ចាស់ប្រយាប់លុយ 7850,7850.0,7850.0,0.0,0,0.0,0,0.1,0.0,0,Unknown,Unknown,2008,used,Plate Number,Unknown,Unknown,Unknown,,,Phnom Penh,individual,746766,Mrr Rith,2026-08-17 14:20:10+07,2026-08-17 15:51:08.298458+07,2026-08-17 14:20:10+07
13897033,លក់វីស្តូឆ្នាំ00,1600.0,1600.0,0.0,0,0.0,0,0.1,0.0,0,Unknown,Unknown,2000,used,Plate Number,Unknown,Unknown,Unknown,,,Kampong Cham,individual,1235073,samanh samanh,2026-08-17 14:32:27+07,2026-08-17 15:51:05.495038+07,2026-08-17 14:32:27+07
13897125,ប្រផេះមានស្នេហ៌014 សាងបាន 19-08-26,14500.0,14500.0,0.0,0,0.0,0,0.0,0.0,0,Unknown,Unknown,2014,used,Tax Paper,Unknown,Unknown,Unknown,,,Phnom Penh,individual,495708,Khiev vatanak,2026-08-17 14:53:54+07,2026-08-17 15:51:01.690288+07,2026-08-17 14:53:54+07
13897153,ឡានលក់កូឡាឆ្នាំ 98,3190.0,3190.0,0.0,0,0.0,0,0.0,0.0,0,Unknown,Unknown,1998,used,Plate Number,Unknown,Unknown,Unknown,,,Phnom Penh,individual,597895,ហេង ហេង,2026-08-17 14:57:54+07,2026-08-17 15:51:00.735607+07,2026-08-17 14:57:54+07
13897251,"$15,999 ចរចារ",15999.0,15999.0,0.0,0,0.0,0,0.0,0.0,0,Unknown,Unknown,2012,used,Plate Number,Unknown,Unknown,Unknown,,,Phnom Penh,individual,748756,Sokny Ms.,2026-08-17 15:16:49+07,2026-08-17 15:50:55.878277+07,2026-08-17 15:16:49+07
13897538,avatar 12 ultra ev,49000.0,49000.0,0.0,0,0.0,0,3.7,0.0,0,Unknown,Unknown,2025,used,Tax Paper,Unknown,Unknown,Unknown,,,Phnom Penh,store,200848,Eang sychan,2026-08-17 16:25:56+07,2026-08-21 09:53:27.390037+07,2026-08-21 09:09:14+07
13897695,16.58,9803.0,9803.0,0.0,0,0.0,0,1.7,0.0,0,Unknown,Unknown,2007,used,Plate Number,Unknown,Unknown,Unknown,,,Phnom Penh,individual,461559,Vanna,2026-08-17 17:01:05+07,2026-08-19 09:48:06.126834+07,2026-08-19 09:31:08+07
13898008,Ssangyong Korando Sports 4WD 2013,13800.0,13800.0,0.0,0,0.0,0,1.6,0.0,0,Unknown,Unknown,2013,used,Tax Paper,Unknown,Unknown,Unknown,,,Phnom Penh,store,549562,Chetra Sek,2026-08-17 18:58:11+07,2026-08-19 09:48:01.901628+07,2026-08-19 09:46:02+07
13898144,Can am Maverick x3,18500.0,18500.0,0.0,0,0.0,0,6.6,0.0,0,BMW,x3,2021,used,Tax Paper,Unknown,Unknown,Unknown,,,Phnom Penh,individual,920053,Mrr Bean,2026-08-17 20:04:27+07,2026-08-24 10:35:50.609126+07,2026-08-17 20:04:27+07
13898332,កាត់បានពីម្ចាស់ដេីមទី1 ថ្មីខ្លាំង Mazda BT-50 Eclip Full option,28888.0,28888.0,0.0,0,0.0,0,3.5,0.0,0,Mazda,BT-50,2019,used,Plate Number,Unknown,Unknown,Unknown,,,Phnom Penh,store,200717,Lim David  MasterAuto,2026-08-17 21:24:18+07,2026-08-21 09:53:08.545129+07,2026-08-21 09:36:03+07
13898607,"ឡានម៉ូតបុរាណ, Vintage Car",3300.0,3300.0,0.0,0,0.0,0,1.4,0.0,0,Unknown,Unknown,1994,used,Plate Number,Unknown,Unknown,Unknown,,,Phnom Penh,individual,128261,Bong Rith,2026-08-17 23:21:35+07,2026-08-19 09:47:57.912099+07,2026-08-17 23:21:35+07
13898619,ឡាន2024 នៅថ្មីស្អាតម៉ាស៊ីនស្ងាត់ជិះស្រួល,14900.0,14900.0,0.0,0,0.0,0,1.4,0.0,0,Unknown,Unknown,2024,used,Plate Number,Unknown,Unknown,Unknown,,,Phnom Penh,individual,29461,sok buong,2026-08-17 23:30:54+07,2026-08-19 09:47:57.911012+07,2026-08-19 00:04:24+07
13899764,Prius,15900.0,15900.0,0.0,0,0.0,0,3.0,0.0,0,Toyota,Prius,2014,used,Tax Paper,Unknown,Unknown,Unknown,,,Phnom Penh,store,823160,168TM ឃ្លាំងលក់រថយន្ត,2026-08-18 10:21:58+07,2026-08-21 09:53:04.843568+07,2026-08-18 10:21:58+07
13900330,Denza N9 2025 Flagship Black Edition ម្ចាស់ដើម,78000.0,78000.0,0.0,0,0.0,0,2.9,0.0,0,Denza,N9 Flagship Black,2025,used,Plate Number,Unknown,Unknown,Unknown,,,Phnom Penh,store,341306,KS EV AUTO,2026-08-18 11:59:07+07,2026-08-21 09:53:22.429342+07,2026-08-21 09:16:31+07
13900721,Pruis 06 full ក្រដាស់ពន្ធ តម្លៃល្អ 11400$ មកមុនបានមុនបងៗ,11400.0,11400.0,0.0,0,0.0,0,2.9,0.0,0,Toyota,Prius,2006,used,Tax Paper,Unknown,Unknown,Unknown,,,Phnom Penh,store,732024,Toch POV,2026-08-18 13:26:12+07,2026-08-21 09:53:04.839511+07,2026-08-18 13:26:12+07
13901357,ឡាននៅប៉ោយ,32556.0,32556.0,0.0,0,0.0,0,0.1,0.0,0,Unknown,Unknown,2024,used,Tax Paper,Unknown,Unknown,Unknown,,,Banteay Meanchey,individual,606317,Bros ouk,2026-08-18 15:35:04+07,2026-08-18 17:19:06.253988+07,2026-08-18 15:35:04+07
13901391,Denza N9,83000.0,83000.0,0.0,0,0.0,0,0.1,0.0,0,Unknown,Unknown,2025,used,Tax Paper,Unknown,Unknown,Unknown,,,Phnom Penh,store,1167246,Ok Auto,2026-08-18 15:41:59+07,2026-08-18 17:19:04.372424+07,2026-08-18 15:41:59+07
13903319,លក់ឡានមួយxle 2009full​ ថី្មណាស់,18988.0,18988.0,0.0,0,0.0,0,0.0,0.0,0,Unknown,Unknown,2009,used,Plate Number,Unknown,Unknown,Unknown,,,Phnom Penh,individual,236293,kaka,2026-08-19 09:10:04+07,2026-08-19 09:48:23.681129+07,2026-08-19 09:10:04+07
13903443,2014 Kia Ray full options ឡានម្ចាស់ផ្ទាល់​ ឯកសារគ្រប់​ កាត់ឈ្មោះបាន,8500.0,8500.0,0.0,0,0.0,0,0.0,0.0,0,Kia,Ray,2014,used,Plate Number,Unknown,Unknown,Unknown,,,Phnom Penh,individual,1306226,Soung Sokheng,2026-08-19 09:33:14+07,2026-08-19 09:48:08.835679+07,2026-08-19 09:33:14+07
13904787,Geely M9 Motor 3 global spec 2026,57800.0,57800.0,0.0,0,0.0,0,1.1,0.0,0,Geely,M9 Motor 3,2026,new,Tax Paper,Unknown,Unknown,Unknown,,,Phnom Penh,store,9557,Vicheth Damardi,2026-08-19 14:21:17+07,2026-08-20 15:37:46.965297+07,2026-08-20 14:21:02+07
13904868,ឡានលក់. Highlander 03 ប៉ុង 1,14000.0,14500.0,500.0,1,0.0,0,4.8,0.0,0,Toyota,Highlander,2003,used,Plate Number,Unknown,Unknown,Unknown,,,Phnom Penh,individual,473355,Panha,2026-08-19 14:37:13+07,2026-08-24 10:35:49.614511+07,2026-08-19 14:37:13+07
13906096,Boat and jet ski,38500.0,38500.0,0.0,0,0.0,0,4.5,0.0,0,Unknown,Unknown,2025,used,Tax Paper,Unknown,Unknown,Unknown,,,Phnom Penh,individual,920053,Mrr Bean,2026-08-19 23:17:36+07,2026-08-24 10:36:04.652488+07,2026-08-19 23:17:36+07
13909581,LEXUS RX330 2004 FULLOPTION ឡានស្អាត ម្ចាស់ដេីមទី1,15500.0,15500.0,0.0,0,0.0,0,3.6,0.0,0,Lexus,RX330,2004,used,Plate Number,Unknown,Unknown,Unknown,,,Siem Reap,store,396769,sour Sok Kouch,2026-08-20 21:17:24+07,2026-08-24 10:35:59.609109+07,2026-08-24 10:17:53+07
13910535,Corolla 04leម្ចាសដេីមសំនុំសុីន 7800$ចរចារ,7800.0,7800.0,0.0,0,0.0,0,0.0,0.0,0,Toyota,Corolla,2004,used,Tax Paper,Unknown,Unknown,Unknown,,,Phnom Penh,store,794657,សុភ្រ័ សុភ័ក្រ,2026-08-21 09:14:54+07,2026-08-21 09:53:23.578844+07,2026-08-21 09:14:54+07
13910637,ធានាឡាន គ្មានកន្លែងទាស់Lexus Nx 200T 2016 Luxury ប៉ុង2 Button 5 ម្ចាស់ដេីម ❤️,31900.0,31900.0,0.0,0,0.0,0,0.0,0.0,0,Lexus,NX200t,2015,used,Plate Number,Unknown,Unknown,Unknown,,,Phnom Penh,store,220959,Tong Tong Sale Car,2026-08-21 09:30:42+07,2026-08-21 09:53:16.323216+07,2026-08-21 09:30:42+07
13916906,🔥Alphard2024 Exclusive LoungeHEV កៅអុីVIP តម្លៃសាងលក់បន្ត💰88888$💸,88888.0,88888.0,0.0,0,0.0,0,1.4,0.0,0,Toyota,Alphard,2024,used,Plate Number,Unknown,Unknown,Unknown,,,Phnom Penh,store,459123,MCS AUTO 2,2026-08-22 23:53:08+07,2026-08-24 10:36:01.618785+07,2026-08-24 10:00:18+07
13921380,Land Rover Defender 2020  V4 Full Option,65000.0,65000.0,0.0,0,0.0,0,0.0,0.0,0,Land Rover,Defender,2020,used,Tax Paper,Unknown,Unknown,Unknown,,,Phnom Penh,store,492344,Same 601,2026-08-24 10:10:21+07,2026-08-24 10:35:57.604516+07,2026-08-24 10:10:21+07
13921453,Aion🖤 N60 range 630kmឡានថ្មីទើបចូលស្តុក 026 តម្លៃ2មុឺនស្តើង,25600.0,25600.0,0.0,0,0.0,0,0.0,0.0,0,GAC,🖤 N60 range,2026,new,Tax Paper,Unknown,Unknown,Unknown,,,Phnom Penh,store,1228123,JH- Chan Thea,2026-08-24 10:26:13+07,2026-08-24 10:35:51.606442+07,2026-08-24 10:26:13+07
13141407,Mercedes Benz S400L តួវែង អប់សិនអារ៉ាប់ ឆ្នាំ2015,33900.0,33900.0,0.0,0,0.0,0,198.9,0.0,0,Mercedes-Benz,S400L តួវែង អប់សិនអារ៉ាប់,2015,used,Plate Number,Unknown,Unknown,Unknown,,,Phnom Penh,store,409218,Srun (TTS AUTO),2026-02-03 11:45:53+07,2026-08-21 09:53:07.209996+07,2026-07-21 12:06:03+07
13199635,GAC E8 150KM Max 2024,50800.0,50800.0,0.0,0,0.0,0,179.4,0.0,0,GAC,E8 150KM Max,2024,new,Tax Paper,Unknown,Unknown,Unknown,,,Phnom Penh,store,475016,ITH RATHANA,2026-02-20 07:45:54+07,2026-08-18 17:19:08.121567+07,2026-08-18 15:29:54+07
13218204,Cars for Sale,78000.0,78000.0,0.0,0,0.0,0,175.0,0.0,0,Unknown,Unknown,2018,used,Plate Number,Unknown,Unknown,Unknown,,,Phnom Penh,store,262420,LD9 Auto Car,2026-02-24 16:20:21+07,2026-08-18 17:18:53.941945+07,2026-08-18 17:00:06+07
13245251,Jeep Rubicon 021 full option ឡានក្រុមហ៊ុន ប្រើបាន 28000 km ថ្នាំអត់បាញ់,62000.0,62000.0,0.0,0,0.0,0,170.8,0.0,0,Jeep,Wrangler Rubicon,2021,used,Plate Number,Unknown,Unknown,Unknown,,,Phnom Penh,store,339943,ភារ៉ា រចនាវត្តី,2026-03-03 15:47:55+07,2026-08-21 09:53:18.611723+07,2026-08-21 09:28:03+07
13271384,ស្រីម៉ៅ ដាក់លក់ (បងប្អូន គួកចេ កុំរំខានអី​ បាទ!!!),7600.0,7600.0,0.0,0,0.0,0,161.9,0.0,0,Unknown,Unknown,2001,used,Plate Number,Unknown,Unknown,Unknown,,,Phnom Penh,individual,158595,Van ny,2026-03-10 12:00:52+07,2026-08-19 09:48:01.899567+07,2026-08-19 09:46:41+07
13275218,Ford Everest 2017 Diesel 3.2 (4x4) Urgent sale!!!,21900.0,21900.0,0.0,0,0.0,0,162.2,0.0,0,Ford,Everest,2017,used,Plate Number,Unknown,Unknown,Unknown,,,Phnom Penh,store,161190,Por168,2026-03-11 10:18:46+07,2026-08-20 15:37:29.397146+07,2026-08-20 15:30:09+07
13279183,Toyota Hiace 2026 VIP seat,125000.0,125000.0,0.0,0,0.0,0,165.0,0.0,0,Toyota,HiAce,2026,new,Tax Paper,Unknown,Unknown,Unknown,,,Phnom Penh,store,1072003,Phea Phea,2026-03-12 10:11:03+07,2026-08-24 10:36:06.625889+07,2026-08-24 09:53:03+07
13290602,Alphard 015 up 022 VIPកៅអី4,46800.0,46800.0,0.0,0,0.0,0,155.3,0.0,0,Toyota,Alphard,2015,used,Plate Number,Unknown,Unknown,Unknown,,,Phnom Penh,store,708400,Mr. Day,2026-03-15 08:07:20+07,2026-08-17 15:51:08.2749+07,2026-08-17 14:24:54+07
13327995,Prius 2014 option 4 deluxe solar នៅ🐝🐝🐝 zin,17900.0,17900.0,0.0,0,0.0,0,150.1,0.0,0,Toyota,Prius,2014,used,Tax Paper,Unknown,Unknown,Unknown,,,Phnom Penh,store,91314,MA MUTU,2026-03-24 07:03:35+07,2026-08-21 09:53:24.91535+07,2026-08-21 09:13:03+07
13339784,2019 Toyota Alphard 3.5 V6 Luxury MPV,96000.0,96000.0,0.0,0,0.0,0,146.9,0.0,0,Toyota,Alphard,2019,used,Plate Number,Unknown,Unknown,Unknown,,,Phnom Penh,store,826670,Minnie Fung,2026-03-26 18:57:13+07,2026-08-20 15:37:42.601792+07,2026-08-20 14:30:10+07
13347473,Ford F-150 Raptor 2017 ថ្មីដាច់,43000.0,43000.0,0.0,0,0.0,0,148.4,0.0,0,Ford,Ranger Raptor,2017,used,Plate Number,Unknown,Unknown,Unknown,,,Phnom Penh,store,224675,Mr. Meth 168 Auto,2026-03-29 00:11:06+07,2026-08-24 10:35:57.602632+07,2026-08-24 10:12:03+07
13381755,2022 Ranger RAPTOR តម្លៃធូរៗ. ថ្នាំស៊ីន ​១ជំុ,38900.0,38900.0,0.0,0,0.0,0,133.9,0.0,0,Ford,Ranger Raptor,2022,used,Plate Number,Unknown,Unknown,Unknown,,,Phnom Penh,individual,833348,Yuth Dara,2026-04-06 19:21:23+07,2026-08-18 17:19:04.372424+07,2026-08-18 15:43:28+07
13392806,Toyota Corolla LE 2003 ឡានថ្មីសនុំសិនTelegram 016847 847 0978245678 012545444,9400.0,9400.0,0.0,0,0.0,0,133.1,0.0,0,Toyota,Corolla,2003,used,Plate Number,Unknown,Unknown,Unknown,,,Phnom Penh,store,592993,Chetra Car Saler,2026-04-09 13:41:06+07,2026-08-20 15:37:51.427773+07,2026-08-20 14:01:14+07
13397647,🔥NX016🆙F-Sport កាន់💰10000$💸ដកឡានភ្លាមបង់រំលស់ជាមួយឃ្លាំងផ្ទាល់,31500.0,31500.0,0.0,0,0.0,0,135.1,0.0,0,Unknown,Unknown,2016,used,Plate Number,Unknown,Unknown,Unknown,,,Phnom Penh,store,459123,MCS AUTO 2,2026-04-11 07:51:06+07,2026-08-24 10:35:58.604145+07,2026-08-24 10:00:18+07
13399956,2008 Full no  map ប្រផេះ មេឡានស្អាតមូលហ្សុិន ពិត,12500.0,12500.0,0.0,0,0.0,0,129.6,0.0,0,Unknown,Unknown,2008,used,Tax Paper,Unknown,Unknown,Unknown,,,Phnom Penh,store,41326,A97A AUTO,2026-04-11 20:01:28+07,2026-08-19 09:48:04.753907+07,2026-08-19 09:42:03+07
13443915,Toyota Prius 2012 option2 up android new tax paper,17000.0,17000.0,0.0,0,0.0,0,113.2,0.0,0,Toyota,Prius,2012,used,Tax Paper,Unknown,Unknown,Unknown,,,Phnom Penh,store,160574,ឡៃស្រ៊ុន 12,2026-04-26 11:20:49+07,2026-08-17 15:51:05.478988+07,2026-08-17 14:33:02+07
13445767,ប្រញ៉ាប់លុយTundra 07 ប៉ុង1ឡានលេងហើយលក់14500$ចុះបានទៀត,14500.0,14500.0,0.0,0,0.0,0,113.9,0.0,0,Unknown,Unknown,2007,used,Plate Number,Unknown,Unknown,Unknown,,,Kandal,individual,648874,Piseth Sok,2026-04-26 19:32:26+07,2026-08-18 17:19:02.521185+07,2026-08-18 15:55:43+07
13449143,JAC 2.5,19800.0,19800.0,0.0,0,0.0,0,118.8,0.0,0,JAC,2 5,2026,new,Tax Paper,Unknown,Unknown,Unknown,,,Phnom Penh,store,1070674,Manny Nhor,2026-04-27 15:09:21+07,2026-08-24 10:35:54.568358+07,2026-08-24 10:21:22+07
13460217,2026 AVATR 07 ELITE VIN T FULL OPTION INSTOCK,38500.0,38500.0,0.0,0,0.0,0,116.0,0.0,0,Avatr,Avatr 07,2026,new,Tax Paper,Unknown,Unknown,Unknown,,,Phnom Penh,store,245403,H99 Auto,2026-04-30 10:33:10+07,2026-08-24 10:35:52.583513+07,2026-08-24 10:25:06+07
13460666,LEXUS NX200T.  P1 016 . 31500ចរចា.,31500.0,31500.0,0.0,0,0.0,0,112.2,0.0,0,Lexus,NX200t,2016,used,Tax Paper,Unknown,Unknown,Unknown,,,Phnom Penh,store,815876,Sombo Heng,2026-04-30 11:51:04+07,2026-08-20 15:37:41.025569+07,2026-08-20 14:31:08+07
13461944,S400 ឆ្នាំ 2015  ឡើង S63 សំរាប់លក់,36666.0,36666.0,0.0,0,0.0,0,110.0,0.0,0,Mercedes-Benz,S400,2015,used,Plate Number,Unknown,Unknown,Unknown,,,Phnom Penh,store,438645,Heng Han,2026-04-30 16:24:56+07,2026-08-18 17:19:06.249411+07,2026-08-18 15:40:17+07
13480732,Tacoma ឆ្នាំ03 មានABS V6 ប៉ុង1ប៉ុងភ្លើង ឡានថ្មី,11000.0,11000.0,0.0,0,0.0,0,106.9,0.0,0,Toyota,Tacoma,2003,used,Plate Number,Unknown,Unknown,Unknown,,,Phnom Penh,store,199223,តាហេងកូនភ្លោះ ទួលសង្កែ,2026-05-05 19:07:24+07,2026-08-20 15:37:41.025887+07,2026-08-20 14:31:05+07
13481119,ឡានម្ចាស់ដើមប្រើផ្ទាល់,15000.0,15000.0,0.0,0,0.0,0,104.8,0.0,0,Unknown,Unknown,2008,used,Plate Number,Unknown,Unknown,Unknown,,,Phnom Penh,individual,552977,Boy Small,2026-05-05 21:50:37+07,2026-08-18 17:18:59.542637+07,2026-08-18 16:18:46+07
13507756,Escalade Cadillac 2026 ឡានថ្មីក្រដាសពន្ធ តម្លៃពិសេស​ 229000$ ចចារ,229000.0,229000.0,0.0,0,0.0,0,103.9,0.0,0,Cadillac,ឡានថ្មីក្រដាសពន្ធ តម្លៃពិសេស 229000$,2026,new,Tax Paper,Unknown,Unknown,Unknown,,,Phnom Penh,store,195713,Sale,2026-05-12 12:32:43+07,2026-08-24 10:35:53.577764+07,2026-08-24 10:22:51+07
13515926,I CAR V23 មានក្នុងស្តុកហើយបងបង❤️❤️,23800.0,23800.0,0.0,0,0.0,0,98.2,0.0,0,iCar,V23,2025,used,Tax Paper,Unknown,Unknown,Unknown,,,Phnom Penh,store,1095229,Na Da LT AUTO,2026-05-14 10:48:50+07,2026-08-20 15:37:51.430663+07,2026-08-20 14:00:18+07
13518874,LEXUS NX200t 2017 F-spot ម្ចាស់ដើម,33800.0,33800.0,0.0,0,0.0,0,98.1,0.0,0,Lexus,NX200t,2017,used,Plate Number,Unknown,Unknown,Unknown,,,Phnom Penh,store,260696,Kz Vern,2026-05-15 06:48:16+07,2026-08-21 09:53:24.911962+07,2026-08-21 09:13:31+07
13528273,PRIUS V 2012 FULL ADVANCE ពណ៍សក្នុងខ្មៅ,14900.0,14900.0,0.0,0,0.0,0,95.1,0.0,0,Toyota,Prius,2012,used,Plate Number,Unknown,Unknown,Unknown,,,Phnom Penh,store,337337,PT99 AUTO,2026-05-17 12:47:53+07,2026-08-20 15:37:32.536651+07,2026-08-20 15:05:21+07
13530233,New Stock STARIA Premium 2026,49400.0,49400.0,0.0,0,0.0,0,98.4,0.0,0,Hyundai,STARIA,2026,new,Tax Paper,Unknown,Unknown,Unknown,,,Phnom Penh,store,857323,Mr. Pen Hyundai Cambodia,2026-05-18 00:26:19+07,2026-08-24 10:36:02.631567+07,2026-08-24 10:13:52+07
13546947,TOYOTA Raize 2023,18300.0,18300.0,0.0,0,0.0,0,88.2,0.0,0,Toyota,Raize,2023,used,Plate Number,Unknown,Unknown,Unknown,,,Phnom Penh,individual,213919,ទិញលក់ម៉ូតូ ពៅ សិទ្ធី,2026-05-21 10:59:58+07,2026-08-17 15:51:06.479952+07,2026-08-17 14:26:55+07
13548466,Ford20,36500.0,36500.0,0.0,0,0.0,0,91.0,0.0,0,Ford,20,2020,used,Plate Number,Unknown,Unknown,Unknown,,,Phnom Penh,store,1143169,Hour Lyly,2026-05-21 15:01:17+07,2026-08-20 15:37:39.446657+07,2026-08-20 14:57:03+07
13560850,Land Cruiser 2008 up 21,31500.0,31500.0,0.0,0,0.0,0,88.7,0.0,0,Toyota,Land Cruiser,2008,used,Plate Number,Unknown,Unknown,Unknown,,,Phnom Penh,store,633855,Lin da,2026-05-24 16:30:24+07,2026-08-21 09:53:08.545538+07,2026-08-21 09:36:01+07
13603106,2015 Mercedes Benz C300 AMG 🖤➡️❤️,25500.0,25500.0,0.0,0,0.0,0,77.9,0.0,0,Mercedes-Benz,C300,2015,used,Plate Number,Unknown,Unknown,Unknown,,,Phnom Penh,store,464726,CL69 Auto,2026-06-03 17:15:43+07,2026-08-20 15:37:49.862931+07,2026-08-20 14:15:06+07
13608593,Revo Premium 2017 full ម៉ាស៊ីនធំ ថ្នាំហ្ស៊ីនមួយជុំ,33500.0,33500.0,0.0,0,0.0,0,76.7,0.0,0,Toyota,Hilux,2017,used,Plate Number,Unknown,Unknown,Unknown,,,Phnom Penh,store,629076,ហ៊ា ហេង,2026-06-04 23:25:53+07,2026-08-20 15:37:27.816757+07,2026-08-20 15:24:02+07
13612134,2018 Alphard 3.5L ឆ្វេងស៊ីន Russia Spec.Full Option កៅអីដើរកណ្តាលបាន,65800.0,65800.0,0.0,0,0.0,0,75.9,0.0,0,Toyota,Alphard,2018,used,Plate Number,Unknown,Unknown,Unknown,,,Phnom Penh,store,880699,អ៊ុក ចាន់វាសនា,2026-06-05 17:30:36+07,2026-08-20 15:37:27.817722+07,2026-08-20 15:22:02+07
13612136,ម៉ាស៊ីនធំខ្លាំងតែស៊ីម៉ាសូតតិច 2017 Ford Wildtrak 3.2L ម៉ាសូត,27800.0,27800.0,0.0,0,0.0,0,75.9,0.0,0,Ford,Ranger Wildtrak,2017,used,Plate Number,Unknown,Unknown,Unknown,,,Phnom Penh,store,880699,អ៊ុក ចាន់វាសនា,2026-06-05 17:30:49+07,2026-08-20 15:37:30.973471+07,2026-08-20 15:22:02+07
13624646,LM300h 2020 7កៅអី ឡានថ្មីខ្លាំង,95000.0,95000.0,0.0,0,0.0,0,73.1,0.0,0,Lexus,LM300h,2020,used,Plate Number,Unknown,Unknown,Unknown,,,Phnom Penh,store,436824,NTN99 AUTO SHOP,2026-06-09 08:33:35+07,2026-08-21 09:53:13.859849+07,2026-08-21 09:34:03+07
13625181,Toyota Vell Fire,19500.0,19500.0,0.0,0,0.0,0,76.0,0.0,0,Toyota,Vell Fire,2010,used,Plate Number,Unknown,Unknown,Unknown,,,Phnom Penh,store,388015,Piseth Sokhanida,2026-06-09 10:11:30+07,2026-08-24 10:35:57.603407+07,2026-08-24 10:11:02+07
13635327,Xiaomi  SU7 2024 Max 810km (Dual motors) រថយន្ត R21 Sport,62400.0,62400.0,0.0,0,0.0,0,70.9,0.0,0,Unknown,Unknown,2024,new,Tax Paper,Unknown,Unknown,Unknown,,,Phnom Penh,store,798650,Pha AutoCars,2026-06-11 13:27:34+07,2026-08-21 09:53:23.578499+07,2026-08-21 09:15:04+07
13639002,Rolls Royce Ghost series II,144300.0,144300.0,0.0,0,0.0,0,67.9,0.0,0,Rolls-Royce,Ghost series II,2014,used,Plate Number,Unknown,Unknown,Unknown,,,Phnom Penh,store,798650,Pha AutoCars,2026-06-12 11:24:36+07,2026-08-19 09:48:20.912258+07,2026-08-19 09:20:06+07
13646642,BMWi3-2015 Full option ម្ចាស់ដើមផ្ទាល់,11900.0,11900.0,0.0,0,0.0,0,70.9,0.0,0,Unknown,Unknown,2015,used,Plate Number,Unknown,Unknown,Unknown,,,Phnom Penh,store,132399,Bi car shop,2026-06-14 11:48:19+07,2026-08-24 10:35:57.603407+07,2026-08-24 10:11:02+07
13674583,Porche panamera 2017 តម្លៃ ចុះជូនបានទៀត,83500.0,83500.0,0.0,0,0.0,0,58.3,0.0,0,Porsche,Panamera,2017,used,Tax Paper,Unknown,Unknown,Unknown,,,Phnom Penh,store,371744,Premium auto,2026-06-21 11:05:07+07,2026-08-18 17:18:59.540992+07,2026-08-18 16:19:20+07
13675025,Hilux Rally 2025,44900.0,44900.0,0.0,0,0.0,0,58.2,0.0,0,Toyota,Hilux,2025,used,Plate Number,Unknown,Unknown,Unknown,,,Phnom Penh,store,772106,Sovannridh Toyota Plus,2026-06-21 12:51:53+07,2026-08-18 17:19:07.20413+07,2026-08-18 15:33:03+07
13677894,Aion i60 EV Advance,23800.0,23800.0,0.0,0,0.0,0,58.0,0.0,0,Unknown,Unknown,2026,new,Tax Paper,Unknown,Unknown,Unknown,,,Phnom Penh,store,1103626,Regal Motors,2026-06-22 09:22:37+07,2026-08-19 09:48:15.439293+07,2026-08-19 09:30:08+07
13688023,CLV ឆ្នាំ1998 លេងក្នុងម៉ាស្អាត,5700.0,5700.0,0.0,0,0.0,0,57.1,0.0,0,Unknown,Unknown,1998,used,Plate Number,Unknown,Unknown,Unknown,,,Ratanakiri,individual,859762,សុង ជេ,2026-06-24 12:49:36+07,2026-08-20 15:37:23.595341+07,2026-06-24 12:49:36+07
13702394,Ford Wildtrak 2019 full option,32700.0,32700.0,0.0,0,0.0,0,52.0,0.0,0,Ford,Wildtrak,2019,used,Plate Number,Unknown,Unknown,Unknown,,,Kandal,store,257475,CMC,2026-06-27 16:27:33+07,2026-08-18 17:19:03.459664+07,2026-08-18 15:49:03+07
13708014,Ford Ranger WLDTRAK2023,38001.0,38001.0,0.0,0,0.0,0,49.2,0.0,0,Ford,Ranger,2023,used,Plate Number,Unknown,Unknown,Unknown,,,Koh Kong,individual,1300516,Chai Zhang,2026-06-29 11:29:44+07,2026-08-17 15:50:51.111895+07,2026-08-15 21:47:06+07
13708568,Car for sale Volkswagen 2023 ឡានម្ចាស់ដើមជិះបាន៣ម៉ឺនគីឡូជាងទេ នៅថ្មីណាស់ ទឹកថ្នាំស្រីនម៉ាជុំ,20900.0,20900.0,0.0,0,0.0,0,50.2,0.0,0,Volkswagen,ឡានម្ចាស់ដើមជិះបាន៣ម៉ឺនគីឡូជាងទេ នៅថ្មីណាស់ ទឹកថ្នាំស្រីនម៉ាជុំ,2023,used,Plate Number,Unknown,Unknown,Unknown,,,Phnom Penh,store,387311,Long hay,2026-06-29 13:37:23+07,2026-08-18 17:19:06.250412+07,2026-08-18 15:39:03+07
13710361,Mercedes Benz C300 4Matice 2015 ធានាឡានស្អាត ម្ចាស់ដើម តម្លៃចរចារបាន,23200.0,23200.0,0.0,0,0.0,0,52.5,0.0,0,Mercedes-Benz,C300,2015,used,Plate Number,Unknown,Unknown,Unknown,,,Phnom Penh,store,689152,89 Auto Car,2026-06-29 21:26:54+07,2026-08-21 09:53:24.913758+07,2026-08-21 09:13:05+07
13718096,2026 palisade,68800.0,68800.0,0.0,0,0.0,0,50.6,0.0,0,Hyundai,palisade,2026,used,Plate Number,Unknown,Unknown,Unknown,,,Phnom Penh,store,519591,តាំង​ ម៉េងស្រ៊ុន,2026-07-01 20:03:59+07,2026-08-21 09:53:16.320778+07,2026-07-01 20:03:59+07
13722202,Audi E5 Sportback flashing Quattro Full option EV 2025,55500.0,55500.0,0.0,0,0.0,0,52.6,0.0,0,Audi,E5 Sportback flashing,2025,new,Tax Paper,Unknown,Unknown,Unknown,,,Phnom Penh,store,1072003,Phea Phea,2026-07-02 20:30:11+07,2026-08-24 10:36:00.593303+07,2026-08-24 10:15:40+07
13723128,ឡានស្អាតអត់បុកអត់ច្រេះរៀបហេីយម៉ាស្អាតដឹងតែយកទៅប្រេីប្រាស់តែម្តងHal full,12800.0,12800.0,0.0,0,0.0,0,52.1,0.0,0,Unknown,Unknown,2008,used,Tax Paper,Unknown,Unknown,Unknown,,,Phnom Penh,individual,275442,Narith Seng,2026-07-03 08:39:31+07,2026-08-24 10:36:04.652488+07,2026-08-24 09:57:29+07
13749641,ឡានលក់ម្ចាស់ដើមផ្ទាល់ទី1ទើបទិញឆ្នាំ2012ទិញក្រដាស់ពន្ធតំលៃ13500$ចរចារចុះបានតិចតួច0965055071,13500.0,13500.0,0.0,0,0.0,0,41.9,0.0,0,Unknown,Unknown,2012,used,Plate Number,Unknown,Unknown,Unknown,,,Phnom Penh,individual,1208431,Arong Kr,2026-07-09 17:42:47+07,2026-08-20 15:37:42.604687+07,2026-08-20 14:29:19+07
13753010,Hilux Travo Vedition 2027,45900.0,45900.0,0.0,0,0.0,0,39.1,0.0,0,Toyota,Hilux,2027,new,Tax Paper,Unknown,Unknown,Unknown,,,Phnom Penh,store,1260442,Toyota Hilux Travo,2026-07-10 14:41:00+07,2026-08-18 17:18:53.941945+07,2026-08-18 17:00:06+07
13766418,ឡានជិះលក្ខណះគ្រួសារ ឡានស្អាតជិះស្រួល,27500.0,27500.0,0.0,0,0.0,0,38.1,0.0,0,Unknown,Unknown,2015,used,Plate Number,Unknown,Unknown,Unknown,,,Phnom Penh,individual,546100,Yaya,2026-07-14 08:14:45+07,2026-08-21 09:53:15.004769+07,2026-08-21 09:41:52+07
13770563,PRADO 2003 (ម៉ាសុីន ម៉ាស៊ូត),17000.0,17000.0,0.0,0,0.0,0,33.3,0.0,0,Toyota,Land Cruiser Prado,2003,used,Plate Number,Unknown,Unknown,Unknown,,,Phnom Penh,store,331213,Lak Veth,2026-07-15 08:04:33+07,2026-08-17 15:50:57.890544+07,2026-08-17 15:05:48+07
13775260,បេីកដំបូល Kia morning 2013 full smart key open roof  តំលៃល្អ ឡានស្អាត,8300.0,8300.0,0.0,0,0.0,0,36.0,0.0,0,Kia,Morning,2013,used,Tax Paper,Unknown,Unknown,Unknown,,,Phnom Penh,store,94595,Hour Longpheng,2026-07-16 10:43:45+07,2026-08-21 09:53:22.428989+07,2026-08-21 09:17:02+07
13777280,របស់កម្រ ចូលស្តុក Mitsubishi Triton ឆ្នាំផលិត 2018 ម៉ាសុីនធំ អូតូ កាបពីតាស,24900.0,24900.0,0.0,0,0.0,0,38.6,0.0,0,Mitsubishi,Triton,2018,used,Plate Number,Unknown,Unknown,Unknown,,,Phnom Penh,individual,499939,Panh NHA,2026-07-16 19:10:03+07,2026-08-24 10:36:08.596235+07,2026-08-24 09:49:25+07
13798929,2019 Jeep Sport S up Rubicorn ក្រដាសពន្ធ,45500.0,45500.0,0.0,0,0.0,0,29.0,0.0,0,Jeep,Sport S up,2019,used,Tax Paper,Unknown,Unknown,Unknown,,,Phnom Penh,store,351434,HL Auto 888,2026-07-22 15:07:33+07,2026-08-20 15:37:35.450716+07,2026-08-20 15:07:02+07
13799179,Kai Ray 2018 ប្រើ ហ្គាស់ full options ម៉ាស៊ីនស្ទូះខ្លាំង,12400.0,12400.0,0.0,0,0.0,0,29.7,0.0,0,Kia,Ray,2018,used,Tax Paper,Unknown,Unknown,Unknown,,,Phnom Penh,store,1132998,Mean Heng,2026-07-22 15:57:26+07,2026-08-21 09:53:22.425361+07,2026-08-21 09:18:03+07
13813448,GAC Empow r.style  2026,28800.0,28800.0,0.0,0,0.0,0,25.0,0.0,0,GAC,Empow r style,2026,new,Tax Paper,Unknown,Unknown,Unknown,,,Phnom Penh,store,1224932,ChaoFan Auto,2026-07-26 16:46:25+07,2026-08-20 15:37:33.858767+07,2026-08-20 15:01:48+07
13817661,Mazda 3 2015 ថ្មីខ្លាំងណាស់មួយគ្រឿងនេះ,15800.0,15800.0,0.0,0,0.0,0,24.6,0.0,0,Mazda,Mazda 3,2015,used,Plate Number,Unknown,Unknown,Unknown,,,Phnom Penh,store,862400,ជូ អ៊ូ ជិញ,2026-07-27 18:25:04+07,2026-08-21 09:53:21.102367+07,2026-08-21 09:25:00+07
13827670,សំរាប់លក់,6800.0,6800.0,0.0,0,0.0,0,20.0,0.0,0,Unknown,Unknown,1999,used,Plate Number,Unknown,Unknown,Unknown,,,Phnom Penh,individual,251141,om Sou,2026-07-30 10:09:11+07,2026-08-19 09:48:20.915393+07,2026-08-19 09:18:34+07
13828407,NX200T 2016 Fsport ប៉ុងពីរ 5បេតុង ក្នុងឆេរី🍒 Autocheck 90✅,35500.0,35500.0,0.0,0,0.0,0,24.9,0.0,0,Lexus,NX200T,2016,used,Plate Number,Unknown,Unknown,Unknown,,,Phnom Penh,store,781869,RITH AutoCar7777,2026-07-30 12:05:28+07,2026-08-24 10:35:53.577764+07,2026-08-24 10:24:11+07
13829561,Nissan NX8 ខ្លាញ់គោ 2026,38800.0,38800.0,0.0,0,0.0,0,19.1,0.0,0,Nissan,NX8 ខ្លាញ់គោ,2026,new,Tax Paper,Unknown,Unknown,Unknown,,,Phnom Penh,store,1022603,Reachny Vann,2026-07-30 15:31:05+07,2026-08-18 17:18:59.537238+07,2026-08-18 16:20:02+07
13835607,🚗 ទើបរៀបចំហើយថ្មីៗបងប្អូន Toyota Hilux Revo Rally 2022 ម្ចាស់ដើមទី1 នៅថ្មីសាណុំសុីនទាំងអស់😍,39500.0,39500.0,0.0,0,0.0,0,19.2,0.0,0,Toyota,Hilux Revo Rally,2022,used,Plate Number,Unknown,Unknown,Unknown,,,Phnom Penh,store,474970,Veat p-69239397,2026-08-01 11:38:26+07,2026-08-20 15:37:35.451525+07,2026-08-20 15:06:22+07
13840541,Prius 2015 Full Advanced,22500.0,22500.0,0.0,0,0.0,0,17.8,0.0,0,Toyota,Prius,2015,used,Plate Number,Unknown,Unknown,Unknown,,,Phnom Penh,store,146459,Ty Vichet,2026-08-02 19:17:59+07,2026-08-20 15:37:44.220081+07,2026-08-20 14:23:22+07
13841924,Nissan navara full option,27000.0,27000.0,0.0,0,0.0,0,21.0,0.0,0,Nissan,Navara,2019,used,Plate Number,Unknown,Unknown,Unknown,,,Phnom Penh,store,480554,chhim Srengan,2026-08-03 09:53:05+07,2026-08-24 10:36:06.625889+07,2026-08-24 09:53:03+07
13842281,TOYOTA ALPHARD 2012 VVIP FULL 3DOOR G-,25500.0,25500.0,0.0,0,0.0,0,18.0,0.0,0,Toyota,Alphard,2012,used,Tax Paper,Unknown,Unknown,Unknown,,,Phnom Penh,store,16134,ALPHARD កម្ពុជា ៦០១,2026-08-03 10:48:09+07,2026-08-21 09:53:27.391711+07,2026-08-21 09:09:02+07
13846394,6500$ ចរចារបាន,6500.0,6500.0,0.0,0,0.0,0,14.3,0.0,0,Unknown,Unknown,2005,used,Plate Number,Unknown,Unknown,Unknown,,,Phnom Penh,individual,445905,Unknown,2026-08-04 10:54:13+07,2026-08-18 17:19:02.521185+07,2026-08-18 15:58:46+07
13848052,Prius 2007 full,8900.0,8900.0,0.0,0,0.0,0,13.0,0.0,0,Toyota,Prius,2007,used,Plate Number,Unknown,Unknown,Unknown,,,Phnom Penh,store,600718,Sophal Stronger,2026-08-04 15:45:20+07,2026-08-17 15:50:57.836801+07,2026-08-17 15:09:05+07
13849416,Nissan juke nismo RS USA,15888.0,15888.0,0.0,0,0.0,0,13.6,0.0,0,Nissan,Juke,2011,used,Plate Number,Unknown,Unknown,Unknown,,,Kampong Speu,store,99470,BEAN SOK HEANG,2026-08-05 01:48:00+07,2026-08-18 17:18:52.997731+07,2026-08-18 17:12:02+07
13853892,លក់បន្ទាន់,13000.0,13000.0,0.0,0,0.0,0,18.1,0.0,0,Unknown,Unknown,2014,used,Plate Number,Unknown,Unknown,Unknown,,,Phnom Penh,individual,598280,Vuthy Menchan,2026-08-06 07:35:07+07,2026-08-24 10:36:06.631091+07,2026-08-24 09:51:15+07
13854209,08full,10500.0,10500.0,0.0,0,0.0,0,18.1,0.0,0,Unknown,Unknown,2008,used,Plate Number,Unknown,Unknown,Unknown,,,Phnom Penh,individual,191534,Bottra Seanglong,2026-08-06 09:04:18+07,2026-08-24 10:35:52.579948+07,2026-08-24 10:25:13+07
13855449,Toyota Wigo 2026,15900.0,15900.0,0.0,0,0.0,0,14.1,0.0,0,Toyota,Wigo,2026,new,Tax Paper,Unknown,Unknown,Unknown,,,Phnom Penh,store,1251582,Toyota Super Car,2026-08-06 13:14:56+07,2026-08-20 15:37:41.02634+07,2026-08-20 14:31:02+07
13855776,Toyota Raize 2026,21900.0,21900.0,0.0,0,0.0,0,14.1,0.0,0,Toyota,Raize,2026,new,Tax Paper,Unknown,Unknown,Unknown,,,Phnom Penh,store,1251582,Toyota Super Car,2026-08-06 14:18:46+07,2026-08-20 15:37:41.024579+07,2026-08-20 14:32:02+07
13857908,លក់ NX200T luxury 2015 ប៉ុង២ ៥ប៊ូតុង  ប្រើផ្ទាល់,26999.0,26888.0,0.0,0,111.0,1,14.1,0.0,0,Lexus,NX200T,2015,used,Plate Number,Unknown,Unknown,Unknown,,,Phnom Penh,individual,85406,Srey Oun,2026-08-07 07:54:26+07,2026-08-21 09:53:04.840546+07,2026-08-17 20:28:52+07
13858767,Prius 2012,17400.0,17400.0,0.0,0,0.0,0,12.0,0.0,0,Toyota,Prius,2012,used,Tax Paper,Unknown,Unknown,Unknown,,,Phnom Penh,store,242346,Pen samborn,2026-08-07 10:45:48+07,2026-08-19 09:48:22.30189+07,2026-08-19 09:17:08+07
13863701,🔥ChevroletCamaro016🆙ZL1 V4សាំងម៉ាសុីនប្រអប់លេខអ៊ែម ទិញពីម្ចាស់ដេីមទី1,17500.0,17500.0,0.0,0,0.0,0,15.8,0.0,0,Unknown,Unknown,2016,used,Plate Number,Unknown,Unknown,Unknown,,,Phnom Penh,store,459123,MCS AUTO 2,2026-08-08 14:16:00+07,2026-08-24 10:36:05.643804+07,2026-08-24 10:00:18+07
13868409,ឡានឆ្នាំ09 ហ៊្វូលធូរីង ឡានម្ចាស់ដើមឡេងហើយ1ចប់ ទិញយកទៅចំនេញច្រើន,11100.0,11100.0,0.0,0,0.0,0,11.1,0.0,0,Unknown,Unknown,2009,used,Plate Number,Unknown,Unknown,Unknown,,,Phnom Penh,individual,948267,អុឹង ឆុង ជូ,2026-08-10 07:31:29+07,2026-08-21 09:53:15.006095+07,2026-08-21 09:41:37+07
13869373,"Kia Morning 013.Option Luxury , Smart Key,",7800.0,7800.0,0.0,0,0.0,0,14.0,0.0,0,Kia,Morning,2013,used,Plate Number,Unknown,Unknown,Unknown,,,Phnom Penh,store,425901,Seangbun Kin,2026-08-10 10:39:02+07,2026-08-24 10:36:05.643804+07,2026-08-24 09:59:31+07
13872614,2022 Tesla Y Performance dual motor ក្នុងស​,28900.0,28900.0,0.0,0,0.0,0,7.4,0.0,0,Tesla,Y Performance dual,2022,used,Plate Number,Unknown,Unknown,Unknown,,,Phnom Penh,individual,188061,Pu Meng,2026-08-11 08:23:05+07,2026-08-18 17:18:51.126398+07,2026-08-17 09:22:25+07
13874338,Camry Hybrid 2007 Full Option Autocheck 49✅ម្ចាស់ទម្លាក់ទូរមកផ្ទាល់ ឡានមូល ឡានកាលី😍,15800.0,15800.0,0.0,0,0.0,0,12.9,0.0,0,Toyota,Camry,2007,used,Plate Number,Unknown,Unknown,Unknown,,,Phnom Penh,store,781869,RITH AutoCar7777,2026-08-11 14:06:02+07,2026-08-24 10:35:52.585072+07,2026-08-24 10:24:30+07
13874564,ឡានលក់ Camry 02 ABS កៅអីចុច ឡានស្អាត់ម្ចាស់ដើម,9950.0,9999.0,49.0,1,0.0,0,12.8,0.0,0,Toyota,Camry,2002,used,Plate Number,Unknown,Unknown,Unknown,,,Phnom Penh,store,386106,Channy p-78678277,2026-08-11 14:41:01+07,2026-08-24 10:35:57.601318+07,2026-08-24 10:13:03+07
13877682,Tesla Model Y Performance 2021,23000.0,23000.0,0.0,0,0.0,0,8.9,0.0,0,Tesla,Model Y Performance,2021,used,Tax Paper,Unknown,Unknown,Unknown,,,Phnom Penh,store,314368,Hor,2026-08-12 11:27:08+07,2026-08-21 09:53:19.757861+07,2026-08-21 09:21:02+07
13878466,Hilux V-edition 2025,36900.0,36900.0,0.0,0,0.0,0,6.1,0.0,0,Toyota,Hilux,2025,used,Plate Number,Unknown,Unknown,Unknown,,,Phnom Penh,store,772106,Sovannridh Toyota Plus,2026-08-12 14:11:58+07,2026-08-18 17:19:07.201908+07,2026-08-18 15:34:04+07
13880076,Xiaomi Yu7 Max 2025 មួយទឹកស្រុកចិន ឡានតាមផ្លូវ,60900.0,60900.0,0.0,0,0.0,0,8.4,0.0,0,Unknown,Unknown,2025,used,Tax Paper,Unknown,Unknown,Unknown,,,Phnom Penh,store,341306,KS EV AUTO,2026-08-13 00:21:21+07,2026-08-21 09:53:22.430336+07,2026-08-21 09:16:21+07
13880603,Toyota prius 04 Full option,6900.0,6900.0,0.0,0,0.0,0,4.3,0.0,0,Toyota,Prius,2004,used,Plate Number,Unknown,Unknown,Unknown,,,Phnom Penh,store,226533,ជិវិត អ្នកជំនួញ លក់ទូរស័ព្ទដៃទំនើប,2026-08-13 08:35:11+07,2026-08-17 15:50:55.878277+07,2026-08-17 15:17:10+07
13882021,Maxus D60,20000.0,20000.0,0.0,0,0.0,0,5.9,0.0,0,Unknown,Unknown,2022,used,Plate Number,Unknown,Unknown,Unknown,,,Phnom Penh,individual,214945,Soktheary Kay,2026-08-13 12:51:23+07,2026-08-19 09:48:11.442782+07,2026-08-19 09:26:01+07
13883689,LEXUS LX570 2016 Up 2021,79500.0,79500.0,0.0,0,0.0,0,7.5,0.0,0,Lexus,LX570,2016,used,Plate Number,Unknown,Unknown,Unknown,,,Phnom Penh,store,653568,Heng Auto Car,2026-08-13 21:11:03+07,2026-08-21 09:53:26.2385+07,2026-08-21 09:11:01+07
13884189,LX470 2004 លេខ PP-BO xxxx ប្រភេទឡានស្អាត អត់បុក/ប៉ៈ បាតអត់ច្រេះ  ឈ្មោះម្ចាស់ដើមផ្ទាល់ លក់ប្រញាប់លុយ,19750.0,19750.0,0.0,0,0.0,0,5.1,0.0,0,Lexus,LX470,2004,used,Plate Number,Unknown,Unknown,Unknown,,,Phnom Penh,individual,331573,Say Soknet,2026-08-14 08:19:30+07,2026-08-19 09:48:01.898984+07,2026-08-19 09:46:50+07
13885520,NADEN AUTO,8800.0,8800.0,0.0,0,0.0,0,4.9,0.0,0,Unknown,Unknown,2005,used,Plate Number,Unknown,Unknown,Unknown,,,Phnom Penh,store,178985,NADEN AUTO ទិញនិងលក់ រថយន្តគ្រប់ប្រភេទ,2026-08-14 12:01:43+07,2026-08-19 09:48:01.901822+07,2026-08-19 09:45:52+07
13886025,រថយន្តម្ចាស់ដើម,30000.0,30000.0,0.0,0,0.0,0,6.1,0.0,0,Unknown,Unknown,2022,used,Plate Number,Unknown,Unknown,Unknown,,,Phnom Penh,individual,274937,ធឹម សំអាត,2026-08-14 13:49:51+07,2026-08-20 15:37:27.817242+07,2026-08-20 15:22:32+07
13889011,Land cruiser 08up21 ស្ពិច អារ៉ាប់ ទ្បានថ្មីណាស់ ធានាអត់បុក អត់ប៉ះ ធានាម៉ាសុីន ប្រអប់លេខ មិនដែលជុសជុល,29500.0,29500.0,0.0,0,0.0,0,2.2,0.0,0,Toyota,Land Cruiser,2008,used,Plate Number,Unknown,Unknown,Unknown,,,Phnom Penh,individual,1003333,Heng Heng,2026-08-15 11:13:02+07,2026-08-17 15:51:06.454179+07,2026-08-17 14:28:32+07
13890614,Kia Ray 2018 full,11900.0,11900.0,0.0,0,0.0,0,2.9,0.0,0,Kia,Ray,2018,used,Plate Number,Unknown,Unknown,Unknown,,,Phnom Penh,store,440936,Sophoan 168 p-972054555,2026-08-15 18:58:33+07,2026-08-18 17:19:00.458133+07,2026-08-18 16:13:39+07
13890866,C300 2015  20000 ចរចា,20000.0,20000.0,0.0,0,0.0,0,3.5,0.0,0,Mercedes-Benz,C300,2015,used,Plate Number,Unknown,Unknown,Unknown,,,Phnom Penh,individual,199020,Nguon Reasey,2026-08-15 20:53:08+07,2026-08-19 09:48:23.681502+07,2026-08-19 09:09:42+07
13891557,LX570,42500.0,42500.0,0.0,0,0.0,0,5.1,0.0,0,Lexus,LX570,2010,used,Plate Number,Unknown,Unknown,Unknown,,,Kandal,individual,426929,Techlong Hor,2026-08-16 07:45:21+07,2026-08-21 09:53:06.056146+07,2026-08-16 07:45:21+07
13892233,ឡានលក់,48000.0,48000.0,0.0,0,0.0,0,8.0,0.0,0,Unknown,Unknown,2016,used,Plate Number,Unknown,Unknown,Unknown,,,Phnom Penh,individual,1320755,Rathana Mey,2026-08-16 10:56:28+07,2026-08-24 10:36:03.654052+07,2026-08-24 09:58:25+07
13892288,Prius 2012 Option 2 ក្នុងលឿង,16900.0,16900.0,0.0,0,0.0,0,2.9,0.0,0,Toyota,Prius,2012,used,Plate Number,Unknown,Unknown,Unknown,,,Phnom Penh,store,570612,Ieng Meng Lee,2026-08-16 11:11:26+07,2026-08-19 09:48:10.238016+07,2026-08-19 09:30:50+07
13892362,camry.ឆ្នាំ.02.LE.ABS.កៅអីចុច.ពណ៏មាស.តម្លៃ( 8200$ដាច់ ) អ្នកប្រើផ្ទាល់Tel.098205556 ជិះលក្ខណៈគ្រួសារ,8200.0,8200.0,0.0,0,0.0,0,1.2,0.0,0,Toyota,Camry,2002,used,Plate Number,Unknown,Unknown,Unknown,,,Phnom Penh,individual,201449,តារា ហ្វូន,2026-08-16 11:26:35+07,2026-08-17 15:50:53.024165+07,2026-08-17 15:37:48+07
13892554,Toyota Prius 2015 Option2,18800.0,18800.0,0.0,0,0.0,0,4.9,0.0,0,Toyota,Prius,2015,used,Tax Paper,Unknown,Unknown,Unknown,,,Phnom Penh,store,1294519,ZW AUTO CAR,2026-08-16 12:14:22+07,2026-08-21 09:53:04.84519+07,2026-08-16 12:14:22+07
13896982,ឡានថៅកែចិន ចង់លក់,130000.0,130000.0,0.0,0,0.0,0,0.1,0.0,0,Unknown,Unknown,2021,used,Plate Number,Unknown,Unknown,Unknown,,,Phnom Penh,individual,830770,Bong Fa,2026-08-17 14:21:26+07,2026-08-17 15:51:08.296159+07,2026-08-17 14:21:26+07
13897146,ឡានលក់,16900.0,16900.0,0.0,0,0.0,0,0.0,0.0,0,Unknown,Unknown,2002,used,Plate Number,Unknown,Unknown,Unknown,,,Phnom Penh,individual,896904,Pakorn9999,2026-08-17 14:57:01+07,2026-08-17 15:51:00.752104+07,2026-08-17 14:57:01+07
13897360,Lexus LX570 09,49000.0,49000.0,0.0,0,0.0,0,6.8,0.0,0,Lexus,LX570,2009,used,Plate Number,Unknown,Unknown,Unknown,,,Phnom Penh,individual,303320,លក់ទំនិញអនឡាញ,2026-08-17 15:43:10+07,2026-08-24 10:35:59.609109+07,2026-08-24 10:17:13+07
13897445,2014  V6 3.5 full(ចង្កូត ស្រេន អត់កែ),17500.0,17500.0,0.0,0,0.0,0,1.7,0.0,0,Unknown,Unknown,2014,used,Plate Number,Unknown,Unknown,Unknown,,,Phnom Penh,store,618307,VD VD,2026-08-17 16:06:47+07,2026-08-19 09:48:19.539185+07,2026-08-19 09:23:55+07
13898544,Lexus LM 350H 2025 VIP Seats,177777.0,177777.0,0.0,0,0.0,0,3.5,0.0,0,Lexus,LM350h,2025,used,Plate Number,Unknown,Unknown,Unknown,,,Phnom Penh,store,341306,KS EV AUTO,2026-08-17 22:47:48+07,2026-08-21 09:53:22.429668+07,2026-08-21 09:16:25+07
13899769,GAC GN8 global space Master option,42000.0,42000.0,0.0,0,0.0,0,3.0,0.0,0,GAC,GN8,2026,used,Plate Number,Unknown,Unknown,Unknown,,,Phnom Penh,individual,578121,Thai Rong,2026-08-18 10:22:39+07,2026-08-21 09:53:24.912472+07,2026-08-21 09:13:20+07
13899929,លក់ប្រញ៉ាប់លុយ,11200.0,11200.0,0.0,0,0.0,0,3.0,0.0,0,Unknown,Unknown,2007,used,Plate Number,Unknown,Unknown,Unknown,,,Kampong Cham,individual,1017036,លីហៀង កំពង់ចាម,2026-08-18 10:51:19+07,2026-08-21 09:53:19.758538+07,2026-08-21 09:20:33+07
13901367,👉Toyota Bz5 Option Pro Smart 630km 🚘✈️,32800.0,32800.0,0.0,0,0.0,0,0.1,0.0,0,Toyota,Bz5,2025,new,Tax Paper,Unknown,Unknown,Unknown,,,Phnom Penh,store,1246782,𝐂𝐑 𝐀𝐮𝐭𝐨 -𝐁𝐲 𝐒𝐞𝐧𝐠 𝐇𝐢𝐞𝐧𝐠,2026-08-18 15:37:34+07,2026-08-18 17:19:06.251486+07,2026-08-18 15:37:34+07
13901630,LEXUS RX300 F-SPORT2020 ឡាននៅថ្មីស្អាត,59500.0,59500.0,0.0,0,0.0,0,0.0,0.0,0,Lexus,RX300,2020,used,Plate Number,Unknown,Unknown,Unknown,,,Phnom Penh,individual,584642,Say Sivmey,2026-08-18 16:25:25+07,2026-08-18 17:18:58.598111+07,2026-08-18 16:25:25+07
13901645,ឡានលក់PRIUS2008ហ្វូក្នុងលឿងហ្សុីនមួយជុំ,12500.0,12500.0,0.0,0,0.0,0,0.0,0.0,0,Unknown,Unknown,2008,used,Tax Paper,Unknown,Unknown,Unknown,,,Phnom Penh,individual,1253992,RA MIECH,2026-08-18 16:28:05+07,2026-08-18 17:18:58.596107+07,2026-08-18 16:28:05+07
13901741,Lexus Lx570 Super Sports 2018,95500.0,95500.0,0.0,0,0.0,0,0.0,0.0,0,Lexus,LX570,2018,used,Plate Number,Unknown,Unknown,Unknown,,,Phnom Penh,store,437482,Sun Ny Auto Car,2026-08-18 16:50:56+07,2026-08-18 17:18:55.824097+07,2026-08-18 16:50:56+07
13903407,ឡានលក់,13500.0,13500.0,0.0,0,0.0,0,0.0,0.0,0,Unknown,Unknown,2012,used,Plate Number,Unknown,Unknown,Unknown,,,Phnom Penh,individual,1321935,KS,2026-08-19 09:27:02+07,2026-08-19 09:48:11.441207+07,2026-08-19 09:27:02+07
13908374,Corolla 04leម្ចាសដេីមសំនុំសុីន 7800$ចរចារ,7800.0,7800.0,0.0,0,0.0,0,0.1,0.0,0,Toyota,Corolla,2004,used,Tax Paper,Unknown,Unknown,Unknown,,,Phnom Penh,store,794657,សុភ្រ័ សុភ័ក្រ,2026-08-20 14:15:48+07,2026-08-20 15:37:49.862829+07,2026-08-20 14:15:48+07
13908434,Toyota Prius 2005 ឡានសាច់ដែកនៅស្អាត អត់ច្រេះ អត់ពុក ម៉ាសុីន អាគុយ ABS នៅអេមយកទៅលាងទឹក ប៉ូលែជិះបាន,7250.0,7250.0,0.0,0,0.0,0,0.0,0.0,0,Toyota,Prius,2005,used,Plate Number,Unknown,Unknown,Unknown,,,Phnom Penh,store,592215,Thearith Nhen,2026-08-20 14:27:25+07,2026-08-20 15:37:44.213202+07,2026-08-20 14:27:25+07
13908620,CX-3  ឆ្នាំ​ . 2025 - ហ្វូល​ S. Sopt​,24500.0,24500.0,0.0,0,0.0,0,0.0,0.0,0,Mazda,CX-3,2025,used,Plate Number,Unknown,Unknown,Unknown,,,Phnom Penh,store,458155,សេង​ ចាន់ CH,2026-08-20 15:04:52+07,2026-08-20 15:37:32.538199+07,2026-08-20 15:04:52+07
13908639,Sale. 2005. Full option.,8990.0,8990.0,0.0,0,0.0,0,0.0,0.0,0,Unknown,Unknown,2005,used,Plate Number,Unknown,Unknown,Unknown,,,Phnom Penh,store,743943,Chan Tholry,2026-08-20 15:08:47+07,2026-08-20 15:37:35.44965+07,2026-08-20 15:08:47+07
13908724,Toyota Alphard Hybrid 2012 For SALE,26500.0,26500.0,0.0,0,0.0,0,0.0,0.0,0,Toyota,Alphard,2012,used,Plate Number,Unknown,Unknown,Unknown,,,Phnom Penh,individual,155450,VARYLEN,2026-08-20 15:28:52+07,2026-08-20 15:37:27.813284+07,2026-08-20 15:28:52+07
13910527,Lexus 470.2000លក់ដូសារី9900$ចរចារ,9900.0,9900.0,0.0,0,0.0,0,0.0,0.0,0,Lexus,470 2000លក់ដូសារី9900$ចរចារ,2000,used,Tax Paper,Unknown,Unknown,Unknown,,,Phnom Penh,store,794657,សុភ្រ័ សុភ័ក្រ,2026-08-21 09:13:31+07,2026-08-21 09:53:24.911848+07,2026-08-21 09:13:31+07
13910553,"Ssangyong Tivoli  ឆ្នាំ2020 ( ស្លាកលេខ)តម្លៃ 12,xxx ចចារបានTel: 093 777 868",12900.0,12900.0,0.0,0,0.0,0,0.0,0.0,0,Unknown,Unknown,2020,used,Plate Number,Unknown,Unknown,Unknown,,,Phnom Penh,store,1318106,Auto Mall,2026-08-21 09:17:54+07,2026-08-21 09:53:22.42673+07,2026-08-21 09:17:54+07
13917961,ជិះរាល់ថ្ងៃអត់លិយលក់,2200.0,2200.0,0.0,0,0.0,0,1.0,0.0,0,Unknown,Unknown,2001,used,Plate Number,Unknown,Unknown,Unknown,,,Phnom Penh,individual,808266,Sin Bunra,2026-08-23 10:48:49+07,2026-08-24 10:35:57.602632+07,2026-08-24 10:12:19+07
13921392,Avatr 12 Ultra new version2 full option 59800$ ( ចរចារ ),59800.0,59800.0,0.0,0,0.0,0,0.0,0.0,0,Avatr,Avatr 12,2026,new,Tax Paper,Unknown,Unknown,Unknown,,,Phnom Penh,individual,1232103,Chorn Sreynith,2026-08-24 10:13:18+07,2026-08-24 10:35:57.601318+07,2026-08-24 10:13:18+07
13921460,🌟ស្តុកថ្មី ទើបប្រើបាន 7100km ធានាទឹកថ្នាំហ្សុីនមួយជុំ 🚘MAX 610km 2025 TOYOTA BZ3X សកាំម៉ៃដំបូលខ្មៅ,26888.0,26888.0,0.0,0,0.0,0,0.0,0.0,0,Toyota,BZ3X សកាំម៉ៃដំបូលខ្មៅ,2025,used,Plate Number,Unknown,Unknown,Unknown,,,Phnom Penh,store,463257,CHHEANG,2026-08-24 10:26:34+07,2026-08-24 10:35:51.606442+07,2026-08-24 10:26:34+07
13921468,010អត់សិនបីដំបូលសរឡាឡានថ្មីដាច់ធានាឡានមិនមានបុកប៉ះអាគុយABSអ៊ែម សាង 14999$ 0968793333,14999.0,14999.0,0.0,0,0.0,0,0.0,0.0,0,Unknown,Unknown,2010,used,Plate Number,Unknown,Unknown,Unknown,,,Phnom Penh,individual,1285780,No Mc,2026-08-24 10:27:02+07,2026-08-24 10:35:55.58206+07,2026-08-24 10:27:02+07
13216997,⚡️ស្តុកថ្មីទើបឡើងហើយសំរាប់លក់⚡️⚜️LANDCRUISER 2008ឡើង2026⚜️,49500.0,49500.0,0.0,0,0.0,0,175.2,0.0,0,Unknown,Unknown,2008,used,Plate Number,Unknown,Unknown,Unknown,,,Phnom Penh,store,222306,The Roy 88 Car sale,2026-02-24 12:17:48+07,2026-08-18 17:18:55.824097+07,2026-08-18 16:52:02+07
13236985,GAC GN8 Master full option,63800.0,63800.0,0.0,0,0.0,0,172.0,0.0,0,GAC,GN8,2025,new,Tax Paper,Unknown,Unknown,Unknown,,,Phnom Penh,store,1095235,មាស ចន្ទ័មុន្នីរត្ន័,2026-03-01 16:19:16+07,2026-08-20 15:37:33.864103+07,2026-08-20 15:00:08+07
13275885,ស្រីម៉ៅស្រស់ស្អាត ដាក់លក់!,7600.0,7600.0,0.0,0,0.0,0,160.9,0.0,0,Unknown,Unknown,2001,used,Plate Number,Unknown,Unknown,Unknown,,,Phnom Penh,individual,114960,Vanny,2026-03-11 12:04:56+07,2026-08-19 09:48:01.897471+07,2026-08-19 09:47:03+07
13309349,LEXUS RZ450E AWD EV 2023,48000.0,48000.0,0.0,0,0.0,0,152.2,0.0,0,Lexus,RZ450e,2023,new,Tax Paper,Unknown,Unknown,Unknown,,,Phnom Penh,store,475016,ITH RATHANA,2026-03-19 11:24:03+07,2026-08-18 17:19:08.121211+07,2026-08-18 15:30:03+07
13321055,Starex 09 ដំបូលបេីក2តង់ហ្វូលអប់សិនរំលស់សុត100%បាន,12900.0,12900.0,0.0,0,0.0,0,155.0,0.0,0,Hyundai,Starex,2009,used,Plate Number,Unknown,Unknown,Unknown,,,Phnom Penh,store,285673,Chandara Auto,2026-03-22 10:14:02+07,2026-08-24 10:36:03.651369+07,2026-08-24 09:59:03+07
13322034,S400L 2015 up Maybach $$48500 ក្រដាសពន្ធ,48500.0,48500.0,0.0,0,0.0,0,154.9,0.0,0,Unknown,Unknown,2015,used,Tax Paper,Unknown,Unknown,Unknown,,,Phnom Penh,store,729792,TN TN,2026-03-22 13:45:31+07,2026-08-24 10:35:58.604145+07,2026-08-24 10:00:18+07
13342159,Lexus CT200h 2012 (ឃ្មុំ​ហ្សុីន​🐝),16800.0,16800.0,0.0,0,0.0,0,146.1,0.0,0,Lexus,CT200h,2012,used,Plate Number,Unknown,Unknown,Unknown,,,Phnom Penh,individual,1280990,RED COLLECTION,2026-03-27 12:59:07+07,2026-08-20 15:37:39.44999+07,2026-08-20 14:52:37+07
13372987,Mercedes Benz S500 2021 V6,145000.0,157500.0,12500.0,1,0.0,0,136.2,0.0,0,Mercedes-Benz,S500,2021,used,Plate Number,Unknown,Unknown,Unknown,,,Phnom Penh,store,359541,WD777 Auto,2026-04-04 12:38:52+07,2026-08-18 17:19:08.119026+07,2026-08-18 15:30:17+07
13375215,រថយន្តToyota CAMRY 07 ពណ៍សកាំមៃ ខួប50th hybridលក់ប្រញាប់,14500.0,14500.0,0.0,0,0.0,0,136.1,0.0,0,Toyota,Camry,2007,used,Plate Number,Unknown,Unknown,Unknown,,,Phnom Penh,store,663305,Toun da Toun da,2026-04-05 07:30:59+07,2026-08-19 09:48:11.440758+07,2026-08-19 09:27:03+07
13383190,𝐌𝐞𝐫𝐜𝐞𝐝𝐞𝐬 𝐁𝐞𝐧𝐳 𝐕𝟐𝟓𝟎 𝟐𝟎𝟐𝟎,52900.0,52900.0,0.0,0,0.0,0,139.1,0.0,0,Mercedes-Benz,V250,2020,used,Plate Number,Unknown,Unknown,Unknown,,,Phnom Penh,store,468573,HL AUTO,2026-04-07 09:08:12+07,2026-08-24 10:35:55.580054+07,2026-08-24 10:28:01+07
13418728,Leopard 3 Option Ultra 2025 ជិតចូលស្តុកហើយពុកម៉ែបងប្អូនទាំងអស់,31500.0,31500.0,0.0,0,0.0,0,125.8,0.0,0,Fangchengbao,3,2025,new,Tax Paper,Unknown,Unknown,Unknown,,,Phnom Penh,store,1285421,LT Auto Cambodia Davan,2026-04-20 14:41:50+07,2026-08-24 10:36:04.652488+07,2026-08-24 09:56:03+07
13421202,Kia EV5 720wave សាកពេញ ជិះបាន 720គីឡូ,27500.0,27500.0,0.0,0,0.0,0,122.0,0.0,0,Kia,EV5 720wave សាកពេញ,2024,used,Plate Number,Unknown,Unknown,Unknown,,,Phnom Penh,individual,637668,Capitan American,2026-04-21 09:24:53+07,2026-08-21 09:53:09.875468+07,2026-08-21 09:49:16+07
13428827,Lexus Nx 300h 2015 ឡានមូល ប៉ុង 2 Autocheck ជាប់ ឡានកាលីCA (បើកទូរថ្ងៃ២៩),39500.0,39500.0,0.0,0,0.0,0,119.9,0.0,0,Lexus,NX300h,2015,used,Tax Paper,Unknown,Unknown,Unknown,,,Phnom Penh,store,422324,S898 Auto Dealer,2026-04-22 19:11:55+07,2026-08-20 15:37:27.816272+07,2026-08-20 15:25:02+07
13433204,លក់ឡានធូរថ្លៃMercedes Bens ឆ្នាំ2013 V4,15500.0,15500.0,0.0,0,0.0,0,117.0,0.0,0,Mercedes-Benz,Bens ឆ្នាំ2013 V4,2013,used,Plate Number,Unknown,Unknown,Unknown,,,Phnom Penh,store,557534,សារ៉ុម រាជសីហ៍ លក់រថយន្តគ្រប់ប្រភេទ,2026-04-23 16:33:06+07,2026-08-18 17:19:00.458133+07,2026-08-18 16:08:03+07
13437102,ឡានលក់ Luxus GS 300 full Option,12500.0,12500.0,0.0,0,0.0,0,121.8,0.0,0,Unknown,Unknown,2006,used,Plate Number,Unknown,Unknown,Unknown,,,Phnom Penh,individual,254692,Saran Rich,2026-04-24 14:58:30+07,2026-08-24 10:35:49.62161+07,2026-08-21 10:44:36+07
13437151,អាល់ផាត2015លក់ធូៗ,31500.0,31500.0,0.0,0,0.0,0,118.0,0.0,0,Unknown,Unknown,2015,used,Plate Number,Unknown,Unknown,Unknown,,,Phnom Penh,store,240219,សុខ ឡាំ ហាងលក់ម៉ូតូគ្រប់ប្រភេទ,2026-04-24 15:03:57+07,2026-08-20 15:37:51.431658+07,2026-08-20 14:00:18+07
13466843,ឆ្នាំ93ឯកសារគ្រប់នៅសានុំទាំងអស់,3000.0,3000.0,0.0,0,0.0,0,114.2,0.0,0,Unknown,Unknown,1993,used,Plate Number,Unknown,Unknown,Unknown,,,Phnom Penh,individual,1019989,Kong Sa Kiry,2026-05-02 05:49:27+07,2026-08-24 10:35:49.620601+07,2026-08-19 11:20:23+07
13468495,Mazda2 2016 2AE PP,12800.0,12800.0,0.0,0,0.0,0,113.9,0.0,0,Mazda,Mazda2,2016,used,Plate Number,Unknown,Unknown,Unknown,,,Phnom Penh,store,151525,Heng Ravy 洲  ( 中文 English Khmer ខ្មែរ)speaking,2026-05-02 12:58:37+07,2026-08-24 10:35:53.577764+07,2026-08-24 10:24:02+07
13474592,NX200T 016 Fsport ពូកឆេរី🍒 ថ្នាំឡាននៅសុីន98%😍,29800.0,29800.0,0.0,0,0.0,0,112.0,0.0,0,Lexus,NX200T,2016,used,Plate Number,Unknown,Unknown,Unknown,,,Phnom Penh,store,781869,RITH AutoCar7777,2026-05-04 10:36:00+07,2026-08-24 10:35:52.586632+07,2026-08-24 10:24:15+07
13492266,Selling Car,18900.0,18900.0,0.0,0,0.0,0,102.2,0.0,0,Unknown,Unknown,2021,used,Plate Number,Unknown,Unknown,Unknown,,,Phnom Penh,individual,1190398,Natural Man,2026-05-08 12:53:52+07,2026-08-18 17:19:00.458133+07,2026-08-18 16:06:33+07
13492788,ឆ្នាំ2006/ហ្វូលពេញ,10400.0,10400.0,0.0,0,0.0,0,102.8,0.0,0,Unknown,Unknown,2006,used,Plate Number,Unknown,Unknown,Unknown,,,Phnom Penh,store,138705,ព្រះនាង ស្រីសួគ៌,2026-05-08 14:31:25+07,2026-08-19 09:48:01.897683+07,2026-08-19 09:47:03+07
13502117,លំដាប់មេឡានpriusថ្មីណាស់មូល100% មានឃ្មុំស៊ីន,20600.0,20600.0,0.0,0,0.0,0,105.0,0.0,0,Toyota,Prius,2014,used,Tax Paper,Unknown,Unknown,Unknown,,,Phnom Penh,store,132399,Bi car shop,2026-05-11 09:58:05+07,2026-08-24 10:36:03.644366+07,2026-08-24 09:59:03+07
13503244,លក់ឡានខ្ញុំផ្ទាល់ សៀមរាបលក់ប្រញាប់លុយ,11500.0,11500.0,0.0,0,0.0,0,101.9,0.0,0,Unknown,Unknown,2005,used,Plate Number,Unknown,Unknown,Unknown,,,Siem Reap,individual,860367,ធត់ សុវណ្ណ,2026-05-11 12:28:01+07,2026-08-21 09:53:16.321933+07,2026-08-21 09:31:11+07
13509022,LEXUS LX470,20500.0,20500.0,0.0,0,0.0,0,100.0,0.0,0,Lexus,LX470,2005,used,Plate Number,Unknown,Unknown,Unknown,,,Phnom Penh,store,342545,ទិញ លក់និងដូររថយន្តគ្រប់ប្រភេទ,2026-05-12 16:23:49+07,2026-08-20 15:37:38.104393+07,2026-08-20 14:57:03+07
13518561,ឡានលក់LEXUS RX330 មានពាក់កណ្ដាល full និង full option ពេញ សុទ្ធតែ ប៉ុង1 ទាំងអស់ មានពណ៌ស និង ផ្សែងបារី,16900.0,16900.0,0.0,0,0.0,0,98.4,0.0,0,Lexus,RX330,2006,used,Plate Number,Unknown,Unknown,Unknown,,,Phnom Penh,store,207563,ផាន់ អាម៉ាដា,2026-05-14 23:14:36+07,2026-08-21 09:53:16.324142+07,2026-08-21 09:30:12+07
13535443,LX700h F-Sport 2026 ស្តុកថ្មី,275000.0,275000.0,0.0,0,0.0,0,93.9,0.0,0,Unknown,Unknown,2026,new,Tax Paper,Unknown,Unknown,Unknown,,,Phnom Penh,store,246945,Lexus - Vichhai,2026-05-18 19:04:52+07,2026-08-20 15:37:33.865558+07,2026-08-20 15:00:08+07
13538489,Lexus Nx200t White 2017 F-Sport ប៊ូតុង៤ ប៉ុង ១ 😍,40500.0,40500.0,0.0,0,0.0,0,90.1,0.0,0,Lexus,NX200t,2017,used,Tax Paper,Unknown,Unknown,Unknown,,,Phnom Penh,store,422324,S898 Auto Dealer,2026-05-19 12:39:48+07,2026-08-17 15:51:02.666517+07,2026-08-17 14:45:05+07
13540099,RAM Laramie,43500.0,43500.0,0.0,0,0.0,0,93.6,0.0,0,Unknown,Unknown,2021,used,Plate Number,Unknown,Unknown,Unknown,,,Phnom Penh,store,340708,VMP AUTO,2026-05-19 19:11:02+07,2026-08-21 09:53:26.238298+07,2026-08-21 09:11:01+07
13543444,LEXUS ES300H Full Premium ឆ្នាំ 2013 ពណ៍ខ្មៅ ក្នុងលឿង,26800.0,26800.0,0.0,0,0.0,0,92.1,0.0,0,Lexus,ES300h,2013,used,Tax Paper,Unknown,Unknown,Unknown,,,Phnom Penh,store,337337,PT99 AUTO,2026-05-20 13:53:53+07,2026-08-20 15:37:32.536948+07,2026-08-20 15:05:15+07
13544097,ឡានលក់ Lexus NX200T ផ្លាកលេខម្ចាស់ដើមទីមួយ,33800.0,33800.0,0.0,0,0.0,0,92.8,0.0,0,Lexus,NX200t,2015,used,Plate Number,Unknown,Unknown,Unknown,,,Phnom Penh,store,990934,Outdom Nop,2026-05-20 15:37:07+07,2026-08-21 09:53:22.424902+07,2026-08-21 09:18:03+07
13554239,ឡានលក់ Camry ឆ្នាំ09 LE កៅអីចុច ព៉ោង9 មានហ្វ្រាំងABS នឹង VSC ពណ៌ស,17900.0,17900.0,0.0,0,0.0,0,90.6,0.0,0,Toyota,Camry,2009,used,Plate Number,Unknown,Unknown,Unknown,,,Phnom Penh,store,207563,ផាន់ អាម៉ាដា,2026-05-22 20:17:57+07,2026-08-21 09:53:23.577596+07,2026-08-21 09:15:04+07
13558116,CAMRY LE 08 ខាងក្នុងលឿង,15800.0,15800.0,0.0,0,0.0,0,87.0,0.0,0,Toyota,Camry,2008,used,Plate Number,Unknown,Unknown,Unknown,,,Phnom Penh,individual,686538,ម៉េងសៀវ ពុទ្ធា,2026-05-23 18:23:23+07,2026-08-18 17:18:59.537238+07,2026-08-18 16:21:40+07
13565296,⭐️The New TOYOTA BZ 5 2025 Rang 630km....🎊,31800.0,31800.0,0.0,0,0.0,0,85.7,0.0,0,Toyota,BZ 5 Rang,2025,new,Tax Paper,Unknown,Unknown,Unknown,,,Phnom Penh,store,1246782,𝐂𝐑 𝐀𝐮𝐭𝐨 -𝐁𝐲 𝐒𝐞𝐧𝐠 𝐇𝐢𝐞𝐧𝐠,2026-05-25 16:35:03+07,2026-08-19 09:48:20.911916+07,2026-08-19 09:20:06+07
13567656,លក់ម្ចាស់ផ្ទាល់ 01 P1 សុីនជុំ ស្អាតគ្មានទាស់ មើលមិនខាតជើងធានា,11200.0,11200.0,0.0,0,0.0,0,86.2,0.0,0,Unknown,Unknown,2001,used,Plate Number,Unknown,Unknown,Unknown,,,Kampong Chhnang,individual,123106,BOU BORIN,2026-05-26 09:59:05+07,2026-08-20 15:37:27.81479+07,2026-08-20 15:26:30+07
13567983,កាតឈ្មោះជូន ឡានថ្មីណាស់ ប្រើបាន 5ម៉ឺនគីឡូ ទឹកថ្នាំហ្ស៊ីនមួយជុំ Chevrolet Colorado 2020,27500.0,27500.0,0.0,0,0.0,0,86.2,0.0,0,Chevrolet,Colorado,2020,used,Plate Number,Unknown,Unknown,Unknown,,,Phnom Penh,store,629076,ហ៊ា ហេង,2026-05-26 10:48:00+07,2026-08-20 15:37:49.863201+07,2026-08-20 14:15:06+07
13568013,2026 GAC Aion i60 EV High-Spec,24600.0,24600.0,0.0,0,0.0,0,87.0,0.0,0,GAC,Aion i60 EV,2026,new,Tax Paper,Unknown,Unknown,Unknown,,,Phnom Penh,store,1222462,JH 龙哥A车,2026-05-26 10:52:38+07,2026-08-21 09:53:16.324333+07,2026-08-21 09:30:12+07
13570309,JAC 3T,23000.0,23000.0,0.0,0,0.0,0,89.6,0.0,0,JAC,3T,2025,new,Tax Paper,Unknown,Unknown,Unknown,,,Phnom Penh,store,1070674,Manny Nhor,2026-05-26 19:28:39+07,2026-08-24 10:35:54.568358+07,2026-08-24 10:21:15+07
13570413,Volkswagen Multivan 2018 VIP តួវែង Urgent Sale!!!,22900.0,22900.0,0.0,0,0.0,0,86.6,0.0,0,Volkswagen,Multivan VIP តួវែង,2018,used,Plate Number,Unknown,Unknown,Unknown,,,Phnom Penh,store,161190,Por168,2026-05-26 20:09:22+07,2026-08-21 09:53:23.576718+07,2026-08-21 09:15:04+07
13578291,LEXUS ES300H Full Premium ឆ្នាំ 2013 ពណ៍ស ក្នុងលឿង,27900.0,27900.0,0.0,0,0.0,0,84.0,0.0,0,Lexus,ES300h,2013,used,Tax Paper,Unknown,Unknown,Unknown,,,Phnom Penh,store,337337,PT99 AUTO,2026-05-28 15:25:33+07,2026-08-20 15:37:32.536233+07,2026-08-20 15:05:25+07
13584900,AVATR 12 Option Master 2026,62800.0,62800.0,0.0,0,0.0,0,80.3,0.0,0,Unknown,Unknown,2026,new,Tax Paper,Unknown,Unknown,Unknown,,,Phnom Penh,store,859638,Lisa Tang,2026-05-30 09:36:27+07,2026-08-18 17:18:53.941945+07,2026-08-18 17:00:06+07
13595008,Lexus GX470 2003 full,13500.0,13500.0,0.0,0,0.0,0,76.7,0.0,0,Lexus,GX470,2003,used,Plate Number,Unknown,Unknown,Unknown,,,Phnom Penh,store,211035,មនុស្ស ស្មោះ,2026-06-01 21:56:08+07,2026-08-17 15:51:05.447921+07,2026-08-17 14:36:05+07
13603110,2015 Mercedes Benz C300 4Matic,23500.0,23500.0,0.0,0,0.0,0,77.9,0.0,0,Mercedes-Benz,C300,2015,used,Plate Number,Unknown,Unknown,Unknown,,,Phnom Penh,store,464726,CL69 Auto,2026-06-03 17:17:54+07,2026-08-20 15:37:42.601656+07,2026-08-20 14:30:10+07
13609265,Rang Rover Vogue 2018 ម៉ាស៊ូត,68000.0,68000.0,0.0,0,0.0,0,76.3,0.0,0,Land Rover,Range Rover Vogue,2018,used,Plate Number,Unknown,Unknown,Unknown,,,Phnom Penh,store,201843,Auto LS999,2026-06-05 08:59:23+07,2026-08-20 15:37:32.540271+07,2026-08-20 15:04:01+07
13612741,LEXUS GS200T 2016 Full Option,31800.0,31800.0,0.0,0,0.0,0,79.5,0.0,0,Lexus,GS200T,2016,used,Tax Paper,Unknown,Unknown,Unknown,,,Phnom Penh,store,422115,CT99 Auto Car,2026-06-05 21:43:04+07,2026-08-24 10:35:52.582969+07,2026-08-24 10:25:06+07
13614375,Toyota Prius 2010 (Option 3),18300.0,18300.0,0.0,0,0.0,0,75.1,0.0,0,Toyota,Prius,2010,used,Tax Paper,Unknown,Unknown,Unknown,,,Phnom Penh,store,256260,Unknown,2026-06-06 12:06:28+07,2026-08-20 15:37:33.862739+07,2026-08-20 15:00:08+07
13627624,លក់រថយន្តដេវូ,3900.0,3900.0,0.0,0,0.0,0,75.7,0.0,0,Unknown,Unknown,1998,used,Plate Number,Unknown,Unknown,Unknown,,,Phnom Penh,individual,162857,Sengkim Sengkim168,2026-06-09 17:27:19+07,2026-08-24 10:35:58.603354+07,2026-08-24 10:00:47+07
13649810,Mercedes Benz C300 coupeឆ្នាំ2017 Options ពិសេស,38700.0,38700.0,0.0,0,0.0,0,70.0,0.0,0,Mercedes-Benz,C300,2017,used,Tax Paper,Unknown,Unknown,Unknown,,,Phnom Penh,store,141100,8889 Auto,2026-06-15 10:18:11+07,2026-08-24 10:35:49.617808+07,2026-08-24 06:30:05+07
13664781,VW Tiguan Top option(ឡានថ្មីស្រុកខ្មែរ),14400.0,14400.0,0.0,0,0.0,0,63.7,0.0,0,Volkswagen,Tiguan,2014,used,Plate Number,Unknown,Unknown,Unknown,,,Phnom Penh,store,410992,BIG BOSS,2026-06-18 17:15:35+07,2026-08-21 09:53:26.241883+07,2026-08-21 09:10:05+07
13670990,_ Lexus 570 (2015) ឡើង​ Kuro​ 2021 ឡើង ស្អាត​- តម្លៃ​ 63500$,59500.0,59500.0,0.0,0,0.0,0,65.0,0.0,0,Lexus,570 (2015) ឡើង,2015,used,Plate Number,Unknown,Unknown,Unknown,,,Phnom Penh,individual,70670,Samnang,2026-06-20 10:45:30+07,2026-08-24 10:35:59.609109+07,2026-08-24 10:17:22+07
13687771,🏆រថយន្តប្រភេទ Deepal S07,34200.0,34200.0,0.0,0,0.0,0,60.9,0.0,0,Changan,Deepal S07,2026,new,Tax Paper,Unknown,Unknown,Unknown,,,Phnom Penh,store,1246782,𝐂𝐑 𝐀𝐮𝐭𝐨 -𝐁𝐲 𝐒𝐞𝐧𝐠 𝐇𝐢𝐞𝐧𝐠,2026-06-24 11:57:20+07,2026-08-24 10:35:57.604516+07,2026-08-24 10:10:39+07
13688535,013 option 3 solar,17800.0,17800.0,0.0,0,0.0,0,57.1,0.0,0,Unknown,Unknown,2013,used,Tax Paper,Unknown,Unknown,Unknown,,,Phnom Penh,individual,461520,Somol Somol,2026-06-24 13:46:32+07,2026-08-20 15:37:39.447565+07,2026-08-20 14:55:49+07
13694438,🔥Prius07Half កាន់💰3500$💸ដកឡានភ្លាមបង់រំលស់ជាមួយឃ្លាំងផ្ទាល់,11900.0,11900.0,0.0,0,0.0,0,59.7,0.0,0,Unknown,Unknown,2007,used,Plate Number,Unknown,Unknown,Unknown,,,Phnom Penh,store,459123,MCS AUTO 2,2026-06-25 18:17:54+07,2026-08-24 10:36:01.62584+07,2026-08-24 10:00:18+07
13697861,Mazda BT50,26000.0,26000.0,0.0,0,0.0,0,53.1,0.0,0,Mazda,BT50,2020,used,Plate Number,Unknown,Unknown,Unknown,,,Phnom Penh,store,1039372,Chhay Borey,2026-06-26 14:34:43+07,2026-08-18 17:18:58.598111+07,2026-08-18 16:27:03+07
13699211,Geely Galaxy Starship 7,28800.0,28800.0,0.0,0,0.0,0,54.8,0.0,0,Geely,Galaxy Starship 7,2025,new,Tax Paper,Unknown,Unknown,Unknown,,,Phnom Penh,individual,1089883,Chuyy Chuyy,2026-06-26 21:32:41+07,2026-08-20 15:37:27.815638+07,2026-08-20 15:25:20+07
13704669,ឡានលក់ ឡានស្អាតទាំងក្នុងទាំងក្រៅ,6800.0,6800.0,0.0,0,0.0,0,53.1,0.0,0,Unknown,Unknown,2003,used,Plate Number,Unknown,Unknown,Unknown,,,Phnom Penh,store,474191,P T,2026-06-28 12:21:32+07,2026-08-20 15:37:44.21253+07,2026-08-20 14:27:37+07
13709697,សាំង + ហ្គាស 8600$,8600.0,8600.0,0.0,0,0.0,0,50.7,0.0,0,Kia,ស 8600$,2012,used,Tax Paper,Unknown,Unknown,Unknown,,,Phnom Penh,store,1076149,Lim Hok,2026-06-29 17:40:17+07,2026-08-19 09:48:19.537714+07,2026-08-19 09:24:34+07
13714552,CAMRY 03 V6. XLE Fullពេញ​,7999.0,7999.0,0.0,0,0.0,0,54.5,0.0,0,Toyota,Camry,2003,used,Plate Number,Unknown,Unknown,Unknown,,,Phnom Penh,store,71544,Heng Hour,2026-06-30 23:46:09+07,2026-08-24 10:35:59.607107+07,2026-08-24 10:18:02+07
13716504,06 full​ ABS,7900.0,7900.0,0.0,0,0.0,0,50.9,0.0,0,Unknown,Unknown,2006,used,Plate Number,Unknown,Unknown,Unknown,,,Phnom Penh,individual,335505,សី ហា,2026-07-01 13:06:49+07,2026-08-21 09:53:23.578988+07,2026-08-21 09:14:28+07
13718615,NISSAN FRONTIER 2008 V6 P2 ទ្រុងវែង,12500.0,12500.0,0.0,0,0.0,0,53.2,0.0,0,Nissan,FRONTIER V6 P2,2008,used,Plate Number,Unknown,Unknown,Unknown,,,Phnom Penh,store,789501,Kung Mengkorng,2026-07-02 05:59:55+07,2026-08-24 10:36:04.652488+07,2026-08-24 09:56:53+07
13724459,"Ford F-150 Raptor 2017 USA , ពិន្ទុ​ 92 , Full Option",46800.0,46800.0,0.0,0,0.0,0,46.2,0.0,0,Ford,F-150 Raptor,2017,used,Plate Number,Unknown,Unknown,Unknown,,,Phnom Penh,store,354084,ThyNa Car Seat,2026-07-03 12:31:52+07,2026-08-18 17:18:57.645838+07,2026-08-18 16:36:29+07
13726133,Xiao Mi  YU7 EV 760km 2025 Max,61800.0,61800.0,0.0,0,0.0,0,45.9,0.0,0,Unknown,Unknown,2025,used,Tax Paper,Unknown,Unknown,Unknown,,,Phnom Penh,store,1249350,Siev Orng,2026-07-03 19:48:03+07,2026-08-18 17:19:01.600602+07,2026-08-18 16:01:02+07
13726360,Highlander ម៉ាស៊ីន6 ប៉ុង1,8700.0,8700.0,0.0,0,0.0,0,45.8,0.0,0,Toyota,Highlander,2001,used,Plate Number,Unknown,Unknown,Unknown,,,Phnom Penh,store,1039372,Chhay Borey,2026-07-03 21:21:25+07,2026-08-18 17:18:58.596107+07,2026-08-18 16:30:08+07
13734230,Rx330 ពាក់កណ្ដាលFull ប៉ុង១ ក្នុងលឿង,22500.0,22500.0,0.0,0,0.0,0,42.3,0.0,0,Lexus,RX330,2004,used,Plate Number,Unknown,Unknown,Unknown,,,Phnom Penh,store,388346,p-10365366,2026-07-06 09:44:55+07,2026-08-17 15:51:03.584859+07,2026-08-17 14:43:03+07
13734601,Stargazer 2026 MPV 7កៅអី,29900.0,29900.0,0.0,0,0.0,0,45.2,0.0,0,Unknown,Unknown,2026,new,Tax Paper,Unknown,Unknown,Unknown,,,Phnom Penh,store,477448,Va Seanghor,2026-07-06 10:38:39+07,2026-08-20 15:37:29.394142+07,2026-08-20 15:31:42+07
13747744,Car for sell,9500.0,9500.0,0.0,0,0.0,0,39.2,0.0,0,Unknown,Unknown,2007,used,Plate Number,Unknown,Unknown,Unknown,,,Phnom Penh,store,1181888,បុត្រ Sereyboth,2026-07-09 11:16:21+07,2026-08-17 15:51:02.645676+07,2026-08-17 14:48:56+07
13747789,Aion i60 EV Advance Edition 2026,23200.0,23200.0,0.0,0,0.0,0,42.2,0.0,0,GAC,i60 EV Advance,2026,new,Tax Paper,Unknown,Unknown,Unknown,,,Phnom Penh,store,1286497,litianze li,2026-07-09 11:24:09+07,2026-08-20 15:37:48.53777+07,2026-08-20 14:23:00+07
13747889,Camry XLE,16000.0,16000.0,0.0,0,0.0,0,40.2,0.0,0,Toyota,Camry,2007,used,Plate Number,Unknown,Unknown,Unknown,,,Phnom Penh,store,1039372,Chhay Borey,2026-07-09 11:43:52+07,2026-08-18 17:19:03.459664+07,2026-08-18 15:51:02+07
13756455,Ford Ranger Raptor,57500.0,57500.0,0.0,0,0.0,0,43.9,0.0,0,Ford,Ranger Raptor,2023,used,Plate Number,Unknown,Unknown,Unknown,,,Phnom Penh,store,277144,AKT អង្គរធំ,2026-07-11 12:02:12+07,2026-08-24 10:36:03.654693+07,2026-08-24 09:58:02+07
13759666,"Lexus, RX300ឡានក្រដាស់ពន្នខ្ចៅខ្ចង់ថ្មីអត់បុកអត់ប៉ះអត់ច្រេះ,ឡានរៀបចំរួចហើយ។",13800.0,13800.0,0.0,0,0.0,0,38.0,0.0,0,Lexus,", RX300ឡានក្រដាស់ពន្នខ្ចៅខ្ចង់ថ្មីអត់បុកអត់ប៉ះអត់ច្រេះ,ឡានរៀបចំរួចហើយ។",2002,used,Tax Paper,Unknown,Unknown,Unknown,,,Phnom Penh,store,561963,តាំងសុខឃាង ឃ្លាំងឡាន,2026-07-12 10:46:55+07,2026-08-19 09:48:04.755033+07,2026-08-19 09:41:36+07
13760997,ឡាន​អ្នក​ជិះ​ផ្ទាល់​ 02  ប៉ុង1 V4,11000.0,11000.0,0.0,0,0.0,0,37.1,0.0,0,Unknown,Unknown,2002,used,Plate Number,Unknown,Unknown,Unknown,,,Phnom Penh,individual,226591,Cham Roeurn Noun,2026-07-12 16:03:09+07,2026-08-18 17:19:03.459664+07,2026-08-18 15:47:13+07
13761991,BMW 740Li 2012 up 2025,25000.0,25000.0,0.0,0,0.0,0,39.4,0.0,0,BMW,740Li,2012,used,Plate Number,Unknown,Unknown,Unknown,,,Phnom Penh,store,499614,p-888644448,2026-07-13 01:09:58+07,2026-08-21 09:53:27.392646+07,2026-08-21 09:09:02+07
13762764,Lexus Lx570 2018 Super Sport Spec Arab full ឡានថ្មីណាស់​ តំលៃ​ល្អ,87000.0,87000.0,0.0,0,0.0,0,42.0,0.0,0,Lexus,LX570,2018,used,Plate Number,Unknown,Unknown,Unknown,,,Phnom Penh,store,704601,សុភា រុន,2026-07-13 09:58:21+07,2026-08-24 10:36:08.602083+07,2026-08-24 09:48:02+07
13763163,BMW X7 XDrive 40i 2020 Gasoline V6/2.9L,66800.0,66800.0,0.0,0,0.0,0,38.9,0.0,0,BMW,X7,2020,used,Plate Number,Unknown,Unknown,Unknown,,,Phnom Penh,store,1072003,Phea Phea,2026-07-13 11:08:49+07,2026-08-21 09:53:15.003657+07,2026-08-21 09:42:02+07
13767664,Toyota Prius 2013 Options 5,19500.0,19500.0,0.0,0,0.0,0,34.2,0.0,0,Toyota,Prius,2013,used,Tax Paper,Unknown,Unknown,Unknown,,,Phnom Penh,store,1155341,K Urban Car Rental 365,2026-07-14 11:18:12+07,2026-08-17 15:50:55.891567+07,2026-08-17 15:14:02+07
13774142,ឡានលក់ឆ្នាំ04 ម៉ាស៊ីន4 ប៉ុង1 កៅអី3ជួរ កៅអីចុច ម៉ាស៊ីនត្រជាក់មុខក្រោយ ពណ៌មាស,17900.0,17900.0,0.0,0,0.0,0,35.7,0.0,0,Unknown,Unknown,2004,used,Plate Number,Unknown,Unknown,Unknown,,,Phnom Penh,store,207563,ផាន់ អាម៉ាដា,2026-07-16 00:00:55+07,2026-08-20 15:37:51.430242+07,2026-08-20 14:00:18+07
13775453,Ford Ranger Wildtrak 2019 full ម៉ាស៊ីន​ 3.2L តំលៃ​ល្អ,33800.0,33800.0,0.0,0,0.0,0,39.0,0.0,0,Ford,Ranger Wildtrak,2019,used,Plate Number,Unknown,Unknown,Unknown,,,Phnom Penh,store,704601,សុភា រុន,2026-07-16 11:19:17+07,2026-08-24 10:36:08.602083+07,2026-08-24 09:48:01+07
13779866,NX 200T F Sport 2016 6ប៊ូតុង ប៉ុង2,39500.0,39500.0,0.0,0,0.0,0,32.1,0.0,0,Unknown,Unknown,2016,used,Tax Paper,Unknown,Unknown,Unknown,,,Phnom Penh,store,8583,So Vathana,2026-07-17 13:54:54+07,2026-08-18 17:19:00.458133+07,2026-08-18 16:10:04+07
13785862,Toyota Alphard 2019 Modellista,42000.0,42000.0,0.0,0,0.0,0,36.0,0.0,0,Toyota,Alphard,2019,used,Plate Number,Unknown,Unknown,Unknown,,,Phnom Penh,store,235152,SP68 Auto,2026-07-19 10:11:46+07,2026-08-24 10:35:53.577764+07,2026-08-24 10:24:02+07
13787232,ឡានលក់ក្នុងលឿងពូកស្បែកប្រភេទ PRIUS អប់សិន4,1999.0,1999.0,0.0,0,0.0,0,29.0,0.0,0,Toyota,Prius,2015,used,Plate Number,Unknown,Unknown,Unknown,,,Phnom Penh,individual,708299,សម្បត្តិ សាយ សម្បត្តិ,2026-07-19 15:44:46+07,2026-08-17 15:51:02.645+07,2026-08-17 14:49:00+07
13791191,💥 លក់ Lexus IS200T 2016 F-Sport ក្នុងខ្មៅ/ឈឺរឺ 🍒,23000.0,23000.0,0.0,0,0.0,0,34.7,0.0,0,Lexus,IS200T F-Sport ក្នុងខ្មៅ,2016,used,Plate Number,Unknown,Unknown,Unknown,,,Phnom Penh,store,271614,ហ៊ា អន លក់ឡាន,2026-07-20 17:25:52+07,2026-08-24 10:36:06.625889+07,2026-08-24 09:53:04+07
13794790,លក់330 ឆ្នាំ04 ប៉ុង2ឡានស្អាតជិះផ្ទាល់ខ្លួន,17999.0,17999.0,0.0,0,0.0,0,30.8,0.0,0,Unknown,Unknown,2004,used,Plate Number,Unknown,Unknown,Unknown,,,Phnom Penh,individual,107081,kinly9999,2026-07-21 14:31:27+07,2026-08-21 09:53:26.240702+07,2026-08-21 09:10:18+07
13796349,Alphard 2015,33000.0,33000.0,0.0,0,0.0,0,29.7,0.0,0,Toyota,Alphard,2015,used,Tax Paper,Unknown,Unknown,Unknown,,,Phnom Penh,store,873935,Reach,2026-07-21 23:25:45+07,2026-08-20 15:37:27.816118+07,2026-08-20 15:25:02+07
13796510,Nissan Mach96 2500$ចរចារ,2500.0,2500.0,0.0,0,0.0,0,28.1,0.0,0,Nissan,Mach96 2500$ចរចារ,1996,used,Plate Number,Unknown,Unknown,Unknown,,,Phnom Penh,individual,1302911,Mk Mk,2026-07-22 06:41:00+07,2026-08-19 09:48:14.048551+07,2026-08-19 09:28:19+07
13799137,RAM TRX 1500 2021 ថ្មីដាច់,78000.0,78000.0,0.0,0,0.0,0,32.8,0.0,0,Unknown,Unknown,2021,used,Plate Number,Unknown,Unknown,Unknown,,,Phnom Penh,store,282714,3T 777 Auto,2026-07-22 15:48:47+07,2026-08-24 10:36:05.643804+07,2026-08-24 09:59:14+07
13804584,Prius 2013 Option Persona លេខ 2CF for sale,17900.0,17900.0,0.0,0,0.0,0,28.0,0.0,0,Toyota,Prius,2013,used,Plate Number,Unknown,Unknown,Unknown,,,Phnom Penh,individual,25253,Sna Li,2026-07-24 09:00:50+07,2026-08-21 09:53:12.551402+07,2026-08-21 09:31:58+07
13805997,Toyota Vitz,6700.0,6700.0,0.0,0,0.0,0,24.1,0.0,0,Toyota,Vitz,2011,used,Plate Number,Unknown,Unknown,Unknown,,,Phnom Penh,individual,357145,Yarith,2026-07-24 13:39:42+07,2026-08-17 15:50:58.857941+07,2026-08-17 15:05:21+07
13831237,"LexusRX300ឡានក្រដាស់ពន្នឡានខ្ចៅខ្ចង់ថ្មីអត់បុកអត់ប៉ះអត់ច្រេះ,អាគុយABSនៅដំណើរការល្អ, ឡានរៀបចំរួចហើយ។",13900.0,13900.0,0.0,0,0.0,0,19.2,0.0,0,Unknown,Unknown,2003,used,Tax Paper,Unknown,Unknown,Unknown,,,Phnom Penh,store,561963,តាំងសុខឃាង ឃ្លាំងឡាន,2026-07-31 05:45:15+07,2026-08-19 09:48:04.752532+07,2026-08-19 09:42:16+07
13833285,Lexus Rx450h 2017 Luxury Full-Options,66500.0,66500.0,0.0,0,0.0,0,17.1,0.0,0,Lexus,RX450h,2017,used,Tax Paper,Unknown,Unknown,Unknown,,,Phnom Penh,store,798650,Pha AutoCars,2026-07-31 14:32:58+07,2026-08-17 15:51:05.478988+07,2026-08-17 14:33:02+07
13833467,Land Rover Discovery 2017 Full-Option,48800.0,48800.0,0.0,0,0.0,0,20.0,0.0,0,Land Rover,Discovery,2017,used,Plate Number,Unknown,Unknown,Unknown,,,Phnom Penh,store,798650,Pha AutoCars,2026-07-31 15:09:03+07,2026-08-20 15:37:35.449311+07,2026-08-20 15:09:02+07
13833964,Alphard 2024,118000.0,118000.0,0.0,0,0.0,0,23.7,0.0,0,Toyota,Alphard,2024,used,Tax Paper,Unknown,Unknown,Unknown,,,Phnom Penh,store,376549,Sara Vuth79,2026-07-31 17:02:25+07,2026-08-24 10:36:04.652488+07,2026-08-24 09:57:03+07
13835302,Prius 2014 Option 4 Solar ឡានថ្មី  ស្អាត 💯 តម្លៃពិសេស,18899.0,18899.0,0.0,0,0.0,0,23.0,0.0,0,Toyota,Prius,2014,used,Tax Paper,Unknown,Unknown,Unknown,,,Phnom Penh,store,1259295,S&amp;M CAR DEALER FROM USA,2026-08-01 10:21:48+07,2026-08-24 10:35:53.577764+07,2026-08-24 10:22:01+07
13837177,"រថយន្តមួយទឹក DENZA D9 DM-I AWD 2024 Hybrid, four-wheel  drive បើកបានជាង30000km រថយន្តនៅថ្មីមួយជុំ",79500.0,79500.0,0.0,0,0.0,0,16.9,0.0,0,BYD,Denza D9,2024,used,Plate Number,Unknown,Unknown,Unknown,,,Phnom Penh,store,1254427,Chhour Sivmey,2026-08-01 19:23:39+07,2026-08-18 17:18:56.719478+07,2026-08-18 16:48:27+07
13838087,TOYOTA PRIUS 2012,15500.0,15500.0,0.0,0,0.0,0,19.0,0.0,0,Toyota,Prius,2012,used,Plate Number,Unknown,Unknown,Unknown,,,Phnom Penh,store,1181728,Mr ALPHARD 598,2026-08-02 08:53:24+07,2026-08-21 09:53:27.392563+07,2026-08-21 09:09:02+07
13844249,BMW 528i 2013 ថ្មីណាស់(ម្ចាស់ដើមទី1គ្មានប្រវត្តិជួល),15900.0,15900.0,0.0,0,0.0,0,20.7,0.0,0,BMW,528i,2013,used,Plate Number,Unknown,Unknown,Unknown,,,Phnom Penh,individual,1316565,Samnang Keo,2026-08-03 17:01:58+07,2026-08-24 10:35:49.617808+07,2026-08-23 18:56:01+07
13844334,GS4,24000.0,24000.0,0.0,0,0.0,0,17.7,0.0,0,GAC,GS4,2026,new,Tax Paper,Unknown,Unknown,Unknown,,,Phnom Penh,store,200848,Eang sychan,2026-08-03 17:23:54+07,2026-08-21 09:53:27.388123+07,2026-08-21 09:09:23+07
13844353,Toyota Alphard 2019 Russia,89000.0,89000.0,0.0,0,0.0,0,17.7,0.0,0,Toyota,Alphard,2019,used,Plate Number,Unknown,Unknown,Unknown,,,Phnom Penh,store,236261,Tong Meng,2026-08-03 17:30:09+07,2026-08-21 09:53:12.548865+07,2026-08-21 09:33:03+07
13846368,Ford XLT 022ម៉ាស៊ីន 2.2L,31500.0,31500.0,0.0,0,0.0,0,14.3,0.0,0,Ford,XLT 022ម៉ាស៊ីន 2.2L,2022,used,Plate Number,Unknown,Unknown,Unknown,,,Phnom Penh,store,265665,Thea Rith,2026-08-04 10:48:52+07,2026-08-18 17:18:53.941945+07,2026-08-18 17:00:06+07
13847072,Mercedes Benz C300 5000miles,30500.0,30500.0,0.0,0,0.0,0,13.1,0.0,0,Mercedes-Benz,C300,2015,used,Plate Number,Unknown,Unknown,Unknown,,,Phnom Penh,individual,917250,EV Accessories,2026-08-04 12:54:20+07,2026-08-17 15:51:05.495038+07,2026-08-17 14:32:21+07
13847603,Prius 2007  half   2BQ,8900.0,8900.0,0.0,0,0.0,0,13.1,0.0,0,Toyota,Prius,2007,used,Plate Number,Unknown,Unknown,Unknown,,,Phnom Penh,store,600718,Sophal Stronger,2026-08-04 14:13:46+07,2026-08-17 15:50:57.836801+07,2026-08-17 15:09:07+07
13849148,HONDA ODYSSEY 2014 អាមេរិច វាយដូរបាន,21888.0,21888.0,0.0,0,0.0,0,16.5,0.0,0,Honda,Odyssey,2014,used,Plate Number,Unknown,Unknown,Unknown,,,Phnom Penh,store,12684,Sam Sopheak,2026-08-04 21:47:40+07,2026-08-21 09:53:22.425029+07,2026-08-21 09:18:03+07
13852974,BMW i8 2014,28500.0,28500.0,0.0,0,0.0,0,12.9,0.0,0,BMW,i8,2014,used,Plate Number,Unknown,Unknown,Unknown,,,Phnom Penh,store,755160,SGR 93 Auto,2026-08-05 19:40:16+07,2026-08-18 17:19:00.458133+07,2026-08-18 16:08:03+07
13854114,2004. ហ្វូលពេញ. ធានាអាគុយABS. អ៊េម.,7300.0,7300.0,0.0,0,0.0,0,13.0,0.0,0,Unknown,Unknown,2004,used,Plate Number,Unknown,Unknown,Unknown,,,Phnom Penh,individual,1286847,ដុល្លា សែន,2026-08-06 08:43:59+07,2026-08-19 09:48:04.750175+07,2026-08-19 09:43:03+07
13854759,Prius 2013 Option 5 Full Advance (ក្នុងលឿង),20200.0,20200.0,0.0,0,0.0,0,12.3,0.0,0,Toyota,Prius,2013,used,Tax Paper,Unknown,Unknown,Unknown,,,Phnom Penh,individual,1067924,Mr.Dara Kour,2026-08-06 10:49:59+07,2026-08-18 17:19:03.459664+07,2026-08-18 15:46:29+07
13856039,RX300 1999 ហ្គាសហើយ,7300.0,7300.0,0.0,0,0.0,0,11.0,0.0,0,Kia,សហើយ,1999,used,Plate Number,Unknown,Unknown,Unknown,,,Phnom Penh,store,600718,Sophal Stronger,2026-08-06 14:59:34+07,2026-08-17 15:50:57.836801+07,2026-08-17 15:09:00+07
13856390,Kia Ray 2018 Full ពេញ,13800.0,13800.0,0.0,0,0.0,0,12.0,0.0,0,Kia,Ray,2018,used,Tax Paper,Unknown,Unknown,Unknown,,,Phnom Penh,store,346540,Veha 9999,2026-08-06 16:16:43+07,2026-08-18 17:19:00.456129+07,2026-08-18 16:16:02+07
13856856,Toyota Raize 2026,21900.0,21900.0,0.0,0,0.0,0,10.9,0.0,0,Toyota,Raize,2026,new,Tax Paper,Unknown,Unknown,Unknown,,,Phnom Penh,store,1251582,Toyota Super Car,2026-08-06 18:49:30+07,2026-08-17 15:51:05.510305+07,2026-08-17 14:32:03+07
13859985,លក់ Hyundai H-1 ឆ្នាំ 2018 ពណ៌ទឹកប្រាក់ | មិនធ្លាប់បុក | ពន្ធឆ្នាំថ្មី | ស្អាត 95%,16900.0,16900.0,0.0,0,0.0,0,11.1,0.0,0,Hyundai,H-1,2018,used,Plate Number,Unknown,Unknown,Unknown,,,Phnom Penh,individual,1227606,Chhon Sovattanak,2026-08-07 14:43:13+07,2026-08-18 17:18:50.184372+07,2026-08-07 14:43:13+07
13860416,Lamborghini huracan full bodykit Carbon & full Exhaust,188000.0,188000.0,0.0,0,0.0,0,13.7,0.0,0,Lamborghini,huracan,2015,used,Plate Number,Unknown,Unknown,Unknown,,,Phnom Penh,individual,661814,Mala Krem,2026-08-07 16:21:29+07,2026-08-21 09:53:13.857968+07,2026-08-07 16:21:29+07
13863823,Privite car for sell,115000.0,115000.0,0.0,0,0.0,0,10.1,0.0,0,Unknown,Unknown,2023,used,Plate Number,Unknown,Unknown,Unknown,,,Phnom Penh,individual,659286,Frank Xie,2026-08-08 14:40:23+07,2026-08-18 17:18:52.052057+07,2026-08-08 14:40:23+07
13866107,Lexus Gs200t លក់23000$ចចារម្ចាស់ដើម,23000.0,23000.0,0.0,0,0.0,0,9.3,0.0,0,Lexus,Gs200t លក់23000$ចចារម្ចាស់ដើម,2016,used,Plate Number,Unknown,Unknown,Unknown,,,Phnom Penh,individual,742507,Phoumara Da,2026-08-09 11:15:29+07,2026-08-18 17:19:04.370366+07,2026-08-18 15:45:53+07
13866425,Ford Ranger Raptor 2023 អាចរើសលេខថ្មីបានFree កាត់ឈ្មោះជូន,55500.0,55500.0,0.0,0,0.0,0,11.9,0.0,0,Ford,Ranger Raptor,2023,used,Plate Number,Unknown,Unknown,Unknown,,,Phnom Penh,store,141100,8889 Auto,2026-08-09 12:57:05+07,2026-08-21 09:53:07.211542+07,2026-08-21 08:30:08+07
13869938,2002v4p1លក់ដូសារី9900$ចចា,9900.0,9900.0,0.0,0,0.0,0,10.9,0.0,0,Unknown,Unknown,2002,used,Tax Paper,Unknown,Unknown,Unknown,,,Phnom Penh,store,794657,សុភ្រ័ សុភ័ក្រ,2026-08-10 12:23:54+07,2026-08-21 09:53:19.753795+07,2026-08-21 09:23:03+07
13872130,Ford XL 2026,36000.0,36000.0,0.0,0,0.0,0,6.7,0.0,0,Ford,XL,2026,used,Plate Number,Unknown,Unknown,Unknown,,,Phnom Penh,individual,1143647,1881golf,2026-08-10 23:58:47+07,2026-08-17 15:51:08.281535+07,2026-08-17 14:23:39+07
13875247,Jeep Wrangler Rubicon ឆ្នាំ 2020 Full option,53800.0,53800.0,0.0,0,0.0,0,12.7,0.0,0,Jeep,Wrangler Rubicon,2020,used,Plate Number,Unknown,Unknown,Unknown,,,Phnom Penh,store,530124,108 Auto car dealer,2026-08-11 17:11:30+07,2026-08-24 10:36:00.591293+07,2026-08-24 10:16:03+07
13877035,ឡានសាំងយ៉ុងឆ្នាំ2020ធានាឡានថ្មី អត់បុកអត់ប៉ះ អត់ច្រេះ.,19500.0,19500.0,0.0,0,0.0,0,12.0,0.0,0,Unknown,Unknown,2020,new,Tax Paper,Unknown,Unknown,Unknown,,,Phnom Penh,store,1204778,លាប សម្បត្តិ ទិញ-លក់រថយន្ត,2026-08-12 09:25:47+07,2026-08-24 10:36:01.632941+07,2026-08-24 10:00:18+07
13877929,Nx200t 2016 F-Sport Zin ក្នុងCherry,35900.0,35900.0,0.0,0,0.0,0,11.9,0.0,0,Lexus,Nx200t,2016,used,Tax Paper,Unknown,Unknown,Unknown,,,Phnom Penh,store,391584,Prince Auto Import ( ដឹកជញ្ជូនផ្ទាល់មកកម្ពុជា ),2026-08-12 12:13:53+07,2026-08-24 10:35:50.609126+07,2026-08-22 13:30:23+07
13877960,Highlander 012ឡានលក់មិនបុកប៉ះសំនុំនៅស្អាតល្អម្ចាផ្ទាល់,28000.0,28000.0,0.0,0,0.0,0,6.9,0.0,0,Toyota,Highlander,2012,used,Plate Number,Unknown,Unknown,Unknown,,,Phnom Penh,individual,489849,LAY SOKKHEY,2026-08-12 12:20:54+07,2026-08-19 09:48:01.896388+07,2026-08-12 12:20:54+07
13878949,Jeep Rubicon 2020 Full-Option,54800.0,54800.0,0.0,0,0.0,0,6.1,0.0,0,Jeep,Rubicon Full-Option,2020,used,Plate Number,Unknown,Unknown,Unknown,,,Phnom Penh,store,798650,Pha AutoCars,2026-08-12 16:00:49+07,2026-08-18 17:19:01.600602+07,2026-08-18 16:01:02+07
13881081,Ford Everest  Sport 2026 អត់បាញ់នៅធានាពីគ្រុមហ៊ុន,50800.0,50800.0,0.0,0,0.0,0,8.0,0.0,0,Ford,Everest Sport,2026,used,Plate Number,Unknown,Unknown,Unknown,,,Phnom Penh,store,862400,ជូ អ៊ូ ជិញ,2026-08-13 09:55:25+07,2026-08-21 09:53:17.470735+07,2026-08-21 09:25:07+07
13881843,RX330 ឆ្នាំ2004  full option,18600.0,18600.0,0.0,0,0.0,0,5.2,0.0,0,Lexus,RX330,2004,used,Plate Number,Unknown,Unknown,Unknown,,,Phnom Penh,individual,415614,Love Robert x,2026-08-13 12:14:01+07,2026-08-18 17:18:52.997731+07,2026-08-18 17:06:45+07
13882769,🩷Denza D9 dmi 024 full option អគ្គិសនីលាយសាំង ទឹកថ្នាំសុីន ជិះបាន4មុឺនkm តម្លៃ 47500$ចរចា🩷,47500.0,47500.0,0.0,0,0.0,0,7.8,0.0,0,Denza,D9,2024,used,Plate Number,Unknown,Unknown,Unknown,,,Phnom Penh,store,1281803,JH - Moka,2026-08-13 15:37:59+07,2026-08-21 09:53:08.540528+07,2026-08-21 09:38:02+07
13884086,Prius(2013)អប់សិន3រៀបចំស្អាតយកទៅជិះប្រុយ,16777.0,16777.0,0.0,0,0.0,0,7.1,0.0,0,Toyota,Prius,2013,used,Tax Paper,Unknown,Unknown,Unknown,,,Phnom Penh,store,1064841,វេត ពូ,2026-08-14 07:42:32+07,2026-08-21 09:53:07.209309+07,2026-08-21 09:21:02+07
13887415,មកដល់ក្តៅៗ,33500.0,33500.0,0.0,0,0.0,0,9.6,0.0,0,Unknown,Unknown,2024,used,Plate Number,Unknown,Unknown,Unknown,,,Phnom Penh,individual,42305,ព្រំ ពន់តារា,2026-08-14 19:28:53+07,2026-08-24 10:35:51.606442+07,2026-08-24 10:26:20+07
13888242,ស្ដេចឡានម្ចាស់ដើមទី1ទិញក្រដាស់ពន្ទ ថ្នាំនៅសល់ស្រុីនច្រើន ស្រុកខ្មែរមានមិនច្រើនទៀតទេផែននេះ 2003 LE,8900.0,8900.0,0.0,0,0.0,0,6.1,0.0,0,Unknown,Unknown,2003,used,Plate Number,Unknown,Unknown,Unknown,,,Phnom Penh,individual,545969,គឹមឈឿន,2026-08-15 08:24:42+07,2026-08-21 09:53:08.544602+07,2026-08-21 09:36:35+07
13890268,Mazda EZ60 2025 (ប្រើបាន1900គីឡូនៅថ្មី99.9%),32800.0,32800.0,0.0,0,0.0,0,5.0,0.0,0,Mazda,EZ60 (ប្រើបាន1900គីឡូនៅថ្មី99 9%),2025,used,Plate Number,Unknown,Unknown,Unknown,,,Phnom Penh,store,340518,SP81,2026-08-15 16:47:39+07,2026-08-20 15:37:35.449038+07,2026-08-20 15:11:01+07
13893814,Morning 04 full លក់បន្ទាន់ 3400$,3400.0,3400.0,0.0,0,0.0,0,2.0,0.0,0,Kia,Morning,2004,used,Plate Number,Unknown,Unknown,Unknown,,,Kampong Cham,individual,542467,Cheang Vor,2026-08-16 18:29:38+07,2026-08-18 17:18:55.822877+07,2026-08-18 16:55:41+07
13897168,ចាស់តែរូបទេម៉ាស៊ីនប្រអប់លេខស្អាតម៉ាស៊ីនត្រជាក់មានលក់1150$092899731/0977141364,1150.0,1150.0,0.0,0,0.0,0,0.0,0.0,0,Unknown,Unknown,1990,used,Plate Number,Unknown,Unknown,Unknown,,,Pailin,individual,486611,ពូ៚ ហេង៚,2026-08-17 15:00:35+07,2026-08-17 15:50:59.794854+07,2026-08-17 15:00:35+07
13897309,Ford Ranger Raptor 2023 Gasoline V6/3.0L,48500.0,50000.0,1500.0,1,0.0,0,6.8,0.0,0,Ford,Ranger Raptor,2023,used,Plate Number,Unknown,Unknown,Unknown,,,Phnom Penh,store,1072003,Phea Phea,2026-08-17 15:30:16+07,2026-08-24 10:35:59.607107+07,2026-08-24 10:18:02+07
13897336,ឡានលីប្រូ ជាប្រភេទឡានកក ត្រជាក់_ 18 អង្សាសេ,9000.0,9000.0,0.0,0,0.0,0,0.0,0.0,0,Unknown,Unknown,2007,used,Plate Number,Unknown,Unknown,Unknown,,,Phnom Penh,individual,328504,Lenin Thy,2026-08-17 15:38:15+07,2026-08-17 15:50:53.012195+07,2026-08-17 15:38:15+07
13898031,Aion UT មួយជុំហ្សុីន Range 330Km ទិញខែ 5 ឆ្នាំ2026 នៅធានាក្រុមហ៊ុន 8 ឆ្នាំ,14900.0,14900.0,0.0,0,0.0,0,1.6,0.0,0,Unknown,Unknown,2025,used,Plate Number,Unknown,Unknown,Unknown,,,Phnom Penh,store,508738,MO CamStore,2026-08-17 19:05:07+07,2026-08-19 09:48:06.124005+07,2026-08-19 09:32:57+07
13901617,🎉Leopard Ti7 Ultra 2026,51800.0,51800.0,0.0,0,0.0,0,0.0,0.0,0,Unknown,Unknown,2026,new,Tax Paper,Unknown,Unknown,Unknown,,,Phnom Penh,store,1022603,Reachny Vann,2026-08-18 16:22:45+07,2026-08-18 17:18:58.598111+07,2026-08-18 16:22:45+07
13901641,Prius010option4,14500.0,14500.0,0.0,0,0.0,0,0.0,0.0,0,Unknown,Unknown,2010,used,Plate Number,Unknown,Unknown,Unknown,,,Phnom Penh,store,1263208,Daro Sous,2026-08-18 16:27:16+07,2026-08-18 17:18:58.598111+07,2026-08-18 16:27:16+07
13903406,Kia Carnival 2015full,17500.0,17500.0,0.0,0,0.0,0,0.0,0.0,0,Kia,Carnival,2015,used,Tax Paper,Unknown,Unknown,Unknown,,,Phnom Penh,store,700197,TOLA MOTO SHOP,2026-08-19 09:26:35+07,2026-08-19 09:48:11.441796+07,2026-08-19 09:26:35+07
13903428,2023 l BMW X7 M-Sport l Original Painting,135000.0,135000.0,0.0,0,0.0,0,0.0,0.0,0,BMW,X7,2023,used,Plate Number,Unknown,Unknown,Unknown,,,Phnom Penh,store,721389,Premium Luxury Cars,2026-08-19 09:29:57+07,2026-08-19 09:48:12.663037+07,2026-08-19 09:29:57+07
13903440,Toyota Prius 2010 Option 3 ក្នុងលឿង,15800.0,15800.0,0.0,0,0.0,0,0.0,0.0,0,Toyota,Prius,2010,used,Plate Number,Unknown,Unknown,Unknown,,,Phnom Penh,store,432672,Phary Sakna,2026-08-19 09:32:53+07,2026-08-19 09:48:06.124113+07,2026-08-19 09:32:53+07
13904863,Lexus Rx350 2010 full Option ឡានស្អាត​ តំលៃ​ស្មេីរ​ 330,25900.0,25900.0,0.0,0,0.0,0,4.8,0.0,0,Lexus,RX350,2010,used,Plate Number,Unknown,Unknown,Unknown,,,Phnom Penh,store,704601,សុភា រុន,2026-08-19 14:36:18+07,2026-08-24 10:36:08.601393+07,2026-08-24 09:48:06+07
13907217,GAC GN8 2025 Full Option Master 💥,29999.0,29999.0,0.0,0,0.0,0,1.0,0.0,0,GAC,GN8,2025,used,Plate Number,Unknown,Unknown,Unknown,,,Phnom Penh,individual,1321610,Xiao Hor - 小浩 🪙,2026-08-20 10:27:03+07,2026-08-21 09:53:15.0013+07,2026-08-21 09:42:11+07
13908399,ឡានជិះផ្ទាល់ខ្លួន HL 2004 កៅអី៣ជួរ ប៉ុង២,14000.0,14000.0,0.0,0,0.0,0,0.1,0.0,0,Unknown,Unknown,2024,used,Plate Number,Unknown,Unknown,Unknown,,,Phnom Penh,individual,98818,Sophy Dine,2026-08-20 14:21:20+07,2026-08-20 15:37:46.964944+07,2026-08-20 14:21:20+07
13910541,Lx470 2000 មានហ្គាស,9999.0,9999.0,0.0,0,0.0,0,0.0,0.0,0,Kia,ស,2000,used,Plate Number,Unknown,Unknown,Unknown,,,Phnom Penh,store,391055,Bun Theang,2026-08-21 09:15:58+07,2026-08-21 09:53:23.574528+07,2026-08-21 09:15:58+07
13910542,Morning 05full 4200$ចរចារ,4200.0,4200.0,0.0,0,0.0,0,0.0,0.0,0,Kia,Morning,2005,used,Tax Paper,Unknown,Unknown,Unknown,,,Phnom Penh,store,794657,សុភ្រ័ សុភ័ក្រ,2026-08-21 09:16:07+07,2026-08-21 09:53:22.431835+07,2026-08-21 09:16:07+07
13910650,JEEP SAHARA 2018 UP RUBICON,37700.0,37700.0,0.0,0,0.0,0,0.0,0.0,0,Jeep,Wrangler Rubicon,2018,used,Plate Number,Unknown,Unknown,Unknown,,,Phnom Penh,store,422115,CT99 Auto Car,2026-08-21 09:32:57+07,2026-08-21 09:53:12.549101+07,2026-08-21 09:32:57+07
13910657,លក់បន្ទាន់ ព្រូស 010 អប់សិន 4 សូឡា 15200,15200.0,15200.0,0.0,0,0.0,0,0.0,0.0,0,Unknown,Unknown,2010,used,Plate Number,Unknown,Unknown,Unknown,,,Kandal,individual,364493,Hun Somethea,2026-08-21 09:33:57+07,2026-08-21 09:53:13.860472+07,2026-08-21 09:33:57+07
13910720,ថ្មីនោះថ្មី Mazda3 2015 ម្ចាស់ដើមប្រើថែណាស់ធានាបងបងទិញប្រើមិនស្តាយលុយ,14200.0,14200.0,0.0,0,0.0,0,0.0,0.0,0,Mazda,Mazda3,2015,used,Plate Number,Unknown,Unknown,Unknown,,,Phnom Penh,store,220959,Tong Tong Sale Car,2026-08-21 09:47:09+07,2026-08-21 09:53:09.879951+07,2026-08-21 09:47:09+07
13918422,Jeep Gladiator 2021 Full Options អេក្រង់ធំ • Miles តិច ( ឡាន ថ្នាំស្សុីន ១ជុំ ),43500.0,43500.0,0.0,0,0.0,0,0.9,0.0,0,Jeep,Gladiator,2021,used,Tax Paper,Unknown,Unknown,Unknown,,,Phnom Penh,individual,938998,Ko Auto,2026-08-23 12:30:14+07,2026-08-24 10:35:51.605508+07,2026-08-24 10:26:49+07
13921442,Frontier ឆ្នាំ 2005 ប៉ុង1 សាំង+ ហ្គាស,10800.0,10800.0,0.0,0,0.0,0,0.0,0.0,0,Kia,ស,2005,used,Plate Number,Unknown,Unknown,Unknown,,,Phnom Penh,store,770325,ប៊ុន លី,2026-08-24 10:24:15+07,2026-08-24 10:35:52.586632+07,2026-08-24 10:24:15+07
13260961,Cars For Sale,42000.0,42000.0,0.0,0,0.0,0,164.2,0.0,0,Unknown,Unknown,2015,used,Plate Number,Unknown,Unknown,Unknown,,,Phnom Penh,store,262420,LD9 Auto Car,2026-03-07 13:27:12+07,2026-08-18 17:18:54.868796+07,2026-08-18 17:00:06+07
13268897,"ធានាឡានស្អាត ឡានអ្នកជិះផ្ទាល់ ម្ចាស់ដើម $36,000",34800.0,34800.0,0.0,0,0.0,0,163.9,0.0,0,Unknown,Unknown,2018,used,Plate Number,Unknown,Unknown,Unknown,,,Phnom Penh,individual,196488,Fee,2026-03-09 17:58:54+07,2026-08-20 15:37:23.588298+07,2026-08-20 13:23:08+07
13269350,2018 Range Rover Sport V6 សាំង​ Full Option,48500.0,48500.0,0.0,0,0.0,0,164.6,0.0,0,Land Rover,Range Rover Sport,2018,used,Plate Number,Unknown,Unknown,Unknown,,,Phnom Penh,store,409218,Srun (TTS AUTO),2026-03-09 20:34:35+07,2026-08-21 09:53:04.83865+07,2026-07-21 12:06:01+07
13294617,C300 AMG 015 full កាំមេរ៉ា360 បូមឡើងចុះ ស្លាយកុងទ័រ កំពូល option,27000.0,27000.0,0.0,0,0.0,0,158.0,0.0,0,Mercedes-Benz,C300,2015,used,Plate Number,Unknown,Unknown,Unknown,,,Phnom Penh,store,339943,ភារ៉ា រចនាវត្តី,2026-03-16 09:31:30+07,2026-08-21 09:53:16.322323+07,2026-08-21 09:31:02+07
13333926,ចងលក់ឡានផ្ទាល់ខ្លួនស្រុីន១ជុំ330.04.hf.p2.21000$,21000.0,21000.0,0.0,0,0.0,0,146.2,0.0,0,Unknown,Unknown,2004,used,Plate Number,Unknown,Unknown,Unknown,,,Phnom Penh,individual,496908,Long 012414349,2026-03-25 13:11:18+07,2026-08-18 17:18:57.647844+07,2026-08-18 16:34:07+07
13336201,Mitsubishi Pajero sport ម៉ាស៊ីន​ ម៉ាស៊ូត​ អូតូកាប់ពីតាស់,25500.0,25500.0,0.0,0,0.0,0,148.4,0.0,0,Mitsubishi,Pajero Sport,2016,used,Plate Number,Unknown,Unknown,Unknown,,,Phnom Penh,store,85027,Mr PK KD,2026-03-25 23:46:35+07,2026-08-21 09:53:26.241667+07,2026-08-21 09:10:05+07
13357697,ទេីបរៀបចំរួចពាក់កណ្ដាលfullប៉ុង1ថ្មីណាស់,24900.0,24900.0,0.0,0,0.0,0,138.9,0.0,0,Unknown,Unknown,2004,used,Plate Number,Unknown,Unknown,Unknown,,,Phnom Penh,store,254040,Vong Sarath,2026-03-31 17:52:39+07,2026-08-17 15:51:01.725127+07,2026-08-17 14:50:11+07
13361250,"RX330, 2006 half full, ប៉ុង២",22800.0,22800.0,0.0,0,0.0,0,141.0,0.0,0,Lexus,RX330,2006,used,Tax Paper,Unknown,Unknown,Unknown,,,Phnom Penh,individual,32816,Kiry 789,2026-04-01 15:00:52+07,2026-08-20 15:37:49.859171+07,2026-08-20 14:17:53+07
13398805,Mecedez C300 Luxury 4Matic full option,20000.0,20000.0,0.0,0,0.0,0,131.1,0.0,0,Mercedes-Benz,C300,2015,used,Plate Number,Unknown,Unknown,Unknown,,,Phnom Penh,individual,107159,Heng,2026-04-11 12:51:58+07,2026-08-20 15:37:51.425257+07,2026-08-20 14:02:56+07
13402141,Ford Ranger Wildtrak 2023,45000.0,45000.0,0.0,0,0.0,0,127.7,0.0,0,Ford,Ranger Wildtrak,2023,used,Plate Number,Unknown,Unknown,Unknown,,,Phnom Penh,store,223325,Bong Ly,2026-04-13 01:14:43+07,2026-08-18 17:18:52.997731+07,2026-08-18 17:11:01+07
13420841,JMC GRAND AVENUE ស៊េរីឆ្នាំ 2026,33900.0,33900.0,0.0,0,0.0,0,119.4,0.0,0,Unknown,Unknown,2026,new,Tax Paper,Unknown,Unknown,Unknown,,,Phnom Penh,store,248528,JMC JMC,2026-04-21 08:39:11+07,2026-08-18 17:18:55.819594+07,2026-08-18 16:58:25+07
13442523,Toyota Alphard 2015 អប់សិនLounge ឡើង 2025,46500.0,46500.0,0.0,0,0.0,0,120.5,0.0,0,Toyota,Alphard,2025,used,Tax Paper,Unknown,Unknown,Unknown,,,Phnom Penh,store,304311,ឡា ឃិន 33 61 61 p-11208383,2026-04-25 22:07:04+07,2026-08-24 10:35:53.577764+07,2026-08-24 10:23:02+07
13450516,🔥Prius06 កាន់💰3500$💸ដកឡានភ្លាមបង់រំលស់ជាមួយឃ្លាំងផ្ទាល់,12500.0,12500.0,0.0,0,0.0,0,118.5,0.0,0,Toyota,Prius,2006,used,Tax Paper,Unknown,Unknown,Unknown,,,Phnom Penh,store,459123,MCS AUTO 2,2026-04-27 23:04:33+07,2026-08-24 10:36:01.62584+07,2026-08-24 10:00:18+07
13453366,Toyota PriusV 2015 Option5 ម្ចាស់ដើម,22700.0,22700.0,0.0,0,0.0,0,112.1,0.0,0,Toyota,PriusV Option5,2015,used,Plate Number,Unknown,Unknown,Unknown,,,Phnom Penh,store,127674,Eric 289,2026-04-28 15:52:45+07,2026-08-18 17:18:56.72048+07,2026-08-18 16:45:22+07
13454974,JAC,38999.0,38999.0,0.0,0,0.0,0,117.1,0.0,0,JAC,Unknown,2025,new,Tax Paper,Unknown,Unknown,Unknown,,,Phnom Penh,store,1070674,Manny Nhor,2026-04-29 07:55:44+07,2026-08-24 10:35:53.577764+07,2026-08-24 10:21:26+07
13474219,Wuling bingo,13500.0,13500.0,0.0,0,0.0,0,107.0,0.0,0,Unknown,Unknown,2024,new,Tax Paper,Unknown,Unknown,Unknown,,,Phnom Penh,store,1103626,Regal Motors,2026-05-04 09:27:30+07,2026-08-19 09:48:15.43828+07,2026-08-19 09:30:08+07
13474681,Ford Wildtrak 2021 Bi Tubor,36500.0,36500.0,0.0,0,0.0,0,112.0,0.0,0,Ford,Ranger Wildtrak,2021,used,Plate Number,Unknown,Unknown,Unknown,,,Siem Reap,store,298332,kheang Kheang,2026-05-04 10:55:45+07,2026-08-24 10:36:08.601393+07,2026-08-24 09:48:34+07
13502068,450H-2010ម្ចាសផ្ទាល់ចង់លក់ ស្អាតណាស់,30500.0,30500.0,0.0,0,0.0,0,105.0,0.0,0,Unknown,Unknown,2010,used,Plate Number,Unknown,Unknown,Unknown,,,Phnom Penh,store,132399,Bi car shop,2026-05-11 09:49:46+07,2026-08-24 10:36:03.644366+07,2026-08-24 09:59:03+07
13508059,Kia Ray 2016 Full Smart Key ជះរាងសង្ហាណាស់បងៗ😍,8800.0,8800.0,0.0,0,0.0,0,103.9,0.0,0,Kia,Ray,2016,used,Plate Number,Unknown,Unknown,Unknown,,,Phnom Penh,store,781869,RITH AutoCar7777,2026-05-12 13:26:41+07,2026-08-24 10:35:52.585072+07,2026-08-24 10:24:34+07
13526524,Land 2012 full option upgrade 024 ទាំងក្នុងនិងក្រៅធានាជូនឡានស្អាត,43500.0,43500.0,0.0,0,0.0,0,96.4,0.0,0,Unknown,Unknown,2024,used,Plate Number,Unknown,Unknown,Unknown,,,Phnom Penh,store,896649,Polo Spl,2026-05-17 00:00:29+07,2026-08-21 09:53:23.576541+07,2026-08-21 09:15:04+07
13528984,Mercedes Benz C Coupe 2016 RWD,37500.0,37500.0,0.0,0,0.0,0,98.8,0.0,0,Mercedes-Benz,C Coupe,2016,used,Tax Paper,Unknown,Unknown,Unknown,,,Phnom Penh,store,1072003,Phea Phea,2026-05-17 15:20:16+07,2026-08-24 10:36:06.631091+07,2026-08-24 09:51:03+07
13529293,Aion i60 REEV Advance Edition (Projector),25900.0,25900.0,0.0,0,0.0,0,93.0,0.0,0,Unknown,Unknown,2026,new,Tax Paper,Unknown,Unknown,Unknown,,,Phnom Penh,store,15488,NK AUTO,2026-05-17 16:45:30+07,2026-08-18 17:18:56.72048+07,2026-08-18 16:45:05+07
13545418,Fortuner Legender 2022 ខ្មៅ 2មុឺនKmជាង,46500.0,46500.0,0.0,0,0.0,0,95.4,0.0,0,Toyota,Fortuner,2022,used,Plate Number,Unknown,Unknown,Unknown,,,Phnom Penh,store,224675,Mr. Meth 168 Auto,2026-05-21 00:07:50+07,2026-08-24 10:35:55.58206+07,2026-08-24 10:27:03+07
13548727,Leopard Ti3 EV 501km,31500.0,31500.0,0.0,0,0.0,0,91.0,0.0,0,Fangchengbao,Ti3 EV 501km,2025,new,Tax Paper,Unknown,Unknown,Unknown,,,Phnom Penh,store,1095229,Na Da LT AUTO,2026-05-21 15:54:30+07,2026-08-20 15:37:49.863309+07,2026-08-20 14:15:06+07
13556782,ឡានលក់ Camry ហើយឆ្នាំ95 ឡានស្អាតសាច់ដែកខ្ចី,3500.0,3500.0,0.0,0,0.0,0,89.1,0.0,0,Toyota,Camry,1995,used,Plate Number,Unknown,Unknown,Unknown,,,Phnom Penh,store,182449,ឃ្លាំង នីហេង,2026-05-23 13:24:32+07,2026-08-20 15:37:38.10225+07,2026-08-20 15:00:08+07
13560565,Staria 2023 ម្ចាស់ដើម សំរាប់លក់,30888.0,30888.0,0.0,0,0.0,0,86.1,0.0,0,Hyundai,Staria,2023,used,Plate Number,Unknown,Unknown,Unknown,,,Phnom Penh,store,438645,Heng Han,2026-05-24 14:54:28+07,2026-08-18 17:19:02.531199+07,2026-08-18 15:54:03+07
13560905,Deepal S05 Ultra 2026 R20/R18 មានក្នុងស្តុក,24999.0,24999.0,0.0,0,0.0,0,88.7,0.0,0,Changan,Deepal S05,2026,new,Tax Paper,Unknown,Unknown,Unknown,,,Phnom Penh,store,98066,ST 265 Auto,2026-05-24 16:55:06+07,2026-08-21 09:53:07.211436+07,2026-08-20 19:30:17+07
13564473,TOYOTA   SCION  2008,12500.0,12500.0,0.0,0,0.0,0,85.1,0.0,0,Toyota,SCION,2008,used,Plate Number,Unknown,Unknown,Unknown,,,Phnom Penh,store,1178491,Oeun Sok Keng,2026-05-25 14:32:41+07,2026-08-18 17:19:06.254511+07,2026-08-18 15:34:08+07
13568132,លក់ប្រញាប់,22000.0,22000.0,0.0,0,0.0,0,83.2,0.0,0,Unknown,Unknown,2015,used,Plate Number,Unknown,Unknown,Unknown,,,Phnom Penh,store,1039372,Chhay Borey,2026-05-26 11:16:13+07,2026-08-17 15:50:55.835096+07,2026-08-17 15:21:02+07
13574445,Hummer H2year2006 for sale  please contact telegram 016847847 0978245678 012545444,12900.0,12900.0,0.0,0,0.0,0,85.6,0.0,0,Unknown,Unknown,2006,used,Plate Number,Unknown,Unknown,Unknown,,,Phnom Penh,store,592993,Chetra Car Saler,2026-05-27 18:34:15+07,2026-08-21 09:53:19.75504+07,2026-08-21 09:22:14+07
13574507,Lexus CT200H Premium year 2013,16625.0,16625.0,0.0,0,0.0,0,83.6,0.0,0,Lexus,CT200h,2013,used,Plate Number,Unknown,Unknown,Unknown,,,Phnom Penh,individual,42341,Van Chansokrit,2026-05-27 18:55:40+07,2026-08-19 09:48:11.443459+07,2026-08-19 09:25:19+07
13576887,2016 AUDI A7 FULL OPTION ( 2016 奥迪 A7 顶配版本 ),38000.0,38000.0,0.0,0,0.0,0,84.2,0.0,0,Audi,A7,2016,used,Plate Number,Unknown,Unknown,Unknown,,,Phnom Penh,store,1008710,HAWON AUTOCAR,2026-05-28 11:51:06+07,2026-08-20 15:37:27.818543+07,2026-08-20 15:22:02+07
13586862,កំពូលរថយន្តដឹក 2008 Toyota Hilux Vigo 4WD Automatic ម៉ាសូត ឆ្វេង​ស៊ីន,22500.0,22500.0,0.0,0,0.0,0,80.0,0.0,0,Toyota,Hilux Vigo,2008,used,Plate Number,Unknown,Unknown,Unknown,,,Phnom Penh,store,880699,អ៊ុក ចាន់វាសនា,2026-05-30 16:20:17+07,2026-08-18 17:18:59.537238+07,2026-08-18 16:20:02+07
13592116,Alphard 017 executive lounge,35000.0,35000.0,0.0,0,0.0,0,79.0,0.0,0,Toyota,Alphard,2017,used,Plate Number,Unknown,Unknown,Unknown,,,Phnom Penh,individual,669284,Py,2026-06-01 10:20:27+07,2026-08-19 09:48:11.442314+07,2026-08-19 09:26:17+07
13612876,🔥BMW528i 012🆙2025 សាំងចំណេញគ្រឿងលេងច្រេីន ឡានមូលអត់បុក តម្លៃសាង,16800.0,16800.0,0.0,0,0.0,0,79.5,0.0,0,Unknown,Unknown,2012,used,Plate Number,Unknown,Unknown,Unknown,,,Phnom Penh,store,459123,MCS AUTO 2,2026-06-05 23:05:46+07,2026-08-24 10:36:01.62584+07,2026-08-24 10:00:18+07
13613498,លក់Morning 09 full,5750.0,5750.0,0.0,0,0.0,0,75.3,0.0,0,Kia,Morning,2009,used,Plate Number,Unknown,Unknown,Unknown,,,Phnom Penh,individual,1191907,Tey va,2026-06-06 08:53:39+07,2026-08-20 15:37:23.586264+07,2026-08-16 13:16:10+07
13620184,LEXUS GX470 2004 V8 P2,15800.0,15800.0,0.0,0,0.0,0,77.1,0.0,0,Lexus,GX470,2004,used,Tax Paper,Unknown,Unknown,Unknown,,,Phnom Penh,store,789501,Kung Mengkorng,2026-06-08 07:20:13+07,2026-08-24 10:36:04.652488+07,2026-08-24 09:57:10+07
13632600,2016 Mercedes-Benz C300 AMG,26500.0,26500.0,0.0,0,0.0,0,71.5,0.0,0,Mercedes-Benz,C300,2016,used,Tax Paper,Unknown,Unknown,Unknown,,,Phnom Penh,store,653568,Heng Auto Car,2026-06-10 21:13:07+07,2026-08-21 09:53:24.915436+07,2026-08-21 09:13:03+07
13634802,Lexus 330,20500.0,20500.0,0.0,0,0.0,0,70.9,0.0,0,Lexus,330,2004,used,Plate Number,Unknown,Unknown,Unknown,,,Phnom Penh,individual,879964,Heng Heng,2026-06-11 11:44:12+07,2026-08-21 09:53:18.609945+07,2026-08-21 09:28:40+07
13642458,- [ ] KIA Ray ឆ្នាំ2013​ ពាក់កណ្តាលfull- [ ] ពណ៍ទឹកដោះគោ​ ថ្មីដូចខ្លាញ់គោល្អប្រេី​ ស្ទុះណាស់,9200.0,9200.0,0.0,0,0.0,0,72.0,0.0,0,Kia,Ray,2013,used,Tax Paper,Unknown,Unknown,Unknown,,,Phnom Penh,individual,1194483,រក្សា សុខ,2026-06-13 09:43:16+07,2026-08-24 10:35:52.585072+07,2026-08-24 10:24:49+07
13642478,Ford F-150 platinum full option 2015,38700.0,38700.0,0.0,0,0.0,0,66.3,0.0,0,Ford,F-150,2015,used,Tax Paper,Unknown,Unknown,Unknown,,,Phnom Penh,store,166337,Sreylin Hout,2026-06-13 09:46:58+07,2026-08-18 17:19:03.459664+07,2026-08-18 15:50:03+07
13667347,"Mazda BT50 $29,500 ឆ្នាំ2020 តម្លៃអាចចរចារបាន ទឹកថ្នាំនិងម៉ាស៊ីនសំណុំដើម",29500.0,29500.0,0.0,0,0.0,0,60.2,0.0,0,Mazda,"BT50 $29,500 ឆ្នាំ2020",2020,used,Plate Number,Unknown,Unknown,Unknown,,,Phnom Penh,store,545385,តាញាញ់ ថ្ងៃល្អ,2026-06-19 11:34:50+07,2026-08-18 17:18:57.647844+07,2026-08-18 16:34:02+07
13674989,Lexus Rx330 2004 Full option,17500.0,17700.0,200.0,1,0.0,0,60.1,0.0,0,Lexus,RX330,2004,used,Plate Number,Unknown,Unknown,Unknown,,,Phnom Penh,store,385708,Hea Sinh,2026-06-21 12:43:35+07,2026-08-20 15:37:42.603139+07,2026-08-20 14:30:10+07
13676041,Range Vough 014 សាំង (Black Edition) មាឌមាំសង្ហារខ្មៅក្រិប🖤,23500.0,23500.0,0.0,0,0.0,0,63.8,0.0,0,Unknown,Unknown,2014,used,Plate Number,Unknown,Unknown,Unknown,,,Phnom Penh,store,781869,RITH AutoCar7777,2026-06-21 16:35:37+07,2026-08-24 10:35:52.585072+07,2026-08-24 10:24:17+07
13682691,លក់ប្រញ៉ាប់លុយ,5700.0,5700.0,0.0,0,0.0,0,58.2,0.0,0,Unknown,Unknown,1999,used,Tax Paper,Unknown,Unknown,Unknown,,,Takeo,individual,544542,Ñèw Livé Ñèw Wórk,2026-06-23 10:15:11+07,2026-08-20 15:37:23.597149+07,2026-06-23 10:15:11+07
13698664,Prius 2012 ក្រដាសពន្ធ,17200.0,17200.0,0.0,0,0.0,0,58.7,0.0,0,Toyota,Prius,2012,used,Tax Paper,Unknown,Unknown,Unknown,,,Phnom Penh,store,729792,TN TN,2026-06-26 17:47:30+07,2026-08-24 10:35:57.603407+07,2026-08-24 10:11:02+07
13698830,"S400L 2015 up Maybach ក្រដាសពន្ធ $4x,xxx ចចារ",48500.0,48500.0,0.0,0,0.0,0,58.7,0.0,0,Unknown,Unknown,2015,used,Tax Paper,Unknown,Unknown,Unknown,,,Phnom Penh,store,729792,TN TN,2026-06-26 18:39:41+07,2026-08-24 10:35:57.603407+07,2026-08-24 10:11:02+07
13722859,LM350h 2026 Full VIP New 4កៅអី ខ្លាញ់គោ,255000.0,255000.0,0.0,0,0.0,0,49.1,0.0,0,Lexus,LM350h,2026,new,Tax Paper,Unknown,Unknown,Unknown,,,Phnom Penh,store,436824,NTN99 AUTO SHOP,2026-07-03 07:01:16+07,2026-08-21 09:53:12.55022+07,2026-08-21 09:32:03+07
13728285,BMW 740i 2016 upgrade 2022,37500.0,37500.0,0.0,0,0.0,0,44.1,0.0,0,BMW,740i upgrade,2016,used,Plate Number,Unknown,Unknown,Unknown,,,Phnom Penh,individual,748683,SNR007,2026-07-04 12:38:44+07,2026-08-17 15:51:05.468191+07,2026-08-17 14:34:13+07
13734577,Venue 2026,21600.0,21600.0,0.0,0,0.0,0,45.2,0.0,0,Hyundai,Venue,2026,new,Tax Paper,Unknown,Unknown,Unknown,,,Phnom Penh,store,477448,Va Seanghor,2026-07-06 10:35:57+07,2026-08-20 15:37:29.394234+07,2026-08-20 15:31:40+07
13736985,Toyota Alphard 2024 កៅអីដើកណ្ដាលបានសុីន១ជុំមហាថ្មី,109000.0,109000.0,0.0,0,0.0,0,45.6,0.0,0,Toyota,Alphard,2024,used,Plate Number,Unknown,Unknown,Unknown,,,Phnom Penh,store,777161,MDSR27 MDSR27,2026-07-06 18:37:37+07,2026-08-21 09:53:08.545706+07,2026-08-21 09:36:01+07
13747303,Highlander 02 P 1 V 6,14100.0,14100.0,0.0,0,0.0,0,46.0,0.0,0,Toyota,Highlander,2002,used,Plate Number,Unknown,Unknown,Unknown,,,Phnom Penh,store,346856,Chea Pao Car shop,2026-07-09 09:57:02+07,2026-08-24 10:35:49.614511+07,2026-08-24 09:27:55+07
13749377,Ford raptor f-150,56500.0,56500.0,0.0,0,0.0,0,45.8,0.0,0,Ford,Ranger Raptor,2020,used,Plate Number,Unknown,Unknown,Unknown,,,Phnom Penh,store,98066,ST 265 Auto,2026-07-09 16:35:20+07,2026-08-24 10:35:51.602503+07,2026-08-24 08:28:03+07
13752998,Hilux Travo Vedition 2027,45900.0,45900.0,0.0,0,0.0,0,39.1,0.0,0,Toyota,Hilux,2027,new,Tax Paper,Unknown,Unknown,Unknown,,,Phnom Penh,store,1260442,Toyota Hilux Travo,2026-07-10 14:39:25+07,2026-08-18 17:18:53.941945+07,2026-08-18 17:00:06+07
13753111,ឡានស្អាតមិនសូវប្រេី Chevrolet Colorado LTZ 2017,25800.0,25800.0,0.0,0,0.0,0,38.0,0.0,0,Chevrolet,Colorado,2017,used,Plate Number,Unknown,Unknown,Unknown,,,Phnom Penh,individual,343215,Lar Ry,2026-07-10 14:57:18+07,2026-08-17 15:51:08.284043+07,2026-08-17 14:22:16+07
13754008,BENTLEY FLYING SPUR 2016 – FULL OPTION 59500$,59500.0,59500.0,0.0,0,0.0,0,44.7,0.0,0,Bentley,FLYING SPUR –,2016,used,Plate Number,Unknown,Unknown,Unknown,,,Phnom Penh,store,1161273,Choung Reaksmey,2026-07-10 18:44:17+07,2026-08-24 10:35:53.577764+07,2026-08-24 10:23:02+07
13757233,រំលស់ជាមួយឃ្លាំង3000$,3000.0,3000.0,0.0,0,0.0,0,43.8,0.0,0,Unknown,Unknown,2006,used,Plate Number,Unknown,Unknown,Unknown,,,Phnom Penh,individual,1301736,Heng Sophanit,2026-07-11 15:02:40+07,2026-08-24 10:35:49.617808+07,2026-07-11 15:02:40+07
13761006,"លក់Mazda BT50 2019 ម៉ាសុិន3,2L  ឡានស្អាត តំលៃ 26900ចវារតិតួច",26900.0,26900.0,0.0,0,0.0,0,37.1,0.0,0,Mazda,"BT50 ម៉ាសុិន3,2L",2019,used,Plate Number,Unknown,Unknown,Unknown,,,Phnom Penh,store,776974,Mr Car PR,2026-07-12 16:04:46+07,2026-08-18 17:19:01.598598+07,2026-08-18 16:04:02+07
13763517,លក់វិញ​ free កាត់ឈ្មោះអោយ,37000.0,37000.0,0.0,0,0.0,0,38.9,0.0,0,Unknown,Unknown,2022,used,Plate Number,Unknown,Unknown,Unknown,,,Phnom Penh,individual,69391,saroeurn chhoeurn,2026-07-13 12:22:23+07,2026-08-21 09:53:04.845081+07,2026-08-19 01:30:30+07
13763815,GS300 2006  ប៉ុង1 ក្នុងលឿង,15500.0,15500.0,0.0,0,0.0,0,38.9,0.0,0,Unknown,Unknown,2006,used,Plate Number,Unknown,Unknown,Unknown,,,Phnom Penh,store,596584,Kol LiHak,2026-07-13 13:28:26+07,2026-08-21 09:53:13.859601+07,2026-08-21 09:34:03+07
13764192,🚗 Land Cruiser Prado 2008✅ សាំង V4 ម្ចាស់ដើមទិញខ្លាញ់គោ✅ ទឹកថ្នាំ ហ្សីនម៉ាជុំ ✅ កៅអី បីជួរ,19500.0,19500.0,0.0,0,0.0,0,36.8,0.0,0,Toyota,Land Cruiser Prado,2008,used,Plate Number,Unknown,Unknown,Unknown,,,Phnom Penh,store,666786,Sos sell car,2026-07-13 14:40:25+07,2026-08-19 09:48:03.343653+07,2026-08-19 09:45:17+07
13766411,ឡានជិះលក្ខណះគ្រួសារ,47000.0,47000.0,0.0,0,0.0,0,38.1,0.0,0,Unknown,Unknown,2010,used,Plate Number,Unknown,Unknown,Unknown,,,Phnom Penh,individual,546100,Yaya,2026-07-14 08:13:09+07,2026-08-21 09:53:15.005099+07,2026-08-21 09:41:49+07
13772338,Hilux Rally 2023,42500.0,42500.0,0.0,0,0.0,0,36.1,0.0,0,Toyota,Hilux,2023,used,Plate Number,Unknown,Unknown,Unknown,,,Phnom Penh,store,772106,Sovannridh Toyota Plus,2026-07-15 14:18:18+07,2026-08-20 15:37:30.972735+07,2026-08-20 15:30:09+07
13775415,Kia morning  2015 full option smart key ស្មាធឃី ឡានស្អាត,8500.0,8500.0,0.0,0,0.0,0,35.9,0.0,0,Kia,Morning,2015,used,Tax Paper,Unknown,Unknown,Unknown,,,Phnom Penh,store,94595,Hour Longpheng,2026-07-16 11:09:00+07,2026-08-21 09:53:17.465344+07,2026-08-21 09:27:02+07
13777580,Kia Grand Carnival 2020 V6 សាំង ឡានទិញខ្លាញ់គោក្រុមហ៊ុន,24500.0,24500.0,0.0,0,0.0,0,32.8,0.0,0,Kia,Grand Carnival,2020,used,Plate Number,Unknown,Unknown,Unknown,,,Phnom Penh,store,148277,TTS Auto,2026-07-16 21:47:43+07,2026-08-18 17:18:50.183768+07,2026-08-15 13:37:39+07
13786165,ដាក់លក់Kia Ray(2012)ឡានក្រដាកពន្ធថ្មី,8400.0,8400.0,0.0,0,0.0,0,36.0,0.0,0,Kia,Ray,2012,used,Tax Paper,Unknown,Unknown,Unknown,,,Phnom Penh,individual,1048505,meng heng,2026-07-19 11:22:53+07,2026-08-24 10:35:53.577764+07,2026-08-24 10:22:22+07
13795603,Mazda2 2019,14000.0,14000.0,0.0,0,0.0,0,26.9,0.0,0,Unknown,Unknown,2019,used,Plate Number,Unknown,Unknown,Unknown,,,Phnom Penh,individual,63900,K Dey,2026-07-21 18:02:46+07,2026-08-17 15:51:00.735607+07,2026-08-17 14:57:53+07
13803068,Hyper HT 2024,44500.0,44500.0,0.0,0,0.0,0,28.0,0.0,0,Unknown,Unknown,2024,used,Plate Number,Unknown,Unknown,Unknown,,,Phnom Penh,store,1224932,ChaoFan Auto,2026-07-23 16:42:47+07,2026-08-20 15:37:32.542558+07,2026-08-20 15:01:54+07
13806629,🩷BYD Qin L DMI 2024 Evសុទ្ធ120km អគ្គិសនីលាយសាំង1400km🚙 តម្លៃ 23200$ចរចា🩷,23200.0,23200.0,0.0,0,0.0,0,30.8,0.0,0,BYD,Qin L DMI,2024,used,Plate Number,Unknown,Unknown,Unknown,,,Phnom Penh,store,1281803,JH - Moka,2026-07-24 15:43:18+07,2026-08-24 10:36:07.608563+07,2026-08-24 09:50:05+07
13807114,ឡានលក់ប្រញាប់លុយ,12000.0,12000.0,0.0,0,0.0,0,26.9,0.0,0,Unknown,Unknown,2002,used,Plate Number,Unknown,Unknown,Unknown,,,Siem Reap,individual,581480,ទូច សៀមរាប,2026-07-24 17:52:41+07,2026-08-20 15:37:35.449921+07,2026-08-20 15:08:29+07
13808156,Ford Ranger Wildtrak 2023 អត់បាញ់ធានាជូន,41800.0,41800.0,0.0,0,0.0,0,27.1,0.0,0,Ford,Ranger Wildtrak,2023,used,Plate Number,Unknown,Unknown,Unknown,,,Phnom Penh,store,862400,ជូ អ៊ូ ជិញ,2026-07-25 08:40:54+07,2026-08-21 09:53:21.10245+07,2026-08-21 09:24:57+07
13811229,Mercedes GLS450 2015,29000.0,29000.0,0.0,0,0.0,0,23.8,0.0,0,Mercedes-Benz,GLS450,2015,used,Plate Number,Unknown,Unknown,Unknown,,,Phnom Penh,store,85153,Lim seav pheng,2026-07-25 23:03:22+07,2026-08-18 17:18:56.72048+07,2026-08-18 16:45:05+07
13812230,Xpeng X9 2025 ថ្មី99%,48000.0,49500.0,1500.0,1,0.0,0,25.2,0.0,0,Xpeng,X9,2025,new,Tax Paper,Unknown,Unknown,Unknown,,,Phnom Penh,individual,196488,Fee,2026-07-26 11:32:15+07,2026-08-20 15:37:23.58864+07,2026-08-20 13:23:06+07
13812237,Toyota Landcuiser 2003 vx4.2 TD  forsale,19800.0,19800.0,0.0,0,0.0,0,25.2,0.0,0,Toyota,Landcuiser vx4 2,2003,used,Plate Number,Unknown,Unknown,Unknown,,,Phnom Penh,store,592993,Chetra Car Saler,2026-07-26 11:35:25+07,2026-08-20 15:37:51.428222+07,2026-08-20 14:01:02+07
13814073,S560 2018 Mercedes Maybach,86000.0,86000.0,0.0,0,0.0,0,25.5,0.0,0,Mercedes-Benz,Maybach,2018,used,Plate Number,Unknown,Unknown,Unknown,,,Phnom Penh,store,235152,SP68 Auto,2026-07-26 22:19:51+07,2026-08-21 09:53:24.916616+07,2026-08-21 09:12:02+07
13816642,Ford Explorer 2015 ម៉ាសុីន 4 eco-boost ស្អាតណាស់មេមេ,19500.0,19500.0,0.0,0,0.0,0,24.8,0.0,0,Ford,Explorer,2015,used,Plate Number,Unknown,Unknown,Unknown,,,Phnom Penh,individual,823308,Heng Peg song,2026-07-27 14:30:12+07,2026-08-21 09:53:12.552878+07,2026-08-21 09:31:40+07
13819519,Highlander 01 V6 ប៉ុង2 (ក្នុងលឿង​ ឡានស្អាត​ខ្ចី សំនុំហ្សុីន),12790.0,12790.0,0.0,0,0.0,0,27.0,0.0,0,Toyota,Highlander,2001,used,Plate Number,Unknown,Unknown,Unknown,,,Phnom Penh,individual,1314549,navy ra,2026-07-28 09:23:58+07,2026-08-24 10:35:57.592675+07,2026-08-24 10:13:33+07
13825904,🖤Alphard015 ឡើង LM350 full hybrid អូតូ3 ឡានថ្មីសាហាវ,30800.0,30800.0,0.0,0,0.0,0,25.6,0.0,0,Lexus,LM350,2015,used,Plate Number,Unknown,Unknown,Unknown,,,Phnom Penh,store,271614,ហ៊ា អន លក់ឡាន,2026-07-29 19:00:39+07,2026-08-24 10:35:51.603502+07,2026-08-24 09:53:02+07
13828559,Car for sell,26500.0,26500.0,0.0,0,0.0,0,18.1,0.0,0,Unknown,Unknown,2019,used,Plate Number,Unknown,Unknown,Unknown,,,Phnom Penh,store,1181888,បុត្រ Sereyboth,2026-07-30 12:40:03+07,2026-08-17 15:51:02.645676+07,2026-08-17 14:48:57+07
13828768,2016 Excutive lounge ស​ ក្នុង​ ខ្មៅ​  កែតាបឡ​សុីន​ ដៃលេខ​ត្រឡប់​ សិត​កៅអីសុីន​,33800.0,33800.0,0.0,0,0.0,0,21.9,0.0,0,Unknown,Unknown,2016,used,Plate Number,Unknown,Unknown,Unknown,,,Phnom Penh,store,963473,Chheng Hor,2026-07-30 13:13:01+07,2026-08-21 09:53:18.605891+07,2026-08-21 09:30:12+07
13830078,ឡានលក់០១១ប៉ុង១ហ្វូលពេញឡានថ្មី,26000.0,26000.0,0.0,0,0.0,0,20.9,0.0,0,Unknown,Unknown,2011,used,Plate Number,Unknown,Unknown,Unknown,,,Phnom Penh,store,474191,P T,2026-07-30 17:36:09+07,2026-08-20 15:37:44.212993+07,2026-08-20 14:27:31+07
13831228,Prius015ឡានក្រដាស់ពន្នថ្មីអត់បុកអត់ប៉ះអត់ច្រេះថ្នាំសុីនមួយជុំ អាគុយABSនៅដំណើរការល្អ។,19200.0,19200.0,0.0,0,0.0,0,19.2,0.0,0,Unknown,Unknown,2015,used,Tax Paper,Unknown,Unknown,Unknown,,,Phnom Penh,store,561963,តាំងសុខឃាង ឃ្លាំងឡាន,2026-07-31 05:32:43+07,2026-08-19 09:48:04.751483+07,2026-08-19 09:42:19+07
13832285,"Sujen L150 0,5តោន 2016",3000.0,3000.0,0.0,0,0.0,0,24.0,0.0,0,Unknown,Unknown,2016,used,Plate Number,Unknown,Unknown,Unknown,,,Kandal,individual,1052490,មង្គលរតន:,2026-07-31 10:47:05+07,2026-08-24 10:35:49.62161+07,2026-07-31 10:47:05+07
13833361,Lexus Rx450h Luxury Full-Options 2019,69800.0,69800.0,0.0,0,0.0,0,17.0,0.0,0,Lexus,RX450h,2019,used,Tax Paper,Unknown,Unknown,Unknown,,,Phnom Penh,store,798650,Pha AutoCars,2026-07-31 14:44:49+07,2026-08-17 15:51:02.678177+07,2026-08-17 14:44:02+07
13841497,Camry 02 le abs 8300ចរចា,8000.0,8000.0,0.0,0,0.0,0,21.1,0.0,0,Toyota,Camry,2002,used,Plate Number,Unknown,Unknown,Unknown,,,Phnom Penh,store,568748,Rithy Prach,2026-08-03 08:30:09+07,2026-08-24 10:36:05.643114+07,2026-08-24 10:00:18+07
13843468,មហាថ្មីខ្លាំង ម្ចាស់ដេីមទី1 Mazda thunder Full option 2020 3.2L,28977.0,28977.0,0.0,0,0.0,0,14.1,0.0,0,Mazda,thunder,2020,used,Plate Number,Unknown,Unknown,Unknown,,,Phnom Penh,store,200717,Lim David  MasterAuto,2026-08-03 14:35:14+07,2026-08-17 15:50:50.174766+07,2026-08-04 10:33:41+07
13843539,Kia Kanival 2017​ (ម្ចាស់ដើម) មិនធ្លាប់ខូច,16500.0,16500.0,0.0,0,0.0,0,17.8,0.0,0,Kia,Kanival (ម្ចាស់ដើម) មិនធ្លាប់ខូច,2017,used,Plate Number,Unknown,Unknown,Unknown,,,Phnom Penh,individual,1289901,Somnang Buth,2026-08-03 14:47:25+07,2026-08-21 09:53:06.0548+07,2026-08-03 14:47:25+07
13845076,Toyota Land Cruiser LC 300 GR Sport HEV 2026 full Option,178000.0,178000.0,0.0,0,0.0,0,17.5,0.0,0,Toyota,Land Cruiser 300,2026,new,Tax Paper,Unknown,Unknown,Unknown,,,Phnom Penh,store,689152,89 Auto Car,2026-08-03 22:12:09+07,2026-08-21 09:53:24.915066+07,2026-08-21 09:13:03+07
13845081,Toyota Land Cruiser LC 300 GR Sport HEV 2026 full Option ថ្មីខ្លាញ់គោ,178000.0,178000.0,0.0,0,0.0,0,17.5,0.0,0,Toyota,Land Cruiser 300,2026,new,Tax Paper,Unknown,Unknown,Unknown,,,Phnom Penh,store,689152,89 Auto Car,2026-08-03 22:14:40+07,2026-08-21 09:53:24.913598+07,2026-08-21 09:13:06+07
13846597,Jeep Wrangler 2021 (ឡានទិញថ្មីក្រុមហ៊ុន),58800.0,58800.0,0.0,0,0.0,0,20.0,0.0,0,Jeep,Wrangler,2021,used,Plate Number,Unknown,Unknown,Unknown,,,Phnom Penh,store,340518,SP81,2026-08-04 11:19:44+07,2026-08-24 10:35:50.609126+07,2026-08-13 15:11:02+07
13852846,2026年GN8~VIP四座,45800.0,45800.0,0.0,0,0.0,0,12.9,0.0,0,Unknown,Unknown,2026,used,Plate Number,Unknown,Unknown,Unknown,,,Phnom Penh,store,1048060,CSAuto Bing,2026-08-05 18:58:05+07,2026-08-18 17:19:04.372424+07,2026-08-18 15:44:09+07
13858029,🚗 Toyota Hilux Revo Rally 2021 Full option,39000.0,39000.0,0.0,0,0.0,0,12.1,0.0,0,Toyota,Hilux Revo Rally,2021,used,Plate Number,Unknown,Unknown,Unknown,,,Phnom Penh,individual,706439,Sopheaktra Auto Car,2026-08-07 08:27:33+07,2026-08-19 09:48:01.898202+07,2026-08-19 09:46:50+07
13860238,2002 Toyota Highlander V6 ប៉ុង1,15800.0,15800.0,0.0,0,0.0,0,10.0,0.0,0,Toyota,Highlander,2002,used,Plate Number,Unknown,Unknown,Unknown,,,Phnom Penh,store,843591,MR 99,2026-08-07 15:32:24+07,2026-08-17 15:50:57.848291+07,2026-08-17 15:07:03+07
13860366,លក់HLD 2003.V4.ប៉ុង1 ទឹកមាស,17200.0,17200.0,0.0,0,0.0,0,11.0,0.0,0,Unknown,Unknown,2003,used,Plate Number,Unknown,Unknown,Unknown,,,Phnom Penh,store,1134552,Theara Auto,2026-08-07 16:07:37+07,2026-08-18 17:18:54.870805+07,2026-08-18 17:00:06+07
13860881,TOYOTA_TUNDRA_2014_Limited ប៉ុងពីរ,29500.0,29500.0,0.0,0,0.0,0,16.7,0.0,0,Toyota,Tundra,2014,used,Tax Paper,Unknown,Unknown,Unknown,,,Phnom Penh,store,477705,p-69466646,2026-08-07 18:45:46+07,2026-08-24 10:36:06.625889+07,2026-08-24 09:52:31+07
13860907,2025上牌红旗🚩HS5,28800.0,28800.0,0.0,0,0.0,0,10.9,0.0,0,Unknown,Unknown,2025,used,Plate Number,Unknown,Unknown,Unknown,,,Phnom Penh,store,1048060,CSAuto Bing,2026-08-07 18:58:08+07,2026-08-18 17:19:04.372424+07,2026-08-18 15:44:12+07
13861014,ឡានលក់LE07,14900.0,14900.0,0.0,0,0.0,0,9.8,0.0,0,Unknown,Unknown,2007,used,Plate Number,Unknown,Unknown,Unknown,,,Battambang,individual,1088621,Saran Cambodia,2026-08-07 19:41:59+07,2026-08-17 15:50:56.845349+07,2026-08-17 15:25:09+07
13863614,លក់ព្រោះអត់មានពេលជិះ,27000.0,27000.0,0.0,0,0.0,0,12.8,0.0,0,Unknown,Unknown,2015,used,Plate Number,Unknown,Unknown,Unknown,,,Siem Reap,individual,900082,Nick Mark,2026-08-08 13:56:47+07,2026-08-21 09:53:07.208684+07,2026-08-08 13:56:47+07
13863895,Range Sport​ ម្ចាស់ដេីម​ទី​1,26000.0,26000.0,0.0,0,0.0,0,10.1,0.0,0,Unknown,Unknown,2014,used,Plate Number,Unknown,Unknown,Unknown,,,Phnom Penh,store,46049,YIV HONGTY Telegram : 010 70 71 72,2026-08-08 14:53:57+07,2026-08-18 17:19:02.531903+07,2026-08-18 15:52:28+07
13864861,EVOUPE 2012  ក្រដាសពន្ធ ថ្មី ស្ដុកចាស់,13900.0,13900.0,0.0,0,0.0,0,10.5,0.0,0,Unknown,Unknown,2012,used,Tax Paper,Unknown,Unknown,Unknown,,,Phnom Penh,store,131729,BUNDITH AUTO,2026-08-08 20:45:13+07,2026-08-19 09:48:03.343264+07,2026-08-19 09:45:17+07
13867393,Hilux Tiger for Sale,7850.0,7850.0,0.0,0,0.0,0,7.9,0.0,0,Toyota,Hilux,2002,used,Plate Number,Unknown,Unknown,Unknown,,,Phnom Penh,individual,346178,Moon moon Srey,2026-08-09 17:35:20+07,2026-08-17 15:51:02.66115+07,2026-08-17 14:46:50+07
13871246,ឡាន 012 ម្ចាស់ដេីមថ្មីណាស់,16400.0,16400.0,0.0,0,0.0,0,13.7,0.0,0,Unknown,Unknown,2012,used,Plate Number,Unknown,Unknown,Unknown,,,Phnom Penh,individual,298682,p-12707754,2026-08-10 17:25:15+07,2026-08-24 10:35:52.583513+07,2026-08-24 10:24:55+07
13871671,GAC GN8 2025 spec Top Master,36500.0,36500.0,0.0,0,0.0,0,13.6,0.0,0,GAC,GN8,2025,used,Plate Number,Unknown,Unknown,Unknown,,,Phnom Penh,store,1297953,VV1 Auto Cars,2026-08-10 20:09:21+07,2026-08-24 10:36:00.591293+07,2026-08-24 10:16:55+07
13873387,LEXUS CT200H 2012 PREMIUM UP F-SPORT,14800.0,14800.0,0.0,0,0.0,0,13.0,0.0,0,Lexus,CT200h,2012,used,Plate Number,Unknown,Unknown,Unknown,,,Phnom Penh,store,422115,CT99 Auto Car,2026-08-11 10:40:26+07,2026-08-24 10:36:01.625154+07,2026-08-24 10:00:18+07
13874032,NX300 Fsport ឆ្នាំ2018 (34000$),34000.0,36000.0,2000.0,1,0.0,0,9.9,0.0,0,Lexus,NX300,2018,used,Plate Number,Unknown,Unknown,Unknown,,,Phnom Penh,individual,728609,phou phou,2026-08-11 13:04:15+07,2026-08-21 09:53:09.877664+07,2026-08-21 09:48:10+07
13878480,LAND CRUISER PRADO ម៉ាស៊ីនធំ​  ​ម៉ាស៊ូត,14500.0,14500.0,0.0,0,0.0,0,6.1,0.0,0,Toyota,Land Cruiser Prado,1997,used,Plate Number,Unknown,Unknown,Unknown,,,Siem Reap,store,324158,សំណាង,2026-08-12 14:14:23+07,2026-08-18 17:18:51.126398+07,2026-08-12 14:14:23+07
13881153,Toyota highlander year 2004 v4 pong1,19999.0,19999.0,0.0,0,0.0,0,5.3,0.0,0,Toyota,Highlander,2004,used,Plate Number,Unknown,Unknown,Unknown,,,Phnom Penh,store,99053,HANG CHAN,2026-08-13 10:05:43+07,2026-08-18 17:18:52.997731+07,2026-08-18 17:12:02+07
13883195,លក់​តម្លៃ​ 10900$ រុំលស់​25 ខេត្ត​ក្រុង​ ឆ្នាំ​03 បុង​2 Limited,10900.0,10900.0,0.0,0,0.0,0,7.7,0.0,0,Unknown,Unknown,2003,used,Plate Number,Unknown,Unknown,Unknown,,,Phnom Penh,store,223244,Seng Seng,2026-08-13 17:29:24+07,2026-08-21 09:53:18.609868+07,2026-08-21 09:29:03+07
13884002,លក់បន្ទាន់ឡានជិះផ្ទាល់ចង់បានអាចមកមេីលឡានផ្ទាល់បានឡានល្អម៉ាសុីនអេមកាមេរ៉ា360សែសឺមុនក្រោយ,23000.0,23000.0,0.0,0,0.0,0,10.3,0.0,0,Unknown,Unknown,2023,used,Plate Number,Unknown,Unknown,Unknown,,,Kandal,individual,1319980,Vin Vin,2026-08-14 04:25:45+07,2026-08-24 10:35:51.604503+07,2026-08-24 09:15:23+07
13887132,Avatar 12 ultra,49000.0,49000.0,0.0,0,0.0,0,6.7,0.0,0,Unknown,Unknown,2025,used,Tax Paper,Unknown,Unknown,Unknown,,,Phnom Penh,store,200848,Eang sychan,2026-08-14 17:35:09+07,2026-08-21 09:53:26.243505+07,2026-08-21 09:09:31+07
13887736,Prius 012 option 3 តម្លៃល្អ,16300.0,16300.0,0.0,0,0.0,0,9.5,0.0,0,Toyota,Prius,2012,used,Tax Paper,Unknown,Unknown,Unknown,,,Phnom Penh,store,661642,ឧសភា ហួត,2026-08-14 21:53:35+07,2026-08-24 10:35:50.609126+07,2026-08-14 21:53:35+07
13889951,Tacoma 05 ទ្វាហែក V6សាំង+បំពាក់ហ្គាសប៊ិចហើយ ទ្រុងវែង,13500.0,13500.0,0.0,0,0.0,0,8.8,0.0,0,Kia,សប៊ិចហើយ ទ្រុងវែង,2005,used,Plate Number,Unknown,Unknown,Unknown,,,Phnom Penh,store,199223,តាហេងកូនភ្លោះ ទួលសង្កែ,2026-08-15 15:12:08+07,2026-08-24 10:35:49.619935+07,2026-08-24 09:16:28+07
13890271,Lexus LX570 2016 (ឡានស្អាត),88000.0,88000.0,0.0,0,0.0,0,5.0,0.0,0,Lexus,LX570,2016,used,Plate Number,Unknown,Unknown,Unknown,,,Phnom Penh,store,340518,SP81,2026-08-15 16:49:04+07,2026-08-20 15:37:29.395432+07,2026-08-20 15:31:01+07
13891099,Nissan Frontier ឆ្នាំ 07 ប៉ុង1 ឡានស្អាត,10500.0,10500.0,0.0,0,0.0,0,1.7,0.0,0,Nissan,Frontier ឆ្នាំ 07,2007,used,Plate Number,Unknown,Unknown,Unknown,,,Phnom Penh,store,770325,ប៊ុន លី,2026-08-15 22:50:14+07,2026-08-17 15:51:08.284043+07,2026-08-17 14:22:10+07
13892345,Tacoma06,16900.0,16900.0,0.0,0,0.0,0,2.9,0.0,0,Unknown,Unknown,2006,used,Plate Number,Unknown,Unknown,Unknown,,,Phnom Penh,store,1155045,SP 159,2026-08-16 11:24:16+07,2026-08-19 09:48:04.755925+07,2026-08-19 09:41:02+07
13893133,ឡានលក់ RX 330 ស៊េរីឆ្នាំ 2004 ពណ៍ ផ្សែងបារី,17000.0,17000.0,0.0,0,0.0,0,4.8,0.0,0,Lexus,RX 330,2004,used,Plate Number,Unknown,Unknown,Unknown,,,Phnom Penh,individual,896660,គ្រូដៃទិព្វ,2026-08-16 14:41:19+07,2026-08-21 09:53:07.210526+07,2026-08-16 14:41:19+07
13893488,ឡានលក់ morning 012 full option បើកតំបូល សោរស្មាតឃី ធានាឡានស្អាត អត់បុកអត់ច្រេះ ឯកសារម្ចាស់ដើម,8500.0,8500.0,0.0,0,0.0,0,1.0,0.0,0,Kia,Morning,2012,used,Plate Number,Unknown,Unknown,Unknown,,,Phnom Penh,store,387311,Long hay,2026-08-16 16:19:13+07,2026-08-17 15:51:03.584859+07,2026-08-17 14:42:56+07
13897004,HILANDER 2002 V4 P1,10800.0,10800.0,0.0,0,0.0,0,3.8,0.0,0,Unknown,Unknown,2002,used,Plate Number,Unknown,Unknown,Unknown,,,Phnom Penh,individual,893443,SENG PISETH,2026-08-17 14:27:39+07,2026-08-21 09:53:13.861979+07,2026-08-21 09:33:09+07
13897332,2020 l Audi Q3 l Petrol 1.4L l Full Option,49900.0,49900.0,0.0,0,0.0,0,0.0,0.0,0,Audi,Q3,2020,used,Plate Number,Unknown,Unknown,Unknown,,,Phnom Penh,store,721389,Premium Luxury Cars,2026-08-17 15:37:11+07,2026-08-17 15:50:53.02817+07,2026-08-17 15:37:11+07
13897340,2025 l EZ 60 l EREV l Less Kilo l 99.99% New,43800.0,43800.0,0.0,0,0.0,0,0.0,0.0,0,Unknown,Unknown,2025,used,Plate Number,Unknown,Unknown,Unknown,,,Phnom Penh,store,721389,Premium Luxury Cars,2026-08-17 15:39:37+07,2026-08-17 15:50:52.999636+07,2026-08-17 15:39:37+07
13898387,Land Cruiser PRADO 010 V4 P2 Auto សាំងឡើង021ហើយ,23800.0,23800.0,0.0,0,0.0,0,1.5,0.0,0,Toyota,Land Cruiser Prado,2010,used,Plate Number,Unknown,Unknown,Unknown,,,Phnom Penh,store,370450,SAMAK NGOEM,2026-08-17 21:48:56+07,2026-08-19 09:48:03.340651+07,2026-08-19 09:45:25+07
13901646,BMW 7Series 735i 2023,91800.0,91800.0,0.0,0,0.0,0,0.0,0.0,0,BMW,7Series 735i,2023,used,Tax Paper,Unknown,Unknown,Unknown,,,Phnom Penh,store,484363,Som Sopheaktra,2026-08-18 16:28:12+07,2026-08-18 17:18:58.596107+07,2026-08-18 16:28:12+07
13901756,លក់Toyota Brius 2004 តម្លៃសមម្យម ម្ចាស់ដើមថ្មីខ្លាំង,7900.0,7900.0,0.0,0,0.0,0,0.0,0.0,0,Toyota,Brius តម្លៃសមម្យម ម្ចាស់ដើមថ្មីខ្លាំង,2004,used,Tax Paper,Unknown,Unknown,Unknown,,,Kampong Thom,individual,1053557,ម៉េត លក្ខិណា,2026-08-18 16:54:59+07,2026-08-18 17:18:55.823501+07,2026-08-18 16:54:59+07
13901768,2020 Toyota Hilux Rally _ ទឹកថ្នាំសុីន១ជុំ កាត់ពីម្ចាស់ដើម,34800.0,34800.0,0.0,0,0.0,0,0.0,0.0,0,Toyota,Hilux,2020,used,Plate Number,Unknown,Unknown,Unknown,,,Phnom Penh,individual,1192229,Virak John,2026-08-18 16:59:25+07,2026-08-18 17:18:54.872942+07,2026-08-18 16:59:25+07
13901820,Toyota Prius Full option សេរីឆ្នាំ2005ធានាឡានស្អាតអត់បុកអត់ច្រេៈប្រភេទឡានថ្មី,8900.0,8900.0,0.0,0,0.0,0,0.0,0.0,0,Toyota,Prius,2005,used,Plate Number,Unknown,Unknown,Unknown,,,Phnom Penh,individual,952440,M85,2026-08-18 17:11:06+07,2026-08-18 17:18:52.997731+07,2026-08-18 17:11:06+07
13903214,Kia Morning ឆ្នាំ08 មេឡាន Full option,5000.0,5000.0,0.0,0,0.0,0,1.3,0.0,0,Kia,Morning,2008,used,Plate Number,Unknown,Unknown,Unknown,,,Phnom Penh,store,199223,តាហេងកូនភ្លោះ ទួលសង្កែ,2026-08-19 08:43:00+07,2026-08-20 15:37:44.216049+07,2026-08-20 14:25:31+07
13903400,RAV4 ឆ្នាំ2002ប៉ុង1Lខ្មៅអត់បុខអត់ប៉ះ,6300.0,6300.0,0.0,0,0.0,0,0.0,0.0,0,Toyota,RAV4,2002,used,Plate Number,Unknown,Unknown,Unknown,,,Phnom Penh,store,391055,Bun Theang,2026-08-19 09:24:56+07,2026-08-19 09:48:19.536935+07,2026-08-19 09:24:56+07
13904040,ឡានលក់,11900.0,11900.0,0.0,0,0.0,0,1.9,0.0,0,Unknown,Unknown,2002,used,Plate Number,Unknown,Unknown,Unknown,,,Phnom Penh,individual,718267,CHHIVITH LIM,2026-08-19 11:18:17+07,2026-08-21 09:53:13.861037+07,2026-08-21 09:33:46+07
13905059,MG 7 - 2.0L,37000.0,37000.0,0.0,0,0.0,0,4.8,0.0,0,MG,7 - 2,2025,used,Plate Number,Unknown,Unknown,Unknown,,,Preah Sihanouk,individual,931076,Atik Hasan,2026-08-19 15:14:15+07,2026-08-24 10:36:06.625889+07,2026-08-19 15:14:15+07
13908424,Mercedes Benz C300 4matic,26700.0,26700.0,0.0,0,0.0,0,0.1,0.0,0,Mercedes-Benz,C300,2015,used,Tax Paper,Unknown,Unknown,Unknown,,,Phnom Penh,store,839402,K-LUX AUTO ទិញលក់រថយន្តគ្រប់ប្រភេទ,2026-08-20 14:25:13+07,2026-08-20 15:37:44.217022+07,2026-08-20 14:25:13+07
13908433,2023 l Range Rover Sport l First Edition l Full Option,138000.0,138000.0,0.0,0,0.0,0,0.0,0.0,0,Land Rover,Range Rover Sport,2023,used,Plate Number,Unknown,Unknown,Unknown,,,Phnom Penh,store,721389,Premium Luxury Cars,2026-08-20 14:27:12+07,2026-08-20 15:37:44.21471+07,2026-08-20 14:27:12+07
13908439,2020 l Audi Q3 l Petrol 1.4L l Original Painting l First Owner,49900.0,49900.0,0.0,0,0.0,0,0.0,0.0,0,Audi,Q3,2020,used,Plate Number,Unknown,Unknown,Unknown,,,Phnom Penh,store,721389,Premium Luxury Cars,2026-08-20 14:30:03+07,2026-08-20 15:37:42.603344+07,2026-08-20 14:30:03+07
13908557,"💰VIEW CS2 តម្លៃពិសេស $25,500 សម្រាប់តែ 2 គ្រឿងប៉ុណ្ណោះ✨",25500.0,25500.0,0.0,0,0.0,0,0.0,0.0,0,Unknown,Unknown,2026,new,Tax Paper,Unknown,Unknown,Unknown,,,Phnom Penh,store,1318106,Auto Mall,2026-08-20 14:54:18+07,2026-08-20 15:37:39.449352+07,2026-08-20 14:54:18+07
13908613,ម្ចាស់ដើមលក់ប្រញ៉ាប់ឯកសារគ្រប់,34000.0,34000.0,0.0,0,0.0,0,0.0,0.0,0,Unknown,Unknown,2013,used,Plate Number,Unknown,Unknown,Unknown,,,Phnom Penh,individual,662209,Phan Kimhong,2026-08-20 15:04:06+07,2026-08-20 15:37:32.540211+07,2026-08-20 15:04:06+07
13910532,RAV4 2002L ប៉ុង1,6300.0,6300.0,0.0,0,0.0,0,0.0,0.0,0,Unknown,Unknown,2002,used,Plate Number,Unknown,Unknown,Unknown,,,Phnom Penh,store,391055,Bun Theang,2026-08-21 09:14:18+07,2026-08-21 09:53:23.579406+07,2026-08-21 09:14:18+07
13910667,Alphard 2018 up to LM ROYAL LOUNGE (ឡានម្ចាស់ផ្ទាល់),56000.0,56000.0,0.0,0,0.0,0,0.0,0.0,0,Toyota,Alphard,2018,used,Plate Number,Unknown,Unknown,Unknown,,,Phnom Penh,individual,711849,NORA CHRIN,2026-08-21 09:37:13+07,2026-08-21 09:53:08.542764+07,2026-08-21 09:37:13+07
13910730,Toyota Alphard Hybrid 2018 Royal Lounge LM Style,50168.0,50168.0,0.0,0,0.0,0,0.0,0.0,0,Toyota,Alphard,2018,used,Plate Number,Unknown,Unknown,Unknown,,,Phnom Penh,individual,1113398,Ry រី,2026-08-21 09:49:32+07,2026-08-21 09:53:09.874617+07,2026-08-21 09:49:32+07
13913640,2015 Lamborghini Huracan LP610-4,188000.0,188000.0,0.0,0,0.0,0,2.1,0.0,0,Lamborghini,Huracan,2015,used,Tax Paper,Unknown,Unknown,Unknown,,,Phnom Penh,store,506988,Autoport KH,2026-08-22 07:31:45+07,2026-08-24 10:35:50.606484+07,2026-08-23 09:18:43+07
13916915,🔥TeslaModelX-100D 018កាន់💰14000$💸ដកឡានភ្លាមបង់រំលស់ជាមួយឃ្លាំងផ្ទាល់,34000.0,34000.0,0.0,0,0.0,0,1.4,0.0,0,Unknown,Unknown,2018,used,Tax Paper,Unknown,Unknown,Unknown,,,Phnom Penh,store,459645,MCS AUTO,2026-08-22 23:59:53+07,2026-08-24 10:36:01.62584+07,2026-08-24 10:00:18+07
13921274,Celica year200 ឡានប្រភេទmodify ￼ម៉ាសុីនប្រអប់លេខរត់ស្រួសម៉សុីនត្រជាក់រងារគ្រឿងក្រោមហាប់,5850.0,5850.0,0.0,0,0.0,0,0.0,0.0,0,Toyota,Celica,2000,used,Plate Number,Unknown,Unknown,Unknown,,,Phnom Penh,individual,1151739,Meata Chan,2026-08-24 09:50:13+07,2026-08-24 10:36:07.60782+07,2026-08-24 09:50:13+07
13921319,2008 h/f ឡាន​ថ្មី​នៅសំណុំទាំងអស់ កូដកញ្ចក់មួយជុំ,9150.0,9150.0,0.0,0,0.0,0,0.0,0.0,0,Unknown,Unknown,2008,used,Plate Number,Unknown,Unknown,Unknown,,,Phnom Penh,individual,1180575,James​ D.,2026-08-24 09:57:42+07,2026-08-24 10:36:04.652488+07,2026-08-24 09:57:42+07
13921328,Car For Sale ឡានលក់បន្ទាន់ Mitsubishi Triton 2015 តម្លៃពិសេសសៗ តោះៗៗៗៗៗ,17400.0,17400.0,0.0,0,0.0,0,0.0,0.0,0,Mitsubishi,Triton,2015,used,Plate Number,Unknown,Unknown,Unknown,,,Phnom Penh,individual,138176,Cam_Car_For Sale,2026-08-24 09:58:41+07,2026-08-24 10:36:03.654052+07,2026-08-24 09:58:41+07
13921333,Prius 014 opt3 ក្នុងលឿង,18500.0,18500.0,0.0,0,0.0,0,0.0,0.0,0,Toyota,Prius,2014,used,Tax Paper,Unknown,Unknown,Unknown,,,Phnom Penh,store,190126,Mony Ratha,2026-08-24 10:00:11+07,2026-08-24 10:36:05.643804+07,2026-08-24 10:00:11+07
13921412,2025 GAC GS4 Flagship Full Option,26800.0,26800.0,0.0,0,0.0,0,0.0,0.0,0,GAC,GS4,2025,new,Tax Paper,Unknown,Unknown,Unknown,,,Phnom Penh,store,1059202,夏天 Summer,2026-08-24 10:17:53+07,2026-08-24 10:35:59.609109+07,2026-08-24 10:17:53+07
13921416,Toyota Prius 2012 Option3សន្លឹកពន្ធ,16800.0,16800.0,0.0,0,0.0,0,0.0,0.0,0,Toyota,Prius,2012,used,Tax Paper,Unknown,Unknown,Unknown,,,Phnom Penh,individual,888102,បងសឿន អង្គតាមុិញ,2026-08-24 10:18:21+07,2026-08-24 10:35:59.607107+07,2026-08-24 10:18:21+07
13204269,KIA CARNIVAL,24000.0,24000.0,0.0,0,0.0,0,178.3,0.0,0,Kia,Carnival,2020,used,Plate Number,Unknown,Unknown,Unknown,,,Phnom Penh,store,342545,ទិញ លក់និងដូររថយន្តគ្រប់ប្រភេទ,2026-02-21 09:45:14+07,2026-08-18 17:19:02.521185+07,2026-08-18 15:59:02+07
13205301,Ford territory 2021,23500.0,23500.0,0.0,0,0.0,0,180.1,0.0,0,Ford,Territory,2021,used,Plate Number,Unknown,Unknown,Unknown,,,Phnom Penh,store,101434,បង ទី,2026-02-21 12:58:30+07,2026-08-20 15:37:35.44999+07,2026-08-20 15:08:02+07
13227210,2015 Toyota Alphard (ឆ្វេងសុីន) អារ៉ាប់,33000.0,33000.0,0.0,0,0.0,0,171.8,0.0,0,Toyota,Alphard,2015,used,Plate Number,Unknown,Unknown,Unknown,,,Phnom Penh,store,729443,You hak Auto,2026-02-26 21:01:44+07,2026-08-17 15:51:05.468956+07,2026-08-17 14:34:02+07
13244994,មេឡាន full option  19900,17500.0,17500.0,0.0,0,0.0,0,168.1,0.0,0,Unknown,Unknown,2018,used,Tax Paper,Unknown,Unknown,Unknown,,,Phnom Penh,store,751790,Bunnarath Eagle Man,2026-03-03 15:00:02+07,2026-08-18 17:19:02.521185+07,2026-08-18 16:00:11+07
13250892,🔥RangeEvoque 012V4ម៉ាស៊ូត ឡានទ្វារ2Suvកាត់ស្ព័រ ឡានមូល ម៉ាសុីនប្រអប់លេខអ៊ែម,13900.0,13900.0,0.0,0,0.0,0,172.5,0.0,0,Unknown,Unknown,2012,used,Plate Number,Unknown,Unknown,Unknown,,,Phnom Penh,store,459123,MCS AUTO 2,2026-03-04 23:11:56+07,2026-08-24 10:36:01.62584+07,2026-08-24 10:00:18+07
13255003,全新GN8 国际版宗师高配,49900.0,49900.0,0.0,0,0.0,0,164.6,0.0,0,Unknown,Unknown,2025,new,Tax Paper,Unknown,Unknown,Unknown,,,Phnom Penh,store,1198827,瑞龙 李龙,2026-03-06 00:37:42+07,2026-08-17 15:50:55.878277+07,2026-08-17 15:17:01+07
13277789,2022 LEXUS NX250 Full Options,63800.0,63800.0,0.0,0,0.0,0,161.9,0.0,0,Lexus,NX250,2022,used,Plate Number,Unknown,Unknown,Unknown,,,Phnom Penh,store,180713,LimLy Auto,2026-03-11 19:01:55+07,2026-08-20 15:37:29.397244+07,2026-08-20 15:30:09+07
13331596,Porsche Panamera 4S Excutive 2.9 មាសុីនជំនាន់ថ្មី,125000.0,125000.0,0.0,0,0.0,0,152.5,0.0,0,Porsche,Panamera,2017,used,Plate Number,Unknown,Unknown,Unknown,,,Phnom Penh,store,277144,AKT អង្គរធំ,2026-03-24 22:19:20+07,2026-08-24 10:35:52.579948+07,2026-08-24 10:25:06+07
13336483,BMW IX3 M Sport Package EV 2024,47800.0,47800.0,0.0,0,0.0,0,146.1,0.0,0,BMW,IX3 M Sport,2024,new,Tax Paper,Unknown,Unknown,Unknown,,,Phnom Penh,store,475016,ITH RATHANA,2026-03-26 07:30:39+07,2026-08-19 09:48:20.912135+07,2026-08-19 09:20:06+07
13339848,2016 Toyota Alphard 3.5 V6 (Upgraded Exterior),75000.0,75000.0,0.0,0,0.0,0,146.8,0.0,0,Toyota,Alphard,2016,used,Plate Number,Unknown,Unknown,Unknown,,,Phnom Penh,store,826670,Minnie Fung,2026-03-26 19:20:49+07,2026-08-20 15:37:33.864245+07,2026-08-20 15:00:08+07
13342873,2015 Mercedes-Maybach S400 Luxury Sedan,90000.0,90000.0,0.0,0,0.0,0,144.1,0.0,0,Mercedes-Benz,S400,2015,used,Plate Number,Unknown,Unknown,Unknown,,,Phnom Penh,store,826670,Minnie Fung,2026-03-27 15:24:47+07,2026-08-18 17:19:01.601605+07,2026-08-18 16:00:11+07
13360742,LEXUS_RX350_2011_Full_Option,33800.0,33800.0,0.0,0,0.0,0,144.9,0.0,0,Lexus,RX350,2011,used,Tax Paper,Unknown,Unknown,Unknown,,,Phnom Penh,store,477705,p-69466646,2026-04-01 13:28:01+07,2026-08-24 10:36:06.629616+07,2026-08-24 09:52:17+07
13368973,ឡានលក់ប្រញាប់ 2021 ម៉ាស៊ុត អប់សិនខ្ពស់ជាងគេចង្កឹះលេខមូល កាលទិញ44500$លេងអស់5000$ទៀតលក់ខាតអស់1មុឺនជាង,35000.0,35000.0,0.0,0,0.0,0,137.2,0.0,0,Unknown,Unknown,2021,used,Plate Number,Unknown,Unknown,Unknown,,,Kandal,individual,239732,កល្តាល,2026-04-03 12:30:07+07,2026-08-18 17:18:54.872942+07,2026-08-18 16:59:37+07
13375622,CT200H 2011 បង់មុន5000$,18500.0,18500.0,0.0,0,0.0,0,135.3,0.0,0,Lexus,CT200h,2011,used,Tax Paper,Unknown,Unknown,Unknown,,,Phnom Penh,store,688381,Apple168 Auto,2026-04-05 09:53:07+07,2026-08-18 17:19:06.250412+07,2026-08-18 15:38:02+07
13378169,សាង Alphard 2016 Up LM,26500.0,26500.0,0.0,0,0.0,0,136.7,0.0,0,Toyota,Alphard,2016,used,Plate Number,Unknown,Unknown,Unknown,,,Phnom Penh,store,696128,Hong Angleng,2026-04-05 22:44:07+07,2026-08-20 15:37:49.859676+07,2026-08-20 14:16:50+07
13379165,Ford XLT 023 Bi-Turbo,37900.0,37900.0,0.0,0,0.0,0,134.3,0.0,0,Ford,XLT 023 Bi-Turbo,2023,used,Plate Number,Unknown,Unknown,Unknown,,,Phnom Penh,store,265665,Thea Rith,2026-04-06 09:33:30+07,2026-08-18 17:18:59.537238+07,2026-08-18 16:20:02+07
13384648,Land Cruiser Prado 04 (ម៉ាស៊ីន២.៤ សាំង),18500.0,18500.0,0.0,0,0.0,0,133.2,0.0,0,Toyota,Land Cruiser Prado,2004,used,Plate Number,Unknown,Unknown,Unknown,,,Phnom Penh,individual,125690,Sokhon,2026-04-07 13:36:35+07,2026-08-18 17:19:07.205227+07,2026-08-18 15:32:34+07
13387539,ថ្នាំស៊ីន95% 2021 Ford Ranger XLT ម៉ាស៊ីនធំ3.2L ម៉ាសូត,34800.0,34800.0,0.0,0,0.0,0,135.0,0.0,0,Ford,Ranger XLT,2021,used,Plate Number,Unknown,Unknown,Unknown,,,Phnom Penh,store,880699,អ៊ុក ចាន់វាសនា,2026-04-08 09:38:15+07,2026-08-21 09:53:08.538409+07,2026-08-21 09:38:02+07
13419670,Range Rover Vogue 2020 Full Option Autobiography LWB តួវែង,88000.0,88000.0,0.0,0,0.0,0,125.7,0.0,0,Land Rover,Range Rover Vogue,2020,used,Plate Number,Unknown,Unknown,Unknown,,,Phnom Penh,store,224675,Mr. Meth 168 Auto,2026-04-20 18:24:21+07,2026-08-24 10:35:52.582969+07,2026-08-24 10:25:06+07
13421942,Changan q07 215km,34800.0,34800.0,0.0,0,0.0,0,125.0,0.0,0,Changan,q07 215km,2025,new,Tax Paper,Unknown,Unknown,Unknown,,,Phnom Penh,store,1285421,LT Auto Cambodia Davan,2026-04-21 11:24:42+07,2026-08-24 10:35:58.601508+07,2026-08-24 10:03:04+07
13453014,Kia Ray 2017 Prestige Full options ពេញ,12500.0,12500.0,0.0,0,0.0,0,111.0,0.0,0,Kia,Ray Prestige,2017,used,Tax Paper,Unknown,Unknown,Unknown,,,Phnom Penh,store,104458,thyda Eric,2026-04-28 14:47:29+07,2026-08-17 15:51:02.660154+07,2026-08-17 14:47:01+07
13458818,Rang Rover Vogue 2016,38500.0,38500.0,0.0,0,0.0,0,113.5,0.0,0,Land Rover,Range Rover Vogue,2016,used,Plate Number,Unknown,Unknown,Unknown,,,Phnom Penh,store,201843,Auto LS999,2026-04-29 21:24:39+07,2026-08-21 09:53:11.214273+07,2026-08-21 09:40:05+07
13460383,លក់អត់អ្នកជិះ,4350.0,4350.0,0.0,0,0.0,0,110.3,0.0,0,Unknown,Unknown,2005,used,Plate Number,Unknown,Unknown,Unknown,,,Phnom Penh,individual,1218035,Raksmey Earn,2026-04-30 10:57:37+07,2026-08-18 17:18:56.716471+07,2026-08-18 16:49:05+07
13472143,លក់ Nissan Navara 08 អូតូកាប់តាស់ប៉ុង2,15500.0,15500.0,0.0,0,0.0,0,112.8,0.0,0,Nissan,Navara,2008,used,Plate Number,Unknown,Unknown,Unknown,,,Tboung Khmum,store,101243,RaYuth,2026-05-03 14:18:21+07,2026-08-24 10:35:58.605743+07,2026-08-24 10:00:18+07
13485699,ឡានលក់ឆ្នាំ03 ម៉ាស៊ីន4 ប៉ុង1 មានABS និង VSCជាប្រពន័ទុបលំនឹងនៃឡាន ពណ៌ប្រាក់,14500.0,14500.0,0.0,0,0.0,0,105.7,0.0,0,Unknown,Unknown,2003,used,Plate Number,Unknown,Unknown,Unknown,,,Phnom Penh,store,207563,ផាន់ អាម៉ាដា,2026-05-06 23:55:44+07,2026-08-20 15:37:33.862656+07,2026-08-20 15:00:08+07
13514206,🚗Jeep Wrangler  sport S 2019 up rubicon ✅តម្លៃ45500$ចរចារ🔥,45500.0,45500.0,0.0,0,0.0,0,97.6,0.0,0,Jeep,Wrangler,2019,used,Tax Paper,Unknown,Unknown,Unknown,,,Phnom Penh,store,920677,សុខឃាង ជួ,2026-05-13 18:49:47+07,2026-08-19 09:48:15.438423+07,2026-08-19 09:30:08+07
13517496,Geely Galaxy M9 2025🔥,59800.0,59800.0,0.0,0,0.0,0,95.0,0.0,0,Geely,Galaxy M9 2025🔥,2025,new,Tax Paper,Unknown,Unknown,Unknown,,,Phnom Penh,store,1207509,Van Sin LT Auto,2026-05-14 16:19:46+07,2026-08-17 15:50:58.879416+07,2026-08-17 15:04:42+07
13547944,Hyundai Kona 2013,7450.0,7450.0,0.0,0,0.0,0,89.2,0.0,0,Hyundai,Kona,2013,used,Plate Number,Unknown,Unknown,Unknown,,,Phnom Penh,store,718336,Cheang veng,2026-05-21 13:35:18+07,2026-08-18 17:18:52.997731+07,2026-08-18 17:12:02+07
13548796,Highlander 03ប៉ុង1 Limited Full ឡានថ្មី ម្ចាស់ដើមទី1ធានាឡានថ្មី អត់បុកអត់ប៉ះ អត់កាត់ត តំលៃ12900ចចារ,12900.0,12900.0,0.0,0,0.0,0,88.0,0.0,0,Toyota,Highlander,2003,used,Plate Number,Unknown,Unknown,Unknown,,,Phnom Penh,store,776974,Mr Car PR,2026-05-21 16:13:21+07,2026-08-17 15:51:02.680458+07,2026-08-17 14:44:02+07
13549934,ឡានលក់បងៗ,2969.01,2969.01,0.0,0,0.0,0,94.5,0.0,0,Unknown,Unknown,1999,used,Plate Number,Unknown,Unknown,Unknown,,,Battambang,store,643522,គុណ លក់ រថយន្ត កូរ៉េ,2026-05-21 22:23:01+07,2026-08-24 10:35:49.614511+07,2026-08-20 08:20:20+07
13559024,Toyota hybrid 07 សុីនមួយជុំ,16888.0,16888.0,0.0,0,0.0,0,89.0,0.0,0,Toyota,Unknown,2007,used,Plate Number,Unknown,Unknown,Unknown,,,Phnom Penh,store,536355,3885 Auto Car,2026-05-24 08:59:03+07,2026-08-21 09:53:08.539522+07,2026-08-21 09:38:02+07
13572226,ទើបរៀបចំហើយថ្មីៗ,26800.0,26800.0,0.0,0,0.0,0,83.3,0.0,0,Unknown,Unknown,2014,used,Tax Paper,Unknown,Unknown,Unknown,,,Phnom Penh,store,149907,Vincent kou,2026-05-27 10:18:02+07,2026-08-18 17:18:53.937947+07,2026-08-18 17:00:06+07
13573780,2019 LAND CRUISER GXR GRAND TOURING FULL OPTION អារ៉ាប់,78500.0,78500.0,0.0,0,0.0,0,88.8,0.0,0,Toyota,Land Cruiser,2019,used,Plate Number,Unknown,Unknown,Unknown,,,Phnom Penh,store,245403,H99 Auto,2026-05-27 15:31:52+07,2026-08-24 10:35:52.583513+07,2026-08-24 10:25:06+07
13574083,Prius Prime 2017 Advance មកដល់ដើមខែ7,31800.0,31800.0,0.0,0,0.0,0,83.0,0.0,0,Toyota,Prius,2017,used,Tax Paper,Unknown,Unknown,Unknown,,,Phnom Penh,store,149907,Vincent kou,2026-05-27 16:27:10+07,2026-08-18 17:18:54.870805+07,2026-08-18 17:00:06+07
13580270,Porsche Panamera 2017 New Tax Paper,85000.0,85000.0,0.0,0,0.0,0,84.1,0.0,0,Porsche,Panamera,2017,used,Tax Paper,Unknown,Unknown,Unknown,,,Phnom Penh,store,145192,H168 Auto,2026-05-29 08:30:38+07,2026-08-21 09:53:26.240837+07,2026-08-21 09:10:05+07
13598729,GAC GS3 2026,19600.0,19600.0,0.0,0,0.0,0,78.9,0.0,0,GAC,GS3 Emzoom,2026,new,Tax Paper,Unknown,Unknown,Unknown,,,Phnom Penh,store,1224932,ChaoFan Auto,2026-06-02 17:36:40+07,2026-08-20 15:37:33.859065+07,2026-08-20 15:01:44+07
13602462,⭐️ Wow Wow ស្តុកថ្មីតម្លៃថ្មីជាមួយ Madel Deepal S05 Options Ultr,26800.0,26800.0,0.0,0,0.0,0,78.8,0.0,0,Changan,Deepal S05,2026,new,Tax Paper,Unknown,Unknown,Unknown,,,Phnom Penh,store,1246782,𝐂𝐑 𝐀𝐮𝐭𝐨 -𝐁𝐲 𝐒𝐞𝐧𝐠 𝐇𝐢𝐞𝐧𝐠,2026-06-03 15:08:11+07,2026-08-21 09:53:17.471775+07,2026-08-21 09:25:05+07
13606622,Alphard 2025 ថ្មីខ្លាញ់គោ 7កៅអីធំ Full Option,145000.0,145000.0,0.0,0,0.0,0,77.8,0.0,0,Toyota,Alphard,2025,new,Tax Paper,Unknown,Unknown,Unknown,,,Phnom Penh,store,436824,NTN99 AUTO SHOP,2026-06-04 13:30:36+07,2026-08-21 09:53:13.859198+07,2026-08-21 09:34:03+07
13624998,Starex year 010 for sale,12300.0,12300.0,0.0,0,0.0,0,73.0,0.0,0,Hyundai,Starex,2010,used,Plate Number,Unknown,Unknown,Unknown,,,Phnom Penh,individual,349431,Bun Na,2026-06-09 09:37:14+07,2026-08-21 09:53:18.610215+07,2026-08-21 09:28:37+07
13626362,Mercedes Benz S400 Up MAYBACH S560 full options ធានាទឹកថ្នាំសុីនមួយជុំម្ចាស់ដើមខ្មែរ,39700.0,39700.0,0.0,0,0.0,0,72.9,0.0,0,Mercedes-Benz,S400,2015,used,Plate Number,Unknown,Unknown,Unknown,,,Phnom Penh,store,798650,Pha AutoCars,2026-06-09 13:25:44+07,2026-08-21 09:53:26.242596+07,2026-08-21 09:10:05+07
13648308,ETA 15-08-2026 Prius Prime Premium 2017,19500.0,19500.0,0.0,0,0.0,0,67.6,0.0,0,Toyota,Prius,2017,used,Tax Paper,Unknown,Unknown,Unknown,,,Phnom Penh,store,989881,ឃ្លាំងលក់រថយន្ត 88H88L Auto,2026-06-14 19:53:06+07,2026-08-21 09:53:26.23906+07,2026-08-21 09:11:01+07
13648538,Lexus RX300 លក់បន្ទាន់,7000.0,7000.0,0.0,0,0.0,0,67.5,0.0,0,Lexus,RX300,1999,used,Plate Number,Unknown,Unknown,Unknown,,,Phnom Penh,store,157160,Aum Vitou,2026-06-14 21:40:50+07,2026-08-21 09:53:17.471274+07,2026-08-21 09:25:05+07
13658304,Car for sell,2200.0,2200.0,0.0,0,0.0,0,62.3,0.0,0,Unknown,Unknown,1990,used,Plate Number,Unknown,Unknown,Unknown,,,Phnom Penh,individual,251255,kim heng,2026-06-17 10:06:31+07,2026-08-18 17:19:06.252485+07,2026-08-18 15:36:07+07
13674017,Jaguar F Type,50000.0,50000.0,0.0,0,0.0,0,61.0,0.0,0,Unknown,Unknown,2020,used,Plate Number,Unknown,Unknown,Unknown,,,Phnom Penh,store,1302331,DM Auto,2026-06-21 08:55:02+07,2026-08-21 09:53:12.553471+07,2026-08-21 09:31:24+07
13680849,ឡានលក់,4600.0,4600.0,0.0,0,0.0,0,55.8,0.0,0,Unknown,Unknown,2000,used,Plate Number,Unknown,Unknown,Unknown,,,Phnom Penh,individual,540313,Sothea,2026-06-22 19:27:38+07,2026-08-17 15:51:02.663749+07,2026-08-17 14:45:41+07
13688546,08 full,10700.0,10700.0,0.0,0,0.0,0,57.1,0.0,0,Unknown,Unknown,2008,used,Tax Paper,Unknown,Unknown,Unknown,,,Phnom Penh,individual,461520,Somol Somol,2026-06-24 13:48:24+07,2026-08-20 15:37:39.447854+07,2026-08-20 14:55:48+07
13694676,Nx 200t ឆ្នាំ 2017,41500.0,41500.0,0.0,0,0.0,0,59.6,0.0,0,Lexus,Nx 200t,2017,used,Tax Paper,Unknown,Unknown,Unknown,,,Phnom Penh,store,915225,Mr. Lana,2026-06-25 19:36:47+07,2026-08-24 10:36:04.652488+07,2026-08-24 09:58:02+07
13697916,Gs300 ប៉ុង1,9900.0,9900.0,0.0,0,0.0,0,53.1,0.0,0,Unknown,Unknown,2006,used,Plate Number,Unknown,Unknown,Unknown,,,Phnom Penh,store,1039372,Chhay Borey,2026-06-26 14:38:53+07,2026-08-18 17:18:58.596107+07,2026-08-18 16:28:03+07
13697923,Kia carnival 2015 ម្ចាស់ដេីម,16900.0,16900.0,0.0,0,0.0,0,53.1,0.0,0,Kia,Carnival,2015,used,Plate Number,Unknown,Unknown,Unknown,,,Phnom Penh,store,300701,So Phearom,2026-06-26 14:40:19+07,2026-08-18 17:18:55.822877+07,2026-08-18 16:56:02+07
13698613,"Leopard Ti7 DM-i តម្លៃ54,800$ចរចារបាន🔥🥰",55800.0,55800.0,0.0,0,0.0,0,51.9,0.0,0,Unknown,Unknown,2025,new,Tax Paper,Unknown,Unknown,Unknown,,,Phnom Penh,store,1207509,Van Sin LT Auto,2026-06-26 17:25:21+07,2026-08-17 15:50:58.879416+07,2026-08-17 15:04:45+07
13703582,05 full option អាគុយ បូទឹក2 បូមទឹក3 ABS កំប្រឺស័រ ដូរថ្មីអស់ហើយ,8300.0,8300.0,0.0,0,0.0,0,51.4,0.0,0,Unknown,Unknown,2005,used,Plate Number,Unknown,Unknown,Unknown,,,Phnom Penh,store,319402,CansCarAuto,2026-06-28 08:35:38+07,2026-08-18 17:19:02.521185+07,2026-08-18 15:59:02+07
13710068,FORD RANGE RAPTOR 2025 V6សាំង,68000.0,68000.0,0.0,0,0.0,0,49.9,0.0,0,Ford,RANGE RAPTOR V6សាំង,2025,used,Plate Number,Unknown,Unknown,Unknown,,,Phnom Penh,store,578204,ផា រិទ្ធ,2026-06-29 19:47:52+07,2026-08-18 17:19:02.521185+07,2026-08-18 15:59:02+07
13713108,AiON i60 2026 Top advanced Edition,23800.0,23800.0,0.0,0,0.0,0,49.1,0.0,0,Unknown,Unknown,2026,new,Tax Paper,Unknown,Unknown,Unknown,,,Phnom Penh,store,1249350,Siev Orng,2026-06-30 15:15:55+07,2026-08-18 17:19:02.521185+07,2026-08-18 15:59:02+07
13715333,Prius 014 tax paper,16990.0,16990.0,0.0,0,0.0,0,51.0,0.0,0,Toyota,Prius,2014,used,Tax Paper,Unknown,Unknown,Unknown,,,Phnom Penh,store,218481,Mrr Huy,2026-07-01 09:32:53+07,2026-08-21 09:53:13.862443+07,2026-08-21 09:33:03+07
13719336,ឡានលក់,9500.0,9500.0,0.0,0,0.0,0,50.0,0.0,0,Unknown,Unknown,2005,used,Plate Number,Unknown,Unknown,Unknown,,,Phnom Penh,individual,587042,ហុង សុខា,2026-07-02 09:43:08+07,2026-08-21 09:53:04.843156+07,2026-07-02 09:43:08+07
13722850,Alphard 2026 Taiwan New ខ្លាញ់គោ,178000.0,178000.0,0.0,0,0.0,0,49.1,0.0,0,Toyota,Alphard,2026,new,Tax Paper,Unknown,Unknown,Unknown,,,Phnom Penh,store,436824,NTN99 AUTO SHOP,2026-07-03 06:56:43+07,2026-08-21 09:53:12.548492+07,2026-08-21 09:33:03+07
13724236,2025年上牌LM350~VIP,142800.0,142800.0,0.0,0,0.0,0,46.2,0.0,0,Unknown,Unknown,2024,used,Plate Number,Unknown,Unknown,Unknown,,,Preah Sihanouk,store,1048060,CSAuto Bing,2026-07-03 11:46:44+07,2026-08-18 17:19:04.370366+07,2026-08-18 15:44:26+07
13727559,LEXUS RX300 2004 V6 P1 FULL,19900.0,19900.0,0.0,0,0.0,0,51.0,0.0,0,Lexus,RX300,2004,used,Plate Number,Unknown,Unknown,Unknown,,,Phnom Penh,store,789501,Kung Mengkorng,2026-07-04 10:20:00+07,2026-08-24 10:36:04.652488+07,2026-08-24 09:57:03+07
13728372,Discovery 2010 up to 2016,15000.0,15000.0,0.0,0,0.0,0,50.9,0.0,0,Land Rover,Discovery,2010,used,Plate Number,Unknown,Unknown,Unknown,,,Phnom Penh,individual,22413,គីម,2026-07-04 12:59:18+07,2026-08-24 10:36:00.591293+07,2026-08-24 10:17:02+07
13728413,2026 The ALL NEW GAC GS3 EMZOOM R-STYLE,22500.0,22500.0,0.0,0,0.0,0,45.2,0.0,0,GAC,GS3 Emzoom,2026,new,Tax Paper,Unknown,Unknown,Unknown,,,Phnom Penh,store,475016,ITH RATHANA,2026-07-04 13:08:26+07,2026-08-18 17:19:08.121211+07,2026-08-18 15:30:02+07
13728581,Lexus570 2019,93500.0,93500.0,0.0,0,0.0,0,45.1,0.0,0,Unknown,Unknown,2019,used,Plate Number,Unknown,Unknown,Unknown,,,Phnom Penh,individual,764388,Long Meng,2026-07-04 13:47:21+07,2026-08-18 17:18:50.184973+07,2026-07-04 13:47:21+07
13735063,LEXUS RX200T F-Sport 2016 Black Color,48000.0,48000.0,0.0,0,0.0,0,43.9,0.0,0,Lexus,RX200T F-Sport Black,2016,used,Tax Paper,Unknown,Unknown,Unknown,,,Phnom Penh,store,1134205,ITH RATHANA,2026-07-06 11:49:55+07,2026-08-19 09:48:20.913003+07,2026-08-19 09:20:06+07
13735961,រថយន្តមួយទឹក GAC  M6Pro 2026 full Option តួររថយន្តនៅថ្មីមួយជុំ,20600.0,20600.0,0.0,0,0.0,0,43.1,0.0,0,GAC,M6Pro,2026,used,Plate Number,Unknown,Unknown,Unknown,,,Phnom Penh,store,1254427,Chhour Sivmey,2026-07-06 14:25:07+07,2026-08-18 17:18:56.719478+07,2026-08-18 16:48:31+07
13737168,GT-Line Full បើកតំបូល,11200.0,11200.0,0.0,0,0.0,0,43.6,0.0,0,Unknown,Unknown,2017,used,Plate Number,Unknown,Unknown,Unknown,,,Phnom Penh,store,1076149,Lim Hok,2026-07-06 19:40:17+07,2026-08-19 09:48:19.538401+07,2026-08-19 09:24:21+07
13739649,GS300 2jz Ge turbo ប៉ូមឡើងចុះ យ៉ាន់19 លេងហើយមួយសេដ,5000.0,5000.0,0.0,0,0.0,0,44.1,0.0,0,Unknown,Unknown,1999,used,Plate Number,Unknown,Unknown,Unknown,,,Phnom Penh,individual,1071854,loun phakdey,2026-07-07 12:50:53+07,2026-08-20 15:37:33.860904+07,2026-08-20 15:00:10+07
13740290,Xiaomi YU7 Max 2025 Carbon Fiber Package.- សាកមួយពេញ 760KM,61000.0,63000.0,2000.0,1,0.0,0,47.8,0.0,0,Unknown,Unknown,2025,used,Plate Number,Unknown,Unknown,Unknown,,,Phnom Penh,individual,1143155,Yi By,2026-07-07 14:36:09+07,2026-08-24 10:35:49.617808+07,2026-08-19 17:56:37+07
13748002,ឡានលក់,19500.0,19500.0,0.0,0,0.0,0,39.2,0.0,0,Unknown,Unknown,2004,used,Plate Number,Unknown,Unknown,Unknown,,,Phnom Penh,individual,1190912,គីមហ្វុង លក់ឡាន,2026-07-09 12:08:32+07,2026-08-17 15:51:05.468191+07,2026-08-17 14:35:01+07
13749659,Nissan Navara 2021 full Option (ឡានក្រុមហ៊ុន) ថ្នាំសុីនអត់បាញ់,32000.0,32000.0,0.0,0,0.0,0,42.7,0.0,0,Nissan,Navara,2021,used,Plate Number,Unknown,Unknown,Unknown,,,Phnom Penh,store,648350,ឃ្លាំងលក់រថយន្ត 168 Auto,2026-07-09 17:48:20+07,2026-08-21 09:53:12.551046+07,2026-08-21 09:32:03+07
13764966,Toyota Prius 2013 op3 ក្នុងលឿង ម៉ាយល្អ ឃ្មុំស៊ីន,17200.0,17200.0,0.0,0,0.0,0,37.9,0.0,0,Toyota,Prius,2013,used,Tax Paper,Unknown,Unknown,Unknown,,,Phnom Penh,store,122141,Nak,2026-07-13 17:12:16+07,2026-08-20 15:37:32.537724+07,2026-08-20 15:05:03+07
13769495,XIAOMI YU7 MAX ក្រដាសពន្ធ,63000.0,63000.0,0.0,0,0.0,0,37.7,0.0,0,Unknown,Unknown,2025,used,Tax Paper,Unknown,Unknown,Unknown,,,Phnom Penh,store,341306,KS EV AUTO,2026-07-14 17:35:00+07,2026-08-21 09:53:22.431617+07,2026-08-21 09:16:08+07
13775910,លុចសិស1999 ប៉ុង2 ហ្គាសរួច,7900.0,7900.0,0.0,0,0.0,0,35.1,0.0,0,Kia,សរួច,1999,used,Plate Number,Unknown,Unknown,Unknown,,,Battambang,individual,160810,Pheap Vuthy,2026-07-16 13:12:21+07,2026-08-20 15:37:42.605477+07,2026-08-20 14:28:49+07
13780311,រថយន្តសម្រាប់លក់,16500.0,16500.0,0.0,0,0.0,0,34.8,0.0,0,Unknown,Unknown,2007,used,Plate Number,Unknown,Unknown,Unknown,,,Phnom Penh,individual,1311220,Lucky,2026-07-17 15:35:11+07,2026-08-21 09:53:04.838357+07,2026-07-17 15:35:11+07
13783544,Land Cruiser 2008 up 21 ធានាអត់បុក,31500.0,31500.0,0.0,0,0.0,0,36.9,0.0,0,Toyota,Land Cruiser,2008,used,Plate Number,Unknown,Unknown,Unknown,,,Phnom Penh,store,633855,Lin da,2026-07-18 14:06:17+07,2026-08-24 10:36:03.651369+07,2026-08-24 09:59:03+07
13784247,Avatr 07 max+,36500.0,36500.0,0.0,0,0.0,0,33.7,0.0,0,Avatr,Avatr 07,2025,new,Plate Number,Unknown,Unknown,Unknown,,,Phnom Penh,store,607292,Daro Bun,2026-07-18 17:06:45+07,2026-08-21 09:53:08.542973+07,2026-08-21 09:37:01+07
13784480,"Jeep Wrangler Rubicon 2020 , ម៉ាស៊ីន​ 4សាំង​ , ( ក្រុមហ៊ុន​ )",49900.0,49900.0,0.0,0,0.0,0,30.9,0.0,0,Jeep,Wrangler Rubicon,2020,used,Plate Number,Unknown,Unknown,Unknown,,,Phnom Penh,store,354084,ThyNa Car Seat,2026-07-18 18:34:38+07,2026-08-18 17:18:57.645838+07,2026-08-18 16:36:21+07
13787683,camry ឆ្លាមឆ្នាំ 97 ឡានរៀបចំស្អាតលក់ 47 ចរចា,4700.0,4700.0,0.0,0,0.0,0,32.6,0.0,0,Toyota,Camry,1997,used,Plate Number,Unknown,Unknown,Unknown,,,Phnom Penh,individual,875085,ម៉ៅ សេងលី,2026-07-19 18:38:33+07,2026-08-21 09:53:17.467562+07,2026-08-21 09:26:25+07
13795367,Plug in 2013  Price 15500$ ចរចា ឡានជិះផ្ទាល់,15500.0,15500.0,0.0,0,0.0,0,27.0,0.0,0,Unknown,Unknown,2013,used,Plate Number,Unknown,Unknown,Unknown,,,Phnom Penh,individual,390498,Khon Narath,2026-07-21 16:41:54+07,2026-08-17 15:50:59.838451+07,2026-08-17 15:00:02+07
13796357,Jeep Wrangler Rubicon 2021 full option,57500.0,57500.0,0.0,0,0.0,0,29.7,0.0,0,Jeep,Wrangler Rubicon,2021,used,Plate Number,Unknown,Unknown,Unknown,,,Phnom Penh,store,359541,WD777 Auto,2026-07-21 23:30:40+07,2026-08-20 15:37:42.60028+07,2026-08-20 14:30:10+07
13798633,Triton 2019 full ក្រុមហ៊ុន,27800.0,27800.0,0.0,0,0.0,0,29.1,0.0,0,Mitsubishi,Triton,2019,used,Plate Number,Unknown,Unknown,Unknown,,,Phnom Penh,store,328536,Chhoun Ravoth,2026-07-22 14:11:09+07,2026-08-20 15:37:49.862569+07,2026-08-20 14:16:01+07
13798889,"Toyota Hiace ឆ្នាំ 2026 #ប្រេីលេខអូតូ (14កៅអី)",78800.0,78800.0,0.0,0,0.0,0,32.8,0.0,0,Toyota,HiAce,2026,new,Tax Paper,Unknown,Unknown,Unknown,,,Phnom Penh,store,530124,108 Auto car dealer,2026-07-22 15:00:23+07,2026-08-24 10:35:59.607107+07,2026-08-24 10:18:02+07
13799762,Kia Carnival Hi-Limousine 2017 Full Option,19500.0,19500.0,0.0,0,0.0,0,29.6,0.0,0,Kia,Carnival,2017,used,Plate Number,Unknown,Unknown,Unknown,,,Phnom Penh,store,549562,Chetra Sek,2026-07-22 18:53:49+07,2026-08-21 09:53:16.322136+07,2026-08-21 09:31:02+07
13801729,Hilux Rally 2026,44900.0,44900.0,0.0,0,0.0,0,26.2,0.0,0,Toyota,Hilux,2026,used,Plate Number,Unknown,Unknown,Unknown,,,Phnom Penh,store,772106,Sovannridh Toyota Plus,2026-07-23 11:29:31+07,2026-08-18 17:19:07.20413+07,2026-08-18 15:33:03+07
13811231,Mercedes GLS 350,29000.0,29000.0,0.0,0,0.0,0,23.8,0.0,0,Mercedes-Benz,GLS,2013,used,Plate Number,Unknown,Unknown,Unknown,,,Phnom Penh,store,85153,Lim seav pheng,2026-07-25 23:03:44+07,2026-08-18 17:18:56.72048+07,2026-08-18 16:45:05+07
13812859,C 300 4matic ម្ចាស់ដេីម,22500.0,22500.0,0.0,0,0.0,0,23.1,0.0,0,Unknown,Unknown,2015,used,Plate Number,Unknown,Unknown,Unknown,,,Phnom Penh,store,300701,So Phearom,2026-07-26 14:05:43+07,2026-08-18 17:18:52.997731+07,2026-08-18 17:09:04+07
13813130,LX470 2003 Full ពណ៌ស,17800.0,17800.0,0.0,0,0.0,0,25.8,0.0,0,Lexus,LX470,2003,used,Plate Number,Unknown,Unknown,Unknown,,,Phnom Penh,store,596584,Kol LiHak,2026-07-26 15:11:24+07,2026-08-21 09:53:23.57524+07,2026-08-21 09:15:04+07
13818943,VITZ 2014 Silver,9555.0,9555.0,0.0,0,0.0,0,27.2,0.0,0,Toyota,VITZ,2014,used,Tax Paper,Unknown,Unknown,Unknown,,,Phnom Penh,store,83857,TBC Best Quality Cars,2026-07-28 06:48:56+07,2026-08-24 10:35:57.603407+07,2026-08-24 10:11:02+07
13819738,លក់ដូសេរី​ Morninng 09 full ABS,4900.0,4900.0,0.0,0,0.0,0,21.3,0.0,0,Unknown,Unknown,2009,used,Plate Number,Unknown,Unknown,Unknown,,,Phnom Penh,store,71544,Heng Hour,2026-07-28 10:01:36+07,2026-08-18 17:18:59.537238+07,2026-08-18 16:22:03+07
13824754,Corolla 03 LE ម៉ាស៊ីនហាប់ណែន ស្អាត,7600.0,7600.0,0.0,0,0.0,0,22.8,0.0,0,Toyota,Corolla,2003,used,Plate Number,Unknown,Unknown,Unknown,,,Phnom Penh,individual,53920,SOPHEA HR,2026-07-29 14:22:18+07,2026-08-21 09:53:08.537347+07,2026-08-21 09:38:19+07
13829630,Ford Wildtrack 2023 full,41800.0,41800.0,0.0,0,0.0,0,19.1,0.0,0,Ford,Wildtrack,2023,used,Plate Number,Unknown,Unknown,Unknown,,,Phnom Penh,store,328536,Chhoun Ravoth,2026-07-30 15:43:30+07,2026-08-18 17:19:04.372424+07,2026-08-18 15:43:02+07
13835740,Toyota Land Cruiser GX.R ឆ្នាំ 2013 Full Option,49800.0,49800.0,0.0,0,0.0,0,19.9,0.0,0,Toyota,Land Cruiser,2013,used,Plate Number,Unknown,Unknown,Unknown,,,Phnom Penh,store,530124,108 Auto car dealer,2026-08-01 12:12:17+07,2026-08-21 09:53:18.611272+07,2026-08-21 09:28:03+07
13840474,HILUX REVO RALLY 2021 ឡានស្អាត,38500.0,38500.0,0.0,0,0.0,0,21.7,0.0,0,Toyota,Hilux,2021,used,Plate Number,Unknown,Unknown,Unknown,,,Siem Reap,store,396769,sour Sok Kouch,2026-08-02 18:44:00+07,2026-08-24 10:35:59.609109+07,2026-08-24 10:18:00+07
13843764,ឡានទេីបបេីកទូ/សាង012 សរ​ Option 03,14900.0,17800.0,2900.0,1,0.0,0,20.8,0.0,0,Unknown,Unknown,2012,used,Tax Paper,Unknown,Unknown,Unknown,,,Phnom Penh,store,49835,Dara តារា,2026-08-03 15:14:32+07,2026-08-24 10:35:49.617808+07,2026-08-24 08:00:06+07
13844131,LEXUS LX470 1998 V8 P2 សាំងហ្គាស,9900.0,9900.0,0.0,0,0.0,0,20.7,0.0,0,Lexus,LX470,1998,used,Plate Number,Unknown,Unknown,Unknown,,,Phnom Penh,store,789501,Kung Mengkorng,2026-08-03 16:37:28+07,2026-08-24 10:36:04.652488+07,2026-08-24 09:56:56+07
13850734,Hilux Rally 2022,37900.0,37900.0,0.0,0,0.0,0,13.2,0.0,0,Toyota,Hilux,2022,used,Plate Number,Unknown,Unknown,Unknown,,,Phnom Penh,store,772106,Sovannridh Toyota Plus,2026-08-05 11:27:33+07,2026-08-18 17:19:06.253485+07,2026-08-18 15:36:02+07
13851925,NISSAN NAVARA 2012 (ឡាន ខ្លាញ់គោ),18500.0,18500.0,0.0,0,0.0,0,12.0,0.0,0,Nissan,Navara,2012,used,Plate Number,Unknown,Unknown,Unknown,,,Phnom Penh,store,331213,Lak Veth,2026-08-05 15:09:54+07,2026-08-17 15:50:57.889692+07,2026-08-17 15:05:50+07
13852609,Chevrolet spark 2014 full white ឡានស្អាត គីឡូតិច បង់រំលស់ងាយៗ,6900.0,6900.0,0.0,0,0.0,0,15.7,0.0,0,Chevrolet,spark,2014,used,Tax Paper,Unknown,Unknown,Unknown,,,Phnom Penh,store,94595,Hour Longpheng,2026-08-05 17:22:04+07,2026-08-21 09:53:17.465638+07,2026-08-21 09:27:02+07
13853882,ឆ្លាមលក់,4850.0,4850.0,0.0,0,0.0,0,15.1,0.0,0,Unknown,Unknown,2000,used,Plate Number,Unknown,Unknown,Unknown,,,Phnom Penh,individual,580631,DomZzz,2026-08-06 07:30:16+07,2026-08-21 09:53:11.212699+07,2026-08-21 09:40:07+07
13855398,"011 options 4, solar",15000.0,15000.0,0.0,0,0.0,0,12.2,0.0,0,Unknown,Unknown,2011,used,Plate Number,Unknown,Unknown,Unknown,,,Phnom Penh,individual,508054,Chan Toch,2026-08-06 13:05:45+07,2026-08-18 17:18:50.184973+07,2026-08-16 12:42:48+07
13857025,Toyota Veloz 2026,28400.0,28400.0,0.0,0,0.0,0,10.8,0.0,0,Toyota,Veloz,2026,new,Tax Paper,Unknown,Unknown,Unknown,,,Phnom Penh,store,1251582,Toyota Super Car,2026-08-06 20:00:39+07,2026-08-17 15:51:05.509513+07,2026-08-17 14:32:03+07
13857108,Toyota Yaris Cross 2026,29900.0,29900.0,0.0,0,0.0,0,10.8,0.0,0,Toyota,Yaris Cross,2026,new,Tax Paper,Unknown,Unknown,Unknown,,,Phnom Penh,store,1251582,Toyota Super Car,2026-08-06 20:35:34+07,2026-08-17 15:51:05.478988+07,2026-08-17 14:33:02+07
13857832,RX450hL កៅអី 3ជួរ 2019 ថ្នាំសុីន ១ ជុំ,58000.0,58000.0,0.0,0,0.0,0,14.1,0.0,0,Unknown,Unknown,2019,used,Plate Number,Unknown,Unknown,Unknown,,,Phnom Penh,individual,136597,RITH,2026-08-07 07:22:50+07,2026-08-21 09:53:26.239615+07,2026-08-21 09:10:40+07
13859998,Prius 2010 Option 3,14900.0,14900.0,0.0,0,0.0,0,11.8,0.0,0,Toyota,Prius,2010,used,Plate Number,Unknown,Unknown,Unknown,,,Phnom Penh,individual,300841,សិដ្ធ សាក,2026-08-07 14:44:45+07,2026-08-19 09:48:08.835538+07,2026-08-19 07:57:22+07
13864191,ឡានលក់ Rexton 2023  ( 42500$ ),42500.0,42500.0,0.0,0,0.0,0,9.0,0.0,0,Unknown,Unknown,2023,used,Plate Number,Unknown,Unknown,Unknown,,,Phnom Penh,individual,196616,Roth Chanrotha,2026-08-08 16:18:56+07,2026-08-17 15:51:06.459306+07,2026-08-17 14:28:09+07
13869295,2015 Lexus nx 200t ស៊ីនមួយជុំសូម្បីតែកាងក៏អត់បាញ់,38900.0,38900.0,0.0,0,0.0,0,10.2,0.0,0,Lexus,NX200t,2015,used,Tax Paper,Unknown,Unknown,Unknown,,,Phnom Penh,store,705579,meng Shong,2026-08-10 10:26:45+07,2026-08-20 15:37:44.210662+07,2026-08-20 14:28:03+07
13870985,Pajero 022 អាចមក​មេីល​ផ្ទាល់បាន​ ដឹងតែ​ត្រូវចិត្ត​ ឡាននៅថ្មីស្អាត❤️,25000.0,25000.0,0.0,0,0.0,0,7.0,0.0,0,Mitsubishi,Pajero,2022,used,Plate Number,Unknown,Unknown,Unknown,,,Phnom Penh,individual,307492,Bong Po,2026-08-10 16:04:30+07,2026-08-17 15:50:53.037997+07,2026-08-17 15:36:20+07
13872706,NISSAN FRONTIER 2005 V6 P2 សាំង+ហ្គាស,11500.0,11500.0,0.0,0,0.0,0,13.1,0.0,0,Kia,ស,2005,used,Plate Number,Unknown,Unknown,Unknown,,,Phnom Penh,store,789501,Kung Mengkorng,2026-08-11 08:46:07+07,2026-08-24 10:36:04.652488+07,2026-08-24 09:57:06+07
13873223,014 Opt 3 សាងតម្លៃល្អ,13700.0,13700.0,0.0,0,0.0,0,6.2,0.0,0,Unknown,Unknown,2014,used,Tax Paper,Unknown,Unknown,Unknown,,,Phnom Penh,store,1283694,Meng-HVS សាងតម្លៃដុំ,2026-08-11 10:11:35+07,2026-08-17 15:50:58.888594+07,2026-08-17 15:03:48+07
13875123,ស្ទើរលុយខ្វះឃ្លាំងបាន5000$ ដោយមិនគិតការ❤️Lexus RX330 ឆ្នាំ 2004 H/Full option,16800.0,16800.0,0.0,0,0.0,0,6.0,0.0,0,Lexus,RX330,2004,used,Plate Number,Unknown,Unknown,Unknown,,,Phnom Penh,store,1040247,VISAL Auto car,2026-08-11 16:44:02+07,2026-08-17 15:51:02.680458+07,2026-08-17 14:44:02+07
13878981,Lexus Rx350 2013 Full-Option,38400.0,38400.0,0.0,0,0.0,0,6.0,0.0,0,Lexus,RX350,2013,used,Tax Paper,Unknown,Unknown,Unknown,,,Phnom Penh,store,798650,Pha AutoCars,2026-08-12 16:08:45+07,2026-08-18 17:19:00.458133+07,2026-08-18 16:08:03+07
13883390,ឆ្នាំ2000ឡានស្អាត់ អត់បុកអត់ប៉ះ 6300ចចារ,6300.0,6300.0,0.0,0,0.0,0,3.9,0.0,0,Unknown,Unknown,2000,used,Plate Number,Unknown,Unknown,Unknown,,,Siem Reap,individual,1205682,S Reta Thean,2026-08-13 18:44:22+07,2026-08-17 15:50:55.877275+07,2026-08-17 15:17:24+07
13883464,"Geely Galaxy Starship 7 តម្លៃពិសេស🎉🎉ពណ៌ប្រផេះ 1 គ្រឿង, ខ្មៅ 1 គ្រឿង និងពណ៌ប្រាក់ 2 គ្រឿង",25800.0,25800.0,0.0,0,0.0,0,3.9,0.0,0,Geely,Galaxy Starship 7,2025,new,Tax Paper,Unknown,Unknown,Unknown,,,Phnom Penh,store,1207509,Van Sin LT Auto,2026-08-13 19:14:41+07,2026-08-17 15:50:58.870435+07,2026-08-17 15:04:46+07
13885967,មហាថ្មី Belta 2010 Silver,9199.0,9199.0,0.0,0,0.0,0,4.2,0.0,0,Unknown,Unknown,2010,used,Tax Paper,Unknown,Unknown,Unknown,,,Phnom Penh,store,83857,TBC Best Quality Cars,2026-08-14 13:39:58+07,2026-08-18 17:19:07.205227+07,2026-08-18 15:33:03+07
13886101,Geely Geome 410 Range 2025,14699.0,14699.0,0.0,0,0.0,0,4.1,0.0,0,Geely,Geome 410 Range,2025,used,Plate Number,Unknown,Unknown,Unknown,,,Phnom Penh,individual,468715,Lumi Auto Home,2026-08-14 14:00:00+07,2026-08-18 17:19:03.459664+07,2026-08-18 15:50:41+07
13886954,Alphard 2012 កៅអី SC auto3 24000$,24000.0,24000.0,0.0,0,0.0,0,6.7,0.0,0,Toyota,Alphard,2012,used,Tax Paper,Unknown,Unknown,Unknown,,,Phnom Penh,store,873935,Reach,2026-08-14 16:38:35+07,2026-08-21 09:53:11.223778+07,2026-08-21 09:39:05+07
13887494,Starex09 ឡានស្អាតឯកសារគ្រប់❤️,8500.0,8500.0,0.0,0,0.0,0,3.9,0.0,0,Unknown,Unknown,2009,used,Plate Number,Unknown,Unknown,Unknown,,,Phnom Penh,individual,588677,Pheak kdey,2026-08-14 20:09:45+07,2026-08-18 17:18:57.647844+07,2026-08-18 16:33:41+07
13888669,ឡានលក់,13800.0,13800.0,0.0,0,0.0,0,5.2,0.0,0,Unknown,Unknown,2012,used,Plate Number,Unknown,Unknown,Unknown,,,Phnom Penh,individual,153451,sophea,2026-08-15 10:10:09+07,2026-08-20 15:37:46.965424+07,2026-08-20 14:21:00+07
13890136,Hyundai Palisade 2020,35000.0,35000.0,0.0,0,0.0,0,5.7,0.0,0,Hyundai,Palisade,2020,used,Plate Number,Unknown,Unknown,Unknown,,,Phnom Penh,store,340518,SP81,2026-08-15 16:13:14+07,2026-08-21 09:53:16.322011+07,2026-08-21 09:31:02+07
13890286,Ford Ranger Wildtrak 2022(2.0Bi Turbo),35800.0,35800.0,0.0,0,0.0,0,3.0,0.0,0,Ford,Ranger Wildtrak,2022,used,Plate Number,Unknown,Unknown,Unknown,,,Phnom Penh,store,340518,SP81,2026-08-15 16:52:02+07,2026-08-18 17:19:00.458133+07,2026-08-18 16:11:03+07
13891475,លក់,17800.0,17800.0,0.0,0,0.0,0,5.1,0.0,0,Unknown,Unknown,2007,used,Plate Number,Unknown,Unknown,Unknown,,,Phnom Penh,store,225821,Sarun Man,2026-08-16 07:04:30+07,2026-08-21 09:53:24.914973+07,2026-08-21 09:13:03+07
13892909,KIA RAY 2013 Full options ( Smart keys DVD Camera )ឡានថ្មីដូចក្នុងរូប,9800.0,9800.0,0.0,0,0.0,0,7.9,0.0,0,Kia,Ray,2013,used,Tax Paper,Unknown,Unknown,Unknown,,,Phnom Penh,store,136974,ហ៊ែម៉ាលី អូតូ Hemaly Auto,2026-08-16 13:34:55+07,2026-08-24 10:36:06.631091+07,2026-08-24 09:51:03+07
13893077,🚘 រថយន្តមួយទឹក TOYOTA Alphard 2024 តួររថយន្តនៅថ្មីមួយជុំ មិនមានប្រវត្តិបុកប៉ះ បាញ់ថ្នាំពីរកន្លែង,84800.0,84800.0,0.0,0,0.0,0,2.1,0.0,0,Toyota,Alphard,2024,used,Plate Number,Unknown,Unknown,Unknown,,,Phnom Penh,store,1254427,Chhour Sivmey,2026-08-16 14:23:57+07,2026-08-18 17:18:56.72048+07,2026-08-18 16:48:13+07
13894511,2021Lexus570 MBS VIP,99800.0,99800.0,0.0,0,0.0,0,1.7,0.0,0,Unknown,Unknown,2021,used,Plate Number,Unknown,Unknown,Unknown,,,Phnom Penh,store,1048060,CSAuto Bing,2026-08-17 00:24:07+07,2026-08-18 17:19:04.370366+07,2026-08-18 15:44:23+07
13896879,Toyota Raize 2025,20300.0,20300.0,0.0,0,0.0,0,1.1,0.0,0,Toyota,Raize,2025,used,Plate Number,Unknown,Unknown,Unknown,,,Phnom Penh,store,772106,Sovannridh Toyota Plus,2026-08-17 13:56:35+07,2026-08-18 17:19:07.20413+07,2026-08-18 15:33:03+07
13897057,Kia morning 017,3000.0,3000.0,0.0,0,0.0,0,6.8,0.0,0,Kia,Morning,2017,used,Plate Number,Unknown,Unknown,Unknown,,,Phnom Penh,individual,886421,PRAK KOSAL,2026-08-17 14:39:00+07,2026-08-24 10:35:49.62161+07,2026-08-18 13:17:32+07
13897113,470.2000លក់ដូសារី9900$ចរចារ,9900.0,9900.0,0.0,0,0.0,0,0.0,0.0,0,Unknown,Unknown,2000,used,Tax Paper,Unknown,Unknown,Unknown,,,Phnom Penh,store,794657,សុភ្រ័ សុភ័ក្រ,2026-08-17 14:51:40+07,2026-08-17 15:51:01.709173+07,2026-08-17 14:51:40+07
13897124,Audi Q7 Super Charge 2012 (ឡានមូល លក់ប្រញ៉ាប់),12000.0,12000.0,0.0,0,0.0,0,0.0,0.0,0,Audi,Q7,2012,used,Plate Number,Unknown,Unknown,Unknown,,,Phnom Penh,individual,182249,ម្ចាស់ផ្ទាល់,2026-08-17 14:53:53+07,2026-08-17 15:51:01.690288+07,2026-08-17 14:53:53+07
13897132,Corolla 03leម្ចាសដេីមសំនុំសុីន 7500$ចរចារ,7500.0,7500.0,0.0,0,0.0,0,0.0,0.0,0,Toyota,Corolla,2003,used,Tax Paper,Unknown,Unknown,Unknown,,,Phnom Penh,store,794657,សុភ្រ័ សុភ័ក្រ,2026-08-17 14:54:41+07,2026-08-17 15:51:01.679157+07,2026-08-17 14:54:41+07
13897811,Ford Ranger wild track 2013 ធ្វេងសុិន,19800.0,19800.0,0.0,0,0.0,0,3.7,0.0,0,Ford,Ranger,2013,used,Plate Number,Unknown,Unknown,Unknown,,,Phnom Penh,individual,47732,Mean,2026-08-17 17:35:47+07,2026-08-21 09:53:19.756238+07,2026-08-21 09:21:23+07
13897909,Land Rover Defender130 X-Dynamic 2023,115000.0,115000.0,0.0,0,0.0,0,3.7,0.0,0,Land Rover,Defender 130,2023,used,Plate Number,Unknown,Unknown,Unknown,,,Phnom Penh,individual,277536,Huy,2026-08-17 18:16:36+07,2026-08-21 09:53:22.429582+07,2026-08-21 09:16:26+07
13901323,Lexus CT200h 2012 Full Premium,14500.0,14500.0,0.0,0,0.0,0,5.8,0.0,0,Lexus,CT200h,2012,used,Plate Number,Unknown,Unknown,Unknown,,,Phnom Penh,individual,849315,chivon mao,2026-08-18 15:27:45+07,2026-08-24 10:36:08.596235+07,2026-08-24 09:48:48+07
13901348,"TOYOTA PRIUS YEARS : 2012OPTION : 5 PLUG-INCOLOR : ខៀវPRIUS : 18,800$",18800.0,18800.0,0.0,0,0.0,0,0.1,0.0,0,Toyota,Prius,2012,used,Plate Number,Unknown,Unknown,Unknown,,,Phnom Penh,individual,1201250,Srey Pich,2026-08-18 15:33:18+07,2026-08-18 17:19:07.20413+07,2026-08-18 15:33:18+07
13901681,Highlander 2005 V4 ប៉ុងមួយ ប្រភេទឡានមូលសានុំស្រីន ថ្មីខ្លាំង,18500.0,18500.0,0.0,0,0.0,0,0.0,0.0,0,Toyota,Highlander,2005,used,Plate Number,Unknown,Unknown,Unknown,,,Phnom Penh,store,193737,PISETH CAR AUTO,2026-08-18 16:37:06+07,2026-08-18 17:18:57.645838+07,2026-08-18 16:37:06+07
13902997,2021 wildtrak twin turbo ក្រដាស់ពន្ធថ្មី,30000.0,30000.0,0.0,0,0.0,0,5.1,0.0,0,Ford,Ranger Wildtrak,2021,used,Tax Paper,Unknown,Unknown,Unknown,,,Phnom Penh,store,21010,SH Auto car,2026-08-19 07:42:27+07,2026-08-24 10:35:59.605104+07,2026-08-24 10:18:31+07
13907829,មិនធ្លាប់មានប្រវត្តិបុក មិនធ្លាប់មានការកាត់ត មិនធ្លាប់មានការស្ងោរប្តូរពណ៌,16900.0,16900.0,0.0,0,0.0,0,3.9,0.0,0,Unknown,Unknown,2013,used,Tax Paper,Unknown,Unknown,Unknown,,,Phnom Penh,individual,219022,ឡឹមសុខាន់,2026-08-20 12:14:39+07,2026-08-24 10:35:49.62161+07,2026-08-20 12:14:39+07
13908407,រថយន្តលក់បន្ទាន,85000.0,85000.0,0.0,0,0.0,0,0.1,0.0,0,Unknown,Unknown,2006,used,Plate Number,Unknown,Unknown,Unknown,,,Phnom Penh,individual,816901,Bong Sophal,2026-08-20 14:22:31+07,2026-08-20 15:37:46.962905+07,2026-08-20 14:22:31+07
13908438,Toyota Prius 2009 Full No map,10800.0,10800.0,0.0,0,0.0,0,0.0,0.0,0,Toyota,Prius,2009,used,Plate Number,Unknown,Unknown,Unknown,,,Phnom Penh,individual,877146,Viii,2026-08-20 14:28:46+07,2026-08-20 15:37:45.567577+07,2026-08-20 14:28:46+07
13908544,Camry LE ដាក់លក់​៣ថ្ងៃ​ តម្លៃ​ពិសេស​ 4350,4350.0,4350.0,0.0,0,0.0,0,0.0,0.0,0,Toyota,Camry,2002,used,Plate Number,Unknown,Unknown,Unknown,,,Phnom Penh,individual,1302890,Sovan Sovann,2026-08-20 14:50:37+07,2026-08-20 15:37:39.452983+07,2026-08-20 14:50:37+07
13908595,CT​. 200h . 012 - Fsport,15900.0,15900.0,0.0,0,0.0,0,0.0,0.0,0,Lexus,CT  200h,2012,used,Plate Number,Unknown,Unknown,Unknown,,,Phnom Penh,store,458155,សេង​ ចាន់ CH,2026-08-20 15:01:34+07,2026-08-20 15:37:33.85925+07,2026-08-20 15:01:34+07
13910670,រថយន្តសម្រាប់លក់,18800.0,18800.0,0.0,0,0.0,0,0.0,0.0,0,Unknown,Unknown,2004,used,Plate Number,Unknown,Unknown,Unknown,,,Phnom Penh,individual,963964,srey pov,2026-08-21 09:37:28+07,2026-08-21 09:53:08.541882+07,2026-08-21 09:37:28+07
13921345,Prius 06 full option,10500.0,10500.0,0.0,0,0.0,0,0.0,0.0,0,Toyota,Prius,2006,used,Tax Paper,Unknown,Unknown,Unknown,,,Phnom Penh,individual,203236,Ju Liang,2026-08-24 10:02:13+07,2026-08-24 10:35:58.601508+07,2026-08-24 10:02:13+07
13283811,Prius 07 Half រំលស់មុន 3500$,12800.0,12800.0,0.0,0,0.0,0,160.1,0.0,0,Toyota,Prius,2007,used,Tax Paper,Unknown,Unknown,Unknown,,,Phnom Penh,store,688381,Apple168 Auto,2026-03-13 12:13:59+07,2026-08-20 15:37:32.537599+07,2026-08-20 15:05:03+07
13314459,Toyota Prius 2008 Full Option Touring ក្នុងលឿង,11500.0,11500.0,0.0,0,0.0,0,153.9,0.0,0,Toyota,Prius,2008,used,Plate Number,Unknown,Unknown,Unknown,,,Phnom Penh,individual,487004,ប៊ុន លីណា 816 Auto ទិញលក់ឡានគ្រប់ប្រភេទ នឹងមានបង់រំលស់,2026-03-20 13:14:04+07,2026-08-21 09:53:26.243326+07,2026-08-21 09:09:33+07
13314750,GAC S9 2025,66000.0,66000.0,0.0,0,0.0,0,156.8,0.0,0,GAC,S9,2025,new,Tax Paper,Unknown,Unknown,Unknown,,,Phnom Penh,store,678262,បាក់ទូក,2026-03-20 14:23:09+07,2026-08-24 10:36:03.651369+07,2026-08-24 09:59:03+07
13327954,🚔 ឃ្លាំងលក់រថយន្ត សេម អូតូ ខា💰មានសេវាកម្មបង់រំលស់100% បង់120$-250$🚗Toyota  Highlander  2001 V4 P1,12800.0,12800.0,0.0,0,0.0,0,147.5,0.0,0,Toyota,Highlander,2001,used,Plate Number,Unknown,Unknown,Unknown,,,Phnom Penh,store,433840,UY SEM ( សេម អូតូ ) មានទទួលទិញ- លក់រថយន្ត រំលស់100%,2026-03-24 06:07:43+07,2026-08-18 17:18:55.823501+07,2026-08-18 16:54:02+07
13330592,Lexus 99 ម្ចាស់ដេីម​ ឡានថ្មី,7999.0,7999.0,0.0,0,0.0,0,146.0,0.0,0,Lexus,99 ម្ចាស់ដេីម​ ឡានថ្មី,1999,used,Plate Number,Unknown,Unknown,Unknown,,,Phnom Penh,store,71544,Heng Hour,2026-03-24 16:18:38+07,2026-08-17 15:50:57.878267+07,2026-08-17 15:06:01+07
13333736,2016 C-COUPÉ AMG PACKAGE FULL OPTION,35500.0,35500.0,0.0,0,0.0,0,148.9,0.0,0,Mercedes-Benz,C-COUPÉ,2016,used,Tax Paper,Unknown,Unknown,Unknown,,,Phnom Penh,individual,1135023,Hieng Ly,2026-03-25 12:31:44+07,2026-08-21 09:53:07.208956+07,2026-08-20 09:00:11+07
13334623,Geely Radar PHEV 4WD🔥0976350650,38800.0,38800.0,0.0,0,0.0,0,145.0,0.0,0,Geely,Radar PHEV 4WD🔥0976350650,2025,new,Tax Paper,Unknown,Unknown,Unknown,,,Phnom Penh,store,1207509,Van Sin LT Auto,2026-03-25 15:17:51+07,2026-08-17 15:50:58.879416+07,2026-08-17 15:04:43+07
13348598,Changan Q05 405KM 19800$,19800.0,19800.0,0.0,0,0.0,0,144.1,0.0,0,Changan,Q05,2025,new,Tax Paper,Unknown,Unknown,Unknown,,,Phnom Penh,individual,1089883,Chuyy Chuyy,2026-03-29 12:38:30+07,2026-08-20 15:37:27.81533+07,2026-08-20 15:25:21+07
13368372,ឡានថ្មីដូចខ្លាញ់គោMazda CX60 25,48900.0,48900.0,0.0,0,0.0,0,139.2,0.0,0,Mazda,CX60 25,2025,used,Plate Number,Unknown,Unknown,Unknown,,,Phnom Penh,store,666121,Meng,2026-04-03 10:44:38+07,2026-08-20 15:37:39.45588+07,2026-08-20 14:48:02+07
13377981,Lexus ES300h 013 Full Option ពណ៌​សកាំម៉ៃ​ (សន្លឹក​ពន្ធ),27800.0,27800.0,0.0,0,0.0,0,137.5,0.0,0,Lexus,ES300h,2013,used,Tax Paper,Unknown,Unknown,Unknown,,,Phnom Penh,store,193430,ហេង​ហេង99 ហេង​ 99 ឃ្លាំង​លក់ឡានហេងហេង99,2026-04-05 21:07:08+07,2026-08-21 09:53:17.47144+07,2026-08-21 09:25:05+07
13381220,PRIUS 07 រំលស់មុន3000$,12800.0,12800.0,0.0,0,0.0,0,134.0,0.0,0,Toyota,Prius,2007,used,Tax Paper,Unknown,Unknown,Unknown,,,Phnom Penh,store,688381,Apple168 Auto,2026-04-06 16:25:22+07,2026-08-18 17:19:06.253485+07,2026-08-18 15:36:02+07
13381344,Changan Q05 option max មានក្នុងស្តុកស្រាប់បងបង😍,21800.0,21800.0,0.0,0,0.0,0,135.9,0.0,0,Changan,Q05,2025,new,Tax Paper,Unknown,Unknown,Unknown,,,Phnom Penh,store,1095235,មាស ចន្ទ័មុន្នីរត្ន័,2026-04-06 17:01:16+07,2026-08-20 15:37:33.859538+07,2026-08-20 15:01:02+07
13432670,Highlander 2004 V4 p1 កៅអី៣ជួរ,17300.0,17300.0,0.0,0,0.0,0,119.8,0.0,0,Toyota,Highlander,2004,used,Plate Number,Unknown,Unknown,Unknown,,,Phnom Penh,store,634852,Hong Hong,2026-04-23 15:03:32+07,2026-08-21 09:53:09.877325+07,2026-08-21 09:48:23+07
13435180,EVEREST 2023,54900.0,54900.0,0.0,0,0.0,0,119.0,0.0,0,Ford,Everest,2023,used,Plate Number,Unknown,Unknown,Unknown,,,Phnom Penh,store,519591,តាំង​ ម៉េងស្រ៊ុន,2026-04-24 09:16:28+07,2026-08-21 09:53:23.574408+07,2026-08-21 09:16:02+07
13445647,Prius 05 Half Full ពណ៌​ស​ ម្ចាស់ដេីម​ ថ្មីខ្លាំងណាស់​,10500.0,10500.0,0.0,0,0.0,0,112.9,0.0,0,Toyota,Prius,2005,used,Plate Number,Unknown,Unknown,Unknown,,,Phnom Penh,store,193430,ហេង​ហេង99 ហេង​ 99 ឃ្លាំង​លក់ឡានហេងហេង99,2026-04-26 18:40:43+07,2026-08-17 15:51:03.595391+07,2026-08-17 14:42:03+07
13449351,Cars for Sale,100998.0,100998.0,0.0,0,0.0,0,113.1,0.0,0,Unknown,Unknown,2016,used,Plate Number,Unknown,Unknown,Unknown,,,Phnom Penh,store,262420,LD9 Auto Car,2026-04-27 15:50:04+07,2026-08-18 17:18:54.868796+07,2026-08-18 17:00:06+07
13459063,Velar D300 V6 R-Dynamic,40000.0,40000.0,0.0,0,0.0,0,113.4,0.0,0,Unknown,Unknown,2018,used,Plate Number,Unknown,Unknown,Unknown,,,Phnom Penh,individual,583262,Bong Be,2026-04-29 23:14:39+07,2026-08-21 09:53:17.466893+07,2026-08-21 09:26:42+07
13461062,Deepal 2026 S05 ultra,25500.0,25500.0,0.0,0,0.0,0,115.9,0.0,0,Changan,Deepal S05,2026,new,Tax Paper,Unknown,Unknown,Unknown,,,Phnom Penh,store,1195836,LT Auto Du,2026-04-30 13:21:28+07,2026-08-24 10:35:58.605743+07,2026-08-24 10:00:18+07
13477078,NISSAN NAVARA 2018 FULL ឡានស្អាត,24800.0,24800.0,0.0,0,0.0,0,111.6,0.0,0,Nissan,Navara,2018,used,Plate Number,Unknown,Unknown,Unknown,,,Siem Reap,store,396769,sour Sok Kouch,2026-05-04 21:08:55+07,2026-08-24 10:35:59.609109+07,2026-08-24 10:17:58+07
13479779,Rav42003 អត់បុកអត់ប៉ះនៅសាណុំ,11000.0,11000.0,0.0,0,0.0,0,107.0,0.0,0,Unknown,Unknown,2003,used,Plate Number,Unknown,Unknown,Unknown,,,Phnom Penh,individual,345608,Phearun,2026-05-05 14:40:49+07,2026-08-20 15:37:44.215114+07,2026-08-20 14:27:11+07
13480233,Mercedes S350d 2015 diesel,42000.0,42000.0,0.0,0,0.0,0,107.7,0.0,0,Mercedes-Benz,S350d,2015,used,Plate Number,Unknown,Unknown,Unknown,,,Phnom Penh,store,196255,LMR AUTO,2026-05-05 16:22:50+07,2026-08-21 09:53:17.465794+07,2026-08-21 09:27:02+07
13486817,Toyota scion 2006 full for sale please contact 0978245678 016847847 012545444,7900.0,7900.0,0.0,0,0.0,0,105.2,0.0,0,Toyota,scion,2006,used,Plate Number,Unknown,Unknown,Unknown,,,Phnom Penh,store,592993,Chetra Car Saler,2026-05-07 10:38:12+07,2026-08-20 15:37:51.426558+07,2026-08-20 14:01:25+07
13496455,Mazda CX60 2025 full options ថ្មីខ្លាំងមួយគ្រឿងនេះ,43000.0,43000.0,0.0,0,0.0,0,103.8,0.0,0,Mazda,CX60,2025,used,Plate Number,Unknown,Unknown,Unknown,,,Phnom Penh,store,862400,ជូ អ៊ូ ជិញ,2026-05-09 13:37:42+07,2026-08-21 09:53:21.102101+07,2026-08-21 09:25:04+07
13529822,TOYOTA PIRUS 2012 ក្នុងលឿង,15800.0,16800.0,1000.0,1,0.0,0,98.6,0.0,0,Toyota,PIRUS ក្នុងលឿង,2012,used,Tax Paper,Unknown,Unknown,Unknown,,,Phnom Penh,store,823160,168TM ឃ្លាំងលក់រថយន្ត,2026-05-17 20:05:54+07,2026-08-24 10:35:49.617808+07,2026-05-17 20:05:54+07
13559428,GAC GS3 EMZOOM R-STYLE 2026,22500.0,22500.0,0.0,0,0.0,0,86.3,0.0,0,GAC,GS3 Emzoom,2026,new,Tax Paper,Unknown,Unknown,Unknown,,,Phnom Penh,store,475016,ITH RATHANA,2026-05-24 10:42:36+07,2026-08-18 17:19:08.121567+07,2026-08-18 15:29:47+07
13566951,ឡានលក់,20200.0,20200.0,0.0,0,0.0,0,84.4,0.0,0,Unknown,Unknown,2004,used,Plate Number,Unknown,Unknown,Unknown,,,Phnom Penh,store,586422,Oun Maren,2026-05-26 08:20:38+07,2026-08-18 17:18:59.537238+07,2026-08-18 16:20:02+07
13571660,Stargazer MPV 7កៅអី 2026,29900.0,29900.0,0.0,0,0.0,0,85.3,0.0,0,Unknown,Unknown,2026,new,Tax Paper,Unknown,Unknown,Unknown,,,Phnom Penh,store,477448,Va Seanghor,2026-05-27 09:18:52+07,2026-08-20 15:37:29.394537+07,2026-08-20 15:31:39+07
13572307,ទើបមកដល់ថ្មី,39800.0,39800.0,0.0,0,0.0,0,83.3,0.0,0,Unknown,Unknown,2014,used,Tax Paper,Unknown,Unknown,Unknown,,,Phnom Penh,store,149907,Vincent kou,2026-05-27 10:32:38+07,2026-08-18 17:18:53.941945+07,2026-08-18 17:00:06+07
13580751,MERCEDESBENZ_S400L_2016UP_MAYBACH,38800.0,38800.0,0.0,0,0.0,0,87.0,0.0,0,Unknown,Unknown,2016,used,Plate Number,Unknown,Unknown,Unknown,,,Phnom Penh,store,477705,p-69466646,2026-05-29 09:41:46+07,2026-08-24 10:36:06.625889+07,2026-08-24 09:52:31+07
13584845,Land Cruiser 𝐏𝐫𝐚𝐝𝐨 TXL V4 ម៉ាស៊ីន​ សាំង​ ​,32500.0,32500.0,0.0,0,0.0,0,86.0,0.0,0,Toyota,Land Cruiser,2012,used,Plate Number,Unknown,Unknown,Unknown,,,Phnom Penh,store,85027,Mr PK KD,2026-05-30 09:27:30+07,2026-08-24 10:35:57.601318+07,2026-08-24 10:13:02+07
13589963,Ford Ranger XLT 2022,29900.0,29900.0,0.0,0,0.0,0,78.0,0.0,0,Ford,Ranger XLT,2022,used,Plate Number,Unknown,Unknown,Unknown,,,Phnom Penh,individual,95185,Lucky Tom,2026-05-31 15:14:14+07,2026-08-17 15:50:52.999636+07,2026-08-17 07:32:36+07
13592417,FORD RANGER XLT 2021 3.2 Full,27900.0,27900.0,0.0,0,0.0,0,78.3,0.0,0,Ford,Ranger XLT,2021,used,Plate Number,Unknown,Unknown,Unknown,,,Phnom Penh,store,422115,CT99 Auto Car,2026-06-01 11:09:53+07,2026-08-18 17:19:01.602264+07,2026-08-18 16:00:11+07
13596253,2020 LEXUS LX570 SUPER SPORT អារ៉ាប់,110000.0,110000.0,0.0,0,0.0,0,78.0,0.0,0,Lexus,LX570,2020,used,Plate Number,Unknown,Unknown,Unknown,,,Phnom Penh,store,899851,KSK Auto,2026-06-02 09:44:24+07,2026-08-19 09:48:03.344792+07,2026-08-19 09:44:02+07
13596761,Toyota Alphard up LM,32800.0,32800.0,0.0,0,0.0,0,83.0,0.0,0,Toyota,Alphard,2015,used,Plate Number,Unknown,Unknown,Unknown,,,Phnom Penh,store,340708,VMP AUTO,2026-06-02 11:03:56+07,2026-08-24 10:36:07.608563+07,2026-08-24 09:50:05+07
13612825,Ray 2012 full option,9000.0,9000.0,0.0,0,0.0,0,73.8,0.0,0,Unknown,Unknown,2012,used,Tax Paper,Unknown,Unknown,Unknown,,,Phnom Penh,store,1120730,SL auto car,2026-06-05 22:29:39+07,2026-08-18 17:18:57.647844+07,2026-08-18 16:34:02+07
13617602,ឡានលក់បន្ទាន់,40500.0,40500.0,0.0,0,0.0,0,72.9,0.0,0,Unknown,Unknown,2015,used,Plate Number,Unknown,Unknown,Unknown,,,Phnom Penh,individual,1140905,ពេជ្រ ពេជ្រ,2026-06-07 11:19:00+07,2026-08-19 09:48:01.898152+07,2026-08-19 09:46:58+07
13622664,Chenglong M3v,38999.0,38999.0,0.0,0,0.0,0,76.8,0.0,0,Unknown,Unknown,2026,new,Tax Paper,Unknown,Unknown,Unknown,,,Phnom Penh,store,1070674,Manny Nhor,2026-06-08 15:15:23+07,2026-08-24 10:35:54.568358+07,2026-08-24 10:21:20+07
13623543,2022 VX.R TWIN TURBO Full Options អារ៉ាប់,127800.0,127800.0,0.0,0,0.0,0,71.6,0.0,0,Unknown,Unknown,2022,used,Plate Number,Unknown,Unknown,Unknown,,,Phnom Penh,store,180713,LimLy Auto,2026-06-08 19:09:14+07,2026-08-19 09:48:15.439019+07,2026-08-19 09:30:08+07
13636993,Prius 07 full options,9990.0,9990.0,0.0,0,0.0,0,73.6,0.0,0,Toyota,Prius,2007,used,Plate Number,Unknown,Unknown,Unknown,,,Phnom Penh,store,124666,Vannak Neak,2026-06-11 20:49:23+07,2026-08-24 10:36:07.608563+07,2026-08-24 09:50:05+07
13638050,"Mazda BT50 2020 $29,300 ធានាទិញចូលវិញ ទឹកថ្នាំហ្សុីន១ជុំ ម៉ាស៊ីនសំណុំដើម",29700.0,29700.0,0.0,0,0.0,0,66.3,0.0,0,Mazda,"BT50 $29,300 ធានាទិញចូលវិញ",2020,used,Plate Number,Unknown,Unknown,Unknown,,,Phnom Penh,store,545385,តាញាញ់ ថ្ងៃល្អ,2026-06-12 09:15:30+07,2026-08-17 15:51:03.584859+07,2026-08-17 14:43:02+07
13646192,Land Cruiser VX-R 2022 Full-Options Spec Arab original paint គីឡូតិច Rim 22R ហ្សុីន,108900.0,108900.0,0.0,0,0.0,0,66.0,0.0,0,Toyota,Land Cruiser,2022,used,Tax Paper,Unknown,Unknown,Unknown,,,Phnom Penh,store,798650,Pha AutoCars,2026-06-14 10:11:47+07,2026-08-19 09:48:20.91253+07,2026-08-19 09:20:06+07
13650630,មហាថ្មី high Lander Limited 01 ប៉ុ1,12900.0,12900.0,0.0,0,0.0,0,69.9,0.0,0,Toyota,Highlander,2001,used,Plate Number,Unknown,Unknown,Unknown,,,Phnom Penh,store,420287,តោ ហ៊ា,2026-06-15 12:49:39+07,2026-08-24 10:36:06.631091+07,2026-08-24 09:51:15+07
13654448,"Ford F-150 Raptor 2017 , USA Full Option",49900.0,49900.0,0.0,0,0.0,0,63.3,0.0,0,Ford,F-150 Raptor,2017,used,Plate Number,Unknown,Unknown,Unknown,,,Phnom Penh,store,354084,ThyNa Car Seat,2026-06-16 10:20:26+07,2026-08-18 17:18:57.645838+07,2026-08-18 16:36:17+07
13656936,Changan Deep Blue S05,26500.0,26500.0,0.0,0,0.0,0,64.8,0.0,0,Changan,Deepal S05,2026,new,Tax Paper,Unknown,Unknown,Unknown,,,Phnom Penh,store,1286497,litianze li,2026-06-16 20:11:29+07,2026-08-20 15:37:46.961652+07,2026-08-20 14:22:55+07
13657266,🔥HongqiHS5 2022V4សាំង ម្ចាស់ដេីមទិញខ្លាញ់គោ ប្រេីបាន30000គីឡូ ប៉ាស់Bose,18300.0,18300.0,0.0,0,0.0,0,68.5,0.0,0,Unknown,Unknown,2022,used,Plate Number,Unknown,Unknown,Unknown,,,Phnom Penh,store,459123,MCS AUTO 2,2026-06-16 22:32:47+07,2026-08-24 10:35:58.604145+07,2026-08-24 10:00:18+07
13662630,រថយន្ត Kıa Ray 013 ពណ៍ស(ទឹកដោះគោ)ប្រើស្មាតឃី ឡានស្អាត រៀបចំរួចលក់,9200.0,9200.0,0.0,0,0.0,0,64.0,0.0,0,Kia,Ray,2013,used,Tax Paper,Unknown,Unknown,Unknown,,,Phnom Penh,store,663305,Toun da Toun da,2026-06-18 09:43:51+07,2026-08-21 09:53:15.007514+07,2026-08-21 09:41:02+07
13663197,Jeep Sahara sky one touch 2020 full option for sell,50500.0,50500.0,0.0,0,0.0,0,63.2,0.0,0,Jeep,Wrangler Sahara,2020,used,Plate Number,Unknown,Unknown,Unknown,,,Phnom Penh,individual,756992,Chhing Chhing,2026-06-18 11:25:53+07,2026-08-20 15:37:35.448567+07,2026-08-20 15:12:28+07
13664350,LEXUS HS250 H Full Premium 2010 ម្ចាស់ដើម លំដាប់នេឡាន,20800.0,20800.0,0.0,0,0.0,0,63.0,0.0,0,Lexus,HS250 H,2010,used,Plate Number,Unknown,Unknown,Unknown,,,Phnom Penh,store,595497,TAY BUNNA,2026-06-18 15:19:37+07,2026-08-20 15:37:41.024135+07,2026-08-20 14:32:02+07
13666786,ឡានលក់,17500.0,17500.0,0.0,0,0.0,0,66.0,0.0,0,Unknown,Unknown,2012,used,Plate Number,Unknown,Unknown,Unknown,,,Phnom Penh,individual,332593,ឌី វណ្ណារិទ្ធ​,2026-06-19 10:03:15+07,2026-08-24 10:35:55.58206+07,2026-08-24 10:27:11+07
13672295,ឡានលក់បន្ទាន់,8900.0,8900.0,0.0,0,0.0,0,59.8,0.0,0,Unknown,Unknown,2004,used,Plate Number,Unknown,Unknown,Unknown,,,Phnom Penh,individual,1130877,គីម ឆាយ,2026-06-20 15:02:07+07,2026-08-19 09:48:20.914144+07,2026-08-19 09:19:44+07
13676516,Camry 07    ឡានស្អាត​ 092 75 55 69,11500.0,12100.0,600.0,1,0.0,0,63.6,0.0,0,Toyota,Camry,2007,used,Plate Number,Unknown,Unknown,Unknown,,,Phnom Penh,store,346856,Chea Pao Car shop,2026-06-21 19:49:29+07,2026-08-24 10:35:53.577764+07,2026-08-24 09:27:57+07
13683803,Nx 200t  2015 ប៉ុង2 5ប៉ូតុង up f-sport,28500.0,28500.0,0.0,0,0.0,0,61.9,0.0,0,Lexus,Nx 200t,2015,used,Plate Number,Unknown,Unknown,Unknown,,,Phnom Penh,individual,871721,Ly Sing,2026-06-23 13:09:59+07,2026-08-24 10:36:08.596235+07,2026-08-24 09:49:14+07
13686349,Toyota alphard 2012,21500.0,21500.0,0.0,0,0.0,0,58.1,0.0,0,Toyota,Alphard,2012,used,Plate Number,Unknown,Unknown,Unknown,,,Phnom Penh,individual,1037579,ហ៊ា ហ៊ុយ,2026-06-24 07:39:52+07,2026-08-21 09:53:12.54943+07,2026-08-21 09:32:28+07
13695526,"04,h full",18800.0,18800.0,0.0,0,0.0,0,59.1,0.0,0,Unknown,Unknown,2004,used,Plate Number,Unknown,Unknown,Unknown,,,Kampong Cham,store,335658,Den Oudam,2026-06-26 07:08:02+07,2026-08-24 10:35:57.601318+07,2026-08-24 10:13:02+07
13696766,លក់,32700.0,32700.0,0.0,0,0.0,0,53.9,0.0,0,Unknown,Unknown,2017,used,Plate Number,Unknown,Unknown,Unknown,,,Phnom Penh,store,225821,Sarun Man,2026-06-26 11:26:34+07,2026-08-19 09:48:03.343366+07,2026-08-19 09:45:17+07
13697169,ឡានលក់ Toyota Vanza 2010 V4 pong1 full option👉បើកតំបូល សោរប្រើស្មាតឃី ឡានទិ,19800.0,19800.0,0.0,0,0.0,0,53.2,0.0,0,Toyota,Vanza V4 pong1,2010,used,Plate Number,Unknown,Unknown,Unknown,,,Phnom Penh,store,387311,Long hay,2026-06-26 12:44:37+07,2026-08-18 17:19:06.251486+07,2026-08-18 15:38:02+07
13697192,2019 v6,19500.0,19500.0,0.0,0,0.0,0,55.1,0.0,0,Unknown,Unknown,2019,used,Plate Number,Unknown,Unknown,Unknown,,,Phnom Penh,store,463656,February 发财,2026-06-26 12:50:41+07,2026-08-20 15:37:46.965609+07,2026-08-20 14:20:07+07
13697899,H1,16000.0,16000.0,0.0,0,0.0,0,53.1,0.0,0,Unknown,Unknown,2020,used,Plate Number,Unknown,Unknown,Unknown,,,Phnom Penh,store,1039372,Chhay Borey,2026-06-26 14:37:13+07,2026-08-18 17:18:58.596107+07,2026-08-18 16:28:03+07
13704885,Land Cruiser 2010 ឡើង 24 full option,31500.0,31500.0,0.0,0,0.0,0,53.9,0.0,0,Toyota,Land Cruiser,2010,used,Plate Number,Unknown,Unknown,Unknown,,,Phnom Penh,store,29723,Alvin Alvin,2026-06-28 13:16:18+07,2026-08-21 09:53:22.428672+07,2026-08-21 09:17:02+07
13708137,ឡានលក់ម្ចាស់ដើមផ្ទាល់ តម្លៃពិសេស37600,37600.0,37600.0,0.0,0,0.0,0,52.9,0.0,0,Unknown,Unknown,2019,used,Plate Number,Unknown,Unknown,Unknown,,,Phnom Penh,individual,332763,p-69998898,2026-06-29 11:56:51+07,2026-08-21 09:53:08.538048+07,2026-08-21 09:38:13+07
13708451,ឡានលក់ Camry 07 LE ABS,13750.0,13750.0,0.0,0,0.0,0,50.9,0.0,0,Toyota,Camry,2007,used,Plate Number,Unknown,Unknown,Unknown,,,Phnom Penh,store,182449,ឃ្លាំង នីហេង,2026-06-29 13:10:41+07,2026-08-19 09:48:15.439445+07,2026-08-19 09:30:08+07
13716857,Tacoma011រៀបចំរួចហេីយថ្មីណាស់មាននៅឃ្លាំងស្រាប់,23500.0,23500.0,0.0,0,0.0,0,47.1,0.0,0,Unknown,Unknown,2011,used,Tax Paper,Unknown,Unknown,Unknown,,,Phnom Penh,store,254040,Vong Sarath,2026-07-01 14:07:04+07,2026-08-17 15:51:01.724584+07,2026-08-17 14:50:13+07
13726456,Hilux Revo rally 2022,42500.0,42500.0,0.0,0,0.0,0,48.5,0.0,0,Toyota,Hilux,2022,used,Plate Number,Unknown,Unknown,Unknown,,,Phnom Penh,store,388015,Piseth Sokhanida,2026-07-03 22:00:23+07,2026-08-21 09:53:21.103248+07,2026-08-21 09:24:03+07
13734578,The All New- GAC GN8 2024,39000.0,39000.0,0.0,0,0.0,0,49.0,0.0,0,GAC,GN8,2024,new,Tax Paper,Unknown,Unknown,Unknown,,,Phnom Penh,store,1134205,ITH RATHANA,2026-07-06 10:36:02+07,2026-08-24 10:36:07.60782+07,2026-08-24 09:50:05+07
13736268,Toyota Tacoma ឆ្នាំ1998 V4 ប៉ុង2មានកាប់ពីតាស​,6900.0,6900.0,0.0,0,0.0,0,43.1,0.0,0,Toyota,Tacoma,1998,used,Plate Number,Unknown,Unknown,Unknown,,,Phnom Penh,store,557534,សារ៉ុម រាជសីហ៍ លក់រថយន្តគ្រប់ប្រភេទ,2026-07-06 15:33:12+07,2026-08-18 17:19:04.372424+07,2026-08-18 15:44:02+07
13739020,Meserdes C300 4matic,23000.0,23000.0,0.0,0,0.0,0,48.0,0.0,0,Mercedes-Benz,C300,2015,used,Plate Number,Unknown,Unknown,Unknown,,,Phnom Penh,individual,427840,p-86969006,2026-07-07 10:55:59+07,2026-08-24 10:35:58.59695+07,2026-08-24 10:03:15+07
13739506,Tacoma ឆ្នាំ02 តួទាប V4 អូតូក្រោម ឡានស្អាតលះ ☎️010809040Telegram,6900.0,6900.0,0.0,0,0.0,0,44.1,0.0,0,Toyota,Tacoma,2002,used,Plate Number,Unknown,Unknown,Unknown,,,Phnom Penh,store,199223,តាហេងកូនភ្លោះ ទួលសង្កែ,2026-07-07 12:22:01+07,2026-08-20 15:37:44.216867+07,2026-08-20 14:25:24+07
13745584,Denza N9 PHEV New 95% តម្លៃ ចុះជូនបានទៀត,86500.0,86500.0,0.0,0,0.0,0,40.9,0.0,0,Unknown,Unknown,2025,used,Plate Number,Unknown,Unknown,Unknown,,,Phnom Penh,store,371744,Premium auto,2026-07-08 18:48:49+07,2026-08-18 17:18:59.540992+07,2026-08-18 16:19:23+07
13745594,Mini Cooper 2025 អាចវៃដូរឡានបាន,36500.0,36500.0,0.0,0,0.0,0,40.9,0.0,0,Unknown,Unknown,2025,used,Plate Number,Unknown,Unknown,Unknown,,,Phnom Penh,store,371744,Premium auto,2026-07-08 18:53:42+07,2026-08-18 17:18:59.542008+07,2026-08-18 16:19:14+07
13750140,Lexus LM VIP 2025,195000.0,195000.0,0.0,0,0.0,0,39.9,0.0,0,Lexus,LM VIP,2025,used,Plate Number,Unknown,Unknown,Unknown,,,Phnom Penh,store,371744,Premium auto,2026-07-09 20:31:49+07,2026-08-18 17:18:59.540992+07,2026-08-18 16:19:15+07
13758810,រថយន្តលក់,18880.0,18880.0,0.0,0,0.0,0,37.4,0.0,0,Unknown,Unknown,2004,used,Plate Number,Unknown,Unknown,Unknown,,,Phnom Penh,individual,361020,CH Nanin,2026-07-12 07:12:57+07,2026-08-18 17:18:55.823501+07,2026-08-18 16:52:57+07
13760238,រថយន្តសំរាប់លក់ ម្ជាស់ដេីម ទ្បានស្អាត,18500.0,18500.0,0.0,0,0.0,0,36.1,0.0,0,Unknown,Unknown,2006,used,Plate Number,Unknown,Unknown,Unknown,,,Phnom Penh,store,1181888,បុត្រ Sereyboth,2026-07-12 13:00:12+07,2026-08-17 15:51:02.630305+07,2026-08-17 14:49:12+07
13760623,ឡានលក់,9168.0,9168.0,0.0,0,0.0,0,39.8,0.0,0,Unknown,Unknown,2003,used,Plate Number,Unknown,Unknown,Unknown,,,Svay Rieng,individual,1282133,លីហុង សុខ,2026-07-12 14:35:16+07,2026-08-21 09:53:18.607446+07,2026-08-21 09:29:04+07
13763388,ខ្ញុំ​ចង់​លក់​ឡាន​ផ្ទាល់​ខ្លួន​មួយ​គ្រឿង​ឡាន​ស្អាត​ទឹក​ថ្នាំ​សុីន​មួយ​ជុំ​ប្រព័ន្ធ​ភ្លើង​ល្អ​​,25500.0,25500.0,0.0,0,0.0,0,38.2,0.0,0,Unknown,Unknown,2013,used,Plate Number,Unknown,Unknown,Unknown,,,Phnom Penh,individual,783201,pang pang,2026-07-13 11:56:41+07,2026-08-20 15:37:42.60155+07,2026-08-20 14:30:10+07
13764165,🚘 lexus LX 470 ឆ្នាំ 2000💰តម្លៃ $$$$ ចរចា​ វៃដូ​របាន🔋ម៉ាសុីន បូមគ្រាប់បែកឡើងចុះ នៅខ្ចី,12900.0,12900.0,0.0,0,0.0,0,38.8,0.0,0,Lexus,LX470,2000,used,Plate Number,Unknown,Unknown,Unknown,,,Phnom Penh,store,666786,Sos sell car,2026-07-13 14:34:37+07,2026-08-21 09:53:23.57785+07,2026-08-21 09:15:04+07
13764673,ពណ៌ទឹកប្រាក់ Toyota Hilux Travo Rally 2027,51100.0,51100.0,0.0,0,0.0,0,36.1,0.0,0,Toyota,Hilux,2027,new,Tax Paper,Unknown,Unknown,Unknown,,,Phnom Penh,store,333401,TOYOTA AWS ផ្នែកលក់រថយន្ដថ្មី ខ្លាញ់គោ,2026-07-13 16:01:16+07,2026-08-18 17:18:56.72048+07,2026-08-18 16:47:02+07
13765032,Ford Ranger Wildtrak ឆ្នាំ 2025 ទិញបានក្តៅៗ,48000.0,48000.0,0.0,0,0.0,0,37.9,0.0,0,Ford,Ranger Wildtrak,2025,used,Plate Number,Unknown,Unknown,Unknown,,,Phnom Penh,individual,899158,MH Auto,2026-07-13 17:36:20+07,2026-08-20 15:37:39.453549+07,2026-08-20 14:49:59+07
13771495,💥 MG4 (EV)សុទ្ធ ជិះបាន450km 2025 5ម៉ឺនគីឡូ ឡានថ្មីដាច់ 98%,17500.0,17500.0,0.0,0,0.0,0,36.9,0.0,0,MG,MG4,2025,used,Plate Number,Unknown,Unknown,Unknown,,,Phnom Penh,store,271614,ហ៊ា អន លក់ឡាន,2026-07-15 11:14:19+07,2026-08-21 09:53:21.101122+07,2026-08-18 18:56:09+07
13777970,BMWi3 2015 សាំង+អគ្គិសនី,7600.0,7600.0,0.0,0,0.0,0,33.1,0.0,0,Unknown,Unknown,2015,used,Tax Paper,Unknown,Unknown,Unknown,,,Phnom Penh,store,570612,Ieng Meng Lee,2026-07-17 06:22:35+07,2026-08-19 09:48:10.238331+07,2026-08-19 09:30:46+07
13788847,Tesla Model 3 dual motor,21500.0,21500.0,0.0,0,0.0,0,32.0,0.0,0,Tesla,Model 3 dual,2018,used,Tax Paper,Unknown,Unknown,Unknown,,,Phnom Penh,store,98066,ST 265 Auto,2026-07-20 09:08:12+07,2026-08-21 09:53:15.007232+07,2026-08-21 09:41:02+07
13790529,Mercedes-Benz,6300.0,6300.0,0.0,0,0.0,0,28.0,0.0,0,Mercedes-Benz,Unknown,2001,used,Plate Number,Unknown,Unknown,Unknown,,,Phnom Penh,individual,940298,Ah tri,2026-07-20 14:48:23+07,2026-08-17 15:51:02.661748+07,2026-08-17 14:45:49+07
13797762,"លក់ឡង់ 80 សេរី ,LC 80 , ពណ៌សំបកឪឡឹក",7500.0,7500.0,0.0,0,0.0,0,29.9,0.0,0,Toyota,Land Cruiser,1997,used,Plate Number,Unknown,Unknown,Unknown,,,Siem Reap,individual,896394,LY Put,2026-07-22 11:15:14+07,2026-08-21 09:53:11.223309+07,2026-08-21 09:39:35+07
13809276,ឡានស្អាតអត់ច្រាស​មកដល់ខ្មែរ​ចុមខែ 9 ងៃ15,14600.0,14600.0,0.0,0,0.0,0,26.1,0.0,0,Unknown,Unknown,2012,used,Tax Paper,Unknown,Unknown,Unknown,,,Phnom Penh,individual,659521,Dana Rith,2026-07-25 12:16:27+07,2026-08-20 15:37:44.213815+07,2026-08-20 14:27:17+07
13814052,Tesla 3 2021,18500.0,18500.0,0.0,0,0.0,0,25.5,0.0,0,Tesla,3,2021,used,Tax Paper,Unknown,Unknown,Unknown,,,Phnom Penh,store,21641,Sky sky,2026-07-26 22:01:17+07,2026-08-21 09:53:18.604873+07,2026-08-21 09:30:12+07
13819721,ថ្មីណាស់​ ម្ចាស់ដេីម​ 01 limited ប៉ុង1,12600.0,12600.0,0.0,0,0.0,0,27.0,0.0,0,Unknown,Unknown,2001,used,Plate Number,Unknown,Unknown,Unknown,,,Phnom Penh,store,71544,Heng Hour,2026-07-28 09:57:39+07,2026-08-24 10:36:00.591293+07,2026-08-24 10:17:03+07
13820073,Land Cruiser 2009 upgraded 2026 Full Option,47000.0,47000.0,0.0,0,0.0,0,23.2,0.0,0,Toyota,Land Cruiser,2009,used,Plate Number,Unknown,Unknown,Unknown,,,Phnom Penh,individual,170963,Khemra Sok,2026-07-28 10:59:54+07,2026-08-20 15:37:27.817003+07,2026-08-20 15:22:43+07
13832968,Mercedes Benz C300 4Matic 2015 ឡានអ្នកប្រើផ្ទាល់,23500.0,23500.0,0.0,0,0.0,0,20.9,0.0,0,Mercedes-Benz,C300,2015,used,Plate Number,Unknown,Unknown,Unknown,,,Phnom Penh,store,689152,89 Auto Car,2026-07-31 13:25:59+07,2026-08-21 09:53:24.912895+07,2026-08-21 09:13:11+07
13835148,Ford Ranger Raptor 2023 ម្ចាស់ដើមទី១ប្រើផ្ទាល់ដូចទិញខ្លាញ់គោ,53000.0,53000.0,0.0,0,0.0,0,18.0,0.0,0,Ford,Ranger Raptor,2023,used,Plate Number,Unknown,Unknown,Unknown,,,Phnom Penh,store,592215,Thearith Nhen,2026-08-01 09:45:31+07,2026-08-19 09:48:01.901356+07,2026-08-19 09:46:02+07
13837507,Pruis 2010 option 5,13900.0,13900.0,0.0,0,0.0,0,18.7,0.0,0,Toyota,Prius,2010,used,Plate Number,Unknown,Unknown,Unknown,,,Phnom Penh,store,365178,Pra Seth Heng,2026-08-01 22:30:52+07,2026-08-20 15:37:29.395353+07,2026-08-20 15:31:01+07
13840003,GAC GS4 Max 2025 មួយទឹកផ្លាកលេខ,19500.0,19500.0,0.0,0,0.0,0,18.0,0.0,0,GAC,GS4,2025,used,Plate Number,Unknown,Unknown,Unknown,,,Phnom Penh,store,1081857,Chealing You,2026-08-02 16:11:36+07,2026-08-20 15:37:49.860417+07,2026-08-20 14:16:30+07
13842306,TOYOTA ALPHARD 2014 FULL 3DOOR VVIP Auto,24000.0,24000.0,0.0,0,0.0,0,18.0,0.0,0,Toyota,Alphard,2014,used,Plate Number,Unknown,Unknown,Unknown,,,Phnom Penh,store,16134,ALPHARD កម្ពុជា ៦០១,2026-08-03 10:52:05+07,2026-08-21 09:53:27.391832+07,2026-08-21 09:09:02+07
13844298,GS4,24500.0,24500.0,0.0,0,0.0,0,17.7,0.0,0,GAC,GS4,2026,new,Tax Paper,Unknown,Unknown,Unknown,,,Phnom Penh,store,200848,Eang sychan,2026-08-03 17:16:51+07,2026-08-21 09:53:26.24357+07,2026-08-21 09:09:29+07
13844374,ឡានលក់បន្ទាន់Sport 2014ឡើងឆ្នាំ2019,16500.0,16500.0,0.0,0,0.0,0,17.7,0.0,0,Unknown,Unknown,2014,used,Plate Number,Unknown,Unknown,Unknown,,,Siem Reap,individual,99113,Matos To,2026-08-03 17:37:15+07,2026-08-21 09:53:23.580841+07,2026-08-21 09:13:52+07
13848204,ឡានលក់ ឡានស្អាតនៅថ្មី 08LEប្រើសាំងសុទ្ធ,14950.0,14950.0,0.0,0,0.0,0,19.8,0.0,0,Unknown,Unknown,2008,used,Plate Number,Unknown,Unknown,Unknown,,,Kampong Speu,individual,569213,Boy Lyly,2026-08-04 16:19:20+07,2026-08-24 10:36:07.608563+07,2026-08-24 09:49:52+07
13853819,RANGE ROVER VOGUE 2014up2024 (សាំងV6),24500.0,24500.0,0.0,0,0.0,0,15.1,0.0,0,Land Rover,Range Rover Vogue,2014,used,Plate Number,Unknown,Unknown,Unknown,,,Phnom Penh,store,260696,Kz Vern,2026-08-06 06:46:32+07,2026-08-21 09:53:24.912188+07,2026-08-21 09:13:29+07
13854760,👉Deepal S05 2026 Option Ultra 🚘✈️,26800.0,26800.0,0.0,0,0.0,0,18.0,0.0,0,Changan,Deepal S05,2026,new,Tax Paper,Unknown,Unknown,Unknown,,,Phnom Penh,store,1246782,𝐂𝐑 𝐀𝐮𝐭𝐨 -𝐁𝐲 𝐒𝐞𝐧𝐠 𝐇𝐢𝐞𝐧𝐠,2026-08-06 10:50:23+07,2026-08-24 10:36:06.625889+07,2026-08-24 09:52:34+07
13856188,Tank 300 New style,51500.0,51500.0,0.0,0,0.0,0,14.8,0.0,0,Tank,300,2026,new,Tax Paper,Unknown,Unknown,Unknown,,,Phnom Penh,store,1210394,Li,2026-08-06 15:30:26+07,2026-08-21 09:53:04.837754+07,2026-08-07 14:10:33+07
13856999,Toyota Veloz 2026,28400.0,28400.0,0.0,0,0.0,0,13.8,0.0,0,Toyota,Veloz,2026,new,Tax Paper,Unknown,Unknown,Unknown,,,Phnom Penh,store,1251582,Toyota Super Car,2026-08-06 19:46:29+07,2026-08-20 15:37:41.025009+07,2026-08-20 14:32:02+07
13858354,Toyota Veloz 2025,25900.0,25900.0,0.0,0,0.0,0,11.3,0.0,0,Toyota,Veloz,2025,used,Plate Number,Unknown,Unknown,Unknown,,,Phnom Penh,store,772106,Sovannridh Toyota Plus,2026-08-07 09:31:30+07,2026-08-18 17:19:06.252485+07,2026-08-18 15:37:03+07
13862409,ឡានលក់Starex 2004,4600.0,4600.0,0.0,0,0.0,0,9.3,0.0,0,Hyundai,Grand Starex,2004,used,Plate Number,Unknown,Unknown,Unknown,,,Svay Rieng,individual,464428,Unknown,2026-08-08 09:40:28+07,2026-08-17 15:51:05.505239+07,2026-08-17 14:32:14+07
13863094,ឡានលក់RAV4ឆ្នាំ01ប៉ុង1លក់ដូរស៊េរី,7700.0,7700.0,0.0,0,0.0,0,10.9,0.0,0,Unknown,Unknown,2001,used,Plate Number,Unknown,Unknown,Unknown,,,Phnom Penh,individual,457091,សុវណ្ណារិទ្ធ អុឹម,2026-08-08 11:53:26+07,2026-08-19 09:48:11.44176+07,2026-08-19 09:26:50+07
13864072,នៅកំពត ចង់លក់ព្រុស 2005 full Map,9500.0,9500.0,0.0,0,0.0,0,10.1,0.0,0,Unknown,Unknown,2005,used,Plate Number,Unknown,Unknown,Unknown,,,Kampot,individual,616981,seng dx 168,2026-08-08 15:46:36+07,2026-08-18 17:19:01.598598+07,2026-08-18 16:04:46+07
13865046,Nissan Navara year 2017,25542.0,25542.0,0.0,0,0.0,0,8.7,0.0,0,Nissan,Navara,2017,used,Plate Number,Unknown,Unknown,Unknown,,,Phnom Penh,individual,238430,096 9 96 96 96,2026-08-08 22:12:26+07,2026-08-17 15:50:53.02817+07,2026-08-17 15:37:09+07
13867193,Highlander,14000.0,14000.0,0.0,0,0.0,0,11.7,0.0,0,Toyota,Highlander,2003,used,Plate Number,Unknown,Unknown,Unknown,,,Phnom Penh,individual,396185,vichea ouodm,2026-08-09 16:16:19+07,2026-08-21 09:53:04.840194+07,2026-08-19 09:13:37+07
13868931,Toyota Prius for sell,9500.0,9500.0,0.0,0,0.0,0,7.3,0.0,0,Toyota,Prius,2005,used,Plate Number,Unknown,Unknown,Unknown,,,Phnom Penh,store,1181888,បុត្រ Sereyboth,2026-08-10 09:32:53+07,2026-08-17 15:51:02.645676+07,2026-08-17 14:48:53+07
13874182,🔥HongqiH5 2021V4សាំង ម្ចាស់ដេីមទី1 ម៉ាសុីនប្រអប់លេខអ៊ែម ប្រេីបាន25000គីឡូ,15800.0,15800.0,0.0,0,0.0,0,12.9,0.0,0,Unknown,Unknown,2021,used,Plate Number,Unknown,Unknown,Unknown,,,Phnom Penh,store,459645,MCS AUTO,2026-08-11 13:38:30+07,2026-08-24 10:36:05.634864+07,2026-08-24 10:00:18+07
13876450,Lexus rx400h 2007 H full,16900.0,16900.0,0.0,0,0.0,0,9.1,0.0,0,Lexus,rx400h H,2007,used,Plate Number,Unknown,Unknown,Unknown,,,Phnom Penh,store,260696,Kz Vern,2026-08-12 07:18:14+07,2026-08-21 09:53:24.911625+07,2026-08-21 09:13:33+07
13876458,Lexus rx330 ឆ្នាំ04ប៉ុង1ពាក់កណ្តាល,17800.0,17800.0,0.0,0,0.0,0,9.1,0.0,0,Lexus,RX330,2004,used,Plate Number,Unknown,Unknown,Unknown,,,Phnom Penh,store,260696,Kz Vern,2026-08-12 07:21:09+07,2026-08-21 09:53:23.581368+07,2026-08-21 09:13:35+07
13878926,Toyota Prius 2014 plug in hybrid option 3,17700.0,17700.0,0.0,0,0.0,0,6.1,0.0,0,Toyota,Prius,2014,used,Tax Paper,Unknown,Unknown,Unknown,,,Phnom Penh,store,798650,Pha AutoCars,2026-08-12 15:55:30+07,2026-08-18 17:19:02.521185+07,2026-08-18 15:55:04+07
13882377,ឡានលក់08ហ្វូលធូវីងឡានថ្មីមូល,12950.0,12950.0,0.0,0,0.0,0,5.1,0.0,0,Unknown,Unknown,2008,used,Tax Paper,Unknown,Unknown,Unknown,,,Phnom Penh,store,83086,HUOT Sengkun,2026-08-13 14:00:16+07,2026-08-18 17:19:02.521185+07,2026-08-18 15:54:09+07
13883571,Highlander 2004 V4 p1 កៅអី៣ជួរ ស្អាត,15900.0,15900.0,0.0,0,0.0,0,3.8,0.0,0,Toyota,Highlander,2004,used,Plate Number,Unknown,Unknown,Unknown,,,Phnom Penh,store,634852,Hong Hong,2026-08-13 20:05:24+07,2026-08-17 15:51:02.680458+07,2026-08-17 14:43:24+07
13887505,Changan CS55 plus លក់បន្ទាន់ 18500$,18500.0,18500.0,0.0,0,0.0,0,6.6,0.0,0,Changan,CS55 Plus,2024,used,Plate Number,Unknown,Unknown,Unknown,,,Phnom Penh,individual,261740,Vitou 01,2026-08-14 20:12:31+07,2026-08-21 09:53:23.576918+07,2026-08-21 09:15:04+07
13889269,Defender 110 021 ម៉ាសុី2.0 V4សាំង,66000.0,66000.0,0.0,0,0.0,0,5.9,0.0,0,Land Rover,Defender 110,2021,used,Plate Number,Unknown,Unknown,Unknown,,,Phnom Penh,individual,595917,Heng,2026-08-15 12:18:11+07,2026-08-21 09:53:06.053366+07,2026-08-20 15:44:22+07
13890127,ឡានលក់ស្អាតម្ចាស់ផ្ទាស់,31000.0,31000.0,0.0,0,0.0,0,5.7,0.0,0,Unknown,Unknown,2023,used,Plate Number,Unknown,Unknown,Unknown,,,Phnom Penh,individual,174194,San Somalin,2026-08-15 16:10:44+07,2026-08-21 09:53:19.758284+07,2026-08-21 09:20:58+07
13891878,ឡានអ្នកជិះចងលក់ Morning 2012,5500.0,5500.0,0.0,0,0.0,0,2.3,0.0,0,Kia,Morning,2012,used,Plate Number,Unknown,Unknown,Unknown,,,Phnom Penh,individual,158105,Somnang,2026-08-16 09:40:13+07,2026-08-18 17:19:04.372424+07,2026-08-18 15:43:36+07
13893434,2019 LAND CRUISER GXR GRAND TOURING FULL OPTION ARAB,76500.0,76500.0,0.0,0,0.0,0,7.8,0.0,0,Toyota,Land Cruiser,2019,used,Plate Number,Unknown,Unknown,Unknown,,,Phnom Penh,store,245403,H99 Auto,2026-08-16 16:02:25+07,2026-08-24 10:36:00.5945+07,2026-08-24 10:15:05+07
13893444,2026 AVATR 07 ELITE FULL OPTION INSTOCK,38500.0,38500.0,0.0,0,0.0,0,4.7,0.0,0,Avatr,Avatr 07,2026,new,Tax Paper,Unknown,Unknown,Unknown,,,Phnom Penh,store,245403,H99 Auto,2026-08-16 16:04:30+07,2026-08-21 09:53:04.830992+07,2026-08-17 08:53:23+07
13893863,2014 Prius Plug-in full Advanced សាកភ្លើង ស្លាយកុងទរ័ JBL ពូកចុច គុជ3 អេក្រង់ធំ,18900.0,18900.0,0.0,0,0.0,0,1.9,0.0,0,Toyota,Prius,2014,used,Tax Paper,Unknown,Unknown,Unknown,,,Phnom Penh,store,100671,L.Y 9999 Auto (page),2026-08-16 18:55:55+07,2026-08-18 17:19:06.252485+07,2026-08-18 15:37:03+07
13895515,Morning 2008 លក់ 5650$ចរចារបាន,5650.0,5650.0,0.0,0,0.0,0,2.0,0.0,0,Kia,Morning,2008,used,Plate Number,Unknown,Unknown,Unknown,,,Phnom Penh,individual,726997,Van Net,2026-08-17 09:42:12+07,2026-08-19 09:48:14.048782+07,2026-08-19 09:28:10+07
13896289,2012 Full ឡានថ្មីដាច់ បេីមកខកជេីងជូនសាហ៊ុយ500$,12900.0,12900.0,0.0,0,0.0,0,6.9,0.0,0,Unknown,Unknown,2012,used,Plate Number,Unknown,Unknown,Unknown,,,Phnom Penh,store,21010,SH Auto car,2026-08-17 11:49:12+07,2026-08-24 10:35:59.607107+07,2026-08-24 10:18:26+07
13896869,Land Rover 2021 Seat VIP Diesel,75000.0,75000.0,0.0,0,0.0,0,6.9,0.0,0,Land Rover,Seat VIP,2021,used,Plate Number,Unknown,Unknown,Unknown,,,Phnom Penh,store,1072003,Phea Phea,2026-08-17 13:54:36+07,2026-08-24 10:36:00.593303+07,2026-08-24 10:15:39+07
13896976,"ឡានមហាថ្មី! EZ 60, ថ្មី 99.99%",31900.0,31900.0,0.0,0,0.0,0,1.1,0.0,0,Unknown,Unknown,2025,used,Plate Number,Unknown,Unknown,Unknown,,,Phnom Penh,individual,145292,Trust User,2026-08-17 14:19:39+07,2026-08-18 17:18:56.72048+07,2026-08-18 16:41:38+07
13897077,ឡានស្អាតនៅថ្មី 29500 ចចារ,29500.0,29500.0,0.0,0,0.0,0,0.0,0.0,0,Unknown,Unknown,2015,used,Plate Number,Unknown,Unknown,Unknown,,,Phnom Penh,individual,519950,Mrr Lay,2026-08-17 14:43:18+07,2026-08-17 15:51:03.564414+07,2026-08-17 14:43:18+07
13897317,Toyota Hiace 2008 សាំង លេខអូតូ ក្រដាសពន្ធ,26500.0,26500.0,0.0,0,0.0,0,0.0,0.0,0,Toyota,HiAce,2008,used,Tax Paper,Unknown,Unknown,Unknown,,,Phnom Penh,store,473305,Jeang Sun,2026-08-17 15:31:54+07,2026-08-17 15:50:53.958177+07,2026-08-17 15:31:54+07
13898263,Corolla 1994,2999.0,2999.0,0.0,0,0.0,0,6.6,0.0,0,Toyota,Corolla,1994,used,Plate Number,Unknown,Unknown,Unknown,,,Siem Reap,individual,1042196,កក្កដា មាស,2026-08-17 20:47:45+07,2026-08-24 10:35:49.62161+07,2026-08-23 18:57:52+07
13899926,NADEN AUTO,8999.0,8999.0,0.0,0,0.0,0,1.0,0.0,0,Unknown,Unknown,2002,used,Plate Number,Unknown,Unknown,Unknown,,,Phnom Penh,store,178985,NADEN AUTO ទិញនិងលក់ រថយន្តគ្រប់ប្រភេទ,2026-08-18 10:50:26+07,2026-08-19 09:48:01.901917+07,2026-08-19 09:45:48+07
13900111,Ford Ranger Raptor 2023 សាំង full option ឡានថ្មី ថ្នាំហ្សុីន100%,55000.0,55000.0,0.0,0,0.0,0,2.9,0.0,0,Ford,Ranger Raptor,2023,used,Plate Number,Unknown,Unknown,Unknown,,,Phnom Penh,store,339943,ភារ៉ា រចនាវត្តី,2026-08-18 11:24:03+07,2026-08-21 09:53:21.103548+07,2026-08-21 09:24:03+07
13901071,2016 Range Rover Vogue up 2022,36500.0,36500.0,0.0,0,0.0,0,2.8,0.0,0,Land Rover,Range Rover Vogue,2016,used,Plate Number,Unknown,Unknown,Unknown,,,Phnom Penh,store,464726,CL69 Auto,2026-08-18 14:37:19+07,2026-08-21 09:53:16.325289+07,2026-08-21 09:30:12+07
13901349,"Prius 207 Full Option  #ផ្តល់ជូនការរៀបចំ13មុខ  និងមានការធានា1ខែ",9700.0,9700.0,0.0,0,0.0,0,0.1,0.0,0,Toyota,Prius,2007,used,Tax Paper,Unknown,Unknown,Unknown,,,Phnom Penh,store,1184535,ឃ្លាំង KM.S Riya លក់រថយន្ដ,2026-08-18 15:33:21+07,2026-08-18 17:19:07.20413+07,2026-08-18 15:33:21+07
13901444,2023~G500~No license plate,275000.0,275000.0,0.0,0,0.0,0,0.1,0.0,0,Mercedes-Benz,G500,2023,new,Tax Paper,Unknown,Unknown,Unknown,,,Phnom Penh,store,1048060,CSAuto Bing,2026-08-18 15:48:38+07,2026-08-18 17:19:03.459664+07,2026-08-18 15:48:38+07
13901576,Avatr 12 ultra 2025,53000.0,53000.0,0.0,0,0.0,0,0.0,0.0,0,Unknown,Unknown,2025,used,Tax Paper,Unknown,Unknown,Unknown,,,Phnom Penh,store,1167246,Ok Auto,2026-08-18 16:13:51+07,2026-08-18 17:19:00.458133+07,2026-08-18 16:13:51+07
13901602,Corolla ឆ្នាំ​98 LE ពណ៌​មាស,3500.0,3500.0,0.0,0,0.0,0,0.0,0.0,0,Toyota,Corolla,1998,used,Plate Number,Unknown,Unknown,Unknown,,,Phnom Penh,individual,114979,Ousa Phea,2026-08-18 16:19:22+07,2026-08-18 17:18:59.540992+07,2026-08-18 16:19:22+07
13901652,RX330 04,12500.0,12500.0,0.0,0,0.0,0,0.0,0.0,0,Lexus,RX330,2004,used,Plate Number,Unknown,Unknown,Unknown,,,Phnom Penh,store,788784,Ny Ny,2026-08-18 16:29:04+07,2026-08-18 17:18:58.596107+07,2026-08-18 16:29:04+07
13901766,AVATR 06 សាំង+អគ្គីសនី ជិះបាន1190km,42500.0,42500.0,0.0,0,0.0,0,0.0,0.0,0,Unknown,Unknown,2025,used,Tax Paper,Unknown,Unknown,Unknown,,,Phnom Penh,store,859638,Lisa Tang,2026-08-18 16:59:06+07,2026-08-18 17:18:54.872942+07,2026-08-18 16:59:06+07
13901771,FORD F-150 Raptor,46000.0,46000.0,0.0,0,0.0,0,0.0,0.0,0,Ford,F-150 Raptor,2017,used,Plate Number,Unknown,Unknown,Unknown,,,Phnom Penh,store,371302,LSR789 Auto,2026-08-18 17:00:55+07,2026-08-18 17:18:53.937947+07,2026-08-18 17:00:55+07
13901778,Alphard 2016 Russia 🇷🇺 ឆ្វេងសុីន,34800.0,34800.0,0.0,0,0.0,0,0.0,0.0,0,Toyota,Alphard,2016,used,Plate Number,Unknown,Unknown,Unknown,,,Phnom Penh,store,306644,Somnang Kong,2026-08-18 17:01:52+07,2026-08-18 17:18:53.937947+07,2026-08-18 17:01:52+07
13903509,Prius 010 អប់សិនបីសរឡាឡានស្អាត 14500$ដាច់ 0968793333,14500.0,14500.0,0.0,0,0.0,0,0.0,0.0,0,Toyota,Prius,2010,used,Plate Number,Unknown,Unknown,Unknown,,,Phnom Penh,individual,1285780,No Mc,2026-08-19 09:46:06+07,2026-08-19 09:48:01.901244+07,2026-08-19 09:46:06+07
13904107,ធានាឡានស្អាត់,25500.0,25500.0,0.0,0,0.0,0,1.9,0.0,0,Unknown,Unknown,2017,used,Tax Paper,Unknown,Unknown,Unknown,,,Phnom Penh,store,1109733,Heng Heng,2026-08-19 11:31:42+07,2026-08-21 09:53:18.611504+07,2026-08-21 09:28:03+07
13904315,លក់បន្ទាន់​ 2018 VIP full camera 360 តាឡូហ្សិនដៃលរខហ្សិនថ្នាំហ្សិនមួយជុំម្ចាស់ដេីមទី1ខ្មែនៅថ្មី,38500.0,38500.0,0.0,0,0.0,0,4.9,0.0,0,Unknown,Unknown,2018,used,Plate Number,Unknown,Unknown,Unknown,,,Phnom Penh,store,88526,Ly John,2026-08-19 12:20:26+07,2026-08-24 10:36:06.631091+07,2026-08-24 09:51:48+07
13906043,🔥TeslaModelY2021DualMotorLongRange កាន់💰10000$💸ដកឡានភ្លាមបង់រំលស់ជាមួយឃ្លាំងផ្ទាល់,28500.0,28500.0,0.0,0,0.0,0,4.5,0.0,0,Unknown,Unknown,2021,new,Tax Paper,Unknown,Unknown,Unknown,,,Phnom Penh,store,459123,MCS AUTO 2,2026-08-19 22:28:06+07,2026-08-24 10:36:05.643804+07,2026-08-24 10:00:18+07
13908421,2017 full premium ឡានកាលីសុទ្ធអត់ច្រេះ 24900$,24900.0,24900.0,0.0,0,0.0,0,0.1,0.0,0,Unknown,Unknown,2017,used,Tax Paper,Unknown,Unknown,Unknown,,,Phnom Penh,store,822030,79 Auto car,2026-08-20 14:24:20+07,2026-08-20 15:37:44.218911+07,2026-08-20 14:24:20+07
13908523,Prius 2004,7600.0,7600.0,0.0,0,0.0,0,0.0,0.0,0,Toyota,Prius,2004,used,Plate Number,Unknown,Unknown,Unknown,,,Phnom Penh,individual,1321616,Catherinena,2026-08-20 14:48:02+07,2026-08-20 15:37:39.455959+07,2026-08-20 14:48:02+07
13910611,04 ប៉ុងភ្លើង ម្ចាស់ដើមទី១ ឡានស្អាត់ សាច់ខ្ចី តម្លៃ9800$ត,9800.0,9800.0,0.0,0,0.0,0,0.0,0.0,0,Unknown,Unknown,2004,used,Plate Number,Unknown,Unknown,Unknown,,,Battambang,individual,365879,Mr peou Kong,2026-08-21 09:26:23+07,2026-08-21 09:53:17.468443+07,2026-08-21 09:26:23+07
13910672,ថ្មីនោះថ្មី Mazda2 2018 ម្ចាស់ដើមប្រើថែណាស់ធានាបងបងទិញប្រើមិនស្តាយលុយ,12500.0,12500.0,0.0,0,0.0,0,0.0,0.0,0,Mazda,Mazda2,2018,used,Plate Number,Unknown,Unknown,Unknown,,,Phnom Penh,store,220959,Tong Tong Sale Car,2026-08-21 09:37:57+07,2026-08-21 09:53:08.541621+07,2026-08-21 09:37:57+07
13910685,Lx 470 2001 ម្ចាស់ដើម,12500.0,12500.0,0.0,0,0.0,0,0.0,0.0,0,Lexus,Lx 470,2001,used,Plate Number,Unknown,Unknown,Unknown,,,Kampot,individual,457965,An Lerk,2026-08-21 09:40:41+07,2026-08-21 09:53:11.211712+07,2026-08-21 09:40:41+07
13912336,ឡានលក់ឆ្នាំ01ប៉ុង1បងប្អូនត្រូវការទាក់ទងមកដំឡៃ8300$តេឡេក្រាម098311021,8300.0,8300.0,0.0,0,0.0,0,2.8,0.0,0,Unknown,Unknown,2001,used,Plate Number,Unknown,Unknown,Unknown,,,Phnom Penh,individual,838815,ម៉ៅ តុងថៃ,2026-08-21 15:15:27+07,2026-08-24 10:35:58.601508+07,2026-08-24 10:02:04+07
13201930,Toyota Tundra ឆ្នាំ2020 *1794* Edition ម្ចាស់ដើម សោ2គ្រាប់ ទឹកថ្នាំស្រុិនម៉ាជុំ100%,64800.0,64800.0,0.0,0,0.0,0,179.1,0.0,0,Toyota,Tundra,2020,used,Plate Number,Unknown,Unknown,Unknown,,,Phnom Penh,store,166337,Sreylin Hout,2026-02-20 15:27:25+07,2026-08-18 17:19:03.459664+07,2026-08-18 15:50:03+07
13216122,Denza N8L 2025,79999.0,79999.0,0.0,0,0.0,0,177.2,0.0,0,Denza,N8,2025,new,Tax Paper,Unknown,Unknown,Unknown,,,Phnom Penh,store,1236799,ANKEN AUTO,2026-02-24 10:06:29+07,2026-08-20 15:37:29.395234+07,2026-08-20 15:31:01+07
13246264,Bentley Flying Spur Full ដំបូលផ្កាយ ឆ្នាំ2015,49500.0,49500.0,0.0,0,0.0,0,166.8,0.0,0,Unknown,Unknown,2015,used,Plate Number,Unknown,Unknown,Unknown,,,Phnom Penh,individual,982137,MengHour Choun,2026-03-03 21:36:04+07,2026-08-17 15:51:01.679785+07,2026-08-17 14:54:04+07
13252228,ឡានលក់,26300.0,26300.0,0.0,0,0.0,0,166.3,0.0,0,Unknown,Unknown,2022,used,Plate Number,Unknown,Unknown,Unknown,,,Phnom Penh,store,586422,Oun Maren,2026-03-05 10:50:57+07,2026-08-18 17:19:00.456129+07,2026-08-18 16:15:06+07
13269428,លក់FORD RANGER wildrak 2017ថ្នាំសុីនមួយជុំ,27800.0,27800.0,0.0,0,0.0,0,167.6,0.0,0,Ford,Ranger,2017,used,Plate Number,Unknown,Unknown,Unknown,,,Phnom Penh,store,185957,Sokkea Lay,2026-03-09 21:08:45+07,2026-08-24 10:36:07.608563+07,2026-08-24 09:50:05+07
13275048,Audi R8 year 2014 Tax pepper,98000.0,98000.0,0.0,0,0.0,0,162.2,0.0,0,Audi,R8,2014,used,Tax Paper,Unknown,Unknown,Unknown,,,Phnom Penh,store,1008710,HAWON AUTOCAR,2026-03-11 09:54:57+07,2026-08-20 15:37:27.815754+07,2026-08-20 15:25:02+07
13292614,លក់រថយន្តព្រូសឡានប្រើផ្ទាល់ខ្លួន,9000.0,9000.0,0.0,0,0.0,0,156.7,0.0,0,Unknown,Unknown,2006,used,Plate Number,Unknown,Unknown,Unknown,,,Phnom Penh,individual,162857,Sengkim Sengkim168,2026-03-15 15:50:42+07,2026-08-19 09:48:03.343997+07,2026-08-19 09:45:16+07
13305033,Prius 012 Option 3(តម្លៃចរចារ),17500.0,17500.0,0.0,0,0.0,0,155.9,0.0,0,Toyota,Prius,2012,used,Tax Paper,Unknown,Unknown,Unknown,,,Phnom Penh,store,336191,Much Chamroeun,2026-03-18 12:22:32+07,2026-08-21 09:53:15.007887+07,2026-08-21 09:40:55+07
13393743,ហុីយុនដាយបីតោនកន្លះឆ្នាំ01ម៉ាសុីនធំប្រអប់លេខធំទូរបើកស្លាប ជើងក្រោម5តោនមុខក្រោយ,17000.0,17000.0,0.0,0,0.0,0,131.7,0.0,0,Unknown,Unknown,2001,used,Plate Number,Unknown,Unknown,Unknown,,,Phnom Penh,store,334620,ព្រុំ សា វឿន,2026-04-09 17:40:59+07,2026-08-19 09:48:15.438161+07,2026-08-19 09:30:08+07
13402930,Lexus LX570 2019,109000.0,109000.0,0.0,0,0.0,0,132.8,0.0,0,Lexus,LX570,2019,used,Plate Number,Unknown,Unknown,Unknown,,,Siem Reap,store,298332,kheang Kheang,2026-04-13 15:28:47+07,2026-08-24 10:36:08.601393+07,2026-08-24 09:48:38+07
13444465,BAW 212 T01 off-road full option Year 2025,43500.0,43500.0,0.0,0,0.0,0,113.1,0.0,0,Unknown,Unknown,2025,new,Tax Paper,Unknown,Unknown,Unknown,,,Phnom Penh,store,1072003,Phea Phea,2026-04-26 13:38:08+07,2026-08-17 15:51:03.595391+07,2026-08-17 14:42:03+07
13468971,Mercedes Benz C300 AMG 2015,31500.0,31500.0,0.0,0,0.0,0,110.8,0.0,0,Mercedes-Benz,C300,2015,used,Tax Paper,Unknown,Unknown,Unknown,,,Phnom Penh,store,1082485,LEPREMIUM AUTO,2026-05-02 14:30:44+07,2026-08-21 09:53:16.32386+07,2026-08-21 09:30:12+07
13470711,TOYOTA Prius2014Blugin 0ption3 ឈ្មោះម្ចាស់ផ្ទាល់មេឡានមិនបុកមិនប៉ះមិនច្រេះឡានមូលសុីនមួយជុំតំលៃចចារ,19500.0,19500.0,0.0,0,0.0,0,106.3,0.0,0,Toyota,Prius2014Blugin 0ption3 ឈ្មោះម្ចាស់ផ្ទាល់មេឡានមិនបុកមិនប៉ះមិនច្រេះឡានមូលសុីនមួយជុំតំលៃចចារ,2014,used,Plate Number,Unknown,Unknown,Unknown,,,Kandal,individual,621093,Na Yut,2026-05-03 08:25:45+07,2026-08-17 15:50:50.1793+07,2026-08-01 16:03:02+07
13480596,Mercedes Benz C300 2015 AMG Line,28800.0,28800.0,0.0,0,0.0,0,105.6,0.0,0,Mercedes-Benz,C300,2015,used,Tax Paper,Unknown,Unknown,Unknown,,,Phnom Penh,store,775744,TS 888 Auto Car,2026-05-05 18:13:09+07,2026-08-19 09:48:15.438319+07,2026-08-19 09:30:08+07
13481111,Cars and Vehicles,98000.0,98000.0,0.0,0,0.0,0,110.5,0.0,0,Unknown,Unknown,2016,used,Tax Paper,Unknown,Unknown,Unknown,,,Phnom Penh,store,262420,LD9 Auto Car,2026-05-05 21:48:10+07,2026-08-24 10:35:58.603354+07,2026-08-24 10:02:03+07
13483212,មកដល់ថ្មីៗ LEXUS RX330 H Full ប៉ុង1,17300.0,17300.0,0.0,0,0.0,0,109.9,0.0,0,Lexus,RX330,2004,used,Plate Number,Unknown,Unknown,Unknown,,,Phnom Penh,store,420287,តោ ហ៊ា,2026-05-06 12:07:13+07,2026-08-24 10:36:06.631091+07,2026-08-24 09:51:17+07
13511030,"Option F-Spot Kia Morning $8,650",8650.0,8650.0,0.0,0,0.0,0,97.3,0.0,0,Kia,Morning,2012,used,Tax Paper,Unknown,Unknown,Unknown,,,Phnom Penh,store,284758,Vet UtDom,2026-05-13 08:58:54+07,2026-08-18 17:18:53.941945+07,2026-08-18 17:00:06+07
13525628,លក់mitsubishi triton 2016 full option ឆ្វេងសុីនឡានស្អាតអត់បុក,22800.0,22800.0,0.0,0,0.0,0,96.7,0.0,0,Mitsubishi,Triton,2016,used,Plate Number,Unknown,Unknown,Unknown,,,Phnom Penh,store,185957,Sokkea Lay,2026-05-16 16:53:00+07,2026-08-21 09:53:26.238674+07,2026-08-21 09:11:01+07
13537438,BMW I5 E-Drive35L EV 2024,54000.0,54000.0,0.0,0,0.0,0,94.0,0.0,0,BMW,I5 E-Drive35L EV,2024,new,Tax Paper,Unknown,Unknown,Unknown,,,Phnom Penh,store,475016,ITH RATHANA,2026-05-19 10:19:13+07,2026-08-21 09:53:26.242312+07,2026-08-21 09:10:05+07
13538886,Avatr 07 2026,36800.0,36800.0,0.0,0,0.0,0,93.1,0.0,0,Avatr,Avatr 07,2026,new,Tax Paper,Unknown,Unknown,Unknown,,,Phnom Penh,store,9557,Vicheth Damardi,2026-05-19 14:02:07+07,2026-08-20 15:37:51.426139+07,2026-08-20 14:02:03+07
13552328,TOYOTA ALPHARD EXECUTIVE LOUNGE,39500.0,39500.0,0.0,0,0.0,0,90.9,0.0,0,Toyota,Alphard,2016,used,Plate Number,Unknown,Unknown,Unknown,,,Phnom Penh,store,340708,VMP AUTO,2026-05-22 13:11:22+07,2026-08-21 09:53:26.23843+07,2026-08-21 09:11:01+07
13577263,Ford Ecosport 021 Full Option ម្ចាស់ដើមទី1 ទឹកថ្នាំZinម៉ាជុំ,15700.0,15700.0,0.0,0,0.0,0,87.9,0.0,0,Ford,EcoSport,2021,used,Plate Number,Unknown,Unknown,Unknown,,,Phnom Penh,store,1022793,Bun Sak,2026-05-28 12:51:23+07,2026-08-24 10:36:01.62584+07,2026-08-24 10:00:18+07
13579219,LEXUS NX 200T Fsport ឆ្នាំ015 5បេតុង ក្នុងឈឺរី🍒,32900.0,32900.0,0.0,0,0.0,0,87.6,0.0,0,Lexus,NX200t,2015,used,Tax Paper,Unknown,Unknown,Unknown,,,Phnom Penh,store,705579,meng Shong,2026-05-28 20:07:27+07,2026-08-24 10:35:59.607107+07,2026-08-24 10:18:02+07
13580310,Porsche Panamera 2017 New Tax Paper,85000.0,85000.0,0.0,0,0.0,0,82.0,0.0,0,Porsche,Panamera,2017,used,Tax Paper,Unknown,Unknown,Unknown,,,Phnom Penh,store,145192,H168 Auto,2026-05-29 08:38:13+07,2026-08-19 09:48:20.912236+07,2026-08-19 09:20:06+07
13585984,Porsche Panamera 4s 2014 Full Option,38828.0,38828.0,0.0,0,0.0,0,82.1,0.0,0,Porsche,Panamera,2014,used,Plate Number,Unknown,Unknown,Unknown,,,Phnom Penh,store,255293,KS AUTO,2026-05-30 12:37:39+07,2026-08-20 15:37:46.963829+07,2026-08-20 14:22:02+07
13606966,⭐️ Wow Wow ស្តុកថ្មីតម្លៃថ្មីជាមួយ Madel Deepal S05 Options Ultr,26800.0,26800.0,0.0,0,0.0,0,77.8,0.0,0,Changan,Deepal S05,2026,new,Tax Paper,Unknown,Unknown,Unknown,,,Phnom Penh,store,1246782,𝐂𝐑 𝐀𝐮𝐭𝐨 -𝐁𝐲 𝐒𝐞𝐧𝐠 𝐇𝐢𝐞𝐧𝐠,2026-06-04 14:31:59+07,2026-08-21 09:53:23.575059+07,2026-08-21 09:15:04+07
13607227,ចុងឆ្នាំ២០២១,31500.0,31500.0,0.0,0,0.0,0,75.1,0.0,0,Unknown,Unknown,2021,used,Plate Number,Unknown,Unknown,Unknown,,,Kandal,individual,1031206,Vathana Ly,2026-06-04 15:17:44+07,2026-08-18 17:18:52.997731+07,2026-08-18 17:08:14+07
13608242,Gs 300 Full options (ប៉ុង2),13900.0,13900.0,0.0,0,0.0,0,77.6,0.0,0,Unknown,Unknown,2006,used,Plate Number,Unknown,Unknown,Unknown,,,Phnom Penh,store,842842,CC TM,2026-06-04 20:33:14+07,2026-08-21 09:53:09.873892+07,2026-08-21 09:49:34+07
13611288,2015 up 2021 Range Rover vogue Full option 🚘,23500.0,23500.0,0.0,0,0.0,0,74.8,0.0,0,Land Rover,Range Rover,2015,used,Plate Number,Unknown,Unknown,Unknown,,,Phnom Penh,store,464726,CL69 Auto,2026-06-05 14:49:51+07,2026-08-19 09:48:15.438562+07,2026-08-19 09:30:08+07
13611864,LEXUS ES300H Full Premium ឆ្នាំ 2013 ពណ៍ប្រផេះ ក្នុងខ្មៅ,26900.0,26900.0,0.0,0,0.0,0,76.0,0.0,0,Lexus,ES300h,2013,used,Tax Paper,Unknown,Unknown,Unknown,,,Phnom Penh,store,337337,PT99 AUTO,2026-06-05 16:23:43+07,2026-08-20 15:37:32.537288+07,2026-08-20 15:05:10+07
13614904,Ford ranger XLS,29000.0,29000.0,0.0,0,0.0,0,73.8,0.0,0,Ford,Ranger XLS,2022,used,Plate Number,Unknown,Unknown,Unknown,,,Phnom Penh,individual,1286406,An Phea,2026-06-06 14:00:24+07,2026-08-19 09:48:20.914003+07,2026-08-19 09:19:45+07
13634652,RX450H Full option គុជ៣សុីន,27500.0,27500.0,0.0,0,0.0,0,74.0,0.0,0,Lexus,RX450H,2010,used,Plate Number,Unknown,Unknown,Unknown,,,Phnom Penh,store,712157,Heng Heng,2026-06-11 11:22:39+07,2026-08-24 10:35:53.577764+07,2026-08-24 10:22:01+07
13640545,Toyota Camry2007 ហ្វូលពេញ ម្ចាស់ដើម,15600.0,15600.0,0.0,0,0.0,0,67.0,0.0,0,Toyota,Camry2007 ហ្វូលពេញ,2007,used,Plate Number,Unknown,Unknown,Unknown,,,Phnom Penh,store,127674,Eric 289,2026-06-12 16:33:09+07,2026-08-18 17:18:56.72048+07,2026-08-18 16:45:23+07
13657543,"✅ទើបមកដល់ថ្មីរៀបចំម៉ាស្អាតលក់តែ:$18,800🚘 2014 Plug-in ពណ៍ប្រផេះ ប្រភេទសាកភ្លើង",18800.0,18800.0,0.0,0,0.0,0,64.4,0.0,0,Toyota,Prius,2014,used,Tax Paper,Unknown,Unknown,Unknown,,,Phnom Penh,store,100671,L.Y 9999 Auto (page),2026-06-17 05:23:37+07,2026-08-20 15:37:48.537574+07,2026-08-20 14:23:03+07
13663182,ហុីយុនដាយបីតោនកន្លះឆ្នាំ06,15500.0,15500.0,0.0,0,0.0,0,63.9,0.0,0,Unknown,Unknown,2006,used,Plate Number,Unknown,Unknown,Unknown,,,Phnom Penh,store,334620,ព្រុំ សា វឿន,2026-06-18 11:23:54+07,2026-08-21 09:53:26.243208+07,2026-08-21 09:10:05+07
13669605,Denza N9 2025 New 95%,86500.0,86500.0,0.0,0,0.0,0,59.8,0.0,0,Unknown,Unknown,2025,used,Plate Number,Unknown,Unknown,Unknown,,,Phnom Penh,store,371744,Premium auto,2026-06-19 21:28:16+07,2026-08-18 17:18:59.540992+07,2026-08-18 16:19:19+07
13671975,LM350h 2026 7កៅអី ខ្លាញ់គោ ក្នុងខ្មៅ Europe,233000.0,233000.0,0.0,0,0.0,0,61.8,0.0,0,Lexus,LM350h,2026,new,Tax Paper,Unknown,Unknown,Unknown,,,Phnom Penh,store,436824,NTN99 AUTO SHOP,2026-06-20 13:54:36+07,2026-08-21 09:53:13.862316+07,2026-08-21 09:33:03+07
13677067,ឡានលក់ឆ្នាំ04 ម៉ាស៊ីន4 ប៉ុង1 កៅអី3ជួល កៅអីចុច ក្នុងលឿង និង មានម៉ាស៊ីនត្រជាក់មុខក្រោយ ពណ៌មាស,17500.0,17500.0,0.0,0,0.0,0,57.7,0.0,0,Unknown,Unknown,2004,used,Plate Number,Unknown,Unknown,Unknown,,,Phnom Penh,store,207563,ផាន់ អាម៉ាដា,2026-06-21 23:57:59+07,2026-08-18 17:19:01.602264+07,2026-08-18 16:00:11+07
13678096,GAC Aion i60 EV 650KM,22800.0,22800.0,0.0,0,0.0,0,59.2,0.0,0,GAC,Aion i60 EV,2026,new,Tax Paper,Unknown,Unknown,Unknown,,,Phnom Penh,store,1286497,litianze li,2026-06-22 10:01:17+07,2026-08-20 15:37:46.961942+07,2026-08-20 14:22:52+07
13682477,Porche panamera 2017 អាចវៃដូរឡានបាន,83500.0,83500.0,0.0,0,0.0,0,56.3,0.0,0,Porsche,Panamera,2017,used,Tax Paper,Unknown,Unknown,Unknown,,,Phnom Penh,store,371744,Premium auto,2026-06-23 09:43:14+07,2026-08-18 17:18:59.542008+07,2026-08-18 16:19:12+07
13687689,Lexus Rx350.2010 Full ប៉ុង​1 សកាំម៉ៃ​ ក្នុងលឿង​ (ហ្វួលពេញ​),29500.0,29500.0,0.0,0,0.0,0,55.9,0.0,0,Lexus,RX350,2010,used,Plate Number,Unknown,Unknown,Unknown,,,Phnom Penh,store,193430,ហេង​ហេង99 ហេង​ 99 ឃ្លាំង​លក់ឡានហេងហេង99,2026-06-24 11:38:27+07,2026-08-19 09:48:20.915283+07,2026-08-19 09:19:04+07
13692682,RX 300 full ពេញ coach edition ឆ្នាំ 02,12900.0,12900.0,0.0,0,0.0,0,54.9,0.0,0,Unknown,Unknown,2002,used,Plate Number,Unknown,Unknown,Unknown,,,Phnom Penh,store,238516,Khemra,2026-06-25 11:39:39+07,2026-08-19 09:48:04.74951+07,2026-08-19 09:43:35+07
13692927,Ford Wildtrak 2019 ថ្មីណាស់,33500.0,33500.0,0.0,0,0.0,0,59.9,0.0,0,Ford,Ranger Wildtrak,2019,used,Plate Number,Unknown,Unknown,Unknown,,,Siem Reap,store,298332,kheang Kheang,2026-06-25 12:30:20+07,2026-08-24 10:36:08.601393+07,2026-08-24 09:48:28+07
13697497,ឡានដឹកលក់ប្រញ៉ាប់លុយ,5800.0,5800.0,0.0,0,0.0,0,55.1,0.0,0,Unknown,Unknown,2000,used,Plate Number,Unknown,Unknown,Unknown,,,Kampong Speu,store,539634,យឹម វណ្ណឌី,2026-06-26 13:44:52+07,2026-08-20 15:37:42.602855+07,2026-08-20 14:30:10+07
13707931,ឡានស្អាតម្ចាស់ដើម,32500.0,32500.0,0.0,0,0.0,0,50.9,0.0,0,Unknown,Unknown,2014,used,Plate Number,Unknown,Unknown,Unknown,,,Phnom Penh,store,465000,PM 8989,2026-06-29 11:13:57+07,2026-08-19 09:48:03.341741+07,2026-08-19 09:45:17+07
13712148,Kia Carnival 020 ឡានក្រុមហ៊ុន full option ថ្មីដាច់,24000.0,24000.0,0.0,0,0.0,0,54.9,0.0,0,Kia,Carnival,2020,used,Plate Number,Unknown,Unknown,Unknown,,,Phnom Penh,store,339943,ភារ៉ា រចនាវត្តី,2026-06-30 11:48:58+07,2026-08-24 10:36:08.596235+07,2026-08-24 09:49:03+07
13713472,Camry LE 02 ABS,8200.0,8500.0,300.0,1,0.0,0,51.7,0.0,0,Toyota,Camry,2002,used,Plate Number,Unknown,Unknown,Unknown,,,Phnom Penh,individual,594564,Sok Khet,2026-06-30 16:27:27+07,2026-08-21 09:53:19.754235+07,2026-08-21 09:22:42+07
13717442,Avatr 06T Max 2026 (មានស្តុកស្រាប់),44500.0,44500.0,0.0,0,0.0,0,48.1,0.0,0,Unknown,Unknown,2026,new,Tax Paper,Unknown,Unknown,Unknown,,,Phnom Penh,store,1105127,VANDY SENG,2026-07-01 16:05:15+07,2026-08-18 17:18:54.870805+07,2026-08-18 17:00:06+07
13720948,KIA RAY 2016,7950.0,7950.0,0.0,0,0.0,0,46.1,0.0,0,Kia,RAY,2016,used,Plate Number,Unknown,Unknown,Unknown,,,Phnom Penh,individual,412364,Bong Bee Boy,2026-07-02 14:09:31+07,2026-08-17 15:51:00.754488+07,2026-08-17 14:56:02+07
13723248,2019 Kia Picanto,12800.0,12800.0,0.0,0,0.0,0,48.3,0.0,0,Kia,Picanto,2019,used,Plate Number,Unknown,Unknown,Unknown,,,Phnom Penh,store,1286497,litianze li,2026-07-03 08:58:09+07,2026-08-20 15:37:46.961512+07,2026-08-20 14:22:58+07
13730698,Rx330 ពាក់កណ្ដាលFull ប៉ុង១,22500.0,22500.0,0.0,0,0.0,0,43.3,0.0,0,Lexus,RX330,2004,used,Plate Number,Unknown,Unknown,Unknown,,,Phnom Penh,store,388346,p-10365366,2026-07-05 09:04:46+07,2026-08-17 15:51:03.564414+07,2026-08-17 14:43:14+07
13731486,ឡានលក់,9200.0,9200.0,0.0,0,0.0,0,46.1,0.0,0,Unknown,Unknown,2001,used,Plate Number,Unknown,Unknown,Unknown,,,Kampong Speu,store,539634,យឹម វណ្ណឌី,2026-07-05 12:14:13+07,2026-08-20 15:37:30.972621+07,2026-08-20 15:30:09+07
13732595,លក់,7550.0,7550.0,0.0,0,0.0,0,44.7,0.0,0,Unknown,Unknown,2003,used,Plate Number,Unknown,Unknown,Unknown,,,Kandal,store,735118,kim hak,2026-07-05 17:43:27+07,2026-08-19 09:48:03.340001+07,2026-08-19 09:45:45+07
13736157,"Travo L-Edition 2027 តម្លៃ 39,900$",39900.0,39900.0,0.0,0,0.0,0,43.1,0.0,0,Unknown,Unknown,2027,new,Tax Paper,Unknown,Unknown,Unknown,,,Phnom Penh,store,333401,TOYOTA AWS ផ្នែកលក់រថយន្ដថ្មី ខ្លាញ់គោ,2026-07-06 15:10:06+07,2026-08-18 17:18:58.598111+07,2026-08-18 16:24:03+07
13738309,Palisades 2027,84900.0,84900.0,0.0,0,0.0,0,44.3,0.0,0,Unknown,Unknown,2027,new,Tax Paper,Unknown,Unknown,Unknown,,,Phnom Penh,store,477448,Va Seanghor,2026-07-07 08:45:41+07,2026-08-20 15:37:29.394683+07,2026-08-20 15:31:38+07
13742655,🔥AUDIA8L តួវែង013V6សាំង បេីកដំបូលកៅអុីម៉ាស្សា optionVIP ម៉ាសុីនប្រអប់លេខអ៊ែម,17500.0,17500.0,0.0,0,0.0,0,47.1,0.0,0,Unknown,Unknown,2013,used,Plate Number,Unknown,Unknown,Unknown,,,Phnom Penh,store,459645,MCS AUTO,2026-07-08 09:05:53+07,2026-08-24 10:36:01.62584+07,2026-08-24 10:00:18+07
13745990,Prius 2008 full na map,12700.0,12700.0,0.0,0,0.0,0,39.8,0.0,0,Toyota,Prius,2008,used,Tax Paper,Unknown,Unknown,Unknown,,,Phnom Penh,individual,1302359,K S P,2026-07-08 21:12:46+07,2026-08-17 15:50:55.833094+07,2026-08-17 15:21:43+07
13753295,Toyota Hilux Rally ឆ្នាំ 2023 ថ្មីណាស់,44500.0,44500.0,0.0,0,0.0,0,41.0,0.0,0,Toyota,Hilux,2023,used,Plate Number,Unknown,Unknown,Unknown,,,Phnom Penh,individual,899158,MH Auto,2026-07-10 15:30:01+07,2026-08-20 15:37:39.453461+07,2026-08-20 14:50:01+07
13762542,Ford2023,43800.0,43800.0,0.0,0,0.0,0,39.0,0.0,0,Ford,Unknown,2023,used,Plate Number,Unknown,Unknown,Unknown,,,Phnom Penh,store,1143169,Hour Lyly,2026-07-13 09:13:53+07,2026-08-21 09:53:23.57977+07,2026-08-21 09:14:02+07
13767404,ឡានលក់Kia Morning ឆ្នាំ០១២​ សោរ​ តំលៃ79009ចរចារ,7900.0,7900.0,0.0,0,0.0,0,36.0,0.0,0,Kia,Morning,2012,used,Plate Number,Unknown,Unknown,Unknown,,,Siem Reap,individual,189268,Thunny Rambo,2026-07-14 10:49:46+07,2026-08-19 09:48:22.301713+07,2026-08-19 09:17:17+07
13771174,Toyota Prius 2010 Options 3 កាត់បានពីម្ចាស់ដើមទី១,14900.0,14900.0,0.0,0,0.0,0,40.0,0.0,0,Toyota,Prius,2010,used,Plate Number,Unknown,Unknown,Unknown,,,Phnom Penh,store,592215,Thearith Nhen,2026-07-15 10:21:17+07,2026-08-24 10:35:54.568358+07,2026-08-24 10:21:02+07
13772743,MAZDA EZ-6 Hybrid 2025,36500.0,36500.0,0.0,0,0.0,0,36.0,0.0,0,Mazda,EZ-6,2025,new,Tax Paper,Unknown,Unknown,Unknown,,,Phnom Penh,store,1081857,Chealing You,2026-07-15 15:49:35+07,2026-08-20 15:37:49.860499+07,2026-08-20 14:16:29+07
13775364,សាំង ហ្គាស Kia Ray 2012 key LPG ឡានស្អាត ហ្សិន ១ ជុំ,8200.0,8200.0,0.0,0,0.0,0,36.0,0.0,0,Kia,Ray,2012,used,Tax Paper,Unknown,Unknown,Unknown,,,Phnom Penh,store,94595,Hour Longpheng,2026-07-16 10:59:53+07,2026-08-21 09:53:22.428819+07,2026-08-21 09:17:02+07
13778749,Car for sell,14000.0,14000.0,0.0,0,0.0,0,31.2,0.0,0,Unknown,Unknown,2003,used,Plate Number,Unknown,Unknown,Unknown,,,Phnom Penh,store,1181888,បុត្រ Sereyboth,2026-07-17 10:03:50+07,2026-08-17 15:51:02.630305+07,2026-08-17 14:49:10+07
13782551,ឡានលក់ម្ចាស់ដើមជិះផ្ទាល់ ទើបតែទិញ,11250.0,11250.0,0.0,0,0.0,0,34.0,0.0,0,Unknown,Unknown,2007,used,Plate Number,Unknown,Unknown,Unknown,,,Phnom Penh,individual,1195718,Kheang Hak,2026-07-18 10:37:39+07,2026-08-21 09:53:17.466496+07,2026-08-21 09:27:02+07
13784836,2024 COROLLA CROSS HEV,40900.0,40900.0,0.0,0,0.0,0,31.5,0.0,0,Toyota,Corolla Cross,2024,used,Plate Number,Unknown,Unknown,Unknown,,,Phnom Penh,store,519591,តាំង​ ម៉េងស្រ៊ុន,2026-07-18 20:58:52+07,2026-08-19 09:48:10.237818+07,2026-07-18 20:58:52+07
13796602,Toyota Prius 07 full No map,11800.0,11800.0,0.0,0,0.0,0,30.1,0.0,0,Toyota,Prius,2007,used,Plate Number,Unknown,Unknown,Unknown,,,Phnom Penh,store,536355,3885 Auto Car,2026-07-22 07:53:27+07,2026-08-21 09:53:18.60423+07,2026-08-21 09:30:12+07
13797854,💥 TOYOTA_PRIUS_2009_FNN មាស ស្លាកលេខ,12200.0,12200.0,0.0,0,0.0,0,26.2,0.0,0,Unknown,Unknown,2009,used,Plate Number,Unknown,Unknown,Unknown,,,Phnom Penh,store,25911,Visot Tun,2026-07-22 11:31:31+07,2026-08-17 15:50:59.807589+07,2026-08-17 15:00:10+07
13800815,LC_80series_1996 (ស្តាំ),10000.0,10000.0,0.0,0,0.0,0,25.3,0.0,0,Unknown,Unknown,1996,used,Plate Number,Unknown,Unknown,Unknown,,,Phnom Penh,store,331213,Lak Veth,2026-07-23 08:45:29+07,2026-08-17 15:50:57.890544+07,2026-08-17 15:05:46+07
13801168,2006 Toyota Highlander V4,20800.0,20800.0,0.0,0,0.0,0,25.2,0.0,0,Toyota,Highlander,2006,used,Plate Number,Unknown,Unknown,Unknown,,,Phnom Penh,store,843591,MR 99,2026-07-23 09:54:22+07,2026-08-17 15:50:57.859102+07,2026-08-17 15:07:01+07
13802476,Pruis  023 XLE  33000 ចរចា,33000.0,33000.0,0.0,0,0.0,0,28.0,0.0,0,Toyota,Prius,2023,used,Tax Paper,Unknown,Unknown,Unknown,,,Phnom Penh,store,815876,Sombo Heng,2026-07-23 14:26:41+07,2026-08-20 15:37:41.026052+07,2026-08-20 14:31:04+07
13804622,Ford Ranger Wildtrak 2022 ថ្មីខ្លាំងធានាអត់បាញ់,35800.0,35800.0,0.0,0,0.0,0,28.0,0.0,0,Ford,Ranger Wildtrak,2022,used,Plate Number,Unknown,Unknown,Unknown,,,Phnom Penh,store,862400,ជូ អ៊ូ ជិញ,2026-07-24 09:07:21+07,2026-08-21 09:53:21.102767+07,2026-08-21 09:24:54+07
13809268,Camry ឆ្នាំ2003 LE,9850.0,9850.0,0.0,0,0.0,0,24.9,0.0,0,Toyota,Camry,2003,used,Plate Number,Unknown,Unknown,Unknown,,,Phnom Penh,store,386106,Channy p-78678277,2026-07-25 12:15:14+07,2026-08-19 09:48:06.124582+07,2026-08-19 09:32:49+07
13812433,07ពាក់កណ្ដាលហ្វូលអត់បុកប៉ះអត់ច្រេះអាគុយABSអេមធានាឡានស្អាត,11200.0,11200.0,0.0,0,0.0,0,23.9,0.0,0,Unknown,Unknown,2007,used,Plate Number,Unknown,Unknown,Unknown,,,Phnom Penh,individual,791772,បង កាក់,2026-07-26 12:30:20+07,2026-08-19 09:48:12.668164+07,2026-08-19 09:28:44+07
13813512,ឡានថ្មី ទើបកាត់បាន,22800.0,22800.0,0.0,0,0.0,0,25.7,0.0,0,Unknown,Unknown,2007,used,Plate Number,Unknown,Unknown,Unknown,,,Phnom Penh,store,613568,Virak som,2026-07-26 17:08:01+07,2026-08-21 09:53:21.101908+07,2026-08-21 09:25:05+07
13813526,Juke FULL 3មុឺនម៉ៃ ប៉ុង2 ABS Turbo,13000.0,13000.0,0.0,0,0.0,0,24.9,0.0,0,Nissan,Juke,2013,used,Plate Number,Unknown,Unknown,Unknown,,,Phnom Penh,individual,566703,Ly Dara,2026-07-26 17:16:01+07,2026-08-20 15:37:39.44827+07,2026-08-20 14:55:10+07
13814403,Lexus lx570,50000.0,50000.0,0.0,0,0.0,0,28.1,0.0,0,Lexus,LX570,2011,used,Plate Number,Unknown,Unknown,Unknown,,,Phnom Penh,store,342545,ទិញ លក់និងដូររថយន្តគ្រប់ប្រភេទ,2026-07-27 07:30:00+07,2026-08-24 10:35:55.58206+07,2026-08-24 10:27:03+07
13817558,"#ប្រូម៉ូសិនរដូវវស្សា Hilux Revo 2019 Full ឆ្វេងស៊ីន ក្រុមហ៊ុន",34500.0,34500.0,0.0,0,0.0,0,22.0,0.0,0,Toyota,Hilux Revo,2019,used,Plate Number,Unknown,Unknown,Unknown,,,Siem Reap,store,145533,Bong Vuthy,2026-07-27 17:48:54+07,2026-08-18 17:18:55.824097+07,2026-08-18 16:52:02+07
13818589,Camry 2012 xle full options​ usa,20900.0,20900.0,0.0,0,0.0,0,21.7,0.0,0,Toyota,Camry,2012,used,Plate Number,Unknown,Unknown,Unknown,,,Phnom Penh,individual,66880,Dara,2026-07-27 23:27:05+07,2026-08-18 17:18:58.598111+07,2026-08-18 16:26:22+07
13827236,Highlander 02 V6,13500.0,13500.0,0.0,0,0.0,0,21.3,0.0,0,Toyota,Highlander,2022,used,Plate Number,Unknown,Unknown,Unknown,,,Kampot,individual,1138446,X- Boomax,2026-07-30 09:10:27+07,2026-08-20 15:37:41.026745+07,2026-08-20 14:30:52+07
13833023,Mercedes Benz C300 4Matic 2015 ឡានអ្នកប្រើផ្ទាល់ ចរចារគ្នាបាន,23300.0,23300.0,0.0,0,0.0,0,20.8,0.0,0,Mercedes-Benz,C300,2015,used,Plate Number,Unknown,Unknown,Unknown,,,Phnom Penh,store,689152,89 Auto Car,2026-07-31 13:42:08+07,2026-08-21 09:53:24.912624+07,2026-08-21 09:13:15+07
13833958,Lexus Nx200t FSport 2016 ឡានស្អាតអត់បុក,33000.0,33000.0,0.0,0,0.0,0,23.7,0.0,0,Lexus,NX200t,2016,used,Plate Number,Unknown,Unknown,Unknown,,,Phnom Penh,store,376549,Sara Vuth79,2026-07-31 17:02:01+07,2026-08-24 10:36:03.654693+07,2026-08-24 09:58:02+07
13833972,GN8 2025 master 32500$,32500.0,32500.0,0.0,0,0.0,0,23.7,0.0,0,GAC,GN8,2025,used,Plate Number,Unknown,Unknown,Unknown,,,Phnom Penh,store,376549,Sara Vuth79,2026-07-31 17:03:00+07,2026-08-24 10:36:03.651369+07,2026-08-24 09:59:03+07
13835294,Jeep Gladiator Rubicon 2021,53500.0,53500.0,0.0,0,0.0,0,23.0,0.0,0,Jeep,Wrangler Rubicon,2021,used,Plate Number,Unknown,Unknown,Unknown,,,Preah Sihanouk,individual,259457,SLN Sky,2026-08-01 10:18:54+07,2026-08-24 10:35:55.580054+07,2026-08-22 11:54:53+07
13835593,ALPHARD V6 Russia Executive Lounge,49900.0,49900.0,0.0,0,0.0,0,17.2,0.0,0,Toyota,Alphard,2019,used,Plate Number,Unknown,Unknown,Unknown,,,Phnom Penh,store,340708,VMP AUTO,2026-08-01 11:35:21+07,2026-08-18 17:19:02.521185+07,2026-08-18 15:57:01+07
13837170,"ទើបមកដល់ថ្មីរៀបចំម៉ាស្អាតលក់តែ:$16,800🚘 2012 Prius Plug-in  ប្រភេទសាកភ្លើង",16800.0,16800.0,0.0,0,0.0,0,16.9,0.0,0,Toyota,Prius,2012,used,Tax Paper,Unknown,Unknown,Unknown,,,Phnom Penh,store,100671,L.Y 9999 Auto (page),2026-08-01 19:19:20+07,2026-08-18 17:19:06.251486+07,2026-08-18 15:37:05+07
13838232,TOYOTA ALPHARD 2016 UP 2025,45500.0,45500.0,0.0,0,0.0,0,19.0,0.0,0,Toyota,Alphard,2016,used,Tax Paper,Unknown,Unknown,Unknown,,,Phnom Penh,store,1181728,Mr ALPHARD 598,2026-08-02 09:19:35+07,2026-08-21 09:53:27.391595+07,2026-08-21 09:09:02+07
13840146,Lexus CT 200h,14700.0,14700.0,0.0,0,0.0,0,15.0,0.0,0,Lexus,CT 200h,2012,used,Plate Number,Unknown,Unknown,Unknown,,,Phnom Penh,individual,302878,CHANVANNA Bun,2026-08-02 16:51:10+07,2026-08-17 15:50:55.837098+07,2026-08-17 15:21:00+07
13843728,Rolls Royce Ghost 2014,95000.0,95000.0,0.0,0,0.0,0,17.8,0.0,0,Rolls-Royce,Ghost,2014,used,Plate Number,Unknown,Unknown,Unknown,,,Phnom Penh,store,1302331,DM Auto,2026-08-03 15:09:02+07,2026-08-21 09:53:12.553207+07,2026-08-21 09:31:28+07
13846497,Lexus iS 250 2014 Full F-Sport  មួយទឹកនៅស្អាត សំណុំស៊ីន ខ្ញុំម្ចាស់ផ្ទាល់,21500.0,21500.0,0.0,0,0.0,0,14.3,0.0,0,Lexus,iS 250,2014,used,Plate Number,Unknown,Unknown,Unknown,,,Siem Reap,individual,223608,Meng Heang,2026-08-04 11:07:44+07,2026-08-18 17:19:02.521185+07,2026-08-18 15:54:35+07
13851131,Toyota Raize GR 2026,22500.0,22500.0,0.0,0,0.0,0,13.2,0.0,0,Toyota,Raize,2026,used,Plate Number,Unknown,Unknown,Unknown,,,Phnom Penh,store,772106,Sovannridh Toyota Plus,2026-08-05 12:52:40+07,2026-08-18 17:19:07.20413+07,2026-08-18 15:33:03+07
13852148,Toyota Prius 2014 Option 2 ឃ្មុំ​ហ្ស៊ីន​​ ឡានស្អាត ឃ្មុំហ្ស៊ីន,19500.0,19500.0,0.0,0,0.0,0,15.0,0.0,0,Toyota,Prius,2014,used,Tax Paper,Unknown,Unknown,Unknown,,,Phnom Penh,store,428387,ឃ្លាំង​អេសធូ​ អូតូ​ ទិញ​លក់​ នឹងបង់រំលស់រថយន្តគ្រប់ប្រភេទ​,2026-08-05 15:48:01+07,2026-08-20 15:37:44.217223+07,2026-08-20 14:25:06+07
13855696,🚘រថយន្តមួយទឹកក្រដាស់ពន្ធ TOYOTA bZ4X Ultra 2025 (Option Ultra) គឺជារថយន្ត SUV អគ្គិសនី (BEV) 5 កៅអី,24800.0,24800.0,0.0,0,0.0,0,12.1,0.0,0,Toyota,bZ4X,2025,used,Tax Paper,Unknown,Unknown,Unknown,,,Phnom Penh,store,1254427,Chhour Sivmey,2026-08-06 14:00:28+07,2026-08-18 17:18:56.719478+07,2026-08-18 16:48:35+07
13856938,Toyota Raize 2026,22300.0,22300.0,0.0,0,0.0,0,13.8,0.0,0,Toyota,Raize,2026,new,Tax Paper,Unknown,Unknown,Unknown,,,Phnom Penh,store,1251582,Toyota Super Car,2026-08-06 19:19:50+07,2026-08-20 15:37:41.024942+07,2026-08-20 14:32:02+07
13863836,Toyota Prius Prime 2017 Full Advance,23499.0,23499.0,0.0,0,0.0,0,12.0,0.0,0,Toyota,Prius Plugin,2017,used,Plate Number,Unknown,Unknown,Unknown,,,Phnom Penh,individual,44521,Soum SenSombo,2026-08-08 14:43:45+07,2026-08-20 15:37:39.453637+07,2026-08-20 14:49:19+07
13876159,Ford Everest sport023ឡានថ្មីខ្លាញ់គោថ្នាំសុីន1ជុំ19000គិឡូ,47500.0,47500.0,0.0,0,0.0,0,6.7,0.0,0,Ford,Everest,2023,used,Plate Number,Unknown,Unknown,Unknown,,,Kandal,store,1143495,CHHENG Ly,2026-08-12 00:17:50+07,2026-08-18 17:18:56.72048+07,2026-08-18 16:42:53+07
13879009,Kia Ray 2015 Smart key Full-Option,10800.0,10800.0,0.0,0,0.0,0,6.0,0.0,0,Kia,Ray Smart key,2015,used,Tax Paper,Unknown,Unknown,Unknown,,,Phnom Penh,store,798650,Pha AutoCars,2026-08-12 16:15:21+07,2026-08-18 17:19:00.456129+07,2026-08-18 16:15:06+07
13881078,ឡានលក់ឆ្លាម98ពណ័ឆ្លោញធនាថាស្អាត់ម៉ាអេម 4700$,4700.0,4700.0,0.0,0,0.0,0,4.2,0.0,0,Unknown,Unknown,1998,used,Plate Number,Unknown,Unknown,Unknown,,,Phnom Penh,individual,227934,ខះ សេ ខ្ញុំបាទលក់ឡាន,2026-08-13 09:54:51+07,2026-08-17 15:51:02.666517+07,2026-08-17 14:45:31+07
13881614,Toyota Fortuner2020 TRD,39690.0,39690.0,0.0,0,0.0,0,7.9,0.0,0,Toyota,Fortuner,2020,used,Plate Number,Unknown,Unknown,Unknown,,,Phnom Penh,individual,1247720,lymeng cheng,2026-08-13 11:28:17+07,2026-08-21 09:53:06.054916+07,2026-08-20 21:52:08+07
13883335,Toyota Prius 06 h/full អ្នកប្រើផ្ទាល់ 8500ចរចា,8500.0,8500.0,0.0,0,0.0,0,3.9,0.0,0,Toyota,Prius,2006,used,Plate Number,Unknown,Unknown,Unknown,,,Phnom Penh,individual,1018419,bunhorng tath,2026-08-13 18:22:57+07,2026-08-17 15:50:55.878277+07,2026-08-17 15:17:22+07
13885673,Lexus RX400h,20000.0,20000.0,0.0,0,0.0,0,6.9,0.0,0,Lexus,RX400h,2006,used,Plate Number,Unknown,Unknown,Unknown,,,Phnom Penh,individual,44919,Hokchay,2026-08-14 12:38:17+07,2026-08-21 09:53:04.838743+07,2026-08-14 12:38:17+07
13885728,012 plugin full advance,17500.0,17500.0,0.0,0,0.0,0,4.9,0.0,0,Unknown,Unknown,2012,used,Plate Number,Unknown,Unknown,Unknown,,,Phnom Penh,individual,27102,sok leang,2026-08-14 12:53:26+07,2026-08-19 09:48:06.126572+07,2026-08-19 09:31:31+07
13886450,"GAC Aion i60 EV 650km 22,800$🎉🎉",22800.0,22800.0,0.0,0,0.0,0,3.0,0.0,0,GAC,Aion i60 EV,2026,new,Tax Paper,Unknown,Unknown,Unknown,,,Phnom Penh,store,1207509,Van Sin LT Auto,2026-08-14 15:00:46+07,2026-08-17 15:50:58.870435+07,2026-08-17 15:04:53+07
13888173,ឡានមានឯកសារគ្រប់,5000.0,5000.0,0.0,0,0.0,0,6.1,0.0,0,Unknown,Unknown,1991,used,Plate Number,Unknown,Unknown,Unknown,,,Phnom Penh,individual,193271,Pe soklang,2026-08-15 08:04:32+07,2026-08-21 09:53:27.388024+07,2026-08-21 09:09:24+07
13888217,ស៊ីន១ជុំ Prime-2017_Full Premium,23800.0,23800.0,0.0,0,0.0,0,3.4,0.0,0,Unknown,Unknown,2017,used,Tax Paper,Unknown,Unknown,Unknown,,,Kandal,store,689451,𝐑𝐇𝐓 𝐀𝐮𝐭𝐨 𝐂𝐚𝐫𝟏𝟏𝟏𝟏,2026-08-15 08:17:54+07,2026-08-18 17:19:01.598598+07,2026-08-18 16:05:04+07
13888629,NX 200T F Sport 2016 6ប៊ូតុង​ ប៉ុង2,39500.0,39500.0,0.0,0,0.0,0,6.0,0.0,0,Lexus,NX 200T,2016,used,Tax Paper,Unknown,Unknown,Unknown,,,Phnom Penh,store,8583,So Vathana,2026-08-15 10:01:04+07,2026-08-21 09:53:27.389499+07,2026-08-21 09:09:18+07
13889981,MERCEDESBENZC300_2015AMG_LINE,28500.0,28500.0,0.0,0,0.0,0,8.8,0.0,0,Unknown,Unknown,2015,used,Tax Paper,Unknown,Unknown,Unknown,,,Phnom Penh,store,477705,p-69466646,2026-08-15 15:20:26+07,2026-08-24 10:36:06.625889+07,2026-08-24 09:52:27+07
13891566,ឡានលក់,7900.0,7900.0,0.0,0,0.0,0,1.3,0.0,0,Unknown,Unknown,2002,used,Plate Number,Unknown,Unknown,Unknown,,,Phnom Penh,individual,1317481,Tha Piseth,2026-08-16 07:54:08+07,2026-08-17 15:51:00.72721+07,2026-08-16 07:54:08+07
13893551,បាឡែន 03 full XLE,11300.0,11300.0,0.0,0,0.0,0,4.7,0.0,0,Unknown,Unknown,2003,used,Plate Number,Unknown,Unknown,Unknown,,,Phnom Penh,individual,648483,NUT Rithy,2026-08-16 16:42:25+07,2026-08-21 09:53:16.321067+07,2026-08-21 09:31:21+07
13894378,Toyota Alphard,22500.0,22500.0,0.0,0,0.0,0,2.5,0.0,0,Toyota,Alphard,2014,used,Tax Paper,Unknown,Unknown,Unknown,,,Phnom Penh,individual,1017921,Assari Osman,2026-08-16 22:18:03+07,2026-08-19 09:48:04.74913+07,2026-08-19 09:44:00+07
13895554,Ford Ranger XLT 2023 ធានាអត់បាញ់,36800.0,36800.0,0.0,0,0.0,0,4.0,0.0,0,Ford,Ranger XLT,2023,used,Plate Number,Unknown,Unknown,Unknown,,,Phnom Penh,store,862400,ជូ អ៊ូ ជិញ,2026-08-17 09:49:43+07,2026-08-21 09:53:21.102848+07,2026-08-21 09:24:52+07
13897039,Kia sorento 2014,13800.0,13800.0,0.0,0,0.0,0,0.1,0.0,0,Kia,Sorento,2014,used,Plate Number,Unknown,Unknown,Unknown,,,Phnom Penh,individual,978946,Pov Ly,2026-08-17 14:33:43+07,2026-08-17 15:51:05.468956+07,2026-08-17 14:33:43+07
13897131,Toyota Tundra 07 ប៉ុង១​ ហ្គាសថ្មីមួយធុង​ ថ្មីណាស់,13500.0,13500.0,0.0,0,0.0,0,0.0,0.0,0,Toyota,Tundra,2007,used,Plate Number,Unknown,Unknown,Unknown,,,Phnom Penh,individual,431031,p-92778535,2026-08-17 14:54:40+07,2026-08-17 15:51:01.679785+07,2026-08-17 14:54:40+07
13897143,Morning 05full លក់ដូសារី 4200$ចរចារ,4200.0,4200.0,0.0,0,0.0,0,0.0,0.0,0,Kia,Morning,2005,used,Tax Paper,Unknown,Unknown,Unknown,,,Phnom Penh,store,794657,សុភ្រ័ សុភ័ក្រ,2026-08-17 14:55:51+07,2026-08-17 15:51:00.761593+07,2026-08-17 14:55:51+07
13898901,លក់,23300.0,23300.0,0.0,0,0.0,0,6.1,0.0,0,Unknown,Unknown,2007,used,Plate Number,Unknown,Unknown,Unknown,,,Phnom Penh,store,225821,Sarun Man,2026-08-18 07:05:32+07,2026-08-24 10:35:58.604145+07,2026-08-24 10:00:18+07
13900604,Ray ឆ្នាំខ្ពស់(2019),10500.0,10500.0,0.0,0,0.0,0,5.9,0.0,0,Kia,Ray,2019,used,Plate Number,Unknown,Unknown,Unknown,,,Phnom Penh,individual,1307821,Kim Chea,2026-08-18 12:56:46+07,2026-08-24 10:35:53.577764+07,2026-08-18 12:56:46+07
13901392,Toyota bz3x,29999.0,29999.0,0.0,0,0.0,0,0.1,0.0,0,Toyota,bz3x,2026,new,Tax Paper,Unknown,Unknown,Unknown,,,Phnom Penh,store,1167246,Ok Auto,2026-08-18 15:42:02+07,2026-08-18 17:19:04.372424+07,2026-08-18 15:42:02+07
13901463,Lexus 400h 2006 Full Option ម្ចាស់ដើមលក់បន្ទាន់តំលៃល្អ (ចរចារបាន),19000.0,19000.0,0.0,0,0.0,0,0.1,0.0,0,Lexus,400h,2006,used,Plate Number,Unknown,Unknown,Unknown,,,Phnom Penh,individual,1321667,ចំរើន ស៊ិន,2026-08-18 15:51:50+07,2026-08-18 17:19:03.459664+07,2026-08-18 15:51:50+07
13901633,សេះស🐎 ២៦ ចង់ដូរម្ចាស់,51500.0,51500.0,0.0,0,0.0,0,5.8,0.0,0,Unknown,Unknown,2026,used,Plate Number,Unknown,Unknown,Unknown,,,Phnom Penh,individual,932208,Khan Sophal,2026-08-18 16:26:10+07,2026-08-24 10:35:50.609126+07,2026-08-22 12:48:08+07
13901759,Kia Morning 2012 Smart Key,6400.0,6400.0,0.0,0,0.0,0,0.0,0.0,0,Kia,Morning,2012,used,Plate Number,Unknown,Unknown,Unknown,,,Phnom Penh,individual,307909,Chem Vandy,2026-08-18 16:55:28+07,2026-08-18 17:18:55.822877+07,2026-08-18 16:55:28+07
13903499,Toyota Prius 2012 option 3 up Android ទេីបតែចូលស្តុកថ្មី តម្លៃល្អ បង់រំលស់សិក្សា១៥នាទីដកឡាន,18900.0,18900.0,0.0,0,0.0,0,0.0,0.0,0,Toyota,Prius,2012,used,Tax Paper,Unknown,Unknown,Unknown,,,Phnom Penh,store,1183821,ឃ្លាំងលក់រថយន្ត KM.S ( Phalla ),2026-08-19 09:44:47+07,2026-08-19 09:48:03.344759+07,2026-08-19 09:44:47+07
13903500,Lx470 2000 មានហ្គាស,10350.0,10350.0,0.0,0,0.0,0,0.0,0.0,0,Kia,ស,2000,used,Plate Number,Unknown,Unknown,Unknown,,,Phnom Penh,store,391055,Bun Theang,2026-08-19 09:44:57+07,2026-08-19 09:48:03.344104+07,2026-08-19 09:44:57+07
13908315,2017 l Audi Q7 l 45 TFSI l Dealership Car,31500.0,31500.0,0.0,0,0.0,0,0.1,0.0,0,Audi,Q7,2017,used,Plate Number,Unknown,Unknown,Unknown,,,Phnom Penh,store,721389,Premium Luxury Cars,2026-08-20 14:02:15+07,2026-08-20 15:37:51.425665+07,2026-08-20 14:02:15+07
13908625,Prius 09 Full option  សូម ចុចលីងខាងក្រោមដើម្បើសួរពត៍មានបន្ថែម,13700.0,13700.0,0.0,0,0.0,0,0.0,0.0,0,Toyota,Prius,2009,used,Tax Paper,Unknown,Unknown,Unknown,,,Phnom Penh,store,88222,ឃ្លាំងលក់រថយន្ត KMS,2026-08-20 15:06:38+07,2026-08-20 15:37:35.451279+07,2026-08-20 15:06:38+07
13908708,Prius 06Half ឡានមូលលក់$9200,9200.0,9200.0,0.0,0,0.0,0,0.0,0.0,0,Toyota,Prius,2006,used,Plate Number,Unknown,Unknown,Unknown,,,Phnom Penh,individual,1239800,Sky Auto,2026-08-20 15:25:21+07,2026-08-20 15:37:27.815519+07,2026-08-20 15:25:21+07
13908728,📣បើកទទួលការកក់ឥឡូវនេះ🤩 រថយន្ត NAMMI 01 AIR,16900.0,16900.0,0.0,0,0.0,0,0.0,0.0,0,Unknown,Unknown,2026,new,Tax Paper,Unknown,Unknown,Unknown,,,Phnom Penh,store,1318106,Auto Mall,2026-08-20 15:29:54+07,2026-08-20 15:37:30.973336+07,2026-08-20 15:29:54+07
13908818,រថយន្ត​លក់​ Ford  Mustang,12500.0,12500.0,0.0,0,0.0,0,0.7,0.0,0,Ford,Mustang,2015,used,Plate Number,Unknown,Unknown,Unknown,,,Phnom Penh,individual,500107,Dot Neth,2026-08-20 15:57:39+07,2026-08-21 09:53:04.837585+07,2026-08-20 15:57:39+07
13909495,🔥MercedesV-Class 014🆙V-Maybach ម៉ាស៊ូត កៅអុីVIPតម្លៃសាងលក់បន្ត💰21900$💸,21900.0,21900.0,0.0,0,0.0,0,3.6,0.0,0,Unknown,Unknown,2014,used,Plate Number,Unknown,Unknown,Unknown,,,Phnom Penh,store,459645,MCS AUTO,2026-08-20 20:32:06+07,2026-08-24 10:36:05.634864+07,2026-08-24 10:00:18+07
13910510,200t 015 up 021 F-Sport 28000$,28000.0,28000.0,0.0,0,0.0,0,0.0,0.0,0,Unknown,Unknown,2015,used,Plate Number,Unknown,Unknown,Unknown,,,Phnom Penh,individual,729363,Jina 168,2026-08-21 09:10:19+07,2026-08-21 09:53:26.240048+07,2026-08-21 09:10:19+07
13910573,Camry 1991,4600.0,4600.0,0.0,0,0.0,0,0.0,0.0,0,Toyota,Camry,1991,used,Plate Number,Unknown,Unknown,Unknown,,,Phnom Penh,store,391055,Bun Theang,2026-08-21 09:20:30+07,2026-08-21 09:53:19.758626+07,2026-08-21 09:20:30+07
13910601,LEXUS NX200T F-Sport 2015 គុជ៣សុីន,25500.0,25500.0,0.0,0,0.0,0,0.0,0.0,0,Lexus,NX200t,2015,used,Plate Number,Unknown,Unknown,Unknown,,,Phnom Penh,store,492344,Same 601,2026-08-21 09:25:07+07,2026-08-21 09:53:17.470606+07,2026-08-21 09:25:07+07
13910723,ចង់លក់ Gs 2006 Full P1.,13000.0,13000.0,0.0,0,0.0,0,0.0,0.0,0,Unknown,Unknown,2006,used,Plate Number,Unknown,Unknown,Unknown,,,Phnom Penh,individual,553887,Meng Vanna,2026-08-21 09:47:48+07,2026-08-21 09:53:09.878612+07,2026-08-21 09:47:48+07
13910962,"Toyota Alphard Royal Lounge 2018 LM Upgrade – $52,800",52800.0,52800.0,0.0,0,0.0,0,3.0,0.0,0,Toyota,Alphard,2018,used,Plate Number,Unknown,Unknown,Unknown,,,Phnom Penh,individual,1113398,Ry រី,2026-08-21 10:35:00+07,2026-08-24 10:35:49.617808+07,2026-08-21 10:35:00+07
13911930,Toyota Vigo 07 🚙🔥 ចាស់តែខ្លឹម មិនចាស់តាមសម័យ 😎​,16500.0,16500.0,0.0,0,0.0,0,2.9,0.0,0,Toyota,Hilux Vigo,2007,used,Plate Number,Unknown,Unknown,Unknown,,,Kampong Cham,individual,1119973,Van Na,2026-08-21 13:54:40+07,2026-08-24 10:35:49.62161+07,2026-08-21 13:54:40+07
13917832,Range Rover Vogue autobiography full option vip 2013 លក់22500$ចចារមានលុយ10000$ដកឡានបាន,22500.0,22500.0,0.0,0,0.0,0,1.0,0.0,0,Land Rover,Range Rover Vogue,2013,used,Tax Paper,Unknown,Unknown,Unknown,,,Phnom Penh,store,789799,ភិន យុទ្ធ,2026-08-23 10:21:16+07,2026-08-24 10:35:54.568358+07,2026-08-24 10:21:02+07
13918334,ឡានលក់,3000.0,3000.0,0.0,0,0.0,0,0.9,0.0,0,Unknown,Unknown,1994,used,Plate Number,Unknown,Unknown,Unknown,,,Preah Sihanouk,individual,1323364,Va Nit,2026-08-23 12:13:34+07,2026-08-24 10:35:49.62161+07,2026-08-23 12:13:34+07
13921281,470.2000..9900$,9900.0,9900.0,0.0,0,0.0,0,0.0,0.0,0,Unknown,Unknown,2000,used,Tax Paper,Unknown,Unknown,Unknown,,,Phnom Penh,store,794657,សុភ្រ័ សុភ័ក្រ,2026-08-24 09:51:30+07,2026-08-24 10:36:06.631091+07,2026-08-24 09:51:30+07
13921285,🖤លក់ Range Rover Vogue 2015 ឡើង 2021 V6សាំង💵.តំលៃអត់ដែរមាន.20800$ ធានាឡានថ្មី ✅,20800.0,20800.0,0.0,0,0.0,0,0.0,0.0,0,Land Rover,Range Rover Vogue,2015,used,Plate Number,Unknown,Unknown,Unknown,,,Phnom Penh,store,271614,ហ៊ា អន លក់ឡាន,2026-08-24 09:52:35+07,2026-08-24 10:35:49.614511+07,2026-08-24 09:52:35+07
13921413,Denza D9 DM-i 980 AWD,83800.0,83800.0,0.0,0,0.0,0,0.0,0.0,0,Denza,D9,2024,new,Tax Paper,Unknown,Unknown,Unknown,,,Phnom Penh,store,1059202,夏天 Summer,2026-08-24 10:17:58+07,2026-08-24 10:35:59.609109+07,2026-08-24 10:17:58+07
