listing_id,price,log_price,vehicle_brand,vehicle_model,vehicle_model_year,vehicle_age,vehicle_mileage_km,is_mileage_missing,vehicle_engine_cc,is_engine_cc_missing,vehicle_fuel_type,vehicle_transmission,vehicle_color,vehicle_condition,is_plate_number,brand_category,province,location_tier,seller_type,initial_price,price_drop_amount,has_price_drop,price_increase_amount,has_price_increase,days_on_market,view_velocity,has_full_option,is_urgent_sale,scraped_at
13449143,19800.0,9.893487720457795,ផ្សេងៗ,2 5,2026,0,100000.0,1,2000.0,1,Diesel,Manual,Gold,new,0,Other,Phnom Penh,Tier_1,store,19800.0,0.0,0,0.0,0,121.9,0.0,0,0,2026-08-27 12:15:41.484591+00
13900387,4900.0,8.497194544909547,Toyota,4Runner,2017,9,100000.0,1,2000.0,1,Petrol,Automatic,Silver,used,1,Mass_Market,Phnom Penh,Tier_1,individual,4900.0,0.0,0,0.0,0,7.6,0.0,0,0,2026-08-26 02:57:00.262594+00
13936411,3900.0,8.268988209506656,Toyota,4Runner,1997,29,100000.0,1,2000.0,1,Petrol,Automatic,Black,used,1,Mass_Market,Phnom Penh,Tier_1,individual,3900.0,0.0,0,0.0,0,0.0,0.0,0,0,2026-08-27 12:10:06.161509+00
13845562,11300.0,9.332646496360152,Chevrolet,Avalanche 2500,2011,15,100000.0,1,2000.0,1,Petrol,Manual,Black,used,1,Mass_Market,Phnom Penh,Tier_1,store,11300.0,0.0,0,0.0,0,21.8,0.0,0,0,2026-08-26 03:08:08.318763+00
13908557,25500.0,10.146472946063877,Foton,CS2,2026,0,100000.0,1,2000.0,1,Diesel,Manual,White,new,0,Chinese_EV,Phnom Penh,Tier_1,store,25500.0,0.0,0,0.0,0,0.0,0.0,0,0,2026-08-20 08:37:39.449352+00
13908531,25500.0,10.146472946063877,Foton,CS2,2026,0,100000.0,1,2000.0,1,Diesel,Manual,White,new,0,Chinese_EV,Phnom Penh,Tier_1,store,25500.0,0.0,0,0.0,0,0.0,0.0,0,0,2026-08-20 08:37:39.455506+00
13929498,23500.0,10.064798252418377,Mazda,Cx30,2020,6,100000.0,1,2000.0,1,Petrol,Automatic,Unknown,used,1,Mass_Market,Phnom Penh,Tier_1,store,23500.0,0.0,0,0.0,0,0.0,0.0,1,0,2026-08-26 03:03:16.174185+00
13882021,20000.0,9.90353755128617,MAXUS,D60,2022,4,100000.0,1,2000.0,1,Petrol,Automatic,Black,used,1,Other,Phnom Penh,Tier_1,individual,20000.0,0.0,0,0.0,0,5.6,0.0,0,0,2026-08-19 02:48:11.442782+00
13847142,20000.0,9.90353755128617,MAXUS,D60,2022,4,100000.0,1,2000.0,1,Petrol,Automatic,Black,used,1,Other,Phnom Penh,Tier_1,store,20000.0,0.0,0,0.0,0,21.6,0.0,0,0,2026-08-26 03:00:02.755641+00
13845946,14800.0,9.60245002503719,BYD,Dolphin,2023,3,100000.0,1,2000.0,1,Electric,Automatic,White,new,0,Chinese_EV,Phnom Penh,Tier_1,store,14800.0,0.0,0,0.0,0,21.7,0.0,0,0,2026-08-26 03:07:34.403671+00
13927811,24300.0,10.098272780745283,Mazda,EZ-6,2025,1,100000.0,1,2000.0,1,Electric,Automatic,Red,used,1,Mass_Market,Phnom Penh,Tier_1,store,24300.0,0.0,0,0.0,0,0.0,0.0,0,0,2026-08-25 10:14:18.599214+00
13871256,25500.0,10.146472946063877,Mazda,EZ-6,2024,2,100000.0,1,2000.0,1,Petrol,Automatic,Grey,used,1,Mass_Market,Phnom Penh,Tier_1,individual,25500.0,0.0,0,0.0,0,14.7,0.0,0,0,2026-08-25 10:20:57.10915+00
13935596,28000.0,10.239995502805316,Mazda,EZ-6,2025,1,100000.0,1,2000.0,1,Electric,Automatic,Grey,used,1,Mass_Market,Phnom Penh,Tier_1,store,28000.0,0.0,0,0.0,0,0.0,0.0,0,0,2026-08-27 12:17:52.218313+00
13772743,36500.0,10.505094936455558,Mazda,EZ-6,2025,1,100000.0,1,2000.0,1,Hybrid,Automatic,Grey,new,0,Mass_Market,Phnom Penh,Tier_1,store,36500.0,0.0,0,0.0,0,35.7,0.0,0,0,2026-08-20 08:37:49.860499+00
13920964,27500.0,10.221977646629885,Mazda,EZ-6,2025,1,100000.0,1,2000.0,1,Electric,Automatic,White,used,1,Mass_Market,Phnom Penh,Tier_1,store,27500.0,0.0,0,0.0,0,1.7,0.0,1,0,2026-08-26 03:06:56.749367+00
13760765,36500.0,10.505094936455558,Mazda,EZ-6,2025,1,100000.0,1,2000.0,1,Hybrid,Automatic,White,new,0,Mass_Market,Phnom Penh,Tier_1,store,36500.0,0.0,0,0.0,0,45.9,0.0,0,0,2026-08-27 12:17:48.301444+00
13755901,38800.0,10.566201298475118,Mazda,EZ-6,2025,1,100000.0,1,2000.0,1,Electric,Automatic,Black,new,0,Mass_Market,Phnom Penh,Tier_1,store,38800.0,0.0,0,0.0,0,39.9,0.0,0,0,2026-08-20 08:37:49.860235+00
13885049,46000.0,10.736418414365376,Ford,Everest,2024,2,100000.0,1,2000.0,1,Diesel,Automatic,Grey,used,1,Mass_Market,Phnom Penh,Tier_1,store,46000.0,0.0,0,0.0,0,11.7,0.0,0,0,2026-08-26 03:01:13.403452+00
13638024,53800.0,10.893047333337728,Ford,Everest,2023,3,100000.0,1,2000.0,1,Diesel,Automatic,Black,used,1,Mass_Market,Phnom Penh,Tier_1,individual,53800.0,0.0,0,0.0,0,67.7,0.0,0,0,2026-08-19 02:48:04.755291+00
13302050,35900.0,10.488520429241627,Ford,Everest,2020,6,100000.0,1,2000.0,1,Diesel,Automatic,White,used,1,Mass_Market,Phnom Penh,Tier_1,store,35900.0,0.0,0,0.0,0,161.4,0.0,1,0,2026-08-26 02:59:39.61632+00
13919431,34900.0,10.460270761075149,Ford,Everest,2020,6,100000.0,1,2000.0,1,Diesel,Automatic,White,used,1,Mass_Market,Phnom Penh,Tier_1,store,34900.0,0.0,0,0.0,0,2.4,0.0,0,0,2026-08-26 02:57:27.412152+00
13917600,22700.0,10.030164255362632,Ford,Everest,2016,10,100000.0,1,2000.0,1,Diesel,Automatic,Black,used,1,Mass_Market,Phnom Penh,Tier_1,individual,22700.0,0.0,0,0.0,0,0.0,0.0,1,0,2026-08-23 02:53:00.514928+00
13338627,33500.0,10.419330568113901,Ford,Everest,2018,8,100000.0,1,2000.0,1,Diesel,Automatic,Black,used,1,Mass_Market,Phnom Penh,Tier_1,store,33500.0,0.0,0,0.0,0,151.8,0.0,0,1,2026-08-25 10:22:29.335331+00
13849081,21500.0,9.975854724662028,Ford,Everest,2017,9,100000.0,1,2000.0,1,Diesel,Automatic,Red,used,1,Mass_Market,Phnom Penh,Tier_1,store,21500.0,0.0,0,0.0,0,20.5,0.0,0,1,2026-08-25 10:26:09.433298+00
13761554,41700.0,10.638280388314705,Ford,Everest,2022,4,100000.0,1,2000.0,1,Diesel,Automatic,White,used,1,Mass_Market,Phnom Penh,Tier_1,individual,41700.0,0.0,0,0.0,0,45.7,0.0,0,0,2026-08-27 12:11:36.98881+00
13914040,38000.0,10.545367754151743,Ford,Everest,2022,4,100000.0,1,2000.0,1,Petrol,Automatic,Black,used,1,Mass_Market,Pailin,Tier_3,individual,38000.0,0.0,0,0.0,0,0.0,0.0,1,0,2026-08-22 02:44:46.737203+00
13257893,34800.0,10.457401400981889,Ford,Everest,2020,6,100000.0,1,2000.0,1,Diesel,Automatic,White,used,1,Mass_Market,Phnom Penh,Tier_1,store,36900.0,2100.0,1,0.0,0,173.8,0.0,1,0,2026-08-27 12:13:29.782917+00
13915716,63800.0,11.063524143191238,Ford,Everest,2026,0,100000.0,1,2000.0,1,Diesel,Automatic,Black,used,1,Mass_Market,Phnom Penh,Tier_1,store,63800.0,0.0,0,0.0,0,4.9,0.0,0,0,2026-08-27 12:10:03.376165+00
13378072,21900.0,9.994287576862567,Ford,Everest,2017,9,100000.0,1,2000.0,1,Diesel,Automatic,Red,used,1,Mass_Market,Phnom Penh,Tier_1,store,21900.0,0.0,0,0.0,0,141.5,0.0,0,1,2026-08-25 10:26:36.076069+00
13885249,33000.0,10.404293143019792,Ford,Everest,2019,7,100000.0,1,2000.0,1,Diesel,Automatic,White,used,0,Mass_Market,Phnom Penh,Tier_1,individual,33500.0,500.0,1,0.0,0,13.0,0.0,1,0,2026-08-27 12:05:49.094794+00
13275218,21900.0,9.994287576862567,Ford,Everest,2017,9,100000.0,1,2000.0,1,Diesel,Automatic,Red,used,1,Mass_Market,Phnom Penh,Tier_1,store,21900.0,0.0,0,0.0,0,169.1,0.0,0,1,2026-08-27 12:17:01.947527+00
13907721,49900.0,10.817796321618971,Ford,Everest,2027,0,100000.0,1,2000.0,1,Diesel,Automatic,White,new,0,Mass_Market,Phnom Penh,Tier_1,store,49900.0,0.0,0,0.0,0,5.6,0.0,0,0,2026-08-26 03:07:18.17913+00
13821221,21900.0,9.994287576862567,Ford,Everest,2017,9,100000.0,1,2000.0,1,Diesel,Automatic,Red,used,1,Mass_Market,Phnom Penh,Tier_1,store,21900.0,0.0,0,0.0,0,27.8,0.0,0,1,2026-08-25 10:25:58.025856+00
13421170,52800.0,10.874285408908944,Ford,Everest,2023,3,100000.0,1,2000.0,1,Diesel,Automatic,Silver,used,1,Mass_Market,Phnom Penh,Tier_1,store,52800.0,0.0,0,0.0,0,121.7,0.0,1,0,2026-08-21 02:53:17.470364+00
13835991,49500.0,10.809748150372926,Ford,Everest,2023,3,100000.0,1,2000.0,1,Diesel,Automatic,White,used,1,Mass_Market,Kratie,Tier_3,individual,49500.0,0.0,0,0.0,0,23.9,0.0,0,0,2026-08-25 10:28:32.480298+00
13435180,54900.0,10.91328684226798,Ford,Everest,2023,3,100000.0,1,2000.0,1,Diesel,Automatic,Grey,used,1,Mass_Market,Phnom Penh,Tier_1,store,54900.0,0.0,0,0.0,0,123.7,0.0,0,0,2026-08-26 03:03:14.889742+00
13866039,49800.0,10.815790343132422,Ford,Everest,2023,3,100000.0,1,2000.0,1,Diesel,Automatic,White,used,1,Mass_Market,Phnom Penh,Tier_1,store,49800.0,0.0,0,0.0,0,16.7,0.0,1,0,2026-08-26 03:10:07.479873+00
13785798,49500.0,10.809748150372926,Ford,Everest,2023,3,100000.0,1,2000.0,1,Diesel,Automatic,White,used,1,Mass_Market,Phnom Penh,Tier_1,individual,49500.0,0.0,0,0.0,0,34.7,0.0,0,1,2026-08-23 02:53:12.303868+00
13643083,56800.0,10.947309210188068,Ford,Everest,2023,3,100000.0,1,2000.0,1,Diesel,Automatic,Black,used,1,Mass_Market,Phnom Penh,Tier_1,store,56800.0,0.0,0,0.0,0,73.7,0.0,0,0,2026-08-26 03:07:01.720931+00
13842288,56800.0,10.947309210188068,Ford,Everest,2023,3,100000.0,1,2000.0,1,Diesel,Automatic,Grey,used,1,Mass_Market,Phnom Penh,Tier_1,store,56800.0,0.0,0,0.0,0,19.7,0.0,1,0,2026-08-23 02:52:51.992048+00
13565588,52500.0,10.868587496017359,Ford,Everest,2023,3,100000.0,1,2000.0,1,Diesel,Automatic,White,used,1,Mass_Market,Phnom Penh,Tier_1,store,52900.0,400.0,1,0.0,0,93.8,0.0,0,0,2026-08-27 12:14:50.069184+00
13876159,47500.0,10.768506042432708,Ford,Everest,2023,3,100000.0,1,2000.0,1,Petrol,Automatic,Unknown,used,1,Mass_Market,Kandal,Tier_2,store,47500.0,0.0,0,0.0,0,6.4,0.0,0,0,2026-08-18 10:18:56.72048+00
13751369,53800.0,10.893047333337728,Ford,Everest,2023,3,100000.0,1,2000.0,1,Diesel,Automatic,Black,used,1,Mass_Market,Phnom Penh,Tier_1,store,53800.0,0.0,0,0.0,0,41.7,0.0,0,0,2026-08-21 02:53:21.102566+00
13816482,49000.0,10.799595985047786,Ford,Everest,2023,3,100000.0,1,2000.0,1,Petrol,Automatic,Grey,used,1,Mass_Market,Phnom Penh,Tier_1,store,49000.0,0.0,0,0.0,0,25.5,0.0,0,0,2026-08-22 02:44:52.993644+00
13719380,36300.0,10.499600568082863,Ford,Everest,2020,6,100000.0,1,2000.0,1,Diesel,Automatic,White,used,1,Mass_Market,Phnom Penh,Tier_1,individual,36300.0,0.0,0,0.0,0,54.0,0.0,1,0,2026-08-25 10:16:57.234513+00
13907365,26000.0,10.165890277802454,jaguar,F-Type,2015,11,100000.0,1,2000.0,1,Petrol,Automatic,White,used,1,Other,Preah Sihanouk,Tier_2,store,26000.0,0.0,0,0.0,0,7.1,0.0,0,0,2026-08-27 12:14:41.251486+00
13674017,50000.0,10.819798284210286,Jaguar,F-Type,2020,6,100000.0,1,2000.0,1,Petrol,Automatic,Silver,used,1,Other,Phnom Penh,Tier_1,store,50000.0,0.0,0,0.0,0,60.7,0.0,0,0,2026-08-21 02:53:12.553471+00
13813535,39000.0,10.571342565808699,Jeep,Gladiator,2020,6,100000.0,1,2000.0,1,Petrol,Automatic,Red,used,1,Mass_Market,Phnom Penh,Tier_1,individual,39500.0,500.0,1,0.0,0,29.7,0.0,1,0,2026-08-25 10:29:49.296308+00
13245154,135000.0,11.813037464800539,Jeep,Gladiator,2021,5,100000.0,1,2000.0,1,Petrol,Automatic,Other,used,1,Mass_Market,Phnom Penh,Tier_1,individual,135000.0,0.0,0,0.0,0,176.9,0.0,0,0,2026-08-27 12:19:24.406722+00
13626311,45000.0,10.714439990727769,Jeep,Gladiator,2021,5,100000.0,1,2000.0,1,Petrol,Automatic,Black,used,1,Mass_Market,Banteay Meanchey,Tier_3,individual,45000.0,0.0,0,0.0,0,76.9,0.0,0,0,2026-08-25 10:18:42.460539+00
13905679,61500.0,11.026808713825016,Jeep,Gladiator,2021,5,100000.0,1,2000.0,1,Petrol,Automatic,Grey,used,1,Mass_Market,Phnom Penh,Tier_1,store,61500.0,0.0,0,0.0,0,5.7,0.0,0,0,2026-08-25 10:14:29.872624+00
13835294,53500.0,10.887455624298198,Jeep,Gladiator,2021,5,100000.0,1,2000.0,1,Petrol,Automatic,White,used,1,Mass_Market,Preah Sihanouk,Tier_2,individual,53500.0,0.0,0,0.0,0,26.1,0.0,0,0,2026-08-27 12:05:34.413901+00
13783192,61500.0,11.026808713825016,Jeep,Gladiator,2021,5,100000.0,1,2000.0,1,Petrol,Automatic,Grey,used,1,Mass_Market,Phnom Penh,Tier_1,store,62500.0,1000.0,1,0.0,0,37.9,0.0,0,0,2026-08-25 10:14:33.872237+00
13910647,21500.0,9.975854724662028,Li Auto,L7,2025,1,100000.0,1,2000.0,1,Petrol,Automatic,Unknown,new,0,Chinese_EV,Phnom Penh,Tier_1,individual,21500.0,0.0,0,0.0,0,0.0,0.0,0,0,2026-08-21 02:53:12.549678+00
13923217,50500.0,10.829748417047593,Fangchengbao,Leopard 7,2026,0,100000.0,1,2000.0,1,Petrol,Automatic,Unknown,new,0,Chinese_EV,Phnom Penh,Tier_1,individual,50500.0,0.0,0,0.0,0,0.0,0.0,0,0,2026-08-24 10:11:17.28536+00
13698613,55800.0,10.929547069355774,ផ្សេងៗ,Leopard 7,2025,1,100000.0,1,2000.0,1,Hybrid,Automatic,Green,new,0,Other,Phnom Penh,Tier_1,store,55800.0,0.0,0,0.0,0,61.8,0.0,0,1,2026-08-27 12:15:53.833083+00
13690423,54800.0,10.911463720944793,ផ្សេងៗ,Leopard 7,2025,1,100000.0,1,2000.0,1,Hybrid,Automatic,Green,new,0,Other,Phnom Penh,Tier_1,store,54800.0,0.0,0,0.0,0,63.7,0.0,0,0,2026-08-27 12:09:17.468996+00
13854535,54800.0,10.911463720944793,ផ្សេងៗ,Leopard 7,2025,1,100000.0,1,2000.0,1,Hybrid,Automatic,Other,new,0,Other,Phnom Penh,Tier_1,store,54800.0,0.0,0,0.0,0,21.1,0.0,0,0,2026-08-27 12:15:56.588725+00
13699415,54800.0,10.911463720944793,ផ្សេងៗ,Leopard 7,2025,1,100000.0,1,2000.0,1,Electric,Automatic,Green,new,0,Other,Phnom Penh,Tier_1,store,54800.0,0.0,0,0.0,0,61.6,0.0,0,1,2026-08-27 12:10:44.803135+00
13373666,25800.0,10.158168529848494,GAC,M6,2025,1,100000.0,1,2000.0,1,Petrol,Automatic,White,new,0,Chinese_EV,Phnom Penh,Tier_1,store,25800.0,0.0,0,0.0,0,134.7,0.0,0,0,2026-08-17 08:50:50.161923+00
13844375,25800.0,10.158168529848494,GAC,M6,2025,1,100000.0,1,2000.0,1,Petrol,Automatic,White,new,0,Chinese_EV,Phnom Penh,Tier_1,store,25800.0,0.0,0,0.0,0,17.4,0.0,0,0,2026-08-21 02:53:27.387687+00
13735961,20600.0,9.933094897288786,GAC,M6,2026,0,100000.0,1,2000.0,1,Electric,Automatic,Black,used,1,Chinese_EV,Phnom Penh,Tier_1,store,20600.0,0.0,0,0.0,0,42.8,0.0,1,0,2026-08-18 10:18:56.719478+00
13910682,13900.0,9.539716058977092,MG,MG ZS,2020,6,100000.0,1,2000.0,1,Petrol,Automatic,Unknown,used,1,Chinese_EV,Phnom Penh,Tier_1,store,13900.0,0.0,0,0.0,0,0.0,0.0,0,0,2026-08-21 02:53:11.222936+00
13881781,24500.0,10.106469212026385,Mazda,Mazda6,2020,6,100000.0,1,2000.0,1,Petrol,Automatic,White,used,1,Mass_Market,Phnom Penh,Tier_1,store,24500.0,0.0,0,0.0,0,14.0,0.0,1,0,2026-08-27 12:19:30.740426+00
13240006,23900.0,10.081675578048475,Mazda,Mazda6,2018,8,100000.0,1,2000.0,1,Petrol,Automatic,White,used,1,Mass_Market,Phnom Penh,Tier_1,store,23900.0,0.0,0,0.0,0,176.6,0.0,0,0,2026-08-26 02:59:17.226902+00
13829085,24900.0,10.122663242288953,Mazda,Mazda6,2020,6,100000.0,1,2000.0,1,Petrol,Automatic,Unknown,used,0,Mass_Market,Phnom Penh,Tier_1,individual,24900.0,0.0,0,0.0,0,21.5,0.0,1,0,2026-08-21 02:53:15.002394+00
13936419,27800.0,10.2328272702548,Mazda,Mazda6,2020,6,100000.0,1,2000.0,1,Petrol,Automatic,White,used,1,Mass_Market,Phnom Penh,Tier_1,store,27800.0,0.0,0,0.0,0,0.0,0.0,0,0,2026-08-27 12:09:52.720943+00
13485993,9800.0,9.19023970026918,Kia,Morning,2016,10,100000.0,1,2000.0,1,Petrol,Automatic,White,used,0,Mass_Market,Phnom Penh,Tier_1,store,9800.0,0.0,0,0.0,0,112.2,0.0,1,0,2026-08-27 12:11:57.966501+00
13797360,5750.0,8.657129031713755,Kia,Morning,2009,17,100000.0,1,2000.0,1,Petrol,Automatic,White,used,1,Mass_Market,Phnom Penh,Tier_1,individual,5750.0,0.0,0,0.0,0,33.0,0.0,0,0,2026-08-24 10:11:10.064377+00
13903214,5000.0,8.517393171418904,Kia,Morning,2008,18,100000.0,1,2000.0,1,Petrol,Automatic,Unknown,used,1,Mass_Market,Phnom Penh,Tier_1,store,5000.0,0.0,0,0.0,0,1.0,0.0,1,0,2026-08-20 08:37:44.216049+00
13936513,12900.0,9.465060106725137,Kia,Morning,2017,9,100000.0,1,2000.0,1,Petrol,Automatic,White,used,0,Mass_Market,Phnom Penh,Tier_1,store,12900.0,0.0,0,0.0,0,0.0,0.0,0,0,2026-08-27 12:07:52.514084+00
13856381,13300.0,9.495594499353297,Kia,Morning,2018,8,100000.0,1,2000.0,1,Petrol,Automatic,Grey,used,0,Mass_Market,Phnom Penh,Tier_1,store,13300.0,0.0,0,0.0,0,20.8,0.0,0,0,2026-08-27 12:14:40.690006+00
13648025,13300.0,9.495594499353297,Kia,Morning,2017,9,100000.0,1,2000.0,1,Petrol,Automatic,Black,used,0,Mass_Market,Phnom Penh,Tier_1,store,13300.0,0.0,0,0.0,0,73.8,0.0,0,0,2026-08-27 12:10:02.149966+00
13895515,5650.0,8.639587799629844,Kia,Morning,2008,18,100000.0,1,2000.0,1,Petrol,Automatic,White,used,1,Mass_Market,Phnom Penh,Tier_1,individual,5650.0,0.0,0,0.0,0,1.7,0.0,0,1,2026-08-19 02:48:14.048782+00
13775424,12000.0,9.392745258631441,Kia,Morning,2017,9,100000.0,1,2000.0,1,Petrol,Automatic,White,used,0,Mass_Market,Phnom Penh,Tier_1,store,12000.0,0.0,0,0.0,0,42.0,0.0,0,0,2026-08-27 12:07:39.713457+00
13737168,11200.0,9.32375833901174,Kia,Morning,2017,9,100000.0,1,2000.0,1,Petrol,Automatic,White,used,1,Mass_Market,Phnom Penh,Tier_1,store,11200.0,0.0,0,0.0,0,43.3,0.0,0,0,2026-08-19 02:48:19.538401+00
13860831,4650.0,8.444837529224097,Kia,Morning,2007,19,100000.0,1,2000.0,1,Petrol,Automatic,White,used,1,Mass_Market,Phnom Penh,Tier_1,individual,4650.0,0.0,0,0.0,0,17.7,0.0,0,1,2026-08-25 10:14:45.554152+00
13613498,5750.0,8.657129031713755,Kia,Morning,2009,17,100000.0,1,2000.0,1,Petrol,Automatic,Silver,used,1,Mass_Market,Phnom Penh,Tier_1,individual,5750.0,0.0,0,0.0,0,75.0,0.0,0,0,2026-08-20 08:37:23.586264+00
13552757,5850.0,8.674367865788236,Kia,Morning,2009,17,100000.0,1,2000.0,1,Petrol,Automatic,Silver,used,1,Mass_Market,Phnom Penh,Tier_1,store,4850.0,0.0,0,1000.0,1,96.9,0.0,0,0,2026-08-27 12:17:35.929629+00
13897057,3000.0,8.006700845440367,Kia,Morning,2017,9,100000.0,1,2000.0,1,Diesel,Automatic,Other,used,1,Mass_Market,Phnom Penh,Tier_1,individual,3000.0,0.0,0,0.0,0,0.0,0.0,0,0,2026-08-17 08:51:04.500396+00
13893814,3400.0,8.131824785007195,Kia,Morning,2004,22,100000.0,1,2000.0,1,Petrol,Automatic,Unknown,used,1,Mass_Market,Kampong Cham,Tier_2,individual,3400.0,0.0,0,0.0,0,1.7,0.0,0,0,2026-08-18 10:18:55.822877+00
13923883,3450.0,8.146419323098003,Kia,Morning,2004,22,100000.0,1,2000.0,1,Petrol,Automatic,Green,used,1,Mass_Market,Phnom Penh,Tier_1,individual,3450.0,0.0,0,0.0,0,2.7,0.0,0,0,2026-08-27 12:20:04.880071+00
13260865,5800.0,8.665785595466064,Kia,Morning,2004,22,100000.0,1,2000.0,1,Petrol,Automatic,White,used,1,Mass_Market,Phnom Penh,Tier_1,store,5800.0,0.0,0,0.0,0,171.6,0.0,0,0,2026-08-26 03:09:08.193478+00
13929430,5200.0,8.556606193773073,Kia,Morning,2008,18,100000.0,1,2000.0,1,Petrol,Automatic,White,used,1,Mass_Market,Phnom Penh,Tier_1,individual,5200.0,0.0,0,0.0,0,0.0,0.0,0,0,2026-08-26 03:06:39.147844+00
13474589,6150.0,8.724369949208368,Kia,Morning,2011,15,100000.0,1,2000.0,1,Petrol,Automatic,White,used,1,Mass_Market,Phnom Penh,Tier_1,individual,6150.0,0.0,0,0.0,0,113.0,0.0,1,0,2026-08-25 10:28:27.133003+00
13910594,6500.0,8.77971129020447,Kia,Morning,2010,16,100000.0,1,2000.0,1,Petrol,Automatic,Grey,used,1,Mass_Market,Phnom Penh,Tier_1,individual,6500.0,0.0,0,0.0,0,0.0,0.0,0,0,2026-08-21 02:53:21.103096+00
13775385,7900.0,8.974744612722734,Kia,Morning,2013,13,100000.0,1,2000.0,1,Petrol,Automatic,Other,used,0,Mass_Market,Phnom Penh,Tier_1,store,7900.0,0.0,0,0.0,0,33.0,0.0,0,0,2026-08-18 10:18:52.052057+00
13872317,8300.0,9.024131268455035,Kia,Morning,2013,13,100000.0,1,2000.0,1,Petrol,Automatic,Gold,used,0,Mass_Market,Phnom Penh,Tier_1,store,8300.0,0.0,0,0.0,0,11.9,0.0,0,0,2026-08-23 02:52:50.506449+00
13775260,8300.0,9.024131268455035,Kia,Morning,2013,13,100000.0,1,2000.0,1,Petrol,Automatic,Unknown,used,0,Mass_Market,Phnom Penh,Tier_1,store,8300.0,0.0,0,0.0,0,40.7,0.0,0,0,2026-08-26 03:03:04.370246+00
13875733,7900.0,8.974744612722734,Kia,Morning,2013,13,100000.0,1,2000.0,1,Petrol,Automatic,White,used,0,Mass_Market,Phnom Penh,Tier_1,individual,7900.0,0.0,0,0.0,0,15.7,0.0,0,0,2026-08-27 12:17:59.389246+00
13623621,7750.0,8.955577146281511,Kia,Morning,2013,13,100000.0,1,2000.0,1,Petrol,Automatic,Blue,used,1,Mass_Market,Phnom Penh,Tier_1,store,7750.0,0.0,0,0.0,0,79.7,0.0,0,0,2026-08-27 12:17:37.088271+00
13929598,8900.0,9.093918908958932,Kia,Morning,2013,13,100000.0,1,2000.0,1,Petrol,Automatic,White,used,0,Mass_Market,Phnom Penh,Tier_1,store,8900.0,0.0,0,0.0,0,0.0,0.0,0,0,2026-08-26 03:00:23.575061+00
13734065,8200.0,9.012011377036412,Kia,Morning,2013,13,100000.0,1,2000.0,1,Petrol,Automatic,Unknown,used,0,Mass_Market,Phnom Penh,Tier_1,individual,8200.0,0.0,0,0.0,0,46.7,0.0,1,0,2026-08-22 02:44:46.733212+00
13923134,8200.0,9.012011377036412,Kia,Morning,2013,13,100000.0,1,2000.0,1,Petrol,Automatic,Green,used,1,Mass_Market,Phnom Penh,Tier_1,individual,8200.0,0.0,0,0.0,0,0.0,0.0,0,0,2026-08-24 10:11:18.273739+00
13921564,7890.0,8.973478148521036,Kia,Morning,2013,13,100000.0,1,2000.0,1,Petrol,Automatic,White,used,0,Mass_Market,Phnom Penh,Tier_1,individual,7890.0,0.0,0,0.0,0,1.7,0.0,0,0,2026-08-26 03:09:02.21444+00
13819738,4999.0,8.517193191416238,Kia,Morning,2009,17,100000.0,1,2000.0,1,Petrol,Automatic,Silver,used,1,Mass_Market,Phnom Penh,Tier_1,store,4900.0,0.0,0,99.0,1,30.1,0.0,0,0,2026-08-27 12:14:24.851368+00
13689918,6000.0,8.699681400989514,Kia,Morning,2009,17,100000.0,1,2000.0,1,Petrol,Automatic,White,used,1,Mass_Market,Phnom Penh,Tier_1,individual,6000.0,0.0,0,0.0,0,62.5,0.0,0,0,2026-08-26 02:58:10.857732+00
13887439,5500.0,8.612685172875459,Kia,Morning,2009,17,100000.0,1,2000.0,1,Petrol,Automatic,White,used,1,Mass_Market,Phnom Penh,Tier_1,individual,5500.0,0.0,0,0.0,0,10.6,0.0,0,0,2026-08-25 10:25:56.627328+00
13927545,5200.0,8.556606193773073,Kia,Morning,2008,18,100000.0,1,2000.0,1,Petrol,Automatic,White,used,1,Mass_Market,Phnom Penh,Tier_1,individual,5200.0,0.0,0,0.0,0,0.0,0.0,0,0,2026-08-25 10:16:59.220309+00
13909089,5300.0,8.575650760987806,Kia,Morning,2008,18,100000.0,1,2000.0,1,Petrol,Automatic,Silver,used,1,Mass_Market,Phnom Penh,Tier_1,store,5300.0,0.0,0,0.0,0,6.8,0.0,0,0,2026-08-27 12:18:06.958037+00
13878056,5550.0,8.621733370690162,Kia,Morning,2008,18,100000.0,1,2000.0,1,Petrol,Automatic,Silver,used,1,Mass_Market,Phnom Penh,Tier_1,store,5550.0,0.0,0,0.0,0,12.9,0.0,0,0,2026-08-25 10:22:26.010372+00
13901437,5500.0,8.612685172875459,Kia,Morning,2009,17,100000.0,1,2000.0,1,Petrol,Automatic,Silver,used,1,Mass_Market,Kampong Speu,Tier_3,individual,5500.0,0.0,0,0.0,0,6.8,0.0,0,1,2026-08-25 10:16:05.783333+00
13923558,4900.0,8.497194544909547,Kia,Morning,2006,20,100000.0,1,2000.0,1,Petrol,Automatic,White,used,1,Mass_Market,Phnom Penh,Tier_1,individual,4900.0,0.0,0,0.0,0,0.0,0.0,0,0,2026-08-24 10:11:04.969362+00
13581221,4900.0,8.497194544909547,Kia,Morning,2006,20,100000.0,1,2000.0,1,Petrol,Automatic,Blue,used,1,Mass_Market,Siem Reap,Tier_2,individual,4900.0,0.0,0,0.0,0,81.7,0.0,1,1,2026-08-19 02:48:22.301641+00
13684982,4850.0,8.486940148245216,Kia,Morning,2006,20,100000.0,1,2000.0,1,Petrol,Automatic,Unknown,used,1,Mass_Market,Phnom Penh,Tier_1,store,4850.0,0.0,0,0.0,0,64.8,0.0,1,0,2026-08-27 12:11:16.25191+00
13897193,3599.0,8.1886891244442,Kia,Morning,2006,20,100000.0,1,2000.0,1,Petrol,Automatic,Unknown,used,1,Mass_Market,Phnom Penh,Tier_1,individual,3599.0,0.0,0,0.0,0,0.0,0.0,0,0,2026-08-17 08:50:57.890544+00
13909070,4500.0,8.412054873292933,Kia,Morning,2006,20,100000.0,1,2000.0,1,Petrol,Automatic,Orange,used,1,Mass_Market,Phnom Penh,Tier_1,store,4500.0,0.0,0,0.0,0,6.8,0.0,0,0,2026-08-27 12:18:06.393079+00
13694462,4700.0,8.45553053102413,Kia,Morning,2006,20,100000.0,1,2000.0,1,Petrol,Automatic,Black,used,1,Mass_Market,Phnom Penh,Tier_1,individual,4700.0,0.0,0,0.0,0,59.7,0.0,1,0,2026-08-24 10:11:20.291032+00
13676710,5600.0,8.630700432209832,Kia,Morning,2009,17,100000.0,1,2000.0,1,Petrol,Automatic,White,used,1,Mass_Market,Pursat,Tier_3,individual,5600.0,0.0,0,0.0,0,64.6,0.0,0,0,2026-08-25 10:27:24.891498+00
13665416,7900.0,8.974744612722734,Kia,Morning,2012,14,100000.0,1,2000.0,1,Petrol,Automatic,Other,used,0,Mass_Market,Phnom Penh,Tier_1,store,7900.0,0.0,0,0.0,0,69.6,0.0,0,0,2026-08-27 12:08:05.704433+00
13618457,8200.0,9.012011377036412,Kia,Morning,2012,14,100000.0,1,2000.0,1,Petrol,Automatic,Other,used,0,Mass_Market,Phnom Penh,Tier_1,store,8200.0,0.0,0,0.0,0,79.5,0.0,1,0,2026-08-26 03:09:58.115874+00
13891878,5500.0,8.612685172875459,Kia,Morning,2012,14,100000.0,1,2000.0,1,Petrol,Automatic,Unknown,used,1,Mass_Market,Phnom Penh,Tier_1,individual,5500.0,0.0,0,0.0,0,2.0,0.0,0,0,2026-08-18 10:19:04.372424+00
13847282,7977.0,8.984443032465352,Kia,Morning,2012,14,100000.0,1,2000.0,1,Petrol,Automatic,Unknown,used,1,Mass_Market,Phnom Penh,Tier_1,individual,7977.0,0.0,0,0.0,0,14.6,0.0,1,0,2026-08-19 02:48:11.442199+00
13917650,8500.0,9.04793908261736,Kia,Morning,2012,14,100000.0,1,2000.0,1,Petrol,Automatic,Silver,used,1,Mass_Market,Phnom Penh,Tier_1,store,8500.0,0.0,0,0.0,0,0.0,0.0,0,0,2026-08-23 02:52:53.722188+00
13479121,8150.0,9.005895898094458,Kia,Morning,2012,14,100000.0,1,2000.0,1,Petrol,Automatic,White,used,0,Mass_Market,Phnom Penh,Tier_1,store,8150.0,0.0,0,0.0,0,114.0,0.0,1,0,2026-08-27 12:10:06.806094+00
13904422,8300.0,9.024131268455035,Kia,Morning,2012,14,100000.0,1,2000.0,1,Petrol,Automatic,White,used,0,Mass_Market,Phnom Penh,Tier_1,individual,8300.0,0.0,0,0.0,0,3.6,0.0,1,0,2026-08-23 02:52:53.724382+00
13767404,7900.0,8.974744612722734,Kia,Morning,2012,14,100000.0,1,2000.0,1,Petrol,Automatic,White,used,1,Mass_Market,Siem Reap,Tier_2,individual,7900.0,0.0,0,0.0,0,35.7,0.0,0,1,2026-08-19 02:48:22.301713+00
13612825,9000.0,9.105090961257085,Kia,Morning,2012,14,100000.0,1,2000.0,1,Petrol,Automatic,Brown,used,0,Mass_Market,Phnom Penh,Tier_1,store,9000.0,0.0,0,0.0,0,82.6,0.0,1,0,2026-08-27 12:13:58.987493+00
13788864,6900.0,8.839421607620602,Kia,Morning,2012,14,100000.0,1,2000.0,1,Petrol,Automatic,White,used,0,Mass_Market,Phnom Penh,Tier_1,individual,6900.0,0.0,0,0.0,0,31.7,0.0,0,0,2026-08-21 02:53:27.389185+00
13901759,6400.0,8.764209507142004,Kia,Morning,2012,14,100000.0,1,2000.0,1,Petrol,Automatic,Unknown,used,1,Mass_Market,Phnom Penh,Tier_1,individual,6400.0,0.0,0,0.0,0,0.0,0.0,0,0,2026-08-18 10:18:55.822877+00
13396317,8350.0,9.03013657115323,Kia,Morning,2012,14,100000.0,1,2000.0,1,Petrol,Automatic,Other,used,0,Mass_Market,Phnom Penh,Tier_1,store,8350.0,0.0,0,0.0,0,138.9,0.0,0,0,2026-08-27 12:11:20.177427+00
13469573,8200.0,9.012011377036412,Kia,Morning,2012,14,100000.0,1,2000.0,1,Petrol,Automatic,Other,used,0,Mass_Market,Phnom Penh,Tier_1,store,8200.0,0.0,0,0.0,0,116.8,0.0,0,0,2026-08-27 12:08:33.609556+00
13471875,7950.0,8.981052985901483,Kia,Morning,2012,14,100000.0,1,2000.0,1,Petrol,Automatic,Other,used,0,Mass_Market,Phnom Penh,Tier_1,store,7950.0,0.0,0,0.0,0,116.0,0.0,1,0,2026-08-27 12:11:56.844009+00
13926959,7200.0,8.881975184248867,Kia,Morning,2012,14,100000.0,1,2000.0,1,Petrol,Automatic,Silver,used,1,Mass_Market,Siem Reap,Tier_2,individual,7200.0,0.0,0,0.0,0,0.0,0.0,0,0,2026-08-25 10:23:19.403386+00
13509110,8350.0,9.03013657115323,Kia,Morning,2012,14,100000.0,1,2000.0,1,Petrol,Automatic,Unknown,used,0,Mass_Market,Phnom Penh,Tier_1,store,8350.0,0.0,0,0.0,0,96.7,0.0,1,0,2026-08-17 08:50:58.889272+00
13737064,8650.0,9.065430200180375,Kia,Morning,2012,14,100000.0,1,2000.0,1,Petrol,Automatic,Yellow,used,0,Mass_Market,Phnom Penh,Tier_1,store,8650.0,0.0,0,0.0,0,49.6,0.0,0,0,2026-08-25 10:15:13.123503+00
13771953,7300.0,8.895766604056085,Kia,Morning,2012,14,100000.0,1,2000.0,1,Petrol,Automatic,Unknown,used,0,Mass_Market,Phnom Penh,Tier_1,store,7300.0,0.0,0,0.0,0,40.9,0.0,0,0,2026-08-25 10:24:40.183252+00
13825287,7000.0,8.853808274977197,Kia,Morning,2012,14,100000.0,1,2000.0,1,Petrol,Automatic,Grey,used,1,Mass_Market,Phnom Penh,Tier_1,individual,7000.0,0.0,0,0.0,0,28.9,0.0,0,0,2026-08-27 12:18:21.492151+00
13840581,7200.0,8.881975184248867,Kia,Morning,2012,14,100000.0,1,2000.0,1,Petrol,Automatic,Other,used,1,Mass_Market,Phnom Penh,Tier_1,individual,7200.0,0.0,0,0.0,0,16.3,0.0,0,0,2026-08-19 02:48:06.126924+00
13613700,8700.0,9.071193240566025,Kia,Morning,2012,14,100000.0,1,2000.0,1,Petrol,Automatic,Grey,used,0,Mass_Market,Phnom Penh,Tier_1,store,8700.0,0.0,0,0.0,0,80.0,0.0,1,0,2026-08-25 10:28:31.85822+00
13781442,8200.0,9.012011377036412,Kia,Morning,2012,14,100000.0,1,2000.0,1,Petrol,Automatic,Orange,used,0,Mass_Market,Phnom Penh,Tier_1,store,8200.0,0.0,0,0.0,0,38.5,0.0,0,0,2026-08-25 10:26:55.437831+00
13926897,7000.0,8.853808274977197,Kia,Morning,2012,14,100000.0,1,2000.0,1,Petrol,Automatic,Grey,used,1,Mass_Market,Phnom Penh,Tier_1,individual,7000.0,0.0,0,0.0,0,0.0,0.0,0,1,2026-08-25 10:23:54.295072+00
13511030,8650.0,9.065430200180375,Kia,Morning,2012,14,100000.0,1,2000.0,1,Petrol,Automatic,Unknown,used,0,Mass_Market,Phnom Penh,Tier_1,store,8650.0,0.0,0,0.0,0,97.1,0.0,0,0,2026-08-18 10:18:53.941945+00
13893488,8500.0,9.04793908261736,Kia,Morning,2012,14,100000.0,1,2000.0,1,Petrol,Automatic,Unknown,used,1,Mass_Market,Phnom Penh,Tier_1,store,8500.0,0.0,0,0.0,0,0.7,0.0,1,0,2026-08-17 08:51:03.584859+00
13767394,8000.0,8.987321812850125,Kia,Morning,2012,14,100000.0,1,2000.0,1,Petrol,Automatic,White,used,1,Mass_Market,Phnom Penh,Tier_1,individual,8000.0,0.0,0,0.0,0,42.0,0.0,0,0,2026-08-25 10:28:30.476565+00
13559320,7500.0,8.922791623969637,Kia,Morning,2012,14,100000.0,1,2000.0,1,Petrol,Automatic,White,used,1,Mass_Market,Phnom Penh,Tier_1,store,7500.0,0.0,0,0.0,0,95.1,0.0,0,0,2026-08-27 12:17:34.74413+00
13602756,8050.0,8.993551586299981,Kia,Morning,2012,14,100000.0,1,2000.0,1,Petrol,Automatic,Grey,used,0,Mass_Market,Phnom Penh,Tier_1,store,8050.0,0.0,0,0.0,0,84.8,0.0,0,0,2026-08-27 12:15:29.055686+00
13901927,3700.0,8.216358332386156,Kia,Morning,2005,21,100000.0,1,2000.0,1,Petrol,Automatic,White,used,1,Mass_Market,Phnom Penh,Tier_1,store,3700.0,0.0,0,0.0,0,7.4,0.0,0,0,2026-08-26 03:08:42.842528+00
13875738,13800.0,9.53249633228804,Kia,Morning,2026,0,100000.0,1,2000.0,1,Petrol,Automatic,White,used,1,Mass_Market,Phnom Penh,Tier_1,store,13800.0,0.0,0,0.0,0,15.7,0.0,0,0,2026-08-27 12:17:57.255907+00
13897143,4200.0,8.343077871169383,Kia,Morning,2005,21,100000.0,1,2000.0,1,Petrol,Automatic,Unknown,used,0,Mass_Market,Phnom Penh,Tier_1,store,4200.0,0.0,0,0.0,0,0.0,0.0,0,1,2026-08-17 08:51:00.761593+00
13526620,3900.0,8.268988209506656,Kia,Morning,2005,21,100000.0,1,2000.0,1,Petrol,Automatic,Silver,used,1,Mass_Market,Phnom Penh,Tier_1,individual,3900.0,0.0,0,0.0,0,98.0,0.0,0,0,2026-08-23 02:53:00.516214+00
13910542,4200.0,8.343077871169383,Kia,Morning,2005,21,100000.0,1,2000.0,1,Petrol,Automatic,Unknown,used,0,Mass_Market,Phnom Penh,Tier_1,store,4200.0,0.0,0,0.0,0,0.0,0.0,0,1,2026-08-21 02:53:22.431835+00
13915880,4850.0,8.486940148245216,Kia,Morning,2005,21,100000.0,1,2000.0,1,Petrol,Automatic,White,used,1,Mass_Market,Phnom Penh,Tier_1,individual,4850.0,0.0,0,0.0,0,2.8,0.0,1,0,2026-08-25 10:29:00.280418+00
13917554,4200.0,8.343077871169383,Kia,Morning,2005,21,100000.0,1,2000.0,1,Petrol,Automatic,Unknown,used,0,Mass_Market,Phnom Penh,Tier_1,store,4200.0,0.0,0,0.0,0,0.0,0.0,0,0,2026-08-23 02:53:10.568079+00
13929405,4200.0,8.343077871169383,Kia,Morning,2005,21,100000.0,1,2000.0,1,Petrol,Automatic,Unknown,used,0,Mass_Market,Phnom Penh,Tier_1,store,4200.0,0.0,0,0.0,0,0.0,0.0,0,0,2026-08-26 03:08:41.588942+00
13771939,7500.0,8.922791623969637,Kia,Morning,2014,12,100000.0,1,2000.0,1,Petrol,Automatic,Unknown,used,0,Mass_Market,Phnom Penh,Tier_1,store,7500.0,0.0,0,0.0,0,40.9,0.0,0,0,2026-08-25 10:24:42.682208+00
13760253,8750.0,9.076923258535832,Kia,Morning,2014,12,100000.0,1,2000.0,1,Petrol,Automatic,Grey,used,1,Mass_Market,Phnom Penh,Tier_1,store,8750.0,0.0,0,0.0,0,43.9,0.0,0,0,2026-08-25 10:27:08.46851+00
13725120,8200.0,9.012011377036412,Kia,Morning,2014,12,100000.0,1,2000.0,1,Petrol,Automatic,Other,used,0,Mass_Market,Phnom Penh,Tier_1,store,8200.0,0.0,0,0.0,0,54.9,0.0,0,0,2026-08-27 12:06:59.904664+00
13918820,8750.0,9.076923258535832,Kia,Morning,2014,12,100000.0,1,2000.0,1,Petrol,Automatic,Grey,used,1,Mass_Market,Phnom Penh,Tier_1,individual,8750.0,0.0,0,0.0,0,1.8,0.0,0,0,2026-08-25 10:26:32.082461+00
13775415,8500.0,9.04793908261736,Kia,Morning,2015,11,100000.0,1,2000.0,1,Petrol,Automatic,Unknown,used,0,Mass_Market,Phnom Penh,Tier_1,store,8500.0,0.0,0,0.0,0,40.7,0.0,1,0,2026-08-26 03:01:03.514216+00
13460832,8900.0,9.093918908958932,Kia,Morning,2015,11,100000.0,1,2000.0,1,Petrol,Automatic,White,used,0,Mass_Market,Phnom Penh,Tier_1,individual,8900.0,0.0,0,0.0,0,117.6,0.0,0,0,2026-08-26 03:06:37.851275+00
13689889,35800.0,10.485731104959568,Nissan,NX,2026,0,100000.0,1,2000.0,1,Electric,Automatic,Black,new,0,Mass_Market,Phnom Penh,Tier_1,store,35800.0,0.0,0,0.0,0,63.8,0.0,0,0,2026-08-27 12:15:23.566167+00
13829561,32800.0,10.39821428171237,Nissan,NX,2026,0,100000.0,1,2000.0,1,Electric,Automatic,Black,new,0,Mass_Market,Phnom Penh,Tier_1,store,38800.0,6000.0,1,0.0,0,27.9,0.0,0,0,2026-08-27 12:14:28.853313+00
13874032,34000.0,10.434145214930487,Lexus,NX300,2018,8,100000.0,1,2000.0,1,Petrol,Automatic,White,used,1,Luxury,Phnom Penh,Tier_1,individual,36000.0,2000.0,1,0.0,0,9.6,0.0,1,0,2026-08-21 02:53:09.877664+00
13815790,47000.0,10.757924157061597,Lexus,NX300,2018,8,100000.0,1,2000.0,1,Petrol,Automatic,White,used,0,Luxury,Phnom Penh,Tier_1,store,47000.0,0.0,0,0.0,0,31.0,0.0,0,0,2026-08-27 12:07:41.402548+00
13761096,41000.0,10.62135173563291,Lexus,NX300,2018,8,100000.0,1,2000.0,1,Petrol,Automatic,Grey,used,0,Luxury,Phnom Penh,Tier_1,individual,41000.0,0.0,0,0.0,0,44.4,0.0,1,0,2026-08-26 03:09:46.535283+00
13896444,40900.0,10.61890979160975,Lexus,NX300,2018,8,100000.0,1,2000.0,1,Petrol,Automatic,White,used,1,Luxury,Phnom Penh,Tier_1,store,40900.0,0.0,0,0.0,0,7.9,0.0,1,0,2026-08-25 10:13:28.201532+00
13761110,47000.0,10.757924157061597,Lexus,NX300,2019,7,100000.0,1,2000.0,1,Petrol,Automatic,White,used,0,Luxury,Phnom Penh,Tier_1,individual,47000.0,0.0,0,0.0,0,44.4,0.0,1,0,2026-08-26 03:09:47.146544+00
13676304,78800.0,11.274680966120778,Lexus,NX350,2023,3,100000.0,1,2000.0,1,Petrol,Automatic,Black,used,1,Luxury,Phnom Penh,Tier_1,store,78800.0,0.0,0,0.0,0,66.7,0.0,1,0,2026-08-27 12:15:09.943644+00
13680026,79900.0,11.288543647320601,Lexus,NX350,2023,3,100000.0,1,2000.0,1,Petrol,Automatic,Black,used,1,Luxury,Phnom Penh,Tier_1,store,79900.0,0.0,0,0.0,0,65.8,0.0,1,0,2026-08-27 12:06:42.161034+00
13571536,16000.0,9.680406499268875,Audi,Q5,2013,13,100000.0,1,2000.0,1,Petrol,Automatic,Unknown,used,1,Luxury,Phnom Penh,Tier_1,individual,16000.0,0.0,0,0.0,0,90.8,0.0,0,0,2026-08-26 03:06:03.839832+00
13507887,14500.0,9.581972891547895,Audi,Q5,2013,13,100000.0,1,2000.0,1,Hybrid,Automatic,White,used,1,Luxury,Phnom Penh,Tier_1,individual,14500.0,0.0,0,0.0,0,107.0,0.0,0,0,2026-08-27 12:14:01.463135+00
13923374,31500.0,10.357774570341576,Mercedes-Benz,S400,2014,12,100000.0,1,2000.0,1,Petrol,Automatic,Black,used,1,Luxury,Phnom Penh,Tier_1,store,31500.0,0.0,0,0.0,0,0.7,0.0,0,0,2026-08-25 10:17:22.287815+00
13913786,31600.0,10.360944044643913,Mercedes-Benz,S400,2014,12,100000.0,1,2000.0,1,Petrol,Automatic,Unknown,used,1,Luxury,Phnom Penh,Tier_1,store,31600.0,0.0,0,0.0,0,2.1,0.0,1,0,2026-08-24 10:11:17.28536+00
13900956,31500.0,10.357774570341576,Mercedes-Benz,S400,2015,11,100000.0,1,2000.0,1,Petrol,Automatic,Black,used,1,Luxury,Phnom Penh,Tier_1,store,31500.0,0.0,0,0.0,0,7.5,0.0,0,0,2026-08-26 03:07:59.650448+00
13547667,46500.0,10.747229096720554,Mercedes-Benz,S400,2015,11,100000.0,1,2000.0,1,Petrol,Automatic,Black,used,1,Luxury,Phnom Penh,Tier_1,store,46500.0,0.0,0,0.0,0,96.6,0.0,0,0,2026-08-26 02:56:54.811745+00
13377249,35000.0,10.463131911491967,Mercedes-Benz,S400,2015,11,100000.0,1,2000.0,1,Petrol,Automatic,Unknown,used,1,Luxury,Phnom Penh,Tier_1,store,35000.0,0.0,0,0.0,0,141.8,0.0,0,0,2026-08-25 10:24:41.43167+00
13626362,39700.0,10.589131655274922,Mercedes-Benz,S400,2015,11,100000.0,1,2000.0,1,Petrol,Automatic,Black,used,1,Luxury,Phnom Penh,Tier_1,store,39700.0,0.0,0,0.0,0,77.6,0.0,1,0,2026-08-26 03:04:50.348642+00
13461944,36666.0,10.509632446974212,Mercedes-Benz,S400,2015,11,100000.0,1,2000.0,1,Petrol,Automatic,Unknown,used,1,Luxury,Phnom Penh,Tier_1,store,36666.0,0.0,0,0.0,0,118.8,0.0,0,0,2026-08-27 12:16:16.291232+00
13461551,35000.0,10.463131911491967,Mercedes-Benz,S400,2015,11,100000.0,1,2000.0,1,Petrol,Automatic,Unknown,used,1,Luxury,Phnom Penh,Tier_1,store,35000.0,0.0,0,0.0,0,118.9,0.0,0,0,2026-08-27 12:10:50.603079+00
13580751,38800.0,10.566201298475118,Mercedes-Benz,S400,2016,10,100000.0,1,2000.0,1,Petrol,Automatic,White,used,1,Luxury,Phnom Penh,Tier_1,store,38800.0,0.0,0,0.0,0,88.0,0.0,0,0,2026-08-25 10:16:29.475364+00
13936321,32800.0,10.39821428171237,Mercedes-Benz,S400,2016,10,100000.0,1,2000.0,1,Petrol,Automatic,Black,used,1,Luxury,Phnom Penh,Tier_1,individual,32800.0,0.0,0,0.0,0,0.0,0.0,0,0,2026-08-27 12:11:44.838665+00
13661806,19900.0,9.898525260706313,BESTUNE,T99,2025,1,100000.0,1,2000.0,1,Petrol,Automatic,White,used,1,Other,Phnom Penh,Tier_1,store,19900.0,0.0,0,0.0,0,70.5,0.0,0,0,2026-08-27 12:11:28.435923+00
13889188,49800.0,10.815790343132422,BYD,Ti7,2026,0,100000.0,1,2000.0,1,Hybrid,Automatic,Black,new,0,Chinese_EV,Phnom Penh,Tier_1,store,49800.0,0.0,0,0.0,0,8.9,0.0,0,0,2026-08-24 10:11:18.273739+00
13597928,51500.0,10.849356503939038,BYD,Ti7,2026,0,100000.0,1,2000.0,1,Hybrid,Automatic,Black,new,0,Chinese_EV,Phnom Penh,Tier_1,store,51500.0,0.0,0,0.0,0,83.8,0.0,0,0,2026-08-25 10:22:27.888962+00
13901617,51800.0,10.85516473308054,BYD,Ti7,2026,0,100000.0,1,2000.0,1,Hybrid,Automatic,Black,new,0,Chinese_EV,Phnom Penh,Tier_1,store,51800.0,0.0,0,0.0,0,0.0,0.0,0,0,2026-08-18 10:18:58.598111+00
13870199,49800.0,10.815790343132422,BYD,Ti7,2026,0,100000.0,1,2000.0,1,Hybrid,Automatic,Black,new,0,Chinese_EV,Phnom Penh,Tier_1,store,49800.0,0.0,0,0.0,0,13.9,0.0,0,0,2026-08-24 10:11:14.109778+00
13874589,44800.0,10.709985739582528,BYD,Ti7,2026,0,100000.0,1,2000.0,1,Hybrid,Automatic,Black,new,0,Chinese_EV,Phnom Penh,Tier_1,individual,44800.0,0.0,0,0.0,0,13.8,0.0,0,0,2026-08-25 10:24:49.636161+00
13693386,52600.0,10.87049040995193,BYD,Ti7,2026,0,100000.0,1,2000.0,1,Hybrid,Automatic,Black,new,0,Chinese_EV,Phnom Penh,Tier_1,store,52600.0,0.0,0,0.0,0,53.8,0.0,0,0,2026-08-18 10:18:56.72048+00
13923309,27500.0,10.221977646629885,BYD,Ti7,2025,1,100000.0,1,2000.0,1,Electric,Automatic,Black,used,1,Chinese_EV,Phnom Penh,Tier_1,individual,27500.0,0.0,0,0.0,0,0.0,0.0,1,0,2026-08-24 10:11:14.105591+00
13692961,117500.0,11.674202123168433,ZEEKR,ZEEKR X,2025,1,100000.0,1,2000.0,1,Hybrid,Automatic,Black,used,1,Other,Phnom Penh,Tier_1,store,117500.0,0.0,0,0.0,0,60.9,0.0,0,0,2026-08-25 10:26:22.812139+00
13901390,139800.0,11.847975261832087,ZEEKR,ZEEKR X,2026,0,100000.0,1,2000.0,1,Hybrid,Automatic,Black,new,0,Other,Phnom Penh,Tier_1,store,139800.0,0.0,0,0.0,0,0.0,0.0,0,0,2026-08-18 10:19:04.374428+00
13923143,115800.0,11.659628479662329,ZEEKR,ZEEKR X,2026,0,100000.0,1,2000.0,1,Hybrid,Automatic,Black,new,0,Other,Phnom Penh,Tier_1,store,115800.0,0.0,0,0.0,0,0.0,0.0,0,0,2026-08-24 10:11:18.273739+00
13893460,20500.0,9.928228944424575,Volkswagen,ឡានម្ចាស់ដើមជិះបាន៣ម៉ឺនគីឡូជាងទេ នៅថ្មីណាស់ ទឹកថ្នាំស្រីនម៉ាជុំ,2023,3,100000.0,1,2000.0,1,Petrol,Automatic,Unknown,used,1,Mass_Market,Phnom Penh,Tier_1,store,20500.0,0.0,0,0.0,0,0.7,0.0,0,0,2026-08-17 08:51:03.584859+00
13708568,20900.0,9.94755228369823,Volkswagen,ឡានម្ចាស់ដើមជិះបាន៣ម៉ឺនគីឡូជាងទេ នៅថ្មីណាស់ ទឹកថ្នាំស្រីនម៉ាជុំ,2023,3,100000.0,1,2000.0,1,Petrol,Automatic,Unknown,used,1,Mass_Market,Phnom Penh,Tier_1,store,20900.0,0.0,0,0.0,0,58.9,0.0,0,0,2026-08-27 12:16:23.989181+00
13815304,7200.0,8.881975184248867,Kia,012 ម្ចាស់ជិះផ្ទាល់,2012,14,100000.0,1,2000.0,1,Petrol,Automatic,Unknown,used,1,Mass_Market,Phnom Penh,Tier_1,individual,7200.0,0.0,0,0.0,0,29.0,0.0,0,0,2026-08-25 10:25:16.093911+00
13851725,16999.0,9.740968623038354,ផ្សេងៗ,2 5T,2026,0,100000.0,1,2000.0,1,Diesel,Manual,White,new,0,Other,Phnom Penh,Tier_1,store,16999.0,0.0,0,0.0,0,21.9,0.0,0,0,2026-08-27 12:15:40.935894+00
13863660,24000.0,10.085850775128717,BMW,4 Series,2014,12,100000.0,1,2000.0,1,Petrol,Automatic,Unknown,used,0,Luxury,Phnom Penh,Tier_1,individual,24000.0,0.0,0,0.0,0,8.8,0.0,0,0,2026-08-17 08:50:52.085993+00
13364950,24500.0,10.106469212026385,BMW,4 Series,2014,12,100000.0,1,2000.0,1,Petrol,Automatic,White,used,1,Luxury,Phnom Penh,Tier_1,individual,24500.0,0.0,0,0.0,0,145.6,0.0,0,0,2026-08-26 03:01:16.562286+00
13885646,28500.0,10.25769445336048,BMW,4 Series,2015,11,100000.0,1,2000.0,1,Petrol,Automatic,White,used,1,Luxury,Phnom Penh,Tier_1,store,28500.0,0.0,0,0.0,0,10.9,0.0,0,0,2026-08-25 10:27:13.532708+00
13816189,62900.0,11.049317340813348,BMW,4 Series,2021,5,100000.0,1,2000.0,1,Petrol,Automatic,Black,new,0,Luxury,Phnom Penh,Tier_1,individual,62900.0,0.0,0,0.0,0,31.0,0.0,0,0,2026-08-27 12:11:48.513314+00
13763163,66800.0,11.109473329472568,BMW,4 Series,2020,6,100000.0,1,2000.0,1,Petrol,Automatic,White,used,1,Luxury,Phnom Penh,Tier_1,store,66800.0,0.0,0,0.0,0,43.7,0.0,0,0,2026-08-26 02:56:52.65911+00
13823223,5900.0,8.682877107057168,BMW,525i,2005,21,100000.0,1,2000.0,1,Electric,Automatic,Silver,used,1,Luxury,Phnom Penh,Tier_1,store,5900.0,0.0,0,0.0,0,27.7,0.0,0,0,2026-08-26 02:59:00.764678+00
13872828,12000.0,9.392745258631441,BMW,7 Series,2013,13,100000.0,1,2000.0,1,Hybrid,Automatic,White,used,1,Luxury,Phnom Penh,Tier_1,individual,12000.0,0.0,0,0.0,0,14.7,0.0,0,0,2026-08-26 03:02:18.967931+00
13901646,91800.0,11.427378469795439,BMW,7Series 735i,2023,3,100000.0,1,2000.0,1,Petrol,Automatic,Unknown,used,0,Luxury,Phnom Penh,Tier_1,store,91800.0,0.0,0,0.0,0,0.0,0.0,0,0,2026-08-18 10:18:58.596107+00
13919512,27900.0,10.236417809461043,AION,AION V,2025,1,100000.0,1,2000.0,1,Electric,Automatic,Gold,used,1,Other,Phnom Penh,Tier_1,individual,27900.0,0.0,0,0.0,0,3.8,0.0,0,0,2026-08-27 12:12:15.836149+00
13680849,4600.0,8.434028950155469,Toyota,C-HR,2000,26,100000.0,1,2000.0,1,Petrol,Automatic,Green,used,1,Mass_Market,Phnom Penh,Tier_1,individual,4600.0,0.0,0,0.0,0,55.6,0.0,0,0,2026-08-17 08:51:02.663749+00
13889035,13400.0,9.503084610020228,Lexus,CT,2012,14,100000.0,1,2000.0,1,Hybrid,Automatic,Grey,used,0,Luxury,Phnom Penh,Tier_1,store,13400.0,0.0,0,0.0,0,7.6,0.0,0,0,2026-08-23 02:53:00.515519+00
13279586,19850.0,9.89600966268017,Lexus,CT,2013,13,100000.0,1,2000.0,1,Hybrid,Automatic,White,used,1,Luxury,Phnom Penh,Tier_1,individual,20000.0,150.0,1,0.0,0,168.0,0.0,0,0,2026-08-27 12:13:16.70789+00
13375622,18500.0,9.825580063659602,Lexus,CT,2011,15,100000.0,1,2000.0,1,Hybrid,Automatic,White,used,0,Luxury,Phnom Penh,Tier_1,store,18500.0,0.0,0,0.0,0,144.1,0.0,0,0,2026-08-27 12:16:25.087394+00
13883851,23500.0,10.064798252418377,Lexus,CT,2015,11,100000.0,1,2000.0,1,Petrol,Automatic,White,used,0,Luxury,Phnom Penh,Tier_1,store,23500.0,0.0,0,0.0,0,12.2,0.0,1,0,2026-08-26 02:57:20.038673+00
13889470,17900.0,9.792611856190192,Lexus,CT,2014,12,100000.0,1,2000.0,1,Hybrid,Automatic,White,used,1,Luxury,Phnom Penh,Tier_1,store,18000.0,100.0,1,0.0,0,12.0,0.0,1,0,2026-08-27 12:20:06.180053+00
13448612,18500.0,9.825580063659602,Lexus,CT,2012,14,100000.0,1,2000.0,1,Hybrid,Automatic,Grey,used,0,Luxury,Phnom Penh,Tier_1,store,18500.0,0.0,0,0.0,0,119.9,0.0,1,0,2026-08-25 10:25:55.259207+00
13674523,20300.0,9.918425424900335,Lexus,CT,2012,14,100000.0,1,2000.0,1,Hybrid,Automatic,White,used,0,Luxury,Phnom Penh,Tier_1,store,20300.0,0.0,0,0.0,0,56.9,0.0,0,0,2026-08-17 08:51:01.72622+00
13342159,16800.0,9.729193687429403,Lexus,CT,2012,14,100000.0,1,2000.0,1,Hybrid,Automatic,Silver,used,1,Luxury,Phnom Penh,Tier_1,individual,16800.0,0.0,0,0.0,0,145.8,0.0,0,0,2026-08-20 08:37:39.44999+00
13251152,18000.0,9.798182590890704,Lexus,CT,2012,14,100000.0,1,2000.0,1,Hybrid,Automatic,Grey,used,0,Luxury,Phnom Penh,Tier_1,store,18000.0,0.0,0,0.0,0,175.2,0.0,0,0,2026-08-27 12:18:04.390798+00
13287592,17900.0,9.792611856190192,Lexus,CT,2012,14,100000.0,1,2000.0,1,Petrol,Automatic,White,used,1,Luxury,Phnom Penh,Tier_1,store,17900.0,0.0,0,0.0,0,166.1,0.0,0,0,2026-08-27 12:17:04.99467+00
13666786,17500.0,9.770013301136158,Lexus,CT,2012,14,100000.0,1,2000.0,1,Hybrid,Automatic,White,used,1,Luxury,Phnom Penh,Tier_1,individual,17500.0,0.0,0,0.0,0,61.9,0.0,0,0,2026-08-20 08:37:39.449471+00
13925320,18300.0,9.814710982145282,Lexus,CT,2012,14,100000.0,1,2000.0,1,Hybrid,Automatic,White,used,0,Luxury,Phnom Penh,Tier_1,store,18300.0,0.0,0,0.0,0,0.7,0.0,1,0,2026-08-26 02:57:35.004143+00
13376779,18000.0,9.798182590890704,Lexus,CT,2012,14,100000.0,1,2000.0,1,Hybrid,Automatic,Grey,used,0,Luxury,Phnom Penh,Tier_1,store,18000.0,0.0,0,0.0,0,143.9,0.0,0,0,2026-08-27 12:07:05.826131+00
13871302,14800.0,9.60245002503719,Lexus,CT,2012,14,100000.0,1,2000.0,1,Hybrid,Automatic,Silver,used,1,Luxury,Phnom Penh,Tier_1,store,14800.0,0.0,0,0.0,0,14.7,0.0,0,0,2026-08-25 10:16:26.970136+00
13911925,17900.0,9.792611856190192,Lexus,CT,2011,15,100000.0,1,2000.0,1,Hybrid,Automatic,White,used,1,Luxury,Phnom Penh,Tier_1,individual,17900.0,0.0,0,0.0,0,5.9,0.0,0,0,2026-08-27 12:13:30.38061+00
13908595,15900.0,9.674137279312397,Lexus,CT,2012,14,100000.0,1,2000.0,1,Hybrid,Automatic,Silver,used,1,Luxury,Phnom Penh,Tier_1,store,15900.0,0.0,0,0.0,0,0.0,0.0,1,0,2026-08-20 08:37:33.85925+00
13873629,14800.0,9.60245002503719,Lexus,CT,2012,14,100000.0,1,2000.0,1,Hybrid,Automatic,Silver,used,1,Luxury,Phnom Penh,Tier_1,store,14800.0,0.0,0,0.0,0,14.0,0.0,1,0,2026-08-25 10:19:03.887538+00
13466496,16500.0,9.711176264112805,Lexus,CT,2012,14,100000.0,1,2000.0,1,Hybrid,Automatic,Grey,used,1,Luxury,Phnom Penh,Tier_1,store,16500.0,0.0,0,0.0,0,113.2,0.0,0,0,2026-08-23 02:52:50.507373+00
13839813,14000.0,9.546884034617925,Lexus,CT,2012,14,100000.0,1,2000.0,1,Hybrid,Automatic,Silver,used,1,Luxury,Phnom Penh,Tier_1,individual,14000.0,0.0,0,0.0,0,24.9,0.0,1,0,2026-08-27 12:07:58.538849+00
13836845,15500.0,9.648659816955295,Lexus,CT,2012,14,100000.0,1,2000.0,1,Hybrid,Automatic,White,used,1,Luxury,Phnom Penh,Tier_1,individual,15500.0,0.0,0,0.0,0,19.4,0.0,0,0,2026-08-21 02:53:09.875309+00
13924857,16700.0,9.723223876851618,Lexus,CT,2012,14,100000.0,1,2000.0,1,Petrol,Automatic,White,used,1,Luxury,Phnom Penh,Tier_1,individual,16700.0,0.0,0,0.0,0,2.2,0.0,1,0,2026-08-27 12:06:49.369677+00
13651155,17500.0,9.770013301136158,Lexus,CT,2012,14,100000.0,1,2000.0,1,Petrol,Automatic,Grey,used,1,Luxury,Phnom Penh,Tier_1,store,17500.0,0.0,0,0.0,0,65.8,0.0,0,0,2026-08-20 08:37:41.025217+00
13929627,17200.0,9.75272280064639,Lexus,CT,2012,14,100000.0,1,2000.0,1,Hybrid,Automatic,Grey,used,0,Luxury,Phnom Penh,Tier_1,store,17200.0,0.0,0,0.0,0,0.0,0.0,1,0,2026-08-26 02:58:08.761258+00
13289043,17900.0,9.792611856190192,Lexus,CT,2012,14,100000.0,1,2000.0,1,Hybrid,Automatic,Silver,used,0,Luxury,Phnom Penh,Tier_1,store,18900.0,1000.0,1,0.0,0,165.9,0.0,1,0,2026-08-27 12:18:35.377395+00
13796465,17500.0,9.770013301136158,Lexus,CT,2011,15,100000.0,1,2000.0,1,Hybrid,Automatic,White,used,1,Luxury,Phnom Penh,Tier_1,individual,17500.0,0.0,0,0.0,0,36.4,0.0,1,0,2026-08-27 12:16:40.133541+00
13896004,18000.0,9.798182590890704,Lexus,CT,2013,13,100000.0,1,2000.0,1,Hybrid,Automatic,White,used,0,Luxury,Phnom Penh,Tier_1,individual,18000.0,0.0,0,0.0,0,4.7,0.0,0,0,2026-08-22 02:44:57.040726+00
13866966,14800.0,9.60245002503719,Lexus,CT,2011,15,100000.0,1,2000.0,1,Hybrid,Automatic,White,used,1,Luxury,Phnom Penh,Tier_1,individual,14800.0,0.0,0,0.0,0,14.8,0.0,0,0,2026-08-24 10:11:11.100588+00
13578188,16800.0,9.729193687429403,Lexus,CT,2011,15,100000.0,1,2000.0,1,Hybrid,Automatic,Grey,used,0,Luxury,Phnom Penh,Tier_1,store,16800.0,0.0,0,0.0,0,90.9,0.0,0,0,2026-08-27 12:07:51.958051+00
13322325,18500.0,9.825580063659602,Lexus,CT,2013,13,100000.0,1,2000.0,1,Hybrid,Automatic,Grey,used,0,Luxury,Phnom Penh,Tier_1,store,18500.0,0.0,0,0.0,0,155.8,0.0,0,0,2026-08-25 10:25:46.428733+00
13935541,15300.0,9.635673464721814,Lexus,CT,2011,15,100000.0,1,2000.0,1,Hybrid,Automatic,Black,used,1,Luxury,Phnom Penh,Tier_1,individual,15300.0,0.0,0,0.0,0,0.0,0.0,1,0,2026-08-27 12:18:22.01342+00
13895030,15800.0,9.6678285081515,Lexus,CT,2013,13,100000.0,1,2000.0,1,Hybrid,Automatic,White,used,1,Luxury,Phnom Penh,Tier_1,individual,15800.0,0.0,0,0.0,0,10.1,0.0,0,0,2026-08-27 12:20:47.071312+00
13574507,15750.0,9.664659134301736,Lexus,CT,2013,13,100000.0,1,2000.0,1,Hybrid,Automatic,Black,used,1,Luxury,Phnom Penh,Tier_1,individual,16625.0,875.0,1,0.0,0,88.6,0.0,0,0,2026-08-24 10:11:10.066381+00
13464813,16500.0,9.711176264112805,Lexus,CT,2011,15,100000.0,1,2000.0,1,Hybrid,Automatic,White,used,1,Luxury,Phnom Penh,Tier_1,store,16500.0,0.0,0,0.0,0,116.6,0.0,0,0,2026-08-26 03:09:51.494732+00
13894336,15800.0,9.6678285081515,Kia,Cadenza,2015,11,100000.0,1,2000.0,1,Diesel,Automatic,Grey,used,1,Mass_Market,Phnom Penh,Tier_1,individual,15800.0,0.0,0,0.0,0,7.5,0.0,1,0,2026-08-24 10:11:05.982263+00
13360726,21900.0,9.994287576862567,JMC,Carrying Plus,2025,1,100000.0,1,2000.0,1,Diesel,Manual,White,new,0,Other,Phnom Penh,Tier_1,individual,21900.0,0.0,0,0.0,0,144.9,0.0,0,0,2026-08-24 10:11:19.253717+00
13927104,28000.0,10.239995502805316,JMC,Carrying Plus,2025,1,100000.0,1,2000.0,1,Petrol,Automatic,Gold,used,1,Other,Phnom Penh,Tier_1,store,28000.0,0.0,0,0.0,0,0.0,0.0,0,0,2026-08-25 10:21:08.957878+00
13936479,10500.0,9.259225769705994,BAIC,D50,2022,4,100000.0,1,2000.0,1,Petrol,Automatic,White,used,1,Chinese_EV,Phnom Penh,Tier_1,individual,10500.0,0.0,0,0.0,0,0.0,0.0,0,0,2026-08-27 12:08:27.255402+00
13432095,34000.0,10.434145214930487,AIQAR,EQ3,2024,2,100000.0,1,2000.0,1,Electric,Automatic,Black,new,0,Other,Phnom Penh,Tier_1,store,34000.0,0.0,0,0.0,0,126.0,0.0,0,0,2026-08-27 12:18:39.214779+00
13924595,15000.0,9.61587214452889,Ford,Ecospot,2021,5,100000.0,1,2000.0,1,Petrol,Automatic,White,used,1,Mass_Market,Phnom Penh,Tier_1,store,15000.0,0.0,0,0.0,0,0.4,0.0,1,1,2026-08-25 10:12:32.895327+00
13886101,14699.0,9.595602772766828,Geely,Geome 410 Range,2025,1,100000.0,1,2000.0,1,Electric,Automatic,White,used,1,Chinese_EV,Phnom Penh,Tier_1,individual,14699.0,0.0,0,0.0,0,3.8,0.0,0,0,2026-08-18 10:19:03.459664+00
13283991,23500.0,10.064798252418377,Lexus,HS,2010,16,100000.0,1,2000.0,1,Hybrid,Automatic,Grey,used,0,Luxury,Phnom Penh,Tier_1,store,23500.0,0.0,0,0.0,0,165.6,0.0,0,0,2026-08-26 02:57:21.940586+00
13250801,21600.0,9.980494888896912,Lexus,HS,2010,16,100000.0,1,2000.0,1,Hybrid,Automatic,Silver,used,0,Luxury,Phnom Penh,Tier_1,store,21600.0,0.0,0,0.0,0,175.6,0.0,0,0,2026-08-27 12:18:02.509201+00
13235300,22300.0,10.012386799492118,Lexus,HS,2010,16,100000.0,1,2000.0,1,Hybrid,Automatic,Black,used,0,Luxury,Phnom Penh,Tier_1,store,22300.0,0.0,0,0.0,0,173.7,0.0,0,0,2026-08-22 02:44:59.591531+00
13910907,20500.0,9.928228944424575,Lexus,HS,2010,16,100000.0,1,2000.0,1,Hybrid,Automatic,Other,used,1,Luxury,Phnom Penh,Tier_1,individual,20500.0,0.0,0,0.0,0,4.7,0.0,0,0,2026-08-26 03:00:56.082127+00
13860152,15999.0,9.680344001221918,Lexus,HS,2010,16,100000.0,1,2000.0,1,Hybrid,Automatic,Blue,used,1,Luxury,Phnom Penh,Tier_1,individual,15999.0,0.0,0,0.0,0,18.5,0.0,0,1,2026-08-26 03:06:54.866545+00
13621496,13900.0,9.539716058977092,Lexus,HS,2010,16,100000.0,1,2000.0,1,Petrol,Automatic,White,used,1,Luxury,Phnom Penh,Tier_1,individual,13900.0,0.0,0,0.0,0,78.0,0.0,0,0,2026-08-25 10:23:29.005852+00
13929583,17900.0,9.792611856190192,Lexus,HS,2010,16,100000.0,1,2000.0,1,Hybrid,Automatic,Black,used,1,Luxury,Phnom Penh,Tier_1,store,17900.0,0.0,0,0.0,0,0.0,0.0,0,0,2026-08-26 03:01:05.588926+00
13664350,20800.0,9.942756341456828,Lexus,HS,2010,16,100000.0,1,2000.0,1,Petrol,Automatic,White,used,1,Luxury,Phnom Penh,Tier_1,store,20800.0,0.0,0,0.0,0,69.9,0.0,0,0,2026-08-27 12:20:24.508132+00
13740863,23300.0,10.056251557087757,Lexus,HS,2010,16,100000.0,1,2000.0,1,Hybrid,Automatic,White,used,0,Luxury,Phnom Penh,Tier_1,store,23300.0,0.0,0,0.0,0,49.4,0.0,0,0,2026-08-26 03:08:03.251676+00
13662664,22000.0,9.99884318585288,Lexus,HS,2011,15,100000.0,1,2000.0,1,Petrol,Automatic,White,used,1,Luxury,Phnom Penh,Tier_1,store,22000.0,0.0,0,0.0,0,70.1,0.0,0,0,2026-08-27 12:05:58.285497+00
13459106,22500.0,10.021315031649332,Lexus,HS,2011,15,100000.0,1,2000.0,1,Hybrid,Automatic,White,used,1,Luxury,Phnom Penh,Tier_1,store,22500.0,0.0,0,0.0,0,118.1,0.0,0,0,2026-08-26 03:00:36.200695+00
13481119,15000.0,9.61587214452889,Lexus,IS F,2008,18,100000.0,1,2000.0,1,Petrol,Automatic,White,used,1,Luxury,Phnom Penh,Tier_1,individual,15000.0,0.0,0,0.0,0,111.5,0.0,0,0,2026-08-25 10:15:05.291222+00
13846497,21500.0,9.975854724662028,Lexus,IS F,2014,12,100000.0,1,2000.0,1,Petrol,Automatic,White,used,1,Luxury,Siem Reap,Tier_2,individual,21500.0,0.0,0,0.0,0,14.0,0.0,1,0,2026-08-18 10:19:02.521185+00
13467995,35000.0,10.463131911491967,Isuzu,MU-X,2018,8,100000.0,1,2000.0,1,Petrol,Automatic,White,used,1,Mass_Market,Phnom Penh,Tier_1,store,35000.0,0.0,0,0.0,0,117.0,0.0,0,0,2026-08-27 12:13:01.681792+00
13788687,42800.0,10.664316745782925,Isuzu,MU-X,2024,2,100000.0,1,2000.0,1,Diesel,Automatic,White,used,1,Mass_Market,Phnom Penh,Tier_1,individual,42800.0,0.0,0,0.0,0,38.1,0.0,0,0,2026-08-27 12:09:56.756003+00
13550522,46300.0,10.742918838113225,Isuzu,MU-X,2024,2,100000.0,1,2000.0,1,Diesel,Automatic,White,used,1,Mass_Market,Phnom Penh,Tier_1,individual,46300.0,0.0,0,0.0,0,90.8,0.0,0,0,2026-08-21 02:53:19.756008+00
13926907,48500.0,10.789339695269716,Isuzu,MU-X,2025,1,100000.0,1,2000.0,1,Diesel,Automatic,White,new,0,Mass_Market,Kampot,Tier_3,individual,48500.0,0.0,0,0.0,0,0.0,0.0,0,0,2026-08-25 10:23:49.08664+00
13935748,50500.0,10.829748417047593,Isuzu,MU-X,2026,0,100000.0,1,2000.0,1,Diesel,Automatic,Grey,used,1,Mass_Market,Phnom Penh,Tier_1,store,50500.0,0.0,0,0.0,0,0.0,0.0,0,0,2026-08-27 12:16:05.021967+00
13655251,21900.0,9.994287576862567,Isuzu,MU-X,2015,11,100000.0,1,2000.0,1,Diesel,Automatic,Black,used,1,Mass_Market,Phnom Penh,Tier_1,store,21900.0,0.0,0,0.0,0,69.9,0.0,1,0,2026-08-25 10:23:10.891332+00
13699339,21500.0,9.975854724662028,Isuzu,MU-X,2015,11,100000.0,1,2000.0,1,Diesel,Automatic,White,used,1,Mass_Market,Phnom Penh,Tier_1,store,21500.0,0.0,0,0.0,0,59.5,0.0,0,1,2026-08-25 10:27:29.91404+00
13551124,2999.0,8.006367567650246,Nissan,March,1994,32,100000.0,1,2000.0,1,Petrol,Automatic,Blue,used,1,Mass_Market,Siem Reap,Tier_2,individual,2999.0,0.0,0,0.0,0,95.0,0.0,0,0,2026-08-25 10:23:55.879387+00
13830629,2200.0,7.696667081526462,Nissan,March,1994,32,100000.0,1,2000.0,1,Petrol,Automatic,Grey,used,1,Mass_Market,Phnom Penh,Tier_1,individual,2200.0,0.0,0,0.0,0,25.6,0.0,0,0,2026-08-25 10:18:22.443117+00
13796510,2500.0,7.824445930877619,Nissan,March,1996,30,100000.0,1,2000.0,1,Petrol,Automatic,Blue,used,1,Mass_Market,Phnom Penh,Tier_1,individual,2500.0,0.0,0,0.0,0,27.8,0.0,0,1,2026-08-19 02:48:14.048551+00
13648408,1800.0,7.496097345175956,Nissan,March,2002,24,100000.0,1,2000.0,1,Petrol,Automatic,Red,used,1,Mass_Market,Phnom Penh,Tier_1,individual,1800.0,0.0,0,0.0,0,73.6,0.0,0,0,2026-08-27 12:10:25.129221+00
13901513,19900.0,9.898525260706313,Tesla,Model 3 Dual,2018,8,100000.0,1,2000.0,1,Electric,Automatic,Unknown,used,1,Other,Phnom Penh,Tier_1,store,19900.0,0.0,0,0.0,0,3.4,0.0,0,0,2026-08-22 02:44:50.615693+00
13277789,63800.0,11.063524143191238,Lexus,NX250,2022,4,100000.0,1,2000.0,1,Petrol,Automatic,White,used,1,Luxury,Phnom Penh,Tier_1,store,63800.0,0.0,0,0.0,0,168.7,0.0,1,0,2026-08-27 12:17:02.525016+00
13745634,65700.0,11.092869425057021,Lexus,NX250,2022,4,100000.0,1,2000.0,1,Petrol,Automatic,Silver,used,1,Luxury,Phnom Penh,Tier_1,individual,65700.0,0.0,0,0.0,0,47.6,0.0,0,0,2026-08-25 10:20:54.261284+00
13926768,31500.0,10.357774570341576,Changan,QIYUAN Q07 2026⚡️PHEVស្តុតថ្មី,2025,1,100000.0,1,2000.0,1,Petrol,Automatic,White,new,1,Chinese_EV,Phnom Penh,Tier_1,individual,31500.0,0.0,0,0.0,0,0.0,0.0,0,0,2026-08-25 10:25:37.424792+00
13881472,16500.0,9.711176264112805,Kia,Sportage,2016,10,100000.0,1,2000.0,1,Petrol,Automatic,Silver,used,1,Mass_Market,Phnom Penh,Tier_1,store,16500.0,0.0,0,0.0,0,14.1,0.0,0,0,2026-08-27 12:16:53.850286+00
13560565,30888.0,10.338155412452387,Hyundai,Staria,2023,3,100000.0,1,2000.0,1,Diesel,Automatic,Black,used,1,Mass_Market,Phnom Penh,Tier_1,store,30888.0,0.0,0,0.0,0,94.9,0.0,0,0,2026-08-27 12:15:34.292575+00
13903471,29500.0,10.292179440058462,Hyundai,Staria,2022,4,100000.0,1,2000.0,1,Diesel,Automatic,Black,used,1,Mass_Market,Phnom Penh,Tier_1,store,29500.0,0.0,0,0.0,0,6.7,0.0,0,0,2026-08-26 03:05:25.794336+00
13908431,44900.0,10.712215345197256,Hyundai,Staria,2025,1,100000.0,1,2000.0,1,Diesel,Automatic,Black,used,1,Mass_Market,Phnom Penh,Tier_1,store,44900.0,0.0,0,0.0,0,4.8,0.0,0,0,2026-08-25 10:22:16.924133+00
13504442,56400.0,10.94024216782542,Hyundai,Staria,2025,1,100000.0,1,2000.0,1,Diesel,Automatic,White,new,0,Mass_Market,Siem Reap,Tier_2,store,56400.0,0.0,0,0.0,0,104.8,0.0,0,0,2026-08-24 10:11:19.257637+00
13906790,29000.0,10.275085591132715,Hyundai,Staria,2022,4,100000.0,1,2000.0,1,Diesel,Automatic,Black,used,1,Mass_Market,Phnom Penh,Tier_1,store,29000.0,0.0,0,0.0,0,5.1,0.0,0,0,2026-08-25 10:27:04.426813+00
13579214,40000.0,10.596659732783579,Hyundai,Staria,2022,4,100000.0,1,2000.0,1,Diesel,Automatic,Black,used,1,Mass_Market,Phnom Penh,Tier_1,store,40000.0,0.0,0,0.0,0,89.3,0.0,0,0,2026-08-26 03:08:25.031947+00
13828337,26000.0,10.165890277802454,Hyundai,Staria,2022,4,100000.0,1,2000.0,1,Diesel,Automatic,Black,used,1,Mass_Market,Phnom Penh,Tier_1,store,26000.0,0.0,0,0.0,0,25.9,0.0,1,0,2026-08-25 10:29:24.37955+00
13919269,35900.0,10.488520429241627,Hyundai,Staria,2022,4,100000.0,1,2000.0,1,Diesel,Automatic,Black,used,1,Mass_Market,Phnom Penh,Tier_1,individual,38900.0,3000.0,1,0.0,0,3.8,0.0,0,0,2026-08-27 12:06:06.129223+00
13708127,42800.0,10.664316745782925,Hyundai,Staria,2022,4,100000.0,1,2000.0,1,Diesel,Automatic,White,used,1,Mass_Market,Phnom Penh,Tier_1,store,42800.0,0.0,0,0.0,0,57.6,0.0,0,0,2026-08-26 03:02:33.936983+00
13281392,37500.0,10.53212287826962,Hyundai,Staria,2022,4,100000.0,1,2000.0,1,Diesel,Automatic,White,used,1,Mass_Market,Phnom Penh,Tier_1,store,37500.0,0.0,0,0.0,0,167.8,0.0,0,0,2026-08-27 12:09:32.977614+00
13797430,27800.0,10.2328272702548,Hyundai,Staria,2022,4,100000.0,1,2000.0,1,Diesel,Automatic,White,used,0,Mass_Market,Phnom Penh,Tier_1,store,27800.0,0.0,0,0.0,0,28.9,0.0,0,0,2026-08-20 08:37:32.542818+00
13523601,47900.0,10.776891660007811,Hyundai,Staria,2026,0,100000.0,1,2000.0,1,Diesel,Automatic,Black,new,0,Mass_Market,Siem Reap,Tier_2,store,47900.0,0.0,0,0.0,0,100.0,0.0,0,0,2026-08-24 10:11:19.256189+00
13569577,58400.0,10.975088291957388,Hyundai,Staria,2026,0,100000.0,1,2000.0,1,Diesel,Automatic,Black,new,0,Mass_Market,Siem Reap,Tier_2,store,58400.0,0.0,0,0.0,0,89.8,0.0,0,0,2026-08-24 10:11:19.256189+00
13270597,56400.0,10.94024216782542,Hyundai,Staria,2025,1,100000.0,1,2000.0,1,Diesel,Automatic,Black,new,0,Mass_Market,Phnom Penh,Tier_1,store,56400.0,0.0,0,0.0,0,170.1,0.0,0,0,2026-08-27 12:19:00.005643+00
13417135,36000.0,10.491301994830229,Hyundai,Tucson,2022,4,100000.0,1,2000.0,1,Petrol,Automatic,White,used,1,Mass_Market,Phnom Penh,Tier_1,store,36000.0,0.0,0,0.0,0,127.7,0.0,1,0,2026-08-26 03:07:40.452704+00
13544145,45500.0,10.725489582719506,Hyundai,Tucson,2025,1,100000.0,1,2000.0,1,Diesel,Automatic,Grey,new,0,Mass_Market,Siem Reap,Tier_2,store,45500.0,0.0,0,0.0,0,95.8,0.0,0,0,2026-08-24 10:11:19.256189+00
13692516,37800.0,10.540090836284206,Mercedes-Benz,V-Class,2015,11,100000.0,1,2000.0,1,Diesel,Automatic,White,used,1,Luxury,Phnom Penh,Tier_1,store,37800.0,0.0,0,0.0,0,61.7,0.0,0,0,2026-08-26 03:07:05.268092+00
13936163,27000.0,10.203629181337648,Mercedes-Benz,V-Class,2015,11,100000.0,1,2000.0,1,Diesel,Automatic,Black,used,1,Luxury,Phnom Penh,Tier_1,store,27000.0,0.0,0,0.0,0,0.0,0.0,0,0,2026-08-27 12:13:45.790768+00
13935518,65000.0,11.082157933374816,Mercedes-Benz,V-Class,2022,4,100000.0,1,2000.0,1,Petrol,Automatic,Black,used,1,Luxury,Phnom Penh,Tier_1,individual,65000.0,0.0,0,0.0,0,0.0,0.0,0,0,2026-08-27 12:18:53.200877+00
13936150,36500.0,10.505094936455558,Mercedes-Benz,V-Class,2019,7,100000.0,1,2000.0,1,Diesel,Automatic,White,used,1,Luxury,Phnom Penh,Tier_1,individual,36500.0,0.0,0,0.0,0,0.0,0.0,0,0,2026-08-27 12:13:53.29711+00
13368369,44900.0,10.712215345197256,Mercedes-Benz,V-Class,2019,7,100000.0,1,2000.0,1,Petrol,Automatic,Black,used,1,Luxury,Phnom Penh,Tier_1,store,49900.0,5000.0,1,0.0,0,146.1,0.0,0,0,2026-08-27 12:19:31.26017+00
13866951,17777.0,9.78571701680162,Mercedes-Benz,V-Class,2016,10,100000.0,1,2000.0,1,Petrol,Automatic,White,used,1,Luxury,Phnom Penh,Tier_1,store,17777.0,0.0,0,0.0,0,17.9,0.0,0,0,2026-08-27 12:18:01.62922+00
13873886,27500.0,10.221977646629885,Mercedes-Benz,V-Class,2015,11,100000.0,1,2000.0,1,Diesel,Automatic,White,used,1,Luxury,Phnom Penh,Tier_1,store,27500.0,0.0,0,0.0,0,11.6,0.0,0,0,2026-08-23 02:53:15.728857+00
13368388,33900.0,10.431199791458543,JMC,Vigus Pro,2026,0,100000.0,1,2000.0,1,Diesel,Automatic,Black,new,0,Other,Phnom Penh,Tier_1,store,33900.0,0.0,0,0.0,0,137.0,0.0,0,0,2026-08-18 10:18:55.820733+00
13292051,32900.0,10.401258331428318,JMC,Vigus Pro,2026,0,100000.0,1,2000.0,1,Diesel,Automatic,White,new,0,Other,Phnom Penh,Tier_1,store,32900.0,0.0,0,0.0,0,155.9,0.0,0,0,2026-08-18 10:18:55.820733+00
13240941,32900.0,10.401258331428318,JMC,Vigus Pro,2026,0,100000.0,1,2000.0,1,Diesel,Automatic,White,new,0,Other,Phnom Penh,Tier_1,store,32900.0,0.0,0,0.0,0,168.8,0.0,0,0,2026-08-18 10:18:55.820733+00
13618633,49800.0,10.815790343132422,BMW,X1,2026,0,100000.0,1,2000.0,1,Electric,Automatic,White,new,0,Luxury,Phnom Penh,Tier_1,store,49800.0,0.0,0,0.0,0,80.9,0.0,0,0,2026-08-27 12:11:54.997706+00
13851673,19000.0,9.852246888342531,Jaguar,XJ Series,2013,13,100000.0,1,2000.0,1,Petrol,Automatic,Silver,used,1,Other,Phnom Penh,Tier_1,store,19000.0,0.0,0,0.0,0,21.9,0.0,0,0,2026-08-27 12:20:18.145053+00
13813444,19000.0,9.852246888342531,Jaguar,XJ Series,2013,13,100000.0,1,2000.0,1,Petrol,Automatic,Silver,used,1,Other,Phnom Penh,Tier_1,store,19000.0,0.0,0,0.0,0,31.8,0.0,0,0,2026-08-27 12:13:32.74698+00
13463817,25700.0,10.154285180632154,Mitsubishi,Xpander,2023,3,100000.0,1,2000.0,1,Petrol,Automatic,White,used,1,Mass_Market,Phnom Penh,Tier_1,individual,25700.0,0.0,0,0.0,0,109.7,0.0,0,0,2026-08-19 02:48:01.900878+00
13898144,18500.0,9.825580063659602,ផ្សេងៗ,x3,2021,5,100000.0,1,2000.0,1,Petrol,Automatic,Blue,used,0,Other,Phnom Penh,Tier_1,individual,18500.0,0.0,0,0.0,0,9.7,0.0,0,0,2026-08-27 12:06:10.855057+00
13890829,19500.0,9.87822102528824,Lexus,330-2005-HFULL ប៉ុង1ក្នុងលឿង ពន្ទុក70🥇រុំលោះ💯%,2005,21,100000.0,1,2000.0,1,Petrol,Automatic,Yellow,used,1,Luxury,Phnom Penh,Tier_1,individual,19500.0,0.0,0,0.0,0,4.5,0.0,0,0,2026-08-20 08:37:51.428024+00
13570309,23000.0,10.043292972227004,ផ្សេងៗ,3T,2025,1,100000.0,1,2000.0,1,Electric,Manual,White,new,0,Other,Phnom Penh,Tier_1,store,23000.0,0.0,0,0.0,0,92.7,0.0,0,0,2026-08-27 12:15:43.762675+00
13905059,37000.0,10.518700218288165,MG,7,2025,1,100000.0,1,2000.0,1,Petrol,Automatic,Black,used,1,Chinese_EV,Preah Sihanouk,Tier_2,individual,37000.0,0.0,0,0.0,0,7.9,0.0,0,0,2026-08-27 12:05:58.895622+00
13893971,7200.0,8.881975184248867,Honda,Accord,2007,19,100000.0,1,2000.0,1,Petrol,Automatic,Silver,used,1,Mass_Market,Phnom Penh,Tier_1,individual,7200.0,0.0,0,0.0,0,9.3,0.0,0,0,2026-08-26 03:09:39.185646+00
13739649,5000.0,8.517393171418904,Honda,Accord,1999,27,100000.0,1,2000.0,1,Petrol,Automatic,White,used,1,Mass_Market,Phnom Penh,Tier_1,individual,5000.0,0.0,0,0.0,0,43.8,0.0,0,0,2026-08-20 08:37:33.860904+00
13574940,11400.0,9.34145634983372,Toyota,Belta,2010,16,100000.0,1,2000.0,1,Petrol,Automatic,Unknown,used,0,Mass_Market,Phnom Penh,Tier_1,store,11400.0,0.0,0,0.0,0,91.6,0.0,0,0,2026-08-27 12:07:38.653292+00
13558646,26800.0,10.196194479235656,Leapmotor,C01,2024,2,100000.0,1,2000.0,1,Electric,Automatic,White,new,0,Other,Phnom Penh,Tier_1,store,26800.0,0.0,0,0.0,0,95.5,0.0,0,0,2026-08-27 12:20:17.53845+00
13433204,15500.0,9.648659816955295,Mercedes-Benz,C250,2013,13,100000.0,1,2000.0,1,Petrol,Manual,White,used,1,Luxury,Phnom Penh,Tier_1,store,15500.0,0.0,0,0.0,0,122.7,0.0,0,1,2026-08-24 10:11:14.109778+00
13785663,28500.0,10.25769445336048,Mercedes-Benz,CLA-45,2014,12,100000.0,1,2000.0,1,Petrol,Automatic,White,used,0,Luxury,Phnom Penh,Tier_1,store,28500.0,0.0,0,0.0,0,33.7,0.0,0,0,2026-08-22 02:44:59.590324+00
13769747,28900.0,10.27163147557801,Mercedes-Benz,CLA-45,2014,12,100000.0,1,2000.0,1,Petrol,Automatic,Black,used,1,Luxury,Phnom Penh,Tier_1,store,28900.0,0.0,0,0.0,0,42.3,0.0,0,0,2026-08-26 03:03:25.059823+00
13935853,23300.0,10.056251557087757,Mercedes-Benz,CLA-45,2015,11,100000.0,1,2000.0,1,Petrol,Automatic,White,used,1,Luxury,Phnom Penh,Tier_1,individual,23300.0,0.0,0,0.0,0,0.0,0.0,0,0,2026-08-27 12:15:07.514384+00
13468543,26800.0,10.196194479235656,Mercedes-Benz,CLA-45,2014,12,100000.0,1,2000.0,1,Petrol,Automatic,White,used,1,Luxury,Phnom Penh,Tier_1,store,26800.0,0.0,0,0.0,0,117.0,0.0,0,0,2026-08-27 12:20:36.199978+00
13607456,23800.0,10.077482875583607,Mercedes-Benz,CLA-45,2014,12,100000.0,1,2000.0,1,Petrol,Automatic,Black,used,1,Luxury,Phnom Penh,Tier_1,store,23800.0,0.0,0,0.0,0,83.8,0.0,0,0,2026-08-27 12:19:37.977707+00
13811532,4500.0,8.412054873292933,Honda,CRV,2000,26,100000.0,1,2000.0,1,Petrol,Automatic,Unknown,used,1,Mass_Market,Phnom Penh,Tier_1,individual,4500.0,0.0,0,0.0,0,30.8,0.0,0,0,2026-08-26 02:55:55.723835+00
13929592,3350.0,8.11701408773731,Honda,CRV,1997,29,100000.0,1,2000.0,1,Petrol,Automatic,Unknown,used,1,Mass_Market,Phnom Penh,Tier_1,store,3350.0,0.0,0,0.0,0,0.0,0.0,0,0,2026-08-26 03:00:33.336144+00
13280092,21000.0,9.952325334619427,Honda,CRV,2019,7,100000.0,1,2000.0,1,Petrol,Automatic,Unknown,used,1,Mass_Market,Phnom Penh,Tier_1,store,21000.0,0.0,0,0.0,0,168.0,0.0,0,0,2026-08-27 12:09:11.077814+00
13835885,15800.0,9.6678285081515,Lexus,CT200h,2012,14,100000.0,1,2000.0,1,Hybrid,Automatic,White,used,1,Luxury,Phnom Penh,Tier_1,store,15800.0,0.0,0,0.0,0,24.6,0.0,1,0,2026-08-26 02:59:46.871089+00
13922685,15400.0,9.642187721358466,Lexus,CT200h,2012,14,100000.0,1,2000.0,1,Hybrid,Automatic,Black,used,1,Luxury,Phnom Penh,Tier_1,individual,15400.0,0.0,0,0.0,0,0.8,0.0,0,0,2026-08-25 10:21:00.982887+00
13726281,27500.0,10.221977646629885,Mini,Cooper Countryman,2017,9,100000.0,1,2000.0,1,Petrol,Automatic,Orange,used,0,Other,Phnom Penh,Tier_1,store,27500.0,0.0,0,0.0,0,54.6,0.0,1,0,2026-08-27 12:09:06.470843+00
13926796,56700.0,10.945547126244623,Mini,Cooper Countryman,2024,2,100000.0,1,2000.0,1,Petrol,Automatic,Black,used,0,Other,Phnom Penh,Tier_1,store,56700.0,0.0,0,0.0,0,0.0,0.0,0,0,2026-08-25 10:25:24.965113+00
13873863,25500.0,10.146472946063877,Mini,Cooper Countryman,2017,9,100000.0,1,2000.0,1,Petrol,Automatic,Blue,used,1,Other,Phnom Penh,Tier_1,store,25500.0,0.0,0,0.0,0,14.6,0.0,0,0,2026-08-26 03:07:57.765136+00
13761304,12500.0,9.433563920090563,Mini,Cooper Countryman,2014,12,100000.0,1,2000.0,1,Petrol,Automatic,Black,used,1,Other,Phnom Penh,Tier_1,individual,12500.0,0.0,0,0.0,0,45.8,0.0,0,0,2026-08-27 12:18:26.968906+00
13769027,16000.0,9.680406499268875,Mini,Cooper Countryman,2012,14,100000.0,1,2000.0,1,Petrol,Automatic,Yellow,used,0,Other,Phnom Penh,Tier_1,store,17500.0,1500.0,1,0.0,0,42.5,0.0,0,0,2026-08-26 03:04:59.392192+00
13926541,99900.0,11.511934974596555,Cadillac,Escalate ESV l,2021,5,100000.0,1,2000.0,1,Petrol,Automatic,White,used,1,Luxury,Phnom Penh,Tier_1,store,99900.0,0.0,0,0.0,0,0.0,0.0,0,0,2026-08-25 10:27:38.477393+00
13917598,99900.0,11.511934974596555,Cadillac,Escalate ESV l,2021,5,100000.0,1,2000.0,1,Petrol,Automatic,Unknown,used,1,Luxury,Phnom Penh,Tier_1,store,99900.0,0.0,0,0.0,0,0.0,0.0,0,0,2026-08-23 02:53:00.51529+00
13903415,125000.0,11.736077016252437,Cadillac,Escalate ESV l,2021,5,100000.0,1,2000.0,1,Petrol,Automatic,Unknown,used,1,Luxury,Phnom Penh,Tier_1,store,125000.0,0.0,0,0.0,0,0.0,0.0,0,0,2026-08-19 02:48:14.048448+00
13516550,16500.0,9.711176264112805,Ford,F350,2008,18,100000.0,1,2000.0,1,Diesel,Automatic,Blue,used,1,Mass_Market,Phnom Penh,Tier_1,store,16500.0,0.0,0,0.0,0,103.6,0.0,1,0,2026-08-26 03:04:56.813549+00
13691360,14300.0,9.568084743872936,Hyundai,Grand Starex,2014,12,100000.0,1,2000.0,1,Diesel,Automatic,Unknown,used,0,Mass_Market,Phnom Penh,Tier_1,store,14300.0,0.0,0,0.0,0,54.8,0.0,0,0,2026-08-19 02:48:03.341395+00
13862409,4600.0,8.434028950155469,Hyundai,Grand Starex,2004,22,100000.0,1,2000.0,1,Diesel,Automatic,Unknown,used,1,Mass_Market,Svay Rieng,Tier_3,individual,4600.0,0.0,0,0.0,0,9.0,0.0,0,0,2026-08-17 08:51:05.505239+00
13927538,15000.0,9.61587214452889,HUMMER,H2,2005,21,100000.0,1,2000.0,1,Petrol,Automatic,Red,used,1,Other,Phnom Penh,Tier_1,individual,15000.0,0.0,0,0.0,0,0.0,0.0,0,0,2026-08-25 10:17:02.094941+00
13574445,12900.0,9.465060106725137,HUMMER,H2,2006,20,100000.0,1,2000.0,1,Petrol,Automatic,White,used,1,Other,Phnom Penh,Tier_1,store,12900.0,0.0,0,0.0,0,85.3,0.0,0,0,2026-08-21 02:53:19.75504+00
13548663,38000.0,10.545367754151743,Hyundai,IONIQ,2024,2,100000.0,1,2000.0,1,Electric,Automatic,Grey,new,0,Mass_Market,Phnom Penh,Tier_1,store,38000.0,0.0,0,0.0,0,97.9,0.0,0,0,2026-08-27 12:10:52.545582+00
13208042,35800.0,10.485731104959568,BMW,IX1 xDrive30L EV,2024,2,100000.0,1,2000.0,1,Electric,Automatic,Unknown,new,0,Luxury,Phnom Penh,Tier_1,store,35800.0,0.0,0,0.0,0,179.7,0.0,0,0,2026-08-21 02:53:26.242186+00
13896825,9500.0,9.15915233520675,SsangYong,Istana - ធូរីស,1999,27,100000.0,1,2000.0,1,Diesel,Manual,White,used,1,Other,Banteay Meanchey,Tier_3,individual,9500.0,0.0,0,0.0,0,9.9,0.0,0,0,2026-08-27 12:13:54.988725+00
13782827,11900.0,9.38437770918244,SsangYong,Istana - ធូរីស,2002,24,100000.0,1,2000.0,1,Diesel,Manual,White,used,1,Other,Phnom Penh,Tier_1,individual,11900.0,0.0,0,0.0,0,38.0,0.0,0,0,2026-08-25 10:20:37.56877+00
13774382,12000.0,9.392745258631441,SsangYong,Istana - ធូរីស,2002,24,100000.0,1,2000.0,1,Diesel,Manual,White,used,1,Other,Phnom Penh,Tier_1,individual,12000.0,0.0,0,0.0,0,33.1,0.0,0,0,2026-08-18 10:18:52.997731+00
13537415,19800.0,9.893487720457795,ផ្សេងៗ,L7 Range 530km,2025,1,100000.0,1,2000.0,1,Electric,Automatic,White,new,0,Other,Phnom Penh,Tier_1,store,19800.0,0.0,0,0.0,0,100.1,0.0,0,0,2026-08-27 12:07:38.06597+00
13384648,18500.0,9.825580063659602,Toyota,Land Cruiser PRADO,2004,22,100000.0,1,2000.0,1,Petrol,Automatic,Silver,used,1,Mass_Market,Phnom Penh,Tier_1,individual,18500.0,0.0,0,0.0,0,132.9,0.0,0,0,2026-08-18 10:19:07.205227+00
13922322,17600.0,9.77571099759397,Toyota,Land Cruiser PRADO,2004,22,100000.0,1,2000.0,1,Petrol,Automatic,Black,used,1,Mass_Market,Phnom Penh,Tier_1,store,17600.0,0.0,0,0.0,0,1.6,0.0,0,1,2026-08-26 03:01:12.496984+00
13346191,28900.0,10.27163147557801,Toyota,Land Cruiser PRADO,2010,16,100000.0,1,2000.0,1,Diesel,Automatic,Black,used,1,Mass_Market,Phnom Penh,Tier_1,individual,28900.0,0.0,0,0.0,0,145.5,0.0,0,0,2026-08-21 02:53:22.425667+00
13822105,27555.0,10.223975576713087,Toyota,Land Cruiser PRADO,2010,16,100000.0,1,2000.0,1,Petrol,Automatic,White,used,1,Mass_Market,Phnom Penh,Tier_1,store,27555.0,0.0,0,0.0,0,28.4,0.0,0,0,2026-08-26 03:02:11.307134+00
13908849,35500.0,10.477316144080852,Toyota,Land Cruiser PRADO,2010,16,100000.0,1,2000.0,1,Petrol,Automatic,White,used,1,Mass_Market,Phnom Penh,Tier_1,individual,35500.0,0.0,0,0.0,0,5.5,0.0,1,0,2026-08-26 03:01:43.241294+00
13780311,16500.0,9.711176264112805,Toyota,Land Cruiser PRADO,2007,19,100000.0,1,2000.0,1,Petrol,Automatic,Black,used,1,Mass_Market,Phnom Penh,Tier_1,individual,16500.0,0.0,0,0.0,0,34.5,0.0,0,0,2026-08-21 02:53:04.838357+00
13723761,19500.0,9.87822102528824,Toyota,Land Cruiser PRADO,2008,18,100000.0,1,2000.0,1,Petrol,Automatic,Black,used,1,Mass_Market,Phnom Penh,Tier_1,store,19500.0,0.0,0,0.0,0,46.0,0.0,0,0,2026-08-18 10:19:07.203515+00
13878480,14500.0,9.581972891547895,Toyota,Land Cruiser PRADO,1997,29,100000.0,1,2000.0,1,Diesel,Automatic,Green,used,1,Mass_Market,Siem Reap,Tier_2,store,14500.0,0.0,0,0.0,0,5.8,0.0,0,0,2026-08-18 10:18:51.126398+00
13794025,16800.0,9.729193687429403,Toyota,Land Cruiser PRADO,2005,21,100000.0,1,2000.0,1,Diesel,Automatic,Black,used,1,Mass_Market,Phnom Penh,Tier_1,individual,16800.0,0.0,0,0.0,0,34.9,0.0,0,0,2026-08-25 10:16:18.062747+00
13693429,35500.0,10.477316144080852,Toyota,Land Cruiser PRADO,2012,14,100000.0,1,2000.0,1,Petrol,Automatic,Black,used,1,Mass_Market,Phnom Penh,Tier_1,store,35500.0,0.0,0,0.0,0,62.9,0.0,0,0,2026-08-27 12:17:29.141573+00
13651854,27800.0,10.2328272702548,Toyota,Land Cruiser PRADO,2012,14,100000.0,1,2000.0,1,Petrol,Automatic,Black,used,1,Mass_Market,Phnom Penh,Tier_1,store,27800.0,0.0,0,0.0,0,71.5,0.0,0,0,2026-08-26 03:02:36.086476+00
13331143,69000.0,11.141876276228,Ford,Mustang,2024,2,100000.0,1,2000.0,1,Petrol,Automatic,Grey,new,0,Mass_Market,Phnom Penh,Tier_1,store,69000.0,0.0,0,0.0,0,154.3,0.0,1,0,2026-08-26 03:05:58.037938+00
13788558,19300.0,9.867912187022208,Ford,Mustang,2015,11,100000.0,1,2000.0,1,Petrol,Automatic,Yellow,used,1,Mass_Market,Phnom Penh,Tier_1,store,19300.0,0.0,0,0.0,0,29.8,0.0,1,0,2026-08-19 02:48:03.341817+00
13852859,19500.0,9.87822102528824,Ford,Mustang,2015,11,100000.0,1,2000.0,1,Petrol,Automatic,White,used,1,Mass_Market,Phnom Penh,Tier_1,store,19500.0,0.0,0,0.0,0,19.6,0.0,1,0,2026-08-25 10:19:06.08383+00
13926614,17500.0,9.770013301136158,Ford,Mustang,2015,11,100000.0,1,2000.0,1,Petrol,Automatic,White,used,1,Mass_Market,Kampot,Tier_3,store,17500.0,0.0,0,0.0,0,0.0,0.0,0,0,2026-08-25 10:26:17.52797+00
13908818,12500.0,9.433563920090563,Ford,Mustang,2015,11,100000.0,1,2000.0,1,Petrol,Automatic,Unknown,used,1,Mass_Market,Phnom Penh,Tier_1,individual,12500.0,0.0,0,0.0,0,1.4,0.0,0,0,2026-08-22 02:44:50.613669+00
13922530,16500.0,9.711176264112805,Ford,Mustang,2015,11,100000.0,1,2000.0,1,Petrol,Automatic,Unknown,used,1,Mass_Market,Siem Reap,Tier_2,individual,16500.0,0.0,0,0.0,0,1.5,0.0,1,0,2026-08-26 03:03:59.728288+00
13827893,26800.0,10.196194479235656,ផ្សេងៗ,RD6 ជិះបាន 20000km,2024,2,100000.0,1,2000.0,1,Hybrid,Automatic,Black,used,1,Other,Phnom Penh,Tier_1,store,26800.0,0.0,0,0.0,0,28.1,0.0,0,0,2026-08-27 12:12:45.456452+00
13671246,20800.0,9.942756341456828,Lexus,RX400h,2006,20,100000.0,1,2000.0,1,Hybrid,Automatic,White,used,1,Luxury,Phnom Penh,Tier_1,store,20800.0,0.0,0,0.0,0,68.0,0.0,0,0,2026-08-27 12:11:44.281982+00
13385132,18900.0,9.846970109700957,Lexus,RX400h,2006,20,100000.0,1,2000.0,1,Hybrid,Automatic,Gold,used,1,Luxury,Phnom Penh,Tier_1,store,18900.0,0.0,0,0.0,0,141.9,0.0,1,0,2026-08-27 12:10:49.971749+00
13363653,24800.0,10.118639253920785,Lexus,RX400h,2006,20,100000.0,1,2000.0,1,Petrol,Automatic,White,used,1,Luxury,Phnom Penh,Tier_1,store,24800.0,0.0,0,0.0,0,145.7,0.0,0,0,2026-08-26 03:02:53.376885+00
13913975,18500.0,9.825580063659602,Lexus,RX400h,2006,20,100000.0,1,2000.0,1,Petrol,Automatic,Gold,used,1,Luxury,Phnom Penh,Tier_1,store,18500.0,0.0,0,0.0,0,3.7,0.0,0,0,2026-08-26 02:58:56.01087+00
13885673,20000.0,9.90353755128617,Lexus,RX400h,2006,20,100000.0,1,2000.0,1,Hybrid,Automatic,Silver,used,1,Luxury,Phnom Penh,Tier_1,individual,20000.0,0.0,0,0.0,0,6.6,0.0,0,0,2026-08-21 02:53:04.838743+00
13901463,19000.0,9.852246888342531,Lexus,RX400h,2006,20,100000.0,1,2000.0,1,Petrol,Automatic,White,used,1,Luxury,Phnom Penh,Tier_1,individual,19000.0,0.0,0,0.0,0,0.0,0.0,1,1,2026-08-18 10:19:03.459664+00
13476260,20800.0,9.942756341456828,Lexus,RX400h,2006,20,100000.0,1,2000.0,1,Hybrid,Automatic,White,used,1,Luxury,Phnom Penh,Tier_1,individual,20800.0,0.0,0,0.0,0,113.4,0.0,0,0,2026-08-26 03:04:15.766903+00
13721816,19900.0,9.898525260706313,Lexus,RX400h,2006,20,100000.0,1,2000.0,1,Hybrid,Automatic,White,used,1,Luxury,Phnom Penh,Tier_1,individual,19900.0,0.0,0,0.0,0,51.4,0.0,0,0,2026-08-23 02:53:10.565408+00
13586242,20800.0,9.942756341456828,Lexus,RX400h,2006,20,100000.0,1,2000.0,1,Hybrid,Automatic,Grey,used,1,Luxury,Phnom Penh,Tier_1,store,20800.0,0.0,0,0.0,0,87.6,0.0,0,0,2026-08-26 03:08:50.659053+00
13760238,18000.0,9.798182590890704,Lexus,RX400h,2006,20,100000.0,1,2000.0,1,Hybrid,Automatic,Gold,used,1,Luxury,Phnom Penh,Tier_1,store,18500.0,500.0,1,0.0,0,43.9,0.0,0,0,2026-08-25 10:23:25.514085+00
13447299,16500.0,9.711176264112805,Lexus,RX400h,2006,20,100000.0,1,2000.0,1,Hybrid,Automatic,Gold,used,1,Luxury,Phnom Penh,Tier_1,store,16500.0,0.0,0,0.0,0,122.1,0.0,0,0,2026-08-27 12:10:01.02882+00
13617483,18200.0,9.809231816610408,Lexus,RX400h,2006,20,100000.0,1,2000.0,1,Hybrid,Automatic,Gold,used,1,Luxury,Phnom Penh,Tier_1,store,18200.0,0.0,0,0.0,0,81.1,0.0,0,0,2026-08-27 12:09:21.668556+00
13927479,20800.0,9.942756341456828,Lexus,RX400h,2006,20,100000.0,1,2000.0,1,Petrol,Automatic,White,used,1,Luxury,Phnom Penh,Tier_1,store,20800.0,0.0,0,0.0,0,0.0,0.0,0,0,2026-08-25 10:16:38.957627+00
13912448,20500.0,9.928228944424575,Lexus,RX400h,2006,20,100000.0,1,2000.0,1,Petrol,Automatic,White,used,1,Luxury,Phnom Penh,Tier_1,store,20500.0,0.0,0,0.0,0,4.5,0.0,0,0,2026-08-26 03:00:16.899126+00
13575530,19900.0,9.898525260706313,Lexus,RX400h,2006,20,100000.0,1,2000.0,1,Hybrid,Automatic,Silver,used,1,Luxury,Phnom Penh,Tier_1,individual,19900.0,0.0,0,0.0,0,89.1,0.0,0,0,2026-08-25 10:24:09.972823+00
13908398,18000.0,9.798182590890704,Lexus,RX400h,2006,20,100000.0,1,2000.0,1,Petrol,Automatic,White,used,1,Luxury,Phnom Penh,Tier_1,individual,18000.0,0.0,0,0.0,0,0.0,0.0,0,0,2026-08-20 08:37:46.965125+00
13780056,21500.0,9.975854724662028,Lexus,RX400h,2006,20,100000.0,1,2000.0,1,Hybrid,Automatic,White,used,1,Luxury,Battambang,Tier_2,individual,21500.0,0.0,0,0.0,0,38.8,0.0,0,0,2026-08-25 10:21:10.270074+00
13838318,20500.0,9.928228944424575,Lexus,RX400h,2006,20,100000.0,1,2000.0,1,Hybrid,Automatic,White,used,1,Luxury,Phnom Penh,Tier_1,store,20500.0,0.0,0,0.0,0,23.0,0.0,1,0,2026-08-25 10:21:17.157622+00
13816097,27000.0,10.203629181337648,Lexus,RX400h,2010,16,100000.0,1,2000.0,1,Hybrid,Automatic,White,used,1,Luxury,Phnom Penh,Tier_1,individual,27000.0,0.0,0,0.0,0,29.6,0.0,0,0,2026-08-26 03:02:43.967728+00
13414099,19000.0,9.852246888342531,Lexus,RX400h,2006,20,100000.0,1,2000.0,1,Hybrid,Automatic,Gold,used,1,Luxury,Phnom Penh,Tier_1,store,19000.0,0.0,0,0.0,0,130.0,0.0,0,0,2026-08-27 12:10:20.907185+00
13907344,18200.0,9.809231816610408,Lexus,RX400h,2006,20,100000.0,1,2000.0,1,Hybrid,Automatic,Gold,used,1,Luxury,Phnom Penh,Tier_1,store,18200.0,0.0,0,0.0,0,2.7,0.0,0,0,2026-08-23 02:53:17.439072+00
13541767,26000.0,10.165890277802454,Lexus,RX400h,2007,19,100000.0,1,2000.0,1,Hybrid,Automatic,White,used,1,Luxury,Phnom Penh,Tier_1,individual,26000.0,0.0,0,0.0,0,90.7,0.0,0,0,2026-08-19 02:48:06.126772+00
13876450,16900.0,9.735128070758227,Lexus,RX400h,2007,19,100000.0,1,2000.0,1,Hybrid,Automatic,Gold,used,1,Luxury,Phnom Penh,Tier_1,store,16900.0,0.0,0,0.0,0,8.8,0.0,0,0,2026-08-21 02:53:24.911625+00
13917952,21500.0,9.975854724662028,Lexus,RX400h,2006,20,100000.0,1,2000.0,1,Hybrid,Automatic,White,used,1,Luxury,Phnom Penh,Tier_1,store,21500.0,0.0,0,0.0,0,2.7,0.0,0,0,2026-08-26 03:00:50.76504+00
13918308,16500.0,9.711176264112805,Lexus,RX400h,2006,20,100000.0,1,2000.0,1,Hybrid,Automatic,White,used,1,Luxury,Phnom Penh,Tier_1,individual,16500.0,0.0,0,0.0,0,1.9,0.0,0,0,2026-08-25 10:18:02.436385+00
13141407,33900.0,10.431199791458543,Mercedes-Benz,S400L តួវែង អប់សិនអារ៉ាប់,2015,11,100000.0,1,2000.0,1,Petrol,Automatic,Unknown,used,1,Luxury,Phnom Penh,Tier_1,store,33900.0,0.0,0,0.0,0,198.6,0.0,0,0,2026-08-21 02:53:07.209996+00
13391361,3500.0,8.160803920954665,Hyundai,Sonata,2000,26,100000.0,1,2000.0,1,Petrol,Automatic,White,used,1,Mass_Market,Phnom Penh,Tier_1,individual,3500.0,0.0,0,0.0,0,138.8,0.0,0,0,2026-08-26 03:09:21.457934+00
13551579,20300.0,9.918425424900335,Hyundai,Stargazer,2024,2,100000.0,1,2000.0,1,Petrol,Automatic,White,used,1,Mass_Market,Phnom Penh,Tier_1,store,20300.0,0.0,0,0.0,0,95.0,0.0,0,0,2026-08-25 10:28:28.485992+00
13634580,18800.0,9.841665338892785,Hyundai,Stargazer,2024,2,100000.0,1,2000.0,1,Petrol,Automatic,Grey,used,1,Mass_Market,Phnom Penh,Tier_1,store,18800.0,0.0,0,0.0,0,77.0,0.0,0,0,2026-08-27 12:07:29.615675+00
13730170,23800.0,10.077482875583607,Hyundai,Stargazer,2024,2,100000.0,1,2000.0,1,Petrol,Automatic,White,used,1,Mass_Market,Phnom Penh,Tier_1,store,23800.0,0.0,0,0.0,0,53.5,0.0,0,0,2026-08-27 12:09:07.447366+00
13523968,29900.0,10.305647203635566,Hyundai,Stargazer,2026,0,100000.0,1,2000.0,1,Petrol,Automatic,White,new,0,Mass_Market,Siem Reap,Tier_2,store,29900.0,0.0,0,0.0,0,100.0,0.0,0,0,2026-08-24 10:11:19.257637+00
13734601,29900.0,10.305647203635566,Hyundai,Stargazer,2026,0,100000.0,1,2000.0,1,Petrol,Automatic,White,new,0,Mass_Market,Phnom Penh,Tier_1,store,29900.0,0.0,0,0.0,0,52.1,0.0,0,0,2026-08-27 12:18:58.895542+00
13586899,28900.0,10.27163147557801,Hyundai,Stargazer,2026,0,100000.0,1,2000.0,1,Petrol,Automatic,White,new,0,Mass_Market,Siem Reap,Tier_2,store,28900.0,0.0,0,0.0,0,85.7,0.0,0,0,2026-08-24 10:11:19.256189+00
13571660,29900.0,10.305647203635566,Hyundai,Stargazer,2026,0,100000.0,1,2000.0,1,Petrol,Automatic,White,new,0,Mass_Market,Phnom Penh,Tier_1,store,29900.0,0.0,0,0.0,0,92.1,0.0,0,0,2026-08-27 12:18:57.188632+00
13728818,33000.0,10.404293143019792,212,T01,2025,1,100000.0,1,2000.0,1,Petrol,Automatic,Green,used,1,Other,Phnom Penh,Tier_1,store,33000.0,0.0,0,0.0,0,46.7,0.0,0,0,2026-08-20 08:37:49.860129+00
13444465,43500.0,10.680539205318292,212,T01,2025,1,100000.0,1,2000.0,1,Petrol,Automatic,Grey,new,0,Other,Phnom Penh,Tier_1,store,43500.0,0.0,0,0.0,0,122.9,0.0,1,0,2026-08-27 12:19:47.098798+00
13370600,18500.0,9.825580063659602,Toyota,Tundra,2007,19,100000.0,1,2000.0,1,Petrol,Automatic,White,used,1,Mass_Market,Phnom Penh,Tier_1,store,18500.0,0.0,0,0.0,0,144.3,0.0,0,0,2026-08-26 02:56:30.370517+00
13897131,13500.0,9.510519035757246,Toyota,Tundra,2007,19,100000.0,1,2000.0,1,Petrol,Automatic,Gold,used,1,Mass_Market,Phnom Penh,Tier_1,individual,13500.0,0.0,0,0.0,0,7.8,0.0,0,0,2026-08-25 10:24:34.125677+00
13893139,18500.0,9.825580063659602,Toyota,Tundra,2007,19,100000.0,1,2000.0,1,Petrol,Automatic,White,used,1,Mass_Market,Phnom Penh,Tier_1,individual,18500.0,0.0,0,0.0,0,1.8,0.0,0,0,2026-08-18 10:18:58.598111+00
13445767,14500.0,9.581972891547895,Toyota,Tundra,2007,19,100000.0,1,2000.0,1,Petrol,Automatic,Red,used,1,Mass_Market,Kandal,Tier_2,individual,14500.0,0.0,0,0.0,0,119.6,0.0,0,0,2026-08-24 10:11:20.285707+00
13898645,19500.0,9.87822102528824,Toyota,Tundra,2021,5,100000.0,1,2000.0,1,Petrol,Automatic,Black,used,0,Mass_Market,Kampong Speu,Tier_3,individual,19500.0,0.0,0,0.0,0,1.1,0.0,0,0,2026-08-19 02:47:57.914788+00
13923506,22500.0,10.021315031649332,Toyota,Tundra,2010,16,100000.0,1,2000.0,1,Petrol,Automatic,White,used,1,Mass_Market,Phnom Penh,Tier_1,store,22500.0,0.0,0,0.0,0,0.0,0.0,0,0,2026-08-24 10:11:05.982263+00
13610269,19500.0,9.87822102528824,Toyota,Tundra,2010,16,100000.0,1,2000.0,1,Petrol,Automatic,Silver,used,1,Mass_Market,Kandal,Tier_2,store,19500.0,0.0,0,0.0,0,80.9,0.0,1,0,2026-08-25 10:26:13.369734+00
13229579,17168.0,9.750860711077213,Toyota,Tundra,2007,19,100000.0,1,2000.0,1,Petrol,Automatic,White,used,1,Mass_Market,Kampong Cham,Tier_2,individual,17168.0,0.0,0,0.0,0,178.9,0.0,0,0,2026-08-25 10:25:57.319158+00
13201930,64800.0,11.079076314320059,Toyota,Tundra,2020,6,100000.0,1,2000.0,1,Petrol,Automatic,Unknown,used,1,Mass_Market,Phnom Penh,Tier_1,store,64800.0,0.0,0,0.0,0,178.8,0.0,0,0,2026-08-18 10:19:03.459664+00
13832439,19500.0,9.87822102528824,Toyota,Tundra,2008,18,100000.0,1,2000.0,1,Petrol,Automatic,Gold,used,1,Mass_Market,Phnom Penh,Tier_1,store,19500.0,0.0,0,0.0,0,25.7,0.0,0,0,2026-08-26 02:58:45.138825+00
13775742,23500.0,10.064798252418377,Toyota,Tundra,2008,18,100000.0,1,2000.0,1,Petrol,Automatic,White,used,1,Mass_Market,Phnom Penh,Tier_1,store,23500.0,0.0,0,0.0,0,40.6,0.0,0,0,2026-08-26 03:02:15.770096+00
13935453,17999.0,9.798127036878302,Toyota,Tundra,2008,18,100000.0,1,2000.0,1,Petrol,Automatic,White,used,1,Mass_Market,Siem Reap,Tier_2,store,17999.0,0.0,0,0.0,0,0.0,0.0,0,0,2026-08-27 12:19:53.839113+00
13804203,19800.0,9.893487720457795,Toyota,Tundra,2008,18,100000.0,1,2000.0,1,Petrol,Automatic,Gold,used,1,Mass_Market,Phnom Penh,Tier_1,store,19800.0,0.0,0,0.0,0,32.8,0.0,0,0,2026-08-26 03:06:11.153238+00
13935441,15800.0,9.6678285081515,Toyota,Tundra,2008,18,100000.0,1,2000.0,1,Petrol,Automatic,Silver,used,1,Mass_Market,Phnom Penh,Tier_1,store,15800.0,0.0,0,0.0,0,0.0,0.0,0,0,2026-08-27 12:19:57.186919+00
13914563,13800.0,9.53249633228804,Toyota,Tundra,2008,18,100000.0,1,2000.0,1,Petrol,Automatic,Unknown,used,1,Mass_Market,Phnom Penh,Tier_1,individual,13800.0,0.0,0,0.0,0,0.7,0.0,0,0,2026-08-23 02:52:53.724529+00
13551856,22500.0,10.021315031649332,Toyota,Tundra,2008,18,100000.0,1,2000.0,1,Diesel,Automatic,Grey,used,1,Mass_Market,Phnom Penh,Tier_1,store,22500.0,0.0,0,0.0,0,91.6,0.0,0,0,2026-08-22 02:44:51.79664+00
13704264,23500.0,10.064798252418377,Toyota,Tundra,2008,18,100000.0,1,2000.0,1,Petrol,Automatic,Unknown,used,1,Mass_Market,Phnom Penh,Tier_1,store,23500.0,0.0,0,0.0,0,58.7,0.0,0,0,2026-08-26 03:02:15.114577+00
13729246,2500.0,7.824445930877619,Toyota,Tundra,2005,21,100000.0,1,2000.0,1,Petrol,Automatic,Black,used,0,Mass_Market,Phnom Penh,Tier_1,individual,2500.0,0.0,0,0.0,0,51.7,0.0,0,0,2026-08-25 10:17:59.931169+00
13399646,23500.0,10.064798252418377,Toyota,Tundra,2014,12,100000.0,1,2000.0,1,Petrol,Automatic,Grey,used,1,Mass_Market,Phnom Penh,Tier_1,individual,23500.0,0.0,0,0.0,0,137.8,0.0,0,0,2026-08-27 12:17:54.513413+00
13572163,21000.0,9.952325334619427,Toyota,Tundra,2014,12,100000.0,1,2000.0,1,Petrol,Automatic,White,used,0,Mass_Market,Phnom Penh,Tier_1,store,21000.0,0.0,0,0.0,0,87.7,0.0,0,0,2026-08-23 02:53:00.515672+00
13664236,29500.0,10.292179440058462,Toyota,Tundra,2014,12,100000.0,1,2000.0,1,Petrol,Automatic,White,used,0,Mass_Market,Phnom Penh,Tier_1,store,29500.0,0.0,0,0.0,0,67.8,0.0,0,0,2026-08-25 10:19:02.214881+00
13860881,29500.0,10.292179440058462,Toyota,Tundra,2014,12,100000.0,1,2000.0,1,Petrol,Automatic,White,used,0,Mass_Market,Phnom Penh,Tier_1,store,29500.0,0.0,0,0.0,0,17.6,0.0,0,0,2026-08-25 10:16:28.847904+00
13926995,21000.0,9.952325334619427,Toyota,Tundra,2011,15,100000.0,1,2000.0,1,Petrol,Automatic,Black,used,1,Mass_Market,Phnom Penh,Tier_1,store,21000.0,0.0,0,0.0,0,0.0,0.0,0,0,2026-08-25 10:23:04.400153+00
13663197,50500.0,10.829748417047593,Jeep,Wrangler Sahara,2020,6,100000.0,1,2000.0,1,Petrol,Automatic,Unknown,used,1,Mass_Market,Phnom Penh,Tier_1,individual,50500.0,0.0,0,0.0,0,70.0,0.0,1,0,2026-08-27 12:16:11.94262+00
13914105,22500.0,10.021315031649332,Nissan,X-TRAIL,2021,5,100000.0,1,2000.0,1,Petrol,Automatic,Unknown,used,1,Mass_Market,Phnom Penh,Tier_1,store,22500.0,0.0,0,0.0,0,0.0,0.0,0,0,2026-08-22 02:44:40.064921+00
13821423,53000.0,10.87806606028079,XPENG,X9,2026,0,100000.0,1,2000.0,1,Electric,Automatic,Grey,used,1,Other,Phnom Penh,Tier_1,individual,53000.0,0.0,0,0.0,0,27.8,0.0,0,0,2026-08-25 10:23:41.575545+00
13543214,66900.0,11.110969193687714,XPENG,X9,2025,1,100000.0,1,2000.0,1,Electric,Automatic,Grey,new,0,Other,Phnom Penh,Tier_1,store,66900.0,0.0,0,0.0,0,94.6,0.0,0,0,2026-08-23 02:53:03.744272+00
13805844,31900.0,10.370392636243981,Ford,XL 025 ថ្មីណាស់​,2025,1,100000.0,1,2000.0,1,Diesel,Automatic,Grey,used,1,Mass_Market,Siem Reap,Tier_2,individual,31900.0,0.0,0,0.0,0,23.8,0.0,0,0,2026-08-17 08:50:55.878277+00
13852609,6900.0,8.839421607620602,Chevrolet,spark,2014,12,100000.0,1,2000.0,1,Petrol,Automatic,White,used,0,Mass_Market,Phnom Penh,Tier_1,store,6900.0,0.0,0,0.0,0,20.4,0.0,0,0,2026-08-26 03:01:02.716083+00
13713419,15200.0,9.62911649414402,Nissan,ផ្សេងៗ,2009,17,100000.0,1,2000.0,1,Petrol,Automatic,Grey,used,1,Mass_Market,Phnom Penh,Tier_1,individual,15200.0,0.0,0,0.0,0,56.5,0.0,0,0,2026-08-26 03:09:25.41512+00
13473164,23000.0,10.043292972227004,Mercedes-Benz,ផ្សេងៗ,2015,11,100000.0,1,2000.0,1,Petrol,Automatic,White,used,1,Luxury,Phnom Penh,Tier_1,individual,23000.0,0.0,0,0.0,0,115.6,0.0,0,0,2026-08-27 12:06:10.24559+00
13454974,38999.0,10.571316925111784,JAC,ផ្សេងៗ,2025,1,100000.0,1,2000.0,1,Diesel,Manual,White,new,0,Other,Phnom Penh,Tier_1,store,38999.0,0.0,0,0.0,0,120.2,0.0,0,0,2026-08-27 12:15:40.125924+00
13480273,38500.0,10.55843949396453,JAC,ផ្សេងៗ,2025,1,100000.0,1,2000.0,1,Diesel,Manual,White,new,0,Other,Phnom Penh,Tier_1,individual,38500.0,0.0,0,0.0,0,110.7,0.0,0,0,2026-08-24 10:11:20.285707+00
13847041,22000.0,9.99884318585288,JAC,ផ្សេងៗ,2025,1,100000.0,1,2000.0,1,Diesel,Manual,White,new,0,Other,Phnom Penh,Tier_1,store,22000.0,0.0,0,0.0,0,23.0,0.0,0,0,2026-08-27 12:15:44.941069+00
13559713,130000.0,11.775297421715827,ZEEKR,ផ្សេងៗ,2025,1,100000.0,1,2000.0,1,Hybrid,Automatic,Black,new,0,Other,Phnom Penh,Tier_1,store,130000.0,0.0,0,0.0,0,92.9,0.0,0,0,2026-08-25 10:24:28.031157+00
13729670,19900.0,9.898525260706313,GEELY,ផ្សេងៗ,2026,0,100000.0,1,2000.0,1,Hybrid,Automatic,White,new,0,Other,Phnom Penh,Tier_1,individual,19900.0,0.0,0,0.0,0,50.7,0.0,0,0,2026-08-24 10:11:02.979131+00
13904787,57800.0,10.96476135554887,GEELY,ផ្សេងៗ,2026,0,100000.0,1,2000.0,1,Hybrid,Automatic,White,new,0,Other,Phnom Penh,Tier_1,store,57800.0,0.0,0,0.0,0,5.8,0.0,0,0,2026-08-25 10:22:56.352576+00
13904769,57800.0,10.96476135554887,GEELY,ផ្សេងៗ,2026,0,100000.0,1,2000.0,1,Electric,Automatic,Black,new,0,Other,Phnom Penh,Tier_1,store,57800.0,0.0,0,0.0,0,5.8,0.0,0,0,2026-08-25 10:23:07.478602+00
13702001,58600.0,10.978507040265917,GEELY,ផ្សេងៗ,2026,0,100000.0,1,2000.0,1,Hybrid,Automatic,Blue,new,0,Other,Phnom Penh,Tier_1,store,58600.0,0.0,0,0.0,0,60.9,0.0,0,0,2026-08-27 12:15:10.51403+00
13550601,18900.0,9.846970109700957,GEELY,ផ្សេងៗ,2026,0,100000.0,1,2000.0,1,Electric,Automatic,Other,new,0,Other,Phnom Penh,Tier_1,individual,18900.0,0.0,0,0.0,0,95.1,0.0,0,0,2026-08-25 10:29:12.576489+00
13677882,44900.0,10.712215345197256,AVATR,ផ្សេងៗ,2026,0,100000.0,1,2000.0,1,Electric,Automatic,Black,new,0,Chinese_EV,Phnom Penh,Tier_1,store,44900.0,0.0,0,0.0,0,64.7,0.0,0,0,2026-08-26 02:59:29.706394+00
13891971,11500.0,9.350189267092581,Nissan,ផ្សេងៗ,2007,19,100000.0,1,2000.0,1,Diesel,Manual,Gold,used,1,Mass_Market,Phnom Penh,Tier_1,individual,11500.0,0.0,0,0.0,0,9.0,0.0,0,0,2026-08-25 10:22:10.085318+00
13867591,13500.0,9.510519035757246,Chevrolet,ផ្សេងៗ,2017,9,100000.0,1,2000.0,1,Electric,Automatic,Blue,used,0,Mass_Market,Phnom Penh,Tier_1,store,13500.0,0.0,0,0.0,0,17.7,0.0,0,0,2026-08-27 12:20:38.497287+00
13836136,39800.0,10.591647316585027,Nissan,ផ្សេងៗ,2026,0,100000.0,1,2000.0,1,Electric,Automatic,Black,new,0,Mass_Market,Phnom Penh,Tier_1,store,39800.0,0.0,0,0.0,0,23.9,0.0,0,0,2026-08-25 10:24:57.265251+00
13907733,35600.0,10.480129006333248,Nissan,ផ្សេងៗ,2026,0,100000.0,1,2000.0,1,Diesel,Automatic,Grey,new,0,Mass_Market,Phnom Penh,Tier_1,store,35600.0,0.0,0,0.0,0,7.0,0.0,0,1,2026-08-27 12:13:06.145404+00
13266187,31800.0,10.367253014814716,BYD,ផ្សេងៗ,2025,1,100000.0,1,2000.0,1,Electric,Automatic,Black,new,0,Chinese_EV,Phnom Penh,Tier_1,store,31800.0,0.0,0,0.0,0,171.1,0.0,0,0,2026-08-27 12:16:07.988041+00
13548727,31500.0,10.357774570341576,BYD,ផ្សេងៗ,2025,1,100000.0,1,2000.0,1,Electric,Automatic,Black,new,0,Chinese_EV,Phnom Penh,Tier_1,store,31500.0,0.0,0,0.0,0,95.8,0.0,0,0,2026-08-25 10:23:17.167117+00
13810284,27000.0,10.203629181337648,BYD,ផ្សេងៗ,2025,1,100000.0,1,2000.0,1,Electric,Automatic,White,used,0,Chinese_EV,Phnom Penh,Tier_1,store,27000.0,0.0,0,0.0,0,32.8,0.0,0,0,2026-08-27 12:14:58.114993+00
13865798,29800.0,10.30229722897745,WULING,ផ្សេងៗ,2025,1,100000.0,1,2000.0,1,Petrol,Automatic,Black,new,0,Other,Phnom Penh,Tier_1,store,29800.0,0.0,0,0.0,0,18.1,0.0,0,0,2026-08-27 12:07:54.715668+00
13928310,3500.0,8.160803920954665,Daewoo,ផ្សេងៗ,1997,29,100000.0,1,2000.0,1,Petrol,Manual,Grey,used,1,Other,Phnom Penh,Tier_1,individual,4000.0,500.0,1,0.0,0,1.7,0.0,0,0,2026-08-27 12:20:47.608829+00
13873477,38800.0,10.566201298475118,Nissan,ផ្សេងៗ,2026,0,100000.0,1,2000.0,1,Electric,Automatic,Purple,new,0,Mass_Market,Phnom Penh,Tier_1,store,38800.0,0.0,0,0.0,0,14.7,0.0,0,0,2026-08-26 03:02:44.736752+00
13363125,6900.0,8.839421607620602,Mercedes-Benz,ផ្សេងៗ,1997,29,100000.0,1,2000.0,1,Petrol,Automatic,Black,used,1,Luxury,Phnom Penh,Tier_1,store,6900.0,0.0,0,0.0,0,147.2,0.0,0,0,2026-08-27 12:07:47.128652+00
13677872,44900.0,10.712215345197256,AVATR,ផ្សេងៗ,2026,0,100000.0,1,2000.0,1,Electric,Automatic,White,new,0,Chinese_EV,Phnom Penh,Tier_1,store,44900.0,0.0,0,0.0,0,61.7,0.0,0,0,2026-08-23 02:53:03.744719+00
13867223,52999.0,10.87804719253426,Xiaomi,ផ្សេងៗ,2025,1,100000.0,1,2000.0,1,Electric,Automatic,Silver,used,0,Other,Phnom Penh,Tier_1,store,52999.0,0.0,0,0.0,0,17.8,0.0,0,0,2026-08-27 12:06:22.08467+00
13819586,59000.0,10.985309671896763,Xiaomi,ផ្សេងៗ,2025,1,100000.0,1,2000.0,1,Electric,Automatic,Grey,used,0,Other,Phnom Penh,Tier_1,store,59000.0,0.0,0,0.0,0,30.1,0.0,0,0,2026-08-27 12:14:08.673548+00
13769495,63000.0,11.050905878263567,Xiaomi,ផ្សេងៗ,2025,1,100000.0,1,2000.0,1,Electric,Automatic,Green,used,0,Other,Phnom Penh,Tier_1,store,63000.0,0.0,0,0.0,0,37.4,0.0,0,0,2026-08-21 02:53:22.431617+00
13827670,6800.0,8.824824939175638,SsangYong,ផ្សេងៗ,1999,27,100000.0,1,2000.0,1,Diesel,Manual,White,used,1,Other,Phnom Penh,Tier_1,individual,6800.0,0.0,0,0.0,0,19.7,0.0,0,0,2026-08-19 02:48:20.915393+00
13858555,35800.0,10.485731104959568,Nissan,ផ្សេងៗ,2026,0,100000.0,1,2000.0,1,Diesel,Automatic,Grey,new,0,Mass_Market,Phnom Penh,Tier_1,store,35800.0,0.0,0,0.0,0,18.7,0.0,0,0,2026-08-26 02:59:48.393474+00
13935734,14200.0,9.561067663645012,Toyota,ផ្សេងៗ,2010,16,100000.0,1,2000.0,1,Electric,Automatic,Silver,used,0,Mass_Market,Phnom Penh,Tier_1,individual,14200.0,0.0,0,0.0,0,0.0,0.0,0,0,2026-08-27 12:16:09.724926+00
13915785,16500.0,9.711176264112805,Mazda,ផ្សេងៗ,2017,9,100000.0,1,2000.0,1,Petrol,Automatic,White,used,1,Mass_Market,Phnom Penh,Tier_1,store,16500.0,0.0,0,0.0,0,4.8,0.0,1,0,2026-08-27 12:11:17.459658+00
13771552,32800.0,10.39821428171237,Nissan,ផ្សេងៗ,2026,0,100000.0,1,2000.0,1,Electric,Automatic,Black,new,0,Mass_Market,Phnom Penh,Tier_1,store,32800.0,0.0,0,0.0,0,41.6,0.0,0,0,2026-08-26 02:59:20.843681+00
13901389,55800.0,10.929547069355774,GEELY,ផ្សេងៗ,2025,1,100000.0,1,2000.0,1,Hybrid,Automatic,Black,new,0,Other,Phnom Penh,Tier_1,store,55800.0,0.0,0,0.0,0,0.0,0.0,0,0,2026-08-18 10:19:05.312866+00
13883464,25800.0,10.158168529848494,GEELY,ផ្សេងៗ,2025,1,100000.0,1,2000.0,1,Hybrid,Automatic,Grey,new,0,Other,Phnom Penh,Tier_1,store,25800.0,0.0,0,0.0,0,13.7,0.0,0,0,2026-08-27 12:15:51.699203+00
13824590,23800.0,10.077482875583607,GEELY,ផ្សេងៗ,2025,1,100000.0,1,2000.0,1,Electric,Automatic,Black,used,1,Other,Phnom Penh,Tier_1,store,23800.0,0.0,0,0.0,0,28.9,0.0,0,0,2026-08-27 12:07:35.293512+00
13517496,59800.0,10.998777662206932,GEELY,ផ្សេងៗ,2025,1,100000.0,1,2000.0,1,Hybrid,Automatic,Black,new,0,Other,Phnom Penh,Tier_1,store,59800.0,0.0,0,0.0,0,104.8,0.0,0,0,2026-08-27 12:15:55.480144+00
13334623,38800.0,10.566201298475118,GEELY,ផ្សេងៗ,2025,1,100000.0,1,2000.0,1,Hybrid,Automatic,White,new,0,Other,Phnom Penh,Tier_1,store,38800.0,0.0,0,0.0,0,154.9,0.0,0,0,2026-08-27 12:15:54.475392+00
13464136,59800.0,10.998777662206932,GEELY,ផ្សេងៗ,2025,1,100000.0,1,2000.0,1,Hybrid,Automatic,Black,new,0,Other,Phnom Penh,Tier_1,store,59800.0,0.0,0,0.0,0,118.0,0.0,1,0,2026-08-27 12:07:47.839287+00
13904307,18900.0,9.846970109700957,GEELY,ផ្សេងៗ,2025,1,100000.0,1,2000.0,1,Hybrid,Automatic,White,new,0,Other,Phnom Penh,Tier_1,store,18900.0,0.0,0,0.0,0,0.8,0.0,0,0,2026-08-20 08:37:49.861861+00
13711874,59800.0,10.998777662206932,GEELY,ផ្សេងៗ,2025,1,100000.0,1,2000.0,1,Hybrid,Automatic,Black,new,0,Other,Phnom Penh,Tier_1,store,59800.0,0.0,0,0.0,0,58.1,0.0,0,0,2026-08-27 12:20:42.636252+00
13836719,148000.0,11.904974309480183,ZEEKR,ផ្សេងៗ,2026,0,100000.0,1,2000.0,1,Hybrid,Automatic,Black,new,0,Other,Phnom Penh,Tier_1,store,148000.0,0.0,0,0.0,0,25.8,0.0,0,0,2026-08-27 12:14:47.007288+00
13854355,115800.0,11.659628479662329,ZEEKR,ផ្សេងៗ,2026,0,100000.0,1,2000.0,1,Hybrid,Automatic,Black,new,0,Other,Phnom Penh,Tier_1,store,115800.0,0.0,0,0.0,0,21.1,0.0,1,0,2026-08-27 12:14:45.123766+00
13926794,140000.0,11.849404844423074,ZEEKR,ផ្សេងៗ,2026,0,100000.0,1,2000.0,1,Electric,Automatic,Black,new,0,Other,Phnom Penh,Tier_1,store,140000.0,0.0,0,0.0,0,0.0,0.0,1,0,2026-08-25 10:25:27.010505+00
13849988,152000.0,11.931642378754141,ZEEKR,ផ្សេងៗ,2026,0,100000.0,1,2000.0,1,Hybrid,Automatic,Black,new,0,Other,Phnom Penh,Tier_1,store,152000.0,0.0,0,0.0,0,20.8,0.0,0,0,2026-08-26 03:09:27.32176+00
13880076,60900.0,11.017004873924424,Xiaomi,ផ្សេងៗ,2025,1,100000.0,1,2000.0,1,Electric,Automatic,Grey,used,0,Other,Phnom Penh,Tier_1,store,60900.0,0.0,0,0.0,0,8.1,0.0,0,0,2026-08-21 02:53:22.430336+00
13904668,37500.0,10.53212287826962,Nissan,ផ្សេងៗ,2026,0,100000.0,1,2000.0,1,Diesel,Automatic,Black,new,0,Mass_Market,Battambang,Tier_2,store,37500.0,0.0,0,0.0,0,5.9,0.0,0,0,2026-08-25 10:24:58.752548+00
13926609,8890.0,9.09279480812114,Toyota,ផ្សេងៗ,2008,18,100000.0,1,2000.0,1,Diesel,Automatic,White,used,0,Mass_Market,Phnom Penh,Tier_1,individual,8890.0,0.0,0,0.0,0,0.0,0.0,0,0,2026-08-25 10:26:21.519847+00
13867275,10500.0,9.259225769705994,Nissan,ផ្សេងៗ,2001,25,100000.0,1,2000.0,1,Diesel,Automatic,Blue,used,1,Mass_Market,Phnom Penh,Tier_1,individual,10500.0,0.0,0,0.0,0,16.4,0.0,0,0,2026-08-26 03:02:21.257168+00
13908186,24500.0,10.106469212026385,Kia,ផ្សេងៗ,2021,5,100000.0,1,2000.0,1,Diesel,Automatic,White,used,1,Mass_Market,Phnom Penh,Tier_1,store,24500.0,0.0,0,0.0,0,3.9,0.0,0,0,2026-08-24 10:11:11.100588+00
13908835,31400.0,10.354595018522993,Hyundai,ផ្សេងៗ,2022,4,100000.0,1,2000.0,1,Diesel,Automatic,Black,used,1,Mass_Market,Phnom Penh,Tier_1,individual,31500.0,100.0,1,0.0,0,4.8,0.0,0,0,2026-08-25 10:22:57.76614+00
13901585,52000.0,10.859018228147887,Porsche,ផ្សេងៗ,2014,12,100000.0,1,2000.0,1,Petrol,Automatic,Yellow,used,0,Luxury,Phnom Penh,Tier_1,store,52000.0,0.0,0,0.0,0,7.4,0.0,0,0,2026-08-26 02:56:56.164398+00
13915648,25600.0,10.150386692204734,AION,ផ្សេងៗ,2026,0,100000.0,1,2000.0,1,Electric,Automatic,Black,new,0,Other,Phnom Penh,Tier_1,store,25600.0,0.0,0,0.0,0,4.9,0.0,1,1,2026-08-27 12:08:06.83819+00
13568061,20800.0,9.942756341456828,GTV,ផ្សេងៗ,2026,0,100000.0,1,2000.0,1,Hybrid,Automatic,Black,new,0,Chinese_EV,Phnom Penh,Tier_1,store,20800.0,0.0,0,0.0,0,93.1,0.0,0,0,2026-08-27 12:14:03.940873+00
13568052,20800.0,9.942756341456828,GTV,ផ្សេងៗ,2026,0,100000.0,1,2000.0,1,Hybrid,Automatic,White,new,0,Chinese_EV,Phnom Penh,Tier_1,store,20800.0,0.0,0,0.0,0,93.1,0.0,0,0,2026-08-27 12:18:18.131101+00
13565827,20800.0,9.942756341456828,GTV,ផ្សេងៗ,2026,0,100000.0,1,2000.0,1,Hybrid,Automatic,Black,new,0,Chinese_EV,Phnom Penh,Tier_1,store,20800.0,0.0,0,0.0,0,93.7,0.0,0,0,2026-08-27 12:18:15.244685+00
13565807,20800.0,9.942756341456828,GTV,ផ្សេងៗ,2026,0,100000.0,1,2000.0,1,Hybrid,Automatic,White,new,0,Chinese_EV,Phnom Penh,Tier_1,store,20800.0,0.0,0,0.0,0,93.7,0.0,0,0,2026-08-27 12:18:16.356711+00
13793616,59800.0,10.998777662206932,DFSK,ផ្សេងៗ,2017,9,100000.0,1,2000.0,1,Diesel,Automatic,Blue,used,1,Chinese_EV,Kandal,Tier_2,individual,59800.0,0.0,0,0.0,0,32.7,0.0,0,0,2026-08-23 02:52:51.987713+00
13679782,12800.0,9.45727857185611,BYD,ផ្សេងៗ,2022,4,100000.0,1,2000.0,1,Electric,Automatic,White,used,1,Chinese_EV,Phnom Penh,Tier_1,store,12800.0,0.0,0,0.0,0,65.9,0.0,0,0,2026-08-27 12:07:21.716218+00
13682359,12800.0,9.45727857185611,BYD,ផ្សេងៗ,2022,4,100000.0,1,2000.0,1,Electric,Automatic,White,used,1,Chinese_EV,Phnom Penh,Tier_1,store,12800.0,0.0,0,0.0,0,63.7,0.0,0,0,2026-08-26 03:01:30.356001+00
13823671,12799.0,9.457200449907708,BYD,ផ្សេងៗ,2022,4,100000.0,1,2000.0,1,Electric,Automatic,White,used,0,Chinese_EV,Phnom Penh,Tier_1,store,12799.0,0.0,0,0.0,0,29.1,0.0,1,0,2026-08-27 12:07:00.438423+00
13776743,12600.0,9.441531454869693,BYD,ផ្សេងៗ,2022,4,100000.0,1,2000.0,1,Electric,Automatic,White,new,0,Chinese_EV,Phnom Penh,Tier_1,store,12600.0,0.0,0,0.0,0,41.8,0.0,0,1,2026-08-27 12:07:09.264504+00
13901824,88000.0,11.385103457032141,Ford,ផ្សេងៗ,2022,4,100000.0,1,2000.0,1,Petrol,Automatic,Black,used,1,Mass_Market,Phnom Penh,Tier_1,store,88000.0,0.0,0,0.0,0,0.0,0.0,0,0,2026-08-18 10:18:52.997731+00
13605128,35800.0,10.485731104959568,BMW,ផ្សេងៗ,2024,2,100000.0,1,2000.0,1,Electric,Automatic,White,new,0,Luxury,Phnom Penh,Tier_1,store,35800.0,0.0,0,0.0,0,75.0,0.0,0,0,2026-08-18 10:19:08.121567+00
13537438,54000.0,10.896757843893464,BMW,ផ្សេងៗ,2024,2,100000.0,1,2000.0,1,Electric,Automatic,White,new,0,Luxury,Phnom Penh,Tier_1,store,54000.0,0.0,0,0.0,0,93.7,0.0,0,0,2026-08-21 02:53:26.242312+00
13927645,13900.0,9.539716058977092,AION,ផ្សេងៗ,2025,1,100000.0,1,2000.0,1,Electric,Automatic,White,used,1,Other,Phnom Penh,Tier_1,store,13900.0,0.0,0,0.0,0,0.0,0.0,0,0,2026-08-25 10:14:58.374566+00
13927248,258000.0,12.460718739865236,AITO,ផ្សេងៗ,2025,1,100000.0,1,2000.0,1,Petrol,Automatic,Other,new,0,Other,Phnom Penh,Tier_1,store,258000.0,0.0,0,0.0,0,0.0,0.0,0,0,2026-08-25 10:19:45.694932+00
13699211,28800.0,10.268165387743457,Changhe,ផ្សេងៗ,2025,1,100000.0,1,2000.0,1,Hybrid,Automatic,Other,new,0,Other,Phnom Penh,Tier_1,individual,28800.0,0.0,0,0.0,0,54.5,0.0,0,0,2026-08-20 08:37:27.815638+00
13611247,29900.0,10.305647203635566,deepal,ផ្សេងៗ,2026,0,100000.0,1,2000.0,1,Electric,Automatic,Black,new,0,Other,Phnom Penh,Tier_1,individual,29900.0,0.0,0,0.0,0,82.9,0.0,0,0,2026-08-27 12:14:37.143196+00
13656946,26500.0,10.184937747111391,deepal,ផ្សេងៗ,2026,0,100000.0,1,2000.0,1,Electric,Automatic,Silver,new,0,Other,Phnom Penh,Tier_1,store,26500.0,0.0,0,0.0,0,64.5,0.0,0,0,2026-08-20 08:37:46.96178+00
13525981,9775.0,9.187685681411377,Foton,ផ្សេងៗ,2016,10,100000.0,1,2000.0,1,Petrol,Manual,White,used,1,Chinese_EV,Siem Reap,Tier_2,individual,9775.0,0.0,0,0.0,0,101.3,0.0,0,0,2026-08-26 03:03:39.907885+00
13892688,24200.0,10.094149233605084,Ford,ផ្សេងៗ,2019,7,100000.0,1,2000.0,1,Diesel,Automatic,Grey,used,1,Mass_Market,Phnom Penh,Tier_1,individual,24200.0,0.0,0,0.0,0,11.0,0.0,0,0,2026-08-27 12:11:27.243989+00
13931440,28800.0,10.268165387743457,Mercedes-Benz,ផ្សេងៗ,2017,9,100000.0,1,2000.0,1,Petrol,Automatic,Brown,used,1,Luxury,Phnom Penh,Tier_1,store,28800.0,0.0,0,0.0,0,0.9,0.0,0,0,2026-08-27 12:07:46.603191+00
13901168,18900.0,9.846970109700957,GEELY,ផ្សេងៗ,2024,2,100000.0,1,2000.0,1,Hybrid,Automatic,White,new,0,Other,Phnom Penh,Tier_1,store,18900.0,0.0,0,0.0,0,8.9,0.0,0,0,2026-08-27 12:17:47.721237+00
13520634,23500.0,10.064798252418377,CHERY,ផ្សេងៗ,2025,1,100000.0,1,2000.0,1,Electric,Automatic,Other,used,0,Other,Phnom Penh,Tier_1,store,23500.0,0.0,0,0.0,0,102.6,0.0,0,0,2026-08-26 02:56:38.91615+00
13927385,79999.0,11.289781913656018,DENZA,ផ្សេងៗ,2025,1,100000.0,1,2000.0,1,Hybrid,Manual,Black,new,0,Other,Phnom Penh,Tier_1,store,79999.0,0.0,0,0.0,0,0.0,0.0,0,0,2026-08-25 10:18:19.899864+00
13803129,23800.0,10.077482875583607,iCar,ផ្សេងៗ,2025,1,100000.0,1,2000.0,1,Electric,Automatic,White,used,0,Chinese_EV,Phnom Penh,Tier_1,store,23800.0,0.0,0,0.0,0,34.8,0.0,0,1,2026-08-27 12:15:57.127794+00
13865800,31800.0,10.367253014814716,iCar,ផ្សេងៗ,2025,1,100000.0,1,2000.0,1,Electric,Automatic,Black,new,0,Chinese_EV,Phnom Penh,Tier_1,store,31800.0,0.0,0,0.0,0,18.1,0.0,0,0,2026-08-27 12:07:55.274286+00
13914367,36500.0,10.505094936455558,iCar,ផ្សេងៗ,2025,1,100000.0,1,2000.0,1,Electric,Automatic,Silver,new,0,Chinese_EV,Phnom Penh,Tier_1,store,36500.0,0.0,0,0.0,0,3.7,0.0,0,0,2026-08-26 02:57:40.996492+00
13515926,23800.0,10.077482875583607,iCar,ផ្សេងៗ,2025,1,100000.0,1,2000.0,1,Electric,Automatic,White,used,0,Chinese_EV,Phnom Penh,Tier_1,store,23800.0,0.0,0,0.0,0,103.0,0.0,0,0,2026-08-25 10:24:22.014762+00
13278721,34900.0,10.460270761075149,CHERY,ផ្សេងៗ,2025,1,100000.0,1,2000.0,1,Hybrid,Automatic,Grey,used,1,Other,Phnom Penh,Tier_1,store,34900.0,0.0,0,0.0,0,166.8,0.0,0,0,2026-08-26 03:09:36.995374+00
13814197,5000.0,8.517393171418904,Nissan,ផ្សេងៗ,2000,26,100000.0,1,2000.0,1,Petrol,Automatic,Blue,used,1,Mass_Market,Phnom Penh,Tier_1,individual,5000.0,0.0,0,0.0,0,28.4,0.0,0,0,2026-08-24 10:11:15.249258+00
13717442,44500.0,10.703266939811954,AVATR,ផ្សេងៗ,2026,0,100000.0,1,2000.0,1,Electric,Automatic,Black,new,0,Chinese_EV,Phnom Penh,Tier_1,store,44500.0,0.0,0,0.0,0,56.8,0.0,0,0,2026-08-27 12:12:54.692849+00
13799622,48800.0,10.795506083434564,Xiaomi,ផ្សេងៗ,2025,1,100000.0,1,2000.0,1,Electric,Automatic,Grey,used,0,Other,Phnom Penh,Tier_1,store,48800.0,0.0,0,0.0,0,29.4,0.0,0,0,2026-08-21 02:53:22.430623+00
13872130,36000.0,10.491301994830229,Ford,ផ្សេងៗ,2026,0,100000.0,1,2000.0,1,Diesel,Automatic,White,used,1,Mass_Market,Phnom Penh,Tier_1,individual,36000.0,0.0,0,0.0,0,6.4,0.0,0,0,2026-08-17 08:51:08.281535+00
13763924,37999.0,10.545341438708522,AVATR,ផ្សេងៗ,2026,0,100000.0,1,2000.0,1,Electric,Automatic,Black,new,0,Chinese_EV,Phnom Penh,Tier_1,store,37999.0,0.0,0,0.0,0,43.6,0.0,0,0,2026-08-26 02:59:34.493353+00
13882651,27900.0,10.236417809461043,Hyundai,ផ្សេងៗ,2025,1,100000.0,1,2000.0,1,Electric,Automatic,Purple,new,0,Mass_Market,Phnom Penh,Tier_1,store,27900.0,0.0,0,0.0,0,10.8,0.0,0,0,2026-08-24 10:11:02.977543+00
13348598,19800.0,9.893487720457795,CHERY,ផ្សេងៗ,2025,1,100000.0,1,2000.0,1,Petrol,Automatic,White,new,0,Other,Phnom Penh,Tier_1,individual,19800.0,0.0,0,0.0,0,143.8,0.0,0,0,2026-08-20 08:37:27.81533+00
13565618,49800.0,10.815790343132422,BMW,ផ្សេងៗ,2025,1,100000.0,1,2000.0,1,Electric,Automatic,White,new,0,Luxury,Phnom Penh,Tier_1,store,49800.0,0.0,0,0.0,0,89.4,0.0,0,0,2026-08-23 02:52:53.732157+00
13901396,53000.0,10.87806606028079,GWM,ផ្សេងៗ,2025,1,100000.0,1,2000.0,1,Petrol,Automatic,Black,new,0,Other,Phnom Penh,Tier_1,store,53000.0,0.0,0,0.0,0,0.0,0.0,0,0,2026-08-18 10:19:04.372424+00
13896417,5770.0,8.660600654710967,Mercedes-Benz,ផ្សេងៗ,2003,23,100000.0,1,2000.0,1,Petrol,Automatic,Silver,used,1,Luxury,Phnom Penh,Tier_1,store,5770.0,0.0,0,0.0,0,2.8,0.0,0,0,2026-08-20 08:37:23.593242+00
13805979,85000.0,11.350418300109132,Mercedes-Benz,ផ្សេងៗ,2015,11,100000.0,1,2000.0,1,Petrol,Automatic,Black,used,1,Luxury,Phnom Penh,Tier_1,store,85000.0,0.0,0,0.0,0,33.9,0.0,0,0,2026-08-27 12:20:02.629506+00
13842507,24500.0,10.106469212026385,BESTUNE,ផ្សេងៗ,2026,0,100000.0,1,2000.0,1,Hybrid,Automatic,White,new,0,Other,Phnom Penh,Tier_1,store,24500.0,0.0,0,0.0,0,24.0,0.0,0,0,2026-08-27 12:18:24.27426+00
13848007,24500.0,10.106469212026385,BESTUNE,ផ្សេងៗ,2026,0,100000.0,1,2000.0,1,Hybrid,Automatic,Black,new,0,Other,Phnom Penh,Tier_1,store,24500.0,0.0,0,0.0,0,20.8,0.0,0,0,2026-08-25 10:28:49.611466+00
13544035,23500.0,10.064798252418377,CHANGAN,ផ្សេងៗ,2026,0,100000.0,1,2000.0,1,Electric,Automatic,Silver,new,0,Other,Phnom Penh,Tier_1,store,23500.0,0.0,0,0.0,0,98.9,0.0,0,0,2026-08-27 12:06:17.216977+00
13794841,25800.0,10.158168529848494,CHANGAN,ផ្សេងៗ,2026,0,100000.0,1,2000.0,1,Electric,Manual,Black,new,0,Other,Phnom Penh,Tier_1,store,25800.0,0.0,0,0.0,0,36.9,0.0,0,0,2026-08-27 12:15:19.91718+00
13929675,25800.0,10.158168529848494,CHANGAN,ផ្សេងៗ,2026,0,100000.0,1,2000.0,1,Electric,Automatic,Black,new,0,Other,Phnom Penh,Tier_1,individual,25800.0,0.0,0,0.0,0,0.0,0.0,0,0,2026-08-26 02:56:44.625961+00
13935664,25999.0,10.165851817003619,CHANGAN,ផ្សេងៗ,2026,0,100000.0,1,2000.0,1,Electric,Automatic,White,new,0,Other,Phnom Penh,Tier_1,store,25999.0,0.0,0,0.0,0,0.0,0.0,0,0,2026-08-27 12:17:31.96834+00
13560905,24999.0,10.126631103850338,CHANGAN,ផ្សេងៗ,2026,0,100000.0,1,2000.0,1,Electric,Automatic,Black,new,0,Other,Phnom Penh,Tier_1,store,24999.0,0.0,0,0.0,0,94.8,0.0,0,0,2026-08-27 12:06:00.767687+00
13901364,9999.0,9.210340371976184,CHANGAN,ផ្សេងៗ,2026,0,100000.0,1,2000.0,1,Electric,Automatic,White,new,0,Other,Phnom Penh,Tier_1,store,9999.0,0.0,0,0.0,0,8.9,0.0,0,1,2026-08-27 12:08:09.077794+00
13711082,25000.0,10.12667110305036,CHANGAN,ផ្សេងៗ,2026,0,100000.0,1,2000.0,1,Electric,Automatic,Grey,new,0,Other,Phnom Penh,Tier_1,store,25000.0,0.0,0,0.0,0,58.1,0.0,0,0,2026-08-27 12:06:23.768122+00
13659210,24999.0,10.126631103850338,CHANGAN,ផ្សេងៗ,2026,0,100000.0,1,2000.0,1,Electric,Automatic,White,new,0,Other,Phnom Penh,Tier_1,store,25999.0,1000.0,1,0.0,0,71.0,0.0,0,0,2026-08-27 12:12:40.787982+00
13437678,23400.0,10.060534035475412,JMC,ផ្សេងៗ,2026,0,100000.0,1,2000.0,1,Electric,Automatic,White,new,0,Other,Phnom Penh,Tier_1,store,23400.0,0.0,0,0.0,0,115.7,0.0,0,0,2026-08-18 10:18:55.819594+00
13898607,3300.0,8.101980731853192,Nissan,ផ្សេងៗ,1994,32,100000.0,1,2000.0,1,Petrol,Automatic,Red,used,1,Mass_Market,Phnom Penh,Tier_1,individual,3300.0,0.0,0,0.0,0,1.1,0.0,0,0,2026-08-19 02:47:57.912099+00
13667351,8300.0,9.024131268455035,SsangYong,ផ្សេងៗ,2001,25,100000.0,1,2000.0,1,Diesel,Manual,White,used,1,Other,Phnom Penh,Tier_1,store,8300.0,0.0,0,0.0,0,66.9,0.0,0,0,2026-08-25 10:23:17.893149+00
13850968,9700.0,9.179984251961283,SsangYong,ផ្សេងៗ,2001,25,100000.0,1,2000.0,1,Diesel,Manual,White,used,1,Other,Phnom Penh,Tier_1,store,9700.0,0.0,0,0.0,0,22.0,0.0,0,0,2026-08-27 12:14:42.917958+00
13935524,31900.0,10.370392636243981,Hyundai,ផ្សេងៗ,2025,1,100000.0,1,2000.0,1,Electric,Automatic,Other,new,0,Mass_Market,Phnom Penh,Tier_1,store,31900.0,0.0,0,0.0,0,0.0,0.0,0,0,2026-08-27 12:18:46.025537+00
13822116,47500.0,10.768506042432708,Xiaomi,ផ្សេងៗ,2025,1,100000.0,1,2000.0,1,Electric,Automatic,White,used,0,Other,Phnom Penh,Tier_1,store,47500.0,0.0,0,0.0,0,29.8,0.0,0,0,2026-08-27 12:09:09.566684+00
13915231,31800.0,10.367253014814716,Toyota,ផ្សេងៗ,2025,1,100000.0,1,2000.0,1,Electric,Automatic,Black,new,0,Mass_Market,Phnom Penh,Tier_1,individual,31800.0,0.0,0,0.0,0,3.5,0.0,0,0,2026-08-26 02:58:25.287476+00
13873548,27900.0,10.236417809461043,Hyundai,ផ្សេងៗ,2025,1,100000.0,1,2000.0,1,Electric,Automatic,White,new,0,Mass_Market,Phnom Penh,Tier_1,store,27900.0,0.0,0,0.0,0,16.0,0.0,0,0,2026-08-27 12:18:56.071589+00
13782238,84000.0,11.338583982516495,DENZA,ផ្សេងៗ,2026,0,100000.0,1,2000.0,1,Hybrid,Automatic,Black,new,0,Other,Phnom Penh,Tier_1,store,84000.0,0.0,0,0.0,0,38.7,0.0,0,0,2026-08-26 03:03:56.271047+00
13907914,52333.0,10.8654015344347,DENZA,ផ្សេងៗ,2026,0,100000.0,1,2000.0,1,Hybrid,Automatic,Black,new,0,Other,Phnom Penh,Tier_1,store,52333.0,0.0,0,0.0,0,7.0,0.0,0,0,2026-08-27 12:19:39.085483+00
13886905,33800.0,10.428245666832275,iCar,ផ្សេងៗ,2026,0,100000.0,1,2000.0,1,Electric,Automatic,Black,new,0,Chinese_EV,Phnom Penh,Tier_1,store,33800.0,0.0,0,0.0,0,2.7,0.0,0,1,2026-08-17 08:50:58.870435+00
13935512,27900.0,10.236417809461043,Hyundai,ផ្សេងៗ,2025,1,100000.0,1,2000.0,1,Electric,Automatic,White,new,0,Mass_Market,Phnom Penh,Tier_1,store,27900.0,0.0,0,0.0,0,0.0,0.0,0,0,2026-08-27 12:19:02.75302+00
13739848,18200.0,9.809231816610408,BYD,ផ្សេងៗ,2024,2,100000.0,1,2000.0,1,Petrol,Automatic,Grey,used,0,Chinese_EV,Phnom Penh,Tier_1,store,18200.0,0.0,0,0.0,0,49.6,0.0,0,0,2026-08-26 02:59:18.100731+00
13795057,26600.0,10.188704088048116,BYD,ផ្សេងៗ,2024,2,100000.0,1,2000.0,1,Hybrid,Automatic,Blue,used,1,Chinese_EV,Phnom Penh,Tier_1,store,26600.0,0.0,0,0.0,0,32.5,0.0,0,0,2026-08-23 02:53:03.745143+00
13843267,18000.0,9.798182590890704,BESTUNE,ផ្សេងៗ,2025,1,100000.0,1,2000.0,1,Petrol,Automatic,White,used,1,Other,Phnom Penh,Tier_1,individual,18000.0,0.0,0,0.0,0,22.5,0.0,0,0,2026-08-26 03:09:03.541845+00
13850599,18800.0,9.841665338892785,BESTUNE,ផ្សេងៗ,2025,1,100000.0,1,2000.0,1,Petrol,Automatic,Black,used,1,Other,Phnom Penh,Tier_1,store,18800.0,0.0,0,0.0,0,20.7,0.0,0,0,2026-08-26 02:58:02.789437+00
13228394,21000.0,9.952325334619427,BESTUNE,ផ្សេងៗ,2025,1,100000.0,1,2000.0,1,Petrol,Automatic,Blue,used,1,Other,Phnom Penh,Tier_1,store,21000.0,0.0,0,0.0,0,179.0,0.0,0,0,2026-08-25 10:17:41.782257+00
13493351,19000.0,9.852246888342531,BESTUNE,ផ្សេងៗ,2025,1,100000.0,1,2000.0,1,Petrol,Automatic,White,used,1,Other,Phnom Penh,Tier_1,store,19000.0,0.0,0,0.0,0,110.8,0.0,0,0,2026-08-27 12:07:25.279865+00
13850841,9999.0,9.210340371976184,CHANGAN,ផ្សេងៗ,2025,1,100000.0,1,2000.0,1,Electric,Automatic,White,new,0,Other,Phnom Penh,Tier_1,store,9999.0,0.0,0,0.0,0,22.0,0.0,0,0,2026-08-27 12:07:19.460254+00
13472393,29800.0,10.30229722897745,CHANGAN,ផ្សេងៗ,2025,1,100000.0,1,2000.0,1,Hybrid,Automatic,White,new,0,Other,Phnom Penh,Tier_1,store,29800.0,0.0,0,0.0,0,113.8,0.0,0,0,2026-08-25 10:25:29.822048+00
13856188,51500.0,10.849356503939038,GWM,ផ្សេងៗ,2026,0,100000.0,1,2000.0,1,Petrol,Automatic,Black,new,0,Other,Phnom Penh,Tier_1,store,51500.0,0.0,0,0.0,0,14.5,0.0,0,0,2026-08-21 02:53:04.837754+00
13738496,47500.0,10.768506042432708,Xiaomi,ផ្សេងៗ,2025,1,100000.0,1,2000.0,1,Electric,Automatic,White,used,0,Other,Phnom Penh,Tier_1,store,47500.0,0.0,0,0.0,0,51.1,0.0,0,0,2026-08-27 12:15:16.786515+00
13888964,59000.0,10.985309671896763,Xiaomi,ផ្សេងៗ,2025,1,100000.0,1,2000.0,1,Electric,Automatic,Green,used,0,Other,Phnom Penh,Tier_1,store,59000.0,0.0,0,0.0,0,12.0,0.0,0,0,2026-08-27 12:18:36.443541+00
13896656,16500.0,9.711176264112805,Nissan,ផ្សេងៗ,2014,12,100000.0,1,2000.0,1,Petrol,Automatic,Other,used,1,Mass_Market,Phnom Penh,Tier_1,store,16500.0,0.0,0,0.0,0,8.6,0.0,0,0,2026-08-26 03:04:17.812553+00
13579482,5888.0,8.68084148294457,BAW,ផ្សេងៗ,2025,1,100000.0,1,2000.0,1,Electric,Automatic,Blue,new,0,Other,Phnom Penh,Tier_1,store,5888.0,0.0,0,0.0,0,85.2,0.0,0,0,2026-08-22 02:44:36.189597+00
13739204,26990.0,10.203258756085228,CHERY,ផ្សេងៗ,2026,0,100000.0,1,2000.0,1,Petrol,Automatic,White,new,0,Other,Phnom Penh,Tier_1,store,26990.0,0.0,0,0.0,0,51.0,0.0,0,0,2026-08-27 12:18:44.924421+00
13740070,32900.0,10.401258331428318,CHERY,ផ្សេងៗ,2026,0,100000.0,1,2000.0,1,Electric,Automatic,Green,new,0,Other,Phnom Penh,Tier_1,store,32900.0,0.0,0,0.0,0,50.9,0.0,0,0,2026-08-27 12:07:30.372916+00
13775462,17990.0,9.79762691183662,CHERY,ផ្សេងៗ,2026,0,100000.0,1,2000.0,1,Petrol,Automatic,White,new,0,Other,Phnom Penh,Tier_1,store,17990.0,0.0,0,0.0,0,40.7,0.0,0,0,2026-08-26 02:59:35.949185+00
13727492,19998.0,9.903437551286085,DFSK,ផ្សេងៗ,2026,0,100000.0,1,2000.0,1,Electric,Automatic,White,new,0,Chinese_EV,Phnom Penh,Tier_1,store,19998.0,0.0,0,0.0,0,52.7,0.0,0,0,2026-08-26 03:06:50.99081+00
13721387,19800.0,9.893487720457795,DFSK,ផ្សេងៗ,2026,0,100000.0,1,2000.0,1,Electric,Automatic,White,new,0,Chinese_EV,Phnom Penh,Tier_1,store,19800.0,0.0,0,0.0,0,55.8,0.0,0,0,2026-08-27 12:07:11.015452+00
13760981,13900.0,9.539716058977092,DFSK,ផ្សេងៗ,2026,0,100000.0,1,2000.0,1,Electric,Automatic,White,new,0,Chinese_EV,Phnom Penh,Tier_1,store,13900.0,0.0,0,0.0,0,43.8,0.0,0,0,2026-08-25 10:13:49.65381+00
13908728,16900.0,9.735128070758227,DFSK,ផ្សេងៗ,2026,0,100000.0,1,2000.0,1,Electric,Automatic,White,new,0,Chinese_EV,Phnom Penh,Tier_1,store,16900.0,0.0,0,0.0,0,0.0,0.0,0,0,2026-08-20 08:37:30.973336+00
13898634,19300.0,9.867912187022208,DFSK,ផ្សេងៗ,2026,0,100000.0,1,2000.0,1,Electric,Automatic,White,new,0,Chinese_EV,Phnom Penh,Tier_1,store,19300.0,0.0,0,0.0,0,8.1,0.0,0,0,2026-08-26 03:03:02.182262+00
13726133,61800.0,11.031674824544641,Xiaomi,ផ្សេងៗ,2025,1,100000.0,1,2000.0,1,Electric,Automatic,Blue,used,0,Other,Phnom Penh,Tier_1,store,61800.0,0.0,0,0.0,0,54.7,0.0,0,0,2026-08-27 12:15:08.739141+00
13646864,20900.0,9.94755228369823,Volkswagen,ឡានម្ចាស់ដើមជិះបាន៣ម៉ឺនគីឡូជាងទេ នៅថ្មីណាស់ ទឹកថ្នាំស្រីន,2023,3,100000.0,1,2000.0,1,Petrol,Automatic,Unknown,used,1,Mass_Market,Phnom Penh,Tier_1,store,20900.0,0.0,0,0.0,0,71.9,0.0,0,0,2026-08-25 10:23:43.799333+00
13753241,8000.0,8.987321812850125,Peugeot,207,2004,22,100000.0,1,2000.0,1,Petrol,Manual,White,used,1,Mass_Market,Kandal,Tier_2,individual,8000.0,0.0,0,0.0,0,45.8,0.0,0,0,2026-08-25 10:28:36.01313+00
13909212,275000.0,12.524530013005734,McLaren,720S,2017,9,100000.0,1,2000.0,1,Petrol,Automatic,Yellow,used,0,Other,Phnom Penh,Tier_1,store,275000.0,0.0,0,0.0,0,2.4,0.0,0,0,2026-08-23 02:53:17.439655+00
13768230,49999.0,10.819778284410283,AVATR,AVATR 012,2025,1,100000.0,1,2000.0,1,Electric,Automatic,Black,new,0,Chinese_EV,Phnom Penh,Tier_1,store,49999.0,0.0,0,0.0,0,44.0,0.0,0,0,2026-08-27 12:06:39.319318+00
13935463,63900.0,11.065090289695444,AVATR,AVATR 012,2026,0,100000.0,1,2000.0,1,Electric,Automatic,White,new,0,Chinese_EV,Phnom Penh,Tier_1,store,63900.0,0.0,0,0.0,0,0.0,0.0,0,1,2026-08-27 12:19:50.534844+00
13935473,63900.0,11.065090289695444,AVATR,AVATR 012,2026,0,100000.0,1,2000.0,1,Electric,Automatic,Black,new,0,Chinese_EV,Phnom Penh,Tier_1,store,63900.0,0.0,0,0.0,0,0.0,0.0,0,1,2026-08-27 12:19:40.75736+00
13935479,63900.0,11.065090289695444,AVATR,AVATR 012,2026,0,100000.0,1,2000.0,1,Electric,Automatic,White,new,0,Chinese_EV,Phnom Penh,Tier_1,store,63900.0,0.0,0,0.0,0,0.0,0.0,0,1,2026-08-27 12:19:35.673875+00
13908912,15500.0,9.648659816955295,Toyota,Alphabet,2010,16,100000.0,1,2000.0,1,Petrol,Automatic,Unknown,used,0,Mass_Market,Phnom Penh,Tier_1,store,16400.0,900.0,1,0.0,0,2.4,0.0,0,0,2026-08-23 02:53:00.515963+00
13887505,18500.0,9.825580063659602,CHANGAN,CS55 PLUS,2024,2,100000.0,1,2000.0,1,Petrol,Automatic,Grey,used,1,Other,Phnom Penh,Tier_1,individual,18500.0,0.0,0,0.0,0,6.3,0.0,0,0,2026-08-21 02:53:23.576918+00
13555566,30000.0,10.308985993422082,CHANGAN,CS55 PLUS,2026,0,100000.0,1,2000.0,1,Petrol,Automatic,White,new,0,Other,Phnom Penh,Tier_1,individual,30000.0,0.0,0,0.0,0,96.1,0.0,0,0,2026-08-27 12:14:36.617629+00
13914152,18000.0,9.798182590890704,Kia,Canival,2020,6,100000.0,1,2000.0,1,Diesel,Automatic,White,used,1,Mass_Market,Phnom Penh,Tier_1,individual,18000.0,0.0,0,0.0,0,3.7,0.0,0,0,2026-08-26 03:08:40.742646+00
13832729,18900.0,9.846970109700957,Kia,Canival,2020,6,100000.0,1,2000.0,1,Petrol,Automatic,Unknown,used,1,Mass_Market,Phnom Penh,Tier_1,individual,18900.0,0.0,0,0.0,0,20.6,0.0,1,0,2026-08-21 02:53:23.574648+00
13882769,47500.0,10.768506042432708,DENZA,D9,2024,2,100000.0,1,2000.0,1,Hybrid,Automatic,White,used,1,Other,Phnom Penh,Tier_1,store,47500.0,0.0,0,0.0,0,9.5,0.0,1,1,2026-08-23 02:52:51.992366+00
13898571,58800.0,10.981914140544825,DENZA,D9,2025,1,100000.0,1,2000.0,1,Hybrid,Automatic,Black,used,1,Other,Phnom Penh,Tier_1,store,58800.0,0.0,0,0.0,0,3.2,0.0,0,0,2026-08-21 02:53:22.429465+00
13317009,72000.0,11.184435286790631,DENZA,D9,2025,1,100000.0,1,2000.0,1,Petrol,Automatic,Black,new,0,Other,Phnom Penh,Tier_1,store,72000.0,0.0,0,0.0,0,159.2,0.0,0,0,2026-08-27 12:12:43.692084+00
13877565,59800.0,10.998777662206932,DENZA,D9,2025,1,100000.0,1,2000.0,1,Hybrid,Automatic,Black,used,1,Other,Phnom Penh,Tier_1,store,58800.0,0.0,0,1000.0,1,6.7,0.0,0,0,2026-08-19 02:47:57.909618+00
13923126,15200.0,9.62911649414402,HONGQI,E-QM5,2022,4,100000.0,1,2000.0,1,Electric,Automatic,Gold,used,1,Other,Kandal,Tier_2,individual,15200.0,0.0,0,0.0,0,0.8,0.0,0,0,2026-08-25 10:25:29.039878+00
13399599,22999.0,10.043249494911286,Kia,EV5,2023,3,100000.0,1,2000.0,1,Electric,Automatic,White,used,1,Mass_Market,Phnom Penh,Tier_1,store,22999.0,0.0,0,0.0,0,137.8,0.0,0,0,2026-08-27 12:08:57.491172+00
13927138,27500.0,10.221977646629885,Kia,EV5,2025,1,100000.0,1,2000.0,1,Electric,Automatic,White,used,1,Mass_Market,Phnom Penh,Tier_1,individual,27500.0,0.0,0,0.0,0,1.9,0.0,1,0,2026-08-27 12:14:50.622653+00
13457365,24900.0,10.122663242288953,Kia,EV5,2024,2,100000.0,1,2000.0,1,Electric,Automatic,White,used,1,Mass_Market,Phnom Penh,Tier_1,store,24900.0,0.0,0,0.0,0,119.9,0.0,0,0,2026-08-27 12:19:33.454404+00
13421202,27500.0,10.221977646629885,Kia,EV5,2024,2,100000.0,1,2000.0,1,Electric,Automatic,White,used,1,Mass_Market,Phnom Penh,Tier_1,individual,27500.0,0.0,0,0.0,0,126.7,0.0,0,0,2026-08-26 03:00:16.128892+00
13926526,27400.0,10.21833478806055,Kia,EV5,2025,1,100000.0,1,2000.0,1,Electric,Automatic,White,used,1,Mass_Market,Phnom Penh,Tier_1,individual,27400.0,0.0,0,0.0,0,0.0,0.0,1,0,2026-08-25 10:27:52.487468+00
13497203,36500.0,10.505094936455558,Kia,EV5,2025,1,100000.0,1,2000.0,1,Electric,Automatic,White,new,0,Mass_Market,Phnom Penh,Tier_1,store,36500.0,0.0,0,0.0,0,109.8,0.0,0,0,2026-08-27 12:09:11.686151+00
13917601,500.0,6.2166061010848646,Ford,Everest Sport,2024,2,100000.0,1,2000.0,1,Petrol,Automatic,Unknown,used,1,Mass_Market,Phnom Penh,Tier_1,individual,500.0,0.0,0,0.0,0,0.0,0.0,1,0,2026-08-23 02:53:00.51482+00
13881081,50800.0,10.835671318412196,Ford,Everest Sport,2026,0,100000.0,1,2000.0,1,Diesel,Automatic,Black,used,1,Mass_Market,Phnom Penh,Tier_1,store,50800.0,0.0,0,0.0,0,7.7,0.0,0,0,2026-08-21 02:53:17.470735+00
13861310,50800.0,10.835671318412196,Ford,Everest Sport,2026,0,100000.0,1,2000.0,1,Petrol,Automatic,Unknown,used,1,Mass_Market,Phnom Penh,Tier_1,store,50800.0,0.0,0,0.0,0,15.2,0.0,0,0,2026-08-23 02:53:15.729327+00
13889055,27800.0,10.2328272702548,Ford,Explorer Sport,2016,10,100000.0,1,2000.0,1,Petrol,Automatic,Red,used,1,Mass_Market,Phnom Penh,Tier_1,store,27800.0,0.0,0,0.0,0,12.0,0.0,0,0,2026-08-27 12:08:48.419503+00
13707238,6900.0,8.839421607620602,Lexus,GS,1998,28,100000.0,1,2000.0,1,Petrol,Automatic,Gold,used,1,Luxury,Phnom Penh,Tier_1,individual,6900.0,0.0,0,0.0,0,59.1,0.0,0,0,2026-08-27 12:19:54.389711+00
13765237,11800.0,9.375939552625749,Lexus,GS,2006,20,100000.0,1,2000.0,1,Petrol,Automatic,Gold,used,1,Luxury,Phnom Penh,Tier_1,store,11800.0,0.0,0,0.0,0,43.3,0.0,0,0,2026-08-26 03:09:14.187844+00
13608242,13900.0,9.539716058977092,Lexus,GS,2006,20,100000.0,1,2000.0,1,Petrol,Automatic,White,used,1,Luxury,Phnom Penh,Tier_1,store,13900.0,0.0,0,0.0,0,82.3,0.0,1,0,2026-08-26 02:59:00.055421+00
13935438,14377.0,9.573454539543818,Lexus,GS,2006,20,100000.0,1,2000.0,1,Petrol,Manual,White,used,1,Luxury,Phnom Penh,Tier_1,individual,14377.0,0.0,0,0.0,0,0.0,0.0,0,0,2026-08-27 12:19:58.825282+00
13768261,31000.0,10.34177474101152,Lexus,GS,2016,10,100000.0,1,2000.0,1,Petrol,Automatic,White,used,0,Luxury,Phnom Penh,Tier_1,store,31000.0,0.0,0,0.0,0,41.9,0.0,0,0,2026-08-25 10:16:24.055238+00
13437764,25000.0,10.12667110305036,Lexus,GS,2016,10,100000.0,1,2000.0,1,Petrol,Automatic,Black,used,1,Luxury,Phnom Penh,Tier_1,individual,25000.0,0.0,0,0.0,0,123.4,0.0,0,0,2026-08-26 03:08:33.687194+00
13615177,32800.0,10.39821428171237,Lexus,GS,2016,10,100000.0,1,2000.0,1,Petrol,Automatic,White,used,0,Luxury,Phnom Penh,Tier_1,store,32800.0,0.0,0,0.0,0,77.5,0.0,1,0,2026-08-23 02:53:03.744634+00
13818501,25900.0,10.16203685698089,Lexus,GS,2016,10,100000.0,1,2000.0,1,Petrol,Automatic,White,used,1,Luxury,Phnom Penh,Tier_1,store,25900.0,0.0,0,0.0,0,30.6,0.0,1,0,2026-08-27 12:09:45.593738+00
13873611,21100.0,9.957075711706057,MG,GS,2025,1,100000.0,1,2000.0,1,Petrol,Automatic,White,used,1,Chinese_EV,Phnom Penh,Tier_1,individual,21100.0,0.0,0,0.0,0,16.0,0.0,0,1,2026-08-27 12:13:17.289765+00
13543444,26800.0,10.196194479235656,Lexus,GS,2013,13,100000.0,1,2000.0,1,Hybrid,Automatic,Blue,used,0,Luxury,Phnom Penh,Tier_1,store,26800.0,0.0,0,0.0,0,91.8,0.0,0,0,2026-08-20 08:37:32.536948+00
13915652,13500.0,9.510519035757246,Lexus,GS,2006,20,100000.0,1,2000.0,1,Petrol,Automatic,White,used,1,Luxury,Phnom Penh,Tier_1,store,13500.0,0.0,0,0.0,0,4.9,0.0,0,0,2026-08-27 12:19:56.64059+00
13936330,12700.0,9.44943600950432,Lexus,GS,2006,20,100000.0,1,2000.0,1,Petrol,Automatic,White,used,1,Luxury,Kampong Speu,Tier_3,individual,12700.0,0.0,0,0.0,0,0.0,0.0,0,0,2026-08-27 12:11:26.095463+00
13864913,12500.0,9.433563920090563,Lexus,GS,2006,20,100000.0,1,2000.0,1,Petrol,Automatic,White,used,1,Luxury,Phnom Penh,Tier_1,individual,12500.0,0.0,0,0.0,0,16.5,0.0,0,0,2026-08-25 10:21:18.615564+00
13546432,17000.0,9.741027444837728,Lexus,GS,2006,20,100000.0,1,2000.0,1,Diesel,Automatic,White,used,1,Luxury,Phnom Penh,Tier_1,store,17000.0,0.0,0,0.0,0,92.7,0.0,1,0,2026-08-22 02:44:52.99503+00
13697916,9900.0,9.200391041122515,Lexus,GS,2006,20,100000.0,1,2000.0,1,Petrol,Automatic,White,used,1,Luxury,Phnom Penh,Tier_1,store,9900.0,0.0,0,0.0,0,61.9,0.0,0,0,2026-08-27 12:14:12.26894+00
13875900,5500.0,8.612685172875459,Lexus,GS,1999,27,100000.0,1,2000.0,1,Petrol,Automatic,Black,used,1,Luxury,Phnom Penh,Tier_1,individual,5500.0,0.0,0,0.0,0,12.5,0.0,0,0,2026-08-24 10:11:13.116557+00
13744425,5875.0,8.678631537293768,Lexus,GS,1999,27,100000.0,1,2000.0,1,Diesel,Automatic,Black,used,1,Luxury,Phnom Penh,Tier_1,individual,5875.0,0.0,0,0.0,0,44.5,0.0,0,0,2026-08-22 02:44:36.185267+00
13862276,13900.0,9.539716058977092,Lexus,GS,2006,20,100000.0,1,2000.0,1,Petrol,Automatic,White,used,1,Luxury,Phnom Penh,Tier_1,store,13900.0,0.0,0,0.0,0,14.7,0.0,0,0,2026-08-23 02:52:50.508055+00
13867388,14500.0,9.581972891547895,Lexus,GS,2006,20,100000.0,1,2000.0,1,Petrol,Automatic,White,used,1,Luxury,Phnom Penh,Tier_1,individual,14500.0,0.0,0,0.0,0,13.4,0.0,1,0,2026-08-23 02:52:45.53077+00
13807633,12800.0,9.45727857185611,Lexus,GS,2006,20,100000.0,1,2000.0,1,Petrol,Automatic,White,used,1,Luxury,Phnom Penh,Tier_1,individual,12800.0,0.0,0,0.0,0,31.5,0.0,0,1,2026-08-25 10:13:39.301818+00
13910740,10900.0,9.296609807128359,Lexus,GS,2006,20,100000.0,1,2000.0,1,Petrol,Automatic,White,used,1,Luxury,Phnom Penh,Tier_1,individual,10900.0,0.0,0,0.0,0,6.1,0.0,0,0,2026-08-27 12:06:54.418996+00
13437102,12500.0,9.433563920090563,Lexus,GS,2006,20,100000.0,1,2000.0,1,Petrol,Automatic,White,used,1,Luxury,Phnom Penh,Tier_1,individual,12500.0,0.0,0,0.0,0,123.5,0.0,1,0,2026-08-26 02:55:32.126109+00
13876311,7800.0,8.962007209588313,Lexus,GS,2006,20,100000.0,1,2000.0,1,Petrol,Automatic,Black,used,1,Luxury,Phnom Penh,Tier_1,individual,7800.0,0.0,0,0.0,0,13.9,0.0,0,0,2026-08-26 03:02:39.587195+00
13856564,59500.0,10.993748398115178,Toyota,Granvia,2020,6,100000.0,1,2000.0,1,Diesel,Automatic,Black,used,1,Mass_Market,Phnom Penh,Tier_1,store,59500.0,0.0,0,0.0,0,20.8,0.0,0,0,2026-08-27 12:10:51.833835+00
13392354,110000.0,11.608244735642321,Toyota,Granvia,2025,1,100000.0,1,2000.0,1,Diesel,Automatic,Black,new,0,Mass_Market,Phnom Penh,Tier_1,store,110000.0,0.0,0,0.0,0,137.9,0.0,0,0,2026-08-25 10:24:11.997395+00
13710271,126000.0,11.744045122410057,Toyota,Granvia,2026,0,100000.0,1,2000.0,1,Petrol,Automatic,Black,new,0,Mass_Market,Phnom Penh,Tier_1,store,126000.0,0.0,0,0.0,0,57.3,0.0,1,0,2026-08-26 03:01:56.485071+00
13710265,126000.0,11.744045122410057,Toyota,Granvia,2026,0,100000.0,1,2000.0,1,Petrol,Automatic,Black,new,0,Mass_Market,Phnom Penh,Tier_1,store,126000.0,0.0,0,0.0,0,52.3,0.0,1,0,2026-08-21 02:53:24.913218+00
13767680,92000.0,11.429554725537322,Toyota,Granvia,2025,1,100000.0,1,2000.0,1,Petrol,Automatic,Black,used,1,Mass_Market,Phnom Penh,Tier_1,store,92000.0,0.0,0,0.0,0,42.7,0.0,0,0,2026-08-26 03:07:37.019615+00
13468422,84500.0,11.344518647594766,Toyota,Granvia,2023,3,100000.0,1,2000.0,1,Petrol,Automatic,Black,used,1,Mass_Market,Phnom Penh,Tier_1,store,84500.0,0.0,0,0.0,0,114.9,0.0,0,0,2026-08-25 10:26:38.75804+00
13908566,24550.0,10.10850786559065,Hongqi,HS3 023,2023,3,100000.0,1,2000.0,1,Petrol,Automatic,White,used,1,Chinese_EV,Phnom Penh,Tier_1,store,24550.0,0.0,0,0.0,0,0.0,0.0,0,0,2026-08-20 08:37:39.447755+00
13890712,15500.0,9.648659816955295,Lexus,IS,2008,18,100000.0,1,2000.0,1,Petrol,Automatic,White,used,1,Luxury,Phnom Penh,Tier_1,individual,15500.0,0.0,0,0.0,0,1.5,0.0,0,0,2026-08-17 08:51:01.711266+00
13805812,15588.0,9.654320816312682,Lexus,IS,2006,20,100000.0,1,2000.0,1,Petrol,Automatic,White,used,1,Luxury,Phnom Penh,Tier_1,individual,15588.0,0.0,0,0.0,0,34.0,0.0,0,0,2026-08-27 12:13:12.154022+00
13855751,24300.0,10.098272780745283,Lexus,IS,2006,20,100000.0,1,2000.0,1,Petrol,Automatic,White,used,1,Luxury,Phnom Penh,Tier_1,individual,24300.0,0.0,0,0.0,0,15.5,0.0,1,0,2026-08-22 02:44:57.041243+00
13798890,29500.0,10.292179440058462,Lexus,IS,2016,10,100000.0,1,2000.0,1,Petrol,Automatic,White,used,0,Luxury,Phnom Penh,Tier_1,store,29500.0,0.0,0,0.0,0,35.9,0.0,1,0,2026-08-27 12:18:38.645034+00
13779563,29500.0,10.292179440058462,Lexus,IS,2016,10,100000.0,1,2000.0,1,Petrol,Automatic,White,used,0,Luxury,Phnom Penh,Tier_1,store,29500.0,0.0,0,0.0,0,35.6,0.0,1,0,2026-08-22 02:44:59.590698+00
13935770,25000.0,10.12667110305036,Lexus,IS,2016,10,100000.0,1,2000.0,1,Petrol,Automatic,Grey,used,1,Luxury,Phnom Penh,Tier_1,individual,25000.0,0.0,0,0.0,0,0.0,0.0,1,0,2026-08-27 12:15:44.372681+00
13671321,22500.0,10.021315031649332,Lexus,IS,2016,10,100000.0,1,2000.0,1,Petrol,Automatic,White,used,1,Luxury,Phnom Penh,Tier_1,store,22500.0,0.0,0,0.0,0,66.6,0.0,0,0,2026-08-26 03:00:21.645815+00
13883683,26500.0,10.184937747111391,Lexus,IS,2016,10,100000.0,1,2000.0,1,Petrol,Automatic,Grey,used,0,Luxury,Phnom Penh,Tier_1,store,26500.0,0.0,0,0.0,0,12.2,0.0,1,0,2026-08-26 03:05:34.51382+00
13889777,39800.0,10.591647316585027,Li,L6,2025,1,100000.0,1,2000.0,1,Hybrid,Automatic,White,used,1,Other,Phnom Penh,Tier_1,store,39800.0,0.0,0,0.0,0,11.9,0.0,0,0,2026-08-27 12:19:21.589534+00
13875145,39800.0,10.591647316585027,Li,L6,2025,1,100000.0,1,2000.0,1,Hybrid,Automatic,White,used,1,Other,Phnom Penh,Tier_1,store,39800.0,0.0,0,0.0,0,6.7,0.0,0,0,2026-08-18 10:18:56.719478+00
13570413,22900.0,10.038935856711177,Volkswagen,Multivan,2018,8,100000.0,1,2000.0,1,Petrol,Automatic,Black,used,1,Mass_Market,Phnom Penh,Tier_1,store,22900.0,0.0,0,0.0,0,91.3,0.0,0,1,2026-08-26 03:03:26.344622+00
13829028,20700.0,9.937937287265354,Volkswagen,Multivan,2018,8,100000.0,1,2000.0,1,Diesel,Automatic,White,used,1,Mass_Market,Phnom Penh,Tier_1,store,20700.0,0.0,0,0.0,0,25.8,0.0,0,0,2026-08-25 10:23:52.942765+00
13849103,22900.0,10.038935856711177,Volkswagen,Multivan,2018,8,100000.0,1,2000.0,1,Petrol,Automatic,Black,used,1,Mass_Market,Phnom Penh,Tier_1,store,22900.0,0.0,0,0.0,0,20.5,0.0,0,1,2026-08-25 10:25:59.50513+00
13718096,68800.0,11.138973558699526,Hyundai,Palisade,2026,0,100000.0,1,2000.0,1,Petrol,Automatic,Black,used,1,Mass_Market,Phnom Penh,Tier_1,store,68800.0,0.0,0,0.0,0,56.7,0.0,0,0,2026-08-27 12:09:28.216194+00
13255683,56000.0,10.933124826700707,Hyundai,Palisade,2023,3,100000.0,1,2000.0,1,Petrol,Automatic,White,used,1,Mass_Market,Phnom Penh,Tier_1,store,56000.0,0.0,0,0.0,0,172.7,0.0,0,0,2026-08-26 02:58:43.885257+00
13685044,33500.0,10.419330568113901,Hyundai,Palisade,2020,6,100000.0,1,2000.0,1,Petrol,Automatic,White,used,1,Mass_Market,Phnom Penh,Tier_1,individual,33500.0,0.0,0,0.0,0,62.7,0.0,0,0,2026-08-25 10:20:52.041717+00
13738309,84900.0,11.349241150793087,Hyundai,Palisade,2027,0,100000.0,1,2000.0,1,Petrol,Automatic,Black,new,0,Mass_Market,Phnom Penh,Tier_1,store,84900.0,0.0,0,0.0,0,51.1,0.0,0,0,2026-08-27 12:18:56.625422+00
13890136,35000.0,10.463131911491967,Hyundai,Palisade,2020,6,100000.0,1,2000.0,1,Petrol,Automatic,Unknown,used,1,Mass_Market,Phnom Penh,Tier_1,store,35000.0,0.0,0,0.0,0,6.4,0.0,0,0,2026-08-22 02:44:41.416162+00
13598023,84900.0,11.349241150793087,Hyundai,Palisade,2026,0,100000.0,1,2000.0,1,Petrol,Automatic,Black,new,0,Mass_Market,Siem Reap,Tier_2,store,84900.0,0.0,0,0.0,0,82.8,0.0,0,0,2026-08-24 10:11:19.256189+00
13693251,21000.0,9.952325334619427,BAIC,Plate Number,2024,2,100000.0,1,2000.0,1,Petrol,Automatic,Grey,used,0,Chinese_EV,Phnom Penh,Tier_1,store,21000.0,0.0,0,0.0,0,63.0,0.0,0,0,2026-08-27 12:19:39.637968+00
13864272,65000.0,11.082157933374816,AVATR,Plate Number,2025,1,100000.0,1,2000.0,1,Electric,Automatic,Black,used,0,Chinese_EV,Phnom Penh,Tier_1,store,65000.0,0.0,0,0.0,0,11.7,0.0,0,0,2026-08-20 08:37:33.862896+00
13722202,55500.0,10.92415631759022,Audi,Quattro,2025,1,100000.0,1,2000.0,1,Electric,Automatic,Grey,new,0,Luxury,Phnom Penh,Tier_1,store,55500.0,0.0,0,0.0,0,53.6,0.0,1,0,2026-08-25 10:19:21.903225+00
13215483,47500.0,10.768506042432708,Mercedes-Benz,S400L Up Maybach,2015,11,100000.0,1,2000.0,1,Petrol,Automatic,Unknown,used,0,Luxury,Phnom Penh,Tier_1,store,47500.0,0.0,0,0.0,0,177.8,0.0,0,0,2026-08-21 02:53:12.547673+00
13635327,62400.0,11.041336579870135,Xiaomi,SU7,2024,2,100000.0,1,2000.0,1,Electric,Automatic,Other,new,0,Other,Phnom Penh,Tier_1,store,62400.0,0.0,0,0.0,0,75.6,0.0,0,0,2026-08-26 03:03:27.649785+00
13740290,61000.0,11.0186455364637,Xiaomi,SU7,2025,1,100000.0,1,2000.0,1,Electric,Automatic,Other,used,1,Other,Phnom Penh,Tier_1,individual,63000.0,2000.0,1,0.0,0,50.9,0.0,0,0,2026-08-27 12:06:09.033458+00
13921328,17400.0,9.76428295481558,Mitsubishi,Triton,2015,11,100000.0,1,2000.0,1,Diesel,Automatic,Silver,used,1,Mass_Market,Phnom Penh,Tier_1,individual,17400.0,0.0,0,0.0,0,1.0,0.0,0,0,2026-08-25 10:18:54.933946+00
13870321,26800.0,10.196194479235656,Mitsubishi,Triton,2020,6,100000.0,1,2000.0,1,Diesel,Automatic,White,used,1,Mass_Market,Phnom Penh,Tier_1,individual,28500.0,1700.0,1,0.0,0,16.9,0.0,1,0,2026-08-27 12:05:17.553475+00
13525628,22800.0,10.034559673629849,Mitsubishi,Triton,2016,10,100000.0,1,2000.0,1,Diesel,Automatic,White,used,1,Mass_Market,Phnom Penh,Tier_1,store,22800.0,0.0,0,0.0,0,101.4,0.0,1,0,2026-08-26 03:04:38.616279+00
13803389,27800.0,10.2328272702548,Mitsubishi,Triton,2019,7,100000.0,1,2000.0,1,Diesel,Automatic,White,used,1,Mass_Market,Phnom Penh,Tier_1,store,27800.0,0.0,0,0.0,0,34.7,0.0,0,0,2026-08-27 12:06:48.275235+00
13906653,36500.0,10.505094936455558,Mitsubishi,Triton,2024,2,100000.0,1,2000.0,1,Petrol,Automatic,White,used,1,Mass_Market,Phnom Penh,Tier_1,individual,36500.0,0.0,0,0.0,0,7.1,0.0,0,1,2026-08-27 12:06:45.550202+00
13777280,24900.0,10.122663242288953,Mitsubishi,Triton,2018,8,100000.0,1,2000.0,1,Diesel,Automatic,White,used,1,Mass_Market,Phnom Penh,Tier_1,individual,24900.0,0.0,0,0.0,0,36.3,0.0,0,0,2026-08-22 02:44:57.043289+00
13798633,27800.0,10.2328272702548,Mitsubishi,Triton,2019,7,100000.0,1,2000.0,1,Diesel,Automatic,White,used,1,Mass_Market,Phnom Penh,Tier_1,store,27800.0,0.0,0,0.0,0,33.8,0.0,0,0,2026-08-25 10:23:12.237322+00
13929666,39500.0,10.584081267024454,Mitsubishi,Triton,2026,0,100000.0,1,2000.0,1,Diesel,Automatic,White,new,0,Mass_Market,Phnom Penh,Tier_1,individual,39500.0,0.0,0,0.0,0,0.0,0.0,0,0,2026-08-26 02:56:57.386778+00
13804763,27800.0,10.2328272702548,Mitsubishi,Triton,2019,7,100000.0,1,2000.0,1,Diesel,Automatic,White,used,1,Mass_Market,Phnom Penh,Tier_1,store,27800.0,0.0,0,0.0,0,32.7,0.0,0,0,2026-08-26 02:59:45.419498+00
13836901,36500.0,10.505094936455558,Mitsubishi,Triton,2023,3,100000.0,1,2000.0,1,Diesel,Automatic,White,used,1,Mass_Market,Kandal,Tier_2,store,36500.0,0.0,0,0.0,0,25.8,0.0,1,0,2026-08-27 12:19:37.433611+00
13734984,28300.0,10.250652418696085,Mitsubishi,Triton,2019,7,100000.0,1,2000.0,1,Diesel,Automatic,White,used,1,Mass_Market,Phnom Penh,Tier_1,store,28300.0,0.0,0,0.0,0,52.0,0.0,0,0,2026-08-27 12:15:03.022821+00
13935426,43500.0,10.680539205318292,Mitsubishi,Triton,2026,0,100000.0,1,2000.0,1,Diesel,Automatic,Black,new,0,Mass_Market,Siem Reap,Tier_2,individual,43500.0,0.0,0,0.0,0,0.0,0.0,1,0,2026-08-27 12:20:07.982937+00
13813441,29800.0,10.30229722897745,Mitsubishi,Triton,2023,3,100000.0,1,2000.0,1,Petrol,Automatic,Unknown,used,1,Mass_Market,Siem Reap,Tier_2,store,29800.0,0.0,0,0.0,0,21.7,0.0,0,0,2026-08-17 08:51:06.454179+00
13936295,2100.0,7.650168700845001,Kia,Visto,2002,24,100000.0,1,2000.0,1,Petrol,Automatic,Silver,used,1,Mass_Market,Kandal,Tier_2,store,2100.0,0.0,0,0.0,0,0.0,0.0,0,0,2026-08-27 12:12:16.486945+00
13718821,2100.0,7.650168700845001,Kia,Visto,2001,25,100000.0,1,2000.0,1,Petrol,Automatic,Unknown,used,0,Mass_Market,Phnom Penh,Tier_1,individual,2100.0,0.0,0,0.0,0,53.1,0.0,0,0,2026-08-24 10:11:15.249258+00
13914611,2277.0,7.731053144007127,Kia,Visto,2001,25,100000.0,1,2000.0,1,Petrol,Automatic,White,used,1,Mass_Market,Phnom Penh,Tier_1,individual,2277.0,0.0,0,0.0,0,3.7,0.0,0,0,2026-08-26 02:56:39.577162+00
13916678,1750.0,7.467942332285852,Kia,Visto,2000,26,100000.0,1,2000.0,1,Petrol,Automatic,Black,used,1,Mass_Market,Phnom Penh,Tier_1,individual,1750.0,0.0,0,0.0,0,2.5,0.0,0,0,2026-08-25 10:18:07.508471+00
13580760,2316.0,7.748028524432376,Kia,Visto,2002,24,100000.0,1,2000.0,1,Petrol,Automatic,White,used,1,Mass_Market,Kampong Chhnang,Tier_3,individual,2316.0,0.0,0,0.0,0,88.7,0.0,0,0,2026-08-26 02:57:07.069141+00
13914479,1500.0,7.313886831633462,Kia,Visto,1999,27,100000.0,1,2000.0,1,Petrol,Automatic,Black,used,1,Mass_Market,Kandal,Tier_2,individual,1500.0,0.0,0,0.0,0,3.0,0.0,0,0,2026-08-25 10:28:38.984583+00
13654633,1450.0,7.280008252884188,Kia,Visto,1999,27,100000.0,1,2000.0,1,Petrol,Automatic,Red,used,1,Mass_Market,Battambang,Tier_2,individual,1450.0,0.0,0,0.0,0,72.0,0.0,0,0,2026-08-27 12:08:56.400515+00
13897033,1600.0,7.3783837129967145,Kia,Visto,2000,26,100000.0,1,2000.0,1,Petrol,Automatic,White,used,1,Mass_Market,Kampong Cham,Tier_2,individual,1600.0,0.0,0,0.0,0,0.0,0.0,0,0,2026-08-17 08:51:05.495038+00
13246804,1850.0,7.523481312573497,Kia,Visto,2002,24,100000.0,1,2000.0,1,Petrol,Automatic,White,used,1,Mass_Market,Siem Reap,Tier_2,individual,1850.0,0.0,0,0.0,0,174.8,0.0,0,0,2026-08-26 02:58:58.087671+00
13875546,11000.0,9.305741456739435,Changan,cs15,2024,2,100000.0,1,2000.0,1,Petrol,Automatic,Unknown,used,1,Chinese_EV,Phnom Penh,Tier_1,individual,11000.0,0.0,0,0.0,0,9.3,0.0,0,0,2026-08-21 02:53:26.243731+00
13913995,28500.0,10.25769445336048,Land Rover,vogue,2014,12,100000.0,1,2000.0,1,Petrol,Automatic,Unknown,used,1,Luxury,Phnom Penh,Tier_1,store,28500.0,0.0,0,0.0,0,0.0,0.0,0,0,2026-08-22 02:44:59.592143+00
13891130,12000.0,9.392745258631441,Kia,ស ឯកសារគ្រប់,2002,24,100000.0,1,2000.0,1,Petrol,Automatic,Unknown,used,1,Mass_Market,Phnom Penh,Tier_1,individual,12000.0,0.0,0,0.0,0,7.2,0.0,0,0,2026-08-23 02:52:50.509859+00
13535138,30000.0,10.308985993422082,Mercedes-Benz,300,2015,11,100000.0,1,2000.0,1,Petrol,Automatic,Black,used,0,Luxury,Phnom Penh,Tier_1,store,30000.0,0.0,0,0.0,0,100.8,0.0,0,0,2026-08-27 12:11:43.727681+00
13890866,20000.0,9.90353755128617,Mercedes-Benz,300,2015,11,100000.0,1,2000.0,1,Petrol,Automatic,White,used,1,Luxury,Phnom Penh,Tier_1,individual,20000.0,0.0,0,0.0,0,3.2,0.0,0,1,2026-08-19 02:48:23.681502+00
13753165,26500.0,10.184937747111391,Mercedes-Benz,300,2015,11,100000.0,1,2000.0,1,Petrol,Manual,Black,used,1,Luxury,Takeo,Tier_3,individual,26500.0,0.0,0,0.0,0,47.9,0.0,1,0,2026-08-27 12:16:31.386305+00
13798903,23500.0,10.064798252418377,Mercedes-Benz,300,2015,11,100000.0,1,2000.0,1,Petrol,Automatic,Black,used,1,Luxury,Phnom Penh,Tier_1,store,23500.0,0.0,0,0.0,0,35.9,0.0,0,0,2026-08-27 12:18:23.144941+00
13576887,38000.0,10.545367754151743,Audi,A7,2016,10,100000.0,1,2000.0,1,Diesel,Automatic,Silver,used,1,Luxury,Phnom Penh,Tier_1,store,38000.0,0.0,0,0.0,0,91.0,0.0,1,0,2026-08-27 12:17:29.712233+00
13729257,15000.0,9.61587214452889,Audi,A7,2012,14,100000.0,1,2000.0,1,Petrol,Automatic,Grey,used,1,Luxury,Phnom Penh,Tier_1,store,15000.0,0.0,0,0.0,0,52.4,0.0,0,0,2026-08-26 03:09:11.093821+00
13814315,9999.0,9.210340371976184,Audi,A7,2012,14,100000.0,1,2000.0,1,Petrol,Automatic,White,used,1,Luxury,Phnom Penh,Tier_1,individual,9999.0,0.0,0,0.0,0,31.3,0.0,0,0,2026-08-27 12:18:45.483935+00
13729244,15000.0,9.61587214452889,Audi,A7,2012,14,100000.0,1,2000.0,1,Petrol,Automatic,Grey,used,1,Luxury,Phnom Penh,Tier_1,store,15000.0,0.0,0,0.0,0,52.4,0.0,0,0,2026-08-26 03:09:14.816111+00
13535779,42500.0,10.657282884047461,AVATR,AVATR 11,2023,3,100000.0,1,2000.0,1,Electric,Automatic,Black,used,1,Chinese_EV,Phnom Penh,Tier_1,store,42500.0,0.0,0,0.0,0,98.5,0.0,0,0,2026-08-25 10:20:40.978625+00
13935410,57700.0,10.96302978336854,AVATR,AVATR 11,2026,0,100000.0,1,2000.0,1,Electric,Automatic,Black,new,0,Chinese_EV,Phnom Penh,Tier_1,store,57700.0,0.0,0,0.0,0,0.0,0.0,0,1,2026-08-27 12:20:32.702655+00
13936311,46800.0,10.753659849198824,AVATR,AVATR 11,2025,1,100000.0,1,2000.0,1,Electric,Automatic,White,new,0,Chinese_EV,Phnom Penh,Tier_1,store,46800.0,0.0,0,0.0,0,0.0,0.0,0,0,2026-08-27 12:11:51.451793+00
13564754,47000.0,10.757924157061597,AVATR,AVATR 11,2025,1,100000.0,1,2000.0,1,Electric,Automatic,Black,new,0,Chinese_EV,Phnom Penh,Tier_1,store,47000.0,0.0,0,0.0,0,93.9,0.0,0,0,2026-08-27 12:18:44.253115+00
13914443,47000.0,10.757924157061597,AVATR,AVATR 11,2025,1,100000.0,1,2000.0,1,Electric,Automatic,Black,used,1,Chinese_EV,Phnom Penh,Tier_1,individual,47000.0,0.0,0,0.0,0,0.7,0.0,0,0,2026-08-23 02:53:00.515102+00
13913128,45300.0,10.721084386282662,AVATR,AVATR 11,2025,1,100000.0,1,2000.0,1,Electric,Automatic,Black,used,1,Chinese_EV,Phnom Penh,Tier_1,store,45300.0,0.0,0,0.0,0,3.6,0.0,0,0,2026-08-25 10:27:01.928573+00
13266341,50000.0,10.819798284210286,AVATR,AVATR 11,2024,2,100000.0,1,2000.0,1,Electric,Automatic,Black,used,1,Chinese_EV,Phnom Penh,Tier_1,individual,50000.0,0.0,0,0.0,0,169.0,0.0,1,0,2026-08-25 10:18:38.435126+00
13932360,37200.0,10.524090921620362,ផ្សេងៗ,Bz3x,2026,0,100000.0,1,2000.0,1,Electric,Automatic,Other,new,0,Other,Phnom Penh,Tier_1,store,37200.0,0.0,0,0.0,0,0.8,0.0,0,0,2026-08-27 12:11:56.221265+00
13840146,14700.0,9.595670797663967,Lexus,CT 200h,2012,14,100000.0,1,2000.0,1,Petrol,Automatic,Unknown,used,1,Luxury,Phnom Penh,Tier_1,individual,14700.0,0.0,0,0.0,0,14.7,0.0,0,0,2026-08-17 08:50:55.837098+00
13901365,5800.0,8.665785595466064,Chevrolet,Classic,2007,19,100000.0,1,2000.0,1,Petrol,Automatic,White,used,1,Mass_Market,Phnom Penh,Tier_1,individual,5800.0,0.0,0,0.0,0,0.0,0.0,0,0,2026-08-18 10:19:06.251486+00
13927050,100000.0,11.51293546492023,Mercedes-Benz,Coupe l 4,2020,6,100000.0,1,2000.0,1,Petrol,Automatic,Blue,used,1,Luxury,Phnom Penh,Tier_1,store,100000.0,0.0,0,0.0,0,0.0,0.0,0,0,2026-08-25 10:22:12.089562+00
13862659,23500.0,10.064798252418377,Mazda,Cx-30,2020,6,100000.0,1,2000.0,1,Petrol,Automatic,Red,used,1,Mass_Market,Phnom Penh,Tier_1,store,23500.0,0.0,0,0.0,0,19.1,0.0,1,0,2026-08-27 12:08:46.499879+00
13199635,50800.0,10.835671318412196,GAC,E8 150KM Max,2024,2,100000.0,1,2000.0,1,Petrol,Automatic,Unknown,new,0,Chinese_EV,Phnom Penh,Tier_1,store,50800.0,0.0,0,0.0,0,179.1,0.0,0,0,2026-08-18 10:19:08.121567+00
13890268,32800.0,10.39821428171237,Mazda,EZ60 (ប្រើបាន1900គីឡូនៅថ្មី99 9%),2025,1,100000.0,1,2000.0,1,Petrol,Automatic,Unknown,used,1,Mass_Market,Phnom Penh,Tier_1,store,32800.0,0.0,0,0.0,0,4.7,0.0,0,0,2026-08-20 08:37:35.449038+00
13816642,19500.0,9.87822102528824,Ford,Explorer,2015,11,100000.0,1,2000.0,1,Petrol,Automatic,White,used,1,Mass_Market,Phnom Penh,Tier_1,individual,19500.0,0.0,0,0.0,0,30.9,0.0,0,0,2026-08-27 12:14:20.655672+00
13859513,18500.0,9.825580063659602,Ford,Explorer,2013,13,100000.0,1,2000.0,1,Petrol,Automatic,White,used,1,Mass_Market,Phnom Penh,Tier_1,individual,18500.0,0.0,0,0.0,0,18.6,0.0,0,0,2026-08-26 03:00:31.941305+00
13702985,19800.0,9.893487720457795,Ford,Explorer,2013,13,100000.0,1,2000.0,1,Petrol,Automatic,White,used,1,Mass_Market,Phnom Penh,Tier_1,store,19800.0,0.0,0,0.0,0,59.2,0.0,1,0,2026-08-26 03:02:55.683258+00
13460653,55000.0,10.915106645867503,Ford,F-150 Raptor,2018,8,100000.0,1,2000.0,1,Petrol,Automatic,White,used,0,Mass_Market,Phnom Penh,Tier_1,store,55000.0,0.0,0,0.0,0,116.9,0.0,0,0,2026-08-25 10:24:02.78646+00
13391710,45800.0,10.732061203925053,Ford,F-150 Raptor,2018,8,100000.0,1,2000.0,1,Petrol,Automatic,White,used,1,Mass_Market,Phnom Penh,Tier_1,store,45800.0,0.0,0,0.0,0,138.0,0.0,1,0,2026-08-25 10:19:06.739826+00
13274301,55555.0,10.92514680003611,Ford,F-150 Raptor,2018,8,100000.0,1,2000.0,1,Petrol,Automatic,Grey,used,1,Mass_Market,Phnom Penh,Tier_1,store,55555.0,0.0,0,0.0,0,164.9,0.0,0,0,2026-08-23 02:53:15.729004+00
13724459,46800.0,10.753659849198824,Ford,F-150 Raptor,2017,9,100000.0,1,2000.0,1,Petrol,Automatic,Unknown,used,1,Mass_Market,Phnom Penh,Tier_1,store,46800.0,0.0,0,0.0,0,45.9,0.0,1,0,2026-08-18 10:18:57.645838+00
13654448,49900.0,10.817796321618971,Ford,F-150 Raptor,2017,9,100000.0,1,2000.0,1,Petrol,Automatic,White,used,1,Mass_Market,Phnom Penh,Tier_1,store,49900.0,0.0,0,0.0,0,63.0,0.0,1,0,2026-08-18 10:18:57.645838+00
13936290,42000.0,10.645448706505872,Ford,F-150 Raptor,2017,9,100000.0,1,2000.0,1,Petrol,Automatic,White,used,1,Mass_Market,Phnom Penh,Tier_1,store,42000.0,0.0,0,0.0,0,0.0,0.0,0,0,2026-08-27 12:12:21.552552+00
13901771,46000.0,10.736418414365376,Ford,F-150 Raptor,2017,9,100000.0,1,2000.0,1,Petrol,Automatic,White,used,1,Mass_Market,Phnom Penh,Tier_1,store,46000.0,0.0,0,0.0,0,0.0,0.0,0,0,2026-08-18 10:18:53.937947+00
13822581,37500.0,10.53212287826962,Ford,F-150 Raptor,2017,9,100000.0,1,2000.0,1,Petrol,Automatic,Black,used,1,Mass_Market,Phnom Penh,Tier_1,individual,37500.0,0.0,0,0.0,0,27.5,0.0,0,0,2026-08-25 10:28:51.975812+00
13438297,64500.0,11.07443600653965,Ford,F-150 Raptor,2020,6,100000.0,1,2000.0,1,Petrol,Automatic,Brown,used,1,Mass_Market,Phnom Penh,Tier_1,individual,64500.0,0.0,0,0.0,0,124.6,0.0,0,0,2026-08-27 12:10:33.924032+00
13749377,56500.0,10.942013616092948,Ford,F-150 Raptor,2020,6,100000.0,1,2000.0,1,Diesel,Automatic,Grey,used,1,Mass_Market,Phnom Penh,Tier_1,store,56500.0,0.0,0,0.0,0,48.8,0.0,0,0,2026-08-27 12:05:22.149485+00
13782522,69000.0,11.141876276228,Ford,F-150 Raptor,2018,8,100000.0,1,2000.0,1,Petrol,Automatic,Grey,used,1,Mass_Market,Phnom Penh,Tier_1,store,69000.0,0.0,0,0.0,0,40.1,0.0,0,0,2026-08-27 12:08:05.157502+00
13396161,59000.0,10.985309671896763,Ford,F-150 Raptor,2023,3,100000.0,1,2000.0,1,Petrol,Automatic,White,used,1,Mass_Market,Phnom Penh,Tier_1,store,59000.0,0.0,0,0.0,0,138.9,0.0,0,0,2026-08-27 12:11:03.793569+00
13857316,99800.0,11.510933482289435,Ford,F-150 Raptor,2021,5,100000.0,1,2000.0,1,Petrol,Automatic,Blue,used,1,Mass_Market,Phnom Penh,Tier_1,store,99800.0,0.0,0,0.0,0,18.5,0.0,0,0,2026-08-25 10:18:47.062649+00
13642478,38700.0,10.563620718477313,Ford,F-150 Raptor,2015,11,100000.0,1,2000.0,1,Petrol,Automatic,White,used,0,Mass_Market,Phnom Penh,Tier_1,store,38700.0,0.0,0,0.0,0,75.1,0.0,1,0,2026-08-27 12:15:49.866831+00
13833271,52600.0,10.87049040995193,Ford,F-150 Raptor,2018,8,100000.0,1,2000.0,1,Petrol,Automatic,White,used,1,Mass_Market,Phnom Penh,Tier_1,store,52600.0,0.0,0,0.0,0,24.8,0.0,0,0,2026-08-25 10:21:25.485686+00
13904881,89800.0,11.405351390085748,Ford,F-150 Raptor,2022,4,100000.0,1,2000.0,1,Petrol,Automatic,Black,used,1,Mass_Market,Phnom Penh,Tier_1,store,89800.0,0.0,0,0.0,0,6.5,0.0,0,0,2026-08-26 02:55:54.170277+00
13649994,149000.0,11.91170829631447,Ford,F-150 Raptor,2025,1,100000.0,1,2000.0,1,Petrol,Automatic,Grey,new,0,Mass_Market,Kampong Thom,Tier_3,store,149000.0,0.0,0,0.0,0,67.7,0.0,0,0,2026-08-22 02:44:54.347445+00
13884260,149000.0,11.91170829631447,Ford,F-150 Raptor,2025,1,100000.0,1,2000.0,1,Petrol,Automatic,Grey,new,0,Mass_Market,Phnom Penh,Tier_1,store,149000.0,0.0,0,0.0,0,7.8,0.0,0,0,2026-08-22 02:44:54.346773+00
13841659,18500.0,9.825580063659602,ORA,GOOD CAT,2024,2,100000.0,1,2000.0,1,Electric,Automatic,Grey,used,1,Other,Phnom Penh,Tier_1,store,18500.0,0.0,0,0.0,0,17.0,0.0,0,0,2026-08-20 08:37:49.860727+00
13829791,8500.0,9.04793908261736,SsangYong,Korando,2000,26,100000.0,1,2000.0,1,Diesel,Automatic,Black,used,1,Other,Kandal,Tier_2,store,8500.0,0.0,0,0.0,0,19.4,0.0,0,0,2026-08-19 02:48:03.340267+00
13228228,17000.0,9.741027444837728,BESTUNE,NAT,2025,1,100000.0,1,2000.0,1,Electric,Automatic,White,used,1,Other,Phnom Penh,Tier_1,store,17000.0,0.0,0,0.0,0,179.0,0.0,0,0,2026-08-25 10:17:50.718679+00
13606683,37900.0,10.542732775946709,Lexus,NX200t F Sport,2015,11,100000.0,1,2000.0,1,Petrol,Automatic,White,used,0,Luxury,Phnom Penh,Tier_1,store,37900.0,0.0,0,0.0,0,81.9,0.0,1,0,2026-08-25 10:25:39.7495+00
13849953,29500.0,10.292179440058462,Lexus,NX200t F Sport,2016,10,100000.0,1,2000.0,1,Petrol,Automatic,Grey,used,1,Luxury,Phnom Penh,Tier_1,individual,29500.0,0.0,0,0.0,0,20.8,0.0,1,0,2026-08-26 03:04:35.2268+00
13538489,40500.0,10.609081944147828,Lexus,NX200t F Sport,2017,9,100000.0,1,2000.0,1,Petrol,Automatic,White,used,0,Luxury,Phnom Penh,Tier_1,store,40500.0,0.0,0,0.0,0,100.0,0.0,1,0,2026-08-27 12:19:38.522124+00
13908587,30000.0,10.308985993422082,Lexus,NX200t F Sport,2017,9,100000.0,1,2000.0,1,Petrol,Automatic,Black,used,1,Luxury,Phnom Penh,Tier_1,individual,30000.0,0.0,0,0.0,0,0.0,0.0,0,0,2026-08-20 08:37:38.103142+00
13707655,40500.0,10.609081944147828,Lexus,NX200t F Sport,2017,9,100000.0,1,2000.0,1,Petrol,Automatic,White,used,0,Luxury,Phnom Penh,Tier_1,store,40500.0,0.0,0,0.0,0,59.1,0.0,1,0,2026-08-27 12:11:09.215218+00
13905109,41000.0,10.62135173563291,Lexus,NX200t F Sport,2017,9,100000.0,1,2000.0,1,Petrol,Automatic,White,used,0,Luxury,Phnom Penh,Tier_1,store,41000.0,0.0,0,0.0,0,7.9,0.0,1,0,2026-08-27 12:17:30.866472+00
13275826,38500.0,10.55843949396453,Lexus,NX200t F Sport,2017,9,100000.0,1,2000.0,1,Petrol,Automatic,Grey,used,0,Luxury,Phnom Penh,Tier_1,store,38500.0,0.0,0,0.0,0,169.0,0.0,1,0,2026-08-27 12:07:16.063313+00
13518874,33800.0,10.428245666832275,Lexus,NX200t F Sport,2017,9,100000.0,1,2000.0,1,Petrol,Automatic,White,used,1,Luxury,Phnom Penh,Tier_1,store,33800.0,0.0,0,0.0,0,97.8,0.0,0,0,2026-08-21 02:53:24.911962+00
13830048,39800.0,10.591647316585027,Lexus,NX200t F Sport,2017,9,100000.0,1,2000.0,1,Petrol,Automatic,White,used,0,Luxury,Phnom Penh,Tier_1,store,39800.0,0.0,0,0.0,0,18.7,0.0,1,0,2026-08-18 10:19:06.254511+00
13808479,39800.0,10.591647316585027,Lexus,NX200t F Sport,2017,9,100000.0,1,2000.0,1,Petrol,Automatic,White,used,0,Luxury,Phnom Penh,Tier_1,store,39800.0,0.0,0,0.0,0,31.0,0.0,1,0,2026-08-25 10:28:02.01524+00
13801652,39000.0,10.571342565808699,Lexus,NX200t F Sport,2016,10,100000.0,1,2000.0,1,Petrol,Automatic,White,used,0,Luxury,Phnom Penh,Tier_1,store,39000.0,0.0,0,0.0,0,33.0,0.0,0,0,2026-08-25 10:29:23.14066+00
13880753,39500.0,10.584081267024454,Lexus,NX200t F Sport,2016,10,100000.0,1,2000.0,1,Petrol,Automatic,White,used,0,Luxury,Phnom Penh,Tier_1,store,39500.0,0.0,0,0.0,0,12.1,0.0,1,0,2026-08-25 10:17:07.694861+00
13914100,39500.0,10.584081267024454,Lexus,NX200t F Sport,2016,10,100000.0,1,2000.0,1,Petrol,Automatic,White,used,0,Luxury,Phnom Penh,Tier_1,store,39500.0,0.0,0,0.0,0,0.0,0.0,1,0,2026-08-22 02:44:40.068041+00
13897783,36000.0,10.491301994830229,Lexus,NX200t F Sport,2016,10,100000.0,1,2000.0,1,Petrol,Automatic,White,used,0,Luxury,Phnom Penh,Tier_1,store,36000.0,0.0,0,0.0,0,9.8,0.0,0,0,2026-08-27 12:06:39.931258+00
13896661,32500.0,10.389026137075234,Lexus,NX200t F Sport,2015,11,100000.0,1,2000.0,1,Petrol,Automatic,White,used,1,Luxury,Phnom Penh,Tier_1,individual,32500.0,0.0,0,0.0,0,0.9,0.0,0,0,2026-08-18 10:19:04.370366+00
13764739,34500.0,10.448743588106625,Lexus,NX200t F Sport,2015,11,100000.0,1,2000.0,1,Petrol,Automatic,Black,used,1,Luxury,Phnom Penh,Tier_1,store,34500.0,0.0,0,0.0,0,43.4,0.0,1,0,2026-08-26 02:59:11.718472+00
13901080,25300.0,10.138599199626192,Lexus,NX200t F Sport,2015,11,100000.0,1,2000.0,1,Petrol,Automatic,Red,used,1,Luxury,Phnom Penh,Tier_1,store,25300.0,0.0,0,0.0,0,8.9,0.0,1,0,2026-08-27 12:08:13.292495+00
13881181,34000.0,10.434145214930487,Lexus,NX200t F Sport,2015,11,100000.0,1,2000.0,1,Petrol,Automatic,White,used,1,Luxury,Phnom Penh,Tier_1,individual,34000.0,0.0,0,0.0,0,8.7,0.0,1,0,2026-08-22 02:44:46.731102+00
13820911,25500.0,10.146472946063877,Lexus,NX200t F Sport,2015,11,100000.0,1,2000.0,1,Petrol,Automatic,Red,used,1,Luxury,Phnom Penh,Tier_1,store,25500.0,0.0,0,0.0,0,28.6,0.0,1,0,2026-08-26 03:02:16.464084+00
13822637,25900.0,10.16203685698089,Lexus,NX200t F Sport,2015,11,100000.0,1,2000.0,1,Petrol,Automatic,Silver,used,1,Luxury,Battambang,Tier_2,individual,25900.0,0.0,0,0.0,0,19.4,0.0,1,0,2026-08-17 08:51:04.498894+00
13805207,31600.0,10.360944044643913,Lexus,NX200t F Sport,2015,11,100000.0,1,2000.0,1,Petrol,Automatic,Other,used,0,Luxury,Phnom Penh,Tier_1,store,31600.0,0.0,0,0.0,0,25.7,0.0,1,0,2026-08-19 02:48:22.303781+00
13339871,36800.0,10.513280297700861,Lexus,NX200t F Sport,2015,11,100000.0,1,2000.0,1,Petrol,Automatic,White,used,0,Luxury,Phnom Penh,Tier_1,store,36800.0,0.0,0,0.0,0,149.3,0.0,0,0,2026-08-23 02:52:51.991323+00
13782787,32500.0,10.389026137075234,Lexus,NX200t F Sport,2015,11,100000.0,1,2000.0,1,Petrol,Automatic,Silver,used,0,Luxury,Phnom Penh,Tier_1,store,32500.0,0.0,0,0.0,0,34.6,0.0,1,0,2026-08-22 02:44:59.589762+00
13924420,32500.0,10.389026137075234,Lexus,NX200t F Sport,2015,11,100000.0,1,2000.0,1,Petrol,Automatic,Black,used,1,Luxury,Phnom Penh,Tier_1,individual,32500.0,0.0,0,0.0,0,2.6,0.0,1,0,2026-08-27 12:10:41.23748+00
13935567,25000.0,10.12667110305036,Lexus,NX200t F Sport,2015,11,100000.0,1,2000.0,1,Petrol,Automatic,Grey,used,0,Luxury,Phnom Penh,Tier_1,individual,25000.0,0.0,0,0.0,0,0.0,0.0,1,0,2026-08-27 12:17:58.841673+00
13617428,32300.0,10.382853468483827,Lexus,NX200t F Sport,2015,11,100000.0,1,2000.0,1,Petrol,Automatic,Black,used,0,Luxury,Phnom Penh,Tier_1,store,32300.0,0.0,0,0.0,0,73.9,0.0,1,0,2026-08-20 08:37:32.537418+00
13862425,32800.0,10.39821428171237,Lexus,NX200t F Sport,2015,11,100000.0,1,2000.0,1,Petrol,Automatic,Silver,used,1,Luxury,Phnom Penh,Tier_1,individual,32800.0,0.0,0,0.0,0,12.7,0.0,1,0,2026-08-21 02:53:12.549353+00
13909117,27500.0,10.221977646629885,Lexus,NX200t F Sport,2015,11,100000.0,1,2000.0,1,Petrol,Automatic,Grey,used,1,Luxury,Phnom Penh,Tier_1,store,27500.0,0.0,0,0.0,0,4.7,0.0,1,0,2026-08-25 10:27:05.086722+00
13572503,31500.0,10.357774570341576,Lexus,NX200t F Sport,2015,11,100000.0,1,2000.0,1,Petrol,Automatic,Black,used,1,Luxury,Phnom Penh,Tier_1,individual,31500.0,0.0,0,0.0,0,92.0,0.0,1,0,2026-08-27 12:16:02.667272+00
13869275,33500.0,10.419330568113901,Lexus,NX200t F Sport,2015,11,100000.0,1,2000.0,1,Petrol,Automatic,White,used,0,Luxury,Phnom Penh,Tier_1,store,33500.0,0.0,0,0.0,0,15.0,0.0,0,0,2026-08-25 10:26:58.663924+00
13747821,27000.0,10.203629181337648,Lexus,NX200t F Sport,2015,11,100000.0,1,2000.0,1,Petrol,Automatic,Gold,used,1,Luxury,Phnom Penh,Tier_1,individual,27000.0,0.0,0,0.0,0,47.6,0.0,1,0,2026-08-26 03:00:49.225825+00
13907433,32500.0,10.389026137075234,Lexus,NX200t F Sport,2015,11,100000.0,1,2000.0,1,Petrol,Automatic,White,used,1,Luxury,Phnom Penh,Tier_1,store,32500.0,0.0,0,0.0,0,2.7,0.0,1,0,2026-08-23 02:53:17.439304+00
13416899,32500.0,10.389026137075234,Lexus,NX200t F Sport,2015,11,100000.0,1,2000.0,1,Petrol,Automatic,White,used,1,Luxury,Phnom Penh,Tier_1,store,32500.0,0.0,0,0.0,0,129.1,0.0,1,0,2026-08-27 12:09:20.893953+00
13879078,31500.0,10.357774570341576,Lexus,NX200t F Sport,2016,10,100000.0,1,2000.0,1,Petrol,Automatic,White,used,0,Luxury,Phnom Penh,Tier_1,store,31500.0,0.0,0,0.0,0,5.7,0.0,0,0,2026-08-18 10:18:50.184973+00
13846540,39500.0,10.584081267024454,Lexus,NX200t F Sport,2016,10,100000.0,1,2000.0,1,Petrol,Automatic,White,used,0,Luxury,Phnom Penh,Tier_1,store,39500.0,0.0,0,0.0,0,16.7,0.0,1,0,2026-08-21 02:53:27.389826+00
13455914,39500.0,10.584081267024454,Lexus,NX200t F Sport,2016,10,100000.0,1,2000.0,1,Petrol,Automatic,White,used,0,Luxury,Phnom Penh,Tier_1,store,39500.0,0.0,0,0.0,0,120.1,0.0,1,0,2026-08-27 12:07:57.953123+00
13805142,34500.0,10.448743588106625,Lexus,NX200t F Sport,2017,9,100000.0,1,2000.0,1,Petrol,Automatic,White,used,0,Luxury,Phnom Penh,Tier_1,store,34500.0,0.0,0,0.0,0,25.7,0.0,1,0,2026-08-19 02:48:22.302195+00
13793931,34000.0,10.434145214930487,Lexus,NX200t F Sport,2016,10,100000.0,1,2000.0,1,Petrol,Automatic,White,used,1,Luxury,Phnom Penh,Tier_1,individual,34000.0,0.0,0,0.0,0,35.6,0.0,1,0,2026-08-26 03:03:42.633455+00
13888629,39500.0,10.584081267024454,Lexus,NX200t F Sport,2016,10,100000.0,1,2000.0,1,Petrol,Automatic,White,used,0,Luxury,Phnom Penh,Tier_1,store,39500.0,0.0,0,0.0,0,5.7,0.0,1,0,2026-08-21 02:53:27.389499+00
13670912,15500.0,9.648659816955295,Nissan,Navara,2008,18,100000.0,1,2000.0,1,Diesel,Automatic,Silver,used,1,Mass_Market,Battambang,Tier_2,individual,15500.0,0.0,0,0.0,0,59.7,0.0,0,0,2026-08-19 02:48:04.754054+00
13849112,16500.0,9.711176264112805,Nissan,Navara,2018,8,100000.0,1,2000.0,1,Diesel,Manual,Black,used,1,Mass_Market,Siem Reap,Tier_2,store,16500.0,0.0,0,0.0,0,17.2,0.0,0,0,2026-08-22 02:45:00.82075+00
13714303,21500.0,9.975854724662028,Nissan,Navara,2015,11,100000.0,1,2000.0,1,Diesel,Automatic,White,used,1,Mass_Market,Phnom Penh,Tier_1,store,21500.0,0.0,0,0.0,0,56.2,0.0,0,1,2026-08-26 02:58:04.726754+00
13897436,12500.0,9.433563920090563,Nissan,Navara,2005,21,100000.0,1,2000.0,1,Diesel,Automatic,Grey,used,1,Mass_Market,Phnom Penh,Tier_1,individual,12500.0,0.0,0,0.0,0,7.8,0.0,0,0,2026-08-25 10:24:33.518342+00
13770160,13500.0,9.510519035757246,Nissan,Navara,2007,19,100000.0,1,2000.0,1,Diesel,Automatic,Black,used,1,Mass_Market,Phnom Penh,Tier_1,store,13500.0,0.0,0,0.0,0,33.5,0.0,0,0,2026-08-17 08:51:05.447921+00
13477078,24800.0,10.118639253920785,Nissan,Navara,2018,8,100000.0,1,2000.0,1,Diesel,Automatic,Blue,used,1,Mass_Market,Siem Reap,Tier_2,store,24800.0,0.0,0,0.0,0,104.5,0.0,0,0,2026-08-17 08:51:06.452167+00
13865046,25542.0,10.14811858549176,Nissan,Navara,2017,9,100000.0,1,2000.0,1,Diesel,Automatic,Unknown,used,1,Mass_Market,Phnom Penh,Tier_1,individual,25542.0,0.0,0,0.0,0,8.4,0.0,0,0,2026-08-17 08:50:53.02817+00
13749659,32000.0,10.373522431293592,Nissan,Navara,2021,5,100000.0,1,2000.0,1,Diesel,Automatic,White,used,1,Mass_Market,Phnom Penh,Tier_1,store,32000.0,0.0,0,0.0,0,43.4,0.0,1,0,2026-08-22 02:44:41.414164+00
13915204,19500.0,9.87822102528824,Nissan,Navara,2018,8,100000.0,1,2000.0,1,Diesel,Automatic,White,used,1,Mass_Market,Tboung Khmum,Tier_3,store,19500.0,0.0,0,0.0,0,3.5,0.0,0,0,2026-08-26 02:56:42.529941+00
13873292,17500.0,9.770013301136158,Nissan,Navara,2010,16,100000.0,1,2000.0,1,Diesel,Automatic,Silver,used,1,Mass_Market,Phnom Penh,Tier_1,individual,17500.0,0.0,0,0.0,0,14.0,0.0,0,0,2026-08-25 10:20:51.450403+00
13889163,18000.0,9.798182590890704,Nissan,Navara,2013,13,100000.0,1,2000.0,1,Diesel,Automatic,Grey,used,1,Mass_Market,Oddar Meanchey,Tier_3,individual,195000.0,177000.0,1,0.0,0,8.9,0.0,0,0,2026-08-24 10:11:04.965556+00
13875314,16700.0,9.723223876851618,Nissan,Navara,2012,14,100000.0,1,2000.0,1,Diesel,Automatic,Unknown,used,1,Mass_Market,Phnom Penh,Tier_1,store,16700.0,0.0,0,0.0,0,12.7,0.0,0,0,2026-08-24 10:11:10.062269+00
13851925,18500.0,9.825580063659602,Nissan,Navara,2012,14,100000.0,1,2000.0,1,Diesel,Automatic,Black,used,1,Mass_Market,Phnom Penh,Tier_1,store,18500.0,0.0,0,0.0,0,11.7,0.0,0,0,2026-08-17 08:50:57.889692+00
13870654,14500.0,9.581972891547895,Nissan,Navara,2012,14,100000.0,1,2000.0,1,Diesel,Automatic,White,used,1,Mass_Market,Phnom Penh,Tier_1,store,14500.0,0.0,0,0.0,0,16.9,0.0,0,0,2026-08-27 12:13:37.506561+00
13827907,36600.0,10.50783084142058,Nissan,Navara,2025,1,100000.0,1,2000.0,1,Diesel,Automatic,Black,new,0,Mass_Market,Phnom Penh,Tier_1,store,36600.0,0.0,0,0.0,0,28.1,0.0,1,1,2026-08-27 12:06:35.561758+00
13927432,34800.0,10.457401400981889,Lexus,Nx200t,2016,10,100000.0,1,2000.0,1,Petrol,Automatic,Unknown,used,0,Luxury,Phnom Penh,Tier_1,store,34800.0,0.0,0,0.0,0,0.0,0.0,0,0,2026-08-25 10:17:57.481898+00
13877929,35900.0,10.488520429241627,Lexus,Nx200t,2016,10,100000.0,1,2000.0,1,Petrol,Automatic,Unknown,used,0,Luxury,Phnom Penh,Tier_1,store,35900.0,0.0,0,0.0,0,15.0,0.0,1,0,2026-08-27 12:05:52.273548+00
13813580,21800.0,9.989711119284745,Honda,ODYSSEY,2014,12,100000.0,1,2000.0,1,Petrol,Automatic,Unknown,used,1,Mass_Market,Phnom Penh,Tier_1,store,21800.0,0.0,0,0.0,0,24.6,0.0,0,0,2026-08-20 08:37:46.967804+00
13935970,20295.0,9.918179101279117,Audi,Q2,2020,6,100000.0,1,2000.0,1,Petrol,Automatic,White,used,1,Luxury,Phnom Penh,Tier_1,individual,20295.0,0.0,0,0.0,0,0.0,0.0,0,1,2026-08-27 12:14:43.478832+00
13275048,98000.0,11.49273296168228,Audi,R8,2014,12,100000.0,1,2000.0,1,Petrol,Automatic,Orange,used,0,Luxury,Phnom Penh,Tier_1,store,98000.0,0.0,0,0.0,0,169.1,0.0,0,0,2026-08-27 12:17:17.707494+00
13309349,48000.0,10.778977123006351,Lexus,RZ450e,2023,3,100000.0,1,2000.0,1,Electric,Automatic,White,new,0,Luxury,Phnom Penh,Tier_1,store,48000.0,0.0,0,0.0,0,152.0,0.0,0,0,2026-08-18 10:19:08.121211+00
13487362,48000.0,10.778977123006351,Lexus,RZ450e,2023,3,100000.0,1,2000.0,1,Electric,Automatic,White,used,0,Luxury,Phnom Penh,Tier_1,store,48000.0,0.0,0,0.0,0,110.6,0.0,0,0,2026-08-26 03:07:15.885428+00
13774323,30000.0,10.308985993422082,Mercedes-Benz,S500,2015,11,100000.0,1,2000.0,1,Petrol,Automatic,Blue,used,1,Luxury,Phnom Penh,Tier_1,store,30000.0,0.0,0,0.0,0,40.8,0.0,0,0,2026-08-26 02:58:00.611033+00
13927542,13500.0,9.510519035757246,Mercedes-Benz,S500,2008,18,100000.0,1,2000.0,1,Petrol,Automatic,Black,used,1,Luxury,Phnom Penh,Tier_1,individual,13500.0,0.0,0,0.0,0,0.0,0.0,1,0,2026-08-25 10:17:00.689483+00
13372987,145000.0,11.884495917930655,Mercedes-Benz,S500,2021,5,100000.0,1,2000.0,1,Petrol,Automatic,Unknown,used,1,Luxury,Phnom Penh,Tier_1,store,157500.0,12500.0,1,0.0,0,135.9,0.0,0,0,2026-08-18 10:19:08.119026+00
13630426,37000.0,10.518700218288165,Mercedes-Benz,S500,2015,11,100000.0,1,2000.0,1,Petrol,Automatic,Black,used,1,Luxury,Phnom Penh,Tier_1,store,37000.0,0.0,0,0.0,0,75.9,0.0,0,0,2026-08-25 10:16:09.869458+00
13535782,23999.0,10.085809109330082,Kia,Sonet,2025,1,100000.0,1,2000.0,1,Petrol,Automatic,Black,used,1,Mass_Market,Phnom Penh,Tier_1,individual,23999.0,0.0,0,0.0,0,92.2,0.0,0,0,2026-08-19 02:48:20.91516+00
13926437,21500.0,9.975854724662028,Kia,Sonet,2025,1,100000.0,1,2000.0,1,Petrol,Automatic,White,used,1,Mass_Market,Phnom Penh,Tier_1,individual,21500.0,0.0,0,0.0,0,0.0,0.0,0,0,2026-08-25 10:28:47.678896+00
13673525,16900.0,9.735128070758227,BESTUNE,T55,2024,2,100000.0,1,2000.0,1,Petrol,Automatic,Red,used,1,Other,Phnom Penh,Tier_1,store,16900.0,0.0,0,0.0,0,67.5,0.0,0,0,2026-08-27 12:11:32.72264+00
13926637,51800.0,10.85516473308054,BYD,Tai7,2026,0,100000.0,1,2000.0,1,Electric,Automatic,Green,new,0,Chinese_EV,Phnom Penh,Tier_1,store,51800.0,0.0,0,0.0,0,0.0,0.0,1,0,2026-08-25 10:25:54.36283+00
13900459,25900.0,10.16203685698089,Chevrolet,Trailblazer,2019,7,100000.0,1,2000.0,1,Diesel,Automatic,White,used,1,Mass_Market,Phnom Penh,Tier_1,store,25900.0,0.0,0,0.0,0,6.9,0.0,0,0,2026-08-25 10:27:35.974597+00
13927066,21500.0,9.975854724662028,Chevrolet,Trailblazer,2022,4,100000.0,1,2000.0,1,Petrol,Automatic,Black,used,1,Mass_Market,Phnom Penh,Tier_1,store,21500.0,0.0,0,0.0,0,0.0,0.0,0,0,2026-08-25 10:22:03.478423+00
13573587,31800.0,10.367253014814716,Toyota,bZ5,2025,1,100000.0,1,2000.0,1,Electric,Automatic,White,new,0,Mass_Market,Phnom Penh,Tier_1,store,31800.0,0.0,0,0.0,0,90.5,0.0,1,0,2026-08-26 03:09:43.099351+00
13923105,29999.0,10.308952660644293,Toyota,bZ5,2025,1,100000.0,1,2000.0,1,Electric,Automatic,Black,new,0,Mass_Market,Phnom Penh,Tier_1,store,29999.0,0.0,0,0.0,0,0.8,0.0,0,0,2026-08-25 10:24:26.656045+00
13901367,32800.0,10.39821428171237,Toyota,bZ5,2025,1,100000.0,1,2000.0,1,Electric,Automatic,White,new,0,Mass_Market,Phnom Penh,Tier_1,store,32800.0,0.0,0,0.0,0,0.0,0.0,0,0,2026-08-18 10:19:06.251486+00
13299407,29999.0,10.308952660644293,Toyota,bZ5,2025,1,100000.0,1,2000.0,1,Electric,Automatic,Black,new,0,Mass_Market,Phnom Penh,Tier_1,store,29999.0,0.0,0,0.0,0,161.0,0.0,0,0,2026-08-25 10:26:44.442941+00
13936350,31800.0,10.367253014814716,Toyota,bZ5,2025,1,100000.0,1,2000.0,1,Electric,Automatic,White,new,0,Mass_Market,Phnom Penh,Tier_1,store,31800.0,0.0,0,0.0,0,0.0,0.0,0,0,2026-08-27 12:11:04.362345+00
13496047,32800.0,10.39821428171237,Toyota,bZ5,2025,1,100000.0,1,2000.0,1,Electric,Automatic,White,new,0,Mass_Market,Phnom Penh,Tier_1,store,32800.0,0.0,0,0.0,0,108.6,0.0,0,0,2026-08-26 03:07:20.155927+00
13565296,31800.0,10.367253014814716,Toyota,bZ5,2025,1,100000.0,1,2000.0,1,Electric,Automatic,Black,new,0,Mass_Market,Phnom Penh,Tier_1,store,31800.0,0.0,0,0.0,0,92.4,0.0,0,0,2026-08-26 03:02:30.696104+00
13499254,32800.0,10.39821428171237,Toyota,bZ5,2025,1,100000.0,1,2000.0,1,Electric,Automatic,White,new,0,Mass_Market,Phnom Penh,Tier_1,store,32800.0,0.0,0,0.0,0,107.7,0.0,0,0,2026-08-26 03:07:41.708096+00
13843609,34500.0,10.448743588106625,Toyota,fortuner017 ​ឡានម្ខាស់ផ្ទាល់,2017,9,100000.0,1,2000.0,1,Petrol,Automatic,Unknown,used,1,Mass_Market,Phnom Penh,Tier_1,individual,34500.0,0.0,0,0.0,0,15.5,0.0,0,0,2026-08-19 02:47:57.91319+00
13755494,14650.0,9.592263871501313,Kia,ray តម្លៃ 14650$,2022,4,100000.0,1,2000.0,1,Petrol,Automatic,Unknown,new,0,Mass_Market,Phnom Penh,Tier_1,individual,14650.0,0.0,0,0.0,0,38.0,0.0,0,0,2026-08-18 10:18:50.184372+00
13926881,17800.0,9.787009914477434,BMW,5 Series,2012,14,100000.0,1,2000.0,1,Petrol,Automatic,White,used,1,Luxury,Phnom Penh,Tier_1,store,17800.0,0.0,0,0.0,0,0.0,0.0,0,0,2026-08-25 10:24:17.982885+00
13923139,17800.0,9.787009914477434,BMW,5 Series,2014,12,100000.0,1,2000.0,1,Petrol,Automatic,White,used,1,Luxury,Phnom Penh,Tier_1,store,17800.0,0.0,0,0.0,0,0.0,0.0,0,0,2026-08-24 10:11:18.273739+00
13908508,12500.0,9.433563920090563,BMW,5 Series,2013,13,100000.0,1,2000.0,1,Electric,Automatic,White,used,1,Luxury,Phnom Penh,Tier_1,store,12500.0,0.0,0,0.0,0,6.9,0.0,0,0,2026-08-27 12:14:09.924874+00
13844249,15900.0,9.674137279312397,BMW,5 Series,2013,13,100000.0,1,2000.0,1,Petrol,Automatic,White,used,1,Luxury,Phnom Penh,Tier_1,individual,15900.0,0.0,0,0.0,0,23.8,0.0,0,0,2026-08-27 12:05:36.98849+00
13346880,65000.0,11.082157933374816,Porsche,718,2014,12,100000.0,1,2000.0,1,Diesel,Manual,Grey,used,0,Luxury,Phnom Penh,Tier_1,store,65000.0,0.0,0,0.0,0,151.8,0.0,0,0,2026-08-27 12:18:36.99608+00
13854702,16500.0,9.711176264112805,BYD,ATTO 2,2025,1,100000.0,1,2000.0,1,Electric,Automatic,Grey,used,1,Chinese_EV,Phnom Penh,Tier_1,store,16500.0,0.0,0,0.0,0,19.0,0.0,0,0,2026-08-25 10:27:24.179177+00
13929397,25800.0,10.158168529848494,AION,Aion i60,2026,0,100000.0,1,2000.0,1,Hybrid,Automatic,White,new,0,Other,Phnom Penh,Tier_1,store,25800.0,0.0,0,0.0,0,0.0,0.0,0,0,2026-08-26 03:09:01.500098+00
13543946,23900.0,10.081675578048475,AION,Aion i60,2026,0,100000.0,1,2000.0,1,Electric,Automatic,White,new,0,Other,Phnom Penh,Tier_1,store,23900.0,0.0,0,0.0,0,98.9,0.0,0,0,2026-08-27 12:07:27.367095+00
13584681,23800.0,10.077482875583607,AION,Aion i60,2026,0,100000.0,1,2000.0,1,Electric,Automatic,White,new,0,Other,Phnom Penh,Tier_1,store,23800.0,0.0,0,0.0,0,87.7,0.0,0,0,2026-08-26 02:59:22.949764+00
13713108,23800.0,10.077482875583607,AION,Aion i60,2026,0,100000.0,1,2000.0,1,Electric,Automatic,Black,new,0,Other,Phnom Penh,Tier_1,store,23800.0,0.0,0,0.0,0,57.9,0.0,0,0,2026-08-27 12:15:21.149592+00
13678046,25600.0,10.150386692204734,AION,Aion i60,2026,0,100000.0,1,2000.0,1,Hybrid,Automatic,Black,new,0,Other,Phnom Penh,Tier_1,store,25600.0,0.0,0,0.0,0,64.7,0.0,0,0,2026-08-26 02:59:44.415236+00
13811937,25800.0,10.158168529848494,AION,Aion i60,2026,0,100000.0,1,2000.0,1,Hybrid,Automatic,Black,new,0,Other,Phnom Penh,Tier_1,store,25800.0,0.0,0,0.0,0,30.7,0.0,0,0,2026-08-26 02:59:21.632917+00
13844363,23800.0,10.077482875583607,AION,Aion i60,2026,0,100000.0,1,2000.0,1,Electric,Automatic,White,new,0,Other,Phnom Penh,Tier_1,store,23800.0,0.0,0,0.0,0,17.4,0.0,0,0,2026-08-21 02:53:26.243828+00
13390463,23500.0,10.064798252418377,AION,Aion i60,2026,0,100000.0,1,2000.0,1,Hybrid,Automatic,White,new,0,Other,Siem Reap,Tier_2,store,23500.0,0.0,0,0.0,0,139.2,0.0,0,0,2026-08-26 02:58:06.746466+00
13427450,22800.0,10.034559673629849,AION,Aion i60,2026,0,100000.0,1,2000.0,1,Electric,Automatic,White,new,0,Other,Phnom Penh,Tier_1,store,22800.0,0.0,0,0.0,0,126.9,0.0,0,0,2026-08-27 12:07:16.642475+00
13580929,23200.0,10.05195066017375,AION,Aion i60,2026,0,100000.0,1,2000.0,1,Electric,Automatic,White,new,0,Other,Phnom Penh,Tier_1,store,23200.0,0.0,0,0.0,0,82.9,0.0,0,0,2026-08-20 08:37:46.962132+00
13929685,23500.0,10.064798252418377,AION,Aion i60,2026,0,100000.0,1,2000.0,1,Electric,Automatic,Other,new,0,Other,Phnom Penh,Tier_1,individual,23500.0,0.0,0,0.0,0,0.0,0.0,0,0,2026-08-26 02:57:00.876998+00
13658764,22800.0,10.034559673629849,AION,Aion i60,2026,0,100000.0,1,2000.0,1,Electric,Automatic,White,new,0,Other,Phnom Penh,Tier_1,store,22800.0,0.0,0,0.0,0,63.9,0.0,0,0,2026-08-20 08:37:48.537955+00
13422617,22800.0,10.034559673629849,AION,Aion i60,2026,0,100000.0,1,2000.0,1,Electric,Automatic,White,new,0,Other,Phnom Penh,Tier_1,store,22800.0,0.0,0,0.0,0,127.9,0.0,1,0,2026-08-27 12:08:07.975427+00
13568013,24600.0,10.110542371500753,AION,Aion i60,2026,0,100000.0,1,2000.0,1,Electric,Automatic,White,new,0,Other,Phnom Penh,Tier_1,store,24600.0,0.0,0,0.0,0,91.7,0.0,0,0,2026-08-26 02:59:28.24218+00
13678096,22800.0,10.034559673629849,AION,Aion i60,2026,0,100000.0,1,2000.0,1,Electric,Automatic,Black,new,0,Other,Phnom Penh,Tier_1,store,22800.0,0.0,0,0.0,0,58.9,0.0,0,0,2026-08-20 08:37:46.961942+00
13747161,24800.0,10.118639253920785,AION,Aion i60,2026,0,100000.0,1,2000.0,1,Electric,Automatic,Black,new,0,Other,Phnom Penh,Tier_1,store,24800.0,0.0,0,0.0,0,42.0,0.0,0,0,2026-08-20 08:37:46.962487+00
13747789,23200.0,10.05195066017375,AION,Aion i60,2026,0,100000.0,1,2000.0,1,Electric,Automatic,Black,new,0,Other,Phnom Penh,Tier_1,store,23200.0,0.0,0,0.0,0,41.9,0.0,0,0,2026-08-20 08:37:48.53777+00
13622660,22800.0,10.034559673629849,AION,Aion i60,2026,0,100000.0,1,2000.0,1,Electric,Automatic,White,new,0,Other,Phnom Penh,Tier_1,store,22800.0,0.0,0,0.0,0,78.5,0.0,0,0,2026-08-26 03:07:44.560154+00
13529293,25900.0,10.16203685698089,AION,Aion i60,2026,0,100000.0,1,2000.0,1,Electric,Automatic,White,new,0,Other,Phnom Penh,Tier_1,store,25900.0,0.0,0,0.0,0,101.8,0.0,0,0,2026-08-27 12:13:31.533521+00
13923559,25500.0,10.146472946063877,AION,Aion i60,2026,0,100000.0,1,2000.0,1,Hybrid,Automatic,White,new,0,Other,Phnom Penh,Tier_1,store,25500.0,0.0,0,0.0,0,0.0,0.0,0,0,2026-08-24 10:11:04.969362+00
13923214,25500.0,10.146472946063877,AION,Aion i60,2026,0,100000.0,1,2000.0,1,Hybrid,Automatic,White,new,0,Other,Phnom Penh,Tier_1,store,25500.0,0.0,0,0.0,0,0.0,0.0,0,0,2026-08-24 10:11:17.28536+00
13677894,23800.0,10.077482875583607,AION,Aion i60,2026,0,100000.0,1,2000.0,1,Electric,Automatic,White,new,0,Other,Phnom Penh,Tier_1,store,23800.0,0.0,0,0.0,0,61.7,0.0,0,0,2026-08-23 02:53:03.744835+00
13560603,26000.0,10.165890277802454,AION,Aion i60,2026,0,100000.0,1,2000.0,1,Electric,Automatic,White,new,0,Other,Phnom Penh,Tier_1,store,26000.0,0.0,0,0.0,0,92.8,0.0,0,0,2026-08-25 10:26:23.481335+00
13569052,22500.0,10.021315031649332,AION,Aion i60,2026,0,100000.0,1,2000.0,1,Electric,Automatic,Black,new,0,Other,Phnom Penh,Tier_1,store,22500.0,0.0,0,0.0,0,92.9,0.0,0,0,2026-08-27 12:07:13.169652+00
13502103,22800.0,10.034559673629849,AION,Aion i60,2026,0,100000.0,1,2000.0,1,Electric,Automatic,White,new,0,Other,Phnom Penh,Tier_1,store,22800.0,0.0,0,0.0,0,108.1,0.0,1,0,2026-08-27 12:07:23.512116+00
13571691,25800.0,10.158168529848494,AION,Aion i60,2026,0,100000.0,1,2000.0,1,Hybrid,Automatic,White,new,0,Other,Phnom Penh,Tier_1,store,25800.0,0.0,0,0.0,0,90.7,0.0,0,0,2026-08-26 02:59:12.349118+00
13816695,23500.0,10.064798252418377,AION,Aion i60,2026,0,100000.0,1,2000.0,1,Electric,Automatic,White,new,0,Other,Phnom Penh,Tier_1,store,23500.0,0.0,0,0.0,0,28.8,0.0,0,0,2026-08-25 10:23:27.625363+00
13886450,22800.0,10.034559673629849,AION,Aion i60,2026,0,100000.0,1,2000.0,1,Electric,Automatic,Black,new,0,Other,Phnom Penh,Tier_1,store,22800.0,0.0,0,0.0,0,2.7,0.0,0,0,2026-08-17 08:50:58.870435+00
13864193,23800.0,10.077482875583607,AION,Aion i60,2026,0,100000.0,1,2000.0,1,Electric,Automatic,White,new,0,Other,Phnom Penh,Tier_1,store,23800.0,0.0,0,0.0,0,18.8,0.0,0,0,2026-08-27 12:10:55.333673+00
13734281,22800.0,10.034559673629849,AION,Aion i60,2026,0,100000.0,1,2000.0,1,Electric,Automatic,White,new,0,Other,Phnom Penh,Tier_1,store,22500.0,0.0,0,300.0,1,50.7,0.0,0,0,2026-08-26 02:59:33.138307+00
13935493,24000.0,10.085850775128717,Toyota,Alphard,2014,12,100000.0,1,2000.0,1,Petrol,Automatic,White,used,0,Mass_Market,Phnom Penh,Tier_1,store,24000.0,0.0,0,0.0,0,0.0,0.0,0,0,2026-08-27 12:19:18.207221+00
13596761,32800.0,10.39821428171237,Toyota,Alphard,2015,11,100000.0,1,2000.0,1,Hybrid,Automatic,Black,used,1,Mass_Market,Phnom Penh,Tier_1,store,32800.0,0.0,0,0.0,0,79.7,0.0,0,0,2026-08-21 02:53:09.873465+00
13617602,40500.0,10.609081944147828,Toyota,Alphard,2015,11,100000.0,1,2000.0,1,Hybrid,Automatic,White,used,1,Mass_Market,Phnom Penh,Tier_1,individual,40500.0,0.0,0,0.0,0,72.6,0.0,0,0,2026-08-19 02:48:01.898152+00
13919459,26500.0,10.184937747111391,Toyota,Alphard,2015,11,100000.0,1,2000.0,1,Petrol,Automatic,Black,used,1,Mass_Market,Phnom Penh,Tier_1,store,26500.0,0.0,0,0.0,0,2.4,0.0,0,0,2026-08-26 02:57:31.677812+00
13928069,35500.0,10.477316144080852,Toyota,Alphard,2015,11,100000.0,1,2000.0,1,Hybrid,Automatic,White,used,1,Mass_Market,Phnom Penh,Tier_1,individual,35500.0,0.0,0,0.0,0,1.8,0.0,1,0,2026-08-27 12:11:23.702648+00
13749658,39900.0,10.594156665220533,Toyota,Alphard,2015,11,100000.0,1,2000.0,1,Hybrid,Automatic,Black,used,1,Mass_Market,Phnom Penh,Tier_1,store,39900.0,0.0,0,0.0,0,47.4,0.0,0,0,2026-08-26 03:07:08.208093+00
13631104,17900.0,9.792611856190192,Toyota,Alphard,2009,17,100000.0,1,2000.0,1,Petrol,Automatic,White,used,1,Mass_Market,Phnom Penh,Tier_1,individual,17900.0,0.0,0,0.0,0,75.8,0.0,0,0,2026-08-25 10:26:32.79528+00
13808102,85000.0,11.350418300109132,Toyota,Alphard,2018,8,100000.0,1,2000.0,1,Petrol,Automatic,White,used,1,Mass_Market,Phnom Penh,Tier_1,store,85000.0,0.0,0,0.0,0,23.0,0.0,0,0,2026-08-17 08:50:50.186494+00
13731666,46500.0,10.747229096720554,Toyota,Alphard,2018,8,100000.0,1,2000.0,1,Petrol,Automatic,White,used,1,Mass_Market,Phnom Penh,Tier_1,store,46500.0,0.0,0,0.0,0,51.6,0.0,0,0,2026-08-26 02:56:53.951718+00
13884092,29000.0,10.275085591132715,Toyota,Alphard,2015,11,100000.0,1,2000.0,1,Petrol,Automatic,Black,used,1,Mass_Market,Phnom Penh,Tier_1,individual,29000.0,0.0,0,0.0,0,6.8,0.0,0,0,2026-08-21 02:53:26.238081+00
13333194,99999.0,11.512925464970229,Toyota,Alphard,2020,6,100000.0,1,2000.0,1,Petrol,Automatic,Black,used,1,Mass_Market,Phnom Penh,Tier_1,store,99999.0,0.0,0,0.0,0,153.0,0.0,0,0,2026-08-25 10:29:27.036244+00
13936232,33500.0,10.419330568113901,Toyota,Alphard,2015,11,100000.0,1,2000.0,1,Hybrid,Automatic,White,used,1,Mass_Market,Phnom Penh,Tier_1,store,33500.0,0.0,0,0.0,0,0.0,0.0,1,0,2026-08-27 12:13:10.996744+00
13927840,41000.0,10.62135173563291,Toyota,Alphard,2019,7,100000.0,1,2000.0,1,Petrol,Automatic,White,used,1,Mass_Market,Phnom Penh,Tier_1,store,41000.0,0.0,0,0.0,0,0.0,0.0,0,0,2026-08-25 10:14:15.039364+00
13339784,96000.0,11.472113887062386,Toyota,Alphard,2019,7,100000.0,1,2000.0,1,Petrol,Automatic,Black,used,1,Mass_Market,Phnom Penh,Tier_1,store,96000.0,0.0,0,0.0,0,153.7,0.0,0,0,2026-08-27 12:20:41.487237+00
13377413,62900.0,11.049317340813348,Toyota,Alphard,2019,7,100000.0,1,2000.0,1,Petrol,Automatic,White,used,1,Mass_Market,Phnom Penh,Tier_1,store,62900.0,0.0,0,0.0,0,142.4,0.0,0,0,2026-08-26 03:00:42.500291+00
13743409,58800.0,10.981914140544825,Toyota,Alphard,2019,7,100000.0,1,2000.0,1,Petrol,Automatic,Black,used,1,Mass_Market,Phnom Penh,Tier_1,store,58800.0,0.0,0,0.0,0,50.0,0.0,0,0,2026-08-27 12:09:53.884043+00
13869936,42800.0,10.664316745782925,Toyota,Alphard,2019,7,100000.0,1,2000.0,1,Petrol,Automatic,Black,used,1,Mass_Market,Phnom Penh,Tier_1,store,42800.0,0.0,0,0.0,0,17.0,0.0,0,0,2026-08-27 12:06:18.386608+00
13844353,89000.0,11.39640288460621,Toyota,Alphard,2019,7,100000.0,1,2000.0,1,Petrol,Automatic,Black,used,1,Mass_Market,Phnom Penh,Tier_1,store,89000.0,0.0,0,0.0,0,17.4,0.0,0,0,2026-08-21 02:53:12.548865+00
13731512,59000.0,10.985309671896763,Toyota,Alphard,2019,7,100000.0,1,2000.0,1,Diesel,Automatic,White,used,1,Mass_Market,Phnom Penh,Tier_1,store,59000.0,0.0,0,0.0,0,47.6,0.0,0,0,2026-08-22 02:44:51.796435+00
13804438,46000.0,10.736418414365376,Toyota,Alphard,2019,7,100000.0,1,2000.0,1,Petrol,Automatic,Unknown,used,1,Mass_Market,Phnom Penh,Tier_1,store,46000.0,0.0,0,0.0,0,27.8,0.0,0,0,2026-08-21 02:53:16.323337+00
13923176,77800.0,11.261909563554315,Toyota,Alphard,2019,7,100000.0,1,2000.0,1,Petrol,Automatic,Black,used,1,Mass_Market,Phnom Penh,Tier_1,store,77800.0,0.0,0,0.0,0,1.5,0.0,0,0,2026-08-26 02:57:52.032388+00
13236315,58000.0,10.968215530759236,Toyota,Alphard,2019,7,100000.0,1,2000.0,1,Petrol,Automatic,Black,used,1,Mass_Market,Phnom Penh,Tier_1,store,58000.0,0.0,0,0.0,0,177.6,0.0,1,0,2026-08-26 03:04:56.185333+00
13835593,49900.0,10.817796321618971,Toyota,Alphard,2019,7,100000.0,1,2000.0,1,Petrol,Automatic,Black,used,1,Mass_Market,Phnom Penh,Tier_1,store,49900.0,0.0,0,0.0,0,26.0,0.0,0,0,2026-08-27 12:15:31.560977+00
13850075,39000.0,10.571342565808699,Toyota,Alphard,2019,7,100000.0,1,2000.0,1,Hybrid,Automatic,Black,used,1,Mass_Market,Phnom Penh,Tier_1,store,39000.0,0.0,0,0.0,0,20.7,0.0,0,0,2026-08-26 02:57:33.716402+00
13894314,38500.0,10.55843949396453,Toyota,Alphard,2019,7,100000.0,1,2000.0,1,Hybrid,Automatic,Black,used,1,Mass_Market,Phnom Penh,Tier_1,store,38500.0,0.0,0,0.0,0,9.2,0.0,0,0,2026-08-26 02:57:06.089797+00
13470526,69999.0,11.156250521031495,Toyota,Alphard,2019,7,100000.0,1,2000.0,1,Petrol,Automatic,White,used,1,Mass_Market,Phnom Penh,Tier_1,store,69999.0,0.0,0,0.0,0,116.2,0.0,0,0,2026-08-27 12:14:20.033046+00
13708137,37600.0,10.534785924769006,Toyota,Alphard,2019,7,100000.0,1,2000.0,1,Petrol,Automatic,White,used,1,Mass_Market,Phnom Penh,Tier_1,individual,37600.0,0.0,0,0.0,0,53.6,0.0,0,0,2026-08-22 02:44:51.795589+00
13910728,42000.0,10.645448706505872,Toyota,Alphard,2019,7,100000.0,1,2000.0,1,Petrol,Automatic,Unknown,used,1,Mass_Market,Phnom Penh,Tier_1,store,42000.0,0.0,0,0.0,0,0.0,0.0,1,0,2026-08-21 02:53:09.875985+00
13923688,39500.0,10.584081267024454,Toyota,Alphard,2015,11,100000.0,1,2000.0,1,Diesel,Manual,Black,used,0,Mass_Market,Phnom Penh,Tier_1,store,39500.0,0.0,0,0.0,0,1.4,0.0,0,0,2026-08-26 03:06:26.51875+00
13722868,168000.0,12.031725210748633,Toyota,Alphard,2025,1,100000.0,1,2000.0,1,Petrol,Automatic,Black,new,0,Mass_Market,Phnom Penh,Tier_1,store,168000.0,0.0,0,0.0,0,53.8,0.0,0,0,2026-08-26 03:03:47.015071+00
13290602,46800.0,10.753659849198824,Toyota,Alphard,2015,11,100000.0,1,2000.0,1,Petrol,Automatic,White,used,1,Mass_Market,Phnom Penh,Tier_1,store,46800.0,0.0,0,0.0,0,163.8,0.0,0,0,2026-08-26 02:57:04.176654+00
13910667,56000.0,10.933124826700707,Toyota,Alphard,2018,8,100000.0,1,2000.0,1,Hybrid,Automatic,Black,used,1,Mass_Market,Phnom Penh,Tier_1,individual,56000.0,0.0,0,0.0,0,0.0,0.0,0,0,2026-08-21 02:53:08.542764+00
13928581,44500.0,10.703266939811954,Toyota,Alphard,2018,8,100000.0,1,2000.0,1,Petrol,Automatic,White,used,1,Mass_Market,Phnom Penh,Tier_1,store,44500.0,0.0,0,0.0,0,0.3,0.0,0,0,2026-08-26 02:57:17.277484+00
13875435,42800.0,10.664316745782925,Toyota,Alphard,2018,8,100000.0,1,2000.0,1,Hybrid,Automatic,Black,used,1,Mass_Market,Phnom Penh,Tier_1,store,42800.0,0.0,0,0.0,0,13.7,0.0,0,0,2026-08-25 10:28:34.582219+00
13835857,29999.0,10.308952660644293,Toyota,Alphard,2017,9,100000.0,1,2000.0,1,Hybrid,Automatic,White,used,1,Mass_Market,Phnom Penh,Tier_1,store,29999.0,0.0,0,0.0,0,23.9,0.0,0,0,2026-08-25 10:14:24.189148+00
13339904,55000.0,10.915106645867503,Toyota,Alphard,2017,9,100000.0,1,2000.0,1,Hybrid,Automatic,Black,used,1,Mass_Market,Phnom Penh,Tier_1,store,55000.0,0.0,0,0.0,0,153.7,0.0,0,0,2026-08-27 12:16:57.043558+00
13896761,32500.0,10.389026137075234,Toyota,Alphard,2017,9,100000.0,1,2000.0,1,Hybrid,Automatic,Black,used,1,Mass_Market,Phnom Penh,Tier_1,store,32500.0,0.0,0,0.0,0,9.9,0.0,0,1,2026-08-27 12:07:14.942271+00
13592116,35000.0,10.463131911491967,Toyota,Alphard,2017,9,100000.0,1,2000.0,1,Hybrid,Automatic,Black,used,1,Mass_Market,Phnom Penh,Tier_1,individual,35000.0,0.0,0,0.0,0,78.7,0.0,0,0,2026-08-19 02:48:11.442314+00
13923983,44500.0,10.703266939811954,Toyota,Alphard,2017,9,100000.0,1,2000.0,1,Petrol,Automatic,Black,used,1,Mass_Market,Phnom Penh,Tier_1,store,44500.0,0.0,0,0.0,0,0.6,0.0,1,0,2026-08-25 10:16:55.07807+00
13884655,39500.0,10.584081267024454,Toyota,Alphard,2017,9,100000.0,1,2000.0,1,Petrol,Automatic,White,used,1,Mass_Market,Phnom Penh,Tier_1,store,39500.0,0.0,0,0.0,0,13.1,0.0,0,0,2026-08-27 12:19:03.474215+00
13549161,32500.0,10.389026137075234,Toyota,Alphard,2017,9,100000.0,1,2000.0,1,Petrol,Automatic,White,used,1,Mass_Market,Phnom Penh,Tier_1,store,32500.0,0.0,0,0.0,0,95.7,0.0,0,0,2026-08-25 10:13:43.774849+00
13913967,44500.0,10.703266939811954,Toyota,Alphard,2017,9,100000.0,1,2000.0,1,Petrol,Automatic,Unknown,used,1,Mass_Market,Phnom Penh,Tier_1,store,44500.0,0.0,0,0.0,0,2.0,0.0,1,0,2026-08-24 10:11:17.28536+00
13914342,56900.0,10.949068194652432,Toyota,Alphard,2017,9,100000.0,1,2000.0,1,Petrol,Automatic,White,used,1,Mass_Market,Phnom Penh,Tier_1,store,56900.0,0.0,0,0.0,0,3.7,0.0,0,0,2026-08-26 02:57:41.58892+00
13487074,32500.0,10.389026137075234,Toyota,Alphard,2017,9,100000.0,1,2000.0,1,Petrol,Automatic,Black,used,1,Mass_Market,Phnom Penh,Tier_1,store,32500.0,0.0,0,0.0,0,110.0,0.0,0,0,2026-08-25 10:13:45.014129+00
13594657,38000.0,10.545367754151743,Toyota,Alphard,2017,9,100000.0,1,2000.0,1,Petrol,Automatic,White,used,1,Mass_Market,Phnom Penh,Tier_1,individual,38000.0,0.0,0,0.0,0,84.6,0.0,0,1,2026-08-25 10:28:33.872216+00
13901414,32500.0,10.389026137075234,Toyota,Alphard,2017,9,100000.0,1,2000.0,1,Petrol,Automatic,Black,used,1,Mass_Market,Phnom Penh,Tier_1,store,32500.0,0.0,0,0.0,0,0.0,0.0,0,1,2026-08-18 10:19:04.370366+00
13788157,42500.0,10.657282884047461,Toyota,Alphard,2017,9,100000.0,1,2000.0,1,Petrol,Automatic,Black,used,1,Mass_Market,Phnom Penh,Tier_1,store,42500.0,0.0,0,0.0,0,33.1,0.0,0,0,2026-08-22 02:44:50.61513+00
13664234,39999.0,10.596634733096073,Toyota,Alphard,2017,9,100000.0,1,2000.0,1,Petrol,Automatic,White,used,1,Mass_Market,Phnom Penh,Tier_1,store,39999.0,0.0,0,0.0,0,69.9,0.0,0,0,2026-08-27 12:09:46.126219+00
13879024,59800.0,10.998777662206932,Toyota,Alphard,2017,9,100000.0,1,2000.0,1,Petrol,Automatic,White,used,1,Mass_Market,Phnom Penh,Tier_1,store,59800.0,0.0,0,0.0,0,12.7,0.0,0,0,2026-08-25 10:15:48.672839+00
13403841,15000.0,9.61587214452889,Toyota,Alphard,2012,14,100000.0,1,2000.0,1,Petrol,Automatic,Silver,used,1,Mass_Market,Phnom Penh,Tier_1,individual,15000.0,0.0,0,0.0,0,133.7,0.0,0,0,2026-08-26 03:02:18.307619+00
13908986,18000.0,9.798182590890704,Toyota,Alphard,2012,14,100000.0,1,2000.0,1,Petrol,Automatic,White,used,1,Mass_Market,Phnom Penh,Tier_1,store,18000.0,0.0,0,0.0,0,3.7,0.0,0,0,2026-08-24 10:11:05.982263+00
13838159,25800.0,10.158168529848494,Toyota,Alphard,2012,14,100000.0,1,2000.0,1,Hybrid,Automatic,White,used,0,Mass_Market,Phnom Penh,Tier_1,store,25800.0,0.0,0,0.0,0,23.7,0.0,0,0,2026-08-26 03:05:15.762581+00
13842320,25200.0,10.134638955251866,Toyota,Alphard,2012,14,100000.0,1,2000.0,1,Petrol,Automatic,Unknown,used,0,Mass_Market,Phnom Penh,Tier_1,store,25200.0,0.0,0,0.0,0,22.7,0.0,0,0,2026-08-26 03:05:08.078785+00
13935422,23900.0,10.081675578048475,Toyota,Alphard,2012,14,100000.0,1,2000.0,1,Petrol,Automatic,White,used,0,Mass_Market,Phnom Penh,Tier_1,store,23900.0,0.0,0,0.0,0,0.0,0.0,0,0,2026-08-27 12:20:12.378628+00
13842281,25500.0,10.146472946063877,Toyota,Alphard,2012,14,100000.0,1,2000.0,1,Petrol,Automatic,White,used,0,Mass_Market,Phnom Penh,Tier_1,store,25500.0,0.0,0,0.0,0,22.7,0.0,0,0,2026-08-26 03:05:01.596754+00
13886954,24000.0,10.085850775128717,Toyota,Alphard,2012,14,100000.0,1,2000.0,1,Petrol,Automatic,White,used,0,Mass_Market,Phnom Penh,Tier_1,store,24000.0,0.0,0,0.0,0,8.4,0.0,0,0,2026-08-23 02:52:51.988486+00
13913885,195000.0,12.180759965737863,Toyota,Alphard,2012,14,100000.0,1,2000.0,1,Petrol,Automatic,White,used,1,Mass_Market,Phnom Penh,Tier_1,individual,195000.0,0.0,0,0.0,0,2.1,0.0,0,1,2026-08-24 10:11:20.285707+00
13712720,18700.0,9.83633227734872,Toyota,Alphard,2012,14,100000.0,1,2000.0,1,Petrol,Automatic,White,used,1,Mass_Market,Kandal,Tier_2,individual,18700.0,0.0,0,0.0,0,55.8,0.0,0,0,2026-08-25 10:21:13.267864+00
13686349,21500.0,9.975854724662028,Toyota,Alphard,2012,14,100000.0,1,2000.0,1,Petrol,Automatic,Black,used,1,Mass_Market,Phnom Penh,Tier_1,individual,21500.0,0.0,0,0.0,0,57.8,0.0,0,0,2026-08-21 02:53:12.54943+00
13841946,24500.0,10.106469212026385,Toyota,Alphard,2012,14,100000.0,1,2000.0,1,Petrol,Automatic,Black,used,0,Mass_Market,Phnom Penh,Tier_1,store,24500.0,0.0,0,0.0,0,22.7,0.0,0,0,2026-08-26 03:05:16.610025+00
13838141,24900.0,10.122663242288953,Toyota,Alphard,2012,14,100000.0,1,2000.0,1,Petrol,Automatic,White,used,0,Mass_Market,Phnom Penh,Tier_1,store,24900.0,0.0,0,0.0,0,23.8,0.0,0,0,2026-08-26 03:05:29.067379+00
13238821,25000.0,10.12667110305036,Toyota,Alphard,2012,14,100000.0,1,2000.0,1,Petrol,Automatic,Black,used,1,Mass_Market,Phnom Penh,Tier_1,individual,25000.0,0.0,0,0.0,0,171.7,0.0,0,0,2026-08-21 02:53:11.224108+00
13896941,23500.0,10.064798252418377,Toyota,Alphard,2012,14,100000.0,1,2000.0,1,Hybrid,Automatic,Unknown,used,1,Mass_Market,Phnom Penh,Tier_1,individual,23500.0,0.0,0,0.0,0,2.8,0.0,0,0,2026-08-20 08:37:27.815188+00
13842167,25200.0,10.134638955251866,Toyota,Alphard,2012,14,100000.0,1,2000.0,1,Petrol,Automatic,Black,used,0,Mass_Market,Phnom Penh,Tier_1,store,25200.0,0.0,0,0.0,0,22.7,0.0,1,0,2026-08-26 03:05:18.584162+00
13842113,23500.0,10.064798252418377,Toyota,Alphard,2012,14,100000.0,1,2000.0,1,Petrol,Automatic,White,used,0,Mass_Market,Phnom Penh,Tier_1,store,23500.0,0.0,0,0.0,0,22.7,0.0,1,0,2026-08-26 03:05:00.843796+00
13908724,26500.0,10.184937747111391,Toyota,Alphard,2012,14,100000.0,1,2000.0,1,Petrol,Automatic,Black,used,1,Mass_Market,Phnom Penh,Tier_1,individual,26500.0,0.0,0,0.0,0,0.0,0.0,0,0,2026-08-20 08:37:27.813284+00
13809927,19900.0,9.898525260706313,Toyota,Alphard,2012,14,100000.0,1,2000.0,1,Petrol,Automatic,White,used,1,Mass_Market,Phnom Penh,Tier_1,individual,19900.0,0.0,0,0.0,0,32.9,0.0,0,0,2026-08-27 12:15:33.720411+00
13917535,19300.0,9.867912187022208,Toyota,Alphard,2012,14,100000.0,1,2000.0,1,Petrol,Automatic,White,used,1,Mass_Market,Phnom Penh,Tier_1,individual,19300.0,0.0,0,0.0,0,0.0,0.0,0,0,2026-08-23 02:53:15.734058+00
13842190,25500.0,10.146472946063877,Toyota,Alphard,2012,14,100000.0,1,2000.0,1,Hybrid,Automatic,White,used,0,Mass_Market,Phnom Penh,Tier_1,store,25500.0,0.0,0,0.0,0,22.7,0.0,0,0,2026-08-26 03:05:31.066334+00
13927010,30000.0,10.308985993422082,Toyota,Alphard,2015,11,100000.0,1,2000.0,1,Petrol,Automatic,White,used,1,Mass_Market,Phnom Penh,Tier_1,individual,30000.0,0.0,0,0.0,0,0.0,0.0,0,0,2026-08-25 10:22:55.191053+00
13437673,38000.0,10.545367754151743,Toyota,Alphard,2015,11,100000.0,1,2000.0,1,Hybrid,Automatic,Black,used,0,Mass_Market,Phnom Penh,Tier_1,store,38000.0,0.0,0,0.0,0,122.7,0.0,0,0,2026-08-25 10:13:43.160327+00
13919127,31500.0,10.357774570341576,Toyota,Alphard,2015,11,100000.0,1,2000.0,1,Hybrid,Automatic,White,used,1,Mass_Market,Phnom Penh,Tier_1,individual,31500.0,0.0,0,0.0,0,0.8,0.0,0,0,2026-08-24 10:11:20.285707+00
13460465,102000.0,11.532737896139919,Toyota,Alphard,2023,3,100000.0,1,2000.0,1,Hybrid,Automatic,White,used,1,Mass_Market,Phnom Penh,Tier_1,store,102000.0,0.0,0,0.0,0,119.0,0.0,0,0,2026-08-27 12:19:45.688971+00
13227210,33000.0,10.404293143019792,Toyota,Alphard,2015,11,100000.0,1,2000.0,1,Petrol,Automatic,White,used,1,Mass_Market,Phnom Penh,Tier_1,store,33000.0,0.0,0,0.0,0,179.6,0.0,0,0,2026-08-25 10:21:20.033672+00
13346086,45000.0,10.714439990727769,Toyota,Alphard,2015,11,100000.0,1,2000.0,1,Hybrid,Automatic,White,used,0,Mass_Market,Phnom Penh,Tier_1,store,45000.0,0.0,0,0.0,0,149.8,0.0,0,0,2026-08-25 10:27:40.587617+00
13547592,45500.0,10.725489582719506,Toyota,Alphard,2015,11,100000.0,1,2000.0,1,Petrol,Automatic,Black,used,0,Mass_Market,Phnom Penh,Tier_1,store,45500.0,0.0,0,0.0,0,98.0,0.0,0,0,2026-08-27 12:17:25.796274+00
13443618,35500.0,10.477316144080852,Toyota,Alphard,2015,11,100000.0,1,2000.0,1,Hybrid,Automatic,Black,used,1,Mass_Market,Phnom Penh,Tier_1,store,35500.0,0.0,0,0.0,0,114.0,0.0,0,0,2026-08-18 10:19:00.458133+00
13925910,33000.0,10.404293143019792,Toyota,Alphard,2015,11,100000.0,1,2000.0,1,Petrol,Automatic,White,used,1,Mass_Market,Phnom Penh,Tier_1,individual,33000.0,0.0,0,0.0,0,2.0,0.0,0,0,2026-08-27 12:11:01.406586+00
13437151,31500.0,10.357774570341576,Toyota,Alphard,2015,11,100000.0,1,2000.0,1,Petrol,Automatic,Black,used,1,Mass_Market,Phnom Penh,Tier_1,store,31500.0,0.0,0,0.0,0,122.8,0.0,0,0,2026-08-25 10:24:26.039202+00
13825904,30800.0,10.335302435967074,Toyota,Alphard,2015,11,100000.0,1,2000.0,1,Hybrid,Automatic,Black,used,1,Mass_Market,Phnom Penh,Tier_1,store,30800.0,0.0,0,0.0,0,28.7,0.0,0,0,2026-08-27 12:05:15.566877+00
13739207,39900.0,10.594156665220533,Toyota,Alphard,2015,11,100000.0,1,2000.0,1,Hybrid,Automatic,Black,used,1,Mass_Market,Phnom Penh,Tier_1,store,39900.0,0.0,0,0.0,0,46.6,0.0,0,0,2026-08-23 02:53:10.5648+00
13796349,33000.0,10.404293143019792,Toyota,Alphard,2015,11,100000.0,1,2000.0,1,Petrol,Automatic,Black,used,0,Mass_Market,Phnom Penh,Tier_1,store,33000.0,0.0,0,0.0,0,36.5,0.0,0,0,2026-08-27 12:17:18.691927+00
13842295,35500.0,10.477316144080852,Toyota,Alphard,2015,11,100000.0,1,2000.0,1,Petrol,Automatic,White,used,1,Mass_Market,Phnom Penh,Tier_1,store,35500.0,0.0,0,0.0,0,22.7,0.0,0,0,2026-08-26 03:05:19.471886+00
13922680,27900.0,10.236417809461043,Toyota,Alphard,2015,11,100000.0,1,2000.0,1,Petrol,Automatic,Black,used,1,Mass_Market,Phnom Penh,Tier_1,store,27900.0,0.0,0,0.0,0,0.8,0.0,0,0,2026-08-25 10:29:48.568747+00
13853245,26700.0,10.192456296870509,Toyota,Alphard,2015,11,100000.0,1,2000.0,1,Petrol,Automatic,White,used,1,Mass_Market,Phnom Penh,Tier_1,individual,26700.0,0.0,0,0.0,0,18.5,0.0,0,0,2026-08-24 10:11:10.066381+00
13907840,28350.0,10.252417581902414,Toyota,Alphard,2015,11,100000.0,1,2000.0,1,Hybrid,Automatic,White,used,1,Mass_Market,Phnom Penh,Tier_1,individual,28350.0,0.0,0,0.0,0,1.6,0.0,0,0,2026-08-22 02:44:41.412747+00
13612134,65800.0,11.094390314766315,Toyota,Alphard,2018,8,100000.0,1,2000.0,1,Petrol,Automatic,Black,used,1,Mass_Market,Phnom Penh,Tier_1,store,65800.0,0.0,0,0.0,0,82.8,0.0,1,0,2026-08-27 12:17:27.933544+00
13686879,16600.0,9.717218213494077,Toyota,Alphard,2009,17,100000.0,1,2000.0,1,Petrol,Automatic,Black,used,1,Mass_Market,Phnom Penh,Tier_1,individual,16800.0,200.0,1,0.0,0,64.1,0.0,0,0,2026-08-27 12:06:14.337405+00
13497409,49800.0,10.815790343132422,Toyota,Alphard,2018,8,100000.0,1,2000.0,1,Petrol,Automatic,White,used,1,Mass_Market,Phnom Penh,Tier_1,individual,51990.0,2190.0,1,0.0,0,109.8,0.0,0,0,2026-08-27 12:05:30.869183+00
13589374,19800.0,9.893487720457795,Toyota,Alphard,2012,14,100000.0,1,2000.0,1,Petrol,Automatic,Black,used,1,Mass_Market,Phnom Penh,Tier_1,store,19800.0,0.0,0,0.0,0,86.6,0.0,0,0,2026-08-26 02:58:19.875584+00
13834139,55500.0,10.92415631759022,Toyota,Alphard,2018,8,100000.0,1,2000.0,1,Hybrid,Automatic,Black,used,1,Mass_Market,Phnom Penh,Tier_1,store,55500.0,0.0,0,0.0,0,17.7,0.0,0,0,2026-08-18 10:18:57.645838+00
13461317,62555.0,11.043817434556106,Toyota,Alphard,2018,8,100000.0,1,2000.0,1,Petrol,Automatic,White,used,1,Mass_Market,Phnom Penh,Tier_1,store,62555.0,0.0,0,0.0,0,118.9,0.0,0,0,2026-08-27 12:10:48.753837+00
13905605,43800.0,10.687411927154141,Toyota,Alphard,2018,8,100000.0,1,2000.0,1,Petrol,Automatic,White,used,1,Mass_Market,Phnom Penh,Tier_1,store,58000.0,14200.0,1,0.0,0,6.4,0.0,0,0,2026-08-26 02:58:22.089829+00
13658699,70000.0,11.156264806643742,Toyota,Alphard,2020,6,100000.0,1,2000.0,1,Petrol,Automatic,Black,used,1,Mass_Market,Phnom Penh,Tier_1,store,70000.0,0.0,0,0.0,0,69.0,0.0,1,0,2026-08-25 10:19:27.209116+00
13227216,58000.0,10.968215530759236,Toyota,Alphard,2016,10,100000.0,1,2000.0,1,Petrol,Automatic,Black,used,1,Mass_Market,Phnom Penh,Tier_1,store,58000.0,0.0,0,0.0,0,179.6,0.0,0,0,2026-08-25 10:26:16.645831+00
13896286,28500.0,10.25769445336048,Toyota,Alphard,2016,10,100000.0,1,2000.0,1,Petrol,Automatic,White,used,1,Mass_Market,Phnom Penh,Tier_1,store,28500.0,0.0,0,0.0,0,10.0,0.0,0,0,2026-08-27 12:08:20.983365+00
13731825,17500.0,9.770013301136158,Toyota,Alphard,2011,15,100000.0,1,2000.0,1,Petrol,Automatic,White,used,1,Mass_Market,Preah Sihanouk,Tier_2,individual,17500.0,0.0,0,0.0,0,42.8,0.0,0,0,2026-08-17 08:50:55.88556+00
13917633,19000.0,9.852246888342531,Toyota,Alphard,2011,15,100000.0,1,2000.0,1,Petrol,Automatic,Black,used,1,Mass_Market,Phnom Penh,Tier_1,individual,19000.0,0.0,0,0.0,0,0.0,0.0,0,0,2026-08-23 02:52:51.992894+00
13935398,24000.0,10.085850775128717,Toyota,Alphard,2012,14,100000.0,1,2000.0,1,Hybrid,Automatic,White,used,0,Mass_Market,Phnom Penh,Tier_1,store,24000.0,0.0,0,0.0,0,0.0,0.0,0,0,2026-08-27 12:20:46.025551+00
13863234,65000.0,11.082157933374816,Toyota,Alphard,2018,8,100000.0,1,2000.0,1,Petrol,Automatic,Black,used,1,Mass_Market,Phnom Penh,Tier_1,individual,65000.0,0.0,0,0.0,0,10.6,0.0,0,0,2026-08-19 02:48:03.344684+00
13904315,38500.0,10.55843949396453,Toyota,Alphard,2018,8,100000.0,1,2000.0,1,Hybrid,Automatic,Black,used,1,Mass_Market,Phnom Penh,Tier_1,store,38500.0,0.0,0,0.0,0,2.6,0.0,0,0,2026-08-22 02:44:59.593896+00
13910730,50168.0,10.823152585049232,Toyota,Alphard,2018,8,100000.0,1,2000.0,1,Hybrid,Automatic,Unknown,used,1,Mass_Market,Phnom Penh,Tier_1,individual,50168.0,0.0,0,0.0,0,0.0,0.0,0,0,2026-08-21 02:53:09.874617+00
13911456,25500.0,10.146472946063877,Toyota,Alphard,2016,10,100000.0,1,2000.0,1,Petrol,Automatic,White,used,1,Mass_Market,Phnom Penh,Tier_1,individual,25500.0,0.0,0,0.0,0,6.0,0.0,0,0,2026-08-27 12:06:47.248526+00
13722869,118000.0,11.678448377988165,Toyota,Alphard,2024,2,100000.0,1,2000.0,1,Petrol,Automatic,White,new,0,Mass_Market,Phnom Penh,Tier_1,store,118000.0,0.0,0,0.0,0,53.8,0.0,0,0,2026-08-26 03:03:44.199523+00
13913470,103000.0,11.542493975902508,Toyota,Alphard,2024,2,100000.0,1,2000.0,1,Hybrid,Automatic,Black,new,0,Mass_Market,Phnom Penh,Tier_1,store,103000.0,0.0,0,0.0,0,4.2,0.0,0,0,2026-08-26 03:10:02.924558+00
13833960,118000.0,11.678448377988165,Toyota,Alphard,2024,2,100000.0,1,2000.0,1,Petrol,Automatic,Black,new,0,Mass_Market,Phnom Penh,Tier_1,store,118000.0,0.0,0,0.0,0,16.7,0.0,0,0,2026-08-17 08:50:51.132906+00
13768240,109000.0,11.599112335481124,Toyota,Alphard,2024,2,100000.0,1,2000.0,1,Petrol,Automatic,Grey,used,1,Mass_Market,Phnom Penh,Tier_1,store,109000.0,0.0,0,0.0,0,42.6,0.0,0,0,2026-08-26 02:57:30.074131+00
13903502,92000.0,11.429554725537322,Toyota,Alphard,2024,2,100000.0,1,2000.0,1,Petrol,Automatic,Gold,used,1,Mass_Market,Phnom Penh,Tier_1,store,92000.0,0.0,0,0.0,0,0.0,0.0,0,1,2026-08-19 02:48:03.344057+00
13908358,108000.0,11.58989576532275,Toyota,Alphard,2024,2,100000.0,1,2000.0,1,Hybrid,Automatic,White,used,1,Mass_Market,Phnom Penh,Tier_1,store,108000.0,0.0,0,0.0,0,6.9,0.0,1,0,2026-08-27 12:14:53.866012+00
13552328,39500.0,10.584081267024454,Toyota,Alphard,2016,10,100000.0,1,2000.0,1,Hybrid,Automatic,Black,used,1,Mass_Market,Phnom Penh,Tier_1,store,39500.0,0.0,0,0.0,0,95.6,0.0,0,0,2026-08-26 03:04:37.923291+00
13856610,99000.0,11.502885230075814,Toyota,Alphard,2024,2,100000.0,1,2000.0,1,Petrol,Automatic,Silver,new,1,Mass_Market,Phnom Penh,Tier_1,store,99000.0,0.0,0,0.0,0,20.8,0.0,0,0,2026-08-27 12:06:36.121379+00
13764710,109000.0,11.599112335481124,Toyota,Alphard,2024,2,100000.0,1,2000.0,1,Hybrid,Automatic,Silver,new,1,Mass_Market,Phnom Penh,Tier_1,store,109000.0,0.0,0,0.0,0,44.8,0.0,0,0,2026-08-27 12:08:29.012905+00
13829504,118000.0,11.678448377988165,Toyota,Alphard,2024,2,100000.0,1,2000.0,1,Petrol,Automatic,White,new,0,Mass_Market,Phnom Penh,Tier_1,store,118000.0,0.0,0,0.0,0,26.5,0.0,0,0,2026-08-26 03:05:59.453431+00
13935732,128000.0,11.759793355371237,Toyota,Alphard,2024,2,100000.0,1,2000.0,1,Petrol,Automatic,Black,used,0,Mass_Market,Phnom Penh,Tier_1,store,128000.0,0.0,0,0.0,0,0.0,0.0,0,0,2026-08-27 12:16:10.264609+00
13856598,98000.0,11.49273296168228,Toyota,Alphard,2024,2,100000.0,1,2000.0,1,Petrol,Automatic,Black,new,1,Mass_Market,Phnom Penh,Tier_1,store,98000.0,0.0,0,0.0,0,20.8,0.0,0,0,2026-08-27 12:06:17.808284+00
13893077,84800.0,11.348062614163295,Toyota,Alphard,2024,2,100000.0,1,2000.0,1,Petrol,Automatic,Unknown,used,1,Mass_Market,Phnom Penh,Tier_1,store,84800.0,0.0,0,0.0,0,1.8,0.0,0,0,2026-08-18 10:18:56.72048+00
13722851,118000.0,11.678448377988165,Toyota,Alphard,2024,2,100000.0,1,2000.0,1,Petrol,Automatic,White,new,0,Mass_Market,Phnom Penh,Tier_1,store,118000.0,0.0,0,0.0,0,48.8,0.0,0,0,2026-08-21 02:53:13.862677+00
13722867,119000.0,11.686887175419702,Toyota,Alphard,2024,2,100000.0,1,2000.0,1,Petrol,Automatic,Grey,used,0,Mass_Market,Phnom Penh,Tier_1,store,119000.0,0.0,0,0.0,0,53.8,0.0,0,0,2026-08-26 03:03:47.990923+00
13856585,112000.0,11.626263078808801,Toyota,Alphard,2024,2,100000.0,1,2000.0,1,Petrol,Automatic,Black,new,1,Mass_Market,Phnom Penh,Tier_1,store,112000.0,0.0,0,0.0,0,20.8,0.0,0,0,2026-08-27 12:08:18.781843+00
13812578,127000.0,11.751950239425476,Toyota,Alphard,2024,2,100000.0,1,2000.0,1,Petrol,Automatic,White,new,0,Mass_Market,Phnom Penh,Tier_1,store,127000.0,0.0,0,0.0,0,29.9,0.0,0,0,2026-08-25 10:25:30.676351+00
13736985,109000.0,11.599112335481124,Toyota,Alphard,2024,2,100000.0,1,2000.0,1,Petrol,Automatic,Black,used,1,Mass_Market,Phnom Penh,Tier_1,store,109000.0,0.0,0,0.0,0,50.3,0.0,0,0,2026-08-26 02:57:28.009107+00
13722870,118000.0,11.678448377988165,Toyota,Alphard,2024,2,100000.0,1,2000.0,1,Petrol,Automatic,White,new,0,Mass_Market,Phnom Penh,Tier_1,store,118000.0,0.0,0,0.0,0,53.8,0.0,0,0,2026-08-26 03:03:45.678424+00
13805980,120900.0,11.70272730786727,Toyota,Alphard,2024,2,100000.0,1,2000.0,1,Hybrid,Automatic,White,used,1,Mass_Market,Phnom Penh,Tier_1,store,120900.0,0.0,0,0.0,0,31.9,0.0,0,0,2026-08-25 10:25:55.970408+00
13842056,45500.0,10.725489582719506,Toyota,Alphard,2016,10,100000.0,1,2000.0,1,Hybrid,Automatic,Black,used,0,Mass_Market,Phnom Penh,Tier_1,store,45500.0,0.0,0,0.0,0,22.7,0.0,0,0,2026-08-26 03:05:17.846443+00
13838232,45500.0,10.725489582719506,Toyota,Alphard,2016,10,100000.0,1,2000.0,1,Hybrid,Automatic,Black,used,0,Mass_Market,Phnom Penh,Tier_1,store,45500.0,0.0,0,0.0,0,23.7,0.0,0,0,2026-08-26 03:05:00.221694+00
13843884,45500.0,10.725489582719506,Toyota,Alphard,2016,10,100000.0,1,2000.0,1,Hybrid,Automatic,Black,used,0,Mass_Market,Phnom Penh,Tier_1,store,45500.0,0.0,0,0.0,0,23.9,0.0,0,0,2026-08-27 12:16:28.449676+00
13616692,178000.0,12.08954444723597,Toyota,Alphard,2026,0,100000.0,1,2000.0,1,Petrol,Automatic,Black,new,0,Mass_Market,Phnom Penh,Tier_1,store,178000.0,0.0,0,0.0,0,79.8,0.0,0,0,2026-08-26 02:58:11.48753+00
13722850,178000.0,12.08954444723597,Toyota,Alphard,2026,0,100000.0,1,2000.0,1,Petrol,Automatic,White,new,0,Mass_Market,Phnom Penh,Tier_1,store,178000.0,0.0,0,0.0,0,48.8,0.0,0,0,2026-08-21 02:53:12.548492+00
13724332,184000.0,12.122696471358964,Toyota,Alphard,2026,0,100000.0,1,2000.0,1,Petrol,Automatic,Black,new,0,Mass_Market,Phnom Penh,Tier_1,store,184000.0,0.0,0,0.0,0,52.9,0.0,0,0,2026-08-25 10:29:01.057754+00
13828793,33800.0,10.428245666832275,Toyota,Alphard,2016,10,100000.0,1,2000.0,1,Hybrid,Automatic,White,used,1,Mass_Market,Phnom Penh,Tier_1,store,33800.0,0.0,0,0.0,0,19.6,0.0,0,0,2026-08-19 02:48:03.34286+00
13339848,75000.0,11.225256725762893,Toyota,Alphard,2016,10,100000.0,1,2000.0,1,Petrol,Automatic,White,used,1,Mass_Market,Phnom Penh,Tier_1,store,75000.0,0.0,0,0.0,0,153.7,0.0,0,0,2026-08-27 12:18:39.801223+00
13875420,39800.0,10.591647316585027,Toyota,Alphard,2016,10,100000.0,1,2000.0,1,Hybrid,Automatic,Black,used,1,Mass_Market,Phnom Penh,Tier_1,store,39800.0,0.0,0,0.0,0,13.7,0.0,0,0,2026-08-25 10:23:06.022215+00
13715280,45500.0,10.725489582719506,Toyota,Alphard,2016,10,100000.0,1,2000.0,1,Petrol,Automatic,Unknown,used,0,Mass_Market,Phnom Penh,Tier_1,store,45500.0,0.0,0,0.0,0,50.7,0.0,0,0,2026-08-21 02:53:27.391391+00
13886969,22000.0,9.99884318585288,Toyota,Alphard,2012,14,100000.0,1,2000.0,1,Petrol,Automatic,Black,used,0,Mass_Market,Phnom Penh,Tier_1,store,22000.0,0.0,0,0.0,0,11.4,0.0,0,0,2026-08-26 03:07:28.788536+00
13567523,43500.0,10.680539205318292,Toyota,Alphard,2016,10,100000.0,1,2000.0,1,Petrol,Automatic,White,used,0,Mass_Market,Phnom Penh,Tier_1,store,43500.0,0.0,0,0.0,0,93.1,0.0,0,0,2026-08-27 12:17:26.852396+00
13331166,40000.0,10.596659732783579,Toyota,Alphard,2016,10,100000.0,1,2000.0,1,Petrol,Automatic,White,used,1,Mass_Market,Phnom Penh,Tier_1,store,40000.0,0.0,0,0.0,0,155.7,0.0,0,0,2026-08-27 12:08:04.387511+00
13838220,36000.0,10.491301994830229,Toyota,Alphard,2016,10,100000.0,1,2000.0,1,Petrol,Automatic,Unknown,used,1,Mass_Market,Phnom Penh,Tier_1,store,36000.0,0.0,0,0.0,0,18.7,0.0,0,0,2026-08-21 02:53:27.391502+00
13935476,42500.0,10.657282884047461,Toyota,Alphard,2016,10,100000.0,1,2000.0,1,Hybrid,Automatic,Black,used,0,Mass_Market,Phnom Penh,Tier_1,store,42500.0,0.0,0,0.0,0,0.0,0.0,0,0,2026-08-27 12:19:40.197548+00
13936327,36500.0,10.505094936455558,Toyota,Alphard,2016,10,100000.0,1,2000.0,1,Hybrid,Automatic,Black,used,0,Mass_Market,Phnom Penh,Tier_1,store,36500.0,0.0,0,0.0,0,0.0,0.0,0,0,2026-08-27 12:11:37.636454+00
13837540,29500.0,10.292179440058462,Toyota,Alphard,2016,10,100000.0,1,2000.0,1,Petrol,Automatic,Black,used,0,Mass_Market,Phnom Penh,Tier_1,store,29500.0,0.0,0,0.0,0,23.5,0.0,0,0,2026-08-25 10:13:45.628676+00
13901778,34800.0,10.457401400981889,Toyota,Alphard,2016,10,100000.0,1,2000.0,1,Petrol,Automatic,Black,used,1,Mass_Market,Phnom Penh,Tier_1,store,34800.0,0.0,0,0.0,0,7.4,0.0,0,0,2026-08-26 02:59:50.891534+00
13909243,31000.0,10.34177474101152,Toyota,Alphard,2016,10,100000.0,1,2000.0,1,Petrol,Automatic,White,used,1,Mass_Market,Phnom Penh,Tier_1,store,31000.0,0.0,0,0.0,0,6.7,0.0,0,1,2026-08-27 12:17:24.720551+00
13807659,35000.0,10.463131911491967,Toyota,Alphard,2016,10,100000.0,1,2000.0,1,Hybrid,Automatic,White,used,1,Mass_Market,Phnom Penh,Tier_1,individual,35000.0,0.0,0,0.0,0,31.5,0.0,0,1,2026-08-25 10:13:39.953915+00
13900984,31000.0,10.34177474101152,Toyota,Alphard,2016,10,100000.0,1,2000.0,1,Petrol,Automatic,Black,used,1,Mass_Market,Phnom Penh,Tier_1,store,31000.0,0.0,0,0.0,0,7.5,0.0,0,0,2026-08-26 03:07:29.458306+00
13910675,35500.0,10.477316144080852,Toyota,Alphard,2016,10,100000.0,1,2000.0,1,Petrol,Automatic,Black,used,1,Mass_Market,Phnom Penh,Tier_1,store,35500.0,0.0,0,0.0,0,0.0,0.0,0,1,2026-08-21 02:53:11.224512+00
13828768,33800.0,10.428245666832275,Toyota,Alphard,2016,10,100000.0,1,2000.0,1,Hybrid,Automatic,White,used,1,Mass_Market,Phnom Penh,Tier_1,store,33800.0,0.0,0,0.0,0,26.6,0.0,0,0,2026-08-26 03:00:01.341115+00
13925182,35000.0,10.463131911491967,Toyota,Alphard,2016,10,100000.0,1,2000.0,1,Petrol,Automatic,Black,used,1,Mass_Market,Phnom Penh,Tier_1,store,35000.0,0.0,0,0.0,0,0.8,0.0,0,0,2026-08-26 03:05:05.222783+00
13910962,52800.0,10.874285408908944,Toyota,Alphard,2018,8,100000.0,1,2000.0,1,Hybrid,Automatic,Black,used,1,Mass_Market,Phnom Penh,Tier_1,individual,52800.0,0.0,0,0.0,0,6.1,0.0,0,0,2026-08-27 12:06:06.826357+00
13912959,44500.0,10.703266939811954,Toyota,Alphard,2018,8,100000.0,1,2000.0,1,Petrol,Automatic,White,used,1,Mass_Market,Phnom Penh,Tier_1,store,44500.0,0.0,0,0.0,0,4.4,0.0,0,0,2026-08-26 03:06:57.950068+00
13916660,34900.0,10.460270761075149,Toyota,Alphard,2018,8,100000.0,1,2000.0,1,Hybrid,Automatic,White,used,1,Mass_Market,Phnom Penh,Tier_1,individual,34900.0,0.0,0,0.0,0,4.6,0.0,0,0,2026-08-27 12:11:47.954977+00
13901321,57000.0,10.950824090522445,Toyota,Alphard,2018,8,100000.0,1,2000.0,1,Hybrid,Automatic,White,used,1,Mass_Market,Phnom Penh,Tier_1,individual,57000.0,0.0,0,0.0,0,6.8,0.0,1,0,2026-08-25 10:12:24.221537+00
13396849,39500.0,10.584081267024454,Toyota,Alphard,2016,10,100000.0,1,2000.0,1,Petrol,Automatic,Black,used,1,Mass_Market,Phnom Penh,Tier_1,store,39500.0,0.0,0,0.0,0,137.4,0.0,1,0,2026-08-26 03:06:23.321257+00
13378169,26500.0,10.184937747111391,Toyota,Alphard,2016,10,100000.0,1,2000.0,1,Petrol,Automatic,White,used,1,Mass_Market,Phnom Penh,Tier_1,store,26500.0,0.0,0,0.0,0,136.4,0.0,0,0,2026-08-20 08:37:49.859676+00
13442531,46500.0,10.747229096720554,Toyota,Alphard,2025,1,100000.0,1,2000.0,1,Hybrid,Automatic,Black,used,0,Mass_Market,Phnom Penh,Tier_1,store,46500.0,0.0,0,0.0,0,122.2,0.0,0,0,2026-08-26 03:02:13.646732+00
13929668,14000.0,9.546884034617925,Toyota,Alphard,2005,21,100000.0,1,2000.0,1,Petrol,Automatic,White,used,1,Mass_Market,Siem Reap,Tier_2,individual,14000.0,0.0,0,0.0,0,0.0,0.0,0,1,2026-08-26 02:56:56.769271+00
13913987,14300.0,9.568084743872936,Toyota,Alphard,2005,21,100000.0,1,2000.0,1,Petrol,Automatic,Unknown,used,1,Mass_Market,Phnom Penh,Tier_1,store,14300.0,0.0,0,0.0,0,0.0,0.0,0,0,2026-08-22 02:45:00.824099+00
13878478,12800.0,9.45727857185611,Toyota,Alphard,2005,21,100000.0,1,2000.0,1,Petrol,Automatic,Black,used,1,Mass_Market,Phnom Penh,Tier_1,store,12800.0,0.0,0,0.0,0,12.8,0.0,0,0,2026-08-25 10:29:47.88932+00
13894378,22500.0,10.021315031649332,Toyota,Alphard,2014,12,100000.0,1,2000.0,1,Petrol,Automatic,Black,used,0,Mass_Market,Phnom Penh,Tier_1,individual,22500.0,0.0,0,0.0,0,2.2,0.0,0,0,2026-08-19 02:48:04.74913+00
13428137,75500.0,11.231901180182515,Toyota,Alphard,2021,5,100000.0,1,2000.0,1,Hybrid,Automatic,Black,used,1,Mass_Market,Phnom Penh,Tier_1,store,75500.0,0.0,0,0.0,0,125.5,0.0,0,0,2026-08-26 03:09:50.836395+00
13606622,145000.0,11.884495917930655,Toyota,Alphard,2025,1,100000.0,1,2000.0,1,Petrol,Automatic,Black,new,0,Mass_Market,Phnom Penh,Tier_1,store,145000.0,0.0,0,0.0,0,82.6,0.0,1,0,2026-08-26 02:58:16.731711+00
13927739,120000.0,11.695255355062795,Toyota,Alphard,2025,1,100000.0,1,2000.0,1,Petrol,Automatic,Black,used,1,Mass_Market,Phnom Penh,Tier_1,store,120000.0,0.0,0,0.0,0,0.0,0.0,0,0,2026-08-25 10:15:36.908251+00
13936207,18500.0,9.825580063659602,Toyota,Alphard,2010,16,100000.0,1,2000.0,1,Petrol,Automatic,Black,used,1,Mass_Market,Phnom Penh,Tier_1,individual,18500.0,0.0,0,0.0,0,0.0,0.0,0,0,2026-08-27 12:13:15.527613+00
13898920,15500.0,9.648659816955295,Toyota,Alphard,2010,16,100000.0,1,2000.0,1,Petrol,Automatic,White,used,1,Mass_Market,Kandal,Tier_2,individual,15500.0,0.0,0,0.0,0,7.8,0.0,0,0,2026-08-26 03:04:08.614207+00
13419232,19800.0,9.893487720457795,Toyota,Alphard,2010,16,100000.0,1,2000.0,1,Petrol,Automatic,White,used,1,Mass_Market,Phnom Penh,Tier_1,store,19800.0,0.0,0,0.0,0,124.4,0.0,0,0,2026-08-23 02:52:50.507678+00
13834806,16200.0,9.692828247710418,Toyota,Alphard,2010,16,100000.0,1,2000.0,1,Petrol,Automatic,White,used,1,Mass_Market,Phnom Penh,Tier_1,individual,16200.0,0.0,0,0.0,0,24.8,0.0,0,0,2026-08-26 03:06:09.942347+00
13563754,15500.0,9.648659816955295,Toyota,Alphard,2010,16,100000.0,1,2000.0,1,Petrol,Automatic,White,used,1,Mass_Market,Phnom Penh,Tier_1,individual,15500.0,0.0,0,0.0,0,91.9,0.0,0,0,2026-08-25 10:23:13.705901+00
13832918,16500.0,9.711176264112805,Toyota,Alphard,2010,16,100000.0,1,2000.0,1,Petrol,Automatic,White,used,1,Mass_Market,Phnom Penh,Tier_1,individual,16500.0,0.0,0,0.0,0,23.9,0.0,0,0,2026-08-24 10:11:20.285707+00
13873994,17000.0,9.741027444837728,Toyota,Alphard,2010,16,100000.0,1,2000.0,1,Petrol,Automatic,White,used,1,Mass_Market,Phnom Penh,Tier_1,individual,17000.0,0.0,0,0.0,0,14.6,0.0,0,0,2026-08-26 03:03:35.427227+00
13784197,22000.0,9.99884318585288,Toyota,Alphard,2010,16,100000.0,1,2000.0,1,Petrol,Automatic,Black,used,0,Mass_Market,Phnom Penh,Tier_1,store,22000.0,0.0,0,0.0,0,37.7,0.0,0,0,2026-08-25 10:23:40.968823+00
13546549,17900.0,9.792611856190192,Toyota,Alphard,2010,16,100000.0,1,2000.0,1,Petrol,Automatic,White,used,1,Mass_Market,Phnom Penh,Tier_1,store,17900.0,0.0,0,0.0,0,98.1,0.0,0,0,2026-08-27 12:11:26.669953+00
13842665,25500.0,10.146472946063877,Toyota,Alphard,2013,13,100000.0,1,2000.0,1,Petrol,Automatic,Black,used,0,Mass_Market,Phnom Penh,Tier_1,store,25500.0,0.0,0,0.0,0,22.6,0.0,0,0,2026-08-26 03:05:24.781749+00
13838235,25200.0,10.134638955251866,Toyota,Alphard,2013,13,100000.0,1,2000.0,1,Petrol,Automatic,Black,used,0,Mass_Market,Phnom Penh,Tier_1,store,25200.0,0.0,0,0.0,0,23.7,0.0,0,0,2026-08-26 03:05:30.344295+00
13829845,19500.0,9.87822102528824,Toyota,Alphard,2013,13,100000.0,1,2000.0,1,Petrol,Automatic,Black,used,1,Mass_Market,Phnom Penh,Tier_1,individual,19500.0,0.0,0,0.0,0,26.4,0.0,0,0,2026-08-26 03:10:17.933934+00
13842338,24500.0,10.106469212026385,Toyota,Alphard,2013,13,100000.0,1,2000.0,1,Petrol,Automatic,White,used,0,Mass_Market,Phnom Penh,Tier_1,store,24500.0,0.0,0,0.0,0,22.7,0.0,0,0,2026-08-26 03:05:22.729689+00
13903416,18500.0,9.825580063659602,Toyota,Alphard,2013,13,100000.0,1,2000.0,1,Petrol,Automatic,White,used,1,Mass_Market,Phnom Penh,Tier_1,individual,18500.0,0.0,0,0.0,0,0.0,0.0,0,0,2026-08-19 02:48:12.668952+00
13935409,22900.0,10.038935856711177,Toyota,Alphard,2013,13,100000.0,1,2000.0,1,Petrol,Automatic,White,used,0,Mass_Market,Phnom Penh,Tier_1,store,22900.0,0.0,0,0.0,0,0.0,0.0,0,0,2026-08-27 12:20:33.270553+00
13468485,18900.0,9.846970109700957,Toyota,Alphard,2013,13,100000.0,1,2000.0,1,Petrol,Automatic,Black,used,1,Mass_Market,Kandal,Tier_2,individual,19500.0,600.0,1,0.0,0,113.9,0.0,0,0,2026-08-24 10:11:13.116557+00
13881518,23000.0,10.043292972227004,Toyota,Alphard,2013,13,100000.0,1,2000.0,1,Petrol,Automatic,Black,used,0,Mass_Market,Phnom Penh,Tier_1,store,23000.0,0.0,0,0.0,0,12.7,0.0,0,0,2026-08-26 03:05:33.303713+00
13838148,24500.0,10.106469212026385,Toyota,Alphard,2013,13,100000.0,1,2000.0,1,Petrol,Automatic,White,used,0,Mass_Market,Phnom Penh,Tier_1,store,24500.0,0.0,0,0.0,0,23.7,0.0,0,0,2026-08-26 03:05:11.134059+00
13913968,18800.0,9.841665338892785,Toyota,Alphard,2013,13,100000.0,1,2000.0,1,Petrol,Automatic,White,used,1,Mass_Market,Phnom Penh,Tier_1,individual,18800.0,0.0,0,0.0,0,3.0,0.0,0,1,2026-08-25 10:14:36.168238+00
13841954,24000.0,10.085850775128717,Toyota,Alphard,2013,13,100000.0,1,2000.0,1,Petrol,Automatic,Black,used,0,Mass_Market,Phnom Penh,Tier_1,store,24000.0,0.0,0,0.0,0,22.7,0.0,0,0,2026-08-26 03:05:14.361313+00
13900191,21000.0,9.952325334619427,Toyota,Alphard,2013,13,100000.0,1,2000.0,1,Petrol,Automatic,White,used,1,Mass_Market,Phnom Penh,Tier_1,individual,21000.0,0.0,0,0.0,0,6.9,0.0,0,0,2026-08-25 10:22:17.780651+00
13842314,24500.0,10.106469212026385,Toyota,Alphard,2013,13,100000.0,1,2000.0,1,Petrol,Automatic,White,used,0,Mass_Market,Phnom Penh,Tier_1,store,24500.0,0.0,0,0.0,0,22.7,0.0,0,0,2026-08-26 03:05:20.842601+00
13842306,24000.0,10.085850775128717,Toyota,Alphard,2014,12,100000.0,1,2000.0,1,Petrol,Automatic,White,used,1,Mass_Market,Phnom Penh,Tier_1,store,24000.0,0.0,0,0.0,0,22.7,0.0,0,0,2026-08-26 03:05:10.07775+00
13853247,21500.0,9.975854724662028,Toyota,Alphard,2014,12,100000.0,1,2000.0,1,Electric,Automatic,White,used,1,Mass_Market,Phnom Penh,Tier_1,individual,21500.0,0.0,0,0.0,0,15.2,0.0,0,0,2026-08-21 02:53:04.844235+00
13935516,24500.0,10.106469212026385,Toyota,Alphard,2014,12,100000.0,1,2000.0,1,Petrol,Automatic,Black,used,0,Mass_Market,Phnom Penh,Tier_1,store,24500.0,0.0,0,0.0,0,0.0,0.0,0,0,2026-08-27 12:18:53.769903+00
13901865,120000.0,11.695255355062795,Toyota,Alphard,2025,1,100000.0,1,2000.0,1,Petrol,Automatic,Black,used,1,Mass_Market,Phnom Penh,Tier_1,store,120000.0,0.0,0,0.0,0,6.7,0.0,0,0,2026-08-25 10:15:34.20663+00
13300869,26505.0,10.185126401440623,Toyota,Alphard,2014,12,100000.0,1,2000.0,1,Petrol,Automatic,White,used,0,Mass_Market,Phnom Penh,Tier_1,store,26505.0,0.0,0,0.0,0,162.9,0.0,0,1,2026-08-27 12:09:18.029121+00
13878460,24500.0,10.106469212026385,Toyota,Alphard,2014,12,100000.0,1,2000.0,1,Petrol,Automatic,White,used,0,Mass_Market,Phnom Penh,Tier_1,store,24500.0,0.0,0,0.0,0,13.5,0.0,1,0,2026-08-26 03:05:31.933884+00
13836919,23800.0,10.077482875583607,Toyota,Alphard,2014,12,100000.0,1,2000.0,1,Petrol,Automatic,Black,used,0,Mass_Market,Phnom Penh,Tier_1,store,23800.0,0.0,0,0.0,0,25.8,0.0,0,0,2026-08-27 12:07:36.368502+00
13838103,25500.0,10.146472946063877,Toyota,Alphard,2014,12,100000.0,1,2000.0,1,Petrol,Automatic,White,used,0,Mass_Market,Phnom Penh,Tier_1,store,25500.0,0.0,0,0.0,0,23.8,0.0,0,0,2026-08-26 03:05:27.400939+00
13842327,25500.0,10.146472946063877,Toyota,Alphard,2014,12,100000.0,1,2000.0,1,Petrol,Automatic,White,used,0,Mass_Market,Phnom Penh,Tier_1,store,25500.0,0.0,0,0.0,0,22.7,0.0,0,0,2026-08-26 03:05:08.984195+00
13887000,23500.0,10.064798252418377,Toyota,Alphard,2014,12,100000.0,1,2000.0,1,Petrol,Automatic,Black,used,0,Mass_Market,Phnom Penh,Tier_1,store,23500.0,0.0,0,0.0,0,10.7,0.0,0,0,2026-08-25 10:25:14.608455+00
13875408,52800.0,10.874285408908944,Toyota,Alphard,2020,6,100000.0,1,2000.0,1,Hybrid,Automatic,Black,used,1,Mass_Market,Phnom Penh,Tier_1,store,52800.0,0.0,0,0.0,0,13.7,0.0,0,0,2026-08-25 10:28:07.368129+00
13259668,4850.0,8.486940148245216,Kia,Borrego,2000,26,100000.0,1,2000.0,1,Diesel,Manual,White,used,1,Mass_Market,Phnom Penh,Tier_1,individual,4850.0,0.0,0,0.0,0,173.1,0.0,0,0,2026-08-27 12:15:32.675978+00
13929406,1500.0,7.313886831633462,Honda,Civic,1996,30,100000.0,1,2000.0,1,Petrol,Automatic,Black,used,1,Mass_Market,Phnom Penh,Tier_1,store,1500.0,0.0,0,0.0,0,0.0,0.0,0,0,2026-08-26 03:08:39.51157+00
13908652,6000.0,8.699681400989514,Honda,Civic,2003,23,100000.0,1,2000.0,1,Petrol,Automatic,Gold,used,0,Mass_Market,Preah Sihanouk,Tier_2,individual,6000.0,0.0,0,0.0,0,0.0,0.0,0,0,2026-08-20 08:37:35.448771+00
13687419,20900.0,9.94755228369823,Isuzu,D-Max,2022,4,100000.0,1,2000.0,1,Diesel,Manual,White,used,1,Mass_Market,Phnom Penh,Tier_1,store,20900.0,0.0,0,0.0,0,62.7,0.0,0,1,2026-08-26 03:03:53.286704+00
13833467,48800.0,10.795506083434564,Land Rover,Discovery,2017,9,100000.0,1,2000.0,1,Diesel,Automatic,White,used,1,Luxury,Phnom Penh,Tier_1,store,48800.0,0.0,0,0.0,0,19.7,0.0,0,0,2026-08-20 08:37:35.449311+00
13670959,25000.0,10.12667110305036,Land Rover,Discovery,2012,14,100000.0,1,2000.0,1,Diesel,Automatic,White,used,1,Luxury,Phnom Penh,Tier_1,store,25000.0,0.0,0,0.0,0,68.1,0.0,0,0,2026-08-27 12:16:04.452354+00
13663075,18000.0,9.798182590890704,Land Rover,Discovery,2015,11,100000.0,1,2000.0,1,Petrol,Automatic,White,used,1,Luxury,Phnom Penh,Tier_1,store,18000.0,0.0,0,0.0,0,70.1,0.0,0,0,2026-08-27 12:18:25.328423+00
13743269,17800.0,9.787009914477434,Land Rover,Discovery Sport,2015,11,100000.0,1,2000.0,1,Petrol,Automatic,White,used,1,Luxury,Phnom Penh,Tier_1,individual,17800.0,0.0,0,0.0,0,48.0,0.0,0,0,2026-08-25 10:29:13.864058+00
13757459,19999.0,9.903487552536127,Land Rover,Discovery Sport,2015,11,100000.0,1,2000.0,1,Petrol,Automatic,White,used,1,Luxury,Kandal,Tier_2,individual,19999.0,0.0,0,0.0,0,45.5,0.0,0,0,2026-08-26 02:57:17.954158+00
13526206,11000.0,9.305741456739435,Land Rover,Discovery Sport,2008,18,100000.0,1,2000.0,1,Diesel,Automatic,Black,used,1,Luxury,Phnom Penh,Tier_1,store,11000.0,0.0,0,0.0,0,102.6,0.0,0,0,2026-08-27 12:10:49.373918+00
13897236,27500.0,10.221977646629885,Mazda,EX6 EV,2025,1,100000.0,1,2000.0,1,Electric,Automatic,Unknown,new,1,Mass_Market,Phnom Penh,Tier_1,store,27500.0,0.0,0,0.0,0,0.0,0.0,0,0,2026-08-17 08:50:55.891567+00
13820275,29900.0,10.305647203635566,Chevrolet,Equinox,2023,3,100000.0,1,2000.0,1,Petrol,Automatic,Black,used,1,Mass_Market,Phnom Penh,Tier_1,store,29900.0,0.0,0,0.0,0,26.9,0.0,0,0,2026-08-24 10:11:02.981142+00
13735054,189000.0,12.149507585033072,Mercedes-Benz,GLS-Class,2025,1,100000.0,1,2000.0,1,Petrol,Automatic,Black,used,0,Luxury,Phnom Penh,Tier_1,store,189000.0,0.0,0,0.0,0,49.9,0.0,0,0,2026-08-25 10:27:29.297401+00
13811229,29000.0,10.275085591132715,Mercedes-Benz,GLS-Class,2015,11,100000.0,1,2000.0,1,Petrol,Automatic,White,used,1,Luxury,Phnom Penh,Tier_1,store,29000.0,0.0,0,0.0,0,32.5,0.0,0,0,2026-08-27 12:13:33.354908+00
13741175,82800.0,11.324195417595107,Mercedes-Benz,GLS-Class,2021,5,100000.0,1,2000.0,1,Petrol,Automatic,White,used,1,Luxury,Phnom Penh,Tier_1,store,82800.0,0.0,0,0.0,0,48.7,0.0,0,0,2026-08-25 10:14:24.745574+00
13901817,82000.0,11.314486721293981,Mercedes-Benz,GLS-Class,2021,5,100000.0,1,2000.0,1,Petrol,Automatic,Black,used,1,Luxury,Phnom Penh,Tier_1,store,82000.0,0.0,0,0.0,0,0.0,0.0,0,0,2026-08-18 10:18:52.997731+00
13811231,29000.0,10.275085591132715,Mercedes-Benz,GLS-Class,2013,13,100000.0,1,2000.0,1,Diesel,Automatic,White,used,1,Luxury,Phnom Penh,Tier_1,store,29000.0,0.0,0,0.0,0,32.5,0.0,0,0,2026-08-27 12:13:30.9554+00
13429869,115000.0,11.652696102959753,Mercedes-Benz,GLS-Class,2020,6,100000.0,1,2000.0,1,Petrol,Automatic,Black,used,0,Luxury,Phnom Penh,Tier_1,store,115000.0,0.0,0,0.0,0,124.9,0.0,0,0,2026-08-26 03:08:22.462493+00
13603036,89500.0,11.402005077384885,Mercedes-Benz,GLS-Class,2020,6,100000.0,1,2000.0,1,Petrol,Automatic,Black,used,1,Luxury,Phnom Penh,Tier_1,store,89500.0,0.0,0,0.0,0,84.8,0.0,0,0,2026-08-27 12:15:17.406131+00
13867397,88500.0,11.390769130367211,Mercedes-Benz,GLS-Class,2020,6,100000.0,1,2000.0,1,Petrol,Automatic,White,used,1,Luxury,Phnom Penh,Tier_1,store,88500.0,0.0,0,0.0,0,16.4,0.0,0,0,2026-08-26 02:56:48.086866+00
13315599,54200.0,10.900454637442037,GAC,GS7,2026,0,100000.0,1,2000.0,1,Petrol,Automatic,White,used,0,Chinese_EV,Phnom Penh,Tier_1,store,54200.0,0.0,0,0.0,0,158.4,0.0,1,0,2026-08-26 03:01:52.427387+00
13696985,51800.0,10.85516473308054,GAC,GS7,2025,1,100000.0,1,2000.0,1,Hybrid,Automatic,White,new,0,Chinese_EV,Phnom Penh,Tier_1,store,51800.0,0.0,0,0.0,0,62.0,0.0,1,0,2026-08-27 12:07:53.605765+00
13649681,54900.0,10.91328684226798,GAC,GS7,2025,1,100000.0,1,2000.0,1,Hybrid,Automatic,Black,new,0,Chinese_EV,Phnom Penh,Tier_1,store,54900.0,0.0,0,0.0,0,71.7,0.0,0,0,2026-08-26 03:08:26.210441+00
13892249,40900.0,10.61890979160975,GAC,GS7,2025,1,100000.0,1,2000.0,1,Hybrid,Automatic,Black,used,1,Chinese_EV,Phnom Penh,Tier_1,store,40900.0,0.0,0,0.0,0,11.0,0.0,0,0,2026-08-27 12:06:12.006786+00
13336208,19900.0,9.898525260706313,Honda,HR-V,2019,7,100000.0,1,2000.0,1,Petrol,Automatic,White,used,1,Mass_Market,Phnom Penh,Tier_1,store,19900.0,0.0,0,0.0,0,153.1,0.0,0,0,2026-08-26 03:01:11.749767+00
13226342,49900.0,10.817796321618971,IM Motors,IM 6,2025,1,100000.0,1,2000.0,1,Electric,Automatic,Grey,new,0,Other,Phnom Penh,Tier_1,store,49900.0,0.0,0,0.0,0,179.8,0.0,0,0,2026-08-25 10:19:29.840133+00
13492997,109996.0,11.608208371675373,Lexus,LM,2021,5,100000.0,1,2000.0,1,Petrol,Automatic,Black,used,1,Luxury,Phnom Penh,Tier_1,store,109996.0,0.0,0,0.0,0,110.9,0.0,0,0,2026-08-27 12:14:05.668258+00
13722862,259000.0,12.464587201678082,Lexus,LM,2026,0,100000.0,1,2000.0,1,Hybrid,Automatic,White,new,0,Luxury,Phnom Penh,Tier_1,store,259000.0,0.0,0,0.0,0,53.8,0.0,0,0,2026-08-26 03:03:43.466449+00
13769465,168000.0,12.031725210748633,Lexus,LM,2025,1,100000.0,1,2000.0,1,Petrol,Automatic,White,used,1,Luxury,Phnom Penh,Tier_1,individual,168000.0,0.0,0,0.0,0,33.6,0.0,0,0,2026-08-17 08:50:55.89371+00
13750136,195000.0,12.180759965737863,Lexus,LM,2025,1,100000.0,1,2000.0,1,Petrol,Automatic,White,used,1,Luxury,Phnom Penh,Tier_1,store,195000.0,0.0,0,0.0,0,46.6,0.0,0,0,2026-08-25 10:14:35.558109+00
13750140,195000.0,12.180759965737863,Lexus,LM,2025,1,100000.0,1,2000.0,1,Petrol,Automatic,White,used,1,Luxury,Phnom Penh,Tier_1,store,195000.0,0.0,0,0.0,0,39.6,0.0,0,0,2026-08-18 10:18:59.540992+00
13898544,177777.0,12.088290859873009,Lexus,LM,2025,1,100000.0,1,2000.0,1,Hybrid,Automatic,Black,used,1,Luxury,Phnom Penh,Tier_1,store,177777.0,0.0,0,0.0,0,3.2,0.0,0,0,2026-08-21 02:53:22.429668+00
13918504,85000.0,11.350418300109132,Lexus,LM,2022,4,100000.0,1,2000.0,1,Hybrid,Automatic,Black,used,1,Luxury,Phnom Penh,Tier_1,store,85000.0,0.0,0,0.0,0,2.6,0.0,0,0,2026-08-26 02:56:46.560115+00
13918498,169000.0,12.037659911047468,Lexus,LM,2025,1,100000.0,1,2000.0,1,Hybrid,Automatic,Black,used,1,Luxury,Phnom Penh,Tier_1,store,169000.0,0.0,0,0.0,0,2.6,0.0,0,0,2026-08-26 02:56:47.415459+00
13722861,115000.0,11.652696102959753,Lexus,LM,2022,4,100000.0,1,2000.0,1,Hybrid,Automatic,Black,used,0,Luxury,Phnom Penh,Tier_1,store,115000.0,0.0,0,0.0,0,53.8,0.0,0,0,2026-08-26 03:03:51.949826+00
13370999,275000.0,12.524530013005734,Lexus,LM,2026,0,100000.0,1,2000.0,1,Hybrid,Automatic,White,new,0,Luxury,Phnom Penh,Tier_1,store,275000.0,0.0,0,0.0,0,145.6,0.0,0,0,2026-08-27 12:14:42.375885+00
13886256,240000.0,12.388398368982115,Lexus,LM,2026,0,100000.0,1,2000.0,1,Hybrid,Automatic,Silver,new,0,Luxury,Phnom Penh,Tier_1,individual,240000.0,0.0,0,0.0,0,11.5,0.0,0,0,2026-08-26 03:02:19.714282+00
13724236,142800.0,11.869207331664223,Lexus,LM,2024,2,100000.0,1,2000.0,1,Petrol,Automatic,Black,used,1,Luxury,Preah Sihanouk,Tier_2,store,142800.0,0.0,0,0.0,0,45.9,0.0,0,0,2026-08-18 10:19:04.370366+00
13923284,156000.0,11.957617696467539,Lexus,LM,2024,2,100000.0,1,2000.0,1,Petrol,Automatic,White,used,1,Luxury,Phnom Penh,Tier_1,store,156000.0,0.0,0,0.0,0,2.8,0.0,0,0,2026-08-27 12:14:25.397191+00
13725365,148000.0,11.904974309480183,Lexus,LM,2024,2,100000.0,1,2000.0,1,Petrol,Automatic,Black,used,0,Luxury,Phnom Penh,Tier_1,store,148000.0,0.0,0,0.0,0,52.8,0.0,0,0,2026-08-25 10:18:45.64555+00
13401423,155000.0,11.951186847493476,Lexus,LM,2024,2,100000.0,1,2000.0,1,Petrol,Automatic,Black,used,1,Luxury,Phnom Penh,Tier_1,store,155000.0,0.0,0,0.0,0,135.5,0.0,0,0,2026-08-26 02:58:13.854816+00
13935491,178000.0,12.08954444723597,Lexus,LM,2024,2,100000.0,1,2000.0,1,Hybrid,Automatic,Black,used,1,Luxury,Phnom Penh,Tier_1,store,178000.0,0.0,0,0.0,0,0.0,0.0,1,0,2026-08-27 12:19:22.708819+00
13722865,220000.0,12.301387370778713,Lexus,LM,2024,2,100000.0,1,2000.0,1,Hybrid,Automatic,Black,new,0,Luxury,Phnom Penh,Tier_1,store,220000.0,0.0,0,0.0,0,53.8,0.0,0,0,2026-08-26 03:03:48.883368+00
13722859,255000.0,12.449022745701502,Lexus,LM,2026,0,100000.0,1,2000.0,1,Hybrid,Automatic,Black,new,0,Luxury,Phnom Penh,Tier_1,store,255000.0,0.0,0,0.0,0,53.8,0.0,0,0,2026-08-26 02:58:44.521441+00
13671975,233000.0,12.358798024384122,Lexus,LM,2026,0,100000.0,1,2000.0,1,Hybrid,Automatic,Black,new,0,Luxury,Phnom Penh,Tier_1,store,233000.0,0.0,0,0.0,0,61.5,0.0,0,0,2026-08-21 02:53:13.862316+00
13911887,240000.0,12.388398368982115,Lexus,LM,2026,0,100000.0,1,2000.0,1,Hybrid,Automatic,Silver,new,0,Luxury,Phnom Penh,Tier_1,individual,240000.0,0.0,0,0.0,0,5.9,0.0,0,0,2026-08-27 12:14:21.867004+00
13903849,71500.0,11.177466714598282,Lexus,LM,2020,6,100000.0,1,2000.0,1,Hybrid,Automatic,Black,used,1,Luxury,Phnom Penh,Tier_1,store,71500.0,0.0,0,0.0,0,6.0,0.0,0,0,2026-08-25 10:19:19.372926+00
13591586,255000.0,12.449022745701502,Lexus,LM,2026,0,100000.0,1,2000.0,1,Petrol,Automatic,Black,new,0,Luxury,Phnom Penh,Tier_1,store,255000.0,0.0,0,0.0,0,85.8,0.0,0,0,2026-08-26 03:08:27.940429+00
13614467,269000.0,12.502470376049185,Lexus,LM,2026,0,100000.0,1,2000.0,1,Petrol,Automatic,Black,new,0,Luxury,Phnom Penh,Tier_1,store,269000.0,0.0,0,0.0,0,82.0,0.0,0,0,2026-08-27 12:16:14.103003+00
13722860,258000.0,12.460718739865236,Lexus,LM,2026,0,100000.0,1,2000.0,1,Hybrid,Automatic,Black,new,0,Luxury,Phnom Penh,Tier_1,store,258000.0,0.0,0,0.0,0,53.8,0.0,0,0,2026-08-26 02:58:46.418326+00
13624646,95000.0,11.461642696843066,Lexus,LM,2020,6,100000.0,1,2000.0,1,Petrol,Automatic,Black,used,1,Luxury,Phnom Penh,Tier_1,store,95000.0,0.0,0,0.0,0,77.8,0.0,0,0,2026-08-26 02:58:17.815207+00
13843711,115000.0,11.652696102959753,Lexus,LM,2022,4,100000.0,1,2000.0,1,Hybrid,Automatic,Black,used,1,Luxury,Phnom Penh,Tier_1,store,115000.0,0.0,0,0.0,0,17.5,0.0,0,0,2026-08-21 02:53:12.553533+00
13497231,24000.0,10.085850775128717,SsangYong,Musso,2022,4,100000.0,1,2000.0,1,Petrol,Automatic,White,used,1,Other,Phnom Penh,Tier_1,individual,24000.0,0.0,0,0.0,0,109.8,0.0,1,0,2026-08-27 12:06:25.490773+00
13552888,38900.0,10.568775236216993,Lexus,NX200t,2017,9,100000.0,1,2000.0,1,Petrol,Automatic,White,used,0,Luxury,Phnom Penh,Tier_1,store,38900.0,0.0,0,0.0,0,94.8,0.0,0,0,2026-08-25 10:14:12.534816+00
13610877,34500.0,10.448743588106625,Lexus,NX200t,2016,10,100000.0,1,2000.0,1,Petrol,Automatic,White,used,0,Luxury,Phnom Penh,Tier_1,store,34500.0,0.0,0,0.0,0,80.9,0.0,1,0,2026-08-25 10:25:21.853326+00
13780275,27800.0,10.2328272702548,Lexus,NX200t,2015,11,100000.0,1,2000.0,1,Petrol,Automatic,White,used,1,Luxury,Phnom Penh,Tier_1,store,27800.0,0.0,0,0.0,0,40.9,0.0,1,0,2026-08-27 12:05:41.657659+00
13910510,28000.0,10.239995502805316,Lexus,NX200t,2015,11,100000.0,1,2000.0,1,Petrol,Automatic,Silver,used,1,Luxury,Phnom Penh,Tier_1,individual,28000.0,0.0,0,0.0,0,0.0,0.0,1,0,2026-08-21 02:53:26.240048+00
13857908,26999.0,10.203592144986466,Lexus,NX200t,2015,11,100000.0,1,2000.0,1,Petrol,Automatic,Blue,used,1,Luxury,Phnom Penh,Tier_1,individual,26888.0,0.0,0,111.0,1,14.8,0.0,0,0,2026-08-22 02:44:36.189962+00
13935461,31800.0,10.367253014814716,Lexus,NX200t,2015,11,100000.0,1,2000.0,1,Petrol,Automatic,White,used,1,Luxury,Phnom Penh,Tier_1,store,31800.0,0.0,0,0.0,0,0.0,0.0,0,0,2026-08-27 12:19:52.202219+00
13544097,33800.0,10.428245666832275,Lexus,NX200t,2015,11,100000.0,1,2000.0,1,Petrol,Automatic,Grey,used,1,Luxury,Phnom Penh,Tier_1,store,33800.0,0.0,0,0.0,0,97.5,0.0,0,0,2026-08-26 03:02:52.690825+00
13717926,28500.0,10.25769445336048,Lexus,NX200t,2015,11,100000.0,1,2000.0,1,Petrol,Automatic,Silver,used,1,Luxury,Phnom Penh,Tier_1,store,28500.0,0.0,0,0.0,0,55.3,0.0,0,0,2026-08-26 03:03:13.548652+00
13655770,32500.0,10.389026137075234,Lexus,NX200t,2015,11,100000.0,1,2000.0,1,Petrol,Automatic,Unknown,used,1,Luxury,Phnom Penh,Tier_1,store,32500.0,0.0,0,0.0,0,71.9,0.0,1,0,2026-08-27 12:16:38.511693+00
13487699,39900.0,10.594156665220533,Lexus,NX200t,2017,9,100000.0,1,2000.0,1,Petrol,Automatic,Grey,used,0,Luxury,Phnom Penh,Tier_1,store,39900.0,0.0,0,0.0,0,102.9,0.0,1,0,2026-08-18 10:18:52.997731+00
13400680,34000.0,10.434145214930487,Lexus,NX200t,2015,11,100000.0,1,2000.0,1,Petrol,Automatic,White,used,0,Luxury,Phnom Penh,Tier_1,store,34000.0,0.0,0,0.0,0,137.1,0.0,0,0,2026-08-27 12:09:48.935803+00
13910637,31900.0,10.370392636243981,Lexus,NX200t,2015,11,100000.0,1,2000.0,1,Petrol,Automatic,Unknown,used,1,Luxury,Phnom Penh,Tier_1,store,31900.0,0.0,0,0.0,0,0.0,0.0,0,0,2026-08-21 02:53:16.323216+00
13869295,38900.0,10.568775236216993,Lexus,NX200t,2015,11,100000.0,1,2000.0,1,Petrol,Automatic,White,used,0,Luxury,Phnom Penh,Tier_1,store,38900.0,0.0,0,0.0,0,15.0,0.0,0,0,2026-08-25 10:22:10.768789+00
13883488,33500.0,10.419330568113901,Lexus,NX200t,2015,11,100000.0,1,2000.0,1,Petrol,Automatic,Grey,used,1,Luxury,Phnom Penh,Tier_1,store,33500.0,0.0,0,0.0,0,12.3,0.0,0,0,2026-08-26 03:08:16.588055+00
13820466,34899.0,10.460242108190519,Lexus,NX200t,2015,11,100000.0,1,2000.0,1,Petrol,Automatic,White,used,0,Luxury,Phnom Penh,Tier_1,individual,34899.0,0.0,0,0.0,0,30.0,0.0,1,0,2026-08-27 12:16:26.235062+00
13573912,33500.0,10.419330568113901,Lexus,NX200t,2015,11,100000.0,1,2000.0,1,Petrol,Automatic,White,used,1,Luxury,Phnom Penh,Tier_1,store,33500.0,0.0,0,0.0,0,89.8,0.0,1,0,2026-08-25 10:29:51.825795+00
13923692,27500.0,10.221977646629885,Lexus,NX200t,2015,11,100000.0,1,2000.0,1,Petrol,Automatic,Black,used,1,Luxury,Phnom Penh,Tier_1,store,27500.0,0.0,0,0.0,0,1.4,0.0,1,0,2026-08-26 03:06:29.420192+00
13712903,36000.0,10.491301994830229,Lexus,NX200t,2015,11,100000.0,1,2000.0,1,Petrol,Automatic,White,used,0,Luxury,Phnom Penh,Tier_1,store,36000.0,0.0,0,0.0,0,53.5,0.0,1,0,2026-08-23 02:52:51.991229+00
13883117,29500.0,10.292179440058462,Lexus,NX200t,2015,11,100000.0,1,2000.0,1,Petrol,Automatic,Grey,used,1,Luxury,Kampot,Tier_3,individual,29500.0,0.0,0,0.0,0,12.4,0.0,1,0,2026-08-26 03:01:21.781005+00
13893484,32500.0,10.389026137075234,Lexus,NX200t,2015,11,100000.0,1,2000.0,1,Petrol,Automatic,Unknown,used,1,Luxury,Phnom Penh,Tier_1,store,32500.0,0.0,0,0.0,0,0.7,0.0,1,0,2026-08-17 08:51:03.584859+00
13441441,38500.0,10.55843949396453,Lexus,NX200t,2015,11,100000.0,1,2000.0,1,Petrol,Automatic,White,used,0,Luxury,Phnom Penh,Tier_1,store,38500.0,0.0,0,0.0,0,123.8,0.0,0,0,2026-08-27 12:07:04.702136+00
13270776,42500.0,10.657282884047461,Lexus,NX200t,2015,11,100000.0,1,2000.0,1,Petrol,Automatic,White,used,0,Luxury,Phnom Penh,Tier_1,store,42500.0,0.0,0,0.0,0,170.1,0.0,0,0,2026-08-27 12:07:04.163047+00
13263857,33500.0,10.419330568113901,Lexus,NX200t,2015,11,100000.0,1,2000.0,1,Petrol,Automatic,Unknown,used,1,Luxury,Phnom Penh,Tier_1,store,33500.0,0.0,0,0.0,0,169.9,0.0,1,0,2026-08-25 10:25:16.977644+00
13824613,29800.0,10.30229722897745,Lexus,NX200t,2015,11,100000.0,1,2000.0,1,Petrol,Automatic,Black,used,1,Luxury,Phnom Penh,Tier_1,store,29800.0,0.0,0,0.0,0,28.9,0.0,0,0,2026-08-27 12:09:47.719427+00
13905866,29500.0,10.292179440058462,Lexus,NX200t,2015,11,100000.0,1,2000.0,1,Petrol,Automatic,White,used,1,Luxury,Siem Reap,Tier_2,individual,29500.0,0.0,0,0.0,0,7.7,0.0,0,0,2026-08-27 12:09:25.951765+00
13889639,32500.0,10.389026137075234,Lexus,NX200t,2015,11,100000.0,1,2000.0,1,Petrol,Automatic,Unknown,used,1,Luxury,Phnom Penh,Tier_1,store,32500.0,0.0,0,0.0,0,1.8,0.0,1,0,2026-08-17 08:51:03.564414+00
13460666,31500.0,10.357774570341576,Lexus,NX200t,2016,10,100000.0,1,2000.0,1,Petrol,Automatic,White,used,0,Luxury,Phnom Penh,Tier_1,store,31500.0,0.0,0,0.0,0,111.9,0.0,0,1,2026-08-20 08:37:41.025569+00
13440433,32900.0,10.401258331428318,Lexus,NX200t,2016,10,100000.0,1,2000.0,1,Petrol,Automatic,White,used,1,Luxury,Phnom Penh,Tier_1,store,32900.0,0.0,0,0.0,0,122.6,0.0,1,0,2026-08-26 02:59:01.968292+00
13794235,35500.0,10.477316144080852,Lexus,NX200t,2016,10,100000.0,1,2000.0,1,Petrol,Automatic,White,used,0,Luxury,Phnom Penh,Tier_1,store,35500.0,0.0,0,0.0,0,32.6,0.0,1,0,2026-08-23 02:53:17.441407+00
13898046,32000.0,10.373522431293592,Lexus,NX200t,2016,10,100000.0,1,2000.0,1,Petrol,Automatic,White,used,1,Luxury,Phnom Penh,Tier_1,individual,32000.0,0.0,0,0.0,0,7.6,0.0,1,0,2026-08-25 10:21:11.099367+00
13541707,37900.0,10.542732775946709,Lexus,NX200t,2016,10,100000.0,1,2000.0,1,Petrol,Automatic,White,used,0,Luxury,Phnom Penh,Tier_1,store,37900.0,0.0,0,0.0,0,99.1,0.0,1,0,2026-08-27 12:17:06.078733+00
13707872,33500.0,10.419330568113901,Lexus,NX200t,2016,10,100000.0,1,2000.0,1,Petrol,Automatic,White,used,0,Luxury,Phnom Penh,Tier_1,store,33500.0,0.0,0,0.0,0,59.0,0.0,0,0,2026-08-27 12:10:38.476196+00
13547719,39500.0,10.584081267024454,Lexus,NX200t,2016,10,100000.0,1,2000.0,1,Petrol,Automatic,Red,used,0,Luxury,Phnom Penh,Tier_1,store,39500.0,0.0,0,0.0,0,87.8,0.0,1,0,2026-08-17 08:51:05.461441+00
13635234,36500.0,10.505094936455558,Lexus,NX200t,2016,10,100000.0,1,2000.0,1,Petrol,Automatic,White,used,0,Luxury,Phnom Penh,Tier_1,store,36500.0,0.0,0,0.0,0,74.9,0.0,0,0,2026-08-25 10:27:57.293067+00
13772043,28900.0,10.27163147557801,Lexus,NX200t,2016,10,100000.0,1,2000.0,1,Petrol,Automatic,Black,used,1,Luxury,Phnom Penh,Tier_1,store,28900.0,0.0,0,0.0,0,40.9,0.0,1,0,2026-08-25 10:27:10.487885+00
13910601,25500.0,10.146472946063877,Lexus,NX200t,2015,11,100000.0,1,2000.0,1,Petrol,Automatic,Unknown,used,1,Luxury,Phnom Penh,Tier_1,store,25500.0,0.0,0,0.0,0,0.0,0.0,1,0,2026-08-21 02:53:17.470606+00
13901979,4800.0,8.476579508530941,Toyota,RAV4,1997,29,100000.0,1,2000.0,1,Petrol,Automatic,Green,used,1,Mass_Market,Phnom Penh,Tier_1,store,4800.0,0.0,0,0.0,0,6.7,0.0,0,0,2026-08-25 10:21:17.774861+00
13927043,7700.0,8.94910546953925,Toyota,RAV4,2001,25,100000.0,1,2000.0,1,Petrol,Automatic,Silver,used,1,Mass_Market,Phnom Penh,Tier_1,store,7700.0,0.0,0,0.0,0,0.0,0.0,1,0,2026-08-25 10:22:16.309128+00
13897151,7800.0,8.962007209588313,Toyota,RAV4,2002,24,100000.0,1,2000.0,1,Petrol,Automatic,Unknown,used,0,Mass_Market,Phnom Penh,Tier_1,store,7800.0,0.0,0,0.0,0,0.0,0.0,0,1,2026-08-17 08:51:00.735607+00
13346395,9800.0,9.19023970026918,Toyota,RAV4,2002,24,100000.0,1,2000.0,1,Petrol,Automatic,Silver,used,1,Mass_Market,Phnom Penh,Tier_1,store,9800.0,0.0,0,0.0,0,151.9,0.0,0,0,2026-08-27 12:11:54.441766+00
13903400,6300.0,8.748463629942055,Toyota,RAV4,2002,24,100000.0,1,2000.0,1,Petrol,Automatic,Black,used,1,Mass_Market,Phnom Penh,Tier_1,store,6300.0,0.0,0,0.0,0,0.0,0.0,0,0,2026-08-19 02:48:19.536935+00
13925101,6800.0,8.824824939175638,Toyota,RAV4,2001,25,100000.0,1,2000.0,1,Petrol,Automatic,Black,used,1,Mass_Market,Kandal,Tier_2,individual,6800.0,0.0,0,0.0,0,2.1,0.0,0,0,2026-08-27 12:20:08.592979+00
13764180,9000.0,9.105090961257085,Toyota,RAV4,2001,25,100000.0,1,2000.0,1,Petrol,Automatic,Gold,used,1,Mass_Market,Phnom Penh,Tier_1,store,9000.0,0.0,0,0.0,0,43.5,0.0,0,0,2026-08-26 02:59:35.223568+00
13501126,8700.0,9.071193240566025,Toyota,RAV4,2001,25,100000.0,1,2000.0,1,Petrol,Automatic,Gold,used,1,Mass_Market,Siem Reap,Tier_2,individual,8700.0,0.0,0,0.0,0,106.5,0.0,1,0,2026-08-25 10:25:40.42147+00
13275885,7600.0,8.936035096566041,Toyota,RAV4,2001,25,100000.0,1,2000.0,1,Petrol,Automatic,Black,used,1,Mass_Market,Phnom Penh,Tier_1,individual,7600.0,0.0,0,0.0,0,160.6,0.0,0,0,2026-08-19 02:48:01.897471+00
13919905,6900.0,8.839421607620602,Toyota,RAV4,2001,25,100000.0,1,2000.0,1,Petrol,Automatic,Green,used,1,Mass_Market,Phnom Penh,Tier_1,individual,6900.0,0.0,0,0.0,0,3.7,0.0,0,0,2026-08-27 12:11:22.952068+00
13927324,10850.0,9.292012520620208,Toyota,RAV4,2003,23,100000.0,1,2000.0,1,Diesel,Automatic,White,used,1,Mass_Market,Phnom Penh,Tier_1,individual,10850.0,0.0,0,0.0,0,0.0,0.0,0,0,2026-08-25 10:18:37.813734+00
13936453,7700.0,8.94910546953925,Toyota,RAV4,2001,25,100000.0,1,2000.0,1,Petrol,Automatic,Silver,used,1,Mass_Market,Phnom Penh,Tier_1,store,7700.0,0.0,0,0.0,0,0.0,0.0,0,0,2026-08-27 12:08:54.442542+00
13926570,7700.0,8.94910546953925,Toyota,RAV4,2001,25,100000.0,1,2000.0,1,Petrol,Automatic,Silver,used,0,Mass_Market,Phnom Penh,Tier_1,store,7700.0,0.0,0,0.0,0,0.0,0.0,0,1,2026-08-25 10:27:15.541724+00
13907291,10500.0,9.259225769705994,Toyota,RAV4,2001,25,100000.0,1,2000.0,1,Petrol,Automatic,Silver,used,1,Mass_Market,Phnom Penh,Tier_1,store,10500.0,0.0,0,0.0,0,7.1,0.0,0,0,2026-08-27 12:16:06.814641+00
13906636,8950.0,9.099520536870939,Toyota,RAV4,2002,24,100000.0,1,2000.0,1,Petrol,Automatic,White,used,1,Mass_Market,Phnom Penh,Tier_1,store,8950.0,0.0,0,0.0,0,7.1,0.0,0,0,2026-08-27 12:19:51.629191+00
13927084,10500.0,9.259225769705994,Toyota,RAV4,2002,24,100000.0,1,2000.0,1,Petrol,Automatic,White,used,1,Mass_Market,Kandal,Tier_2,individual,10500.0,0.0,0,0.0,0,0.0,0.0,0,0,2026-08-25 10:21:21.336897+00
13893351,9500.0,9.15915233520675,Toyota,RAV4,2002,24,100000.0,1,2000.0,1,Petrol,Automatic,Gold,used,1,Mass_Market,Phnom Penh,Tier_1,store,9500.0,0.0,0,0.0,0,10.9,0.0,0,0,2026-08-27 12:10:39.953657+00
13376414,11000.0,9.305741456739435,Toyota,RAV4,2003,23,100000.0,1,2000.0,1,Petrol,Automatic,White,used,1,Mass_Market,Phnom Penh,Tier_1,individual,11000.0,0.0,0,0.0,0,135.6,0.0,0,0,2026-08-19 02:48:04.749747+00
13881914,10200.0,9.23024103368252,Toyota,RAV4,2002,24,100000.0,1,2000.0,1,Petrol,Automatic,Unknown,used,1,Mass_Market,Phnom Penh,Tier_1,store,10200.0,0.0,0,0.0,0,3.8,0.0,0,0,2026-08-17 08:50:55.824835+00
13479779,11000.0,9.305741456739435,Toyota,RAV4,2003,23,100000.0,1,2000.0,1,Petrol,Automatic,Silver,used,1,Mass_Market,Phnom Penh,Tier_1,individual,11000.0,0.0,0,0.0,0,106.7,0.0,0,0,2026-08-20 08:37:44.215114+00
13921439,6999.0,8.85366542803745,Toyota,RAV4,2001,25,100000.0,1,2000.0,1,Petrol,Automatic,Silver,used,1,Mass_Market,Battambang,Tier_2,individual,6999.0,0.0,0,0.0,0,1.7,0.0,0,0,2026-08-26 02:57:01.590878+00
13835997,8800.0,9.082620630373812,Toyota,RAV4,2001,25,100000.0,1,2000.0,1,Petrol,Automatic,White,used,1,Mass_Market,Phnom Penh,Tier_1,store,8800.0,0.0,0,0.0,0,21.6,0.0,0,0,2026-08-23 02:52:48.824593+00
13890582,6900.0,8.839421607620602,Toyota,RAV4,2001,25,100000.0,1,2000.0,1,Petrol,Manual,Black,used,1,Mass_Market,Phnom Penh,Tier_1,individual,6900.0,0.0,0,0.0,0,9.6,0.0,0,1,2026-08-25 10:18:12.78615+00
13829547,8900.0,9.093918908958932,Toyota,RAV4,2001,25,100000.0,1,2000.0,1,Petrol,Automatic,Gold,used,1,Mass_Market,Kampong Speu,Tier_3,store,8900.0,0.0,0,0.0,0,27.9,0.0,0,0,2026-08-27 12:10:29.442514+00
13881046,7550.0,8.929435283803425,Toyota,RAV4,2001,25,100000.0,1,2000.0,1,Petrol,Automatic,Gold,used,1,Mass_Market,Banteay Meanchey,Tier_3,individual,7800.0,250.0,1,0.0,0,12.7,0.0,0,0,2026-08-26 03:09:45.611156+00
13936340,8800.0,9.082620630373812,Toyota,RAV4,2001,25,100000.0,1,2000.0,1,Petrol,Automatic,White,used,1,Mass_Market,Phnom Penh,Tier_1,store,8800.0,0.0,0,0.0,0,0.0,0.0,0,1,2026-08-27 12:11:12.84804+00
13643362,8050.0,8.993551586299981,Toyota,RAV4,2001,25,100000.0,1,2000.0,1,Petrol,Automatic,Silver,used,1,Mass_Market,Phnom Penh,Tier_1,individual,8050.0,0.0,0,0.0,0,73.6,0.0,0,0,2026-08-26 03:01:51.630673+00
13863094,7700.0,8.94910546953925,Toyota,RAV4,2001,25,100000.0,1,2000.0,1,Petrol,Automatic,Gold,used,1,Mass_Market,Phnom Penh,Tier_1,individual,7700.0,0.0,0,0.0,0,10.6,0.0,0,0,2026-08-19 02:48:11.44176+00
13928089,9500.0,9.15915233520675,Toyota,RAV4,2002,24,100000.0,1,2000.0,1,Petrol,Automatic,Silver,used,1,Mass_Market,Phnom Penh,Tier_1,store,9500.0,0.0,0,0.0,0,1.8,0.0,0,0,2026-08-27 12:11:36.426022+00
13927803,19700.0,9.888424674859083,Lexus,RX 330,2005,21,100000.0,1,2000.0,1,Petrol,Automatic,White,used,1,Luxury,Phnom Penh,Tier_1,store,19700.0,0.0,0,0.0,0,0.0,0.0,0,0,2026-08-25 10:14:26.589249+00
13893133,17000.0,9.741027444837728,Lexus,RX 330,2004,22,100000.0,1,2000.0,1,Petrol,Automatic,Unknown,used,1,Luxury,Phnom Penh,Tier_1,individual,17000.0,0.0,0,0.0,0,7.8,0.0,0,0,2026-08-24 10:11:08.053847+00
13319052,18900.0,9.846970109700957,Lexus,RX 330,2004,22,100000.0,1,2000.0,1,Petrol,Automatic,Unknown,used,1,Luxury,Siem Reap,Tier_2,store,18900.0,0.0,0,0.0,0,156.8,0.0,0,0,2026-08-25 10:16:20.775683+00
13724331,23500.0,10.064798252418377,Toyota,Raize,2026,0,100000.0,1,2000.0,1,Petrol,Automatic,White,new,0,Mass_Market,Phnom Penh,Tier_1,store,23500.0,0.0,0,0.0,0,52.9,0.0,0,0,2026-08-25 10:27:31.834904+00
13856928,22300.0,10.012386799492118,Toyota,Raize,2026,0,100000.0,1,2000.0,1,Petrol,Automatic,Silver,new,0,Mass_Market,Phnom Penh,Tier_1,store,22300.0,0.0,0,0.0,0,20.7,0.0,0,0,2026-08-27 12:20:27.170955+00
13724295,23100.0,10.047631185616188,Toyota,Raize,2026,0,100000.0,1,2000.0,1,Petrol,Automatic,White,new,0,Mass_Market,Phnom Penh,Tier_1,store,23100.0,0.0,0,0.0,0,52.9,0.0,0,0,2026-08-25 10:27:47.830496+00
13923164,16900.0,9.735128070758227,Toyota,Raize,2023,3,100000.0,1,2000.0,1,Petrol,Automatic,Grey,used,1,Mass_Market,Phnom Penh,Tier_1,individual,17000.0,100.0,1,0.0,0,1.5,0.0,0,0,2026-08-26 03:09:20.79991+00
13910552,18800.0,9.841665338892785,Toyota,Raize,2023,3,100000.0,1,2000.0,1,Petrol,Automatic,Black,used,1,Mass_Market,Phnom Penh,Tier_1,store,18800.0,0.0,0,0.0,0,0.0,0.0,0,0,2026-08-21 02:53:22.426858+00
13903512,17900.0,9.792611856190192,Toyota,Raize,2023,3,100000.0,1,2000.0,1,Petrol,Automatic,Black,used,1,Mass_Market,Phnom Penh,Tier_1,store,17900.0,0.0,0,0.0,0,0.0,0.0,1,0,2026-08-19 02:48:01.900357+00
13865982,19500.0,9.87822102528824,Toyota,Raize,2023,3,100000.0,1,2000.0,1,Petrol,Automatic,White,used,1,Mass_Market,Phnom Penh,Tier_1,store,19500.0,0.0,0,0.0,0,16.7,0.0,0,0,2026-08-26 03:06:20.630545+00
13895354,16200.0,9.692828247710418,Toyota,Raize,2023,3,100000.0,1,2000.0,1,Petrol,Automatic,Red,used,1,Mass_Market,Phnom Penh,Tier_1,store,16200.0,0.0,0,0.0,0,10.1,0.0,0,0,2026-08-27 12:11:16.818464+00
13707537,18500.0,9.825580063659602,Toyota,Raize,2023,3,100000.0,1,2000.0,1,Petrol,Automatic,Yellow,used,1,Mass_Market,Phnom Penh,Tier_1,store,18500.0,0.0,0,0.0,0,59.1,0.0,0,0,2026-08-27 12:09:03.367284+00
13919554,17900.0,9.792611856190192,Toyota,Raize,2022,4,100000.0,1,2000.0,1,Petrol,Automatic,White,used,1,Mass_Market,Phnom Penh,Tier_1,store,17900.0,0.0,0,0.0,0,2.4,0.0,0,0,2026-08-26 03:01:21.089299+00
13735620,19500.0,9.87822102528824,Toyota,Raize,2024,2,100000.0,1,2000.0,1,Petrol,Automatic,White,used,1,Mass_Market,Phnom Penh,Tier_1,store,19500.0,0.0,0,0.0,0,52.0,0.0,0,0,2026-08-27 12:13:49.332215+00
13919575,18100.0,9.803722464346553,Toyota,Raize,2022,4,100000.0,1,2000.0,1,Petrol,Automatic,White,used,1,Mass_Market,Phnom Penh,Tier_1,store,18100.0,0.0,0,0.0,0,2.4,0.0,0,0,2026-08-26 03:01:22.481226+00
13896879,20300.0,9.918425424900335,Toyota,Raize,2025,1,100000.0,1,2000.0,1,Petrol,Automatic,Unknown,used,1,Mass_Market,Phnom Penh,Tier_1,store,20300.0,0.0,0,0.0,0,0.8,0.0,0,0,2026-08-18 10:19:07.20413+00
13900059,19900.0,9.898525260706313,Toyota,Raize,2025,1,100000.0,1,2000.0,1,Petrol,Automatic,White,used,1,Mass_Market,Phnom Penh,Tier_1,store,19900.0,0.0,0,0.0,0,6.0,0.0,0,0,2026-08-24 10:11:19.257637+00
13856938,22300.0,10.012386799492118,Toyota,Raize,2026,0,100000.0,1,2000.0,1,Petrol,Automatic,Yellow,new,0,Mass_Market,Phnom Penh,Tier_1,store,22300.0,0.0,0,0.0,0,20.7,0.0,0,0,2026-08-27 12:20:28.287521+00
13555716,22300.0,10.012386799492118,Toyota,Raize,2026,0,100000.0,1,2000.0,1,Petrol,Automatic,White,new,0,Mass_Market,Phnom Penh,Tier_1,store,22300.0,0.0,0,0.0,0,94.7,0.0,0,0,2026-08-26 03:00:37.009567+00
13856883,21900.0,9.994287576862567,Toyota,Raize,2026,0,100000.0,1,2000.0,1,Petrol,Automatic,Red,new,0,Mass_Market,Phnom Penh,Tier_1,store,21900.0,0.0,0,0.0,0,20.7,0.0,0,0,2026-08-27 12:20:22.121875+00
13917413,16800.0,9.729193687429403,Toyota,Raize,2023,3,100000.0,1,2000.0,1,Petrol,Automatic,White,used,1,Mass_Market,Phnom Penh,Tier_1,individual,17500.0,700.0,1,0.0,0,4.1,0.0,0,1,2026-08-27 12:05:53.439114+00
13856842,21900.0,9.994287576862567,Toyota,Raize,2026,0,100000.0,1,2000.0,1,Petrol,Automatic,Grey,new,0,Mass_Market,Phnom Penh,Tier_1,store,21900.0,0.0,0,0.0,0,20.7,0.0,0,0,2026-08-27 12:20:27.72447+00
13856911,22300.0,10.012386799492118,Toyota,Raize,2026,0,100000.0,1,2000.0,1,Petrol,Automatic,White,new,0,Mass_Market,Phnom Penh,Tier_1,store,22300.0,0.0,0,0.0,0,20.7,0.0,0,0,2026-08-27 12:20:22.709381+00
13851131,22500.0,10.021315031649332,Toyota,Raize,2026,0,100000.0,1,2000.0,1,Petrol,Automatic,White,used,1,Mass_Market,Phnom Penh,Tier_1,store,22500.0,0.0,0,0.0,0,22.0,0.0,0,0,2026-08-27 12:16:41.09209+00
13724298,22300.0,10.012386799492118,Toyota,Raize,2026,0,100000.0,1,2000.0,1,Petrol,Automatic,White,new,0,Mass_Market,Phnom Penh,Tier_1,store,22300.0,0.0,0,0.0,0,52.9,0.0,0,0,2026-08-25 10:27:44.598713+00
13715333,16990.0,9.740439071085758,Toyota,Raize,2014,12,100000.0,1,2000.0,1,Hybrid,Automatic,Grey,used,0,Mass_Market,Phnom Penh,Tier_1,store,16990.0,0.0,0,0.0,0,50.7,0.0,0,0,2026-08-21 02:53:13.862443+00
13856847,21900.0,9.994287576862567,Toyota,Raize,2026,0,100000.0,1,2000.0,1,Petrol,Automatic,Yellow,new,0,Mass_Market,Phnom Penh,Tier_1,store,21900.0,0.0,0,0.0,0,20.7,0.0,0,0,2026-08-27 12:20:28.841504+00
13856856,21900.0,9.994287576862567,Toyota,Raize,2026,0,100000.0,1,2000.0,1,Petrol,Automatic,Blue,new,0,Mass_Market,Phnom Penh,Tier_1,store,21900.0,0.0,0,0.0,0,20.7,0.0,0,0,2026-08-27 12:20:21.000756+00
13855776,21900.0,9.994287576862567,Toyota,Raize,2026,0,100000.0,1,2000.0,1,Petrol,Automatic,Black,new,0,Mass_Market,Phnom Penh,Tier_1,store,21900.0,0.0,0,0.0,0,20.9,0.0,0,0,2026-08-27 12:20:25.678732+00
13856840,21900.0,9.994287576862567,Toyota,Raize,2026,0,100000.0,1,2000.0,1,Petrol,Automatic,Silver,new,0,Mass_Market,Phnom Penh,Tier_1,store,21900.0,0.0,0,0.0,0,20.7,0.0,0,0,2026-08-27 12:20:30.44597+00
13555718,23100.0,10.047631185616188,Toyota,Raize,2026,0,100000.0,1,2000.0,1,Petrol,Automatic,White,new,0,Mass_Market,Phnom Penh,Tier_1,store,23100.0,0.0,0,0.0,0,94.7,0.0,0,0,2026-08-26 03:04:49.701021+00
13856941,22300.0,10.012386799492118,Toyota,Raize,2026,0,100000.0,1,2000.0,1,Petrol,Automatic,Blue,new,0,Mass_Market,Phnom Penh,Tier_1,store,22300.0,0.0,0,0.0,0,20.7,0.0,0,0,2026-08-27 12:20:23.352893+00
13856952,22300.0,10.012386799492118,Toyota,Raize,2026,0,100000.0,1,2000.0,1,Petrol,Automatic,Red,new,0,Mass_Market,Phnom Penh,Tier_1,store,22300.0,0.0,0,0.0,0,20.7,0.0,0,0,2026-08-27 12:20:23.921269+00
13855486,21900.0,9.994287576862567,Toyota,Raize,2026,0,100000.0,1,2000.0,1,Petrol,Automatic,White,new,0,Mass_Market,Phnom Penh,Tier_1,store,21900.0,0.0,0,0.0,0,21.0,0.0,0,0,2026-08-27 12:20:34.537123+00
13925563,18900.0,9.846970109700957,Toyota,Raize,2023,3,100000.0,1,2000.0,1,Diesel,Automatic,White,used,1,Mass_Market,Phnom Penh,Tier_1,store,18900.0,0.0,0,0.0,0,2.1,0.0,0,0,2026-08-27 12:05:33.250752+00
13546947,18300.0,9.814710982145282,Toyota,Raize,2023,3,100000.0,1,2000.0,1,Petrol,Automatic,Unknown,used,1,Mass_Market,Phnom Penh,Tier_1,individual,18300.0,0.0,0,0.0,0,87.9,0.0,0,0,2026-08-17 08:51:06.479952+00
13724334,21900.0,9.994287576862567,Toyota,Raize,2026,0,100000.0,1,2000.0,1,Petrol,Automatic,White,new,0,Mass_Market,Phnom Penh,Tier_1,store,21900.0,0.0,0,0.0,0,52.9,0.0,0,0,2026-08-25 10:27:35.328531+00
13555714,23500.0,10.064798252418377,Toyota,Raize,2026,0,100000.0,1,2000.0,1,Petrol,Automatic,White,new,0,Mass_Market,Phnom Penh,Tier_1,store,23500.0,0.0,0,0.0,0,94.7,0.0,0,0,2026-08-26 03:06:13.823717+00
13907430,22300.0,10.012386799492118,Toyota,Raize,2026,0,100000.0,1,2000.0,1,Petrol,Automatic,White,new,0,Mass_Market,Phnom Penh,Tier_1,store,22300.0,0.0,0,0.0,0,5.7,0.0,0,0,2026-08-26 03:10:11.352524+00
13815450,16800.0,9.729193687429403,Toyota,Raize,2021,5,100000.0,1,2000.0,1,Petrol,Automatic,Yellow,used,1,Mass_Market,Phnom Penh,Tier_1,store,16800.0,0.0,0,0.0,0,31.1,0.0,0,0,2026-08-27 12:20:15.233186+00
13848478,11800.0,9.375939552625749,Toyota,Raize,2008,18,100000.0,1,2000.0,1,Petrol,Automatic,White,used,1,Mass_Market,Phnom Penh,Tier_1,store,11800.0,0.0,0,0.0,0,22.8,0.0,1,0,2026-08-27 12:07:59.65278+00
13935811,20000.0,9.90353755128617,Toyota,Raize,2023,3,100000.0,1,2000.0,1,Petrol,Automatic,Grey,used,1,Mass_Market,Phnom Penh,Tier_1,individual,20000.0,0.0,0,0.0,0,0.0,0.0,0,0,2026-08-27 12:15:29.630375+00
13929465,17700.0,9.781376414141157,Toyota,Santa 015 ម៉ាស៊ូត,2015,11,100000.0,1,2000.0,1,Diesel,Automatic,Silver,used,1,Mass_Market,Siem Reap,Tier_2,individual,17700.0,0.0,0,0.0,0,0.0,0.0,0,0,2026-08-26 03:04:55.565993+00
13811178,101800.0,11.530775206233024,Lexus,TX,2024,2,100000.0,1,2000.0,1,Petrol,Automatic,White,used,1,Luxury,Phnom Penh,Tier_1,store,101800.0,0.0,0,0.0,0,32.6,0.0,1,0,2026-08-27 12:07:40.846477+00
13852733,105000.0,11.561725152903833,Lexus,TX,2024,2,100000.0,1,2000.0,1,Petrol,Automatic,Black,used,1,Luxury,Phnom Penh,Tier_1,store,105000.0,0.0,0,0.0,0,20.4,0.0,0,0,2026-08-26 02:58:40.501886+00
13856999,28400.0,10.254179634797001,Toyota,Veloz,2026,0,100000.0,1,2000.0,1,Petrol,Automatic,Black,new,0,Mass_Market,Phnom Penh,Tier_1,store,28400.0,0.0,0,0.0,0,20.7,0.0,0,0,2026-08-27 12:20:29.385869+00
13858354,25900.0,10.16203685698089,Toyota,Veloz,2025,1,100000.0,1,2000.0,1,Petrol,Automatic,White,used,1,Mass_Market,Phnom Penh,Tier_1,store,25900.0,0.0,0,0.0,0,20.1,0.0,0,0,2026-08-27 12:16:30.841244+00
13911682,25800.0,10.158168529848494,Toyota,Veloz,2025,1,100000.0,1,2000.0,1,Petrol,Automatic,White,used,1,Mass_Market,Phnom Penh,Tier_1,store,25800.0,0.0,0,0.0,0,4.6,0.0,1,0,2026-08-26 03:10:14.292209+00
13857025,28400.0,10.254179634797001,Toyota,Veloz,2026,0,100000.0,1,2000.0,1,Petrol,Automatic,Silver,new,0,Mass_Market,Phnom Penh,Tier_1,store,28400.0,0.0,0,0.0,0,20.7,0.0,0,0,2026-08-27 12:20:19.367961+00
13857036,28400.0,10.254179634797001,Toyota,Veloz,2026,0,100000.0,1,2000.0,1,Petrol,Automatic,Red,new,0,Mass_Market,Phnom Penh,Tier_1,store,28400.0,0.0,0,0.0,0,20.7,0.0,0,0,2026-08-27 12:20:25.07514+00
13856994,28400.0,10.254179634797001,Toyota,Veloz,2026,0,100000.0,1,2000.0,1,Petrol,Automatic,White,new,1,Mass_Market,Phnom Penh,Tier_1,store,28400.0,0.0,0,0.0,0,20.7,0.0,0,0,2026-08-27 12:20:18.780895+00
13724302,28400.0,10.254179634797001,Toyota,Veloz,2026,0,100000.0,1,2000.0,1,Petrol,Automatic,White,new,0,Mass_Market,Phnom Penh,Tier_1,store,28400.0,0.0,0,0.0,0,52.9,0.0,0,0,2026-08-25 10:27:45.250955+00
13901078,28400.0,10.254179634797001,Toyota,Veloz,2026,0,100000.0,1,2000.0,1,Petrol,Automatic,White,new,0,Mass_Market,Phnom Penh,Tier_1,store,28400.0,0.0,0,0.0,0,8.9,0.0,0,0,2026-08-27 12:08:19.352919+00
13555722,28400.0,10.254179634797001,Toyota,Veloz,2026,0,100000.0,1,2000.0,1,Petrol,Automatic,White,new,0,Mass_Market,Phnom Penh,Tier_1,store,28400.0,0.0,0,0.0,0,94.0,0.0,0,0,2026-08-25 10:28:55.352467+00
13732316,15800.0,9.6678285081515,JETOUR,X50,2025,1,100000.0,1,2000.0,1,Petrol,Automatic,Grey,used,1,Other,Phnom Penh,Tier_1,individual,15800.0,0.0,0,0.0,0,52.8,0.0,0,0,2026-08-27 12:09:48.319089+00
13786822,21500.0,9.975854724662028,Toyota,alphard,2012,14,100000.0,1,2000.0,1,Petrol,Automatic,Black,used,1,Mass_Market,Phnom Penh,Tier_1,individual,21500.0,0.0,0,0.0,0,37.5,0.0,0,0,2026-08-26 02:58:10.185433+00
13903544,17300.0,9.758519582283522,Chevrolet,high country,2018,8,100000.0,1,2000.0,1,Petrol,Automatic,Unknown,used,1,Mass_Market,Phnom Penh,Tier_1,individual,17300.0,0.0,0,0.0,0,2.7,0.0,1,0,2026-08-22 02:44:59.589345+00
13917574,25888.0,10.161573447047902,GAC,i60 WHITE,2026,0,100000.0,1,2000.0,1,Petrol,Automatic,White,new,0,Chinese_EV,Phnom Penh,Tier_1,store,25888.0,0.0,0,0.0,0,0.0,0.0,0,0,2026-08-23 02:53:08.835625+00
13927799,26000.0,10.165890277802454,BMW,i8,2014,12,100000.0,1,2000.0,1,Petrol,Automatic,White,used,1,Luxury,Phnom Penh,Tier_1,individual,26000.0,0.0,0,0.0,0,0.0,0.0,1,0,2026-08-25 10:14:28.528811+00
13852974,28500.0,10.25769445336048,BMW,i8,2014,12,100000.0,1,2000.0,1,Hybrid,Automatic,Grey,used,1,Luxury,Phnom Penh,Tier_1,store,28500.0,0.0,0,0.0,0,21.7,0.0,0,0,2026-08-27 12:14:57.045377+00
13848692,28500.0,10.25769445336048,BMW,i8,2014,12,100000.0,1,2000.0,1,Petrol,Automatic,Black,used,0,Luxury,Phnom Penh,Tier_1,store,28500.0,0.0,0,0.0,0,22.7,0.0,1,0,2026-08-27 12:06:59.380704+00
13936007,29500.0,10.292179440058462,BMW,i8,2015,11,100000.0,1,2000.0,1,Hybrid,Automatic,White,used,1,Luxury,Phnom Penh,Tier_1,store,29500.0,0.0,0,0.0,0,0.0,0.0,0,0,2026-08-27 12:14:31.751852+00
13905982,16000.0,9.680406499268875,Kia,ស លេងហើយម៉ាឆ្ងាញ់,2007,19,100000.0,1,2000.0,1,Petrol,Automatic,Unknown,used,1,Mass_Market,Siem Reap,Tier_2,individual,16000.0,0.0,0,0.0,0,5.5,0.0,0,0,2026-08-25 10:14:00.156631+00
13834761,2900.0,7.972810784121404,Kia,ស់ទេ,2002,24,100000.0,1,2000.0,1,Petrol,Automatic,Unknown,used,1,Mass_Market,Phnom Penh,Tier_1,individual,2900.0,0.0,0,0.0,0,17.8,0.0,0,0,2026-08-19 02:48:22.301823+00
13692227,55800.0,10.929547069355774,Ram,1500,2022,4,100000.0,1,2000.0,1,Petrol,Automatic,Black,used,1,Other,Phnom Penh,Tier_1,store,55800.0,0.0,0,0.0,0,61.0,0.0,0,0,2026-08-25 10:19:25.228458+00
13812230,48000.0,10.778977123006351,Ram,1500,2025,1,100000.0,1,2000.0,1,Petrol,Automatic,Black,new,0,Other,Phnom Penh,Tier_1,individual,49500.0,1500.0,1,0.0,0,30.6,0.0,0,0,2026-08-26 03:03:19.593018+00
13540099,43500.0,10.680539205318292,Ram,1500,2021,5,100000.0,1,2000.0,1,Petrol,Automatic,White,used,1,Other,Phnom Penh,Tier_1,store,43500.0,0.0,0,0.0,0,98.3,0.0,0,0,2026-08-26 03:04:37.279603+00
13886214,43500.0,10.680539205318292,Avatr,AVATAR 11,2025,1,100000.0,1,2000.0,1,Electric,Automatic,Black,used,1,Chinese_EV,Phnom Penh,Tier_1,store,43500.0,0.0,0,0.0,0,11.5,0.0,0,0,2026-08-26 03:05:35.181737+00
13555893,1300.0,7.170888478512505,Hyundai,Atoz,1997,29,100000.0,1,2000.0,1,Petrol,Automatic,Grey,used,1,Mass_Market,Phnom Penh,Tier_1,individual,1300.0,0.0,0,0.0,0,94.0,0.0,0,0,2026-08-25 10:26:56.603049+00
13908442,44200.0,10.69650269224425,Avatr,Avatr 07,2026,0,100000.0,1,2000.0,1,Electric,Automatic,Unknown,new,0,Chinese_EV,Phnom Penh,Tier_1,store,44200.0,0.0,0,0.0,0,0.0,0.0,1,0,2026-08-20 08:37:41.027406+00
13784247,36500.0,10.505094936455558,Avatr,Avatr 07,2025,1,100000.0,1,2000.0,1,Electric,Automatic,Unknown,new,1,Chinese_EV,Phnom Penh,Tier_1,store,36500.0,0.0,0,0.0,0,35.4,0.0,0,0,2026-08-23 02:52:51.993316+00
13883731,25888.0,10.161573447047902,Subaru,BRZ,2014,12,100000.0,1,2000.0,1,Petrol,Manual,Silver,used,1,Mass_Market,Phnom Penh,Tier_1,individual,25888.0,0.0,0,0.0,0,12.2,0.0,0,0,2026-08-26 03:06:16.418887+00
13932622,23500.0,10.064798252418377,Toyota,BZ4x,2024,2,100000.0,1,2000.0,1,Electric,Automatic,White,used,1,Mass_Market,Phnom Penh,Tier_1,individual,23500.0,0.0,0,0.0,0,0.7,0.0,0,0,2026-08-27 12:12:31.670138+00
13923460,22600.0,10.025749432069084,Toyota,BZ4x,2022,4,100000.0,1,2000.0,1,Electric,Automatic,White,used,1,Mass_Market,Phnom Penh,Tier_1,store,22600.0,0.0,0,0.0,0,0.0,0.0,0,0,2026-08-24 10:11:07.045674+00
13855696,24800.0,10.118639253920785,Toyota,BZ4x,2025,1,100000.0,1,2000.0,1,Electric,Automatic,White,used,0,Mass_Market,Phnom Penh,Tier_1,store,24800.0,0.0,0,0.0,0,11.8,0.0,0,0,2026-08-18 10:18:56.719478+00
13840070,24900.0,10.122663242288953,Toyota,BZ4x,2023,3,100000.0,1,2000.0,1,Electric,Automatic,White,used,1,Mass_Market,Phnom Penh,Tier_1,store,24900.0,0.0,0,0.0,0,17.7,0.0,0,1,2026-08-20 08:37:41.025388+00
13910994,22800.0,10.034559673629849,Toyota,BZ4x,2023,3,100000.0,1,2000.0,1,Electric,Automatic,White,used,0,Mass_Market,Phnom Penh,Tier_1,store,22800.0,0.0,0,0.0,0,4.7,0.0,0,0,2026-08-26 02:59:08.169511+00
13855650,22800.0,10.034559673629849,Toyota,BZ4x,2023,3,100000.0,1,2000.0,1,Electric,Automatic,Silver,used,0,Mass_Market,Phnom Penh,Tier_1,store,22800.0,0.0,0,0.0,0,19.5,0.0,0,0,2026-08-26 02:58:02.025241+00
13906745,24800.0,10.118639253920785,Toyota,BZ4x,2023,3,100000.0,1,2000.0,1,Electric,Automatic,Black,new,0,Mass_Market,Phnom Penh,Tier_1,individual,24800.0,0.0,0,0.0,0,5.8,0.0,0,0,2026-08-26 03:09:33.680701+00
13361103,5000.0,8.517393171418904,ផ្សេងៗ,CBR600cc ឆ្នាំ012,2012,14,100000.0,1,2000.0,1,Petrol,Automatic,Orange,used,1,Other,Phnom Penh,Tier_1,store,5000.0,0.0,0,0.0,0,147.9,0.0,0,0,2026-08-27 12:10:44.233756+00
13908620,24500.0,10.106469212026385,Mazda,CX-3,2025,1,100000.0,1,2000.0,1,Petrol,Automatic,White,used,1,Mass_Market,Phnom Penh,Tier_1,store,24500.0,0.0,0,0.0,0,0.0,0.0,1,0,2026-08-20 08:37:32.538199+00
13747889,16000.0,9.680406499268875,Toyota,Camry,2007,19,100000.0,1,2000.0,1,Petrol,Automatic,White,used,1,Mass_Market,Phnom Penh,Tier_1,store,16000.0,0.0,0,0.0,0,49.0,0.0,0,0,2026-08-27 12:15:47.499651+00
13926421,2300.0,7.741099090035366,Toyota,Camry,1996,30,100000.0,1,2000.0,1,Petrol,Automatic,Green,used,1,Mass_Market,Siem Reap,Tier_2,individual,2300.0,0.0,0,0.0,0,0.0,0.0,0,0,2026-08-25 10:29:46.594878+00
13776841,2950.0,7.989899374942939,Toyota,Camry,1996,30,100000.0,1,2000.0,1,Petrol,Automatic,Blue,used,1,Mass_Market,Ratanakiri,Tier_3,individual,2950.0,0.0,0,0.0,0,41.8,0.0,0,0,2026-08-27 12:05:18.402092+00
13756795,2950.0,7.989899374942939,Toyota,Camry,1996,30,100000.0,1,2000.0,1,Petrol,Automatic,Green,used,1,Mass_Market,Phnom Penh,Tier_1,individual,2950.0,0.0,0,0.0,0,47.0,0.0,0,0,2026-08-27 12:05:39.929635+00
13341004,4800.0,8.476579508530941,Toyota,Camry,1996,30,100000.0,1,2000.0,1,Petrol,Automatic,White,used,1,Mass_Market,Phnom Penh,Tier_1,store,4800.0,0.0,0,0.0,0,151.7,0.0,0,0,2026-08-26 03:03:54.022692+00
13838222,4500.0,8.412054873292933,Toyota,Camry,1997,29,100000.0,1,2000.0,1,Petrol,Automatic,Black,used,1,Mass_Market,Kampot,Tier_3,individual,4500.0,0.0,0,0.0,0,23.7,0.0,0,0,2026-08-26 02:55:48.41028+00
13891749,3800.0,8.24301946898925,Toyota,Camry,1997,29,100000.0,1,2000.0,1,Petrol,Automatic,Green,used,1,Mass_Market,Phnom Penh,Tier_1,store,3800.0,0.0,0,0.0,0,8.0,0.0,0,0,2026-08-24 10:11:10.067884+00
13787683,4700.0,8.45553053102413,Toyota,Camry,1997,29,100000.0,1,2000.0,1,Petrol,Automatic,Gold,used,1,Mass_Market,Phnom Penh,Tier_1,individual,4700.0,0.0,0,0.0,0,32.3,0.0,0,1,2026-08-21 02:53:17.467562+00
13722531,5700.0,8.648396877031582,Toyota,Camry,1997,29,100000.0,1,2000.0,1,Petrol,Automatic,Grey,used,1,Mass_Market,Takeo,Tier_3,individual,5700.0,0.0,0,0.0,0,48.4,0.0,0,0,2026-08-20 08:37:23.592688+00
13584418,5050.0,8.527341522468053,Toyota,Camry,1997,29,100000.0,1,2000.0,1,Petrol,Automatic,White,used,1,Mass_Market,Battambang,Tier_2,individual,5050.0,0.0,0,0.0,0,82.0,0.0,0,0,2026-08-20 08:37:42.60535+00
13883390,6300.0,8.748463629942055,Toyota,Camry,2000,26,100000.0,1,2000.0,1,Petrol,Automatic,Silver,used,1,Mass_Market,Siem Reap,Tier_2,individual,6300.0,0.0,0,0.0,0,3.6,0.0,0,1,2026-08-17 08:50:55.877275+00
13862679,5750.0,8.657129031713755,Toyota,Camry,1997,29,100000.0,1,2000.0,1,Petrol,Automatic,Grey,used,1,Mass_Market,Banteay Meanchey,Tier_3,individual,5750.0,0.0,0,0.0,0,17.7,0.0,0,0,2026-08-26 03:02:17.505979+00
13879453,8600.0,9.059633754551479,Toyota,Camry,2002,24,100000.0,1,2000.0,1,Petrol,Automatic,Black,used,1,Mass_Market,Phnom Penh,Tier_1,individual,8600.0,0.0,0,0.0,0,14.7,0.0,0,0,2026-08-27 12:08:52.32567+00
13910577,8600.0,9.059633754551479,Toyota,Camry,2002,24,100000.0,1,2000.0,1,Petrol,Automatic,Unknown,used,1,Mass_Market,Phnom Penh,Tier_1,individual,8600.0,0.0,0,0.0,0,0.0,0.0,0,1,2026-08-21 02:53:19.756915+00
13918951,8900.0,9.093918908958932,Toyota,Camry,2002,24,100000.0,1,2000.0,1,Petrol,Automatic,Gold,used,1,Mass_Market,Phnom Penh,Tier_1,store,8900.0,0.0,0,0.0,0,2.5,0.0,0,0,2026-08-26 03:06:30.014555+00
13926809,14300.0,9.568084743872936,Toyota,Camry,2007,19,100000.0,1,2000.0,1,Petrol,Automatic,White,used,1,Mass_Market,Phnom Penh,Tier_1,individual,14300.0,0.0,0,0.0,0,0.0,0.0,0,0,2026-08-25 10:25:15.335619+00
13913935,11800.0,9.375939552625749,Toyota,Camry,2007,19,100000.0,1,2000.0,1,Hybrid,Automatic,Silver,used,1,Mass_Market,Phnom Penh,Tier_1,store,11800.0,0.0,0,0.0,0,3.7,0.0,1,0,2026-08-26 02:58:50.725628+00
13636592,14300.0,9.568084743872936,Toyota,Camry,2007,19,100000.0,1,2000.0,1,Hybrid,Automatic,White,used,1,Mass_Market,Phnom Penh,Tier_1,individual,14300.0,0.0,0,0.0,0,74.7,0.0,1,0,2026-08-25 10:26:01.037379+00
13559024,16888.0,9.734417801417921,Toyota,Camry,2007,19,100000.0,1,2000.0,1,Petrol,Automatic,White,used,1,Mass_Market,Phnom Penh,Tier_1,store,16888.0,0.0,0,0.0,0,90.7,0.0,0,0,2026-08-23 02:52:51.99147+00
13480547,15800.0,9.6678285081515,Toyota,Camry,2007,19,100000.0,1,2000.0,1,Petrol,Automatic,White,used,1,Mass_Market,Tboung Khmum,Tier_3,store,15800.0,0.0,0,0.0,0,111.7,0.0,0,0,2026-08-25 10:29:34.999171+00
13935776,12300.0,9.417435838868785,Toyota,Camry,2007,19,100000.0,1,2000.0,1,Hybrid,Automatic,Silver,used,1,Mass_Market,Phnom Penh,Tier_1,individual,12300.0,0.0,0,0.0,0,0.0,0.0,0,0,2026-08-27 12:15:34.858824+00
13908544,4350.0,8.37816098272068,Toyota,Camry,2002,24,100000.0,1,2000.0,1,Petrol,Automatic,Silver,used,1,Mass_Market,Phnom Penh,Tier_1,individual,4350.0,0.0,0,0.0,0,0.0,0.0,0,0,2026-08-20 08:37:39.452983+00
13843377,13000.0,9.472781556562168,Toyota,Camry,2007,19,100000.0,1,2000.0,1,Hybrid,Automatic,Silver,used,1,Mass_Market,Phnom Penh,Tier_1,store,13000.0,0.0,0,0.0,0,22.5,0.0,0,0,2026-08-26 03:08:03.947256+00
13927510,8700.0,9.071193240566025,Toyota,Camry,2002,24,100000.0,1,2000.0,1,Petrol,Automatic,Gold,used,1,Mass_Market,Phnom Penh,Tier_1,individual,8700.0,0.0,0,0.0,0,0.0,0.0,0,0,2026-08-25 10:17:09.059209+00
13692866,10499.0,9.259130536145614,Toyota,Camry,2002,24,100000.0,1,2000.0,1,Petrol,Automatic,Silver,used,1,Mass_Market,Kampong Cham,Tier_2,individual,10499.0,0.0,0,0.0,0,59.9,0.0,0,0,2026-08-24 10:11:19.257637+00
13568526,8500.0,9.04793908261736,Toyota,Camry,2002,24,100000.0,1,2000.0,1,Petrol,Automatic,Silver,used,1,Mass_Market,Phnom Penh,Tier_1,individual,8500.0,0.0,0,0.0,0,89.9,0.0,0,0,2026-08-24 10:11:07.045674+00
13917589,14900.0,9.60918360377546,Toyota,Camry,2007,19,100000.0,1,2000.0,1,Petrol,Automatic,White,used,1,Mass_Market,Phnom Penh,Tier_1,store,14900.0,0.0,0,0.0,0,0.0,0.0,1,0,2026-08-23 02:53:00.519787+00
13253031,16800.0,9.729193687429403,Toyota,Camry,2007,19,100000.0,1,2000.0,1,Petrol,Automatic,White,used,1,Mass_Market,Phnom Penh,Tier_1,store,16800.0,0.0,0,0.0,0,174.9,0.0,0,0,2026-08-27 12:12:09.494627+00
13925968,13800.0,9.53249633228804,Toyota,Camry,2007,19,100000.0,1,2000.0,1,Petrol,Automatic,White,used,1,Mass_Market,Phnom Penh,Tier_1,store,13800.0,0.0,0,0.0,0,0.7,0.0,0,0,2026-08-26 03:06:02.590912+00
13919825,14800.0,9.60245002503719,Toyota,Camry,2007,19,100000.0,1,2000.0,1,Hybrid,Automatic,Silver,used,1,Mass_Market,Phnom Penh,Tier_1,store,14800.0,0.0,0,0.0,0,3.7,0.0,1,0,2026-08-27 12:06:53.262508+00
13899924,12900.0,9.465060106725137,Toyota,Camry,2007,19,100000.0,1,2000.0,1,Hybrid,Automatic,Silver,used,1,Mass_Market,Kandal,Tier_2,store,12900.0,0.0,0,0.0,0,7.0,0.0,0,0,2026-08-25 10:25:44.08009+00
13911644,16200.0,9.692828247710418,Toyota,Camry,2007,19,100000.0,1,2000.0,1,Hybrid,Automatic,White,used,1,Mass_Market,Phnom Penh,Tier_1,store,16200.0,0.0,0,0.0,0,4.6,0.0,0,0,2026-08-26 03:06:55.480957+00
13924578,15999.0,9.680344001221918,Toyota,Camry,2007,19,100000.0,1,2000.0,1,Hybrid,Automatic,White,used,1,Mass_Market,Phnom Penh,Tier_1,individual,15999.0,0.0,0,0.0,0,0.4,0.0,0,0,2026-08-25 10:12:38.639425+00
13509422,17200.0,9.75272280064639,Toyota,Camry,2007,19,100000.0,1,2000.0,1,Petrol,Automatic,White,used,1,Mass_Market,Phnom Penh,Tier_1,store,17200.0,0.0,0,0.0,0,96.6,0.0,0,0,2026-08-17 08:51:04.498894+00
13753450,16500.0,9.711176264112805,Toyota,Camry,2007,19,100000.0,1,2000.0,1,Petrol,Automatic,White,used,1,Mass_Market,Phnom Penh,Tier_1,store,16500.0,0.0,0,0.0,0,46.5,0.0,0,0,2026-08-26 03:08:52.909977+00
13822957,16500.0,9.711176264112805,Toyota,Camry,2007,19,100000.0,1,2000.0,1,Petrol,Automatic,White,used,1,Mass_Market,Phnom Penh,Tier_1,store,16500.0,0.0,0,0.0,0,24.8,0.0,1,0,2026-08-23 02:53:17.441038+00
13713472,8200.0,9.012011377036412,Toyota,Camry,2002,24,100000.0,1,2000.0,1,Petrol,Automatic,Gold,used,1,Mass_Market,Phnom Penh,Tier_1,individual,8500.0,300.0,1,0.0,0,56.4,0.0,0,0,2026-08-26 03:06:15.18131+00
13896991,10800.0,9.287394001418473,Toyota,Camry,2002,24,100000.0,1,2000.0,1,Petrol,Automatic,Unknown,used,1,Mass_Market,Phnom Penh,Tier_1,store,10800.0,0.0,0,0.0,0,0.0,0.0,0,1,2026-08-17 08:51:08.277244+00
13921486,9800.0,9.19023970026918,Toyota,Camry,2003,23,100000.0,1,2000.0,1,Petrol,Automatic,White,used,1,Mass_Market,Phnom Penh,Tier_1,individual,9800.0,0.0,0,0.0,0,1.0,0.0,0,0,2026-08-25 10:24:59.989995+00
13828610,9900.0,9.200391041122515,Toyota,Camry,2003,23,100000.0,1,2000.0,1,Petrol,Automatic,Gold,used,1,Mass_Market,Phnom Penh,Tier_1,store,9900.0,0.0,0,0.0,0,19.6,0.0,0,0,2026-08-19 02:48:22.300754+00
13251731,11000.0,9.305741456739435,Toyota,Camry,2003,23,100000.0,1,2000.0,1,Petrol,Automatic,Gold,used,1,Mass_Market,Phnom Penh,Tier_1,store,11000.0,0.0,0,0.0,0,175.1,0.0,0,0,2026-08-27 12:07:36.95509+00
13610547,9200.0,9.127067452782361,Toyota,Camry,2003,23,100000.0,1,2000.0,1,Petrol,Automatic,Silver,used,1,Mass_Market,Phnom Penh,Tier_1,store,9200.0,0.0,0,0.0,0,81.6,0.0,0,0,2026-08-26 03:06:46.217266+00
13927223,8900.0,9.093918908958932,Toyota,Camry,2003,23,100000.0,1,2000.0,1,Petrol,Automatic,Gold,used,1,Mass_Market,Phnom Penh,Tier_1,individual,8900.0,0.0,0,0.0,0,0.0,0.0,0,0,2026-08-25 10:20:00.722462+00
13905252,9700.0,9.179984251961283,Toyota,Camry,2003,23,100000.0,1,2000.0,1,Petrol,Automatic,Silver,used,1,Mass_Market,Kampong Speu,Tier_3,individual,9700.0,0.0,0,0.0,0,5.8,0.0,0,0,2026-08-25 10:20:58.313791+00
13901737,12833.0,9.45985317831046,Toyota,Camry,2003,23,100000.0,1,2000.0,1,Petrol,Automatic,White,used,1,Mass_Market,Phnom Penh,Tier_1,individual,12833.0,0.0,0,0.0,0,7.4,0.0,0,0,2026-08-26 03:01:20.309617+00
13809268,9850.0,9.19532825185568,Toyota,Camry,2003,23,100000.0,1,2000.0,1,Petrol,Automatic,Unknown,used,1,Mass_Market,Phnom Penh,Tier_1,store,9850.0,0.0,0,0.0,0,24.6,0.0,0,0,2026-08-19 02:48:06.124582+00
13877566,8700.0,9.071193240566025,Toyota,Camry,2003,23,100000.0,1,2000.0,1,Petrol,Automatic,Gold,used,1,Mass_Market,Phnom Penh,Tier_1,store,8700.0,0.0,0,0.0,0,6.7,0.0,0,0,2026-08-19 02:48:06.124707+00
13775033,10900.0,9.296609807128359,Toyota,Camry,2003,23,100000.0,1,2000.0,1,Petrol,Automatic,White,used,1,Mass_Market,Phnom Penh,Tier_1,individual,10900.0,0.0,0,0.0,0,42.1,0.0,0,0,2026-08-27 12:10:30.726375+00
13929603,11430.0,9.344084242025778,Toyota,Camry,2003,23,100000.0,1,2000.0,1,Petrol,Automatic,Silver,used,1,Mass_Market,Phnom Penh,Tier_1,individual,11430.0,0.0,0,0.0,0,0.0,0.0,0,0,2026-08-26 03:00:19.043211+00
13882089,9500.0,9.15915233520675,Toyota,Camry,2003,23,100000.0,1,2000.0,1,Petrol,Automatic,Silver,used,1,Mass_Market,Phnom Penh,Tier_1,individual,9900.0,400.0,1,0.0,0,7.6,0.0,0,0,2026-08-21 02:53:11.223415+00
13909502,11300.0,9.332646496360152,Toyota,Camry,2003,23,100000.0,1,2000.0,1,Petrol,Automatic,White,used,1,Mass_Market,Takeo,Tier_3,individual,11300.0,0.0,0,0.0,0,6.7,0.0,0,0,2026-08-27 12:13:43.196773+00
13357279,10800.0,9.287394001418473,Toyota,Camry,2003,23,100000.0,1,2000.0,1,Petrol,Automatic,White,used,1,Mass_Market,Phnom Penh,Tier_1,individual,10800.0,0.0,0,0.0,0,146.8,0.0,0,0,2026-08-25 10:15:42.577484+00
13838029,10700.0,9.278092474027002,Toyota,Camry,2003,23,100000.0,1,2000.0,1,Petrol,Automatic,Silver,used,1,Mass_Market,Battambang,Tier_2,individual,10700.0,0.0,0,0.0,0,19.8,0.0,0,0,2026-08-22 02:44:40.070013+00
13735232,24800.0,10.118639253920785,Toyota,Camry,2012,14,100000.0,1,2000.0,1,Hybrid,Automatic,White,used,0,Mass_Market,Phnom Penh,Tier_1,individual,24800.0,0.0,0,0.0,0,48.9,0.0,1,0,2026-08-24 10:11:19.256189+00
13818589,20900.0,9.94755228369823,Toyota,Camry,2012,14,100000.0,1,2000.0,1,Petrol,Automatic,White,used,1,Mass_Market,Phnom Penh,Tier_1,individual,20900.0,0.0,0,0.0,0,21.5,0.0,1,0,2026-08-18 10:18:58.598111+00
13915108,23500.0,10.064798252418377,Toyota,Camry,2012,14,100000.0,1,2000.0,1,Hybrid,Automatic,White,used,1,Mass_Market,Phnom Penh,Tier_1,store,23500.0,0.0,0,0.0,0,2.9,0.0,1,0,2026-08-25 10:27:50.434549+00
13830234,9400.0,9.148571345578551,Toyota,Camry,2003,23,100000.0,1,2000.0,1,Diesel,Automatic,Grey,used,1,Mass_Market,Kandal,Tier_2,individual,9400.0,0.0,0,0.0,0,26.4,0.0,0,0,2026-08-26 03:09:43.729911+00
13762354,8750.0,9.076923258535832,Toyota,Camry,2002,24,100000.0,1,2000.0,1,Petrol,Automatic,Silver,used,1,Mass_Market,Phnom Penh,Tier_1,store,8750.0,0.0,0,0.0,0,43.8,0.0,0,0,2026-08-26 03:01:18.053473+00
13712166,9250.0,9.132486932771318,Toyota,Camry,2002,24,100000.0,1,2000.0,1,Petrol,Automatic,Gold,used,1,Mass_Market,Phnom Penh,Tier_1,store,9250.0,0.0,0,0.0,0,56.6,0.0,0,0,2026-08-26 02:59:32.491266+00
13926997,8900.0,9.093918908958932,Toyota,Camry,2002,24,100000.0,1,2000.0,1,Petrol,Automatic,Blue,used,1,Mass_Market,Phnom Penh,Tier_1,store,8900.0,0.0,0,0.0,0,0.0,0.0,0,0,2026-08-25 10:23:02.510073+00
13701666,10509.0,9.260082463870997,Toyota,Camry,2002,24,100000.0,1,2000.0,1,Petrol,Automatic,Silver,used,1,Mass_Market,Kampong Cham,Tier_2,individual,10509.0,0.0,0,0.0,0,58.9,0.0,0,0,2026-08-25 10:20:53.622821+00
13845509,10800.0,9.287394001418473,Toyota,Camry,2002,24,100000.0,1,2000.0,1,Petrol,Automatic,White,used,1,Mass_Market,Phnom Penh,Tier_1,individual,10800.0,0.0,0,0.0,0,20.1,0.0,0,0,2026-08-24 10:11:19.255513+00
13765186,8900.0,9.093918908958932,Toyota,Camry,2002,24,100000.0,1,2000.0,1,Petrol,Automatic,Silver,used,1,Mass_Market,Phnom Penh,Tier_1,store,8900.0,0.0,0,0.0,0,43.4,0.0,0,0,2026-08-26 03:09:52.759754+00
13909437,10500.0,9.259225769705994,Toyota,Camry,2007,19,100000.0,1,2000.0,1,Petrol,Automatic,Black,used,1,Mass_Market,Phnom Penh,Tier_1,individual,10500.0,0.0,0,0.0,0,4.6,0.0,0,1,2026-08-25 10:18:54.324396+00
13502170,2900.0,7.972810784121404,Toyota,Camry,1990,36,100000.0,1,2000.0,1,Petrol,Automatic,Grey,used,1,Mass_Market,Phnom Penh,Tier_1,store,2900.0,0.0,0,0.0,0,108.1,0.0,0,0,2026-08-27 12:05:40.507427+00
13723356,16900.0,9.735128070758227,Toyota,Camry,2007,19,100000.0,1,2000.0,1,Petrol,Automatic,White,used,1,Mass_Market,Phnom Penh,Tier_1,store,16900.0,0.0,0,0.0,0,53.7,0.0,0,0,2026-08-26 03:05:45.915121+00
13899929,11200.0,9.32375833901174,Toyota,Camry,2007,19,100000.0,1,2000.0,1,Hybrid,Automatic,Black,used,1,Mass_Market,Kampong Cham,Tier_2,individual,11200.0,0.0,0,0.0,0,2.7,0.0,0,0,2026-08-21 02:53:19.758538+00
13896987,10800.0,9.287394001418473,Toyota,Camry,2002,24,100000.0,1,2000.0,1,Petrol,Automatic,White,used,1,Mass_Market,Phnom Penh,Tier_1,store,10800.0,0.0,0,0.0,0,0.0,0.0,0,1,2026-08-17 08:51:08.281535+00
13881626,9800.0,9.19023970026918,Toyota,Camry,2002,24,100000.0,1,2000.0,1,Petrol,Automatic,Gold,used,1,Mass_Market,Phnom Penh,Tier_1,individual,9800.0,0.0,0,0.0,0,11.9,0.0,0,0,2026-08-25 10:16:07.267483+00
13511395,11875.0,9.382274835883651,Toyota,Camry,2002,24,100000.0,1,2000.0,1,Petrol,Automatic,White,used,1,Mass_Market,Phnom Penh,Tier_1,individual,11875.0,0.0,0,0.0,0,104.0,0.0,0,0,2026-08-25 10:25:41.388946+00
13909114,7850.0,8.968396191198256,Toyota,Camry,2002,24,100000.0,1,2000.0,1,Petrol,Automatic,Silver,used,1,Mass_Market,Kampong Speu,Tier_3,individual,7850.0,0.0,0,0.0,0,1.4,0.0,0,0,2026-08-22 02:44:52.993274+00
13909061,18500.0,9.825580063659602,Toyota,Camry,2017,9,100000.0,1,2000.0,1,Petrol,Automatic,Black,used,1,Mass_Market,Phnom Penh,Tier_1,store,18500.0,0.0,0,0.0,0,6.8,0.0,0,0,2026-08-27 12:16:34.631283+00
13367539,2900.0,7.972810784121404,Toyota,Camry,1990,36,100000.0,1,2000.0,1,Petrol,Automatic,Grey,used,1,Mass_Market,Phnom Penh,Tier_1,store,2900.0,0.0,0,0.0,0,146.2,0.0,0,0,2026-08-27 12:05:26.782528+00
13375215,14500.0,9.581972891547895,Toyota,Camry,2007,19,100000.0,1,2000.0,1,Petrol,Automatic,White,used,1,Mass_Market,Phnom Penh,Tier_1,store,14500.0,0.0,0,0.0,0,142.8,0.0,0,1,2026-08-26 03:00:59.7515+00
13649037,3250.0,8.086717920303906,Toyota,Camry,1995,31,100000.0,1,2000.0,1,Petrol,Automatic,White,used,1,Mass_Market,Phnom Penh,Tier_1,individual,3250.0,0.0,0,0.0,0,71.8,0.0,0,1,2026-08-26 03:00:57.478839+00
13570886,3500.0,8.160803920954665,Toyota,Camry,1995,31,100000.0,1,2000.0,1,Petrol,Automatic,Green,used,1,Mass_Market,Phnom Penh,Tier_1,store,3500.0,0.0,0,0.0,0,91.1,0.0,0,0,2026-08-26 02:59:41.564764+00
13759003,24500.0,10.106469212026385,Toyota,Camry,2013,13,100000.0,1,2000.0,1,Hybrid,Automatic,White,used,0,Mass_Market,Phnom Penh,Tier_1,store,24500.0,0.0,0,0.0,0,46.2,0.0,0,0,2026-08-27 12:09:08.957485+00
13789072,9200.0,9.127067452782361,Toyota,Camry,2002,24,100000.0,1,2000.0,1,Petrol,Automatic,Gold,used,1,Mass_Market,Phnom Penh,Tier_1,individual,9300.0,100.0,1,0.0,0,36.7,0.0,0,0,2026-08-26 03:05:39.132795+00
13897188,8800.0,9.082620630373812,Toyota,Camry,2002,24,100000.0,1,2000.0,1,Petrol,Automatic,Gold,used,1,Mass_Market,Kandal,Tier_2,individual,8800.0,0.0,0,0.0,0,0.0,0.0,0,0,2026-08-17 08:50:58.88651+00
13892362,8200.0,9.012011377036412,Toyota,Camry,2002,24,100000.0,1,2000.0,1,Petrol,Automatic,Gold,used,1,Mass_Market,Phnom Penh,Tier_1,individual,8200.0,0.0,0,0.0,0,0.9,0.0,0,0,2026-08-17 08:50:53.024165+00
13802769,9200.0,9.127067452782361,Toyota,Camry,2002,24,100000.0,1,2000.0,1,Petrol,Automatic,Gold,used,1,Mass_Market,Phnom Penh,Tier_1,individual,9300.0,100.0,1,0.0,0,33.5,0.0,0,0,2026-08-26 03:09:41.118564+00
13874564,9999.0,9.210340371976184,Toyota,Camry,2002,24,100000.0,1,2000.0,1,Petrol,Automatic,Silver,used,1,Mass_Market,Phnom Penh,Tier_1,store,9999.0,0.0,0,0.0,0,7.5,0.0,0,0,2026-08-19 02:48:06.124447+00
13867020,35900.0,10.488520429241627,Toyota,Camry,2020,6,100000.0,1,2000.0,1,Petrol,Automatic,White,used,1,Mass_Market,Phnom Penh,Tier_1,individual,35900.0,0.0,0,0.0,0,15.8,0.0,0,0,2026-08-25 10:29:50.557431+00
13899230,4350.0,8.37816098272068,Toyota,Camry,2002,24,100000.0,1,2000.0,1,Petrol,Automatic,Unknown,used,1,Mass_Market,Phnom Penh,Tier_1,individual,4350.0,0.0,0,0.0,0,0.7,0.0,0,0,2026-08-19 02:48:22.299909+00
13903420,8600.0,9.059633754551479,Toyota,Camry,2002,24,100000.0,1,2000.0,1,Petrol,Automatic,Unknown,used,1,Mass_Market,Phnom Penh,Tier_1,individual,8600.0,0.0,0,0.0,0,0.0,0.0,0,1,2026-08-19 02:48:12.667549+00
13853545,10500.0,9.259225769705994,Toyota,Camry,2002,24,100000.0,1,2000.0,1,Petrol,Automatic,White,used,1,Mass_Market,Phnom Penh,Tier_1,store,10500.0,0.0,0,0.0,0,17.1,0.0,0,0,2026-08-23 02:52:50.508124+00
13873110,11000.0,9.305741456739435,Toyota,Camry,2002,24,100000.0,1,2000.0,1,Petrol,Automatic,Silver,used,1,Mass_Market,Phnom Penh,Tier_1,store,11000.0,0.0,0,0.0,0,16.1,0.0,0,0,2026-08-27 12:12:42.538998+00
13927595,1850.0,7.523481312573497,Toyota,Camry,1992,34,100000.0,1,2000.0,1,Petrol,Automatic,Black,used,1,Mass_Market,Banteay Meanchey,Tier_3,individual,1850.0,0.0,0,0.0,0,0.0,0.0,0,0,2026-08-25 10:15:29.904159+00
13732715,14800.0,9.60245002503719,Toyota,Camry,2008,18,100000.0,1,2000.0,1,Petrol,Automatic,Grey,used,1,Mass_Market,Phnom Penh,Tier_1,store,14800.0,0.0,0,0.0,0,50.7,0.0,0,0,2026-08-25 10:28:40.34637+00
13914099,8200.0,9.012011377036412,Toyota,Camry,2008,18,100000.0,1,2000.0,1,Petrol,Automatic,Red,used,1,Mass_Market,Phnom Penh,Tier_1,individual,8200.0,0.0,0,0.0,0,0.0,0.0,0,0,2026-08-22 02:44:40.069422+00
13558116,15800.0,9.6678285081515,Toyota,Camry,2008,18,100000.0,1,2000.0,1,Petrol,Automatic,Grey,used,1,Mass_Market,Phnom Penh,Tier_1,individual,15800.0,0.0,0,0.0,0,86.7,0.0,0,0,2026-08-18 10:18:59.537238+00
13885916,11800.0,9.375939552625749,Toyota,Camry,2008,18,100000.0,1,2000.0,1,Petrol,Automatic,White,used,1,Mass_Market,Phnom Penh,Tier_1,store,11800.0,0.0,0,0.0,0,12.9,0.0,0,0,2026-08-27 12:07:33.10688+00
13759259,11800.0,9.375939552625749,Toyota,Camry,2008,18,100000.0,1,2000.0,1,Petrol,Automatic,White,used,1,Mass_Market,Phnom Penh,Tier_1,store,11800.0,0.0,0,0.0,0,46.1,0.0,0,0,2026-08-27 12:07:39.189874+00
13531746,17200.0,9.75272280064639,Toyota,Camry,2008,18,100000.0,1,2000.0,1,Hybrid,Automatic,White,used,1,Mass_Market,Phnom Penh,Tier_1,store,17200.0,0.0,0,0.0,0,99.7,0.0,1,0,2026-08-26 03:06:17.591857+00
13556782,3500.0,8.160803920954665,Toyota,Camry,1995,31,100000.0,1,2000.0,1,Petrol,Automatic,Green,used,1,Mass_Market,Phnom Penh,Tier_1,store,3500.0,0.0,0,0.0,0,88.8,0.0,0,0,2026-08-20 08:37:38.10225+00
13883033,17500.0,9.770013301136158,Toyota,Camry,2009,17,100000.0,1,2000.0,1,Hybrid,Automatic,Gold,used,1,Mass_Market,Battambang,Tier_2,individual,17500.0,0.0,0,0.0,0,10.7,0.0,0,0,2026-08-24 10:11:17.28536+00
13892190,12000.0,9.392745258631441,Toyota,Camry,2009,17,100000.0,1,2000.0,1,Petrol,Automatic,Silver,used,1,Mass_Market,Phnom Penh,Tier_1,individual,12000.0,0.0,0,0.0,0,9.0,0.0,0,0,2026-08-25 10:27:27.723889+00
13903319,18988.0,9.851615143125416,Toyota,Camry,2009,17,100000.0,1,2000.0,1,Petrol,Automatic,White,used,1,Mass_Market,Phnom Penh,Tier_1,individual,18988.0,0.0,0,0.0,0,0.0,0.0,0,0,2026-08-19 02:48:23.681129+00
13936187,12200.0,9.409273194575334,Toyota,Camry,2009,17,100000.0,1,2000.0,1,Petrol,Automatic,Black,used,1,Mass_Market,Phnom Penh,Tier_1,individual,12200.0,0.0,0,0.0,0,0.0,0.0,0,1,2026-08-27 12:13:22.789558+00
13554239,17900.0,9.792611856190192,Toyota,Camry,2009,17,100000.0,1,2000.0,1,Petrol,Automatic,White,used,1,Mass_Market,Phnom Penh,Tier_1,store,17900.0,0.0,0,0.0,0,95.3,0.0,0,0,2026-08-26 03:03:31.048343+00
13932216,11500.0,9.350189267092581,Toyota,Camry,2007,19,100000.0,1,2000.0,1,Hybrid,Automatic,Silver,used,1,Mass_Market,Kandal,Tier_2,store,11500.0,0.0,0,0.0,0,0.8,0.0,0,1,2026-08-27 12:18:47.442316+00
13838113,5400.0,8.594339400592892,Toyota,Camry,1998,28,100000.0,1,2000.0,1,Diesel,Automatic,Grey,used,1,Mass_Market,Phnom Penh,Tier_1,individual,5400.0,0.0,0,0.0,0,25.1,0.0,0,0,2026-08-27 12:11:06.139464+00
13757584,4200.0,8.343077871169383,Toyota,Camry,1998,28,100000.0,1,2000.0,1,Petrol,Automatic,Grey,used,1,Mass_Market,Oddar Meanchey,Tier_3,individual,4200.0,0.0,0,0.0,0,42.4,0.0,0,1,2026-08-23 02:53:00.519081+00
13813564,10500.0,9.259225769705994,Toyota,Camry,2022,4,100000.0,1,2000.0,1,Petrol,Automatic,Gold,used,1,Mass_Market,Phnom Penh,Tier_1,store,10500.0,0.0,0,0.0,0,30.4,0.0,0,0,2026-08-26 03:09:05.579619+00
13918947,12500.0,9.433563920090563,Toyota,Camry,2005,21,100000.0,1,2000.0,1,Petrol,Automatic,White,used,1,Mass_Market,Phnom Penh,Tier_1,store,12500.0,0.0,0,0.0,0,2.5,0.0,0,0,2026-08-26 03:07:57.191311+00
13716208,12800.0,9.45727857185611,Toyota,Camry,2005,21,100000.0,1,2000.0,1,Petrol,Automatic,White,used,1,Mass_Market,Phnom Penh,Tier_1,store,12800.0,0.0,0,0.0,0,48.6,0.0,0,0,2026-08-19 02:48:01.899909+00
13667303,4500.0,8.412054873292933,Toyota,Camry,1998,28,100000.0,1,2000.0,1,Petrol,Automatic,Brown,used,0,Mass_Market,Phnom Penh,Tier_1,individual,4500.0,0.0,0,0.0,0,67.6,0.0,0,0,2026-08-26 02:56:01.192661+00
13835276,6200.0,8.732465848349879,Toyota,Camry,1998,28,100000.0,1,2000.0,1,Petrol,Automatic,Grey,used,1,Mass_Market,Phnom Penh,Tier_1,individual,6200.0,0.0,0,0.0,0,18.9,0.0,0,0,2026-08-20 08:37:33.860096+00
13856790,4500.0,8.412054873292933,Toyota,Camry,1998,28,100000.0,1,2000.0,1,Petrol,Automatic,Gold,used,1,Mass_Market,Phnom Penh,Tier_1,store,4500.0,0.0,0,0.0,0,20.7,0.0,0,0,2026-08-27 12:16:47.274118+00
13594603,5950.0,8.691314551644853,Toyota,Camry,2000,26,100000.0,1,2000.0,1,Petrol,Automatic,Unknown,used,1,Mass_Market,Phnom Penh,Tier_1,store,5950.0,0.0,0,0.0,0,84.6,0.0,0,0,2026-08-25 10:14:41.450953+00
13881078,4700.0,8.45553053102413,Toyota,Camry,1998,28,100000.0,1,2000.0,1,Petrol,Automatic,Grey,used,1,Mass_Market,Phnom Penh,Tier_1,individual,4700.0,0.0,0,0.0,0,9.7,0.0,0,0,2026-08-23 02:53:12.305274+00
13830827,5850.0,8.674367865788236,Toyota,Camry,1999,27,100000.0,1,2000.0,1,Petrol,Automatic,Grey,used,1,Mass_Market,Phnom Penh,Tier_1,store,5850.0,0.0,0,0.0,0,22.2,0.0,0,0,2026-08-22 02:44:36.187919+00
13407856,6300.0,8.748463629942055,Toyota,Camry,1999,27,100000.0,1,2000.0,1,Petrol,Automatic,Grey,used,1,Mass_Market,Kampot,Tier_3,individual,6300.0,0.0,0,0.0,0,130.0,0.0,0,0,2026-08-25 10:24:14.03134+00
13853882,4850.0,8.486940148245216,Toyota,Camry,2000,26,100000.0,1,2000.0,1,Petrol,Automatic,White,used,1,Mass_Market,Phnom Penh,Tier_1,individual,4850.0,0.0,0,0.0,0,21.2,0.0,0,0,2026-08-27 12:14:38.854979+00
13912736,5850.0,8.674367865788236,Toyota,Camry,2000,26,100000.0,1,2000.0,1,Petrol,Automatic,White,used,1,Mass_Market,Phnom Penh,Tier_1,individual,5850.0,0.0,0,0.0,0,0.4,0.0,0,0,2026-08-22 02:44:36.186147+00
13855128,5299.0,8.575462099540212,Toyota,Camry,1999,27,100000.0,1,2000.0,1,Petrol,Automatic,Black,used,1,Mass_Market,Phnom Penh,Tier_1,individual,5299.0,0.0,0,0.0,0,13.9,0.0,0,0,2026-08-20 08:37:27.814859+00
13555477,5200.0,8.556606193773073,Toyota,Camry,1999,27,100000.0,1,2000.0,1,Petrol,Automatic,Gold,used,1,Mass_Market,Siem Reap,Tier_2,individual,5200.0,0.0,0,0.0,0,96.1,0.0,0,0,2026-08-27 12:11:18.020406+00
13919574,4800.0,8.476579508530941,Toyota,Camry,1999,27,100000.0,1,2000.0,1,Petrol,Automatic,Gold,used,1,Mass_Market,Phnom Penh,Tier_1,individual,4800.0,0.0,0,0.0,0,1.7,0.0,0,0,2026-08-25 10:21:01.649406+00
13572226,26800.0,10.196194479235656,Toyota,Camry,2014,12,100000.0,1,2000.0,1,Hybrid,Automatic,Gold,used,0,Mass_Market,Phnom Penh,Tier_1,store,26800.0,0.0,0,0.0,0,92.1,0.0,0,0,2026-08-27 12:12:39.073198+00
13709434,25500.0,10.146472946063877,Toyota,Camry,2014,12,100000.0,1,2000.0,1,Hybrid,Automatic,White,used,0,Mass_Market,Phnom Penh,Tier_1,store,25500.0,0.0,0,0.0,0,58.8,0.0,0,0,2026-08-27 12:09:12.324246+00
13877587,5800.0,8.665785595466064,Toyota,Camry,2000,26,100000.0,1,2000.0,1,Petrol,Automatic,Silver,used,1,Mass_Market,Phnom Penh,Tier_1,individual,5800.0,0.0,0,0.0,0,7.9,0.0,0,0,2026-08-20 08:37:23.597882+00
13797139,7200.0,8.881975184248867,Toyota,Camry,2000,26,100000.0,1,2000.0,1,Petrol,Automatic,Gold,used,1,Mass_Market,Battambang,Tier_2,individual,7200.0,0.0,0,0.0,0,36.1,0.0,0,0,2026-08-27 12:13:42.016143+00
13910573,4600.0,8.434028950155469,Toyota,Camry,1991,35,100000.0,1,2000.0,1,Petrol,Automatic,Unknown,used,1,Mass_Market,Phnom Penh,Tier_1,store,4600.0,0.0,0,0.0,0,0.0,0.0,0,0,2026-08-21 02:53:19.758626+00
13869391,1700.0,7.438971592395862,Toyota,Camry,1992,34,100000.0,1,2000.0,1,Petrol,Automatic,Black,used,1,Mass_Market,Phnom Penh,Tier_1,individual,1800.0,100.0,1,0.0,0,14.0,0.0,0,0,2026-08-24 10:11:10.066381+00
13896383,14900.0,9.60918360377546,Toyota,Camry,2007,19,100000.0,1,2000.0,1,Petrol,Automatic,White,used,1,Mass_Market,Phnom Penh,Tier_1,individual,14900.0,0.0,0,0.0,0,2.9,0.0,0,0,2026-08-20 08:37:29.396302+00
13915410,5000.0,8.517393171418904,Toyota,Camry,2011,15,100000.0,1,2000.0,1,Petrol,Automatic,Unknown,used,0,Mass_Market,Phnom Penh,Tier_1,individual,5000.0,0.0,0,0.0,0,4.9,0.0,0,0,2026-08-27 12:19:35.129862+00
13922261,16900.0,9.735128070758227,Toyota,Camry,2007,19,100000.0,1,2000.0,1,Petrol,Automatic,White,used,1,Mass_Market,Phnom Penh,Tier_1,store,16900.0,0.0,0,0.0,0,1.6,0.0,0,1,2026-08-26 03:01:31.130469+00
13877858,11200.0,9.32375833901174,Toyota,Camry,2007,19,100000.0,1,2000.0,1,Petrol,Automatic,Blue,used,1,Mass_Market,Phnom Penh,Tier_1,store,11200.0,0.0,0,0.0,0,13.6,0.0,0,0,2026-08-26 03:08:00.300303+00
13701654,11800.0,9.375939552625749,Toyota,Camry,2007,19,100000.0,1,2000.0,1,Hybrid,Automatic,White,used,1,Mass_Market,Phnom Penh,Tier_1,individual,11800.0,0.0,0,0.0,0,50.8,0.0,0,0,2026-08-17 08:50:52.999636+00
13926787,11200.0,9.32375833901174,Toyota,Camry,2007,19,100000.0,1,2000.0,1,Petrol,Automatic,Black,used,1,Mass_Market,Battambang,Tier_2,individual,11200.0,0.0,0,0.0,0,0.0,0.0,0,1,2026-08-25 10:25:35.854538+00
13903204,16500.0,9.711176264112805,Toyota,Camry,2007,19,100000.0,1,2000.0,1,Petrol,Automatic,Unknown,used,1,Mass_Market,Phnom Penh,Tier_1,store,16500.0,0.0,0,0.0,0,1.8,0.0,0,0,2026-08-21 02:53:22.432318+00
13848601,15500.0,9.648659816955295,Toyota,Camry,2007,19,100000.0,1,2000.0,1,Petrol,Automatic,White,used,1,Mass_Market,Tboung Khmum,Tier_3,store,15500.0,0.0,0,0.0,0,20.7,0.0,0,0,2026-08-25 10:24:30.19376+00
13751730,11800.0,9.375939552625749,Toyota,Camry,2007,19,100000.0,1,2000.0,1,Hybrid,Automatic,Silver,used,1,Mass_Market,Phnom Penh,Tier_1,store,11800.0,0.0,0,0.0,0,46.0,0.0,0,0,2026-08-25 10:24:22.688029+00
13810712,16500.0,9.711176264112805,Toyota,Camry,2007,19,100000.0,1,2000.0,1,Petrol,Automatic,Gold,used,1,Mass_Market,Phnom Penh,Tier_1,store,16500.0,0.0,0,0.0,0,30.7,0.0,0,0,2026-08-25 10:29:44.560302+00
13924730,3700.0,8.216358332386156,Toyota,Camry,2007,19,100000.0,1,2000.0,1,Hybrid,Automatic,White,used,1,Mass_Market,Banteay Meanchey,Tier_3,individual,3700.0,0.0,0,0.0,0,0.9,0.0,0,0,2026-08-26 03:00:26.48733+00
13452474,13800.0,9.53249633228804,Toyota,Camry,2007,19,100000.0,1,2000.0,1,Petrol,Automatic,Unknown,used,1,Mass_Market,Phnom Penh,Tier_1,store,13800.0,0.0,0,0.0,0,111.9,0.0,0,0,2026-08-18 10:18:52.997731+00
13920923,11800.0,9.375939552625749,Toyota,Camry,2007,19,100000.0,1,2000.0,1,Hybrid,Automatic,Silver,used,1,Mass_Market,Phnom Penh,Tier_1,store,11800.0,0.0,0,0.0,0,1.7,0.0,1,0,2026-08-26 02:58:57.439069+00
13861014,14900.0,9.60918360377546,Toyota,Camry,2007,19,100000.0,1,2000.0,1,Petrol,Automatic,Silver,used,1,Mass_Market,Battambang,Tier_2,individual,14900.0,0.0,0,0.0,0,9.5,0.0,0,0,2026-08-17 08:50:56.845349+00
13935502,18500.0,9.825580063659602,Toyota,Camry,2007,19,100000.0,1,2000.0,1,Petrol,Automatic,White,used,1,Mass_Market,Phnom Penh,Tier_1,individual,18500.0,0.0,0,0.0,0,0.0,0.0,1,0,2026-08-27 12:19:15.932895+00
13899921,16500.0,9.711176264112805,Toyota,Camry,2007,19,100000.0,1,2000.0,1,Hybrid,Automatic,White,used,1,Mass_Market,Phnom Penh,Tier_1,store,16500.0,0.0,0,0.0,0,7.0,0.0,0,0,2026-08-25 10:14:06.781056+00
13708451,13750.0,9.528866827722945,Toyota,Camry,2007,19,100000.0,1,2000.0,1,Petrol,Automatic,Unknown,used,1,Mass_Market,Phnom Penh,Tier_1,store,13750.0,0.0,0,0.0,0,54.6,0.0,0,0,2026-08-23 02:53:03.744971+00
13676516,11500.0,9.350189267092581,Toyota,Camry,2007,19,100000.0,1,2000.0,1,Petrol,Automatic,Gold,used,1,Mass_Market,Phnom Penh,Tier_1,store,12100.0,600.0,1,0.0,0,63.6,0.0,0,0,2026-08-24 10:11:02.981142+00
13640545,15600.0,9.65509029374725,Toyota,Camry2007 ហ្វូលពេញ,2007,19,100000.0,1,2000.0,1,Petrol,Automatic,Unknown,used,1,Mass_Market,Phnom Penh,Tier_1,store,15600.0,0.0,0,0.0,0,66.7,0.0,1,0,2026-08-18 10:18:56.72048+00
13936403,13000.0,9.472781556562168,Porsche,Cayenne,2011,15,100000.0,1,2000.0,1,Petrol,Automatic,White,used,1,Luxury,Phnom Penh,Tier_1,individual,13000.0,0.0,0,0.0,0,0.0,0.0,0,1,2026-08-27 12:10:17.201941+00
13804146,17500.0,9.770013301136158,Porsche,Cayenne,2011,15,100000.0,1,2000.0,1,Hybrid,Automatic,White,used,1,Luxury,Phnom Penh,Tier_1,individual,17500.0,0.0,0,0.0,0,34.2,0.0,1,0,2026-08-27 12:14:13.953485+00
13623619,13300.0,9.495594499353297,Porsche,Cayenne,2011,15,100000.0,1,2000.0,1,Hybrid,Automatic,White,used,1,Luxury,Phnom Penh,Tier_1,individual,13300.0,0.0,0,0.0,0,77.6,0.0,0,0,2026-08-25 10:15:53.912947+00
13691259,17800.0,9.787009914477434,Porsche,Cayenne,2011,15,100000.0,1,2000.0,1,Petrol,Automatic,White,used,1,Luxury,Phnom Penh,Tier_1,store,17800.0,0.0,0,0.0,0,61.2,0.0,0,0,2026-08-25 10:26:53.385597+00
13927927,12700.0,9.44943600950432,Porsche,Cayenne,2011,15,100000.0,1,2000.0,1,Hybrid,Automatic,White,used,1,Luxury,Phnom Penh,Tier_1,individual,12700.0,0.0,0,0.0,0,0.0,0.0,0,1,2026-08-25 10:13:35.589008+00
13705621,12900.0,9.465060106725137,Porsche,Cayenne,2011,15,100000.0,1,2000.0,1,Hybrid,Automatic,White,used,1,Luxury,Phnom Penh,Tier_1,store,12900.0,0.0,0,0.0,0,58.4,0.0,1,0,2026-08-26 03:04:43.492626+00
13265043,26088.0,10.169269048534572,Porsche,Cayenne,2015,11,100000.0,1,2000.0,1,Hybrid,Automatic,White,used,1,Luxury,Phnom Penh,Tier_1,store,26088.0,0.0,0,0.0,0,170.4,0.0,0,0,2026-08-26 03:08:25.628008+00
13357070,52500.0,10.868587496017359,Porsche,Cayenne,2016,10,100000.0,1,2000.0,1,Petrol,Automatic,White,used,1,Luxury,Phnom Penh,Tier_1,store,52500.0,0.0,0,0.0,0,146.8,0.0,0,0,2026-08-25 10:24:47.378629+00
13936235,15800.0,9.6678285081515,Porsche,Cayenne,2013,13,100000.0,1,2000.0,1,Hybrid,Automatic,White,used,1,Luxury,Phnom Penh,Tier_1,store,15800.0,0.0,0,0.0,0,0.0,0.0,0,0,2026-08-27 12:13:09.71892+00
13813443,25000.0,10.12667110305036,Porsche,Cayenne,2013,13,100000.0,1,2000.0,1,Diesel,Automatic,White,used,1,Luxury,Phnom Penh,Tier_1,store,25000.0,0.0,0,0.0,0,31.8,0.0,0,0,2026-08-27 12:13:32.104573+00
13919878,21900.0,9.994287576862567,JETOUR,DASHING,2026,0,100000.0,1,2000.0,1,Petrol,Automatic,White,used,1,Other,Phnom Penh,Tier_1,individual,21900.0,0.0,0,0.0,0,0.6,0.0,0,0,2026-08-24 10:11:19.256189+00
13782711,22200.0,10.007892611890918,GAC,GS3,2026,0,100000.0,1,2000.0,1,Petrol,Automatic,Grey,new,0,Chinese_EV,Phnom Penh,Tier_1,store,22200.0,0.0,0,0.0,0,32.9,0.0,0,0,2026-08-20 08:37:33.858896+00
13502198,22200.0,10.007892611890918,GAC,GS3,2026,0,100000.0,1,2000.0,1,Petrol,Automatic,White,new,0,Chinese_EV,Phnom Penh,Tier_1,store,22200.0,0.0,0,0.0,0,106.7,0.0,0,0,2026-08-26 03:07:42.380138+00
13598729,19600.0,9.883335864325275,GAC,GS3,2026,0,100000.0,1,2000.0,1,Petrol,Automatic,White,new,0,Chinese_EV,Phnom Penh,Tier_1,store,19600.0,0.0,0,0.0,0,78.6,0.0,0,0,2026-08-20 08:37:33.859065+00
13889647,21500.0,9.975854724662028,GAC,GS3,2026,0,100000.0,1,2000.0,1,Petrol,Automatic,Grey,new,0,Chinese_EV,Phnom Penh,Tier_1,store,21800.0,300.0,1,0.0,0,11.9,0.0,0,0,2026-08-27 12:19:53.296925+00
13511009,22500.0,10.021315031649332,GAC,GS3,2026,0,100000.0,1,2000.0,1,Petrol,Automatic,Silver,new,0,Chinese_EV,Phnom Penh,Tier_1,store,22500.0,0.0,0,0.0,0,97.1,0.0,0,0,2026-08-18 10:19:08.121567+00
13728413,22500.0,10.021315031649332,GAC,GS3,2026,0,100000.0,1,2000.0,1,Petrol,Automatic,Silver,new,0,Chinese_EV,Phnom Penh,Tier_1,store,22500.0,0.0,0,0.0,0,44.9,0.0,0,0,2026-08-18 10:19:08.121211+00
13811887,21600.0,9.980494888896912,GAC,GS3,2026,0,100000.0,1,2000.0,1,Petrol,Automatic,Grey,new,0,Chinese_EV,Phnom Penh,Tier_1,store,21600.0,0.0,0,0.0,0,30.7,0.0,0,0,2026-08-26 02:59:15.086848+00
13559428,22500.0,10.021315031649332,GAC,GS3,2026,0,100000.0,1,2000.0,1,Petrol,Automatic,Silver,new,0,Chinese_EV,Phnom Penh,Tier_1,store,22500.0,0.0,0,0.0,0,86.0,0.0,0,0,2026-08-18 10:19:08.121567+00
13935997,17900.0,9.792611856190192,GAC,GS3,2025,1,100000.0,1,2000.0,1,Petrol,Automatic,White,used,1,Chinese_EV,Phnom Penh,Tier_1,store,17900.0,0.0,0,0.0,0,0.0,0.0,0,0,2026-08-27 12:14:36.060941+00
13927481,18000.0,9.798182590890704,GAC,GS3,2025,1,100000.0,1,2000.0,1,Petrol,Automatic,White,used,1,Chinese_EV,Phnom Penh,Tier_1,individual,18000.0,0.0,0,0.0,0,0.0,0.0,0,0,2026-08-25 10:16:38.335399+00
13927517,12800.0,9.45727857185611,Toyota,Hilux,1994,32,100000.0,1,2000.0,1,Petrol,Automatic,Red,used,1,Mass_Market,Phnom Penh,Tier_1,store,12800.0,0.0,0,0.0,0,0.0,0.0,0,0,2026-08-25 10:17:08.390846+00
13752982,45900.0,10.734242182303689,Toyota,Hilux,2027,0,100000.0,1,2000.0,1,Diesel,Automatic,Silver,new,0,Mass_Market,Phnom Penh,Tier_1,store,45900.0,0.0,0,0.0,0,47.9,0.0,0,0,2026-08-27 12:12:51.187542+00
13752921,46500.0,10.747229096720554,Toyota,Hilux,2027,0,100000.0,1,2000.0,1,Diesel,Automatic,White,new,0,Mass_Market,Phnom Penh,Tier_1,store,46500.0,0.0,0,0.0,0,47.9,0.0,0,0,2026-08-27 12:12:50.521065+00
13735681,45900.0,10.734242182303689,Toyota,Hilux,2027,0,100000.0,1,2000.0,1,Diesel,Automatic,Orange,new,0,Mass_Market,Phnom Penh,Tier_1,store,45900.0,0.0,0,0.0,0,49.9,0.0,0,0,2026-08-25 10:26:20.910537+00
13752975,45900.0,10.734242182303689,Toyota,Hilux,2027,0,100000.0,1,2000.0,1,Diesel,Automatic,Grey,new,0,Mass_Market,Phnom Penh,Tier_1,store,45900.0,0.0,0,0.0,0,47.9,0.0,0,0,2026-08-27 12:12:48.659971+00
13753035,39900.0,10.594156665220533,Toyota,Hilux,2027,0,100000.0,1,2000.0,1,Diesel,Automatic,White,new,0,Mass_Market,Phnom Penh,Tier_1,store,39900.0,0.0,0,0.0,0,45.8,0.0,0,0,2026-08-25 10:29:23.73492+00
13293456,12222.0,9.411074701777263,Toyota,Hilux,2002,24,100000.0,1,2000.0,1,Diesel,Automatic,Unknown,used,1,Mass_Market,Phnom Penh,Tier_1,individual,12222.0,0.0,0,0.0,0,156.2,0.0,0,0,2026-08-19 02:48:03.344587+00
13867393,7560.0,8.93075873555827,Toyota,Hilux,2002,24,100000.0,1,2000.0,1,Diesel,Manual,Green,used,1,Mass_Market,Phnom Penh,Tier_1,individual,7850.0,290.0,1,0.0,0,16.4,0.0,0,0,2026-08-26 03:03:21.703337+00
13752884,51100.0,10.841559345471941,Toyota,Hilux,2027,0,100000.0,1,2000.0,1,Diesel,Automatic,Silver,new,0,Mass_Market,Phnom Penh,Tier_1,store,51100.0,0.0,0,0.0,0,47.9,0.0,0,0,2026-08-27 12:09:15.74448+00
13753010,45900.0,10.734242182303689,Toyota,Hilux,2027,0,100000.0,1,2000.0,1,Diesel,Automatic,Black,new,0,Mass_Market,Phnom Penh,Tier_1,store,45900.0,0.0,0,0.0,0,47.9,0.0,0,0,2026-08-27 12:12:52.857421+00
13735702,51700.0,10.853232402669228,Toyota,Hilux,2027,0,100000.0,1,2000.0,1,Diesel,Automatic,White,new,0,Mass_Market,Phnom Penh,Tier_1,store,51700.0,0.0,0,0.0,0,49.9,0.0,0,0,2026-08-25 10:29:09.733255+00
13858194,20900.0,9.94755228369823,Toyota,Hilux,2016,10,100000.0,1,2000.0,1,Diesel,Automatic,Unknown,used,1,Mass_Market,Siem Reap,Tier_2,store,20900.0,0.0,0,0.0,0,14.7,0.0,0,0,2026-08-22 02:45:00.820464+00
13816896,38900.0,10.568775236216993,Toyota,Hilux,2021,5,100000.0,1,2000.0,1,Diesel,Automatic,Unknown,used,1,Mass_Market,Phnom Penh,Tier_1,store,38900.0,0.0,0,0.0,0,27.8,0.0,0,0,2026-08-24 10:11:21.32214+00
13886544,38500.0,10.55843949396453,Toyota,Hilux,2027,0,100000.0,1,2000.0,1,Diesel,Automatic,Unknown,used,1,Mass_Market,Phnom Penh,Tier_1,store,38500.0,0.0,0,0.0,0,2.7,0.0,0,0,2026-08-17 08:50:53.958177+00
13752998,45900.0,10.734242182303689,Toyota,Hilux,2027,0,100000.0,1,2000.0,1,Diesel,Automatic,Gold,new,0,Mass_Market,Phnom Penh,Tier_1,store,45900.0,0.0,0,0.0,0,47.9,0.0,0,0,2026-08-27 12:12:46.064015+00
13850734,37900.0,10.542732775946709,Toyota,Hilux,2022,4,100000.0,1,2000.0,1,Diesel,Automatic,Unknown,used,1,Mass_Market,Phnom Penh,Tier_1,store,37900.0,0.0,0,0.0,0,18.9,0.0,0,0,2026-08-24 10:11:18.276753+00
13753060,39900.0,10.594156665220533,Toyota,Hilux,2027,0,100000.0,1,2000.0,1,Diesel,Automatic,Grey,new,0,Mass_Market,Phnom Penh,Tier_1,store,39900.0,0.0,0,0.0,0,45.8,0.0,0,0,2026-08-25 10:29:30.587224+00
13891052,19000.0,9.852246888342531,Toyota,Hilux,2011,15,100000.0,1,2000.0,1,Diesel,Automatic,Black,used,1,Mass_Market,Phnom Penh,Tier_1,individual,18900.0,0.0,0,100.0,1,9.5,0.0,0,0,2026-08-25 10:13:18.709663+00
13752878,51100.0,10.841559345471941,Toyota,Hilux,2027,0,100000.0,1,2000.0,1,Diesel,Automatic,Gold,new,0,Mass_Market,Phnom Penh,Tier_1,store,51100.0,0.0,0,0.0,0,47.9,0.0,0,0,2026-08-27 12:09:13.067364+00
13901406,21500.0,9.975854724662028,Dongfeng,L7 PHEV,2025,1,100000.0,1,2000.0,1,Petrol,Automatic,Unknown,new,1,Chinese_EV,Phnom Penh,Tier_1,individual,21500.0,0.0,0,0.0,0,0.0,0.0,0,0,2026-08-18 10:19:04.372424+00
13566103,25800.0,10.158168529848494,MG,Marvel R,2023,3,100000.0,1,2000.0,1,Petrol,Automatic,White,used,1,Chinese_EV,Phnom Penh,Tier_1,store,25800.0,0.0,0,0.0,0,92.3,0.0,0,0,2026-08-26 03:07:43.862758+00
13428827,39500.0,10.584081267024454,Lexus,NX300h,2015,11,100000.0,1,2000.0,1,Hybrid,Automatic,White,used,0,Luxury,Phnom Penh,Tier_1,store,39500.0,0.0,0,0.0,0,126.7,0.0,0,0,2026-08-27 12:17:19.805712+00
13820689,73500.0,11.205054290550551,Lexus,NX450h+,2022,4,100000.0,1,2000.0,1,Hybrid,Automatic,White,new,0,Luxury,Phnom Penh,Tier_1,store,73500.0,0.0,0,0.0,0,24.6,0.0,1,0,2026-08-22 02:44:59.590549+00
13834317,68000.0,11.127277689932466,Lexus,NX450h+,2022,4,100000.0,1,2000.0,1,Hybrid,Automatic,White,used,0,Luxury,Phnom Penh,Tier_1,store,68000.0,0.0,0,0.0,0,25.3,0.0,1,0,2026-08-26 02:57:45.083781+00
13674583,82500.0,11.320565693461432,Porsche,Panamera,2017,9,100000.0,1,2000.0,1,Petrol,Automatic,White,used,0,Luxury,Phnom Penh,Tier_1,store,83500.0,1000.0,1,0.0,0,65.0,0.0,0,0,2026-08-25 10:14:32.699196+00
13905699,82500.0,11.320565693461432,Porsche,Panamera,2017,9,100000.0,1,2000.0,1,Petrol,Automatic,White,used,0,Luxury,Phnom Penh,Tier_1,store,82500.0,0.0,0,0.0,0,5.6,0.0,0,0,2026-08-25 10:14:31.232476+00
13878942,68888.0,11.14025179258698,Porsche,Panamera,2017,9,100000.0,1,2000.0,1,Petrol,Automatic,Grey,used,1,Luxury,Phnom Penh,Tier_1,store,68888.0,0.0,0,0.0,0,8.5,0.0,0,0,2026-08-21 02:53:12.553037+00
13742070,82500.0,11.320565693461432,Porsche,Panamera,2017,9,100000.0,1,2000.0,1,Petrol,Automatic,White,used,0,Luxury,Phnom Penh,Tier_1,store,83500.0,1000.0,1,0.0,0,48.4,0.0,0,0,2026-08-25 10:14:32.09666+00
13870371,72000.0,11.184435286790631,Porsche,Panamera,2017,9,100000.0,1,2000.0,1,Petrol,Automatic,Grey,used,1,Luxury,Phnom Penh,Tier_1,store,72000.0,0.0,0,0.0,0,16.9,0.0,0,0,2026-08-27 12:12:46.681134+00
13580270,85000.0,11.350418300109132,Porsche,Panamera,2017,9,100000.0,1,2000.0,1,Petrol,Automatic,Grey,used,0,Luxury,Phnom Penh,Tier_1,store,85000.0,0.0,0,0.0,0,88.8,0.0,0,0,2026-08-26 03:04:42.088588+00
13682477,83500.0,11.332613886815139,Porsche,Panamera,2017,9,100000.0,1,2000.0,1,Petrol,Automatic,White,used,0,Luxury,Phnom Penh,Tier_1,store,83500.0,0.0,0,0.0,0,56.0,0.0,0,0,2026-08-18 10:18:59.542008+00
13758162,68888.0,11.14025179258698,Porsche,Panamera,2017,9,100000.0,1,2000.0,1,Petrol,Automatic,Black,used,1,Luxury,Phnom Penh,Tier_1,store,68888.0,0.0,0,0.0,0,46.7,0.0,0,0,2026-08-27 12:09:38.819153+00
13580310,85000.0,11.350418300109132,Porsche,Panamera,2017,9,100000.0,1,2000.0,1,Petrol,Automatic,White,used,0,Luxury,Phnom Penh,Tier_1,store,85000.0,0.0,0,0.0,0,88.8,0.0,0,0,2026-08-26 03:02:38.085155+00
13754200,27300.0,10.214678610538817,Porsche,Panamera,2012,14,100000.0,1,2000.0,1,Hybrid,Automatic,White,used,1,Luxury,Phnom Penh,Tier_1,store,27300.0,0.0,0,0.0,0,46.3,0.0,0,0,2026-08-26 03:07:33.136909+00
13585984,38828.0,10.566922669110548,Porsche,Panamera,2014,12,100000.0,1,2000.0,1,Petrol,Automatic,Black,used,1,Luxury,Phnom Penh,Tier_1,store,38828.0,0.0,0,0.0,0,86.9,0.0,1,0,2026-08-25 10:22:51.322739+00
13393475,39999.0,10.596634733096073,Porsche,Panamera,2014,12,100000.0,1,2000.0,1,Petrol,Automatic,Black,used,0,Luxury,Phnom Penh,Tier_1,store,39999.0,0.0,0,0.0,0,139.8,0.0,0,0,2026-08-27 12:09:43.534897+00
13936527,28500.0,10.25769445336048,Porsche,Panamera,2014,12,100000.0,1,2000.0,1,Petrol,Automatic,Unknown,used,1,Luxury,Phnom Penh,Tier_1,store,28500.0,0.0,0,0.0,0,0.0,0.0,0,1,2026-08-27 12:07:10.45859+00
13393468,25666.0,10.152961399096368,Porsche,Panamera,2015,11,100000.0,1,2000.0,1,Petrol,Automatic,Black,used,1,Luxury,Phnom Penh,Tier_1,store,25666.0,0.0,0,0.0,0,139.8,0.0,0,0,2026-08-27 12:09:44.869771+00
13722198,245000.0,12.409017571151187,Porsche,Panamera,2025,1,100000.0,1,2000.0,1,Petrol,Automatic,White,new,0,Luxury,Phnom Penh,Tier_1,store,245000.0,0.0,0,0.0,0,53.6,0.0,0,0,2026-08-25 10:19:24.577662+00
13936500,95000.0,11.461642696843066,Porsche,Panamera,2018,8,100000.0,1,2000.0,1,Petrol,Automatic,Black,used,1,Luxury,Phnom Penh,Tier_1,store,95000.0,0.0,0,0.0,0,0.0,0.0,0,0,2026-08-27 12:08:00.814876+00
13905754,118000.0,11.678448377988165,Rolls-Royce,Phantom,2013,13,100000.0,1,2000.0,1,Petrol,Automatic,Black,used,1,Luxury,Phnom Penh,Tier_1,individual,118000.0,0.0,0,0.0,0,6.3,0.0,0,0,2026-08-26 02:55:31.413948+00
13832560,11300.0,9.332646496360152,Toyota,Prius,2007,19,100000.0,1,2000.0,1,Hybrid,Automatic,White,used,1,Mass_Market,Phnom Penh,Tier_1,store,11300.0,0.0,0,0.0,0,21.6,0.0,0,0,2026-08-22 02:44:36.184434+00
13812433,11200.0,9.32375833901174,Toyota,Prius,2007,19,100000.0,1,2000.0,1,Hybrid,Automatic,White,used,1,Mass_Market,Phnom Penh,Tier_1,individual,11200.0,0.0,0,0.0,0,28.9,0.0,1,0,2026-08-24 10:11:20.285707+00
13917254,10700.0,9.278092474027002,Toyota,Prius,2007,19,100000.0,1,2000.0,1,Hybrid,Automatic,Grey,used,1,Mass_Market,Phnom Penh,Tier_1,individual,10700.0,0.0,0,0.0,0,4.2,0.0,0,0,2026-08-27 12:18:50.214836+00
13680400,9800.0,9.19023970026918,Toyota,Prius,2007,19,100000.0,1,2000.0,1,Hybrid,Automatic,Silver,used,1,Mass_Market,Preah Sihanouk,Tier_2,individual,9800.0,0.0,0,0.0,0,65.8,0.0,0,0,2026-08-27 12:16:01.523981+00
13929602,12300.0,9.417435838868785,Toyota,Prius,2007,19,100000.0,1,2000.0,1,Hybrid,Automatic,White,used,0,Mass_Market,Phnom Penh,Tier_1,store,12300.0,0.0,0,0.0,0,0.0,0.0,0,0,2026-08-26 03:00:20.130529+00
13906200,9990.0,9.209439966733019,Toyota,Prius,2007,19,100000.0,1,2000.0,1,Hybrid,Automatic,White,used,1,Mass_Market,Phnom Penh,Tier_1,individual,9990.0,0.0,0,0.0,0,5.2,0.0,0,0,2026-08-25 10:26:00.317643+00
13915546,12500.0,9.433563920090563,Toyota,Prius,2007,19,100000.0,1,2000.0,1,Hybrid,Automatic,White,used,0,Mass_Market,Phnom Penh,Tier_1,individual,12500.0,0.0,0,0.0,0,2.8,0.0,0,0,2026-08-25 10:17:34.440158+00
13283811,12800.0,9.45727857185611,Toyota,Prius,2007,19,100000.0,1,2000.0,1,Hybrid,Automatic,White,used,0,Mass_Market,Phnom Penh,Tier_1,store,12800.0,0.0,0,0.0,0,167.0,0.0,0,0,2026-08-27 12:18:19.828708+00
13381220,12800.0,9.45727857185611,Toyota,Prius,2007,19,100000.0,1,2000.0,1,Hybrid,Automatic,White,used,0,Mass_Market,Phnom Penh,Tier_1,store,12800.0,0.0,0,0.0,0,142.8,0.0,0,0,2026-08-27 12:16:35.802667+00
13646915,9900.0,9.200391041122515,Toyota,Prius,2007,19,100000.0,1,2000.0,1,Hybrid,Automatic,Silver,used,1,Mass_Market,Phnom Penh,Tier_1,store,9900.0,0.0,0,0.0,0,71.9,0.0,0,0,2026-08-25 10:28:10.141958+00
13792540,10500.0,9.259225769705994,Toyota,Prius,2007,19,100000.0,1,2000.0,1,Petrol,Automatic,Gold,used,1,Mass_Market,Phnom Penh,Tier_1,store,10500.0,0.0,0,0.0,0,31.8,0.0,0,0,2026-08-22 02:44:57.040807+00
13842929,10200.0,9.23024103368252,Toyota,Prius,2007,19,100000.0,1,2000.0,1,Hybrid,Automatic,Grey,used,0,Mass_Market,Phnom Penh,Tier_1,store,10200.0,0.0,0,0.0,0,24.0,0.0,0,0,2026-08-27 12:12:29.887721+00
13901349,9700.0,9.179984251961283,Toyota,Prius,2007,19,100000.0,1,2000.0,1,Hybrid,Automatic,Unknown,used,0,Mass_Market,Phnom Penh,Tier_1,store,9700.0,0.0,0,0.0,0,0.0,0.0,1,0,2026-08-18 10:19:07.20413+00
13929428,11900.0,9.38437770918244,Toyota,Prius,2007,19,100000.0,1,2000.0,1,Hybrid,Automatic,Silver,used,0,Mass_Market,Phnom Penh,Tier_1,store,11900.0,0.0,0,0.0,0,0.0,0.0,1,0,2026-08-26 03:06:45.047135+00
13912341,11500.0,9.350189267092581,Toyota,Prius,2007,19,100000.0,1,2000.0,1,Hybrid,Automatic,Grey,used,1,Mass_Market,Phnom Penh,Tier_1,individual,11500.0,0.0,0,0.0,0,4.5,0.0,0,0,2026-08-26 02:58:04.084297+00
13358026,12700.0,9.44943600950432,Toyota,Prius,2007,19,100000.0,1,2000.0,1,Hybrid,Automatic,Grey,used,0,Mass_Market,Phnom Penh,Tier_1,store,12700.0,0.0,0,0.0,0,148.7,0.0,0,0,2026-08-27 12:18:03.78762+00
13771405,3500.0,8.160803920954665,Toyota,Prius,2007,19,100000.0,1,2000.0,1,Petrol,Automatic,Brown,used,1,Mass_Market,Phnom Penh,Tier_1,individual,3500.0,0.0,0,0.0,0,37.7,0.0,0,0,2026-08-22 02:44:41.412372+00
13785666,10000.0,9.210440366976517,Toyota,Prius,2007,19,100000.0,1,2000.0,1,Hybrid,Automatic,Red,used,1,Mass_Market,Phnom Penh,Tier_1,individual,10000.0,0.0,0,0.0,0,36.0,0.0,0,0,2026-08-24 10:11:19.256189+00
13814470,11800.0,9.375939552625749,Toyota,Prius,2007,19,100000.0,1,2000.0,1,Petrol,Automatic,White,used,1,Mass_Market,Phnom Penh,Tier_1,store,11800.0,0.0,0,0.0,0,29.8,0.0,0,0,2026-08-26 03:06:01.409437+00
13489650,9900.0,9.200391041122515,Toyota,Prius,2007,19,100000.0,1,2000.0,1,Hybrid,Automatic,Silver,used,1,Mass_Market,Phnom Penh,Tier_1,store,9900.0,0.0,0,0.0,0,109.6,0.0,0,0,2026-08-25 10:27:28.588296+00
13473864,9950.0,9.205428327615163,Toyota,Prius,2007,19,100000.0,1,2000.0,1,Hybrid,Automatic,Green,used,1,Mass_Market,Phnom Penh,Tier_1,store,9950.0,0.0,0,0.0,0,115.2,0.0,0,0,2026-08-27 12:09:23.55309+00
13924220,11200.0,9.32375833901174,Toyota,Prius,2007,19,100000.0,1,2000.0,1,Hybrid,Automatic,White,used,1,Mass_Market,Phnom Penh,Tier_1,store,11200.0,0.0,0,0.0,0,1.2,0.0,1,0,2026-08-26 03:06:31.263699+00
13848052,8900.0,9.093918908958932,Toyota,Prius,2007,19,100000.0,1,2000.0,1,Hybrid,Automatic,Blue,used,1,Mass_Market,Phnom Penh,Tier_1,store,8900.0,0.0,0,0.0,0,12.7,0.0,0,0,2026-08-17 08:50:57.836801+00
13925967,11300.0,9.332646496360152,Toyota,Prius,2007,19,100000.0,1,2000.0,1,Hybrid,Automatic,White,used,1,Mass_Market,Phnom Penh,Tier_1,store,11300.0,0.0,0,0.0,0,2.0,0.0,1,0,2026-08-27 12:10:42.400372+00
13926602,8800.0,9.082620630373812,Toyota,Prius,2007,19,100000.0,1,2000.0,1,Hybrid,Automatic,Green,used,1,Mass_Market,Battambang,Tier_2,individual,8800.0,0.0,0,0.0,0,0.6,0.0,1,0,2026-08-26 03:00:22.614249+00
13910233,11800.0,9.375939552625749,Toyota,Prius,2007,19,100000.0,1,2000.0,1,Hybrid,Automatic,Grey,used,0,Mass_Market,Phnom Penh,Tier_1,individual,11800.0,0.0,0,0.0,0,3.1,0.0,1,0,2026-08-24 10:11:21.32214+00
13841666,8950.0,9.099520536870939,Toyota,Prius,2007,19,100000.0,1,2000.0,1,Petrol,Automatic,Grey,used,1,Mass_Market,Phnom Penh,Tier_1,individual,8950.0,0.0,0,0.0,0,17.0,0.0,0,0,2026-08-20 08:37:41.023728+00
13923368,8300.0,9.024131268455035,Toyota,Prius,2007,19,100000.0,1,2000.0,1,Hybrid,Automatic,Unknown,used,1,Mass_Market,Phnom Penh,Tier_1,individual,8300.0,0.0,0,0.0,0,0.0,0.0,0,0,2026-08-24 10:11:12.103765+00
13895063,10999.0,9.305650551780507,Toyota,Prius,2007,19,100000.0,1,2000.0,1,Hybrid,Automatic,Red,used,1,Mass_Market,Phnom Penh,Tier_1,individual,10999.0,0.0,0,0.0,0,10.1,0.0,0,0,2026-08-27 12:09:29.496858+00
13927733,9400.0,9.148571345578551,Toyota,Prius,2007,19,100000.0,1,2000.0,1,Hybrid,Automatic,Gold,used,1,Mass_Market,Phnom Penh,Tier_1,individual,9400.0,0.0,0,0.0,0,0.0,0.0,0,0,2026-08-25 10:15:41.308654+00
13551270,12900.0,9.465060106725137,Toyota,Prius,2007,19,100000.0,1,2000.0,1,Hybrid,Automatic,White,used,0,Mass_Market,Phnom Penh,Tier_1,store,12900.0,0.0,0,0.0,0,95.0,0.0,0,0,2026-08-25 10:25:00.741384+00
13924651,9000.0,9.105090961257085,Toyota,Prius,2007,19,100000.0,1,2000.0,1,Petrol,Automatic,Silver,used,1,Mass_Market,Phnom Penh,Tier_1,store,9000.0,0.0,0,0.0,0,0.3,0.0,0,0,2026-08-25 10:12:39.840207+00
13694330,13500.0,9.510519035757246,Toyota,Prius,2007,19,100000.0,1,2000.0,1,Hybrid,Automatic,White,used,0,Mass_Market,Phnom Penh,Tier_1,store,13500.0,0.0,0,0.0,0,61.4,0.0,0,0,2026-08-26 03:04:42.771803+00
13836478,15800.0,9.6678285081515,Toyota,Prius,2012,14,100000.0,1,2000.0,1,Hybrid,Manual,Silver,used,1,Mass_Market,Phnom Penh,Tier_1,store,15900.0,100.0,1,0.0,0,23.8,0.0,1,0,2026-08-25 10:19:04.778702+00
13913481,13900.0,9.539716058977092,Toyota,Prius,2012,14,100000.0,1,2000.0,1,Hybrid,Automatic,Blue,used,0,Mass_Market,Phnom Penh,Tier_1,store,13900.0,0.0,0,0.0,0,5.5,0.0,0,0,2026-08-27 12:05:57.129352+00
13887736,16300.0,9.69898173460629,Toyota,Prius,2012,14,100000.0,1,2000.0,1,Hybrid,Automatic,Unknown,used,0,Mass_Market,Phnom Penh,Tier_1,store,16300.0,0.0,0,0.0,0,12.6,0.0,1,0,2026-08-27 12:17:34.205553+00
13853764,17200.0,9.75272280064639,Toyota,Prius,2012,14,100000.0,1,2000.0,1,Hybrid,Automatic,Grey,used,0,Mass_Market,Phnom Penh,Tier_1,store,17200.0,0.0,0,0.0,0,21.3,0.0,0,0,2026-08-27 12:18:01.022221+00
13879654,14900.0,9.60918360377546,Toyota,Prius,2012,14,100000.0,1,2000.0,1,Hybrid,Automatic,White,used,0,Mass_Market,Phnom Penh,Tier_1,store,14900.0,0.0,0,0.0,0,10.3,0.0,0,1,2026-08-23 02:52:45.533597+00
13929482,17500.0,9.770013301136158,Toyota,Prius,2012,14,100000.0,1,2000.0,1,Hybrid,Automatic,Grey,used,0,Mass_Market,Phnom Penh,Tier_1,store,17500.0,0.0,0,0.0,0,0.0,0.0,1,0,2026-08-26 03:04:16.444695+00
13929519,16800.0,9.729193687429403,Toyota,Prius,2012,14,100000.0,1,2000.0,1,Petrol,Automatic,Grey,used,1,Mass_Market,Phnom Penh,Tier_1,store,16800.0,0.0,0,0.0,0,0.0,0.0,1,0,2026-08-26 03:02:41.851997+00
13305033,17500.0,9.770013301136158,Toyota,Prius,2012,14,100000.0,1,2000.0,1,Hybrid,Automatic,Silver,used,0,Mass_Market,Phnom Penh,Tier_1,store,17500.0,0.0,0,0.0,0,162.0,0.0,1,1,2026-08-27 12:20:39.05828+00
13874380,15500.0,9.648659816955295,Toyota,Prius,2012,14,100000.0,1,2000.0,1,Hybrid,Automatic,Unknown,used,0,Mass_Market,Phnom Penh,Tier_1,individual,15500.0,0.0,0,0.0,0,5.8,0.0,0,0,2026-08-17 08:51:02.666517+00
13919196,15700.0,9.661479683575521,Toyota,Prius,2012,14,100000.0,1,2000.0,1,Hybrid,Automatic,Grey,used,1,Mass_Market,Phnom Penh,Tier_1,individual,15700.0,0.0,0,0.0,0,2.5,0.0,0,0,2026-08-26 03:04:54.612534+00
13924025,17900.0,9.792611856190192,Toyota,Prius,2012,14,100000.0,1,2000.0,1,Hybrid,Automatic,White,used,0,Mass_Market,Phnom Penh,Tier_1,store,17900.0,0.0,0,0.0,0,2.7,0.0,1,0,2026-08-27 12:17:38.182103+00
13929459,16500.0,9.711176264112805,Toyota,Prius,2012,14,100000.0,1,2000.0,1,Hybrid,Automatic,White,used,1,Mass_Market,Phnom Penh,Tier_1,individual,16500.0,0.0,0,0.0,0,0.0,0.0,0,0,2026-08-26 03:05:39.764124+00
13804230,9650.0,9.174816815907135,Toyota,Prius,2007,19,100000.0,1,2000.0,1,Hybrid,Automatic,Green,used,1,Mass_Market,Phnom Penh,Tier_1,individual,9650.0,0.0,0,0.0,0,32.8,0.0,0,0,2026-08-26 03:03:41.352384+00
13856541,24300.0,10.098272780745283,Toyota,Prius,2019,7,100000.0,1,2000.0,1,Petrol,Automatic,White,used,1,Mass_Market,Phnom Penh,Tier_1,individual,24300.0,0.0,0,0.0,0,20.8,0.0,0,0,2026-08-27 12:15:39.566064+00
13890984,26900.0,10.199918739620157,Toyota,Prius,2019,7,100000.0,1,2000.0,1,Hybrid,Automatic,White,used,1,Mass_Market,Phnom Penh,Tier_1,store,26900.0,0.0,0,0.0,0,11.6,0.0,0,0,2026-08-27 12:13:13.041392+00
13936349,25500.0,10.146472946063877,Toyota,Prius,2019,7,100000.0,1,2000.0,1,Hybrid,Automatic,Silver,used,0,Mass_Market,Phnom Penh,Tier_1,store,25500.0,0.0,0,0.0,0,0.0,0.0,0,1,2026-08-27 12:11:04.964096+00
13869161,24800.0,10.118639253920785,Toyota,Prius,2019,7,100000.0,1,2000.0,1,Hybrid,Automatic,White,new,0,Mass_Market,Phnom Penh,Tier_1,store,24800.0,0.0,0,0.0,0,17.1,0.0,0,0,2026-08-27 12:19:24.948664+00
13927036,18500.0,9.825580063659602,Toyota,Prius,2012,14,100000.0,1,2000.0,1,Hybrid,Automatic,White,used,1,Mass_Market,Phnom Penh,Tier_1,individual,18500.0,0.0,0,0.0,0,0.0,0.0,0,0,2026-08-25 10:22:21.932284+00
13241918,17900.0,9.792611856190192,Toyota,Prius,2012,14,100000.0,1,2000.0,1,Hybrid,Automatic,Grey,used,0,Mass_Market,Phnom Penh,Tier_1,individual,17900.0,0.0,0,0.0,0,169.3,0.0,0,0,2026-08-19 02:48:20.91509+00
13887748,16500.0,9.711176264112805,Toyota,Prius,2012,14,100000.0,1,2000.0,1,Hybrid,Automatic,Grey,used,1,Mass_Market,Siem Reap,Tier_2,store,16500.0,0.0,0,0.0,0,7.2,0.0,1,0,2026-08-22 02:44:51.797182+00
13643414,16800.0,9.729193687429403,Toyota,Prius,2011,15,100000.0,1,2000.0,1,Hybrid,Automatic,White,used,1,Mass_Market,Phnom Penh,Tier_1,store,16800.0,0.0,0,0.0,0,73.6,0.0,1,0,2026-08-26 03:06:15.796777+00
13618393,17800.0,9.787009914477434,Toyota,Prius,2012,14,100000.0,1,2000.0,1,Hybrid,Automatic,White,used,0,Mass_Market,Phnom Penh,Tier_1,store,17800.0,0.0,0,0.0,0,71.8,0.0,0,0,2026-08-18 10:18:50.172371+00
13667693,17900.0,9.792611856190192,Toyota,Prius,2012,14,100000.0,1,2000.0,1,Petrol,Automatic,Other,used,0,Mass_Market,Phnom Penh,Tier_1,store,17900.0,0.0,0,0.0,0,63.6,0.0,0,0,2026-08-22 02:44:37.523744+00
13926564,18300.0,9.814710982145282,Toyota,Prius,2012,14,100000.0,1,2000.0,1,Hybrid,Automatic,Grey,used,0,Mass_Market,Phnom Penh,Tier_1,store,18300.0,0.0,0,0.0,0,0.0,0.0,0,0,2026-08-25 10:27:19.192967+00
13805282,17800.0,9.787009914477434,Toyota,Prius,2012,14,100000.0,1,2000.0,1,Hybrid,Automatic,Unknown,used,0,Mass_Market,Phnom Penh,Tier_1,store,17800.0,0.0,0,0.0,0,25.7,0.0,1,0,2026-08-19 02:48:22.303899+00
13829271,17800.0,9.787009914477434,Toyota,Prius,2012,14,100000.0,1,2000.0,1,Hybrid,Automatic,White,used,0,Mass_Market,Phnom Penh,Tier_1,store,17800.0,0.0,0,0.0,0,27.9,0.0,0,0,2026-08-27 12:15:18.046292+00
13823109,1650.0,7.409136443920128,Toyota,Prius,2012,14,100000.0,1,2000.0,1,Hybrid,Automatic,Grey,used,1,Mass_Market,Phnom Penh,Tier_1,individual,1650.0,0.0,0,0.0,0,27.1,0.0,1,0,2026-08-25 10:15:52.583288+00
13903441,17500.0,9.770013301136158,Toyota,Prius,2012,14,100000.0,1,2000.0,1,Hybrid,Automatic,Unknown,used,0,Mass_Market,Phnom Penh,Tier_1,store,17500.0,0.0,0,0.0,0,0.0,0.0,1,0,2026-08-19 02:48:06.124079+00
13911603,14500.0,9.581972891547895,Toyota,Prius,2012,14,100000.0,1,2000.0,1,Hybrid,Automatic,Unknown,used,0,Mass_Market,Phnom Penh,Tier_1,store,14500.0,0.0,0,0.0,0,1.6,0.0,0,0,2026-08-23 02:53:10.565546+00
13927243,16900.0,9.735128070758227,Toyota,Prius,2012,14,100000.0,1,2000.0,1,Hybrid,Automatic,Grey,used,0,Mass_Market,Phnom Penh,Tier_1,store,16900.0,0.0,0,0.0,0,0.0,0.0,0,0,2026-08-25 10:19:46.377087+00
13600263,18800.0,9.841665338892785,Toyota,Prius,2012,14,100000.0,1,2000.0,1,Petrol,Automatic,White,used,0,Mass_Market,Phnom Penh,Tier_1,store,18800.0,0.0,0,0.0,0,80.7,0.0,0,0,2026-08-23 02:52:45.523562+00
13869176,16300.0,9.69898173460629,Toyota,Prius,2012,14,100000.0,1,2000.0,1,Petrol,Automatic,White,used,1,Mass_Market,Phnom Penh,Tier_1,store,16300.0,0.0,0,0.0,0,14.0,0.0,0,0,2026-08-24 10:11:07.045674+00
13902359,15900.0,9.674137279312397,Toyota,Prius,2012,14,100000.0,1,2000.0,1,Hybrid,Automatic,Black,used,0,Mass_Market,Phnom Penh,Tier_1,store,15900.0,0.0,0,0.0,0,7.3,0.0,0,0,2026-08-26 03:09:06.833889+00
13290957,17800.0,9.787009914477434,Toyota,Prius,2012,14,100000.0,1,2000.0,1,Hybrid,Automatic,Red,used,0,Mass_Market,Phnom Penh,Tier_1,store,17800.0,0.0,0,0.0,0,158.7,0.0,1,0,2026-08-21 02:53:15.007695+00
13527314,17300.0,9.758519582283522,Toyota,Prius,2012,14,100000.0,1,2000.0,1,Hybrid,Automatic,Blue,used,0,Mass_Market,Phnom Penh,Tier_1,store,17300.0,0.0,0,0.0,0,102.1,0.0,1,0,2026-08-27 12:20:37.387213+00
13897084,16888.0,9.734417801417921,Toyota,Prius,2012,14,100000.0,1,2000.0,1,Hybrid,Automatic,Grey,used,0,Mass_Market,Phnom Penh,Tier_1,store,16888.0,0.0,0,0.0,0,3.5,0.0,0,0,2026-08-21 02:53:19.75666+00
13923288,16200.0,9.692828247710418,Toyota,Prius,2012,14,100000.0,1,2000.0,1,Hybrid,Automatic,White,used,0,Mass_Market,Phnom Penh,Tier_1,individual,16200.0,0.0,0,0.0,0,0.0,0.0,0,0,2026-08-24 10:11:14.109778+00
13560856,18400.0,9.820160289946374,Toyota,Prius,2012,14,100000.0,1,2000.0,1,Hybrid,Automatic,White,used,1,Mass_Market,Phnom Penh,Tier_1,store,18400.0,0.0,0,0.0,0,93.4,0.0,1,0,2026-08-26 03:09:50.239161+00
13618412,18500.0,9.825580063659602,Toyota,Prius,2012,14,100000.0,1,2000.0,1,Hybrid,Automatic,White,used,0,Mass_Market,Phnom Penh,Tier_1,store,18500.0,0.0,0,0.0,0,79.5,0.0,1,0,2026-08-26 03:09:56.805097+00
13878765,17500.0,9.770013301136158,Toyota,Prius,2012,14,100000.0,1,2000.0,1,Hybrid,Automatic,Grey,used,0,Mass_Market,Phnom Penh,Tier_1,individual,17500.0,0.0,0,0.0,0,14.9,0.0,0,0,2026-08-27 12:10:41.842201+00
13838087,15500.0,9.648659816955295,Toyota,Prius,2012,14,100000.0,1,2000.0,1,Hybrid,Automatic,Green,used,1,Mass_Market,Phnom Penh,Tier_1,store,15500.0,0.0,0,0.0,0,23.8,0.0,0,0,2026-08-26 03:04:58.729513+00
13561919,16800.0,9.729193687429403,Toyota,Prius,2012,14,100000.0,1,2000.0,1,Petrol,Automatic,White,used,1,Mass_Market,Phnom Penh,Tier_1,store,16800.0,0.0,0,0.0,0,91.1,0.0,0,0,2026-08-24 10:11:07.045674+00
13635632,15800.0,9.6678285081515,Toyota,Prius,2012,14,100000.0,1,2000.0,1,Hybrid,Automatic,Other,used,0,Mass_Market,Phnom Penh,Tier_1,individual,15800.0,0.0,0,0.0,0,74.8,0.0,0,0,2026-08-25 10:20:33.632328+00
13929560,17600.0,9.77571099759397,Toyota,Prius,2011,15,100000.0,1,2000.0,1,Petrol,Automatic,White,used,0,Mass_Market,Phnom Penh,Tier_1,individual,17600.0,0.0,0,0.0,0,0.0,0.0,0,0,2026-08-26 03:01:45.234051+00
13886941,12000.0,9.392745258631441,Toyota,Prius,2007,19,100000.0,1,2000.0,1,Hybrid,Automatic,Grey,used,1,Mass_Market,Siem Reap,Tier_2,individual,12000.0,0.0,0,0.0,0,3.7,0.0,1,0,2026-08-18 10:19:02.521185+00
13762107,17950.0,9.79540110267107,Toyota,Prius,2012,14,100000.0,1,2000.0,1,Hybrid,Automatic,White,used,0,Mass_Market,Phnom Penh,Tier_1,store,17950.0,0.0,0,0.0,0,45.2,0.0,1,0,2026-08-27 12:19:25.623091+00
13853510,14900.0,9.60918360377546,Toyota,Prius,2012,14,100000.0,1,2000.0,1,Hybrid,Automatic,Grey,used,0,Mass_Market,Kandal,Tier_2,store,14900.0,0.0,0,0.0,0,19.5,0.0,0,0,2026-08-25 10:28:27.813393+00
13877853,10500.0,9.259225769705994,Toyota,Prius,2007,19,100000.0,1,2000.0,1,Petrol,Automatic,White,used,1,Mass_Market,Phnom Penh,Tier_1,store,10500.0,0.0,0,0.0,0,13.6,0.0,0,0,2026-08-26 03:07:50.929487+00
13692377,9800.0,9.19023970026918,Toyota,Prius,2007,19,100000.0,1,2000.0,1,Hybrid,Manual,Red,used,1,Mass_Market,Phnom Penh,Tier_1,store,9800.0,0.0,0,0.0,0,58.7,0.0,0,0,2026-08-23 02:52:45.531051+00
13926463,18000.0,9.798182590890704,Toyota,Prius,2012,14,100000.0,1,2000.0,1,Petrol,Automatic,Grey,used,1,Mass_Market,Takeo,Tier_3,individual,18000.0,0.0,0,0.0,0,0.0,0.0,0,0,2026-08-25 10:28:23.318502+00
13731247,16000.0,9.680406499268875,Toyota,Prius,2012,14,100000.0,1,2000.0,1,Hybrid,Automatic,Grey,used,0,Mass_Market,Phnom Penh,Tier_1,store,16000.0,0.0,0,0.0,0,53.0,0.0,0,0,2026-08-27 12:13:45.181642+00
13844288,9850.0,9.19532825185568,Toyota,Prius,2006,20,100000.0,1,2000.0,1,Hybrid,Automatic,Grey,used,1,Mass_Market,Phnom Penh,Tier_1,individual,9850.0,0.0,0,0.0,0,22.4,0.0,0,0,2026-08-26 02:56:41.067354+00
13528273,14900.0,9.60918360377546,Toyota,Prius,2012,14,100000.0,1,2000.0,1,Hybrid,Automatic,White,used,1,Mass_Market,Phnom Penh,Tier_1,store,14900.0,0.0,0,0.0,0,94.8,0.0,0,0,2026-08-20 08:37:32.536651+00
13908376,8250.0,9.018089684104343,Toyota,Prius,2006,20,100000.0,1,2000.0,1,Hybrid,Automatic,Unknown,used,1,Mass_Market,Phnom Penh,Tier_1,individual,8250.0,0.0,0,0.0,0,1.5,0.0,0,0,2026-08-22 02:44:41.416396+00
13860222,8200.0,9.012011377036412,Toyota,Prius,2006,20,100000.0,1,2000.0,1,Hybrid,Automatic,Unknown,used,1,Mass_Market,Preah Sihanouk,Tier_2,individual,8200.0,0.0,0,0.0,0,15.5,0.0,0,0,2026-08-23 02:53:10.568199+00
13681013,10200.0,9.23024103368252,Toyota,Prius,2006,20,100000.0,1,2000.0,1,Hybrid,Automatic,White,used,1,Mass_Market,Kandal,Tier_2,individual,10500.0,300.0,1,0.0,0,64.3,0.0,0,0,2026-08-26 03:08:48.49189+00
13829840,8999.0,9.104979856318357,Toyota,Prius,2006,20,100000.0,1,2000.0,1,Hybrid,Automatic,Unknown,used,1,Mass_Market,Phnom Penh,Tier_1,individual,8999.0,0.0,0,0.0,0,25.7,0.0,0,0,2026-08-25 10:20:26.813463+00
13872615,9300.0,9.137877200242468,Toyota,Prius,2006,20,100000.0,1,2000.0,1,Hybrid,Automatic,Silver,used,1,Mass_Market,Phnom Penh,Tier_1,individual,9300.0,0.0,0,0.0,0,16.2,0.0,1,0,2026-08-27 12:15:02.113081+00
13906047,8950.0,9.099520536870939,Toyota,Prius,2006,20,100000.0,1,2000.0,1,Hybrid,Automatic,Red,used,1,Mass_Market,Phnom Penh,Tier_1,individual,8950.0,0.0,0,0.0,0,7.6,0.0,0,0,2026-08-27 12:08:50.992705+00
13873582,9250.0,9.132486932771318,Toyota,Prius,2006,20,100000.0,1,2000.0,1,Hybrid,Automatic,Silver,used,1,Mass_Market,Phnom Penh,Tier_1,individual,9250.0,0.0,0,0.0,0,7.0,0.0,1,0,2026-08-18 10:19:06.250412+00
13911655,8800.0,9.082620630373812,Toyota,Prius,2006,20,100000.0,1,2000.0,1,Hybrid,Automatic,Gold,used,1,Mass_Market,Phnom Penh,Tier_1,store,8800.0,0.0,0,0.0,0,3.9,0.0,0,0,2026-08-25 10:26:48.582735+00
13896365,8600.0,9.059633754551479,Toyota,Prius,2006,20,100000.0,1,2000.0,1,Petrol,Manual,Blue,used,1,Mass_Market,Kandal,Tier_2,individual,8600.0,0.0,0,0.0,0,10.0,0.0,1,0,2026-08-27 12:08:17.121421+00
13392954,8900.0,9.093918908958932,Toyota,Prius,2006,20,100000.0,1,2000.0,1,Hybrid,Automatic,Red,used,1,Mass_Market,Phnom Penh,Tier_1,store,8900.0,0.0,0,0.0,0,139.9,0.0,0,0,2026-08-27 12:13:38.089353+00
13583522,11000.0,9.305741456739435,Toyota,Prius,2006,20,100000.0,1,2000.0,1,Hybrid,Automatic,White,used,1,Mass_Market,Phnom Penh,Tier_1,store,11000.0,0.0,0,0.0,0,88.3,0.0,1,0,2026-08-26 03:06:28.575307+00
13872986,10500.0,9.259225769705994,Toyota,Prius,2006,20,100000.0,1,2000.0,1,Hybrid,Automatic,White,used,1,Mass_Market,Phnom Penh,Tier_1,store,10500.0,0.0,0,0.0,0,16.1,0.0,0,0,2026-08-27 12:09:31.582941+00
13900721,11400.0,9.34145634983372,Toyota,Prius,2006,20,100000.0,1,2000.0,1,Hybrid,Automatic,Silver,used,0,Mass_Market,Phnom Penh,Tier_1,store,11400.0,0.0,0,0.0,0,3.6,0.0,0,0,2026-08-22 02:44:37.523112+00
13880577,9500.0,9.15915233520675,Toyota,Prius,2006,20,100000.0,1,2000.0,1,Hybrid,Automatic,Red,used,1,Mass_Market,Kandal,Tier_2,individual,9500.0,0.0,0,0.0,0,14.2,0.0,0,1,2026-08-27 12:19:15.270984+00
13837170,16800.0,9.729193687429403,Toyota,Prius,2012,14,100000.0,1,2000.0,1,Electric,Automatic,Silver,used,0,Mass_Market,Phnom Penh,Tier_1,store,16800.0,0.0,0,0.0,0,16.6,0.0,0,0,2026-08-18 10:19:06.251486+00
13391773,10400.0,9.249657234353133,Toyota,Prius,2006,20,100000.0,1,2000.0,1,Hybrid,Automatic,White,used,1,Mass_Market,Phnom Penh,Tier_1,store,10400.0,0.0,0,0.0,0,138.0,0.0,0,0,2026-08-25 10:22:19.12712+00
13764091,10500.0,9.259225769705994,Toyota,Prius,2006,20,100000.0,1,2000.0,1,Hybrid,Automatic,Silver,used,1,Mass_Market,Phnom Penh,Tier_1,individual,10500.0,0.0,0,0.0,0,43.5,0.0,0,0,2026-08-26 03:02:24.125862+00
13600455,10500.0,9.259225769705994,Toyota,Prius,2006,20,100000.0,1,2000.0,1,Hybrid,Automatic,White,used,1,Mass_Market,Phnom Penh,Tier_1,store,10500.0,0.0,0,0.0,0,83.7,0.0,0,0,2026-08-26 03:06:18.784498+00
13927006,10799.0,9.287301413112312,Toyota,Prius,2006,20,100000.0,1,2000.0,1,Hybrid,Automatic,Silver,used,1,Mass_Market,Siem Reap,Tier_2,individual,10799.0,0.0,0,0.0,0,0.0,0.0,0,1,2026-08-25 10:22:56.984711+00
13912937,9100.0,9.116139576577355,Toyota,Prius,2006,20,100000.0,1,2000.0,1,Hybrid,Automatic,Green,used,1,Mass_Market,Phnom Penh,Tier_1,individual,9100.0,0.0,0,0.0,0,1.4,0.0,0,0,2026-08-23 02:53:08.835772+00
13813663,9300.0,9.137877200242468,Toyota,Prius,2006,20,100000.0,1,2000.0,1,Hybrid,Automatic,Gold,used,1,Mass_Market,Phnom Penh,Tier_1,store,9300.0,0.0,0,0.0,0,31.7,0.0,0,0,2026-08-27 12:10:10.927832+00
13896173,9400.0,9.148571345578551,Toyota,Prius,2006,20,100000.0,1,2000.0,1,Hybrid,Automatic,Silver,used,1,Mass_Market,Phnom Penh,Tier_1,store,9400.0,0.0,0,0.0,0,8.7,0.0,0,0,2026-08-26 03:07:51.585895+00
13909560,11500.0,9.350189267092581,Toyota,Prius,2006,20,100000.0,1,2000.0,1,Hybrid,Automatic,White,used,1,Mass_Market,Phnom Penh,Tier_1,store,11500.0,0.0,0,0.0,0,5.2,0.0,1,0,2026-08-26 03:06:37.202003+00
13883335,8500.0,9.04793908261736,Toyota,Prius,2006,20,100000.0,1,2000.0,1,Diesel,Automatic,Red,used,1,Mass_Market,Phnom Penh,Tier_1,individual,8500.0,0.0,0,0.0,0,3.6,0.0,0,1,2026-08-17 08:50:55.878277+00
13908708,9200.0,9.127067452782361,Toyota,Prius,2006,20,100000.0,1,2000.0,1,Hybrid,Automatic,Blue,used,1,Mass_Market,Phnom Penh,Tier_1,individual,9200.0,0.0,0,0.0,0,0.0,0.0,0,0,2026-08-20 08:37:27.815519+00
13923463,9600.0,9.169622538697624,Toyota,Prius,2006,20,100000.0,1,2000.0,1,Petrol,Automatic,Gold,used,1,Mass_Market,Phnom Penh,Tier_1,individual,9600.0,0.0,0,0.0,0,0.0,0.0,1,0,2026-08-24 10:11:07.045674+00
13886267,8500.0,9.04793908261736,Toyota,Prius,2006,20,100000.0,1,2000.0,1,Hybrid,Automatic,Silver,used,1,Mass_Market,Phnom Penh,Tier_1,individual,8500.0,0.0,0,0.0,0,10.8,0.0,0,0,2026-08-25 10:22:13.46358+00
13861902,9300.0,9.137877200242468,Toyota,Prius,2006,20,100000.0,1,2000.0,1,Hybrid,Automatic,Silver,used,1,Mass_Market,Phnom Penh,Tier_1,store,9300.0,0.0,0,0.0,0,10.1,0.0,1,0,2026-08-18 10:18:57.649847+00
13870255,10550.0,9.263975921142093,Toyota,Prius,2006,20,100000.0,1,2000.0,1,Petrol,Automatic,Silver,used,1,Mass_Market,Phnom Penh,Tier_1,store,10550.0,0.0,0,0.0,0,14.9,0.0,0,0,2026-08-25 10:27:33.176771+00
13839018,9500.0,9.15915233520675,Toyota,Prius,2006,20,100000.0,1,2000.0,1,Hybrid,Automatic,Green,used,1,Mass_Market,Phnom Penh,Tier_1,individual,9500.0,0.0,0,0.0,0,23.6,0.0,0,0,2026-08-26 03:05:37.779733+00
13883483,9300.0,9.137877200242468,Toyota,Prius,2006,20,100000.0,1,2000.0,1,Hybrid,Automatic,Red,used,1,Mass_Market,Phnom Penh,Tier_1,store,9300.0,0.0,0,0.0,0,12.3,0.0,0,0,2026-08-26 03:08:17.22223+00
13905202,10700.0,9.278092474027002,Toyota,Prius,2006,20,100000.0,1,2000.0,1,Hybrid,Automatic,White,used,1,Mass_Market,Phnom Penh,Tier_1,individual,10700.0,0.0,0,0.0,0,7.9,0.0,0,0,2026-08-27 12:15:05.542289+00
13820238,9350.0,9.143238568435446,Toyota,Prius,2006,20,100000.0,1,2000.0,1,Hybrid,Automatic,Green,used,1,Mass_Market,Phnom Penh,Tier_1,individual,9350.0,0.0,0,0.0,0,28.7,0.0,0,0,2026-08-26 03:04:52.553218+00
13926940,9200.0,9.127067452782361,Toyota,Prius,2006,20,100000.0,1,2000.0,1,Hybrid,Automatic,Gold,used,1,Mass_Market,Phnom Penh,Tier_1,store,9200.0,0.0,0,0.0,0,0.0,0.0,0,0,2026-08-25 10:23:26.797325+00
13887483,11300.0,9.332646496360152,Toyota,Prius,2006,20,100000.0,1,2000.0,1,Petrol,Automatic,White,used,1,Mass_Market,Phnom Penh,Tier_1,individual,11300.0,0.0,0,0.0,0,3.6,0.0,0,0,2026-08-18 10:19:03.459664+00
13502081,16200.0,9.692828247710418,Toyota,Prius,2012,14,100000.0,1,2000.0,1,Hybrid,Automatic,White,used,1,Mass_Market,Phnom Penh,Tier_1,individual,16200.0,0.0,0,0.0,0,108.1,0.0,0,0,2026-08-27 12:07:02.254071+00
13892106,9500.0,9.15915233520675,Toyota,Prius,2006,20,100000.0,1,2000.0,1,Hybrid,Automatic,Unknown,used,1,Mass_Market,Phnom Penh,Tier_1,individual,9500.0,0.0,0,0.0,0,4.7,0.0,0,0,2026-08-21 02:53:04.839164+00
13898122,8600.0,9.059633754551479,Toyota,Prius,2006,20,100000.0,1,2000.0,1,Petrol,Automatic,Gold,used,1,Mass_Market,Siem Reap,Tier_2,individual,8600.0,0.0,0,0.0,0,9.7,0.0,0,0,2026-08-27 12:19:34.523104+00
13901609,11800.0,9.375939552625749,Toyota,Prius,2006,20,100000.0,1,2000.0,1,Hybrid,Automatic,White,used,1,Mass_Market,Siem Reap,Tier_2,individual,11800.0,0.0,0,0.0,0,0.0,0.0,0,0,2026-08-18 10:18:59.537238+00
13921680,7850.0,8.968396191198256,Toyota,Prius,2006,20,100000.0,1,2000.0,1,Hybrid,Automatic,Silver,used,1,Mass_Market,Phnom Penh,Tier_1,individual,7850.0,0.0,0,0.0,0,1.0,0.0,1,0,2026-08-25 10:16:14.496786+00
13304892,8900.0,9.093918908958932,Toyota,Prius,2006,20,100000.0,1,2000.0,1,Hybrid,Automatic,Gold,used,1,Mass_Market,Phnom Penh,Tier_1,individual,8900.0,0.0,0,0.0,0,160.6,0.0,1,0,2026-08-26 03:06:25.930535+00
13903499,18900.0,9.846970109700957,Toyota,Prius,2012,14,100000.0,1,2000.0,1,Hybrid,Automatic,Unknown,used,0,Mass_Market,Phnom Penh,Tier_1,store,18900.0,0.0,0,0.0,0,0.0,0.0,1,0,2026-08-19 02:48:03.344759+00
13935708,9200.0,9.127067452782361,Toyota,Prius,2006,20,100000.0,1,2000.0,1,Petrol,Automatic,Red,used,1,Mass_Market,Phnom Penh,Tier_1,individual,9200.0,0.0,0,0.0,0,0.0,0.0,1,0,2026-08-27 12:16:45.064977+00
13887289,8600.0,9.059633754551479,Toyota,Prius,2006,20,100000.0,1,2000.0,1,Petrol,Automatic,Red,used,1,Mass_Market,Phnom Penh,Tier_1,individual,8600.0,0.0,0,0.0,0,6.3,0.0,1,0,2026-08-21 02:53:08.537483+00
13756887,8888.0,9.092569836241674,Toyota,Prius,2006,20,100000.0,1,2000.0,1,Hybrid,Automatic,Red,used,1,Mass_Market,Phnom Penh,Tier_1,individual,8888.0,0.0,0,0.0,0,44.9,0.0,0,0,2026-08-25 10:23:08.736063+00
13747744,9500.0,9.15915233520675,Toyota,Prius,2007,19,100000.0,1,2000.0,1,Hybrid,Automatic,Gold,used,1,Mass_Market,Phnom Penh,Tier_1,store,9500.0,0.0,0,0.0,0,38.9,0.0,0,0,2026-08-17 08:51:02.645676+00
13929810,9800.0,9.19023970026918,Toyota,Prius,2006,20,100000.0,1,2000.0,1,Hybrid,Automatic,Green,used,1,Mass_Market,Phnom Penh,Tier_1,store,9800.0,0.0,0,0.0,0,1.1,0.0,0,0,2026-08-27 12:14:06.246816+00
13328178,9300.0,9.137877200242468,Toyota,Prius,2006,20,100000.0,1,2000.0,1,Petrol,Automatic,Gold,used,1,Mass_Market,Phnom Penh,Tier_1,store,9300.0,0.0,0,0.0,0,156.2,0.0,0,0,2026-08-27 12:09:25.31152+00
13847603,8900.0,9.093918908958932,Toyota,Prius,2007,19,100000.0,1,2000.0,1,Hybrid,Automatic,Red,used,1,Mass_Market,Phnom Penh,Tier_1,store,8900.0,0.0,0,0.0,0,12.8,0.0,0,0,2026-08-17 08:50:57.836801+00
13531310,12000.0,9.392745258631441,Toyota,Prius,2006,20,100000.0,1,2000.0,1,Petrol,Automatic,White,used,1,Mass_Market,Phnom Penh,Tier_1,individual,12000.0,0.0,0,0.0,0,101.1,0.0,1,0,2026-08-27 12:19:04.879031+00
13683584,9300.0,9.137877200242468,Toyota,Prius,2006,20,100000.0,1,2000.0,1,Hybrid,Automatic,Gold,used,1,Mass_Market,Phnom Penh,Tier_1,store,9300.0,0.0,0,0.0,0,60.6,0.0,0,0,2026-08-23 02:53:17.437582+00
13817868,9900.0,9.200391041122515,Toyota,Prius,2006,20,100000.0,1,2000.0,1,Hybrid,Automatic,Grey,used,0,Mass_Market,Phnom Penh,Tier_1,store,9900.0,0.0,0,0.0,0,28.6,0.0,1,0,2026-08-25 10:21:55.966045+00
13915618,8400.0,9.036106025364846,Toyota,Prius,2006,20,100000.0,1,2000.0,1,Hybrid,Automatic,Silver,used,1,Mass_Market,Phnom Penh,Tier_1,store,8400.0,0.0,0,0.0,0,4.9,0.0,1,0,2026-08-27 12:19:57.725875+00
13794060,9504.0,9.15957325492253,Toyota,Prius,2006,20,100000.0,1,2000.0,1,Hybrid,Automatic,Unknown,used,1,Mass_Market,Phnom Penh,Tier_1,individual,9504.0,0.0,0,0.0,0,35.6,0.0,0,0,2026-08-26 03:03:06.569784+00
13875212,9500.0,9.15915233520675,Toyota,Prius,2006,20,100000.0,1,2000.0,1,Hybrid,Automatic,Green,used,1,Mass_Market,Phnom Penh,Tier_1,store,9500.0,0.0,0,0.0,0,15.8,0.0,0,0,2026-08-27 12:09:30.911959+00
13904107,25500.0,10.146472946063877,Toyota,Prius,2017,9,100000.0,1,2000.0,1,Hybrid,Automatic,White,used,0,Mass_Market,Phnom Penh,Tier_1,store,25500.0,0.0,0,0.0,0,6.6,0.0,0,0,2026-08-26 03:00:39.912042+00
13908421,24900.0,10.122663242288953,Toyota,Prius,2017,9,100000.0,1,2000.0,1,Hybrid,Automatic,White,used,0,Mass_Market,Phnom Penh,Tier_1,store,24900.0,0.0,0,0.0,0,0.0,0.0,0,0,2026-08-20 08:37:44.218911+00
13760510,29950.0,10.307317991967832,Toyota,Prius,2017,9,100000.0,1,2000.0,1,Hybrid,Automatic,White,used,0,Mass_Market,Phnom Penh,Tier_1,store,29950.0,0.0,0,0.0,0,45.9,0.0,0,0,2026-08-27 12:07:32.541526+00
13863836,22999.0,10.043249494911286,Toyota,Prius,2017,9,100000.0,1,2000.0,1,Hybrid,Automatic,Silver,used,1,Mass_Market,Phnom Penh,Tier_1,individual,23499.0,500.0,1,0.0,0,18.9,0.0,0,0,2026-08-27 12:11:14.568157+00
13594091,27500.0,10.221977646629885,Toyota,Prius,2017,9,100000.0,1,2000.0,1,Hybrid,Automatic,White,used,1,Mass_Market,Phnom Penh,Tier_1,store,27500.0,0.0,0,0.0,0,86.8,0.0,0,0,2026-08-27 12:12:28.09361+00
13923261,21500.0,9.975854724662028,Toyota,Prius,2017,9,100000.0,1,2000.0,1,Hybrid,Automatic,Grey,used,0,Mass_Market,Phnom Penh,Tier_1,store,21500.0,0.0,0,0.0,0,0.0,0.0,0,0,2026-08-24 10:11:15.247243+00
13901747,22500.0,10.021315031649332,Toyota,Prius,2017,9,100000.0,1,2000.0,1,Hybrid,Automatic,Unknown,used,0,Mass_Market,Phnom Penh,Tier_1,individual,22500.0,0.0,0,0.0,0,0.0,0.0,0,1,2026-08-18 10:18:55.824097+00
13920177,23900.0,10.081675578048475,Toyota,Prius,2017,9,100000.0,1,2000.0,1,Hybrid,Automatic,Grey,used,1,Mass_Market,Phnom Penh,Tier_1,individual,23900.0,0.0,0,0.0,0,3.6,0.0,0,0,2026-08-27 12:08:40.199015+00
13696086,27500.0,10.221977646629885,Toyota,Prius,2017,9,100000.0,1,2000.0,1,Hybrid,Automatic,White,used,1,Mass_Market,Phnom Penh,Tier_1,individual,27500.0,0.0,0,0.0,0,55.7,0.0,0,0,2026-08-21 02:53:17.467166+00
13927045,23500.0,10.064798252418377,Toyota,Prius,2017,9,100000.0,1,2000.0,1,Hybrid,Automatic,Unknown,used,0,Mass_Market,Phnom Penh,Tier_1,store,23500.0,0.0,0,0.0,0,0.0,0.0,0,0,2026-08-25 10:22:14.268834+00
13574083,31800.0,10.367253014814716,Toyota,Prius,2017,9,100000.0,1,2000.0,1,Hybrid,Automatic,Unknown,used,0,Mass_Market,Phnom Penh,Tier_1,store,31800.0,0.0,0,0.0,0,91.8,0.0,0,0,2026-08-27 12:12:58.799046+00
13793674,23000.0,10.043292972227004,Toyota,Prius,2017,9,100000.0,1,2000.0,1,Hybrid,Automatic,Silver,used,1,Mass_Market,Phnom Penh,Tier_1,individual,23000.0,0.0,0,0.0,0,34.0,0.0,0,0,2026-08-24 10:11:09.075067+00
13804969,26500.0,10.184937747111391,Toyota,Prius,2017,9,100000.0,1,2000.0,1,Hybrid,Automatic,Unknown,used,0,Mass_Market,Phnom Penh,Tier_1,store,26500.0,0.0,0,0.0,0,25.7,0.0,0,0,2026-08-19 02:48:22.30237+00
13648308,19500.0,9.87822102528824,Toyota,Prius,2017,9,100000.0,1,2000.0,1,Hybrid,Automatic,Grey,used,0,Mass_Market,Phnom Penh,Tier_1,store,19500.0,0.0,0,0.0,0,72.3,0.0,0,0,2026-08-26 03:04:40.622503+00
13881827,26800.0,10.196194479235656,Toyota,Prius,2017,9,100000.0,1,2000.0,1,Hybrid,Automatic,White,used,0,Mass_Market,Phnom Penh,Tier_1,store,26800.0,0.0,0,0.0,0,11.9,0.0,0,0,2026-08-25 10:14:13.720661+00
13904911,2400.0,7.783640596221253,Toyota,Prius,2017,9,100000.0,1,2000.0,1,Hybrid,Automatic,White,used,1,Mass_Market,Phnom Penh,Tier_1,individual,2400.0,0.0,0,0.0,0,5.8,0.0,0,1,2026-08-25 10:21:52.617614+00
13647244,26000.0,10.165890277802454,Toyota,Prius,2017,9,100000.0,1,2000.0,1,Petrol,Automatic,White,used,0,Mass_Market,Phnom Penh,Tier_1,store,26000.0,0.0,0,0.0,0,71.8,0.0,0,0,2026-08-25 10:20:18.827452+00
13918720,15500.0,9.648659816955295,Toyota,Prius,2012,14,100000.0,1,2000.0,1,Petrol,Automatic,White,used,1,Mass_Market,Kandal,Tier_2,individual,15500.0,0.0,0,0.0,0,1.9,0.0,0,0,2026-08-25 10:18:03.518659+00
13924242,25800.0,10.158168529848494,Toyota,Prius,2017,9,100000.0,1,2000.0,1,Electric,Automatic,Grey,used,0,Mass_Market,Phnom Penh,Tier_1,store,25800.0,0.0,0,0.0,0,1.2,0.0,0,0,2026-08-26 03:02:54.985277+00
13712474,26500.0,10.184937747111391,Toyota,Prius,2017,9,100000.0,1,2000.0,1,Hybrid,Automatic,Grey,used,0,Mass_Market,Phnom Penh,Tier_1,store,26500.0,0.0,0,0.0,0,55.9,0.0,0,0,2026-08-25 10:28:35.216175+00
13341666,15500.0,9.648659816955295,Toyota,Prius,2012,14,100000.0,1,2000.0,1,Hybrid,Automatic,Black,used,0,Mass_Market,Phnom Penh,Tier_1,store,17000.0,1500.0,1,0.0,0,151.7,0.0,1,0,2026-08-26 02:59:55.48757+00
13858475,9800.0,9.19023970026918,Toyota,Prius,2007,19,100000.0,1,2000.0,1,Hybrid,Automatic,Gold,used,1,Mass_Market,Phnom Penh,Tier_1,store,9800.0,0.0,0,0.0,0,20.1,0.0,0,0,2026-08-27 12:07:44.036405+00
13904457,22900.0,10.038935856711177,Toyota,Prius,2016,10,100000.0,1,2000.0,1,Hybrid,Automatic,White,used,0,Mass_Market,Phnom Penh,Tier_1,store,22900.0,0.0,0,0.0,0,8.0,0.0,1,0,2026-08-27 12:13:36.331499+00
13727253,8800.0,9.082620630373812,Toyota,Prius,2007,19,100000.0,1,2000.0,1,Hybrid,Automatic,Blue,used,1,Mass_Market,Phnom Penh,Tier_1,individual,8800.0,0.0,0,0.0,0,54.1,0.0,0,1,2026-08-27 12:06:24.877074+00
13892224,10500.0,9.259225769705994,Toyota,Prius,2007,19,100000.0,1,2000.0,1,Petrol,Automatic,Silver,used,1,Mass_Market,Phnom Penh,Tier_1,store,10500.0,0.0,0,0.0,0,2.7,0.0,0,0,2026-08-19 02:48:01.899754+00
13911170,10800.0,9.287394001418473,Toyota,Prius,2007,19,100000.0,1,2000.0,1,Hybrid,Automatic,White,used,1,Mass_Market,Kandal,Tier_2,individual,10800.0,0.0,0,0.0,0,4.0,0.0,0,0,2026-08-25 10:28:43.111371+00
13518081,20500.0,9.928228944424575,Toyota,Prius,2012,14,100000.0,1,2000.0,1,Hybrid,Automatic,White,used,0,Mass_Market,Phnom Penh,Tier_1,store,20500.0,0.0,0,0.0,0,104.7,0.0,1,0,2026-08-27 12:07:33.653809+00
13782551,11250.0,9.328212292571072,Toyota,Prius,2007,19,100000.0,1,2000.0,1,Hybrid,Automatic,Silver,used,1,Mass_Market,Phnom Penh,Tier_1,individual,11250.0,0.0,0,0.0,0,33.7,0.0,0,0,2026-08-21 02:53:17.466496+00
13723552,8800.0,9.082620630373812,Toyota,Prius,2007,19,100000.0,1,2000.0,1,Hybrid,Automatic,Red,used,1,Mass_Market,Battambang,Tier_2,individual,8800.0,0.0,0,0.0,0,53.7,0.0,1,0,2026-08-26 03:00:24.695747+00
13777566,9500.0,9.15915233520675,Toyota,Prius,2007,19,100000.0,1,2000.0,1,Hybrid,Automatic,Silver,used,1,Mass_Market,Kandal,Tier_2,individual,9500.0,0.0,0,0.0,0,31.5,0.0,0,0,2026-08-17 08:51:05.447921+00
13878304,11700.0,9.367429587218957,Toyota,Prius,2007,19,100000.0,1,2000.0,1,Hybrid,Automatic,Grey,used,1,Mass_Market,Phnom Penh,Tier_1,individual,11700.0,0.0,0,0.0,0,9.5,0.0,0,0,2026-08-22 02:44:41.414847+00
13872450,9500.0,9.15915233520675,Toyota,Prius,2007,19,100000.0,1,2000.0,1,Hybrid,Automatic,Red,used,1,Mass_Market,Phnom Penh,Tier_1,individual,9500.0,0.0,0,0.0,0,16.2,0.0,1,0,2026-08-27 12:08:55.840768+00
13707145,9950.0,9.205428327615163,Toyota,Prius,2007,19,100000.0,1,2000.0,1,Hybrid,Automatic,Green,used,1,Mass_Market,Phnom Penh,Tier_1,store,9950.0,0.0,0,0.0,0,54.8,0.0,0,0,2026-08-23 02:53:17.436995+00
13888225,9600.0,9.169622538697624,Toyota,Prius,2007,19,100000.0,1,2000.0,1,Hybrid,Automatic,Green,used,1,Mass_Market,Phnom Penh,Tier_1,store,9600.0,0.0,0,0.0,0,10.8,0.0,1,0,2026-08-26 03:03:11.078111+00
13909871,9300.0,9.137877200242468,Toyota,Prius,2007,19,100000.0,1,2000.0,1,Hybrid,Automatic,Gold,used,1,Mass_Market,Phnom Penh,Tier_1,individual,9300.0,0.0,0,0.0,0,3.4,0.0,0,0,2026-08-24 10:11:20.285707+00
13868412,27000.0,10.203629181337648,Toyota,Prius,2021,5,100000.0,1,2000.0,1,Hybrid,Automatic,White,used,0,Mass_Market,Phnom Penh,Tier_1,store,27000.0,0.0,0,0.0,0,10.8,0.0,0,0,2026-08-21 02:53:27.390736+00
13923556,24999.0,10.126631103850338,Toyota,Prius,2021,5,100000.0,1,2000.0,1,Hybrid,Automatic,White,used,0,Mass_Market,Phnom Penh,Tier_1,store,24999.0,0.0,0,0.0,0,2.8,0.0,0,0,2026-08-27 12:12:17.070247+00
13868416,26800.0,10.196194479235656,Toyota,Prius,2021,5,100000.0,1,2000.0,1,Hybrid,Automatic,White,used,0,Mass_Market,Phnom Penh,Tier_1,store,26800.0,0.0,0,0.0,0,10.8,0.0,0,0,2026-08-21 02:53:27.390954+00
13677069,7800.0,8.962007209588313,Toyota,Prius,2004,22,100000.0,1,2000.0,1,Hybrid,Automatic,Red,used,1,Mass_Market,Phnom Penh,Tier_1,store,7800.0,0.0,0,0.0,0,66.5,0.0,0,0,2026-08-27 12:18:00.475186+00
13765197,7400.0,8.909370405197466,Toyota,Prius,2004,22,100000.0,1,2000.0,1,Hybrid,Automatic,Silver,used,1,Mass_Market,Phnom Penh,Tier_1,store,7400.0,0.0,0,0.0,0,43.3,0.0,0,0,2026-08-26 03:09:54.650245+00
13880603,6900.0,8.839421607620602,Toyota,Prius,2004,22,100000.0,1,2000.0,1,Hybrid,Automatic,Unknown,used,1,Mass_Market,Phnom Penh,Tier_1,store,6900.0,0.0,0,0.0,0,4.0,0.0,1,0,2026-08-17 08:50:55.878277+00
13935774,7750.0,8.955577146281511,Toyota,Prius,2004,22,100000.0,1,2000.0,1,Petrol,Automatic,White,used,1,Mass_Market,Siem Reap,Tier_2,individual,7750.0,0.0,0,0.0,0,0.0,0.0,0,0,2026-08-27 12:15:37.1403+00
13884124,7350.0,8.902591637374087,Toyota,Prius,2004,22,100000.0,1,2000.0,1,Hybrid,Automatic,Silver,used,1,Mass_Market,Phnom Penh,Tier_1,individual,7350.0,0.0,0,0.0,0,11.8,0.0,1,0,2026-08-26 02:57:12.397122+00
13854114,7300.0,8.895766604056085,Toyota,Prius,2004,22,100000.0,1,2000.0,1,Petrol,Automatic,Red,used,1,Mass_Market,Phnom Penh,Tier_1,individual,7300.0,0.0,0,0.0,0,12.8,0.0,1,0,2026-08-19 02:48:04.750175+00
13918227,7400.0,8.909370405197466,Toyota,Prius,2004,22,100000.0,1,2000.0,1,Hybrid,Automatic,Silver,used,1,Mass_Market,Battambang,Tier_2,individual,7400.0,0.0,0,0.0,0,1.9,0.0,0,0,2026-08-25 10:28:21.298162+00
13815784,7500.0,8.922791623969637,Toyota,Prius,2004,22,100000.0,1,2000.0,1,Hybrid,Automatic,White,used,1,Mass_Market,Kampong Cham,Tier_2,store,7500.0,0.0,0,0.0,0,31.0,0.0,0,0,2026-08-27 12:18:12.329187+00
13936151,7500.0,8.922791623969637,Toyota,Prius,2004,22,100000.0,1,2000.0,1,Hybrid,Automatic,White,used,1,Mass_Market,Kampong Cham,Tier_2,individual,7500.0,0.0,0,0.0,0,0.0,0.0,0,0,2026-08-27 12:13:52.746727+00
13856675,6400.0,8.764209507142004,Toyota,Prius,2004,22,100000.0,1,2000.0,1,Hybrid,Automatic,Silver,used,1,Mass_Market,Phnom Penh,Tier_1,individual,6400.0,0.0,0,0.0,0,20.8,0.0,1,0,2026-08-27 12:19:22.152299+00
13291003,18500.0,9.825580063659602,Toyota,Prius,2012,14,100000.0,1,2000.0,1,Hybrid,Automatic,Blue,used,0,Mass_Market,Phnom Penh,Tier_1,store,18500.0,0.0,0,0.0,0,158.7,0.0,0,0,2026-08-21 02:53:11.211533+00
13935691,18500.0,9.825580063659602,Toyota,Prius,2012,14,100000.0,1,2000.0,1,Hybrid,Automatic,White,used,1,Mass_Market,Phnom Penh,Tier_1,individual,18500.0,0.0,0,0.0,0,0.0,0.0,1,0,2026-08-27 12:17:10.367758+00
13507910,9200.0,9.127067452782361,Toyota,Prius,2004,22,100000.0,1,2000.0,1,Hybrid,Automatic,White,used,1,Mass_Market,Phnom Penh,Tier_1,individual,9200.0,0.0,0,0.0,0,107.0,0.0,0,0,2026-08-27 12:14:49.241196+00
13910841,7900.0,8.974744612722734,Toyota,Prius,2004,22,100000.0,1,2000.0,1,Hybrid,Automatic,Green,used,1,Mass_Market,Phnom Penh,Tier_1,individual,7900.0,0.0,0,0.0,0,1.7,0.0,0,0,2026-08-23 02:53:08.834596+00
13904931,8450.0,9.042040056544483,Toyota,Prius,2004,22,100000.0,1,2000.0,1,Hybrid,Automatic,Unknown,used,1,Mass_Market,Phnom Penh,Tier_1,individual,8450.0,0.0,0,0.0,0,3.5,0.0,1,0,2026-08-23 02:52:53.724599+00
13344615,7900.0,8.974744612722734,Toyota,Prius,2004,22,100000.0,1,2000.0,1,Hybrid,Automatic,White,used,1,Mass_Market,Siem Reap,Tier_2,store,7900.0,0.0,0,0.0,0,150.0,0.0,0,0,2026-08-25 10:16:18.670601+00
13856094,7000.0,8.853808274977197,Toyota,Prius,2004,22,100000.0,1,2000.0,1,Hybrid,Automatic,Gold,used,1,Mass_Market,Phnom Penh,Tier_1,store,7000.0,0.0,0,0.0,0,19.5,0.0,0,0,2026-08-26 03:09:08.825918+00
13672295,8900.0,9.093918908958932,Toyota,Prius,2004,22,100000.0,1,2000.0,1,Hybrid,Automatic,White,used,1,Mass_Market,Phnom Penh,Tier_1,individual,8900.0,0.0,0,0.0,0,59.5,0.0,0,0,2026-08-19 02:48:20.914144+00
13905498,7900.0,8.974744612722734,Toyota,Prius,2004,22,100000.0,1,2000.0,1,Hybrid,Automatic,Silver,used,1,Mass_Market,Phnom Penh,Tier_1,individual,7900.0,0.0,0,0.0,0,3.4,0.0,0,0,2026-08-23 02:52:53.722747+00
13908523,7600.0,8.936035096566041,Toyota,Prius,2004,22,100000.0,1,2000.0,1,Hybrid,Automatic,White,used,1,Mass_Market,Phnom Penh,Tier_1,individual,7600.0,0.0,0,0.0,0,0.0,0.0,0,0,2026-08-20 08:37:39.455959+00
13917217,7500.0,8.922791623969637,Toyota,Prius,2004,22,100000.0,1,2000.0,1,Hybrid,Automatic,Red,used,1,Mass_Market,Phnom Penh,Tier_1,individual,7500.0,0.0,0,0.0,0,2.1,0.0,0,0,2026-08-25 10:18:28.853384+00
13873852,9250.0,9.132486932771318,Toyota,Prius,2004,22,100000.0,1,2000.0,1,Hybrid,Automatic,Unknown,used,1,Mass_Market,Phnom Penh,Tier_1,store,9250.0,0.0,0,0.0,0,13.9,0.0,1,0,2026-08-25 10:17:53.088155+00
13936408,6200.0,8.732465848349879,Toyota,Prius,2004,22,100000.0,1,2000.0,1,Hybrid,Automatic,Silver,used,1,Mass_Market,Phnom Penh,Tier_1,individual,6200.0,0.0,0,0.0,0,0.0,0.0,0,0,2026-08-27 12:10:11.637095+00
13892177,7900.0,8.974744612722734,Toyota,Prius,2004,22,100000.0,1,2000.0,1,Petrol,Automatic,Silver,used,1,Mass_Market,Phnom Penh,Tier_1,store,7900.0,0.0,0,0.0,0,11.1,0.0,0,0,2026-08-27 12:12:11.742926+00
13888289,8200.0,9.012011377036412,Toyota,Prius,2004,22,100000.0,1,2000.0,1,Hybrid,Automatic,Red,used,1,Mass_Market,Phnom Penh,Tier_1,individual,8200.0,0.0,0,0.0,0,9.1,0.0,0,0,2026-08-24 10:11:02.977543+00
13935519,6300.0,8.748463629942055,Toyota,Prius,2004,22,100000.0,1,2000.0,1,Hybrid,Automatic,Silver,used,1,Mass_Market,Phnom Penh,Tier_1,individual,6300.0,0.0,0,0.0,0,0.0,0.0,0,0,2026-08-27 12:18:52.608411+00
13743533,18800.0,9.841665338892785,Toyota,Prius,2010,16,100000.0,1,2000.0,1,Hybrid,Automatic,White,used,0,Mass_Market,Phnom Penh,Tier_1,store,18800.0,0.0,0,0.0,0,48.6,0.0,0,0,2026-08-26 03:07:25.705701+00
13655263,16500.0,9.711176264112805,Toyota,Prius,2010,16,100000.0,1,2000.0,1,Hybrid,Automatic,White,used,1,Mass_Market,Battambang,Tier_2,individual,16500.0,0.0,0,0.0,0,61.8,0.0,1,0,2026-08-17 08:51:06.479952+00
13743343,16700.0,9.723223876851618,Toyota,Prius,2010,16,100000.0,1,2000.0,1,Hybrid,Automatic,White,used,1,Mass_Market,Kandal,Tier_2,individual,16700.0,0.0,0,0.0,0,41.7,0.0,1,0,2026-08-19 02:48:06.125021+00
13926464,17600.0,9.77571099759397,Toyota,Prius,2010,16,100000.0,1,2000.0,1,Hybrid,Automatic,White,used,0,Mass_Market,Phnom Penh,Tier_1,store,17600.0,0.0,0,0.0,0,0.0,0.0,0,0,2026-08-25 10:28:22.71249+00
13832073,13500.0,9.510519035757246,Toyota,Prius,2010,16,100000.0,1,2000.0,1,Hybrid,Automatic,Gold,used,1,Mass_Market,Kandal,Tier_2,individual,13500.0,0.0,0,0.0,0,16.9,0.0,0,1,2026-08-17 08:51:00.754488+00
13923942,15500.0,9.648659816955295,Toyota,Prius,2010,16,100000.0,1,2000.0,1,Hybrid,Automatic,Unknown,used,1,Mass_Market,Phnom Penh,Tier_1,individual,15500.0,0.0,0,0.0,0,1.3,0.0,1,0,2026-08-26 03:02:49.193397+00
13935498,12600.0,9.441531454869693,Toyota,Prius,2010,16,100000.0,1,2000.0,1,Hybrid,Automatic,Gold,used,1,Mass_Market,Kampong Speu,Tier_3,individual,12600.0,0.0,0,0.0,0,0.0,0.0,0,0,2026-08-27 12:19:16.495179+00
13928511,14900.0,9.60918360377546,Toyota,Prius,2010,16,100000.0,1,2000.0,1,Hybrid,Automatic,Grey,used,1,Mass_Market,Siem Reap,Tier_2,individual,14900.0,0.0,0,0.0,0,1.7,0.0,1,0,2026-08-27 12:13:53.83886+00
13384547,19900.0,9.898525260706313,Toyota,Prius,2010,16,100000.0,1,2000.0,1,Hybrid,Automatic,Unknown,used,0,Mass_Market,Phnom Penh,Tier_1,store,19900.0,0.0,0,0.0,0,140.6,0.0,0,0,2026-08-26 03:08:53.62099+00
13920874,14900.0,9.60918360377546,Toyota,Prius,2010,16,100000.0,1,2000.0,1,Hybrid,Automatic,White,used,1,Mass_Market,Phnom Penh,Tier_1,individual,14900.0,0.0,0,0.0,0,1.1,0.0,0,0,2026-08-25 10:20:23.124706+00
13836774,15555.0,9.652201695275638,Toyota,Prius,2010,16,100000.0,1,2000.0,1,Hybrid,Automatic,Silver,used,0,Mass_Market,Phnom Penh,Tier_1,store,15555.0,0.0,0,0.0,0,19.4,0.0,0,0,2026-08-21 02:53:19.757693+00
13614375,18300.0,9.814710982145282,Toyota,Prius,2010,16,100000.0,1,2000.0,1,Hybrid,Automatic,White,used,0,Mass_Market,Phnom Penh,Tier_1,store,18300.0,0.0,0,0.0,0,82.0,0.0,1,0,2026-08-27 12:18:34.256242+00
13749966,14500.0,9.581972891547895,Toyota,Prius,2010,16,100000.0,1,2000.0,1,Hybrid,Automatic,Red,used,1,Mass_Market,Phnom Penh,Tier_1,store,14500.0,0.0,0,0.0,0,43.3,0.0,0,0,2026-08-22 02:44:59.594881+00
13844490,13999.0,9.546812608597396,Toyota,Prius,2010,16,100000.0,1,2000.0,1,Hybrid,Automatic,White,used,1,Mass_Market,Phnom Penh,Tier_1,store,13999.0,0.0,0,0.0,0,22.4,0.0,0,0,2026-08-26 03:08:23.090073+00
13916395,16500.0,9.711176264112805,Toyota,Prius,2010,16,100000.0,1,2000.0,1,Hybrid,Automatic,Gold,used,1,Mass_Market,Kampong Cham,Tier_2,individual,16500.0,0.0,0,0.0,0,2.6,0.0,1,0,2026-08-25 10:14:56.613687+00
13929452,16300.0,9.69898173460629,Toyota,Prius,2010,16,100000.0,1,2000.0,1,Hybrid,Automatic,White,used,0,Mass_Market,Phnom Penh,Tier_1,store,16300.0,0.0,0,0.0,0,0.0,0.0,1,0,2026-08-26 03:06:03.1871+00
13863419,14800.0,9.60245002503719,Toyota,Prius,2010,16,100000.0,1,2000.0,1,Hybrid,Automatic,Silver,used,1,Mass_Market,Phnom Penh,Tier_1,store,14800.0,0.0,0,0.0,0,19.0,0.0,0,0,2026-08-27 12:08:45.282229+00
13863906,14800.0,9.60245002503719,Toyota,Prius,2010,16,100000.0,1,2000.0,1,Hybrid,Automatic,Red,used,1,Mass_Market,Phnom Penh,Tier_1,store,14800.0,0.0,0,0.0,0,17.5,0.0,1,0,2026-08-26 03:08:59.609085+00
13901641,14500.0,9.581972891547895,Toyota,Prius,2010,16,100000.0,1,2000.0,1,Hybrid,Automatic,Silver,used,1,Mass_Market,Phnom Penh,Tier_1,store,14500.0,0.0,0,0.0,0,7.4,0.0,1,0,2026-08-26 03:07:52.787903+00
13732321,14900.0,9.60918360377546,Toyota,Prius,2010,16,100000.0,1,2000.0,1,Hybrid,Automatic,White,used,0,Mass_Market,Phnom Penh,Tier_1,store,14900.0,0.0,0,0.0,0,50.8,0.0,1,0,2026-08-25 10:29:18.400543+00
13903440,15800.0,9.6678285081515,Toyota,Prius,2010,16,100000.0,1,2000.0,1,Hybrid,Automatic,Yellow,used,1,Mass_Market,Phnom Penh,Tier_1,store,15800.0,0.0,0,0.0,0,0.0,0.0,1,0,2026-08-19 02:48:06.124113+00
13935520,14700.0,9.595670797663967,Toyota,Prius,2010,16,100000.0,1,2000.0,1,Hybrid,Automatic,Grey,used,1,Mass_Market,Phnom Penh,Tier_1,individual,14700.0,0.0,0,0.0,0,0.0,0.0,0,0,2026-08-27 12:18:52.038922+00
13651431,16700.0,9.723223876851618,Toyota,Prius,2010,16,100000.0,1,2000.0,1,Hybrid,Automatic,Silver,used,1,Mass_Market,Kandal,Tier_2,individual,16700.0,0.0,0,0.0,0,64.5,0.0,0,0,2026-08-19 02:48:06.124803+00
13914005,16900.0,9.735128070758227,Toyota,Prius,2010,16,100000.0,1,2000.0,1,Hybrid,Automatic,Unknown,used,0,Mass_Market,Phnom Penh,Tier_1,store,16900.0,0.0,0,0.0,0,0.0,0.0,1,0,2026-08-22 02:44:57.043665+00
13923136,14750.0,9.599066156080049,Toyota,Prius,2010,16,100000.0,1,2000.0,1,Hybrid,Automatic,Unknown,used,1,Mass_Market,Phnom Penh,Tier_1,individual,14750.0,0.0,0,0.0,0,0.0,0.0,0,0,2026-08-24 10:11:18.273739+00
13929499,16500.0,9.711176264112805,Toyota,Prius,2010,16,100000.0,1,2000.0,1,Hybrid,Automatic,White,used,0,Mass_Market,Phnom Penh,Tier_1,store,16500.0,0.0,0,0.0,0,0.0,0.0,0,0,2026-08-26 03:03:08.118276+00
13471583,16850.0,9.732165281200542,Toyota,Prius,2010,16,100000.0,1,2000.0,1,Petrol,Automatic,White,used,1,Mass_Market,Phnom Penh,Tier_1,store,16850.0,0.0,0,0.0,0,116.0,0.0,0,0,2026-08-27 12:09:22.253407+00
13874148,15500.0,9.648659816955295,Toyota,Prius,2010,16,100000.0,1,2000.0,1,Hybrid,Automatic,Grey,used,1,Mass_Market,Phnom Penh,Tier_1,store,15500.0,0.0,0,0.0,0,13.9,0.0,0,0,2026-08-25 10:29:32.686337+00
13874197,16950.0,9.738082108118487,Toyota,Prius,2010,16,100000.0,1,2000.0,1,Hybrid,Automatic,White,used,0,Mass_Market,Phnom Penh,Tier_1,store,17300.0,350.0,1,0.0,0,13.9,0.0,1,0,2026-08-25 10:12:43.717778+00
13926879,17950.0,9.79540110267107,Toyota,Prius,2010,16,100000.0,1,2000.0,1,Hybrid,Automatic,White,used,0,Mass_Market,Phnom Penh,Tier_1,store,17950.0,0.0,0,0.0,0,0.0,0.0,0,0,2026-08-25 10:24:18.635216+00
13927026,14750.0,9.599066156080049,Toyota,Prius,2010,16,100000.0,1,2000.0,1,Hybrid,Automatic,White,used,1,Mass_Market,Phnom Penh,Tier_1,individual,14750.0,0.0,0,0.0,0,0.0,0.0,0,0,2026-08-25 10:22:34.802609+00
13220424,15800.0,9.6678285081515,Toyota,Prius,2010,16,100000.0,1,2000.0,1,Hybrid,Automatic,Unknown,used,1,Mass_Market,Phnom Penh,Tier_1,store,15800.0,0.0,0,0.0,0,180.0,0.0,1,0,2026-08-24 10:11:11.100588+00
13759411,13900.0,9.539716058977092,Toyota,Prius,2010,16,100000.0,1,2000.0,1,Hybrid,Automatic,Grey,used,0,Mass_Market,Phnom Penh,Tier_1,store,13900.0,0.0,0,0.0,0,46.1,0.0,1,0,2026-08-27 12:13:16.135117+00
13556317,18000.0,9.798182590890704,Toyota,Prius,2010,16,100000.0,1,2000.0,1,Hybrid,Automatic,White,used,0,Mass_Market,Phnom Penh,Tier_1,store,18000.0,0.0,0,0.0,0,96.0,0.0,0,0,2026-08-27 12:12:29.274524+00
13859998,14900.0,9.60918360377546,Toyota,Prius,2010,16,100000.0,1,2000.0,1,Hybrid,Automatic,White,used,1,Mass_Market,Phnom Penh,Tier_1,individual,14900.0,0.0,0,0.0,0,11.5,0.0,1,0,2026-08-19 02:48:08.835538+00
13616748,15800.0,9.6678285081515,Toyota,Prius,2010,16,100000.0,1,2000.0,1,Hybrid,Automatic,Grey,used,1,Mass_Market,Phnom Penh,Tier_1,store,15800.0,0.0,0,0.0,0,79.1,0.0,0,0,2026-08-25 10:22:01.287589+00
13603191,15900.0,9.674137279312397,Toyota,Prius,2010,16,100000.0,1,2000.0,1,Hybrid,Automatic,Grey,used,1,Mass_Market,Tboung Khmum,Tier_3,store,15900.0,0.0,0,0.0,0,83.4,0.0,0,0,2026-08-26 03:03:29.603377+00
13762493,17998.0,9.798071479779479,Toyota,Prius,2010,16,100000.0,1,2000.0,1,Petrol,Automatic,White,used,0,Mass_Market,Phnom Penh,Tier_1,individual,17998.0,0.0,0,0.0,0,38.7,0.0,0,0,2026-08-21 02:53:17.469962+00
13791478,16800.0,9.729193687429403,Toyota,Prius,2010,16,100000.0,1,2000.0,1,Hybrid,Automatic,Silver,used,0,Mass_Market,Phnom Penh,Tier_1,store,16800.0,0.0,0,0.0,0,32.3,0.0,0,0,2026-08-22 02:44:37.525355+00
13936162,15900.0,9.674137279312397,Toyota,Prius,2010,16,100000.0,1,2000.0,1,Hybrid,Automatic,Yellow,used,1,Mass_Market,Phnom Penh,Tier_1,individual,15900.0,0.0,0,0.0,0,0.0,0.0,1,0,2026-08-27 12:13:46.478051+00
13845438,12650.0,9.44549154241467,Toyota,Prius,2010,16,100000.0,1,2000.0,1,Hybrid,Automatic,Gold,used,1,Mass_Market,Takeo,Tier_3,individual,12650.0,0.0,0,0.0,0,20.1,0.0,0,0,2026-08-24 10:11:05.982263+00
13874276,16500.0,9.711176264112805,Toyota,Prius,2010,16,100000.0,1,2000.0,1,Hybrid,Automatic,White,used,1,Mass_Market,Phnom Penh,Tier_1,individual,16500.0,0.0,0,0.0,0,8.8,0.0,0,0,2026-08-20 08:37:32.5397+00
13892054,14300.0,9.568084743872936,Toyota,Prius,2010,16,100000.0,1,2000.0,1,Hybrid,Automatic,White,used,0,Mass_Market,Kandal,Tier_2,store,14300.0,0.0,0,0.0,0,11.1,0.0,0,0,2026-08-27 12:15:04.225275+00
13728956,14900.0,9.60918360377546,Toyota,Prius,2010,16,100000.0,1,2000.0,1,Hybrid,Automatic,White,used,0,Mass_Market,Phnom Penh,Tier_1,store,14900.0,0.0,0,0.0,0,51.8,0.0,1,0,2026-08-25 10:27:58.648515+00
13912483,14500.0,9.581972891547895,Toyota,Prius,2010,16,100000.0,1,2000.0,1,Hybrid,Automatic,Gold,used,0,Mass_Market,Phnom Penh,Tier_1,individual,14500.0,0.0,0,0.0,0,4.5,0.0,0,0,2026-08-26 03:06:47.563005+00
13837507,13900.0,9.539716058977092,Toyota,Prius,2010,16,100000.0,1,2000.0,1,Hybrid,Automatic,Gold,used,1,Mass_Market,Phnom Penh,Tier_1,store,13900.0,0.0,0,0.0,0,25.6,0.0,0,0,2026-08-27 12:16:51.673166+00
13903509,14500.0,9.581972891547895,Toyota,Prius,2010,16,100000.0,1,2000.0,1,Hybrid,Automatic,Unknown,used,1,Mass_Market,Phnom Penh,Tier_1,individual,14500.0,0.0,0,0.0,0,0.0,0.0,0,0,2026-08-19 02:48:01.901244+00
13913969,15800.0,9.6678285081515,Toyota,Prius,2010,16,100000.0,1,2000.0,1,Hybrid,Automatic,White,used,1,Mass_Market,Phnom Penh,Tier_1,store,15800.0,0.0,0,0.0,0,3.7,0.0,1,0,2026-08-26 02:58:55.352007+00
13917568,13599.0,9.517825071724143,Toyota,Prius,2010,16,100000.0,1,2000.0,1,Hybrid,Automatic,Silver,used,1,Mass_Market,Phnom Penh,Tier_1,individual,13599.0,0.0,0,0.0,0,0.0,0.0,0,0,2026-08-23 02:53:12.301882+00
13932331,14800.0,9.60245002503719,Toyota,Prius,2010,16,100000.0,1,2000.0,1,Hybrid,Automatic,White,used,1,Mass_Market,Phnom Penh,Tier_1,individual,14800.0,0.0,0,0.0,0,0.8,0.0,0,0,2026-08-27 12:06:16.62481+00
13935964,14750.0,9.599066156080049,Toyota,Prius,2010,16,100000.0,1,2000.0,1,Hybrid,Automatic,White,used,1,Mass_Market,Phnom Penh,Tier_1,individual,14750.0,0.0,0,0.0,0,0.0,0.0,0,0,2026-08-27 12:14:48.12172+00
13912018,17400.0,9.76428295481558,Toyota,Prius,2010,16,100000.0,1,2000.0,1,Hybrid,Automatic,White,used,0,Mass_Market,Kandal,Tier_2,store,17400.0,0.0,0,0.0,0,4.5,0.0,0,0,2026-08-26 03:07:11.126431+00
13286868,18500.0,9.825580063659602,Toyota,Prius,2010,16,100000.0,1,2000.0,1,Hybrid,Automatic,White,used,0,Mass_Market,Phnom Penh,Tier_1,store,18500.0,0.0,0,0.0,0,164.1,0.0,0,0,2026-08-25 10:14:14.390622+00
13929373,14750.0,9.599066156080049,Toyota,Prius,2010,16,100000.0,1,2000.0,1,Hybrid,Automatic,White,used,1,Mass_Market,Phnom Penh,Tier_1,individual,14750.0,0.0,0,0.0,0,0.0,0.0,0,0,2026-08-26 03:09:53.406542+00
13670759,15950.0,9.677276802172448,Toyota,Prius,2010,16,100000.0,1,2000.0,1,Petrol,Automatic,White,used,1,Mass_Market,Phnom Penh,Tier_1,store,15950.0,0.0,0,0.0,0,63.7,0.0,0,0,2026-08-23 02:53:17.436429+00
13731593,17500.0,9.770013301136158,Toyota,Prius,2010,16,100000.0,1,2000.0,1,Hybrid,Automatic,White,used,1,Mass_Market,Phnom Penh,Tier_1,individual,17500.0,0.0,0,0.0,0,53.0,0.0,0,0,2026-08-27 12:11:24.908047+00
13801417,17200.0,9.75272280064639,Toyota,Prius,2010,16,100000.0,1,2000.0,1,Hybrid,Automatic,White,used,0,Mass_Market,Phnom Penh,Tier_1,individual,17200.0,0.0,0,0.0,0,35.1,0.0,0,1,2026-08-27 12:13:54.41956+00
13852352,17900.0,9.792611856190192,Toyota,Prius,2010,16,100000.0,1,2000.0,1,Hybrid,Automatic,White,used,0,Mass_Market,Phnom Penh,Tier_1,store,17900.0,0.0,0,0.0,0,20.4,0.0,1,0,2026-08-26 03:02:34.6033+00
13813678,15500.0,9.648659816955295,Toyota,Prius,2010,16,100000.0,1,2000.0,1,Hybrid,Automatic,White,used,1,Mass_Market,Phnom Penh,Tier_1,store,15500.0,0.0,0,0.0,0,31.7,0.0,1,0,2026-08-27 12:10:12.337258+00
13923243,15900.0,9.674137279312397,Toyota,Prius,2010,16,100000.0,1,2000.0,1,Hybrid,Automatic,Grey,used,1,Mass_Market,Phnom Penh,Tier_1,store,15900.0,0.0,0,0.0,0,2.8,0.0,1,0,2026-08-27 12:12:59.910955+00
13785359,16000.0,9.680406499268875,Toyota,Prius,2010,16,100000.0,1,2000.0,1,Electric,Automatic,White,used,1,Mass_Market,Phnom Penh,Tier_1,store,16000.0,0.0,0,0.0,0,37.1,0.0,0,0,2026-08-25 10:23:06.759892+00
13898325,17350.0,9.761405420601672,Toyota,Prius,2010,16,100000.0,1,2000.0,1,Hybrid,Automatic,White,used,1,Mass_Market,Phnom Penh,Tier_1,individual,17350.0,0.0,0,0.0,0,7.5,0.0,1,0,2026-08-25 10:23:22.735063+00
13936265,13500.0,9.510519035757246,Toyota,Prius,2010,16,100000.0,1,2000.0,1,Hybrid,Automatic,Gold,used,1,Mass_Market,Kandal,Tier_2,store,13500.0,0.0,0,0.0,0,0.0,0.0,1,0,2026-08-27 12:12:26.957926+00
13460324,17800.0,9.787009914477434,Toyota,Prius,2010,16,100000.0,1,2000.0,1,Hybrid,Automatic,Yellow,used,0,Mass_Market,Phnom Penh,Tier_1,store,17800.0,0.0,0,0.0,0,117.0,0.0,0,0,2026-08-25 10:24:36.652391+00
13833925,17900.0,9.792611856190192,Toyota,Prius,2010,16,100000.0,1,2000.0,1,Hybrid,Automatic,White,used,0,Mass_Market,Phnom Penh,Tier_1,store,17900.0,0.0,0,0.0,0,24.7,0.0,1,0,2026-08-25 10:25:50.467119+00
13929475,15900.0,9.674137279312397,Toyota,Prius,2010,16,100000.0,1,2000.0,1,Hybrid,Automatic,Black,used,0,Mass_Market,Phnom Penh,Tier_1,store,15900.0,0.0,0,0.0,0,0.0,0.0,1,0,2026-08-26 03:04:35.89551+00
13535908,18300.0,9.814710982145282,Toyota,Prius,2010,16,100000.0,1,2000.0,1,Hybrid,Automatic,White,used,0,Mass_Market,Phnom Penh,Tier_1,store,18300.0,0.0,0,0.0,0,100.6,0.0,1,0,2026-08-27 12:07:17.199942+00
13926950,17700.0,9.781376414141157,Toyota,Prius,2010,16,100000.0,1,2000.0,1,Hybrid,Automatic,Grey,used,0,Mass_Market,Phnom Penh,Tier_1,store,17700.0,0.0,0,0.0,0,0.0,0.0,0,0,2026-08-25 10:23:24.184215+00
13555494,18888.0,9.84633502103182,Toyota,Prius,2010,16,100000.0,1,2000.0,1,Hybrid,Automatic,White,used,1,Mass_Market,Phnom Penh,Tier_1,store,18888.0,0.0,0,0.0,0,90.7,0.0,1,0,2026-08-22 02:44:52.992935+00
13764615,14500.0,9.581972891547895,Toyota,Prius,2010,16,100000.0,1,2000.0,1,Hybrid,Automatic,Gold,used,1,Mass_Market,Phnom Penh,Tier_1,individual,14500.0,0.0,0,0.0,0,43.5,0.0,1,0,2026-08-26 02:56:36.68635+00
13767269,18800.0,9.841665338892785,Toyota,Prius,2010,16,100000.0,1,2000.0,1,Hybrid,Automatic,White,used,0,Mass_Market,Phnom Penh,Tier_1,store,18800.0,0.0,0,0.0,0,36.9,0.0,1,0,2026-08-20 08:37:48.536471+00
13904168,14800.0,9.60245002503719,Toyota,Prius,2010,16,100000.0,1,2000.0,1,Hybrid,Automatic,Black,used,1,Mass_Market,Phnom Penh,Tier_1,individual,14800.0,0.0,0,0.0,0,1.6,0.0,0,0,2026-08-21 02:53:21.10395+00
13921348,18000.0,9.798182590890704,Toyota,Prius,2013,13,100000.0,1,2000.0,1,Hybrid,Automatic,Red,used,0,Mass_Market,Phnom Penh,Tier_1,individual,18000.0,0.0,0,0.0,0,1.0,0.0,1,0,2026-08-25 10:20:08.872233+00
13535120,21800.0,9.989711119284745,Toyota,Prius,2013,13,100000.0,1,2000.0,1,Hybrid,Automatic,White,used,0,Mass_Market,Phnom Penh,Tier_1,store,21800.0,0.0,0,0.0,0,100.8,0.0,0,0,2026-08-27 12:11:43.113575+00
13889232,16000.0,9.680406499268875,Toyota,Prius,2013,13,100000.0,1,2000.0,1,Hybrid,Automatic,White,used,0,Mass_Market,Siem Reap,Tier_2,store,16000.0,0.0,0,0.0,0,6.6,0.0,0,0,2026-08-22 02:44:52.994385+00
13763034,19000.0,9.852246888342531,Toyota,Prius,2013,13,100000.0,1,2000.0,1,Hybrid,Automatic,White,used,0,Mass_Market,Phnom Penh,Tier_1,store,19000.0,0.0,0,0.0,0,45.1,0.0,0,0,2026-08-27 12:10:15.793807+00
13623442,17900.0,9.792611856190192,Toyota,Prius,2012,14,100000.0,1,2000.0,1,Hybrid,Automatic,Grey,used,0,Mass_Market,Phnom Penh,Tier_1,store,17900.0,0.0,0,0.0,0,79.7,0.0,1,0,2026-08-27 12:07:48.939734+00
13767058,15900.0,9.674137279312397,Toyota,Prius,2013,13,100000.0,1,2000.0,1,Hybrid,Automatic,White,used,1,Mass_Market,Preah Sihanouk,Tier_2,individual,15900.0,0.0,0,0.0,0,42.0,0.0,1,0,2026-08-25 10:20:28.668737+00
13809519,19499.0,9.878169744551839,Toyota,Prius,2013,13,100000.0,1,2000.0,1,Hybrid,Automatic,White,used,1,Mass_Market,Phnom Penh,Tier_1,store,19499.0,0.0,0,0.0,0,28.6,0.0,0,0,2026-08-23 02:53:08.833312+00
13406929,19500.0,9.87822102528824,Toyota,Prius,2013,13,100000.0,1,2000.0,1,Diesel,Automatic,White,used,1,Mass_Market,Phnom Penh,Tier_1,store,19500.0,0.0,0,0.0,0,130.7,0.0,0,0,2026-08-25 10:27:06.56948+00
13885975,17500.0,9.770013301136158,Toyota,Prius,2013,13,100000.0,1,2000.0,1,Hybrid,Automatic,Unknown,used,0,Mass_Market,Phnom Penh,Tier_1,store,17500.0,0.0,0,0.0,0,4.5,0.0,1,1,2026-08-19 02:48:12.663668+00
13789663,17500.0,9.770013301136158,Toyota,Prius,2013,13,100000.0,1,2000.0,1,Hybrid,Automatic,Grey,used,1,Mass_Market,Kandal,Tier_2,individual,17500.0,0.0,0,0.0,0,27.9,0.0,0,0,2026-08-17 08:51:05.442815+00
13508738,19800.0,9.893487720457795,Toyota,Prius,2013,13,100000.0,1,2000.0,1,Hybrid,Automatic,Yellow,used,0,Mass_Market,Phnom Penh,Tier_1,store,19800.0,0.0,0,0.0,0,99.7,0.0,0,0,2026-08-20 08:37:29.395075+00
13868859,16900.0,9.735128070758227,Toyota,Prius,2013,13,100000.0,1,2000.0,1,Hybrid,Automatic,Green,used,0,Mass_Market,Phnom Penh,Tier_1,store,16900.0,0.0,0,0.0,0,17.1,0.0,1,0,2026-08-27 12:19:23.854237+00
13921958,16800.0,9.729193687429403,Toyota,Prius,2013,13,100000.0,1,2000.0,1,Hybrid,Automatic,Grey,used,0,Mass_Market,Phnom Penh,Tier_1,store,16800.0,0.0,0,0.0,0,1.6,0.0,0,0,2026-08-26 03:00:56.778809+00
13688535,17800.0,9.787009914477434,Toyota,Prius,2013,13,100000.0,1,2000.0,1,Hybrid,Automatic,White,used,0,Mass_Market,Phnom Penh,Tier_1,individual,17800.0,0.0,0,0.0,0,56.8,0.0,1,0,2026-08-20 08:37:39.447565+00
13847610,20500.0,9.928228944424575,Toyota,Prius,2013,13,100000.0,1,2000.0,1,Hybrid,Automatic,White,used,0,Mass_Market,Phnom Penh,Tier_1,store,20500.0,0.0,0,0.0,0,12.8,0.0,0,0,2026-08-17 08:50:55.875272+00
13767664,19500.0,9.87822102528824,Toyota,Prius,2013,13,100000.0,1,2000.0,1,Hybrid,Automatic,Grey,used,0,Mass_Market,Phnom Penh,Tier_1,store,19500.0,0.0,0,0.0,0,44.0,0.0,0,0,2026-08-27 12:17:48.881462+00
13804584,17900.0,9.792611856190192,Toyota,Prius,2013,13,100000.0,1,2000.0,1,Hybrid,Automatic,White,used,1,Mass_Market,Phnom Penh,Tier_1,individual,17900.0,0.0,0,0.0,0,32.8,0.0,0,0,2026-08-26 03:04:36.554929+00
13926493,18900.0,9.846970109700957,Toyota,Prius,2013,13,100000.0,1,2000.0,1,Hybrid,Automatic,White,used,0,Mass_Market,Phnom Penh,Tier_1,store,18900.0,0.0,0,0.0,0,0.0,0.0,0,0,2026-08-25 10:28:13.378731+00
13929457,19500.0,9.87822102528824,Toyota,Prius,2013,13,100000.0,1,2000.0,1,Petrol,Automatic,White,used,1,Mass_Market,Preah Sihanouk,Tier_2,individual,19500.0,0.0,0,0.0,0,0.0,0.0,0,0,2026-08-26 03:05:49.410321+00
13854759,20200.0,9.913487387114461,Toyota,Prius,2013,13,100000.0,1,2000.0,1,Hybrid,Automatic,White,used,0,Mass_Market,Phnom Penh,Tier_1,individual,20200.0,0.0,0,0.0,0,18.0,0.0,0,0,2026-08-24 10:11:10.064377+00
13768628,18000.0,9.798182590890704,Toyota,Prius,2013,13,100000.0,1,2000.0,1,Hybrid,Automatic,Grey,used,0,Mass_Market,Phnom Penh,Tier_1,store,18000.0,0.0,0,0.0,0,43.9,0.0,0,0,2026-08-27 12:11:27.805545+00
13698222,16700.0,9.723223876851618,Toyota,Prius,2013,13,100000.0,1,2000.0,1,Hybrid,Automatic,Grey,used,0,Mass_Market,Phnom Penh,Tier_1,store,16700.0,0.0,0,0.0,0,61.9,0.0,0,0,2026-08-27 12:13:34.533952+00
13876742,16999.0,9.740968623038354,Toyota,Prius,2013,13,100000.0,1,2000.0,1,Hybrid,Automatic,White,used,1,Mass_Market,Phnom Penh,Tier_1,individual,16999.0,0.0,0,0.0,0,12.1,0.0,0,0,2026-08-24 10:11:14.109778+00
13884086,16777.0,9.72782378340624,Toyota,Prius,2013,13,100000.0,1,2000.0,1,Hybrid,Automatic,White,used,0,Mass_Market,Phnom Penh,Tier_1,store,16777.0,0.0,0,0.0,0,6.8,0.0,0,0,2026-08-21 02:53:07.209309+00
13895605,17900.0,9.792611856190192,Toyota,Prius,2013,13,100000.0,1,2000.0,1,Hybrid,Automatic,Silver,used,0,Mass_Market,Phnom Penh,Tier_1,store,17900.0,0.0,0,0.0,0,8.7,0.0,0,0,2026-08-26 03:06:25.216304+00
13793771,17800.0,9.787009914477434,Toyota,Prius,2013,13,100000.0,1,2000.0,1,Hybrid,Automatic,Silver,used,0,Mass_Market,Phnom Penh,Tier_1,store,17800.0,0.0,0,0.0,0,35.0,0.0,0,0,2026-08-25 10:29:29.338574+00
13819652,19700.0,9.888424674859083,Toyota,Prius,2013,13,100000.0,1,2000.0,1,Hybrid,Automatic,White,used,1,Mass_Market,Phnom Penh,Tier_1,individual,19700.0,0.0,0,0.0,0,30.1,0.0,1,0,2026-08-27 12:14:11.105539+00
13883502,19000.0,9.852246888342531,Toyota,Prius,2013,13,100000.0,1,2000.0,1,Hybrid,Automatic,White,used,1,Mass_Market,Phnom Penh,Tier_1,store,19000.0,0.0,0,0.0,0,12.3,0.0,0,0,2026-08-26 03:08:14.638589+00
13622630,17800.0,9.787009914477434,Toyota,Prius,2013,13,100000.0,1,2000.0,1,Hybrid,Automatic,White,used,0,Mass_Market,Phnom Penh,Tier_1,store,17800.0,0.0,0,0.0,0,77.8,0.0,1,0,2026-08-25 10:28:31.104195+00
13526233,19999.0,9.903487552536127,Toyota,Prius,2013,13,100000.0,1,2000.0,1,Hybrid,Automatic,White,used,0,Mass_Market,Phnom Penh,Tier_1,store,19999.0,0.0,0,0.0,0,102.6,0.0,0,0,2026-08-27 12:17:49.434799+00
13731131,17000.0,9.741027444837728,Toyota,Prius,2013,13,100000.0,1,2000.0,1,Hybrid,Automatic,White,used,0,Mass_Market,Phnom Penh,Tier_1,store,17000.0,0.0,0,0.0,0,53.1,0.0,0,0,2026-08-27 12:13:48.187583+00
13357980,19000.0,9.852246888342531,Toyota,Prius,2013,13,100000.0,1,2000.0,1,Hybrid,Automatic,White,used,1,Mass_Market,Phnom Penh,Tier_1,individual,19000.0,0.0,0,0.0,0,140.3,0.0,0,0,2026-08-19 02:48:23.681305+00
13826451,16200.0,9.692828247710418,Toyota,Prius,2013,13,100000.0,1,2000.0,1,Hybrid,Automatic,White,used,0,Mass_Market,Phnom Penh,Tier_1,store,16200.0,0.0,0,0.0,0,28.5,0.0,0,0,2026-08-27 12:18:12.998343+00
13309731,18900.0,9.846970109700957,Toyota,Prius,2013,13,100000.0,1,2000.0,1,Petrol,Automatic,White,used,0,Mass_Market,Phnom Penh,Tier_1,individual,18900.0,0.0,0,0.0,0,161.0,0.0,0,0,2026-08-27 12:13:26.431275+00
13756675,17500.0,9.770013301136158,Toyota,Prius,2012,14,100000.0,1,2000.0,1,Hybrid,Automatic,Grey,used,0,Mass_Market,Phnom Penh,Tier_1,store,17500.0,0.0,0,0.0,0,47.0,0.0,0,0,2026-08-27 12:07:57.396268+00
13591347,12900.0,9.465060106725137,Toyota,Prius,2013,13,100000.0,1,2000.0,1,Hybrid,Automatic,White,used,0,Mass_Market,Phnom Penh,Tier_1,store,12900.0,0.0,0,0.0,0,87.2,0.0,0,1,2026-08-27 12:19:06.670821+00
13839532,16500.0,9.711176264112805,Toyota,Prius,2013,13,100000.0,1,2000.0,1,Hybrid,Automatic,White,used,0,Mass_Market,Phnom Penh,Tier_1,store,16500.0,0.0,0,0.0,0,23.5,0.0,0,0,2026-08-26 03:05:50.106336+00
13818320,17800.0,9.787009914477434,Toyota,Prius,2013,13,100000.0,1,2000.0,1,Electric,Automatic,Grey,used,0,Mass_Market,Phnom Penh,Tier_1,store,17800.0,0.0,0,0.0,0,29.2,0.0,0,0,2026-08-26 03:03:38.073062+00
13887767,14500.0,9.581972891547895,Toyota,Prius,2013,13,100000.0,1,2000.0,1,Hybrid,Automatic,Silver,used,0,Mass_Market,Siem Reap,Tier_2,store,14500.0,0.0,0,0.0,0,7.2,0.0,0,0,2026-08-22 02:44:51.796554+00
13843672,16300.0,9.69898173460629,Toyota,Prius,2012,14,100000.0,1,2000.0,1,Hybrid,Automatic,Green,used,0,Mass_Market,Phnom Penh,Tier_1,store,16300.0,0.0,0,0.0,0,23.9,0.0,1,0,2026-08-27 12:12:30.44655+00
13935718,19500.0,9.87822102528824,Toyota,Prius,2013,13,100000.0,1,2000.0,1,Hybrid,Automatic,White,used,1,Mass_Market,Phnom Penh,Tier_1,store,19500.0,0.0,0,0.0,0,0.0,0.0,0,0,2026-08-27 12:16:27.252194+00
13764966,17200.0,9.75272280064639,Toyota,Prius,2013,13,100000.0,1,2000.0,1,Hybrid,Automatic,White,used,0,Mass_Market,Phnom Penh,Tier_1,store,17200.0,0.0,0,0.0,0,44.8,0.0,0,0,2026-08-27 12:18:20.378062+00
13926530,18200.0,9.809231816610408,Toyota,Prius,2013,13,100000.0,1,2000.0,1,Electric,Automatic,Grey,used,0,Mass_Market,Phnom Penh,Tier_1,store,18200.0,0.0,0,0.0,0,0.0,0.0,0,0,2026-08-25 10:27:49.145619+00
13931915,17800.0,9.787009914477434,Toyota,Prius,2013,13,100000.0,1,2000.0,1,Hybrid,Automatic,White,used,1,Mass_Market,Phnom Penh,Tier_1,individual,17800.0,0.0,0,0.0,0,0.8,0.0,0,0,2026-08-27 12:15:58.96621+00
13795367,15500.0,9.648659816955295,Toyota,Prius,2013,13,100000.0,1,2000.0,1,Hybrid,Automatic,Green,used,1,Mass_Market,Phnom Penh,Tier_1,individual,15500.0,0.0,0,0.0,0,26.7,0.0,0,1,2026-08-17 08:50:59.838451+00
13883479,17300.0,9.758519582283522,Toyota,Prius,2013,13,100000.0,1,2000.0,1,Hybrid,Automatic,Black,used,0,Mass_Market,Phnom Penh,Tier_1,store,17300.0,0.0,0,0.0,0,12.3,0.0,0,0,2026-08-26 03:08:18.612532+00
13660311,19900.0,9.898525260706313,Toyota,Prius,2013,13,100000.0,1,2000.0,1,Hybrid,Automatic,White,used,0,Mass_Market,Phnom Penh,Tier_1,store,19900.0,0.0,0,0.0,0,68.8,0.0,1,0,2026-08-25 10:25:20.992195+00
13579211,17800.0,9.787009914477434,Toyota,Prius,2013,13,100000.0,1,2000.0,1,Hybrid,Automatic,Silver,used,0,Mass_Market,Phnom Penh,Tier_1,store,17800.0,0.0,0,0.0,0,89.3,0.0,0,0,2026-08-26 03:08:23.774313+00
13907829,16900.0,9.735128070758227,Toyota,Prius,2013,13,100000.0,1,2000.0,1,Hybrid,Automatic,Grey,used,0,Mass_Market,Phnom Penh,Tier_1,individual,16900.0,0.0,0,0.0,0,7.0,0.0,0,0,2026-08-27 12:05:33.843027+00
13910783,17900.0,9.792611856190192,Toyota,Prius,2013,13,100000.0,1,2000.0,1,Hybrid,Automatic,Silver,used,0,Mass_Market,Phnom Penh,Tier_1,store,17900.0,0.0,0,0.0,0,4.7,0.0,0,0,2026-08-26 03:06:24.637361+00
13906056,17600.0,9.77571099759397,Toyota,Prius,2013,13,100000.0,1,2000.0,1,Electric,Automatic,White,used,1,Mass_Market,Phnom Penh,Tier_1,store,17800.0,200.0,1,0.0,0,7.6,0.0,0,0,2026-08-27 12:16:27.878289+00
13916074,14800.0,9.60245002503719,Toyota,Prius,2013,13,100000.0,1,2000.0,1,Hybrid,Automatic,Black,used,1,Mass_Market,Phnom Penh,Tier_1,individual,14800.0,0.0,0,0.0,0,2.7,0.0,1,0,2026-08-25 10:17:12.391247+00
13929490,16900.0,9.735128070758227,Toyota,Prius,2012,14,100000.0,1,2000.0,1,Hybrid,Automatic,Grey,used,0,Mass_Market,Phnom Penh,Tier_1,store,16900.0,0.0,0,0.0,0,0.0,0.0,0,0,2026-08-26 03:03:50.182141+00
13927566,16500.0,9.711176264112805,Toyota,Prius,2013,13,100000.0,1,2000.0,1,Hybrid,Automatic,White,used,1,Mass_Market,Phnom Penh,Tier_1,individual,16500.0,0.0,0,0.0,0,0.0,0.0,0,0,2026-08-25 10:16:13.163478+00
13797526,16800.0,9.729193687429403,Toyota,Prius,2013,13,100000.0,1,2000.0,1,Electric,Automatic,Green,used,1,Mass_Market,Phnom Penh,Tier_1,store,16800.0,0.0,0,0.0,0,36.1,0.0,0,0,2026-08-27 12:09:50.268674+00
13858767,17400.0,9.76428295481558,Toyota,Prius,2012,14,100000.0,1,2000.0,1,Hybrid,Automatic,White,used,0,Mass_Market,Phnom Penh,Tier_1,store,17400.0,0.0,0,0.0,0,11.7,0.0,0,0,2026-08-19 02:48:22.30189+00
13922892,18900.0,9.846970109700957,Toyota,Prius,2013,13,100000.0,1,2000.0,1,Hybrid,Automatic,Green,used,0,Mass_Market,Phnom Penh,Tier_1,store,18900.0,0.0,0,0.0,0,2.9,0.0,0,0,2026-08-27 12:18:28.044005+00
13866144,19300.0,9.867912187022208,Toyota,Prius,2013,13,100000.0,1,2000.0,1,Hybrid,Automatic,White,used,0,Mass_Market,Phnom Penh,Tier_1,store,19300.0,0.0,0,0.0,0,16.7,0.0,0,0,2026-08-26 03:08:45.563224+00
13816625,17200.0,9.75272280064639,Toyota,Prius,2013,13,100000.0,1,2000.0,1,Hybrid,Automatic,Grey,used,0,Mass_Market,Phnom Penh,Tier_1,store,17200.0,0.0,0,0.0,0,30.9,0.0,1,0,2026-08-27 12:19:28.058658+00
13626832,19900.0,9.898525260706313,Toyota,Prius,2013,13,100000.0,1,2000.0,1,Hybrid,Automatic,White,used,0,Mass_Market,Phnom Penh,Tier_1,store,19900.0,0.0,0,0.0,0,78.9,0.0,1,0,2026-08-27 12:20:20.459303+00
13911551,18800.0,9.841665338892785,Toyota,Prius,2013,13,100000.0,1,2000.0,1,Hybrid,Automatic,White,used,0,Mass_Market,Phnom Penh,Tier_1,store,18800.0,0.0,0,0.0,0,3.9,0.0,1,0,2026-08-25 10:20:16.160688+00
13896576,19300.0,9.867912187022208,Toyota,Prius,2013,13,100000.0,1,2000.0,1,Hybrid,Automatic,Grey,used,0,Mass_Market,Phnom Penh,Tier_1,individual,19300.0,0.0,0,0.0,0,8.6,0.0,0,1,2026-08-26 03:08:36.64276+00
13918158,17900.0,9.792611856190192,Toyota,Prius,2013,13,100000.0,1,2000.0,1,Hybrid,Automatic,Unknown,used,0,Mass_Market,Phnom Penh,Tier_1,store,17900.0,0.0,0,0.0,0,4.0,0.0,0,1,2026-08-27 12:19:12.853037+00
13888155,18200.0,9.809231816610408,Toyota,Prius,2013,13,100000.0,1,2000.0,1,Hybrid,Automatic,Grey,used,0,Mass_Market,Phnom Penh,Tier_1,store,18200.0,0.0,0,0.0,0,10.8,0.0,0,0,2026-08-26 03:08:11.775295+00
13539436,21800.0,9.989711119284745,Toyota,Prius,2013,13,100000.0,1,2000.0,1,Hybrid,Automatic,White,used,0,Mass_Market,Phnom Penh,Tier_1,store,21800.0,0.0,0,0.0,0,99.9,0.0,0,0,2026-08-27 12:16:29.653871+00
13480654,21200.0,9.961803629358965,Toyota,Prius,2013,13,100000.0,1,2000.0,1,Hybrid,Automatic,White,used,0,Mass_Market,Phnom Penh,Tier_1,store,21200.0,0.0,0,0.0,0,109.3,0.0,0,0,2026-08-23 02:52:51.988235+00
13929425,16300.0,9.69898173460629,Toyota,Prius,2013,13,100000.0,1,2000.0,1,Hybrid,Automatic,White,used,0,Mass_Market,Phnom Penh,Tier_1,individual,16300.0,0.0,0,0.0,0,0.0,0.0,0,0,2026-08-26 03:06:50.312171+00
13569632,12300.0,9.417435838868785,Toyota,Prius,2013,13,100000.0,1,2000.0,1,Hybrid,Automatic,Grey,used,0,Mass_Market,Phnom Penh,Tier_1,store,12300.0,0.0,0,0.0,0,92.8,0.0,0,1,2026-08-27 12:19:11.311909+00
13754981,19000.0,9.852246888342531,Toyota,Prius,2013,13,100000.0,1,2000.0,1,Hybrid,Automatic,White,used,0,Mass_Market,Phnom Penh,Tier_1,individual,19000.0,0.0,0,0.0,0,45.9,0.0,0,0,2026-08-26 03:05:54.962267+00
13778298,19000.0,9.852246888342531,Toyota,Prius,2013,13,100000.0,1,2000.0,1,Hybrid,Automatic,White,used,0,Mass_Market,Phnom Penh,Tier_1,individual,19000.0,0.0,0,0.0,0,31.0,0.0,1,0,2026-08-17 08:50:50.154223+00
13797256,18800.0,9.841665338892785,Toyota,Prius,2013,13,100000.0,1,2000.0,1,Hybrid,Automatic,White,used,0,Mass_Market,Phnom Penh,Tier_1,store,18800.0,0.0,0,0.0,0,34.7,0.0,1,0,2026-08-26 03:07:47.167531+00
13781309,19500.0,9.87822102528824,Toyota,Prius,2013,13,100000.0,1,2000.0,1,Hybrid,Automatic,White,used,0,Mass_Market,Phnom Penh,Tier_1,individual,19500.0,0.0,0,0.0,0,39.2,0.0,1,0,2026-08-26 03:03:16.833493+00
13871474,17350.0,9.761405420601672,Toyota,Prius,2013,13,100000.0,1,2000.0,1,Hybrid,Automatic,Unknown,used,1,Mass_Market,Phnom Penh,Tier_1,individual,17350.0,0.0,0,0.0,0,6.6,0.0,0,0,2026-08-17 08:51:04.498894+00
13874971,16900.0,9.735128070758227,Toyota,Prius,2013,13,100000.0,1,2000.0,1,Hybrid,Automatic,White,used,0,Mass_Market,Phnom Penh,Tier_1,store,16900.0,0.0,0,0.0,0,13.8,0.0,0,0,2026-08-25 10:27:07.243055+00
13885965,17500.0,9.770013301136158,Toyota,Prius,2013,13,100000.0,1,2000.0,1,Hybrid,Automatic,Unknown,used,0,Mass_Market,Phnom Penh,Tier_1,store,17500.0,0.0,0,0.0,0,4.5,0.0,1,1,2026-08-19 02:48:12.66299+00
13887823,17900.0,9.792611856190192,Toyota,Prius,2013,13,100000.0,1,2000.0,1,Hybrid,Automatic,White,used,0,Mass_Market,Phnom Penh,Tier_1,store,17900.0,0.0,0,0.0,0,12.6,0.0,0,0,2026-08-27 12:19:58.279455+00
13907727,18200.0,9.809231816610408,Toyota,Prius,2013,13,100000.0,1,2000.0,1,Hybrid,Automatic,White,used,0,Mass_Market,Phnom Penh,Tier_1,store,18200.0,0.0,0,0.0,0,7.0,0.0,0,0,2026-08-27 12:12:34.602164+00
13883496,17800.0,9.787009914477434,Toyota,Prius,2013,13,100000.0,1,2000.0,1,Hybrid,Automatic,Black,used,0,Mass_Market,Phnom Penh,Tier_1,store,17800.0,0.0,0,0.0,0,12.3,0.0,0,0,2026-08-26 03:08:15.949115+00
13856430,19800.0,9.893487720457795,Toyota,Prius,2013,13,100000.0,1,2000.0,1,Hybrid,Automatic,White,used,0,Mass_Market,Phnom Penh,Tier_1,store,19800.0,0.0,0,0.0,0,13.7,0.0,0,0,2026-08-20 08:37:44.21993+00
13606491,27500.0,10.221977646629885,Toyota,Prius,2016,10,100000.0,1,2000.0,1,Hybrid,Automatic,Green,used,0,Mass_Market,Phnom Penh,Tier_1,store,27500.0,0.0,0,0.0,0,84.0,0.0,1,0,2026-08-27 12:20:36.799516+00
13741159,24500.0,10.106469212026385,Toyota,Prius,2016,10,100000.0,1,2000.0,1,Hybrid,Automatic,Black,used,0,Mass_Market,Phnom Penh,Tier_1,store,24500.0,0.0,0,0.0,0,50.8,0.0,0,0,2026-08-27 12:10:18.430995+00
13887776,19500.0,9.87822102528824,Toyota,Prius,2016,10,100000.0,1,2000.0,1,Hybrid,Automatic,White,used,1,Mass_Market,Siem Reap,Tier_2,store,19500.0,0.0,0,0.0,0,7.2,0.0,1,0,2026-08-22 02:44:51.796343+00
13741147,24900.0,10.122663242288953,Toyota,Prius,2016,10,100000.0,1,2000.0,1,Hybrid,Automatic,Grey,used,0,Mass_Market,Phnom Penh,Tier_1,store,24900.0,0.0,0,0.0,0,50.8,0.0,0,0,2026-08-27 12:10:23.808052+00
13645156,22800.0,10.034559673629849,Toyota,Prius,2016,10,100000.0,1,2000.0,1,Hybrid,Automatic,White,used,1,Mass_Market,Phnom Penh,Tier_1,individual,22800.0,0.0,0,0.0,0,65.6,0.0,0,0,2026-08-18 10:19:02.531199+00
13475794,22500.0,10.021315031649332,Toyota,Prius,2016,10,100000.0,1,2000.0,1,Hybrid,Automatic,White,used,1,Mass_Market,Phnom Penh,Tier_1,store,22500.0,0.0,0,0.0,0,114.9,0.0,0,0,2026-08-27 12:17:40.553809+00
13901348,18800.0,9.841665338892785,Toyota,Prius,2012,14,100000.0,1,2000.0,1,Hybrid,Automatic,Blue,used,1,Mass_Market,Phnom Penh,Tier_1,individual,18800.0,0.0,0,0.0,0,0.0,0.0,0,0,2026-08-18 10:19:07.20413+00
13923097,17100.0,9.746892220313054,Toyota,Prius,2012,14,100000.0,1,2000.0,1,Hybrid,Automatic,White,used,1,Mass_Market,Phnom Penh,Tier_1,individual,17100.0,0.0,0,0.0,0,0.0,0.0,1,0,2026-08-24 10:11:18.277924+00
13864918,26700.0,10.192456296870509,Toyota,Prius,2020,6,100000.0,1,2000.0,1,Hybrid,Automatic,Grey,used,0,Mass_Market,Phnom Penh,Tier_1,store,26700.0,0.0,0,0.0,0,18.6,0.0,0,0,2026-08-27 12:16:58.640391+00
13868424,26700.0,10.192456296870509,Toyota,Prius,2020,6,100000.0,1,2000.0,1,Hybrid,Automatic,Grey,used,0,Mass_Market,Phnom Penh,Tier_1,store,26700.0,0.0,0,0.0,0,15.1,0.0,0,0,2026-08-25 10:17:06.32207+00
13866843,26900.0,10.199918739620157,Toyota,Prius,2020,6,100000.0,1,2000.0,1,Hybrid,Automatic,White,new,0,Mass_Market,Phnom Penh,Tier_1,individual,26900.0,0.0,0,0.0,0,14.8,0.0,0,0,2026-08-24 10:11:18.275751+00
13640556,20500.0,9.928228944424575,Toyota,Prius,2020,6,100000.0,1,2000.0,1,Hybrid,Automatic,Unknown,used,0,Mass_Market,Phnom Penh,Tier_1,store,20500.0,0.0,0,0.0,0,75.8,0.0,0,0,2026-08-27 12:19:05.510827+00
13574139,28800.0,10.268165387743457,Toyota,Prius,2020,6,100000.0,1,2000.0,1,Hybrid,Automatic,Unknown,new,0,Mass_Market,Phnom Penh,Tier_1,store,28800.0,0.0,0,0.0,0,91.8,0.0,0,0,2026-08-27 12:12:43.080215+00
13935414,27800.0,10.2328272702548,Toyota,Prius,2020,6,100000.0,1,2000.0,1,Hybrid,Automatic,Grey,used,0,Mass_Market,Phnom Penh,Tier_1,store,27800.0,0.0,0,0.0,0,0.0,0.0,0,0,2026-08-27 12:20:16.9883+00
13917565,19500.0,9.87822102528824,Toyota,Prius,2012,14,100000.0,1,2000.0,1,Hybrid,Automatic,Grey,used,0,Mass_Market,Phnom Penh,Tier_1,store,19500.0,0.0,0,0.0,0,0.0,0.0,0,0,2026-08-23 02:53:12.302279+00
13866161,17500.0,9.770013301136158,Toyota,Prius,2012,14,100000.0,1,2000.0,1,Hybrid,Automatic,White,used,0,Mass_Market,Phnom Penh,Tier_1,store,17500.0,0.0,0,0.0,0,16.7,0.0,0,0,2026-08-26 03:08:46.393873+00
13529822,15800.0,9.6678285081515,Toyota,Prius,2012,14,100000.0,1,2000.0,1,Petrol,Automatic,Red,used,0,Mass_Market,Phnom Penh,Tier_1,store,16800.0,1000.0,1,0.0,0,101.7,0.0,0,0,2026-08-27 12:05:35.591233+00
13902592,16600.0,9.717218213494077,Toyota,Prius,2012,14,100000.0,1,2000.0,1,Petrol,Automatic,Grey,used,0,Mass_Market,Phnom Penh,Tier_1,store,16600.0,0.0,0,0.0,0,0.2,0.0,0,0,2026-08-19 02:48:20.913322+00
13809276,14600.0,9.588845298501564,Toyota,Prius,2012,14,100000.0,1,2000.0,1,Hybrid,Automatic,Grey,used,0,Mass_Market,Phnom Penh,Tier_1,individual,14600.0,0.0,0,0.0,0,25.8,0.0,0,0,2026-08-20 08:37:44.213815+00
13917572,13800.0,9.53249633228804,Toyota,Prius,2008,18,100000.0,1,2000.0,1,Hybrid,Automatic,White,used,0,Mass_Market,Phnom Penh,Tier_1,store,13800.0,0.0,0,0.0,0,0.0,0.0,0,0,2026-08-23 02:53:08.837987+00
13524633,12500.0,9.433563920090563,Toyota,Prius,2008,18,100000.0,1,2000.0,1,Hybrid,Automatic,Silver,used,0,Mass_Market,Phnom Penh,Tier_1,individual,12500.0,0.0,0,0.0,0,95.8,0.0,0,0,2026-08-20 08:37:51.425776+00
13694296,10000.0,9.210440366976517,Toyota,Prius,2008,18,100000.0,1,2000.0,1,Hybrid,Automatic,Blue,used,1,Mass_Market,Phnom Penh,Tier_1,store,10200.0,200.0,1,0.0,0,62.8,0.0,0,0,2026-08-27 12:14:18.951904+00
13790987,11900.0,9.38437770918244,Toyota,Prius,2008,18,100000.0,1,2000.0,1,Hybrid,Automatic,White,used,1,Mass_Market,Phnom Penh,Tier_1,individual,11900.0,0.0,0,0.0,0,28.7,0.0,0,0,2026-08-18 10:18:54.872942+00
13893437,11700.0,9.367429587218957,Toyota,Prius,2008,18,100000.0,1,2000.0,1,Hybrid,Automatic,Silver,used,0,Mass_Market,Phnom Penh,Tier_1,store,11700.0,0.0,0,0.0,0,10.8,0.0,0,0,2026-08-27 12:12:31.10102+00
13881792,11700.0,9.367429587218957,Toyota,Prius,2008,18,100000.0,1,2000.0,1,Hybrid,Automatic,Grey,used,1,Mass_Market,Phnom Penh,Tier_1,store,11700.0,0.0,0,0.0,0,3.9,0.0,0,0,2026-08-17 08:50:52.094679+00
13816416,9850.0,9.19532825185568,Toyota,Prius,2008,18,100000.0,1,2000.0,1,Hybrid,Automatic,Other,used,1,Mass_Market,Phnom Penh,Tier_1,individual,9850.0,0.0,0,0.0,0,29.6,0.0,0,0,2026-08-26 03:09:23.399583+00
13628456,13000.0,9.472781556562168,Toyota,Prius,2008,18,100000.0,1,2000.0,1,Hybrid,Automatic,Grey,used,0,Mass_Market,Phnom Penh,Tier_1,store,13000.0,0.0,0,0.0,0,77.2,0.0,0,0,2026-08-26 03:00:37.725484+00
13936324,9900.0,9.200391041122515,Toyota,Prius,2008,18,100000.0,1,2000.0,1,Hybrid,Automatic,Green,used,1,Mass_Market,Phnom Penh,Tier_1,individual,9900.0,0.0,0,0.0,0,0.0,0.0,0,0,2026-08-27 12:11:39.70829+00
13901956,10850.0,9.292012520620208,Toyota,Prius,2008,18,100000.0,1,2000.0,1,Hybrid,Automatic,Grey,used,1,Mass_Market,Phnom Penh,Tier_1,individual,10850.0,0.0,0,0.0,0,8.8,0.0,1,0,2026-08-27 12:10:17.81634+00
13767552,11100.0,9.314790473332646,Toyota,Prius,2008,18,100000.0,1,2000.0,1,Hybrid,Automatic,Grey,used,0,Mass_Market,Phnom Penh,Tier_1,store,11100.0,0.0,0,0.0,0,42.0,0.0,0,0,2026-08-25 10:24:11.406167+00
13923338,10300.0,9.239996256883693,Toyota,Prius,2008,18,100000.0,1,2000.0,1,Petrol,Automatic,Gold,used,1,Mass_Market,Phnom Penh,Tier_1,store,10300.0,0.0,0,0.0,0,0.8,0.0,0,0,2026-08-25 10:23:10.17942+00
13901960,11700.0,9.367429587218957,Toyota,Prius,2008,18,100000.0,1,2000.0,1,Hybrid,Automatic,White,used,1,Mass_Market,Phnom Penh,Tier_1,individual,11700.0,0.0,0,0.0,0,7.4,0.0,0,0,2026-08-26 03:06:58.593051+00
13926912,11200.0,9.32375833901174,Toyota,Prius,2008,18,100000.0,1,2000.0,1,Petrol,Automatic,White,used,1,Mass_Market,Phnom Penh,Tier_1,individual,11200.0,0.0,0,0.0,0,0.0,0.0,0,1,2026-08-25 10:23:43.235239+00
13792516,18500.0,9.825580063659602,Toyota,Prius,2012,14,100000.0,1,2000.0,1,Hybrid,Automatic,White,used,0,Mass_Market,Phnom Penh,Tier_1,individual,18500.0,0.0,0,0.0,0,35.8,0.0,0,0,2026-08-26 03:05:54.339986+00
13787621,13200.0,9.488047863280759,Toyota,Prius,2012,14,100000.0,1,2000.0,1,Hybrid,Automatic,White,used,0,Mass_Market,Phnom Penh,Tier_1,store,13200.0,0.0,0,0.0,0,36.7,0.0,0,0,2026-08-25 10:27:07.870442+00
13908626,8900.0,9.093918908958932,Toyota,Prius,2008,18,100000.0,1,2000.0,1,Hybrid,Automatic,Blue,used,1,Mass_Market,Phnom Penh,Tier_1,individual,8900.0,0.0,0,0.0,0,0.0,0.0,0,0,2026-08-20 08:37:35.450921+00
13892288,16900.0,9.735128070758227,Toyota,Prius,2012,14,100000.0,1,2000.0,1,Hybrid,Automatic,Yellow,used,1,Mass_Market,Phnom Penh,Tier_1,store,16900.0,0.0,0,0.0,0,2.7,0.0,0,0,2026-08-19 02:48:10.238016+00
13672752,19800.0,9.893487720457795,Toyota,Prius,2012,14,100000.0,1,2000.0,1,Hybrid,Automatic,White,used,0,Mass_Market,Phnom Penh,Tier_1,store,19800.0,0.0,0,0.0,0,65.7,0.0,1,0,2026-08-25 10:27:14.212261+00
13433054,18500.0,9.825580063659602,Toyota,Prius,2012,14,100000.0,1,2000.0,1,Hybrid,Automatic,Grey,used,0,Mass_Market,Phnom Penh,Tier_1,store,18500.0,0.0,0,0.0,0,125.8,0.0,0,0,2026-08-27 12:16:10.800641+00
13909141,12568.0,9.438988743924838,Toyota,Prius,2008,18,100000.0,1,2000.0,1,Petrol,Automatic,White,used,0,Mass_Market,Phnom Penh,Tier_1,individual,12568.0,0.0,0,0.0,0,6.8,0.0,0,0,2026-08-27 12:18:30.728021+00
13868852,15800.0,9.6678285081515,Toyota,Prius,2012,14,100000.0,1,2000.0,1,Hybrid,Automatic,Black,used,0,Mass_Market,Phnom Penh,Tier_1,store,15800.0,0.0,0,0.0,0,17.1,0.0,1,0,2026-08-27 12:19:27.526174+00
13907821,12500.0,9.433563920090563,Toyota,Prius,2008,18,100000.0,1,2000.0,1,Hybrid,Automatic,Grey,used,0,Mass_Market,Phnom Penh,Tier_1,individual,12500.0,0.0,0,0.0,0,0.6,0.0,0,0,2026-08-21 02:53:23.579699+00
13926547,12800.0,9.45727857185611,Toyota,Prius,2008,18,100000.0,1,2000.0,1,Hybrid,Automatic,Silver,used,0,Mass_Market,Phnom Penh,Tier_1,store,12800.0,0.0,0,0.0,0,0.0,0.0,1,0,2026-08-25 10:27:36.63563+00
13614537,13700.0,9.525224101853109,Toyota,Prius,2008,18,100000.0,1,2000.0,1,Hybrid,Automatic,White,used,0,Mass_Market,Phnom Penh,Tier_1,store,13700.0,0.0,0,0.0,0,82.0,0.0,1,0,2026-08-27 12:07:29.046098+00
13745990,12700.0,9.44943600950432,Toyota,Prius,2008,18,100000.0,1,2000.0,1,Hybrid,Automatic,Unknown,used,0,Mass_Market,Phnom Penh,Tier_1,individual,12700.0,0.0,0,0.0,0,39.5,0.0,0,0,2026-08-17 08:50:55.833094+00
13929434,12900.0,9.465060106725137,Toyota,Prius,2008,18,100000.0,1,2000.0,1,Hybrid,Automatic,Grey,used,0,Mass_Market,Phnom Penh,Tier_1,store,12900.0,0.0,0,0.0,0,0.0,0.0,1,0,2026-08-26 03:06:20.000901+00
13869535,12500.0,9.433563920090563,Toyota,Prius,2008,18,100000.0,1,2000.0,1,Petrol,Automatic,White,used,0,Mass_Market,Phnom Penh,Tier_1,individual,12500.0,0.0,0,0.0,0,17.0,0.0,0,0,2026-08-27 12:06:58.25893+00
13923221,13500.0,9.510519035757246,Toyota,Prius,2008,18,100000.0,1,2000.0,1,Hybrid,Automatic,Grey,used,0,Mass_Market,Phnom Penh,Tier_1,store,13500.0,0.0,0,0.0,0,0.0,0.0,0,0,2026-08-24 10:11:16.254624+00
13925726,10900.0,9.296609807128359,Toyota,Prius,2008,18,100000.0,1,2000.0,1,Hybrid,Automatic,Grey,used,1,Mass_Market,Phnom Penh,Tier_1,store,10900.0,0.0,0,0.0,0,0.7,0.0,0,0,2026-08-26 03:08:09.195072+00
13460847,12300.0,9.417435838868785,Toyota,Prius,2008,18,100000.0,1,2000.0,1,Hybrid,Automatic,White,used,1,Mass_Market,Phnom Penh,Tier_1,individual,12300.0,0.0,0,0.0,0,116.9,0.0,0,0,2026-08-25 10:20:04.491967+00
13851087,10000.0,9.210440366976517,Toyota,Prius,2008,18,100000.0,1,2000.0,1,Hybrid,Automatic,Blue,used,1,Mass_Market,Phnom Penh,Tier_1,store,10200.0,200.0,1,0.0,0,22.0,0.0,0,0,2026-08-27 12:14:18.400243+00
13688546,10700.0,9.278092474027002,Toyota,Prius,2008,18,100000.0,1,2000.0,1,Hybrid,Automatic,Silver,used,0,Mass_Market,Phnom Penh,Tier_1,individual,10700.0,0.0,0,0.0,0,56.8,0.0,0,0,2026-08-20 08:37:39.447854+00
13919046,10600.0,9.268703615273097,Toyota,Prius,2008,18,100000.0,1,2000.0,1,Hybrid,Automatic,Silver,used,1,Mass_Market,Phnom Penh,Tier_1,individual,10600.0,0.0,0,0.0,0,3.9,0.0,0,0,2026-08-27 12:09:18.936582+00
13792071,10300.0,9.239996256883693,Toyota,Prius,2008,18,100000.0,1,2000.0,1,Hybrid,Automatic,Black,used,1,Mass_Market,Phnom Penh,Tier_1,individual,10300.0,0.0,0,0.0,0,35.4,0.0,0,0,2026-08-25 10:14:04.723658+00
13551334,13300.0,9.495594499353297,Toyota,Prius,2008,18,100000.0,1,2000.0,1,Hybrid,Automatic,White,used,1,Mass_Market,Phnom Penh,Tier_1,store,13300.0,0.0,0,0.0,0,95.0,0.0,0,0,2026-08-25 10:24:58.021659+00
13577542,12000.0,9.392745258631441,Toyota,Prius,2008,18,100000.0,1,2000.0,1,Hybrid,Automatic,Silver,used,1,Mass_Market,Phnom Penh,Tier_1,individual,12000.0,0.0,0,0.0,0,88.9,0.0,0,0,2026-08-25 10:15:44.486369+00
13929372,14200.0,9.561067663645012,Toyota,Prius,2008,18,100000.0,1,2000.0,1,Hybrid,Automatic,Grey,used,0,Mass_Market,Phnom Penh,Tier_1,store,14200.0,0.0,0,0.0,0,0.0,0.0,0,0,2026-08-26 03:09:57.485144+00
13767385,12500.0,9.433563920090563,Toyota,Prius,2008,18,100000.0,1,2000.0,1,Hybrid,Automatic,Grey,used,0,Mass_Market,Phnom Penh,Tier_1,store,12500.0,0.0,0,0.0,0,44.1,0.0,0,0,2026-08-27 12:18:03.197533+00
13630582,13700.0,9.525224101853109,Toyota,Prius,2008,18,100000.0,1,2000.0,1,Hybrid,Automatic,White,used,0,Mass_Market,Phnom Penh,Tier_1,store,13700.0,0.0,0,0.0,0,78.0,0.0,1,0,2026-08-27 12:18:40.400628+00
13833067,18200.0,9.809231816610408,Toyota,Prius,2012,14,100000.0,1,2000.0,1,Hybrid,Automatic,White,used,0,Mass_Market,Phnom Penh,Tier_1,store,18200.0,0.0,0,0.0,0,25.6,0.0,0,0,2026-08-26 03:07:14.592535+00
13864954,13000.0,9.472781556562168,Toyota,Prius,2008,18,100000.0,1,2000.0,1,Hybrid,Automatic,White,used,0,Mass_Market,Phnom Penh,Tier_1,store,13000.0,0.0,0,0.0,0,17.2,0.0,0,0,2026-08-26 03:03:29.010179+00
13910668,10300.0,9.239996256883693,Toyota,Prius,2008,18,100000.0,1,2000.0,1,Hybrid,Automatic,Unknown,used,1,Mass_Market,Phnom Penh,Tier_1,store,10300.0,0.0,0,0.0,0,0.0,0.0,0,0,2026-08-21 02:53:08.542428+00
13363652,11388.0,9.340403256274351,Toyota,Prius,2008,18,100000.0,1,2000.0,1,Hybrid,Automatic,Blue,used,1,Mass_Market,Phnom Penh,Tier_1,store,11388.0,0.0,0,0.0,0,145.7,0.0,0,0,2026-08-26 03:03:24.459435+00
13920824,10900.0,9.296609807128359,Toyota,Prius,2008,18,100000.0,1,2000.0,1,Hybrid,Automatic,White,used,1,Mass_Market,Phnom Penh,Tier_1,individual,10900.0,0.0,0,0.0,0,1.8,0.0,0,0,2026-08-26 02:57:10.870468+00
13607460,13300.0,9.495594499353297,Toyota,Prius,2008,18,100000.0,1,2000.0,1,Hybrid,Automatic,White,used,0,Mass_Market,Phnom Penh,Tier_1,store,13300.0,0.0,0,0.0,0,83.8,0.0,0,0,2026-08-27 12:20:01.858252+00
13786009,10200.0,9.23024103368252,Toyota,Prius,2008,18,100000.0,1,2000.0,1,Hybrid,Automatic,Silver,used,0,Mass_Market,Phnom Penh,Tier_1,store,10200.0,0.0,0,0.0,0,39.1,0.0,1,0,2026-08-27 12:06:55.441678+00
13824766,12500.0,9.433563920090563,Toyota,Prius,2008,18,100000.0,1,2000.0,1,Hybrid,Automatic,Green,used,0,Mass_Market,Phnom Penh,Tier_1,store,12500.0,0.0,0,0.0,0,22.5,0.0,0,0,2026-08-21 02:53:04.841101+00
13314459,11500.0,9.350189267092581,Toyota,Prius,2008,18,100000.0,1,2000.0,1,Hybrid,Automatic,Green,used,1,Mass_Market,Phnom Penh,Tier_1,individual,11500.0,0.0,0,0.0,0,153.6,0.0,1,0,2026-08-21 02:53:26.243326+00
13929389,9900.0,9.200391041122515,Toyota,Prius,2008,18,100000.0,1,2000.0,1,Hybrid,Automatic,Blue,used,1,Mass_Market,Phnom Penh,Tier_1,store,9900.0,0.0,0,0.0,0,0.0,0.0,1,0,2026-08-26 03:09:32.462126+00
13527349,11800.0,9.375939552625749,Toyota,Prius,2008,18,100000.0,1,2000.0,1,Hybrid,Automatic,Silver,used,0,Mass_Market,Phnom Penh,Tier_1,store,11800.0,0.0,0,0.0,0,102.1,0.0,0,0,2026-08-27 12:20:37.934511+00
13923480,11200.0,9.32375833901174,Toyota,Prius,2008,18,100000.0,1,2000.0,1,Petrol,Automatic,White,used,1,Mass_Market,Phnom Penh,Tier_1,store,11200.0,0.0,0,0.0,0,0.0,0.0,0,0,2026-08-24 10:11:05.987656+00
13928447,11700.0,9.367429587218957,Toyota,Prius,2008,18,100000.0,1,2000.0,1,Hybrid,Automatic,Gold,used,0,Mass_Market,Phnom Penh,Tier_1,store,11700.0,0.0,0,0.0,0,1.7,0.0,0,0,2026-08-27 12:17:37.616341+00
13572647,13500.0,9.510519035757246,Toyota,Prius,2008,18,100000.0,1,2000.0,1,Hybrid,Automatic,Grey,used,0,Mass_Market,Phnom Penh,Tier_1,store,13500.0,0.0,0,0.0,0,92.0,0.0,0,0,2026-08-27 12:10:48.034737+00
13675638,12800.0,9.45727857185611,Toyota,Prius,2008,18,100000.0,1,2000.0,1,Hybrid,Automatic,Gold,used,0,Mass_Market,Phnom Penh,Tier_1,store,12800.0,0.0,0,0.0,0,65.5,0.0,0,0,2026-08-26 03:00:41.847922+00
13917629,9700.0,9.179984251961283,Toyota,Prius,2008,18,100000.0,1,2000.0,1,Petrol,Automatic,Silver,used,1,Mass_Market,Phnom Penh,Tier_1,individual,9700.0,0.0,0,0.0,0,0.0,0.0,1,0,2026-08-23 02:52:55.416213+00
13882377,12950.0,9.468928284223587,Toyota,Prius,2008,18,100000.0,1,2000.0,1,Petrol,Automatic,Grey,used,0,Mass_Market,Phnom Penh,Tier_1,store,12950.0,0.0,0,0.0,0,4.8,0.0,1,0,2026-08-18 10:19:02.521185+00
13797868,11500.0,9.350189267092581,Toyota,Prius,2009,17,100000.0,1,2000.0,1,Hybrid,Automatic,Silver,used,1,Mass_Market,Phnom Penh,Tier_1,store,11500.0,0.0,0,0.0,0,34.0,0.0,0,0,2026-08-25 10:24:27.393966+00
13926538,12900.0,9.465060106725137,Toyota,Prius,2009,17,100000.0,1,2000.0,1,Hybrid,Automatic,Gold,used,0,Mass_Market,Phnom Penh,Tier_1,store,12900.0,0.0,0,0.0,0,0.0,0.0,0,0,2026-08-25 10:27:43.871163+00
13908545,13500.0,9.510519035757246,Toyota,Prius,2009,17,100000.0,1,2000.0,1,Hybrid,Automatic,White,used,1,Mass_Market,Phnom Penh,Tier_1,individual,13500.0,0.0,0,0.0,0,0.0,0.0,0,0,2026-08-20 08:37:39.451473+00
13881826,18900.0,9.846970109700957,Toyota,Prius,2012,14,100000.0,1,2000.0,1,Hybrid,Automatic,Green,used,0,Mass_Market,Phnom Penh,Tier_1,store,18900.0,0.0,0,0.0,0,11.9,0.0,0,0,2026-08-25 10:14:13.124617+00
13900501,16700.0,9.723223876851618,Toyota,Prius,2012,14,100000.0,1,2000.0,1,Hybrid,Automatic,Grey,used,0,Mass_Market,Phnom Penh,Tier_1,store,16700.0,0.0,0,0.0,0,0.6,0.0,0,0,2026-08-19 02:48:20.913142+00
13518076,20500.0,9.928228944424575,Toyota,Prius,2012,14,100000.0,1,2000.0,1,Hybrid,Automatic,White,used,0,Mass_Market,Phnom Penh,Tier_1,store,20500.0,0.0,0,0.0,0,104.7,0.0,1,0,2026-08-27 12:08:08.517367+00
13489023,19500.0,9.87822102528824,Toyota,Prius,2012,14,100000.0,1,2000.0,1,Hybrid,Automatic,White,used,0,Mass_Market,Phnom Penh,Tier_1,store,19500.0,0.0,0,0.0,0,111.8,0.0,0,0,2026-08-27 12:13:21.670582+00
13927832,10600.0,9.268703615273097,Toyota,Prius,2009,17,100000.0,1,2000.0,1,Hybrid,Automatic,Grey,used,0,Mass_Market,Kandal,Tier_2,store,10600.0,0.0,0,0.0,0,1.8,0.0,0,0,2026-08-27 12:12:26.397283+00
13908628,11900.0,9.38437770918244,Toyota,Prius,2009,17,100000.0,1,2000.0,1,Hybrid,Automatic,Grey,used,1,Mass_Market,Phnom Penh,Tier_1,store,11900.0,0.0,0,0.0,0,0.0,0.0,0,0,2026-08-20 08:37:35.450552+00
13920982,12900.0,9.465060106725137,Toyota,Prius,2009,17,100000.0,1,2000.0,1,Hybrid,Automatic,Grey,used,0,Mass_Market,Phnom Penh,Tier_1,individual,12900.0,0.0,0,0.0,0,1.0,0.0,0,0,2026-08-25 10:20:06.092628+00
13929468,12900.0,9.465060106725137,Toyota,Prius,2009,17,100000.0,1,2000.0,1,Hybrid,Automatic,Grey,used,0,Mass_Market,Phnom Penh,Tier_1,store,12900.0,0.0,0,0.0,0,0.0,0.0,1,0,2026-08-26 03:04:53.951943+00
13718359,10900.0,9.296609807128359,Toyota,Prius,2009,17,100000.0,1,2000.0,1,Hybrid,Automatic,Silver,used,0,Mass_Market,Phnom Penh,Tier_1,individual,10900.0,0.0,0,0.0,0,54.5,0.0,0,0,2026-08-25 10:25:33.257793+00
13851634,11300.0,9.332646496360152,Toyota,Prius,2009,17,100000.0,1,2000.0,1,Hybrid,Automatic,Unknown,used,1,Mass_Market,Phnom Penh,Tier_1,individual,11300.0,0.0,0,0.0,0,16.5,0.0,0,0,2026-08-22 02:44:46.736065+00
13343729,13000.0,9.472781556562168,Toyota,Prius,2009,17,100000.0,1,2000.0,1,Hybrid,Automatic,Silver,used,0,Mass_Market,Phnom Penh,Tier_1,store,13000.0,0.0,0,0.0,0,152.7,0.0,0,0,2026-08-27 12:13:51.561019+00
13908625,13700.0,9.525224101853109,Toyota,Prius,2009,17,100000.0,1,2000.0,1,Hybrid,Automatic,Unknown,used,0,Mass_Market,Phnom Penh,Tier_1,store,13700.0,0.0,0,0.0,0,0.0,0.0,1,0,2026-08-20 08:37:35.451279+00
13923240,11600.0,9.358846580275406,Toyota,Prius,2009,17,100000.0,1,2000.0,1,Hybrid,Automatic,Grey,used,0,Mass_Market,Phnom Penh,Tier_1,store,11600.0,0.0,0,0.0,0,0.0,0.0,0,0,2026-08-24 10:11:16.252622+00
13794857,12800.0,9.45727857185611,Toyota,Prius,2009,17,100000.0,1,2000.0,1,Hybrid,Automatic,Gold,used,0,Mass_Market,Phnom Penh,Tier_1,store,12800.0,0.0,0,0.0,0,36.9,0.0,0,0,2026-08-27 12:06:34.423564+00
13859248,13900.0,9.539716058977092,Toyota,Prius,2009,17,100000.0,1,2000.0,1,Hybrid,Automatic,White,used,0,Mass_Market,Phnom Penh,Tier_1,store,13900.0,0.0,0,0.0,0,15.6,0.0,0,0,2026-08-23 02:53:12.30356+00
13923137,11600.0,9.358846580275406,Toyota,Prius,2009,17,100000.0,1,2000.0,1,Hybrid,Automatic,Grey,used,0,Mass_Market,Phnom Penh,Tier_1,store,11600.0,0.0,0,0.0,0,0.0,0.0,0,0,2026-08-24 10:11:18.273739+00
13896667,10900.0,9.296609807128359,Toyota,Prius,2009,17,100000.0,1,2000.0,1,Hybrid,Automatic,Silver,used,1,Mass_Market,Phnom Penh,Tier_1,individual,10900.0,0.0,0,0.0,0,2.8,0.0,0,0,2026-08-20 08:37:41.025477+00
13908438,10800.0,9.287394001418473,Toyota,Prius,2009,17,100000.0,1,2000.0,1,Hybrid,Automatic,Unknown,used,1,Mass_Market,Phnom Penh,Tier_1,individual,10800.0,0.0,0,0.0,0,0.0,0.0,0,0,2026-08-20 08:37:45.567577+00
13929112,12999.0,9.472704636443673,Toyota,Prius,2009,17,100000.0,1,2000.0,1,Hybrid,Automatic,White,used,0,Mass_Market,Phnom Penh,Tier_1,individual,12999.0,0.0,0,0.0,0,1.2,0.0,0,0,2026-08-27 12:05:51.205646+00
13662007,12800.0,9.45727857185611,Toyota,Prius,2009,17,100000.0,1,2000.0,1,Hybrid,Automatic,White,used,0,Mass_Market,Phnom Penh,Tier_1,individual,12800.0,0.0,0,0.0,0,70.2,0.0,0,0,2026-08-27 12:11:24.252498+00
13772295,11900.0,9.38437770918244,Toyota,Prius,2009,17,100000.0,1,2000.0,1,Hybrid,Automatic,Grey,used,0,Mass_Market,Phnom Penh,Tier_1,store,11900.0,0.0,0,0.0,0,42.9,0.0,0,0,2026-08-27 12:06:30.737119+00
13917564,12300.0,9.417435838868785,Toyota,Prius,2009,17,100000.0,1,2000.0,1,Hybrid,Automatic,White,used,0,Mass_Market,Phnom Penh,Tier_1,individual,12300.0,0.0,0,0.0,0,0.0,0.0,0,1,2026-08-23 02:53:12.303761+00
13911556,13300.0,9.495594499353297,Toyota,Prius,2009,17,100000.0,1,2000.0,1,Hybrid,Automatic,White,used,0,Mass_Market,Phnom Penh,Tier_1,store,13300.0,0.0,0,0.0,0,3.9,0.0,0,0,2026-08-25 10:20:15.414076+00
13655808,17500.0,9.770013301136158,Toyota,Prius,2012,14,100000.0,1,2000.0,1,Hybrid,Automatic,Silver,used,0,Mass_Market,Phnom Penh,Tier_1,individual,17500.0,0.0,0,0.0,0,70.5,0.0,0,0,2026-08-26 03:10:00.113618+00
13832407,16500.0,9.711176264112805,Toyota,Prius,2012,14,100000.0,1,2000.0,1,Petrol,Automatic,Silver,used,1,Mass_Market,Phnom Penh,Tier_1,individual,16500.0,0.0,0,0.0,0,27.0,0.0,1,0,2026-08-27 12:13:25.312818+00
13935709,23900.0,10.081675578048475,Toyota,Prius,2018,8,100000.0,1,2000.0,1,Electric,Automatic,Blue,used,0,Mass_Market,Phnom Penh,Tier_1,store,23900.0,0.0,0,0.0,0,0.0,0.0,0,0,2026-08-27 12:16:44.500961+00
13922752,23900.0,10.081675578048475,Toyota,Prius,2018,8,100000.0,1,2000.0,1,Hybrid,Automatic,Grey,used,0,Mass_Market,Phnom Penh,Tier_1,store,23900.0,0.0,0,0.0,0,0.8,0.0,0,0,2026-08-25 10:17:07.030516+00
13370005,20500.0,9.928228944424575,Toyota,Prius,2018,8,100000.0,1,2000.0,1,Hybrid,Automatic,Blue,used,0,Mass_Market,Phnom Penh,Tier_1,store,20500.0,0.0,0,0.0,0,145.8,0.0,0,0,2026-08-27 12:08:25.691342+00
13844625,24500.0,10.106469212026385,Toyota,Prius,2018,8,100000.0,1,2000.0,1,Hybrid,Automatic,White,used,0,Mass_Market,Siem Reap,Tier_2,individual,24500.0,0.0,0,0.0,0,22.3,0.0,0,0,2026-08-26 03:08:35.887772+00
13705870,27500.0,10.221977646629885,Toyota,Prius,2018,8,100000.0,1,2000.0,1,Hybrid,Automatic,White,used,0,Mass_Market,Preah Sihanouk,Tier_2,store,27500.0,0.0,0,0.0,0,59.8,0.0,0,0,2026-08-27 12:06:33.853309+00
13911524,23500.0,10.064798252418377,Toyota,Prius,2018,8,100000.0,1,2000.0,1,Hybrid,Automatic,White,used,0,Mass_Market,Phnom Penh,Tier_1,store,23500.0,0.0,0,0.0,0,3.9,0.0,0,0,2026-08-25 10:20:17.905946+00
13833326,24500.0,10.106469212026385,Toyota,Prius,2018,8,100000.0,1,2000.0,1,Hybrid,Automatic,Grey,used,0,Mass_Market,Phnom Penh,Tier_1,store,24500.0,0.0,0,0.0,0,20.5,0.0,0,0,2026-08-21 02:53:27.390331+00
13858933,23900.0,10.081675578048475,Toyota,Prius,2018,8,100000.0,1,2000.0,1,Hybrid,Automatic,Grey,used,0,Mass_Market,Phnom Penh,Tier_1,store,23900.0,0.0,0,0.0,0,13.7,0.0,0,0,2026-08-21 02:53:27.390602+00
13771811,22800.0,10.034559673629849,Toyota,Prius,2018,8,100000.0,1,2000.0,1,Hybrid,Automatic,Unknown,used,0,Mass_Market,Phnom Penh,Tier_1,store,22800.0,0.0,0,0.0,0,43.0,0.0,0,1,2026-08-27 12:19:07.219827+00
13796602,11800.0,9.375939552625749,Toyota,Prius,2007,19,100000.0,1,2000.0,1,Petrol,Automatic,Grey,used,1,Mass_Market,Phnom Penh,Tier_1,store,11800.0,0.0,0,0.0,0,34.8,0.0,0,0,2026-08-26 03:00:14.207484+00
13395979,12500.0,9.433563920090563,Toyota,Prius,2007,19,100000.0,1,2000.0,1,Hybrid,Automatic,Green,used,0,Mass_Market,Phnom Penh,Tier_1,store,12500.0,0.0,0,0.0,0,137.6,0.0,0,0,2026-08-26 02:58:06.039512+00
13927537,9300.0,9.137877200242468,Toyota,Prius,2007,19,100000.0,1,2000.0,1,Hybrid,Automatic,Gold,used,1,Mass_Market,Phnom Penh,Tier_1,individual,9300.0,0.0,0,0.0,0,0.0,0.0,0,0,2026-08-25 10:17:02.730612+00
13443915,17000.0,9.741027444837728,Toyota,Prius,2012,14,100000.0,1,2000.0,1,Hybrid,Automatic,Silver,used,0,Mass_Market,Phnom Penh,Tier_1,store,17000.0,0.0,0,0.0,0,123.0,0.0,0,0,2026-08-27 12:20:13.531252+00
13852979,17900.0,9.792611856190192,Toyota,Prius,2012,14,100000.0,1,2000.0,1,Hybrid,Automatic,Unknown,used,1,Mass_Market,Phnom Penh,Tier_1,store,17900.0,0.0,0,0.0,0,13.3,0.0,0,0,2026-08-19 02:48:22.30202+00
13328831,10400.0,9.249657234353133,Toyota,Prius,2007,19,100000.0,1,2000.0,1,Hybrid,Automatic,Red,used,1,Mass_Market,Phnom Penh,Tier_1,store,10400.0,0.0,0,0.0,0,156.1,0.0,0,0,2026-08-27 12:15:14.55581+00
13887819,15400.0,9.642187721358466,Toyota,Prius,2012,14,100000.0,1,2000.0,1,Hybrid,Automatic,Grey,used,0,Mass_Market,Kandal,Tier_2,store,15400.0,0.0,0,0.0,0,10.5,0.0,0,0,2026-08-25 10:23:48.49869+00
13818392,11000.0,9.305741456739435,Toyota,Prius,2007,19,100000.0,1,2000.0,1,Petrol,Automatic,Grey,used,1,Mass_Market,Preah Sihanouk,Tier_2,individual,11000.0,0.0,0,0.0,0,27.5,0.0,0,0,2026-08-24 10:11:16.250618+00
13773057,16800.0,9.729193687429403,Toyota,Prius,2011,15,100000.0,1,2000.0,1,Hybrid,Automatic,White,used,0,Mass_Market,Phnom Penh,Tier_1,store,16800.0,0.0,0,0.0,0,42.8,0.0,0,0,2026-08-27 12:09:54.434343+00
13254392,12300.0,9.417435838868785,Toyota,Prius,2007,19,100000.0,1,2000.0,1,Hybrid,Automatic,Grey,used,0,Mass_Market,Phnom Penh,Tier_1,store,12300.0,0.0,0,0.0,0,174.7,0.0,0,0,2026-08-27 12:15:38.286822+00
13639291,17500.0,9.770013301136158,Toyota,Prius,2011,15,100000.0,1,2000.0,1,Hybrid,Automatic,Grey,used,0,Mass_Market,Phnom Penh,Tier_1,store,17500.0,0.0,0,0.0,0,76.0,0.0,0,0,2026-08-27 12:13:38.801107+00
13936554,8500.0,9.04793908261736,Toyota,Prius,2026,0,100000.0,1,2000.0,1,Diesel,Automatic,Grey,used,1,Mass_Market,Kampong Cham,Tier_2,individual,8500.0,0.0,0,0.0,0,0.0,0.0,0,0,2026-08-27 12:06:28.1379+00
13848058,8700.0,9.071193240566025,Toyota,Prius,2026,0,100000.0,1,2000.0,1,Hybrid,Automatic,Silver,used,1,Mass_Market,Phnom Penh,Tier_1,store,8700.0,0.0,0,0.0,0,12.7,0.0,0,0,2026-08-17 08:50:57.836801+00
13827676,16200.0,9.692828247710418,Toyota,Prius,2011,15,100000.0,1,2000.0,1,Hybrid,Automatic,White,used,1,Mass_Market,Phnom Penh,Tier_1,store,16200.0,0.0,0,0.0,0,28.1,0.0,0,0,2026-08-27 12:07:11.575695+00
13927058,10100.0,9.220389707829185,Toyota,Prius,2005,21,100000.0,1,2000.0,1,Hybrid,Automatic,White,used,1,Mass_Market,Phnom Penh,Tier_1,individual,10100.0,0.0,0,0.0,0,0.0,0.0,1,0,2026-08-25 10:22:06.655992+00
13813687,8800.0,9.082620630373812,Toyota,Prius,2005,21,100000.0,1,2000.0,1,Hybrid,Automatic,Red,used,1,Mass_Market,Phnom Penh,Tier_1,store,8800.0,0.0,0,0.0,0,31.7,0.0,0,0,2026-08-27 12:10:10.238582+00
13889068,16500.0,9.711176264112805,Toyota,Prius,2012,14,100000.0,1,2000.0,1,Hybrid,Automatic,Silver,used,1,Mass_Market,Phnom Penh,Tier_1,individual,16500.0,0.0,0,0.0,0,10.0,0.0,1,0,2026-08-25 10:26:57.282994+00
13864072,9500.0,9.15915233520675,Toyota,Prius,2005,21,100000.0,1,2000.0,1,Hybrid,Automatic,White,used,1,Mass_Market,Kampot,Tier_3,individual,9500.0,0.0,0,0.0,0,9.8,0.0,0,0,2026-08-18 10:19:01.598598+00
13868931,9500.0,9.15915233520675,Toyota,Prius,2005,21,100000.0,1,2000.0,1,Hybrid,Automatic,White,used,1,Mass_Market,Phnom Penh,Tier_1,store,9500.0,0.0,0,0.0,0,7.0,0.0,0,0,2026-08-17 08:51:02.645676+00
13908607,18800.0,9.841665338892785,Toyota,Prius,2012,14,100000.0,1,2000.0,1,Hybrid,Automatic,White,used,0,Mass_Market,Phnom Penh,Tier_1,individual,18800.0,0.0,0,0.0,0,0.0,0.0,0,0,2026-08-20 08:37:32.540386+00
13929418,8850.0,9.088285725968877,Toyota,Prius,2005,21,100000.0,1,2000.0,1,Hybrid,Automatic,Silver,used,1,Mass_Market,Phnom Penh,Tier_1,individual,8850.0,0.0,0,0.0,0,0.0,0.0,1,0,2026-08-26 03:06:56.08565+00
13927861,7500.0,8.922791623969637,Toyota,Prius,2005,21,100000.0,1,2000.0,1,Hybrid,Automatic,Silver,used,1,Mass_Market,Phnom Penh,Tier_1,individual,7500.0,0.0,0,0.0,0,0.0,0.0,0,0,2026-08-25 10:14:02.029112+00
13517237,9200.0,9.127067452782361,Toyota,Prius,2005,21,100000.0,1,2000.0,1,Petrol,Automatic,Red,used,1,Mass_Market,Phnom Penh,Tier_1,store,9200.0,0.0,0,0.0,0,103.5,0.0,0,0,2026-08-26 03:07:43.040691+00
13734163,9700.0,9.179984251961283,Toyota,Prius,2005,21,100000.0,1,2000.0,1,Hybrid,Automatic,White,used,1,Mass_Market,Phnom Penh,Tier_1,store,9700.0,0.0,0,0.0,0,47.7,0.0,0,0,2026-08-23 02:52:45.527285+00
13886278,7600.0,8.936035096566041,Toyota,Prius,2005,21,100000.0,1,2000.0,1,Petrol,Automatic,Red,used,1,Mass_Market,Phnom Penh,Tier_1,individual,7600.0,0.0,0,0.0,0,11.5,0.0,0,0,2026-08-26 03:04:34.59424+00
13910633,8000.0,8.987321812850125,Toyota,Prius,2005,21,100000.0,1,2000.0,1,Hybrid,Automatic,Silver,used,1,Mass_Market,Phnom Penh,Tier_1,individual,8200.0,200.0,1,0.0,0,6.1,0.0,1,0,2026-08-27 12:13:24.055892+00
13674591,19900.0,9.898525260706313,Toyota,Prius,2012,14,100000.0,1,2000.0,1,Hybrid,Automatic,White,used,0,Mass_Market,Phnom Penh,Tier_1,store,19900.0,0.0,0,0.0,0,62.7,0.0,1,0,2026-08-23 02:53:12.305388+00
13936434,7900.0,8.974744612722734,Toyota,Prius,2005,21,100000.0,1,2000.0,1,Hybrid,Automatic,Red,used,1,Mass_Market,Kandal,Tier_2,individual,7900.0,0.0,0,0.0,0,0.0,0.0,0,0,2026-08-27 12:09:30.261558+00
13923277,15300.0,9.635673464721814,Toyota,Prius,2012,14,100000.0,1,2000.0,1,Hybrid,Automatic,Blue,used,0,Mass_Market,Phnom Penh,Tier_1,store,15300.0,0.0,0,0.0,0,0.0,0.0,0,0,2026-08-24 10:11:14.109778+00
13815213,7800.0,8.962007209588313,Toyota,Prius,2005,21,100000.0,1,2000.0,1,Hybrid,Automatic,Red,used,1,Mass_Market,Phnom Penh,Tier_1,individual,7800.0,0.0,0,0.0,0,24.7,0.0,1,0,2026-08-21 02:53:09.874478+00
13926523,9500.0,9.15915233520675,Toyota,Prius,2007,19,100000.0,1,2000.0,1,Hybrid,Automatic,Green,used,1,Mass_Market,Preah Sihanouk,Tier_2,individual,9500.0,0.0,0,0.0,0,0.0,0.0,0,0,2026-08-25 10:27:53.129303+00
13802476,33000.0,10.404293143019792,Toyota,Prius,2023,3,100000.0,1,2000.0,1,Petrol,Automatic,Black,used,0,Mass_Market,Phnom Penh,Tier_1,store,33000.0,0.0,0,0.0,0,27.8,0.0,0,1,2026-08-20 08:37:41.026052+00
13873317,8100.0,8.999742789830492,Toyota,Prius,2005,21,100000.0,1,2000.0,1,Diesel,Automatic,Black,used,1,Mass_Market,Phnom Penh,Tier_1,individual,8100.0,0.0,0,0.0,0,9.7,0.0,0,0,2026-08-21 02:53:15.004181+00
13911534,33800.0,10.428245666832275,Toyota,Prius,2023,3,100000.0,1,2000.0,1,Hybrid,Automatic,Black,used,0,Mass_Market,Phnom Penh,Tier_1,store,30800.0,0.0,0,3000.0,1,1.6,0.0,0,0,2026-08-23 02:52:48.82001+00
13927589,5900.0,8.682877107057168,Toyota,Prius,2005,21,100000.0,1,2000.0,1,Hybrid,Automatic,Grey,used,1,Mass_Market,Phnom Penh,Tier_1,individual,5900.0,0.0,0,0.0,0,0.0,0.0,0,0,2026-08-25 10:16:01.893824+00
13927508,8000.0,8.987321812850125,Toyota,Prius,2005,21,100000.0,1,2000.0,1,Hybrid,Automatic,Unknown,used,1,Mass_Market,Phnom Penh,Tier_1,individual,8000.0,0.0,0,0.0,0,0.0,0.0,0,0,2026-08-25 10:17:10.398399+00
13935592,4700.0,8.45553053102413,Toyota,Prius,2005,21,100000.0,1,2000.0,1,Hybrid,Automatic,White,used,1,Mass_Market,Phnom Penh,Tier_1,individual,4700.0,0.0,0,0.0,0,0.0,0.0,0,0,2026-08-27 12:17:52.895804+00
13901820,8900.0,9.093918908958932,Toyota,Prius,2005,21,100000.0,1,2000.0,1,Hybrid,Automatic,Unknown,used,1,Mass_Market,Phnom Penh,Tier_1,individual,8900.0,0.0,0,0.0,0,0.0,0.0,1,0,2026-08-18 10:18:52.997731+00
13882677,8500.0,9.04793908261736,Toyota,Prius,2005,21,100000.0,1,2000.0,1,Hybrid,Automatic,Unknown,used,1,Mass_Market,Phnom Penh,Tier_1,individual,8500.0,0.0,0,0.0,0,5.5,0.0,0,0,2026-08-19 02:48:12.664041+00
13728925,14900.0,9.60918360377546,Toyota,Prius,2011,15,100000.0,1,2000.0,1,Hybrid,Automatic,White,used,0,Mass_Market,Phnom Penh,Tier_1,store,14900.0,0.0,0,0.0,0,53.9,0.0,0,0,2026-08-27 12:18:11.714985+00
13908434,7150.0,8.875007486048396,Toyota,Prius,2005,21,100000.0,1,2000.0,1,Hybrid,Automatic,Gold,used,1,Mass_Market,Phnom Penh,Tier_1,store,7250.0,100.0,1,0.0,0,6.9,0.0,0,0,2026-08-27 12:17:11.45554+00
13897695,9803.0,9.190545744648004,Toyota,Prius,2007,19,100000.0,1,2000.0,1,Petrol,Automatic,Brown,used,1,Mass_Market,Phnom Penh,Tier_1,individual,9803.0,0.0,0,0.0,0,1.4,0.0,0,0,2026-08-19 02:48:06.126834+00
13866004,7700.0,8.94910546953925,Toyota,Prius,2005,21,100000.0,1,2000.0,1,Hybrid,Automatic,Red,used,1,Mass_Market,Kandal,Tier_2,individual,7700.0,0.0,0,0.0,0,11.7,0.0,0,0,2026-08-21 02:53:22.427153+00
13517321,8400.0,9.036106025364846,Toyota,Prius,2005,21,100000.0,1,2000.0,1,Hybrid,Automatic,Silver,used,1,Mass_Market,Phnom Penh,Tier_1,store,8400.0,0.0,0,0.0,0,104.9,0.0,0,0,2026-08-27 12:14:29.968661+00
13936002,8300.0,9.024131268455035,Toyota,Prius,2005,21,100000.0,1,2000.0,1,Hybrid,Automatic,White,used,1,Mass_Market,Preah Sihanouk,Tier_2,individual,8300.0,0.0,0,0.0,0,0.0,0.0,0,0,2026-08-27 12:14:32.295213+00
13703582,8300.0,9.024131268455035,Toyota,Prius,2005,21,100000.0,1,2000.0,1,Hybrid,Automatic,Red,used,1,Mass_Market,Phnom Penh,Tier_1,store,8300.0,0.0,0,0.0,0,60.2,0.0,1,0,2026-08-27 12:15:21.804264+00
13719336,9500.0,9.15915233520675,Toyota,Prius,2005,21,100000.0,1,2000.0,1,Hybrid,Automatic,White,used,1,Mass_Market,Phnom Penh,Tier_1,individual,9500.0,0.0,0,0.0,0,49.7,0.0,0,0,2026-08-21 02:53:04.843156+00
13901589,8700.0,9.071193240566025,Toyota,Prius,2005,21,100000.0,1,2000.0,1,Hybrid,Automatic,Grey,used,1,Mass_Market,Phnom Penh,Tier_1,individual,8700.0,0.0,0,0.0,0,0.0,0.0,0,0,2026-08-18 10:19:00.456129+00
13927918,7950.0,8.981052985901483,Toyota,Prius,2005,21,100000.0,1,2000.0,1,Petrol,Automatic,Silver,used,1,Mass_Market,Phnom Penh,Tier_1,store,7950.0,0.0,0,0.0,0,1.8,0.0,0,0,2026-08-27 12:12:20.387734+00
13445647,10500.0,9.259225769705994,Toyota,Prius,2005,21,100000.0,1,2000.0,1,Petrol,Automatic,White,used,1,Mass_Market,Phnom Penh,Tier_1,store,10500.0,0.0,0,0.0,0,122.7,0.0,0,0,2026-08-27 12:19:49.92284+00
13804232,8150.0,9.005895898094458,Toyota,Prius,2005,21,100000.0,1,2000.0,1,Hybrid,Automatic,Blue,used,1,Mass_Market,Phnom Penh,Tier_1,individual,8150.0,0.0,0,0.0,0,32.8,0.0,0,0,2026-08-26 03:03:40.617543+00
13266968,18800.0,9.841665338892785,Toyota,Prius,2014,12,100000.0,1,2000.0,1,Hybrid,Automatic,Green,used,0,Mass_Market,Phnom Penh,Tier_1,store,18800.0,0.0,0,0.0,0,171.0,0.0,0,0,2026-08-27 12:14:33.382485+00
13936553,18900.0,9.846970109700957,Toyota,Prius,2014,12,100000.0,1,2000.0,1,Hybrid,Automatic,Grey,used,0,Mass_Market,Phnom Penh,Tier_1,individual,18900.0,0.0,0,0.0,0,0.0,0.0,1,0,2026-08-27 12:06:31.371776+00
13764981,18600.0,9.83097062169695,Toyota,Prius,2014,12,100000.0,1,2000.0,1,Hybrid,Automatic,White,used,0,Mass_Market,Phnom Penh,Tier_1,store,18600.0,0.0,0,0.0,0,44.8,0.0,0,0,2026-08-27 12:11:47.406513+00
13847614,20800.0,9.942756341456828,Toyota,Prius,2014,12,100000.0,1,2000.0,1,Hybrid,Automatic,White,used,0,Mass_Market,Phnom Penh,Tier_1,store,20800.0,0.0,0,0.0,0,12.8,0.0,0,0,2026-08-17 08:50:55.875272+00
13914019,9999.0,9.210340371976184,Toyota,Prius,2007,19,100000.0,1,2000.0,1,Hybrid,Automatic,Unknown,used,1,Mass_Market,Phnom Penh,Tier_1,individual,9999.0,0.0,0,0.0,0,0.0,0.0,0,0,2026-08-22 02:44:54.349632+00
13899037,39500.0,10.584081267024454,Toyota,Prius,2023,3,100000.0,1,2000.0,1,Hybrid,Automatic,White,used,1,Mass_Market,Phnom Penh,Tier_1,individual,39500.0,0.0,0,0.0,0,9.2,0.0,0,0,2026-08-27 12:17:21.454067+00
13878926,17700.0,9.781376414141157,Toyota,Prius,2014,12,100000.0,1,2000.0,1,Hybrid,Automatic,Other,used,0,Mass_Market,Phnom Penh,Tier_1,store,17700.0,0.0,0,0.0,0,12.8,0.0,1,0,2026-08-25 10:16:12.482399+00
13893863,18900.0,9.846970109700957,Toyota,Prius,2014,12,100000.0,1,2000.0,1,Electric,Automatic,Grey,used,0,Mass_Market,Phnom Penh,Tier_1,store,18900.0,0.0,0,0.0,0,1.6,0.0,0,0,2026-08-18 10:19:06.252485+00
13926474,19200.0,9.862717639992917,Toyota,Prius,2014,12,100000.0,1,2000.0,1,Hybrid,Automatic,White,used,0,Mass_Market,Phnom Penh,Tier_1,store,19200.0,0.0,0,0.0,0,0.0,0.0,0,0,2026-08-25 10:28:15.313548+00
13936180,18499.0,9.825526011066415,Toyota,Prius,2014,12,100000.0,1,2000.0,1,Hybrid,Automatic,White,used,0,Mass_Market,Phnom Penh,Tier_1,store,18499.0,0.0,0,0.0,0,0.0,0.0,1,0,2026-08-27 12:13:25.86331+00
13927166,18400.0,9.820160289946374,Toyota,Prius,2014,12,100000.0,1,2000.0,1,Hybrid,Automatic,White,used,0,Mass_Market,Phnom Penh,Tier_1,individual,18400.0,0.0,0,0.0,0,0.0,0.0,0,0,2026-08-25 10:20:27.4716+00
13869168,16500.0,9.711176264112805,Toyota,Prius,2014,12,100000.0,1,2000.0,1,Petrol,Automatic,White,used,0,Mass_Market,Phnom Penh,Tier_1,individual,16500.0,0.0,0,0.0,0,17.1,0.0,1,0,2026-08-27 12:13:24.712483+00
13857815,18700.0,9.83633227734872,Toyota,Prius,2014,12,100000.0,1,2000.0,1,Hybrid,Automatic,White,used,0,Mass_Market,Phnom Penh,Tier_1,store,18700.0,0.0,0,0.0,0,20.2,0.0,1,0,2026-08-27 12:17:38.815729+00
13327995,17900.0,9.792611856190192,Toyota,Prius,2014,12,100000.0,1,2000.0,1,Hybrid,Automatic,Grey,used,0,Mass_Market,Phnom Penh,Tier_1,store,17900.0,0.0,0,0.0,0,154.8,0.0,1,0,2026-08-26 03:03:56.896988+00
13877934,18500.0,9.825580063659602,Toyota,Prius,2014,12,100000.0,1,2000.0,1,Hybrid,Automatic,Unknown,used,0,Mass_Market,Phnom Penh,Tier_1,store,18500.0,0.0,0,0.0,0,12.9,0.0,0,0,2026-08-25 10:17:53.989152+00
13902655,19500.0,9.87822102528824,Toyota,Prius,2014,12,100000.0,1,2000.0,1,Hybrid,Automatic,Unknown,used,0,Mass_Market,Phnom Penh,Tier_1,individual,19500.0,0.0,0,0.0,0,3.1,0.0,1,0,2026-08-22 02:44:58.224542+00
13932193,18999.0,9.852194258148577,Toyota,Prius,2014,12,100000.0,1,2000.0,1,Diesel,Automatic,Grey,used,0,Mass_Market,Phnom Penh,Tier_1,individual,18999.0,0.0,0,0.0,0,0.8,0.0,1,0,2026-08-27 12:06:27.554647+00
13749009,18950.0,9.84961197956681,Toyota,Prius,2014,12,100000.0,1,2000.0,1,Hybrid,Automatic,Grey,used,0,Mass_Market,Phnom Penh,Tier_1,store,18950.0,0.0,0,0.0,0,46.8,0.0,0,0,2026-08-25 10:29:15.855612+00
13580393,17500.0,9.770013301136158,Toyota,Prius,2014,12,100000.0,1,2000.0,1,Hybrid,Automatic,Grey,used,0,Mass_Market,Phnom Penh,Tier_1,store,17500.0,0.0,0,0.0,0,88.8,0.0,0,0,2026-08-26 03:09:28.719988+00
13724150,18800.0,9.841665338892785,Toyota,Prius,2014,12,100000.0,1,2000.0,1,Hybrid,Automatic,Grey,used,0,Mass_Market,Phnom Penh,Tier_1,store,18800.0,0.0,0,0.0,0,53.0,0.0,0,0,2026-08-25 10:27:46.570004+00
13817570,17999.0,9.798127036878302,Toyota,Prius,2014,12,100000.0,1,2000.0,1,Hybrid,Automatic,White,used,0,Mass_Market,Phnom Penh,Tier_1,store,17999.0,0.0,0,0.0,0,24.4,0.0,0,0,2026-08-21 02:53:19.757071+00
13901403,16500.0,9.711176264112805,Toyota,Prius,2014,12,100000.0,1,2000.0,1,Hybrid,Automatic,Grey,used,1,Mass_Market,Phnom Penh,Tier_1,individual,16500.0,0.0,0,0.0,0,3.5,0.0,0,0,2026-08-22 02:44:57.043867+00
13910489,14350.0,9.571574905170932,Toyota,Prius,2011,15,100000.0,1,2000.0,1,Hybrid,Automatic,Black,used,1,Mass_Market,Phnom Penh,Tier_1,individual,14350.0,0.0,0,0.0,0,1.7,0.0,0,0,2026-08-23 02:53:12.304421+00
13926518,18100.0,9.803722464346553,Toyota,Prius,2014,12,100000.0,1,2000.0,1,Electric,Automatic,Silver,used,0,Mass_Market,Phnom Penh,Tier_1,store,18100.0,0.0,0,0.0,0,0.0,0.0,0,0,2026-08-25 10:27:54.547191+00
13901153,35500.0,10.477316144080852,Toyota,Prius,2023,3,100000.0,1,2000.0,1,Hybrid,Automatic,Grey,used,1,Mass_Market,Phnom Penh,Tier_1,individual,35500.0,0.0,0,0.0,0,6.8,0.0,0,0,2026-08-25 10:17:11.049716+00
13926508,18100.0,9.803722464346553,Toyota,Prius,2014,12,100000.0,1,2000.0,1,Hybrid,Automatic,Grey,used,0,Mass_Market,Phnom Penh,Tier_1,store,18100.0,0.0,0,0.0,0,0.0,0.0,0,0,2026-08-25 10:28:08.010388+00
13637976,20000.0,9.90353755128617,Toyota,Prius,2014,12,100000.0,1,2000.0,1,Hybrid,Automatic,White,used,1,Mass_Market,Phnom Penh,Tier_1,individual,20000.0,0.0,0,0.0,0,76.1,0.0,1,0,2026-08-27 12:20:10.776494+00
13592422,21300.0,9.966509298952284,Toyota,Prius,2014,12,100000.0,1,2000.0,1,Hybrid,Automatic,White,used,0,Mass_Market,Phnom Penh,Tier_1,store,21300.0,0.0,0,0.0,0,87.0,0.0,0,0,2026-08-27 12:14:37.704742+00
13860654,16900.0,9.735128070758227,Toyota,Prius,2014,12,100000.0,1,2000.0,1,Hybrid,Automatic,Silver,used,1,Mass_Market,Phnom Penh,Tier_1,store,16900.0,0.0,0,0.0,0,17.7,0.0,0,0,2026-08-25 10:21:00.415404+00
13899764,15900.0,9.674137279312397,Toyota,Prius,2014,12,100000.0,1,2000.0,1,Hybrid,Automatic,Unknown,used,0,Mass_Market,Phnom Penh,Tier_1,store,15900.0,0.0,0,0.0,0,2.7,0.0,0,0,2026-08-21 02:53:04.843568+00
13552148,18000.0,9.798182590890704,Toyota,Prius,2014,12,100000.0,1,2000.0,1,Hybrid,Automatic,Grey,used,0,Mass_Market,Phnom Penh,Tier_1,store,18000.0,0.0,0,0.0,0,97.0,0.0,0,0,2026-08-27 12:13:47.075906+00
13913951,18800.0,9.841665338892785,Toyota,Prius,2014,12,100000.0,1,2000.0,1,Hybrid,Automatic,White,used,1,Mass_Market,Phnom Penh,Tier_1,individual,18800.0,0.0,0,0.0,0,3.7,0.0,1,0,2026-08-26 02:57:30.807886+00
13838378,17300.0,9.758519582283522,Toyota,Prius,2014,12,100000.0,1,2000.0,1,Hybrid,Automatic,White,used,1,Mass_Market,Phnom Penh,Tier_1,store,17300.0,0.0,0,0.0,0,23.7,0.0,0,0,2026-08-26 02:59:47.584212+00
13923121,15200.0,9.62911649414402,Toyota,Prius,2011,15,100000.0,1,2000.0,1,Hybrid,Automatic,White,used,1,Mass_Market,Phnom Penh,Tier_1,individual,15200.0,0.0,0,0.0,0,0.8,0.0,0,1,2026-08-25 10:26:46.49261+00
13470711,19500.0,9.87822102528824,Toyota,Prius,2014,12,100000.0,1,2000.0,1,Hybrid,Automatic,Grey,used,1,Mass_Market,Kandal,Tier_2,individual,19500.0,0.0,0,0.0,0,106.0,0.0,0,1,2026-08-17 08:50:50.1793+00
13822306,18300.0,9.814710982145282,Toyota,Prius,2014,12,100000.0,1,2000.0,1,Hybrid,Automatic,White,used,1,Mass_Market,Phnom Penh,Tier_1,individual,18300.0,0.0,0,0.0,0,28.3,0.0,0,0,2026-08-26 03:03:41.979673+00
13657543,18800.0,9.841665338892785,Toyota,Prius,2014,12,100000.0,1,2000.0,1,Electric,Automatic,Grey,used,0,Mass_Market,Phnom Penh,Tier_1,store,18800.0,0.0,0,0.0,0,69.2,0.0,0,0,2026-08-25 10:22:44.765224+00
13415651,15500.0,9.648659816955295,Toyota,Prius,2011,15,100000.0,1,2000.0,1,Petrol,Automatic,White,used,1,Mass_Market,Phnom Penh,Tier_1,store,15500.0,0.0,0,0.0,0,127.6,0.0,0,0,2026-08-25 10:16:08.000891+00
13890705,15450.0,9.645429005150419,Toyota,Prius,2011,15,100000.0,1,2000.0,1,Hybrid,Automatic,Grey,used,0,Mass_Market,Phnom Penh,Tier_1,store,15450.0,0.0,0,0.0,0,10.3,0.0,1,0,2026-08-26 02:59:52.078621+00
13852148,19500.0,9.87822102528824,Toyota,Prius,2014,12,100000.0,1,2000.0,1,Hybrid,Automatic,White,used,0,Mass_Market,Phnom Penh,Tier_1,store,19500.0,0.0,0,0.0,0,19.8,0.0,0,0,2026-08-25 10:22:26.655704+00
13637565,17700.0,9.781376414141157,Toyota,Prius,2014,12,100000.0,1,2000.0,1,Hybrid,Automatic,Unknown,used,1,Mass_Market,Phnom Penh,Tier_1,individual,17700.0,0.0,0,0.0,0,69.8,0.0,0,0,2026-08-21 02:53:17.466636+00
13881980,16900.0,9.735128070758227,Toyota,Prius,2014,12,100000.0,1,2000.0,1,Hybrid,Automatic,Brown,used,1,Mass_Market,Phnom Penh,Tier_1,individual,16900.0,0.0,0,0.0,0,14.0,0.0,0,0,2026-08-27 12:11:59.104626+00
13928657,18300.0,9.814710982145282,Toyota,Prius,2014,12,100000.0,1,2000.0,1,Hybrid,Automatic,White,used,0,Mass_Market,Phnom Penh,Tier_1,individual,18300.0,0.0,0,0.0,0,0.2,0.0,0,0,2026-08-26 03:03:07.195348+00
13936377,18300.0,9.814710982145282,Toyota,Prius,2014,12,100000.0,1,2000.0,1,Hybrid,Automatic,White,used,0,Mass_Market,Phnom Penh,Tier_1,individual,18300.0,0.0,0,0.0,0,0.0,0.0,0,0,2026-08-27 12:10:32.50791+00
13843764,17900.0,9.792611856190192,Toyota,Prius,2014,12,100000.0,1,2000.0,1,Hybrid,Automatic,Grey,used,0,Mass_Market,Phnom Penh,Tier_1,store,17800.0,0.0,0,100.0,1,23.9,0.0,0,0,2026-08-27 12:05:20.740356+00
13912794,17800.0,9.787009914477434,Toyota,Prius,2014,12,100000.0,1,2000.0,1,Hybrid,Automatic,Green,used,1,Mass_Market,Phnom Penh,Tier_1,store,17800.0,0.0,0,0.0,0,4.4,0.0,0,0,2026-08-26 02:57:50.411178+00
13916713,18500.0,9.825580063659602,Toyota,Prius,2014,12,100000.0,1,2000.0,1,Hybrid,Automatic,Unknown,used,0,Mass_Market,Phnom Penh,Tier_1,individual,18500.0,0.0,0,0.0,0,0.2,0.0,0,0,2026-08-23 02:53:08.837625+00
13645124,18800.0,9.841665338892785,Toyota,Prius,2014,12,100000.0,1,2000.0,1,Hybrid,Automatic,Green,used,0,Mass_Market,Phnom Penh,Tier_1,store,18800.0,0.0,0,0.0,0,73.3,0.0,0,0,2026-08-26 03:09:29.36538+00
13446184,16990.0,9.740439071085758,Toyota,Prius,2014,12,100000.0,1,2000.0,1,Hybrid,Automatic,Grey,used,0,Mass_Market,Phnom Penh,Tier_1,individual,16990.0,0.0,0,0.0,0,121.1,0.0,0,0,2026-08-26 02:59:06.558405+00
13749025,18950.0,9.84961197956681,Toyota,Prius,2014,12,100000.0,1,2000.0,1,Hybrid,Automatic,Grey,used,0,Mass_Market,Phnom Penh,Tier_1,store,18950.0,0.0,0,0.0,0,46.8,0.0,0,0,2026-08-25 10:29:16.508231+00
13721654,16500.0,9.711176264112805,Toyota,Prius,2015,11,100000.0,1,2000.0,1,Hybrid,Automatic,Grey,used,0,Mass_Market,Phnom Penh,Tier_1,store,16500.0,0.0,0,0.0,0,55.8,0.0,0,0,2026-08-27 12:13:44.578283+00
13894376,19800.0,9.893487720457795,Toyota,Prius,2015,11,100000.0,1,2000.0,1,Hybrid,Automatic,White,used,1,Mass_Market,Phnom Penh,Tier_1,individual,19800.0,0.0,0,0.0,0,10.6,0.0,1,0,2026-08-27 12:08:30.236079+00
13910040,19200.0,9.862717639992917,Toyota,Prius,2015,11,100000.0,1,2000.0,1,Hybrid,Automatic,White,used,0,Mass_Market,Phnom Penh,Tier_1,store,19200.0,0.0,0,0.0,0,6.3,0.0,0,0,2026-08-27 12:12:35.170541+00
13932401,18900.0,9.846970109700957,Toyota,Prius,2015,11,100000.0,1,2000.0,1,Hybrid,Automatic,White,used,1,Mass_Market,Phnom Penh,Tier_1,store,18900.0,0.0,0,0.0,0,0.8,0.0,0,0,2026-08-27 12:06:13.260729+00
13881837,20900.0,9.94755228369823,Toyota,Prius,2015,11,100000.0,1,2000.0,1,Hybrid,Automatic,Unknown,used,0,Mass_Market,Phnom Penh,Tier_1,store,20900.0,0.0,0,0.0,0,11.9,0.0,0,0,2026-08-25 10:14:11.91555+00
13899935,19900.0,9.898525260706313,Toyota,Prius,2015,11,100000.0,1,2000.0,1,Hybrid,Automatic,White,used,0,Mass_Market,Phnom Penh,Tier_1,store,19900.0,0.0,0,0.0,0,7.7,0.0,0,0,2026-08-26 03:05:44.539244+00
13919844,20700.0,9.937937287265354,Toyota,Prius,2015,11,100000.0,1,2000.0,1,Hybrid,Automatic,Other,used,1,Mass_Market,Phnom Penh,Tier_1,store,20700.0,0.0,0,0.0,0,3.7,0.0,0,0,2026-08-27 12:06:52.200588+00
13929458,19700.0,9.888424674859083,Toyota,Prius,2015,11,100000.0,1,2000.0,1,Hybrid,Automatic,White,used,0,Mass_Market,Phnom Penh,Tier_1,store,19700.0,0.0,0,0.0,0,0.0,0.0,1,0,2026-08-26 03:05:40.44183+00
13531456,21000.0,9.952325334619427,Toyota,Prius,2015,11,100000.0,1,2000.0,1,Petrol,Automatic,White,used,0,Mass_Market,Phnom Penh,Tier_1,store,21000.0,0.0,0,0.0,0,101.1,0.0,0,0,2026-08-27 12:07:22.381418+00
13833131,17901.0,9.792667717430884,Toyota,Prius,2015,11,100000.0,1,2000.0,1,Hybrid,Automatic,White,used,0,Mass_Market,Phnom Penh,Tier_1,store,17901.0,0.0,0,0.0,0,25.5,0.0,1,0,2026-08-26 03:07:48.45168+00
13603353,19900.0,9.898525260706313,Toyota,Prius,2015,11,100000.0,1,2000.0,1,Hybrid,Automatic,White,used,0,Mass_Market,Phnom Penh,Tier_1,store,19900.0,0.0,0,0.0,0,83.4,0.0,0,0,2026-08-26 03:09:06.188663+00
13892554,18800.0,9.841665338892785,Toyota,Prius,2015,11,100000.0,1,2000.0,1,Hybrid,Manual,White,used,0,Mass_Market,Phnom Penh,Tier_1,store,18800.0,0.0,0,0.0,0,6.6,0.0,0,0,2026-08-23 02:52:45.531276+00
13833008,17500.0,9.770013301136158,Toyota,Prius,2015,11,100000.0,1,2000.0,1,Hybrid,Automatic,White,used,0,Mass_Market,Phnom Penh,Tier_1,store,17500.0,0.0,0,0.0,0,25.6,0.0,0,0,2026-08-26 03:07:47.811161+00
13840541,22500.0,10.021315031649332,Toyota,Prius,2015,11,100000.0,1,2000.0,1,Hybrid,Automatic,White,used,1,Mass_Market,Phnom Penh,Tier_1,store,22500.0,0.0,0,0.0,0,17.6,0.0,0,0,2026-08-20 08:37:44.220081+00
13764139,17500.0,9.770013301136158,Toyota,Prius,2015,11,100000.0,1,2000.0,1,Hybrid,Automatic,Grey,used,0,Mass_Market,Phnom Penh,Tier_1,store,17500.0,0.0,0,0.0,0,43.5,0.0,0,0,2026-08-26 03:05:43.900944+00
13834135,18500.0,9.825580063659602,Toyota,Prius,2015,11,100000.0,1,2000.0,1,Hybrid,Automatic,White,used,1,Mass_Market,Phnom Penh,Tier_1,individual,18500.0,0.0,0,0.0,0,26.8,0.0,0,0,2026-08-27 12:14:59.218108+00
13848553,17500.0,9.770013301136158,Toyota,Prius,2015,11,100000.0,1,2000.0,1,Hybrid,Automatic,Blue,used,0,Mass_Market,Phnom Penh,Tier_1,store,17500.0,0.0,0,0.0,0,21.4,0.0,0,0,2026-08-26 03:09:58.796055+00
13889240,17500.0,9.770013301136158,Toyota,Prius,2015,11,100000.0,1,2000.0,1,Hybrid,Automatic,White,used,0,Mass_Market,Siem Reap,Tier_2,store,17500.0,0.0,0,0.0,0,6.6,0.0,0,0,2026-08-22 02:44:52.99462+00
13856544,18888.0,9.84633502103182,Toyota,Prius,2015,11,100000.0,1,2000.0,1,Hybrid,Automatic,Silver,used,0,Mass_Market,Phnom Penh,Tier_1,store,18888.0,0.0,0,0.0,0,14.4,0.0,0,0,2026-08-21 02:53:19.757299+00
13566971,16500.0,9.711176264112805,Toyota,Prius,2011,15,100000.0,1,2000.0,1,Hybrid,Automatic,Grey,used,1,Mass_Market,Phnom Penh,Tier_1,store,16500.0,0.0,0,0.0,0,93.2,0.0,1,0,2026-08-27 12:14:08.076137+00
13923300,19800.0,9.893487720457795,Toyota,Prius,2015,11,100000.0,1,2000.0,1,Hybrid,Automatic,Grey,used,0,Mass_Market,Phnom Penh,Tier_1,individual,19800.0,0.0,0,0.0,0,0.0,0.0,0,0,2026-08-24 10:11:14.105591+00
13759366,18900.0,9.846970109700957,Toyota,Prius,2015,11,100000.0,1,2000.0,1,Hybrid,Automatic,White,used,0,Mass_Market,Phnom Penh,Tier_1,store,19200.0,300.0,1,0.0,0,46.1,0.0,0,0,2026-08-27 12:12:32.780475+00
13822118,19300.0,9.867912187022208,Toyota,Prius,2015,11,100000.0,1,2000.0,1,Hybrid,Automatic,White,used,0,Mass_Market,Phnom Penh,Tier_1,store,19300.0,0.0,0,0.0,0,29.8,0.0,0,0,2026-08-27 12:12:36.282425+00
13924895,16500.0,9.711176264112805,Toyota,Prius,2011,15,100000.0,1,2000.0,1,Hybrid,Automatic,White,used,1,Mass_Market,Phnom Penh,Tier_1,store,16500.0,0.0,0,0.0,0,0.8,0.0,1,0,2026-08-26 03:09:00.78368+00
13849168,17500.0,9.770013301136158,Toyota,Prius,2015,11,100000.0,1,2000.0,1,Hybrid,Automatic,White,used,0,Mass_Market,Phnom Penh,Tier_1,store,17500.0,0.0,0,0.0,0,21.2,0.0,1,0,2026-08-26 03:05:50.733364+00
13891397,18900.0,9.846970109700957,Toyota,Prius,2015,11,100000.0,1,2000.0,1,Hybrid,Automatic,White,used,0,Mass_Market,Phnom Penh,Tier_1,store,18900.0,0.0,0,0.0,0,11.3,0.0,0,0,2026-08-27 12:13:02.590526+00
13749467,16800.0,9.729193687429403,Toyota,Prius,2015,11,100000.0,1,2000.0,1,Hybrid,Automatic,Grey,used,1,Mass_Market,Phnom Penh,Tier_1,individual,16800.0,0.0,0,0.0,0,45.7,0.0,0,0,2026-08-24 10:11:22.330978+00
13831228,19200.0,9.862717639992917,Toyota,Prius,2015,11,100000.0,1,2000.0,1,Hybrid,Automatic,White,used,0,Mass_Market,Phnom Penh,Tier_1,store,19200.0,0.0,0,0.0,0,18.9,0.0,0,0,2026-08-19 02:48:04.751483+00
13764150,17700.0,9.781376414141157,Toyota,Prius,2015,11,100000.0,1,2000.0,1,Hybrid,Automatic,White,used,0,Mass_Market,Phnom Penh,Tier_1,store,17700.0,0.0,0,0.0,0,43.5,0.0,1,0,2026-08-26 03:05:41.791572+00
13799348,19300.0,9.867912187022208,Toyota,Prius,2015,11,100000.0,1,2000.0,1,Hybrid,Automatic,White,used,0,Mass_Market,Phnom Penh,Tier_1,store,19300.0,0.0,0,0.0,0,33.7,0.0,1,0,2026-08-25 10:29:41.079925+00
13849164,17350.0,9.761405420601672,Toyota,Prius,2015,11,100000.0,1,2000.0,1,Hybrid,Automatic,White,used,0,Mass_Market,Phnom Penh,Tier_1,store,17350.0,0.0,0,0.0,0,21.2,0.0,0,0,2026-08-26 03:05:41.120421+00
13787232,1999.0,7.600902459542082,Toyota,Prius,2015,11,100000.0,1,2000.0,1,Hybrid,Automatic,Yellow,used,1,Mass_Market,Phnom Penh,Tier_1,individual,1999.0,0.0,0,0.0,0,28.7,0.0,0,0,2026-08-17 08:51:02.645+00
13921678,14200.0,9.561067663645012,Toyota,Prius,2011,15,100000.0,1,2000.0,1,Hybrid,Automatic,Black,used,1,Mass_Market,Phnom Penh,Tier_1,store,14200.0,0.0,0,0.0,0,1.0,0.0,0,0,2026-08-25 10:29:47.23806+00
13836729,17000.0,9.741027444837728,Toyota,Prius,2011,15,100000.0,1,2000.0,1,Hybrid,Automatic,Silver,used,1,Mass_Market,Phnom Penh,Tier_1,individual,17000.0,0.0,0,0.0,0,25.8,0.0,0,0,2026-08-27 12:19:32.919626+00
13759666,13800.0,9.53249633228804,Lexus,RX200t,2002,24,100000.0,1,2000.0,1,Petrol,Automatic,White,used,0,Luxury,Phnom Penh,Tier_1,store,13800.0,0.0,0,0.0,0,37.7,0.0,0,0,2026-08-19 02:48:04.755033+00
13403382,53800.0,10.893047333337728,Lexus,RX200t,2017,9,100000.0,1,2000.0,1,Petrol,Automatic,Black,used,1,Luxury,Phnom Penh,Tier_1,store,53800.0,0.0,0,0.0,0,135.6,0.0,1,0,2026-08-27 12:09:19.697807+00
13721860,49800.0,10.815790343132422,Lexus,RX200t,2016,10,100000.0,1,2000.0,1,Electric,Automatic,White,used,0,Luxury,Phnom Penh,Tier_1,store,49800.0,0.0,0,0.0,0,54.4,0.0,1,0,2026-08-26 03:07:46.55528+00
13784408,49800.0,10.815790343132422,Lexus,RX200t,2016,10,100000.0,1,2000.0,1,Petrol,Automatic,Black,used,0,Luxury,Phnom Penh,Tier_1,store,49800.0,0.0,0,0.0,0,32.6,0.0,0,0,2026-08-20 08:37:33.858981+00
13920657,44800.0,10.709985739582528,Lexus,RX200t,2016,10,100000.0,1,2000.0,1,Petrol,Automatic,White,used,1,Luxury,Phnom Penh,Tier_1,store,44800.0,0.0,0,0.0,0,3.2,0.0,0,0,2026-08-27 12:20:35.62406+00
13790272,32900.0,10.401258331428318,Lexus,RX200t,2016,10,100000.0,1,2000.0,1,Petrol,Automatic,White,used,0,Luxury,Phnom Penh,Tier_1,store,32900.0,0.0,0,0.0,0,37.9,0.0,0,0,2026-08-27 12:11:57.416589+00
13727334,49800.0,10.815790343132422,Lexus,RX200t,2016,10,100000.0,1,2000.0,1,Petrol,Automatic,Black,used,0,Luxury,Phnom Penh,Tier_1,store,49800.0,0.0,0,0.0,0,52.7,0.0,1,0,2026-08-26 03:07:33.787028+00
13557731,49800.0,10.815790343132422,Lexus,RX200t,2016,10,100000.0,1,2000.0,1,Petrol,Automatic,Silver,used,0,Luxury,Phnom Penh,Tier_1,store,49800.0,0.0,0,0.0,0,94.4,0.0,0,0,2026-08-26 03:07:13.927652+00
13735063,48000.0,10.778977123006351,Lexus,RX200t,2016,10,100000.0,1,2000.0,1,Petrol,Automatic,Black,used,0,Luxury,Phnom Penh,Tier_1,store,48000.0,0.0,0,0.0,0,50.6,0.0,1,0,2026-08-26 03:02:36.739225+00
13914267,28500.0,10.25769445336048,Lexus,RX200t,2015,11,100000.0,1,2000.0,1,Petrol,Automatic,White,used,1,Luxury,Phnom Penh,Tier_1,store,29500.0,1000.0,1,0.0,0,3.7,0.0,0,0,2026-08-26 03:03:34.089677+00
13910654,8600.0,9.059633754551479,Toyota,Rav4L ប៉ុង1,2002,24,100000.0,1,2000.0,1,Petrol,Automatic,Unknown,used,1,Mass_Market,Phnom Penh,Tier_1,store,8600.0,0.0,0,0.0,0,0.0,0.0,0,0,2026-08-21 02:53:13.86121+00
13780476,24500.0,10.106469212026385,SsangYong,Rexton,2023,3,100000.0,1,2000.0,1,Diesel,Automatic,White,used,0,Other,Phnom Penh,Tier_1,store,24500.0,0.0,0,0.0,0,39.5,0.0,0,0,2026-08-26 03:10:02.300044+00
13926814,25500.0,10.146472946063877,SsangYong,Rexton,2021,5,100000.0,1,2000.0,1,Diesel,Automatic,Other,used,0,Other,Phnom Penh,Tier_1,store,25500.0,0.0,0,0.0,0,0.0,0.0,0,0,2026-08-25 10:25:09.997011+00
13929570,18700.0,9.83633227734872,SsangYong,Rexton,2018,8,100000.0,1,2000.0,1,Diesel,Automatic,Grey,used,0,Other,Phnom Penh,Tier_1,store,18700.0,0.0,0,0.0,0,0.0,0.0,0,0,2026-08-26 03:01:42.584129+00
13464654,20500.0,9.928228944424575,SsangYong,Rexton,2018,8,100000.0,1,2000.0,1,Diesel,Automatic,Black,used,0,Other,Phnom Penh,Tier_1,store,20500.0,0.0,0,0.0,0,115.9,0.0,1,0,2026-08-25 10:24:19.216921+00
13495401,19900.0,9.898525260706313,SsangYong,Rexton,2018,8,100000.0,1,2000.0,1,Diesel,Automatic,White,used,0,Other,Phnom Penh,Tier_1,store,19900.0,0.0,0,0.0,0,108.0,0.0,1,0,2026-08-25 10:26:39.362796+00
13927540,32000.0,10.373522431293592,SsangYong,Rexton,2018,8,100000.0,1,2000.0,1,Petrol,Automatic,White,used,0,Other,Phnom Penh,Tier_1,store,32000.0,0.0,0,0.0,0,0.0,0.0,0,0,2026-08-25 10:17:01.296347+00
13625268,17000.0,9.741027444837728,SsangYong,Rexton,2018,8,100000.0,1,2000.0,1,Diesel,Automatic,White,used,0,Other,Phnom Penh,Tier_1,store,17000.0,0.0,0,0.0,0,77.7,0.0,0,0,2026-08-26 03:08:21.879352+00
13925672,18800.0,9.841665338892785,SsangYong,Rexton,2018,8,100000.0,1,2000.0,1,Diesel,Automatic,Blue,used,0,Other,Phnom Penh,Tier_1,store,18800.0,0.0,0,0.0,0,0.7,0.0,1,0,2026-08-26 03:04:29.965875+00
13244994,17500.0,9.770013301136158,SsangYong,Rexton,2018,8,100000.0,1,2000.0,1,Diesel,Automatic,White,used,0,Other,Phnom Penh,Tier_1,store,17500.0,0.0,0,0.0,0,176.9,0.0,1,0,2026-08-27 12:15:19.285386+00
13928347,18800.0,9.841665338892785,SsangYong,Rexton,2018,8,100000.0,1,2000.0,1,Diesel,Automatic,Black,used,0,Other,Phnom Penh,Tier_1,store,18800.0,0.0,0,0.0,0,0.3,0.0,1,0,2026-08-26 03:04:07.239599+00
13793702,19900.0,9.898525260706313,SsangYong,Rexton,2018,8,100000.0,1,2000.0,1,Diesel,Automatic,White,used,0,Other,Phnom Penh,Tier_1,store,19900.0,0.0,0,0.0,0,35.7,0.0,0,0,2026-08-26 03:08:31.038652+00
13864191,42500.0,10.657282884047461,SsangYong,Rexton,2023,3,100000.0,1,2000.0,1,Diesel,Automatic,Grey,used,1,Other,Phnom Penh,Tier_1,individual,42500.0,0.0,0,0.0,0,8.7,0.0,0,0,2026-08-17 08:51:06.459306+00
13225124,17000.0,9.741027444837728,SsangYong,Rexton,2018,8,100000.0,1,2000.0,1,Diesel,Automatic,Grey,used,0,Other,Phnom Penh,Tier_1,store,17000.0,0.0,0,0.0,0,179.9,0.0,1,0,2026-08-25 10:29:41.73713+00
13366969,20700.0,9.937937287265354,SsangYong,Rexton,2018,8,100000.0,1,2000.0,1,Diesel,Automatic,White,used,0,Other,Phnom Penh,Tier_1,store,20700.0,0.0,0,0.0,0,144.4,0.0,1,0,2026-08-25 10:24:31.504859+00
13923275,18700.0,9.83633227734872,SsangYong,Rexton,2018,8,100000.0,1,2000.0,1,Diesel,Automatic,Grey,used,0,Other,Phnom Penh,Tier_1,store,18700.0,0.0,0,0.0,0,0.8,0.0,1,0,2026-08-25 10:17:25.351533+00
13419024,17000.0,9.741027444837728,SsangYong,Rexton,2018,8,100000.0,1,2000.0,1,Diesel,Automatic,White,used,0,Other,Phnom Penh,Tier_1,store,17000.0,0.0,0,0.0,0,126.8,0.0,0,0,2026-08-25 10:24:32.770508+00
13923322,18800.0,9.841665338892785,SsangYong,Rexton,2018,8,100000.0,1,2000.0,1,Diesel,Automatic,Blue,used,0,Other,Phnom Penh,Tier_1,store,18800.0,0.0,0,0.0,0,0.8,0.0,0,0,2026-08-25 10:17:24.067632+00
13755746,17000.0,9.741027444837728,SsangYong,Rexton,2018,8,100000.0,1,2000.0,1,Diesel,Automatic,Blue,used,0,Other,Phnom Penh,Tier_1,store,17000.0,0.0,0,0.0,0,45.0,0.0,1,0,2026-08-25 10:29:40.417407+00
13589229,20500.0,9.928228944424575,SsangYong,Rexton,2018,8,100000.0,1,2000.0,1,Diesel,Automatic,Black,used,0,Other,Phnom Penh,Tier_1,store,20500.0,0.0,0,0.0,0,85.9,0.0,1,0,2026-08-25 10:26:36.661153+00
13925634,18700.0,9.83633227734872,SsangYong,Rexton,2018,8,100000.0,1,2000.0,1,Diesel,Automatic,Grey,used,0,Other,Phnom Penh,Tier_1,store,18700.0,0.0,0,0.0,0,0.7,0.0,0,0,2026-08-26 03:04:31.361248+00
13929606,18800.0,9.841665338892785,SsangYong,Rexton,2018,8,100000.0,1,2000.0,1,Diesel,Automatic,Blue,used,0,Other,Phnom Penh,Tier_1,store,18800.0,0.0,0,0.0,0,0.0,0.0,1,0,2026-08-26 02:59:19.539772+00
13696937,28500.0,10.25769445336048,SsangYong,Rexton,2022,4,100000.0,1,2000.0,1,Diesel,Automatic,Black,used,1,Other,Phnom Penh,Tier_1,individual,28500.0,0.0,0,0.0,0,62.0,0.0,0,0,2026-08-27 12:08:51.549925+00
13927093,17900.0,9.792611856190192,SsangYong,Rexton,2018,8,100000.0,1,2000.0,1,Diesel,Automatic,Black,used,1,Other,Phnom Penh,Tier_1,individual,17900.0,0.0,0,0.0,0,0.0,0.0,0,0,2026-08-25 10:21:13.894859+00
13808875,17500.0,9.770013301136158,SsangYong,Rexton,2019,7,100000.0,1,2000.0,1,Diesel,Automatic,Grey,used,0,Other,Phnom Penh,Tier_1,store,17500.0,0.0,0,0.0,0,31.7,0.0,0,0,2026-08-26 03:08:31.646432+00
13315840,17500.0,9.770013301136158,SsangYong,Rexton,2019,7,100000.0,1,2000.0,1,Diesel,Automatic,Grey,used,0,Other,Phnom Penh,Tier_1,store,17500.0,0.0,0,0.0,0,158.3,0.0,1,0,2026-08-26 03:08:19.988771+00
13797888,26800.0,10.196194479235656,SsangYong,Rexton,2019,7,100000.0,1,2000.0,1,Diesel,Automatic,Black,used,1,Other,Phnom Penh,Tier_1,individual,26800.0,0.0,0,0.0,0,32.9,0.0,0,0,2026-08-24 10:11:10.066381+00
13929625,23000.0,10.043292972227004,SsangYong,Rexton,2019,7,100000.0,1,2000.0,1,Diesel,Automatic,Black,used,1,Other,Phnom Penh,Tier_1,individual,23000.0,0.0,0,0.0,0,0.0,0.0,0,0,2026-08-26 02:58:09.512876+00
13925651,33500.0,10.419330568113901,SsangYong,Rexton,2024,2,100000.0,1,2000.0,1,Diesel,Automatic,Grey,used,1,Other,Phnom Penh,Tier_1,store,33500.0,0.0,0,0.0,0,0.7,0.0,1,0,2026-08-26 03:04:30.695486+00
13923294,33500.0,10.419330568113901,SsangYong,Rexton,2024,2,100000.0,1,2000.0,1,Diesel,Automatic,Grey,used,1,Other,Phnom Penh,Tier_1,store,33500.0,0.0,0,0.0,0,0.8,0.0,0,0,2026-08-25 10:17:24.761289+00
13929591,33500.0,10.419330568113901,SsangYong,Rexton,2024,2,100000.0,1,2000.0,1,Diesel,Automatic,Grey,used,1,Other,Phnom Penh,Tier_1,store,33500.0,0.0,0,0.0,0,0.0,0.0,0,0,2026-08-26 03:00:33.994973+00
13278250,17500.0,9.770013301136158,SsangYong,Rexton,2019,7,100000.0,1,2000.0,1,Diesel,Automatic,Grey,used,0,Other,Phnom Penh,Tier_1,store,17500.0,0.0,0,0.0,0,167.2,0.0,1,0,2026-08-26 03:07:35.565633+00
13583536,20700.0,9.937937287265354,SsangYong,Rexton,2018,8,100000.0,1,2000.0,1,Diesel,Automatic,Black,used,0,Other,Phnom Penh,Tier_1,store,20700.0,0.0,0,0.0,0,88.3,0.0,1,0,2026-08-26 03:08:20.633528+00
13929548,18800.0,9.841665338892785,SsangYong,Rexton,2018,8,100000.0,1,2000.0,1,Diesel,Automatic,Black,used,0,Other,Phnom Penh,Tier_1,store,18800.0,0.0,0,0.0,0,0.0,0.0,0,0,2026-08-26 03:02:00.642302+00
13622286,17000.0,9.741027444837728,SsangYong,Rexton,2018,8,100000.0,1,2000.0,1,Diesel,Automatic,White,used,0,Other,Phnom Penh,Tier_1,store,17000.0,0.0,0,0.0,0,78.5,0.0,0,0,2026-08-26 03:08:33.007876+00
13299907,20500.0,9.928228944424575,SsangYong,Rexton,2018,8,100000.0,1,2000.0,1,Diesel,Automatic,White,used,0,Other,Phnom Penh,Tier_1,store,20500.0,0.0,0,0.0,0,161.7,0.0,1,0,2026-08-26 03:08:21.299537+00
13315248,17500.0,9.770013301136158,SsangYong,Rexton,2018,8,100000.0,1,2000.0,1,Diesel,Automatic,Grey,used,0,Other,Phnom Penh,Tier_1,store,17500.0,0.0,0,0.0,0,159.8,0.0,0,0,2026-08-27 12:15:11.124416+00
13910031,17700.0,9.781376414141157,Hyundai,Santa Fe,2015,11,100000.0,1,2000.0,1,Diesel,Automatic,Silver,used,1,Mass_Market,Siem Reap,Tier_2,individual,17700.0,0.0,0,0.0,0,0.9,0.0,0,0,2026-08-22 02:44:55.681732+00
13738805,28500.0,10.25769445336048,Hyundai,Santa Fe,2022,4,100000.0,1,2000.0,1,Diesel,Automatic,White,used,1,Mass_Market,Phnom Penh,Tier_1,store,28500.0,0.0,0,0.0,0,51.1,0.0,1,0,2026-08-27 12:18:25.864709+00
13897007,15300.0,9.635673464721814,Hyundai,Santa Fe,2018,8,100000.0,1,2000.0,1,Petrol,Automatic,White,used,1,Mass_Market,Phnom Penh,Tier_1,individual,15300.0,0.0,0,0.0,0,0.0,0.0,0,0,2026-08-17 08:51:06.472797+00
13770007,19500.0,9.87822102528824,Hyundai,Santa Fe,2019,7,100000.0,1,2000.0,1,Diesel,Automatic,Brown,used,1,Mass_Market,Phnom Penh,Tier_1,store,19500.0,0.0,0,0.0,0,43.6,0.0,0,0,2026-08-27 12:17:06.65879+00
13211988,26000.0,10.165890277802454,Hyundai,Santa Fe,2019,7,100000.0,1,2000.0,1,Diesel,Automatic,Unknown,used,1,Mass_Market,Phnom Penh,Tier_1,store,26000.0,0.0,0,0.0,0,176.7,0.0,1,0,2026-08-19 02:48:04.749024+00
13546322,25500.0,10.146472946063877,Hyundai,Santa Fe,2019,7,100000.0,1,2000.0,1,Diesel,Automatic,White,used,1,Mass_Market,Phnom Penh,Tier_1,store,25500.0,0.0,0,0.0,0,96.7,0.0,1,0,2026-08-26 03:00:47.568659+00
13864133,13500.0,9.510519035757246,Toyota,Sienna,2004,22,100000.0,1,2000.0,1,Petrol,Automatic,White,used,1,Mass_Market,Phnom Penh,Tier_1,individual,13500.0,0.0,0,0.0,0,13.4,0.0,0,0,2026-08-22 02:44:51.794474+00
13834705,11800.0,9.375939552625749,Toyota,Sienna,2004,22,100000.0,1,2000.0,1,Petrol,Automatic,White,used,1,Mass_Market,Battambang,Tier_2,individual,11800.0,0.0,0,0.0,0,26.3,0.0,0,0,2026-08-27 12:14:28.275866+00
13394034,27000.0,10.203629181337648,Toyota,Sienna,2012,14,100000.0,1,2000.0,1,Petrol,Automatic,White,used,1,Mass_Market,Phnom Penh,Tier_1,individual,27000.0,0.0,0,0.0,0,137.6,0.0,0,0,2026-08-25 10:25:51.916257+00
13714734,16800.0,9.729193687429403,Toyota,Sienna,2011,15,100000.0,1,2000.0,1,Petrol,Automatic,Black,used,1,Mass_Market,Phnom Penh,Tier_1,store,16800.0,0.0,0,0.0,0,57.3,0.0,0,0,2026-08-27 12:08:26.241437+00
13420700,27000.0,10.203629181337648,Toyota,Sienna,2015,11,100000.0,1,2000.0,1,Petrol,Automatic,Gold,used,1,Mass_Market,Phnom Penh,Tier_1,store,27000.0,0.0,0,0.0,0,126.8,0.0,0,0,2026-08-26 03:10:12.198837+00
13399600,45000.0,10.714439990727769,JETOUR,T2,2025,1,100000.0,1,2000.0,1,Hybrid,Automatic,Black,used,1,Other,Phnom Penh,Tier_1,store,45000.0,0.0,0,0.0,0,137.8,0.0,0,0,2026-08-27 12:11:06.723215+00
13779215,5700.0,8.648396877031582,Toyota,Tacoma,1997,29,100000.0,1,2000.0,1,Petrol,Automatic,Red,used,1,Mass_Market,Phnom Penh,Tier_1,store,5700.0,0.0,0,0.0,0,33.9,0.0,0,1,2026-08-20 08:37:23.594018+00
13829591,15900.0,9.674137279312397,Toyota,Tacoma,2005,21,100000.0,1,2000.0,1,Petrol,Automatic,White,used,1,Mass_Market,Phnom Penh,Tier_1,individual,15900.0,0.0,0,0.0,0,27.9,0.0,0,0,2026-08-27 12:16:03.330672+00
13883661,17500.0,9.770013301136158,Toyota,Tacoma,2007,19,100000.0,1,2000.0,1,Petrol,Automatic,Black,used,1,Mass_Market,Phnom Penh,Tier_1,store,17500.0,0.0,0,0.0,0,11.6,0.0,0,0,2026-08-25 10:19:56.23257+00
13713330,25500.0,10.146472946063877,Toyota,Tacoma,2015,11,100000.0,1,2000.0,1,Petrol,Automatic,Silver,used,0,Mass_Market,Phnom Penh,Tier_1,store,25500.0,0.0,0,0.0,0,57.8,0.0,0,0,2026-08-27 12:15:24.800059+00
13855098,14850.0,9.605822482030945,Toyota,Tacoma,2007,19,100000.0,1,2000.0,1,Petrol,Automatic,Silver,used,1,Mass_Market,Svay Rieng,Tier_3,individual,14850.0,0.0,0,0.0,0,21.0,0.0,0,0,2026-08-27 12:17:15.764826+00
13716857,23500.0,10.064798252418377,Toyota,Tacoma,2011,15,100000.0,1,2000.0,1,Petrol,Automatic,White,used,0,Mass_Market,Phnom Penh,Tier_1,store,23500.0,0.0,0,0.0,0,54.8,0.0,0,0,2026-08-25 10:29:42.362645+00
13589323,25500.0,10.146472946063877,Toyota,Tacoma,2014,12,100000.0,1,2000.0,1,Petrol,Automatic,White,used,0,Mass_Market,Phnom Penh,Tier_1,store,25500.0,0.0,0,0.0,0,86.6,0.0,0,0,2026-08-26 02:59:42.930959+00
13704460,24000.0,10.085850775128717,Toyota,Tacoma,2014,12,100000.0,1,2000.0,1,Petrol,Automatic,White,used,0,Mass_Market,Phnom Penh,Tier_1,store,24000.0,0.0,0,0.0,0,58.0,0.0,0,0,2026-08-25 10:27:51.749663+00
13860121,16400.0,9.70509758756311,Toyota,Tacoma,2005,21,100000.0,1,2000.0,1,Petrol,Automatic,Silver,used,1,Mass_Market,Phnom Penh,Tier_1,store,16400.0,0.0,0,0.0,0,17.8,0.0,0,0,2026-08-25 10:26:47.238265+00
13573008,13800.0,9.53249633228804,Toyota,Tacoma,2003,23,100000.0,1,2000.0,1,Petrol,Automatic,White,used,1,Mass_Market,Phnom Penh,Tier_1,store,13800.0,0.0,0,0.0,0,90.6,0.0,0,0,2026-08-26 02:57:05.468641+00
13480732,11000.0,9.305741456739435,Toyota,Tacoma,2003,23,100000.0,1,2000.0,1,Petrol,Automatic,Black,used,1,Mass_Market,Phnom Penh,Tier_1,store,11000.0,0.0,0,0.0,0,106.6,0.0,0,0,2026-08-20 08:37:41.025887+00
13901987,11300.0,9.332646496360152,Toyota,Tacoma,2003,23,100000.0,1,2000.0,1,Petrol,Automatic,Silver,used,1,Mass_Market,Phnom Penh,Tier_1,store,11300.0,0.0,0,0.0,0,1.6,0.0,0,0,2026-08-20 08:37:41.027047+00
13926999,8800.0,9.082620630373812,Toyota,Tacoma,2003,23,100000.0,1,2000.0,1,Petrol,Automatic,Silver,used,1,Mass_Market,Phnom Penh,Tier_1,store,8800.0,0.0,0,0.0,0,0.0,0.0,0,0,2026-08-25 10:23:01.715352+00
13883658,16800.0,9.729193687429403,Toyota,Tacoma,2005,21,100000.0,1,2000.0,1,Petrol,Automatic,White,used,1,Mass_Market,Phnom Penh,Tier_1,store,16800.0,0.0,0,0.0,0,3.5,0.0,0,0,2026-08-17 08:51:05.447921+00
13865059,5900.0,8.682877107057168,Toyota,Tacoma,1999,27,100000.0,1,2000.0,1,Petrol,Automatic,Black,used,1,Mass_Market,Siem Reap,Tier_2,store,5900.0,0.0,0,0.0,0,13.2,0.0,0,0,2026-08-22 02:44:36.191613+00
13813055,16500.0,9.711176264112805,Toyota,Tacoma,2007,19,100000.0,1,2000.0,1,Petrol,Automatic,Unknown,used,1,Mass_Market,Phnom Penh,Tier_1,store,16500.0,0.0,0,0.0,0,24.7,0.0,0,0,2026-08-20 08:37:44.216441+00
13790778,17500.0,9.770013301136158,Toyota,Tacoma,2006,20,100000.0,1,2000.0,1,Petrol,Automatic,Gold,used,1,Mass_Market,Phnom Penh,Tier_1,store,17500.0,0.0,0,0.0,0,36.5,0.0,0,0,2026-08-26 03:06:48.200663+00
13907061,18300.0,9.814710982145282,Toyota,Tacoma,2006,20,100000.0,1,2000.0,1,Petrol,Automatic,White,used,1,Mass_Market,Phnom Penh,Tier_1,store,18300.0,0.0,0,0.0,0,7.1,0.0,0,0,2026-08-27 12:10:28.845321+00
13776478,15500.0,9.648659816955295,Toyota,Tacoma,2006,20,100000.0,1,2000.0,1,Petrol,Automatic,White,used,1,Mass_Market,Tboung Khmum,Tier_3,store,15500.0,0.0,0,0.0,0,40.5,0.0,0,0,2026-08-26 03:07:16.524531+00
13824026,16500.0,9.711176264112805,Toyota,Tacoma,2006,20,100000.0,1,2000.0,1,Petrol,Automatic,Black,used,1,Mass_Market,Phnom Penh,Tier_1,store,16500.0,0.0,0,0.0,0,29.0,0.0,0,0,2026-08-27 12:15:01.170365+00
13892345,16900.0,9.735128070758227,Toyota,Tacoma,2006,20,100000.0,1,2000.0,1,Petrol,Automatic,Silver,used,1,Mass_Market,Phnom Penh,Tier_1,store,16900.0,0.0,0,0.0,0,9.0,0.0,0,0,2026-08-25 10:26:50.852453+00
13898523,8900.0,9.093918908958932,Toyota,Tacoma,2001,25,100000.0,1,2000.0,1,Petrol,Automatic,Silver,used,1,Mass_Market,Phnom Penh,Tier_1,store,9500.0,600.0,1,0.0,0,9.6,0.0,0,0,2026-08-27 12:05:55.244995+00
13689881,21500.0,9.975854724662028,Toyota,Tacoma,2013,13,100000.0,1,2000.0,1,Petrol,Automatic,Grey,used,0,Mass_Market,Phnom Penh,Tier_1,store,21500.0,0.0,0,0.0,0,63.9,0.0,0,0,2026-08-27 12:13:43.853526+00
13516597,23200.0,10.05195066017375,Toyota,Tacoma,2013,13,100000.0,1,2000.0,1,Petrol,Automatic,Silver,used,0,Mass_Market,Phnom Penh,Tier_1,store,23200.0,0.0,0,0.0,0,102.9,0.0,0,0,2026-08-25 10:29:25.037425+00
13739506,6900.0,8.839421607620602,Toyota,Tacoma,2002,24,100000.0,1,2000.0,1,Petrol,Automatic,Unknown,used,1,Mass_Market,Phnom Penh,Tier_1,store,6900.0,0.0,0,0.0,0,43.8,0.0,0,0,2026-08-20 08:37:44.216867+00
13838426,9900.0,9.200391041122515,Toyota,Tacoma,2002,24,100000.0,1,2000.0,1,Petrol,Automatic,Silver,used,1,Mass_Market,Phnom Penh,Tier_1,store,10500.0,600.0,1,0.0,0,25.1,0.0,0,0,2026-08-27 12:06:08.501487+00
13936571,24000.0,10.085850775128717,Toyota,Tacoma,2013,13,100000.0,1,2000.0,1,Petrol,Automatic,Unknown,used,0,Mass_Market,Siem Reap,Tier_2,individual,24000.0,0.0,0,0.0,0,0.0,0.0,0,0,2026-08-27 12:06:19.432912+00
13589309,25500.0,10.146472946063877,Toyota,Tacoma,2013,13,100000.0,1,2000.0,1,Petrol,Automatic,White,used,0,Mass_Market,Phnom Penh,Tier_1,store,25500.0,0.0,0,0.0,0,85.9,0.0,0,0,2026-08-25 10:29:34.327652+00
13895610,28800.0,10.268165387743457,Toyota,Tacoma,2016,10,100000.0,1,2000.0,1,Petrol,Automatic,White,used,0,Mass_Market,Phnom Penh,Tier_1,store,29800.0,1000.0,1,0.0,0,10.1,0.0,0,0,2026-08-27 12:19:23.259262+00
13875987,27900.0,10.236417809461043,Toyota,Tacoma,2016,10,100000.0,1,2000.0,1,Petrol,Automatic,Unknown,used,0,Mass_Market,Phnom Penh,Tier_1,individual,27900.0,0.0,0,0.0,0,6.5,0.0,0,0,2026-08-18 10:18:57.647844+00
13897400,15800.0,9.6678285081515,Toyota,Tacoma,2006,20,100000.0,1,2000.0,1,Petrol,Automatic,Silver,used,1,Mass_Market,Phnom Penh,Tier_1,store,15800.0,0.0,0,0.0,0,9.8,0.0,0,0,2026-08-27 12:11:10.406204+00
13889951,12900.0,9.465060106725137,Toyota,Tacoma,2005,21,100000.0,1,2000.0,1,Petrol,Automatic,White,used,1,Mass_Market,Phnom Penh,Tier_1,store,13500.0,600.0,1,0.0,0,11.9,0.0,0,0,2026-08-27 12:05:45.798598+00
13834581,7900.0,8.974744612722734,Toyota,Tacoma,2000,26,100000.0,1,2000.0,1,Petrol,Automatic,White,used,1,Mass_Market,Phnom Penh,Tier_1,store,7900.0,0.0,0,0.0,0,19.4,0.0,0,0,2026-08-20 08:37:44.215486+00
13900584,8800.0,9.082620630373812,Toyota,Tacoma,2005,21,100000.0,1,2000.0,1,Petrol,Automatic,Silver,used,1,Mass_Market,Phnom Penh,Tier_1,individual,8800.0,0.0,0,0.0,0,9.0,0.0,0,0,2026-08-27 12:19:52.730279+00
13936334,19300.0,9.867912187022208,Toyota,Tacoma,2008,18,100000.0,1,2000.0,1,Petrol,Automatic,Unknown,used,0,Mass_Market,Phnom Penh,Tier_1,store,19300.0,0.0,0,0.0,0,0.0,0.0,0,0,2026-08-27 12:11:18.578444+00
13294410,24500.0,10.106469212026385,Toyota,Tacoma,2012,14,100000.0,1,2000.0,1,Petrol,Automatic,White,used,0,Mass_Market,Phnom Penh,Tier_1,store,24500.0,0.0,0,0.0,0,162.8,0.0,0,0,2026-08-26 02:59:54.458005+00
13736268,6900.0,8.839421607620602,Toyota,Tacoma,1998,28,100000.0,1,2000.0,1,Petrol,Automatic,Red,used,1,Mass_Market,Phnom Penh,Tier_1,store,6900.0,0.0,0,0.0,0,48.8,0.0,0,0,2026-08-24 10:11:19.256189+00
13880381,16700.0,9.723223876851618,Toyota,Tacoma,2005,21,100000.0,1,2000.0,1,Petrol,Automatic,White,used,1,Mass_Market,Phnom Penh,Tier_1,store,16700.0,0.0,0,0.0,0,12.1,0.0,0,0,2026-08-25 10:26:45.772513+00
13910003,15500.0,9.648659816955295,Toyota,Tacoma,2005,21,100000.0,1,2000.0,1,Petrol,Automatic,Gold,used,1,Mass_Market,Phnom Penh,Tier_1,individual,15500.0,0.0,0,0.0,0,6.4,0.0,0,0,2026-08-27 12:08:42.183974+00
13926461,13333.0,9.498072443178005,Toyota,Tacoma,2005,21,100000.0,1,2000.0,1,Petrol,Automatic,Gold,used,1,Mass_Market,Phnom Penh,Tier_1,individual,13333.0,0.0,0,0.0,0,0.0,0.0,0,0,2026-08-25 10:28:23.95772+00
13863457,12000.0,9.392745258631441,Chevrolet,Tahoe,2011,15,100000.0,1,2000.0,1,Petrol,Automatic,Unknown,used,1,Mass_Market,Phnom Penh,Tier_1,store,12000.0,0.0,0,0.0,0,16.9,0.0,0,0,2026-08-25 10:24:42.068906+00
13883020,12500.0,9.433563920090563,SsangYong,Tivoli,2023,3,100000.0,1,2000.0,1,Petrol,Automatic,White,used,0,Other,Phnom Penh,Tier_1,individual,13500.0,1000.0,1,0.0,0,13.8,0.0,0,0,2026-08-27 12:16:34.082988+00
13919864,12500.0,9.433563920090563,SsangYong,Tivoli,2017,9,100000.0,1,2000.0,1,Petrol,Automatic,Black,used,1,Other,Phnom Penh,Tier_1,store,12500.0,0.0,0,0.0,0,3.7,0.0,0,0,2026-08-27 12:09:13.847576+00
13769970,22000.0,9.99884318585288,Chevrolet,Tracker,2023,3,100000.0,1,2000.0,1,Petrol,Automatic,White,used,1,Mass_Market,Phnom Penh,Tier_1,individual,22000.0,0.0,0,0.0,0,42.3,0.0,0,0,2026-08-26 02:57:13.427928+00
13909021,18500.0,9.825580063659602,Chevrolet,Tracker,2020,6,100000.0,1,2000.0,1,Petrol,Automatic,Black,used,0,Mass_Market,Phnom Penh,Tier_1,store,18500.0,0.0,0,0.0,0,3.7,0.0,0,0,2026-08-24 10:11:18.273739+00
13879333,22000.0,9.99884318585288,Chevrolet,Tracker,2022,4,100000.0,1,2000.0,1,Petrol,Automatic,White,used,1,Mass_Market,Phnom Penh,Tier_1,store,20500.0,0.0,0,1500.0,1,8.4,0.0,0,0,2026-08-21 02:53:09.877439+00
13663182,15500.0,9.648659816955295,Hyundai,Truck,2006,20,100000.0,1,2000.0,1,Diesel,Manual,White,used,1,Mass_Market,Phnom Penh,Tier_1,store,15500.0,0.0,0,0.0,0,68.7,0.0,0,0,2026-08-26 03:04:51.651588+00
13823436,11000.0,9.305741456739435,Kia,Truck,2002,24,100000.0,1,2000.0,1,Diesel,Manual,White,used,1,Mass_Market,Phnom Penh,Tier_1,store,11000.0,0.0,0,0.0,0,27.7,0.0,0,0,2026-08-26 03:09:47.772711+00
13771025,11000.0,9.305741456739435,Kia,Truck,2002,24,100000.0,1,2000.0,1,Diesel,Manual,Blue,used,1,Mass_Market,Phnom Penh,Tier_1,store,11000.0,0.0,0,0.0,0,41.7,0.0,0,0,2026-08-26 03:04:45.803106+00
13730837,11000.0,9.305741456739435,Kia,Truck,2002,24,100000.0,1,2000.0,1,Diesel,Manual,White,used,1,Mass_Market,Phnom Penh,Tier_1,store,11000.0,0.0,0,0.0,0,51.7,0.0,0,0,2026-08-26 03:07:25.111511+00
13900549,13900.0,9.539716058977092,Hyundai,Truck,2002,24,100000.0,1,2000.0,1,Diesel,Manual,White,used,1,Mass_Market,Preah Sihanouk,Tier_2,individual,13500.0,0.0,0,400.0,1,6.9,0.0,0,0,2026-08-25 10:28:06.448914+00
13906303,14800.0,9.60245002503719,Hyundai,Truck,2002,24,100000.0,1,2000.0,1,Diesel,Manual,White,used,1,Mass_Market,Phnom Penh,Tier_1,individual,14800.0,0.0,0,0.0,0,7.2,0.0,0,0,2026-08-27 12:17:55.601297+00
13928975,8500.0,9.04793908261736,Kia,Truck,2001,25,100000.0,1,2000.0,1,Diesel,Manual,White,used,1,Mass_Market,Kampong Cham,Tier_2,individual,8500.0,0.0,0,0.0,0,1.4,0.0,0,0,2026-08-27 12:19:30.151732+00
13897336,9000.0,9.105090961257085,Hyundai,Truck,2007,19,100000.0,1,2000.0,1,Diesel,Manual,White,used,1,Mass_Market,Phnom Penh,Tier_1,individual,9000.0,0.0,0,0.0,0,0.0,0.0,0,0,2026-08-17 08:50:53.012195+00
13876954,16800.0,9.729193687429403,Hyundai,Truck,2000,26,100000.0,1,2000.0,1,Diesel,Manual,White,used,1,Mass_Market,Phnom Penh,Tier_1,individual,16800.0,0.0,0,0.0,0,15.1,0.0,0,0,2026-08-27 12:07:59.076815+00
13621733,9500.0,9.15915233520675,Hyundai,Truck,2005,21,100000.0,1,2000.0,1,Diesel,Manual,White,used,1,Mass_Market,Phnom Penh,Tier_1,store,9500.0,0.0,0,0.0,0,78.6,0.0,0,0,2026-08-26 03:03:54.689304+00
13677999,8900.0,9.093918908958932,Hyundai,Truck,2005,21,100000.0,1,2000.0,1,Diesel,Manual,White,used,1,Mass_Market,Phnom Penh,Tier_1,store,8900.0,0.0,0,0.0,0,64.7,0.0,0,0,2026-08-26 03:07:04.621169+00
13865998,4800.0,8.476579508530941,Wuling,Truck,2016,10,100000.0,1,2000.0,1,Petrol,Automatic,Unknown,used,1,Chinese_EV,Phnom Penh,Tier_1,individual,4800.0,0.0,0,0.0,0,15.0,0.0,0,0,2026-08-24 10:11:12.107418+00
13393743,17000.0,9.741027444837728,Hyundai,Truck,2001,25,100000.0,1,2000.0,1,Diesel,Manual,White,used,1,Mass_Market,Phnom Penh,Tier_1,store,17000.0,0.0,0,0.0,0,135.4,0.0,0,0,2026-08-23 02:53:03.743941+00
13757750,12500.0,9.433563920090563,Hyundai,Truck,1995,31,100000.0,1,2000.0,1,Diesel,Manual,White,used,1,Mass_Market,Oddar Meanchey,Tier_3,individual,12500.0,0.0,0,0.0,0,42.4,0.0,0,1,2026-08-23 02:53:00.51937+00
13922561,19800.0,9.893487720457795,Toyota,Vios,2022,4,100000.0,1,2000.0,1,Petrol,Automatic,White,used,1,Mass_Market,Phnom Penh,Tier_1,store,19800.0,0.0,0,0.0,0,0.8,0.0,0,0,2026-08-25 10:13:29.711948+00
13724329,34900.0,10.460270761075149,Toyota,Vios,2026,0,100000.0,1,2000.0,1,Hybrid,Automatic,White,new,0,Mass_Market,Phnom Penh,Tier_1,store,34900.0,0.0,0,0.0,0,52.9,0.0,0,0,2026-08-25 10:29:02.388978+00
13893467,10900.0,9.296609807128359,Toyota,Vios,2014,12,100000.0,1,2000.0,1,Petrol,Automatic,Unknown,used,1,Mass_Market,Phnom Penh,Tier_1,store,10900.0,0.0,0,0.0,0,0.7,0.0,0,0,2026-08-17 08:51:03.584859+00
13650656,11500.0,9.350189267092581,Toyota,Vios,2014,12,100000.0,1,2000.0,1,Petrol,Automatic,Unknown,used,1,Mass_Market,Phnom Penh,Tier_1,store,11500.0,0.0,0,0.0,0,70.9,0.0,0,0,2026-08-25 10:23:45.157393+00
13276569,11500.0,9.350189267092581,Toyota,Vios,2014,12,100000.0,1,2000.0,1,Petrol,Automatic,Unknown,used,1,Mass_Market,Phnom Penh,Tier_1,store,11500.0,0.0,0,0.0,0,166.9,0.0,0,0,2026-08-25 10:22:06.015973+00
13856465,21600.0,9.980494888896912,Dongfeng,fengon landian e5,2023,3,100000.0,1,2000.0,1,Petrol,Automatic,Unknown,used,1,Chinese_EV,Phnom Penh,Tier_1,store,21600.0,0.0,0,0.0,0,15.4,0.0,0,0,2026-08-22 02:44:40.066212+00
13750739,9900.0,9.200391041122515,Nissan,frontier,2008,18,100000.0,1,2000.0,1,Petrol,Automatic,White,used,1,Mass_Market,Siem Reap,Tier_2,store,9900.0,0.0,0,0.0,0,42.9,0.0,0,0,2026-08-22 02:45:00.820853+00
13929923,26800.0,10.196194479235656,iCar,iCAR GT,2025,1,100000.0,1,2000.0,1,Electric,Automatic,White,new,0,Chinese_EV,Kandal,Tier_2,individual,26800.0,0.0,0,0.0,0,1.1,0.0,0,0,2026-08-27 12:17:46.63137+00
13935710,3700.0,8.216358332386156,Kia,morning,2005,21,100000.0,1,2000.0,1,Petrol,Automatic,Unknown,used,1,Mass_Market,Phnom Penh,Tier_1,individual,3700.0,0.0,0,0.0,0,0.0,0.0,0,1,2026-08-27 12:16:43.935494+00
13646817,8500.0,9.04793908261736,Kia,morning,2012,14,100000.0,1,2000.0,1,Petrol,Automatic,Unknown,used,1,Mass_Market,Phnom Penh,Tier_1,store,8500.0,0.0,0,0.0,0,74.0,0.0,1,0,2026-08-27 12:16:36.344308+00
13773397,30000.0,10.308985993422082,BMW,6 Series,2012,14,100000.0,1,2000.0,1,Petrol,Automatic,White,used,1,Luxury,Phnom Penh,Tier_1,store,30000.0,0.0,0,0.0,0,33.7,0.0,0,0,2026-08-18 10:18:56.72048+00
13896532,24890.0,10.122261571332395,Mazda,BT50 Pro,2016,10,100000.0,1,2000.0,1,Petrol,Automatic,Silver,used,1,Mass_Market,Phnom Penh,Tier_1,store,24890.0,0.0,0,0.0,0,8.6,0.0,0,0,2026-08-26 03:04:09.92922+00
13896557,26789.0,10.195783962538654,Mazda,BT50 Pro,2019,7,100000.0,1,2000.0,1,Petrol,Automatic,White,used,1,Mass_Market,Phnom Penh,Tier_1,store,26789.0,0.0,0,0.0,0,8.6,0.0,0,0,2026-08-26 03:04:18.530653+00
13911041,27800.0,10.2328272702548,Mazda,BT50 Pro,2020,6,100000.0,1,2000.0,1,Diesel,Automatic,White,used,1,Mass_Market,Phnom Penh,Tier_1,store,27800.0,0.0,0,0.0,0,6.1,0.0,0,0,2026-08-27 12:06:28.671927+00
13648956,25900.0,10.16203685698089,Mazda,BT50 Pro,2015,11,100000.0,1,2000.0,1,Diesel,Automatic,White,used,1,Mass_Market,Phnom Penh,Tier_1,store,25900.0,0.0,0,0.0,0,73.2,0.0,0,0,2026-08-27 12:16:29.084736+00
13899315,22000.0,9.99884318585288,Mazda,BT50 Pro,2013,13,100000.0,1,2000.0,1,Diesel,Automatic,White,used,1,Mass_Market,Phnom Penh,Tier_1,store,22000.0,0.0,0,0.0,0,7.7,0.0,0,0,2026-08-26 03:04:00.424835+00
13935812,3000.0,8.006700845440367,ផ្សេងៗ,Box,2009,17,100000.0,1,2000.0,1,Diesel,Manual,White,used,1,Other,Phnom Penh,Tier_1,individual,3000.0,0.0,0,0.0,0,0.0,0.0,0,0,2026-08-27 12:15:28.515428+00
13481881,47500.0,10.768506042432708,Mercedes-Benz,CLA,2020,6,100000.0,1,2000.0,1,Petrol,Automatic,Black,used,1,Luxury,Phnom Penh,Tier_1,store,47500.0,0.0,0,0.0,0,113.1,0.0,0,0,2026-08-27 12:07:24.707562+00
13643174,51500.0,10.849356503939038,Mercedes-Benz,CLA,2020,6,100000.0,1,2000.0,1,Petrol,Automatic,White,used,0,Luxury,Phnom Penh,Tier_1,store,51500.0,0.0,0,0.0,0,69.6,0.0,0,0,2026-08-22 02:45:00.818995+00
13309579,47500.0,10.768506042432708,Mercedes-Benz,CLA,2020,6,100000.0,1,2000.0,1,Petrol,Automatic,Black,used,1,Luxury,Phnom Penh,Tier_1,store,47500.0,0.0,0,0.0,0,161.0,0.0,0,0,2026-08-27 12:07:22.939534+00
13930282,47500.0,10.768506042432708,Mercedes-Benz,CLA,2020,6,100000.0,1,2000.0,1,Petrol,Automatic,Black,used,1,Luxury,Phnom Penh,Tier_1,store,47500.0,0.0,0,0.0,0,1.0,0.0,0,0,2026-08-27 12:08:21.527243+00
13705670,49500.0,10.809748150372926,Mercedes-Benz,CLA,2020,6,100000.0,1,2000.0,1,Petrol,Automatic,White,new,0,Luxury,Phnom Penh,Tier_1,store,49500.0,0.0,0,0.0,0,57.7,0.0,0,0,2026-08-25 10:16:21.45017+00
13665767,19500.0,9.87822102528824,Mercedes-Benz,CLA,2014,12,100000.0,1,2000.0,1,Petrol,Automatic,White,used,1,Luxury,Phnom Penh,Tier_1,store,19500.0,0.0,0,0.0,0,69.5,0.0,0,0,2026-08-27 12:12:49.896011+00
13926876,18800.0,9.841665338892785,Mercedes-Benz,CLA,2014,12,100000.0,1,2000.0,1,Petrol,Automatic,Grey,used,1,Luxury,Phnom Penh,Tier_1,individual,18800.0,0.0,0,0.0,0,0.0,0.0,0,0,2026-08-25 10:24:34.79995+00
13927883,17500.0,9.770013301136158,Mercedes-Benz,CLA,2014,12,100000.0,1,2000.0,1,Petrol,Automatic,White,used,1,Luxury,Phnom Penh,Tier_1,store,17500.0,0.0,0,0.0,0,0.0,0.0,0,0,2026-08-25 10:13:56.928247+00
13876049,19850.0,9.89600966268017,Mazda,CX-5,2017,9,100000.0,1,2000.0,1,Petrol,Automatic,White,used,1,Mass_Market,Phnom Penh,Tier_1,individual,19850.0,0.0,0,0.0,0,11.2,0.0,0,0,2026-08-23 02:52:50.508604+00
13393112,21000.0,9.952325334619427,Mazda,CX-5,2017,9,100000.0,1,2000.0,1,Petrol,Automatic,White,used,1,Mass_Market,Phnom Penh,Tier_1,store,21000.0,0.0,0,0.0,0,139.9,0.0,0,0,2026-08-27 12:12:47.317033+00
13823412,17300.0,9.758519582283522,Mazda,CX-5,2014,12,100000.0,1,2000.0,1,Petrol,Automatic,Black,used,1,Mass_Market,Phnom Penh,Tier_1,store,17300.0,0.0,0,0.0,0,27.7,0.0,0,0,2026-08-26 03:07:09.065556+00
13912700,16800.0,9.729193687429403,Mazda,CX-5,2016,10,100000.0,1,2000.0,1,Petrol,Automatic,Red,used,1,Mass_Market,Phnom Penh,Tier_1,individual,16800.0,0.0,0,0.0,0,5.8,0.0,0,0,2026-08-27 12:18:05.860623+00
13247754,31000.0,10.34177474101152,Mazda,CX-5,2025,1,100000.0,1,2000.0,1,Petrol,Automatic,Black,used,1,Mass_Market,Phnom Penh,Tier_1,individual,31000.0,0.0,0,0.0,0,174.7,0.0,0,0,2026-08-26 03:02:59.245819+00
13696702,15300.0,9.635673464721814,Lexus,Ct 200h,2012,14,100000.0,1,2000.0,1,Hybrid,Automatic,White,used,1,Luxury,Phnom Penh,Tier_1,individual,15300.0,0.0,0,0.0,0,59.0,0.0,0,0,2026-08-24 10:11:02.981142+00
13523962,49999.0,10.819778284410283,Isuzu,D-MAX,2026,0,100000.0,1,2000.0,1,Diesel,Automatic,Grey,new,0,Mass_Market,Siem Reap,Tier_2,store,49999.0,0.0,0,0.0,0,92.9,0.0,0,0,2026-08-17 08:51:06.452167+00
13874312,6500.0,8.77971129020447,Isuzu,D-MAX,2011,15,100000.0,1,2000.0,1,Diesel,Automatic,Silver,used,1,Mass_Market,Phnom Penh,Tier_1,store,6500.0,0.0,0,0.0,0,10.5,0.0,0,0,2026-08-22 02:44:59.592617+00
13876002,12000.0,9.392745258631441,Isuzu,D-MAX,2007,19,100000.0,1,2000.0,1,Diesel,Automatic,Blue,used,1,Mass_Market,Phnom Penh,Tier_1,individual,12000.0,0.0,0,0.0,0,15.6,0.0,0,0,2026-08-27 12:12:24.128781+00
13465924,37500.0,10.53212287826962,Isuzu,D-MAX,2026,0,100000.0,1,2000.0,1,Diesel,Automatic,Black,new,0,Mass_Market,Phnom Penh,Tier_1,store,37500.0,0.0,0,0.0,0,116.4,0.0,0,0,2026-08-26 03:10:14.960583+00
13822443,37999.0,10.545341438708522,Isuzu,D-MAX,2026,0,100000.0,1,2000.0,1,Diesel,Automatic,Grey,new,0,Mass_Market,Siem Reap,Tier_2,store,37999.0,0.0,0,0.0,0,28.3,0.0,0,0,2026-08-26 03:08:55.642688+00
13858931,89999.0,11.407564949312402,Land Rover,Defender,2021,5,100000.0,1,2000.0,1,Petrol,Automatic,Gold,used,1,Luxury,Phnom Penh,Tier_1,store,89999.0,0.0,0,0.0,0,20.0,0.0,0,0,2026-08-27 12:16:20.24153+00
13935742,79999.0,11.289781913656018,Land Rover,Defender,2020,6,100000.0,1,2000.0,1,Petrol,Automatic,Black,used,1,Luxury,Phnom Penh,Tier_1,store,79999.0,0.0,0,0.0,0,0.0,0.0,0,0,2026-08-27 12:16:08.576835+00
13897909,115000.0,11.652696102959753,Land Rover,Defender,2023,3,100000.0,1,2000.0,1,Petrol,Automatic,Black,used,1,Luxury,Phnom Penh,Tier_1,individual,115000.0,0.0,0,0.0,0,8.4,0.0,0,0,2026-08-26 03:09:40.489265+00
13918161,115000.0,11.652696102959753,Land Rover,Defender,2023,3,100000.0,1,2000.0,1,Petrol,Automatic,Black,used,1,Luxury,Phnom Penh,Tier_1,individual,115000.0,0.0,0,0.0,0,4.0,0.0,0,0,2026-08-27 12:09:57.358616+00
13577449,118000.0,11.678448377988165,Land Rover,Defender,2023,3,100000.0,1,2000.0,1,Diesel,Automatic,Black,used,1,Luxury,Phnom Penh,Tier_1,store,118000.0,0.0,0,0.0,0,88.9,0.0,0,0,2026-08-25 10:22:28.545301+00
13837177,79500.0,11.283524879179666,BYD,Denza D9,2024,2,100000.0,1,2000.0,1,Electric,Automatic,Unknown,used,1,Chinese_EV,Phnom Penh,Tier_1,store,79500.0,0.0,0,0.0,0,16.6,0.0,0,0,2026-08-18 10:18:56.719478+00
13445862,14888.0,9.608377964255551,BESTUNE,E05,2025,1,100000.0,1,2000.0,1,Electric,Automatic,White,new,0,Other,Phnom Penh,Tier_1,store,14888.0,0.0,0,0.0,0,120.6,0.0,0,0,2026-08-25 10:25:44.997728+00
13846544,27800.0,10.2328272702548,Mazda,EZ6,2025,1,100000.0,1,2000.0,1,Petrol,Automatic,Unknown,used,1,Mass_Market,Phnom Penh,Tier_1,store,27800.0,0.0,0,0.0,0,14.0,0.0,1,0,2026-08-18 10:18:52.997731+00
13927037,15300.0,9.635673464721814,Ford,EcoSport,2022,4,100000.0,1,2000.0,1,Petrol,Automatic,White,used,1,Mass_Market,Phnom Penh,Tier_1,store,15300.0,0.0,0,0.0,0,0.0,0.0,0,0,2026-08-25 10:22:21.11288+00
13917556,14900.0,9.60918360377546,Ford,EcoSport,2019,7,100000.0,1,2000.0,1,Petrol,Automatic,Unknown,used,1,Mass_Market,Phnom Penh,Tier_1,store,14900.0,0.0,0,0.0,0,0.0,0.0,1,0,2026-08-23 02:53:10.567788+00
13887756,14300.0,9.568084743872936,Ford,EcoSport,2021,5,100000.0,1,2000.0,1,Petrol,Automatic,Unknown,used,1,Mass_Market,Phnom Penh,Tier_1,store,14300.0,0.0,0,0.0,0,4.2,0.0,0,0,2026-08-19 02:47:57.914377+00
13889222,2950.0,7.989899374942939,Toyota,Estima,1993,33,100000.0,1,2000.0,1,Diesel,Automatic,Silver,used,1,Mass_Market,Kampong Chhnang,Tier_3,individual,2950.0,0.0,0,0.0,0,12.0,0.0,0,0,2026-08-27 12:05:45.201681+00
13907300,39000.0,10.571342565808699,Toyota,Fortuner,2020,6,100000.0,1,2000.0,1,Diesel,Automatic,White,used,1,Mass_Market,Phnom Penh,Tier_1,store,39000.0,0.0,0,0.0,0,5.7,0.0,0,0,2026-08-26 03:00:59.074659+00
13498681,59800.0,10.998777662206932,Toyota,Fortuner,2025,1,100000.0,1,2000.0,1,Diesel,Automatic,White,used,1,Mass_Market,Phnom Penh,Tier_1,store,59800.0,0.0,0,0.0,0,107.1,0.0,0,0,2026-08-25 10:25:34.906057+00
13501646,32000.0,10.373522431293592,Toyota,Fortuner,2019,7,100000.0,1,2000.0,1,Diesel,Automatic,White,used,1,Mass_Market,Takeo,Tier_3,individual,32000.0,0.0,0,0.0,0,106.8,0.0,0,0,2026-08-26 03:03:05.854083+00
13906040,35500.0,10.477316144080852,Toyota,Fortuner,2017,9,100000.0,1,2000.0,1,Diesel,Automatic,White,used,1,Mass_Market,Phnom Penh,Tier_1,individual,35500.0,0.0,0,0.0,0,5.5,0.0,0,0,2026-08-25 10:28:48.918794+00
13569569,43800.0,10.687411927154141,Toyota,Fortuner,2020,6,100000.0,1,2000.0,1,Diesel,Automatic,White,used,1,Mass_Market,Phnom Penh,Tier_1,store,43800.0,0.0,0,0.0,0,91.5,0.0,1,0,2026-08-26 03:10:06.726804+00
13881614,39690.0,10.588879740723007,Toyota,Fortuner,2020,6,100000.0,1,2000.0,1,Diesel,Automatic,White,used,1,Mass_Market,Phnom Penh,Tier_1,individual,39690.0,0.0,0,0.0,0,14.0,0.0,0,0,2026-08-27 12:05:56.475221+00
13806731,17000.0,9.741027444837728,Toyota,Fortuner,2008,18,100000.0,1,2000.0,1,Diesel,Automatic,Gold,used,1,Mass_Market,Kampot,Tier_3,individual,17000.0,0.0,0,0.0,0,26.7,0.0,0,0,2026-08-20 08:37:44.219088+00
13786070,48800.0,10.795506083434564,Toyota,Fortuner,2024,2,100000.0,1,2000.0,1,Diesel,Automatic,White,used,1,Mass_Market,Phnom Penh,Tier_1,store,48800.0,0.0,0,0.0,0,39.0,0.0,0,0,2026-08-27 12:07:18.306376+00
13923964,36900.0,10.515993929932415,Toyota,Fortuner,2019,7,100000.0,1,2000.0,1,Diesel,Automatic,White,used,1,Mass_Market,Phnom Penh,Tier_1,store,36900.0,0.0,0,0.0,0,2.7,0.0,0,0,2026-08-27 12:16:05.629743+00
13935730,37800.0,10.540090836284206,Toyota,Fortuner,2018,8,100000.0,1,2000.0,1,Diesel,Automatic,White,used,1,Mass_Market,Phnom Penh,Tier_1,store,37800.0,0.0,0,0.0,0,0.0,0.0,1,0,2026-08-27 12:16:11.361609+00
13882806,49500.0,10.809748150372926,Toyota,Fortuner,2022,4,100000.0,1,2000.0,1,Diesel,Automatic,White,used,1,Mass_Market,Phnom Penh,Tier_1,store,49500.0,0.0,0,0.0,0,13.9,0.0,0,0,2026-08-27 12:15:48.117627+00
13316610,47000.0,10.757924157061597,Toyota,Fortuner,2022,4,100000.0,1,2000.0,1,Diesel,Automatic,Silver,used,1,Mass_Market,Phnom Penh,Tier_1,individual,47000.0,0.0,0,0.0,0,159.4,0.0,0,0,2026-08-27 12:17:43.881803+00
13346385,47000.0,10.757924157061597,Toyota,Fortuner,2022,4,100000.0,1,2000.0,1,Diesel,Automatic,Silver,used,1,Mass_Market,Phnom Penh,Tier_1,individual,47000.0,0.0,0,0.0,0,151.9,0.0,0,0,2026-08-27 12:17:41.081577+00
13879346,45500.0,10.725489582719506,Toyota,Fortuner,2022,4,100000.0,1,2000.0,1,Diesel,Automatic,White,used,1,Mass_Market,Phnom Penh,Tier_1,individual,45500.0,0.0,0,0.0,0,9.4,0.0,0,0,2026-08-22 02:44:57.04351+00
13902452,46500.0,10.747229096720554,Toyota,Fortuner,2022,4,100000.0,1,2000.0,1,Diesel,Automatic,White,used,1,Mass_Market,Siem Reap,Tier_2,store,46500.0,0.0,0,0.0,0,3.2,0.0,0,0,2026-08-22 02:44:51.796054+00
13724321,62500.0,11.042937835596494,Toyota,Fortuner,2026,0,100000.0,1,2000.0,1,Diesel,Automatic,White,new,0,Mass_Market,Phnom Penh,Tier_1,store,62500.0,0.0,0,0.0,0,52.9,0.0,0,0,2026-08-25 10:27:42.545527+00
13724317,59000.0,10.985309671896763,Toyota,Fortuner,2026,0,100000.0,1,2000.0,1,Diesel,Automatic,Black,new,0,Mass_Market,Phnom Penh,Tier_1,store,59000.0,0.0,0,0.0,0,52.9,0.0,0,0,2026-08-25 10:27:43.17717+00
13724330,62100.0,11.036517370851499,Toyota,Fortuner,2026,0,100000.0,1,2000.0,1,Diesel,Automatic,White,new,0,Mass_Market,Phnom Penh,Tier_1,store,62100.0,0.0,0,0.0,0,52.9,0.0,0,0,2026-08-25 10:27:32.476533+00
13905781,56900.0,10.949068194652432,Toyota,Fortuner,2026,0,100000.0,1,2000.0,1,Petrol,Automatic,Unknown,used,1,Mass_Market,Phnom Penh,Tier_1,store,56900.0,0.0,0,0.0,0,0.5,0.0,0,0,2026-08-20 08:37:27.81383+00
13428987,62500.0,11.042937835596494,Toyota,Fortuner,2026,0,100000.0,1,2000.0,1,Diesel,Automatic,White,new,0,Mass_Market,Phnom Penh,Tier_1,store,62500.0,0.0,0,0.0,0,126.7,0.0,0,0,2026-08-27 12:16:15.228184+00
13724318,60000.0,11.002116507732017,Toyota,Fortuner,2026,0,100000.0,1,2000.0,1,Diesel,Automatic,White,new,0,Mass_Market,Phnom Penh,Tier_1,store,60000.0,0.0,0,0.0,0,52.9,0.0,0,0,2026-08-25 10:27:41.870299+00
13916286,56600.0,10.943781931879723,Toyota,Fortuner,2026,0,100000.0,1,2000.0,1,Diesel,Automatic,White,used,1,Mass_Market,Phnom Penh,Tier_1,store,56600.0,0.0,0,0.0,0,2.6,0.0,0,0,2026-08-25 10:28:38.331969+00
13850582,55500.0,10.92415631759022,Toyota,Fortuner,2025,1,100000.0,1,2000.0,1,Diesel,Automatic,White,new,1,Mass_Market,Phnom Penh,Tier_1,store,55500.0,0.0,0,0.0,0,22.1,0.0,0,0,2026-08-27 12:16:22.841879+00
13555719,62500.0,11.042937835596494,Toyota,Fortuner,2026,0,100000.0,1,2000.0,1,Diesel,Automatic,White,new,0,Mass_Market,Phnom Penh,Tier_1,store,62500.0,0.0,0,0.0,0,94.7,0.0,0,0,2026-08-26 03:06:43.067328+00
13724328,61500.0,11.026808713825016,Toyota,Fortuner,2026,0,100000.0,1,2000.0,1,Diesel,Automatic,Black,new,0,Mass_Market,Phnom Penh,Tier_1,store,61500.0,0.0,0,0.0,0,52.9,0.0,0,0,2026-08-25 10:27:31.065919+00
13542047,28500.0,10.25769445336048,Toyota,Fortuner,2016,10,100000.0,1,2000.0,1,Diesel,Automatic,Blue,used,1,Mass_Market,Phnom Penh,Tier_1,individual,28500.0,0.0,0,0.0,0,99.1,0.0,0,0,2026-08-27 12:14:57.579553+00
13768255,51500.0,10.849356503939038,Toyota,Fortuner,2025,1,100000.0,1,2000.0,1,Diesel,Automatic,White,used,1,Mass_Market,Phnom Penh,Tier_1,store,51500.0,0.0,0,0.0,0,33.8,0.0,0,0,2026-08-17 08:50:59.837788+00
13416632,34800.0,10.457401400981889,Toyota,Fortuner,2017,9,100000.0,1,2000.0,1,Diesel,Automatic,White,used,1,Mass_Market,Phnom Penh,Tier_1,individual,34800.0,0.0,0,0.0,0,127.1,0.0,0,0,2026-08-25 10:22:47.77088+00
13913991,9500.0,9.15915233520675,Nissan,Frontier 05 V6,2005,21,100000.0,1,2000.0,1,Petrol,Automatic,White,used,1,Mass_Market,Phnom Penh,Tier_1,individual,9500.0,0.0,0,0.0,0,0.0,0.0,0,0,2026-08-22 02:45:00.821077+00
13837361,35500.0,10.477316144080852,Mercedes-Benz,GLE 53 AMG,2016,10,100000.0,1,2000.0,1,Petrol,Automatic,White,used,1,Luxury,Phnom Penh,Tier_1,store,35500.0,0.0,0,0.0,0,24.3,0.0,0,0,2026-08-26 03:08:56.333327+00
13908739,151500.0,11.928347504569842,Mercedes-Benz,GLE 53 AMG,2023,3,100000.0,1,2000.0,1,Petrol,Automatic,Black,used,0,Luxury,Phnom Penh,Tier_1,store,151500.0,0.0,0,0.0,0,0.0,0.0,0,0,2026-08-20 08:37:29.392426+00
13844334,24000.0,10.085850775128717,GAC,GS4,2026,0,100000.0,1,2000.0,1,Petrol,Automatic,Black,new,0,Chinese_EV,Phnom Penh,Tier_1,store,24000.0,0.0,0,0.0,0,17.4,0.0,0,0,2026-08-21 02:53:27.388123+00
13564257,22800.0,10.034559673629849,GAC,GS4,2026,0,100000.0,1,2000.0,1,Petrol,Automatic,White,new,0,Chinese_EV,Phnom Penh,Tier_1,store,22800.0,0.0,0,0.0,0,87.5,0.0,0,0,2026-08-21 02:53:27.389253+00
13844308,23800.0,10.077482875583607,GAC,GS4,2026,0,100000.0,1,2000.0,1,Petrol,Automatic,Black,new,0,Chinese_EV,Phnom Penh,Tier_1,store,23800.0,0.0,0,0.0,0,17.4,0.0,0,0,2026-08-21 02:53:26.243632+00
13922093,21000.0,9.952325334619427,GAC,GS4,2025,1,100000.0,1,2000.0,1,Petrol,Automatic,White,used,1,Chinese_EV,Phnom Penh,Tier_1,individual,21000.0,0.0,0,0.0,0,3.0,0.0,0,1,2026-08-27 12:19:42.391675+00
13692560,20000.0,9.90353755128617,GAC,GS4,2025,1,100000.0,1,2000.0,1,Petrol,Automatic,Silver,used,0,Chinese_EV,Phnom Penh,Tier_1,store,20000.0,0.0,0,0.0,0,61.0,0.0,1,0,2026-08-25 10:20:30.048322+00
13840003,19500.0,9.87822102528824,GAC,GS4,2025,1,100000.0,1,2000.0,1,Petrol,Automatic,Unknown,used,1,Chinese_EV,Phnom Penh,Tier_1,store,19500.0,0.0,0,0.0,0,17.7,0.0,0,0,2026-08-20 08:37:49.860417+00
13825825,24000.0,10.085850775128717,GAC,GS4,2025,1,100000.0,1,2000.0,1,Petrol,Automatic,Other,new,0,Chinese_EV,Phnom Penh,Tier_1,store,24000.0,0.0,0,0.0,0,27.4,0.0,0,0,2026-08-26 03:07:27.615609+00
13735077,24500.0,10.106469212026385,GAC,GS4,2025,1,100000.0,1,2000.0,1,Petrol,Automatic,Silver,new,0,Chinese_EV,Phnom Penh,Tier_1,store,24500.0,0.0,0,0.0,0,50.6,0.0,0,0,2026-08-26 03:04:47.814242+00
13816803,19200.0,9.862717639992917,GAC,GS4,2025,1,100000.0,1,2000.0,1,Petrol,Automatic,Blue,used,1,Chinese_EV,Phnom Penh,Tier_1,store,19200.0,0.0,0,0.0,0,29.5,0.0,0,0,2026-08-26 02:59:18.877762+00
13574257,22800.0,10.034559673629849,GAC,GS4,2025,1,100000.0,1,2000.0,1,Petrol,Automatic,White,new,0,Chinese_EV,Phnom Penh,Tier_1,store,22800.0,0.0,0,0.0,0,89.7,0.0,0,0,2026-08-25 10:19:52.162999+00
13883674,18900.0,9.846970109700957,GAC,GS4,2025,1,100000.0,1,2000.0,1,Petrol,Automatic,Unknown,new,1,Chinese_EV,Phnom Penh,Tier_1,store,18900.0,0.0,0,0.0,0,4.6,0.0,0,0,2026-08-18 10:18:57.649847+00
13846405,24300.0,10.098272780745283,GAC,GS4,2026,0,100000.0,1,2000.0,1,Petrol,Automatic,White,new,0,Chinese_EV,Phnom Penh,Tier_1,individual,24300.0,0.0,0,0.0,0,21.0,0.0,0,0,2026-08-25 10:23:22.065378+00
13712525,23799.0,10.077440859659566,GAC,GS4,2026,0,100000.0,1,2000.0,1,Petrol,Automatic,Black,new,0,Chinese_EV,Phnom Penh,Tier_1,store,23799.0,0.0,0,0.0,0,55.9,0.0,0,0,2026-08-25 10:19:51.455188+00
13844298,24500.0,10.106469212026385,GAC,GS4,2026,0,100000.0,1,2000.0,1,Petrol,Automatic,White,new,0,Chinese_EV,Phnom Penh,Tier_1,store,24500.0,0.0,0,0.0,0,17.4,0.0,0,0,2026-08-21 02:53:26.24357+00
13346652,23800.0,10.077482875583607,GAC,GS4,2026,0,100000.0,1,2000.0,1,Petrol,Automatic,White,new,0,Chinese_EV,Phnom Penh,Tier_1,store,23800.0,0.0,0,0.0,0,151.8,0.0,0,0,2026-08-27 12:07:24.166106+00
13929518,18200.0,9.809231816610408,Toyota,Hilux Vigo,2007,19,100000.0,1,2000.0,1,Diesel,Automatic,Black,used,1,Mass_Market,Phnom Penh,Tier_1,individual,18200.0,0.0,0,0.0,0,0.0,0.0,0,0,2026-08-26 03:02:42.533433+00
13883718,21600.0,9.980494888896912,Toyota,Hilux Vigo,2008,18,100000.0,1,2000.0,1,Diesel,Automatic,Black,used,1,Mass_Market,Phnom Penh,Tier_1,store,21600.0,0.0,0,0.0,0,11.5,0.0,0,0,2026-08-25 10:19:52.792397+00
13586862,22500.0,10.021315031649332,Toyota,Hilux Vigo,2008,18,100000.0,1,2000.0,1,Diesel,Automatic,Unknown,used,1,Mass_Market,Phnom Penh,Tier_1,store,22500.0,0.0,0,0.0,0,79.7,0.0,0,0,2026-08-18 10:18:59.537238+00
13924787,18500.0,9.825580063659602,Toyota,Hilux Vigo,2008,18,100000.0,1,2000.0,1,Diesel,Automatic,Grey,used,1,Mass_Market,Kampong Speu,Tier_3,individual,18500.0,0.0,0,0.0,0,2.2,0.0,0,0,2026-08-27 12:05:47.986571+00
13935666,18000.0,9.798182590890704,Toyota,Hilux Vigo,2007,19,100000.0,1,2000.0,1,Diesel,Automatic,Other,used,1,Mass_Market,Takeo,Tier_3,individual,18000.0,0.0,0,0.0,0,0.0,0.0,0,0,2026-08-27 12:17:31.41605+00
13911930,15500.0,9.648659816955295,Toyota,Hilux Vigo,2007,19,100000.0,1,2000.0,1,Diesel,Automatic,Black,used,1,Mass_Market,Kampong Cham,Tier_2,individual,16500.0,1000.0,1,0.0,0,5.9,0.0,0,0,2026-08-27 12:06:00.211119+00
13926482,20800.0,9.942756341456828,Toyota,Hilux Vigo,2013,13,100000.0,1,2000.0,1,Diesel,Automatic,White,used,1,Mass_Market,Phnom Penh,Tier_1,store,20800.0,0.0,0,0.0,0,0.0,0.0,0,0,2026-08-25 10:28:14.630369+00
13375095,27800.0,10.2328272702548,Toyota,Hilux Vigo,2012,14,100000.0,1,2000.0,1,Diesel,Automatic,Silver,used,1,Mass_Market,Siem Reap,Tier_2,store,27800.0,0.0,0,0.0,0,134.1,0.0,0,0,2026-08-17 08:51:06.452167+00
13775940,23500.0,10.064798252418377,Toyota,Hilux Vigo,2007,19,100000.0,1,2000.0,1,Diesel,Automatic,Silver,used,1,Mass_Market,Phnom Penh,Tier_1,individual,23500.0,0.0,0,0.0,0,32.9,0.0,0,0,2026-08-18 10:18:53.937947+00
13904809,16900.0,9.735128070758227,Toyota,Hilux Vigo,2012,14,100000.0,1,2000.0,1,Diesel,Automatic,Black,used,1,Mass_Market,Tboung Khmum,Tier_3,store,16900.0,0.0,0,0.0,0,6.5,0.0,0,0,2026-08-26 02:56:45.254908+00
13926608,17900.0,9.792611856190192,Toyota,Hilux Vigo,2005,21,100000.0,1,2000.0,1,Diesel,Manual,White,used,1,Mass_Market,Phnom Penh,Tier_1,store,17900.0,0.0,0,0.0,0,0.0,0.0,0,0,2026-08-25 10:26:22.162853+00
13883703,26700.0,10.192456296870509,Toyota,Hilux Vigo,2013,13,100000.0,1,2000.0,1,Diesel,Automatic,Silver,used,1,Mass_Market,Phnom Penh,Tier_1,store,26700.0,0.0,0,0.0,0,11.5,0.0,0,0,2026-08-25 10:19:53.449508+00
13936586,19000.0,9.852246888342531,Toyota,Hilux Vigo,2011,15,100000.0,1,2000.0,1,Diesel,Automatic,Black,used,1,Mass_Market,Phnom Penh,Tier_1,individual,19000.0,0.0,0,0.0,0,0.0,0.0,0,0,2026-08-27 12:09:28.86456+00
13813512,22800.0,10.034559673629849,Toyota,Hilux Vigo,2007,19,100000.0,1,2000.0,1,Diesel,Automatic,Silver,used,1,Mass_Market,Phnom Penh,Tier_1,store,22800.0,0.0,0,0.0,0,30.4,0.0,0,0,2026-08-26 03:01:32.42606+00
13434257,7500.0,8.922791623969637,Nissan,JUKE,2011,15,100000.0,1,2000.0,1,Petrol,Automatic,Silver,used,1,Mass_Market,Phnom Penh,Tier_1,store,7500.0,0.0,0,0.0,0,124.2,0.0,0,0,2026-08-26 03:06:53.615147+00
13849416,15888.0,9.673382324888367,Nissan,JUKE,2011,15,100000.0,1,2000.0,1,Petrol,Automatic,White,used,1,Mass_Market,Kampong Speu,Tier_3,store,15888.0,0.0,0,0.0,0,22.4,0.0,0,0,2026-08-27 12:12:07.205688+00
13890629,13800.0,9.53249633228804,Nissan,JUKE,2018,8,100000.0,1,2000.0,1,Petrol,Automatic,Black,used,1,Mass_Market,Phnom Penh,Tier_1,store,13800.0,0.0,0,0.0,0,10.3,0.0,1,0,2026-08-26 02:59:49.171529+00
13532527,16200.0,9.692828247710418,Nissan,JUKE,2018,8,100000.0,1,2000.0,1,Petrol,Automatic,Grey,used,1,Mass_Market,Phnom Penh,Tier_1,individual,16200.0,0.0,0,0.0,0,99.7,0.0,0,0,2026-08-26 03:04:11.374578+00
13729034,11500.0,9.350189267092581,Nissan,JUKE,2012,14,100000.0,1,2000.0,1,Petrol,Automatic,White,used,1,Mass_Market,Phnom Penh,Tier_1,store,11500.0,0.0,0,0.0,0,53.9,0.0,0,0,2026-08-27 12:17:08.780509+00
13813526,13000.0,9.472781556562168,Nissan,JUKE,2013,13,100000.0,1,2000.0,1,Petrol,Automatic,White,used,1,Mass_Market,Phnom Penh,Tier_1,individual,13000.0,0.0,0,0.0,0,24.6,0.0,0,0,2026-08-20 08:37:39.44827+00
13835877,27900.0,10.236417809461043,BMW,M3,2013,13,100000.0,1,2000.0,1,Petrol,Automatic,Unknown,used,1,Luxury,Phnom Penh,Tier_1,store,27900.0,0.0,0,0.0,0,24.6,0.0,0,0,2026-08-26 03:09:09.626266+00
13897068,202000.0,12.216027926866138,BMW,M3,2026,0,100000.0,1,2000.0,1,Petrol,Automatic,Green,used,0,Luxury,Phnom Penh,Tier_1,store,202000.0,0.0,0,0.0,0,0.0,0.0,0,0,2026-08-17 08:51:03.584859+00
13498212,13800.0,9.53249633228804,BMW,M3,2006,20,100000.0,1,2000.0,1,Petrol,Automatic,Unknown,used,1,Luxury,Phnom Penh,Tier_1,store,13800.0,0.0,0,0.0,0,104.0,0.0,0,0,2026-08-22 02:44:42.776137+00
13359566,53850.0,10.893976252514248,Lexus,RX350,2017,9,100000.0,1,2000.0,1,Petrol,Automatic,Grey,used,1,Luxury,Phnom Penh,Tier_1,store,53850.0,0.0,0,0.0,0,146.0,0.0,0,0,2026-08-25 10:29:33.680911+00
13783464,53999.0,10.896739325546411,Lexus,RX350,2016,10,100000.0,1,2000.0,1,Petrol,Automatic,White,used,1,Luxury,Phnom Penh,Tier_1,individual,53999.0,0.0,0,0.0,0,39.9,0.0,1,0,2026-08-27 12:14:15.684421+00
13892233,48000.0,10.778977123006351,Lexus,RX350,2016,10,100000.0,1,2000.0,1,Electric,Automatic,White,used,1,Luxury,Phnom Penh,Tier_1,individual,48000.0,0.0,0,0.0,0,9.7,0.0,0,0,2026-08-26 03:05:55.586556+00
13929494,48000.0,10.778977123006351,Lexus,RX350,2016,10,100000.0,1,2000.0,1,Electric,Automatic,White,used,1,Luxury,Phnom Penh,Tier_1,individual,48000.0,0.0,0,0.0,0,0.0,0.0,0,0,2026-08-26 03:03:34.724034+00
13804807,62000.0,11.034905792929415,Lexus,RX350,2016,10,100000.0,1,2000.0,1,Petrol,Automatic,White,used,0,Luxury,Phnom Penh,Tier_1,store,62000.0,0.0,0,0.0,0,32.0,0.0,0,0,2026-08-25 10:29:31.907684+00
13460207,50000.0,10.819798284210286,Lexus,RX350,2016,10,100000.0,1,2000.0,1,Petrol,Automatic,Black,used,1,Luxury,Phnom Penh,Tier_1,store,50000.0,0.0,0,0.0,0,117.7,0.0,0,0,2026-08-26 03:09:24.791199+00
13783483,56000.0,10.933124826700707,Lexus,RX350,2017,9,100000.0,1,2000.0,1,Petrol,Automatic,White,used,1,Luxury,Phnom Penh,Tier_1,individual,56000.0,0.0,0,0.0,0,39.9,0.0,1,0,2026-08-27 12:14:17.852434+00
13474499,56500.0,10.942013616092948,Lexus,RX350,2019,7,100000.0,1,2000.0,1,Petrol,Automatic,Black,used,1,Luxury,Phnom Penh,Tier_1,store,56500.0,0.0,0,0.0,0,115.1,0.0,1,0,2026-08-27 12:06:29.204087+00
13833393,59400.0,10.992066340225865,Lexus,RX350,2016,10,100000.0,1,2000.0,1,Petrol,Automatic,White,used,1,Luxury,Phnom Penh,Tier_1,store,59400.0,0.0,0,0.0,0,24.8,0.0,1,0,2026-08-25 10:20:12.320293+00
13878996,58800.0,10.981914140544825,Lexus,RX350,2016,10,100000.0,1,2000.0,1,Petrol,Automatic,White,used,1,Luxury,Phnom Penh,Tier_1,store,58800.0,0.0,0,0.0,0,12.8,0.0,1,0,2026-08-25 10:14:50.338216+00
13535102,38800.0,10.566201298475118,Lexus,RX350,2013,13,100000.0,1,2000.0,1,Petrol,Automatic,White,used,0,Luxury,Phnom Penh,Tier_1,store,38800.0,0.0,0,0.0,0,100.8,0.0,1,0,2026-08-27 12:11:42.496532+00
13572337,38800.0,10.566201298475118,Lexus,RX350,2013,13,100000.0,1,2000.0,1,Petrol,Automatic,White,used,0,Luxury,Phnom Penh,Tier_1,store,38800.0,0.0,0,0.0,0,92.1,0.0,0,0,2026-08-27 12:13:00.474675+00
13683793,39700.0,10.589131655274922,Lexus,RX350,2013,13,100000.0,1,2000.0,1,Petrol,Automatic,White,used,0,Luxury,Phnom Penh,Tier_1,store,39700.0,0.0,0,0.0,0,63.6,0.0,0,0,2026-08-26 03:07:45.658513+00
13878981,38400.0,10.555838779903407,Lexus,RX350,2013,13,100000.0,1,2000.0,1,Petrol,Automatic,White,used,0,Luxury,Phnom Penh,Tier_1,store,38400.0,0.0,0,0.0,0,12.8,0.0,0,0,2026-08-25 10:14:55.945613+00
13821902,23800.0,10.077482875583607,Lexus,RX350,2010,16,100000.0,1,2000.0,1,Petrol,Automatic,Gold,used,1,Luxury,Phnom Penh,Tier_1,individual,23800.0,0.0,0,0.0,0,27.7,0.0,0,0,2026-08-25 10:26:18.977874+00
13886805,25800.0,10.158168529848494,Lexus,RX350,2010,16,100000.0,1,2000.0,1,Petrol,Automatic,White,used,1,Luxury,Phnom Penh,Tier_1,store,25800.0,0.0,0,0.0,0,2.7,0.0,0,0,2026-08-17 08:51:03.595391+00
13820883,27000.0,10.203629181337648,Lexus,RX350,2010,16,100000.0,1,2000.0,1,Hybrid,Automatic,White,used,1,Luxury,Phnom Penh,Tier_1,individual,27000.0,0.0,0,0.0,0,28.6,0.0,0,0,2026-08-26 03:02:51.356127+00
13840808,23300.0,10.056251557087757,Lexus,RX350,2010,16,100000.0,1,2000.0,1,Petrol,Automatic,White,used,1,Luxury,Phnom Penh,Tier_1,individual,23300.0,0.0,0,0.0,0,14.5,0.0,0,0,2026-08-17 08:50:55.860298+00
13823643,27500.0,10.221977646629885,Lexus,RX350,2010,16,100000.0,1,2000.0,1,Petrol,Automatic,White,used,0,Luxury,Kandal,Tier_2,store,27500.0,0.0,0,0.0,0,20.7,0.0,0,0,2026-08-19 02:48:03.340222+00
13266582,28500.0,10.25769445336048,Lexus,RX350,2010,16,100000.0,1,2000.0,1,Petrol,Automatic,White,used,1,Luxury,Phnom Penh,Tier_1,store,28500.0,0.0,0,0.0,0,169.0,0.0,0,0,2026-08-25 10:16:08.652297+00
13687689,29500.0,10.292179440058462,Lexus,RX350,2010,16,100000.0,1,2000.0,1,Petrol,Automatic,White,used,1,Luxury,Phnom Penh,Tier_1,store,29500.0,0.0,0,0.0,0,62.6,0.0,0,0,2026-08-26 03:02:45.549047+00
13911455,25500.0,10.146472946063877,Lexus,RX350,2010,16,100000.0,1,2000.0,1,Petrol,Automatic,Gold,used,1,Luxury,Phnom Penh,Tier_1,store,25500.0,0.0,0,0.0,0,3.9,0.0,0,0,2026-08-25 10:29:52.5809+00
13552093,29300.0,10.285376924115587,Lexus,RX350,2010,16,100000.0,1,2000.0,1,Petrol,Automatic,White,used,1,Luxury,Phnom Penh,Tier_1,store,29300.0,0.0,0,0.0,0,94.9,0.0,0,0,2026-08-25 10:29:08.997829+00
13360742,33800.0,10.428245666832275,Lexus,RX350,2011,15,100000.0,1,2000.0,1,Petrol,Automatic,White,used,0,Luxury,Phnom Penh,Tier_1,store,33800.0,0.0,0,0.0,0,145.9,0.0,0,0,2026-08-25 10:16:22.124279+00
13911418,33500.0,10.419330568113901,Lexus,RX350,2011,15,100000.0,1,2000.0,1,Petrol,Manual,White,used,0,Luxury,Phnom Penh,Tier_1,store,33500.0,0.0,0,0.0,0,4.6,0.0,1,0,2026-08-26 02:59:38.287984+00
13914110,48000.0,10.778977123006351,Lexus,RX350,2016,10,100000.0,1,2000.0,1,Petrol,Automatic,White,used,1,Luxury,Phnom Penh,Tier_1,individual,48000.0,0.0,0,0.0,0,0.0,0.0,0,0,2026-08-22 02:44:40.062958+00
13618128,39800.0,10.591647316585027,Lexus,RX350,2015,11,100000.0,1,2000.0,1,Petrol,Automatic,White,used,0,Luxury,Phnom Penh,Tier_1,store,39800.0,0.0,0,0.0,0,78.9,0.0,1,0,2026-08-25 10:28:40.95916+00
13614894,66000.0,11.097425172408931,Lexus,RX350,2017,9,100000.0,1,2000.0,1,Petrol,Automatic,Grey,used,1,Luxury,Phnom Penh,Tier_1,store,66000.0,0.0,0,0.0,0,79.9,0.0,1,0,2026-08-25 10:26:40.17118+00
13707931,32500.0,10.389026137075234,Lexus,RX350,2014,12,100000.0,1,2000.0,1,Petrol,Automatic,White,used,1,Luxury,Phnom Penh,Tier_1,store,32500.0,0.0,0,0.0,0,50.6,0.0,0,0,2026-08-19 02:48:03.341741+00
13884810,26168.0,10.172330783101328,Lexus,RX350,2015,11,100000.0,1,2000.0,1,Petrol,Automatic,Silver,used,1,Luxury,Kampong Speu,Tier_3,individual,26168.0,0.0,0,0.0,0,13.1,0.0,0,1,2026-08-27 12:17:24.18926+00
13830078,26000.0,10.165890277802454,Lexus,RX350,2011,15,100000.0,1,2000.0,1,Petrol,Automatic,White,used,1,Luxury,Phnom Penh,Tier_1,store,26000.0,0.0,0,0.0,0,25.7,0.0,1,0,2026-08-25 10:21:16.490844+00
13857832,58000.0,10.968215530759236,Lexus,RX450HL,2019,7,100000.0,1,2000.0,1,Hybrid,Automatic,White,used,1,Luxury,Phnom Penh,Tier_1,individual,58000.0,0.0,0,0.0,0,13.8,0.0,0,0,2026-08-21 02:53:26.239615+00
13919794,104000.0,11.552155793461898,Lexus,RX500h,2023,3,100000.0,1,2000.0,1,Hybrid,Automatic,Black,used,1,Luxury,Phnom Penh,Tier_1,store,104000.0,0.0,0,0.0,0,2.4,0.0,0,0,2026-08-26 02:58:42.409555+00
13468190,145000.0,11.884495917930655,Lexus,RX500h,2025,1,100000.0,1,2000.0,1,Hybrid,Automatic,Black,new,0,Luxury,Phnom Penh,Tier_1,store,145000.0,0.0,0,0.0,0,117.0,0.0,1,0,2026-08-27 12:18:41.462635+00
13865510,109000.0,11.599112335481124,Lexus,RX500h,2023,3,100000.0,1,2000.0,1,Hybrid,Automatic,Black,used,0,Luxury,Phnom Penh,Tier_1,store,109000.0,0.0,0,0.0,0,16.8,0.0,0,0,2026-08-26 02:58:43.075612+00
13571068,29900.0,10.305647203635566,Ford,Ranger Wildtrak,2018,8,100000.0,1,2000.0,1,Diesel,Automatic,White,used,0,Mass_Market,Phnom Penh,Tier_1,individual,29900.0,0.0,0,0.0,0,90.2,0.0,0,0,2026-08-25 10:15:18.678395+00
13581326,27800.0,10.2328272702548,Ford,Ranger Wildtrak,2016,10,100000.0,1,2000.0,1,Diesel,Automatic,Orange,used,1,Mass_Market,Kandal,Tier_2,store,27800.0,0.0,0,0.0,0,90.1,0.0,1,0,2026-08-27 12:16:23.435348+00
13929589,41800.0,10.640675541671662,Ford,Ranger Wildtrak,2023,3,100000.0,1,2000.0,1,Diesel,Automatic,Grey,used,1,Mass_Market,Phnom Penh,Tier_1,store,41800.0,0.0,0,0.0,0,0.0,0.0,0,0,2026-08-26 03:00:53.5094+00
13781281,42700.0,10.661977618146238,Ford,Ranger Wildtrak,2023,3,100000.0,1,2000.0,1,Diesel,Automatic,Black,used,1,Mass_Market,Phnom Penh,Tier_1,store,42700.0,0.0,0,0.0,0,31.5,0.0,0,0,2026-08-18 10:18:57.645838+00
13813726,36000.0,10.491301994830229,Ford,Ranger Wildtrak,2023,3,100000.0,1,2000.0,1,Diesel,Automatic,Grey,used,1,Mass_Market,Phnom Penh,Tier_1,individual,36000.0,0.0,0,0.0,0,31.7,0.0,0,0,2026-08-27 12:06:31.928094+00
13804622,35800.0,10.485731104959568,Ford,Ranger Wildtrak,2022,4,100000.0,1,2000.0,1,Diesel,Automatic,Black,used,1,Mass_Market,Phnom Penh,Tier_1,store,35800.0,0.0,0,0.0,0,27.7,0.0,0,0,2026-08-21 02:53:21.102767+00
13890286,35800.0,10.485731104959568,Ford,Ranger Wildtrak,2022,4,100000.0,1,2000.0,1,Diesel,Automatic,Unknown,used,1,Mass_Market,Phnom Penh,Tier_1,store,35800.0,0.0,0,0.0,0,2.7,0.0,0,0,2026-08-18 10:19:00.458133+00
13905525,31000.0,10.34177474101152,Ford,Ranger Wildtrak,2022,4,100000.0,1,2000.0,1,Diesel,Automatic,Silver,used,1,Mass_Market,Phnom Penh,Tier_1,individual,31000.0,0.0,0,0.0,0,4.7,0.0,0,0,2026-08-24 10:11:14.105591+00
13847152,35800.0,10.485731104959568,Ford,Ranger Wildtrak,2022,4,100000.0,1,2000.0,1,Diesel,Automatic,White,used,1,Mass_Market,Phnom Penh,Tier_1,store,35800.0,0.0,0,0.0,0,20.9,0.0,0,0,2026-08-25 10:20:45.001991+00
13770214,34500.0,10.448743588106625,Ford,Ranger Wildtrak,2020,6,100000.0,1,2000.0,1,Diesel,Automatic,Black,used,1,Mass_Market,Phnom Penh,Tier_1,store,34500.0,0.0,0,0.0,0,42.2,0.0,0,0,2026-08-26 03:04:39.915648+00
13899460,36500.0,10.505094936455558,Ford,Ranger Wildtrak,2021,5,100000.0,1,2000.0,1,Diesel,Automatic,White,used,1,Mass_Market,Phnom Penh,Tier_1,store,36500.0,0.0,0,0.0,0,7.7,0.0,0,0,2026-08-26 03:06:22.686744+00
13707893,32500.0,10.389026137075234,Ford,Ranger Wildtrak,2019,7,100000.0,1,2000.0,1,Diesel,Automatic,Silver,used,1,Mass_Market,Phnom Penh,Tier_1,store,32500.0,0.0,0,0.0,0,59.0,0.0,0,0,2026-08-27 12:17:19.259779+00
13658212,33000.0,10.404293143019792,Ford,Ranger Wildtrak,2019,7,100000.0,1,2000.0,1,Petrol,Automatic,White,used,1,Mass_Market,Phnom Penh,Tier_1,store,33000.0,0.0,0,0.0,0,65.7,0.0,0,0,2026-08-22 02:44:51.796933+00
13702394,32700.0,10.39516093745751,Ford,Ranger Wildtrak,2019,7,100000.0,1,2000.0,1,Diesel,Automatic,Silver,used,1,Mass_Market,Kandal,Tier_2,store,32700.0,0.0,0,0.0,0,60.8,0.0,1,0,2026-08-27 12:15:58.29942+00
13906462,30500.0,10.32551474894327,Ford,Ranger Wildtrak,2019,7,100000.0,1,2000.0,1,Diesel,Automatic,Unknown,used,1,Mass_Market,Phnom Penh,Tier_1,individual,30500.0,0.0,0,0.0,0,0.8,0.0,0,0,2026-08-21 02:53:24.916672+00
13675943,28300.0,10.250652418696085,Ford,Ranger Wildtrak,2019,7,100000.0,1,2000.0,1,Diesel,Automatic,Orange,used,1,Mass_Market,Phnom Penh,Tier_1,individual,28300.0,0.0,0,0.0,0,58.4,0.0,0,0,2026-08-19 02:48:20.913405+00
13629541,32900.0,10.401258331428318,Ford,Ranger Wildtrak,2019,7,100000.0,1,2000.0,1,Diesel,Automatic,White,used,1,Mass_Market,Phnom Penh,Tier_1,store,32900.0,0.0,0,0.0,0,78.1,0.0,0,0,2026-08-27 12:13:21.072192+00
13902140,31500.0,10.357774570341576,Ford,Ranger Wildtrak,2019,7,100000.0,1,2000.0,1,Diesel,Automatic,Grey,used,1,Mass_Market,Phnom Penh,Tier_1,individual,31500.0,0.0,0,0.0,0,8.7,0.0,0,0,2026-08-27 12:13:50.435943+00
13653100,30000.0,10.308985993422082,Ford,Ranger Wildtrak,2019,7,100000.0,1,2000.0,1,Diesel,Automatic,Grey,used,1,Mass_Market,Phnom Penh,Tier_1,store,30000.0,0.0,0,0.0,0,72.6,0.0,0,0,2026-08-27 12:08:13.827218+00
13365790,36500.0,10.505094936455558,Ford,Ranger Wildtrak,2019,7,100000.0,1,2000.0,1,Diesel,Automatic,Unknown,used,1,Mass_Market,Phnom Penh,Tier_1,store,36500.0,0.0,0,0.0,0,140.4,0.0,0,0,2026-08-21 02:53:12.549924+00
13775502,30000.0,10.308985993422082,Ford,Ranger Wildtrak,2019,7,100000.0,1,2000.0,1,Diesel,Automatic,Silver,used,1,Mass_Market,Phnom Penh,Tier_1,store,30000.0,0.0,0,0.0,0,42.0,0.0,0,0,2026-08-27 12:16:57.599505+00
13859852,48900.0,10.797553125151618,Ford,Ranger Wildtrak,2026,0,100000.0,1,2000.0,1,Diesel,Automatic,Grey,used,1,Mass_Market,Phnom Penh,Tier_1,store,48900.0,0.0,0,0.0,0,11.5,0.0,0,0,2026-08-19 02:48:01.89801+00
13923522,48500.0,10.789339695269716,Ford,Ranger Wildtrak,2026,0,100000.0,1,2000.0,1,Diesel,Automatic,Black,used,1,Mass_Market,Phnom Penh,Tier_1,store,48500.0,0.0,0,0.0,0,2.8,0.0,0,0,2026-08-27 12:13:03.268103+00
13884259,53900.0,10.894904309600681,Ford,Ranger Wildtrak,2026,0,100000.0,1,2000.0,1,Diesel,Automatic,Black,new,0,Mass_Market,Phnom Penh,Tier_1,store,53900.0,0.0,0,0.0,0,7.8,0.0,0,0,2026-08-22 02:44:54.346701+00
13762669,35800.0,10.485731104959568,Ford,Ranger Wildtrak,2022,4,100000.0,1,2000.0,1,Diesel,Automatic,Black,used,1,Mass_Market,Phnom Penh,Tier_1,store,35800.0,0.0,0,0.0,0,43.0,0.0,0,0,2026-08-25 10:20:43.659726+00
13500874,43000.0,10.668978650219241,Ford,Ranger Wildtrak,2023,3,100000.0,1,2000.0,1,Diesel,Automatic,Grey,used,0,Mass_Market,Phnom Penh,Tier_1,individual,43000.0,0.0,0,0.0,0,101.6,0.0,0,0,2026-08-20 08:37:44.219231+00
13369104,33900.0,10.431199791458543,Ford,Ranger Wildtrak,2023,3,100000.0,1,2000.0,1,Diesel,Automatic,White,used,1,Mass_Market,Phnom Penh,Tier_1,store,33900.0,0.0,0,0.0,0,144.6,0.0,0,0,2026-08-26 03:06:07.799279+00
13910597,47500.0,10.768506042432708,Ford,Ranger Wildtrak,2025,1,100000.0,1,2000.0,1,Diesel,Automatic,White,used,1,Mass_Market,Phnom Penh,Tier_1,store,47500.0,0.0,0,0.0,0,0.0,0.0,0,0,2026-08-21 02:53:21.102934+00
13891680,47500.0,10.768506042432708,Ford,Ranger Wildtrak,2025,1,100000.0,1,2000.0,1,Diesel,Automatic,White,used,1,Mass_Market,Phnom Penh,Tier_1,store,47500.0,0.0,0,0.0,0,9.1,0.0,0,0,2026-08-25 10:20:46.899066+00
13792764,41500.0,10.633472802314019,Ford,Ranger Wildtrak,2023,3,100000.0,1,2000.0,1,Diesel,Automatic,Black,used,1,Mass_Market,Siem Reap,Tier_2,store,41500.0,0.0,0,0.0,0,27.0,0.0,0,0,2026-08-17 08:51:06.452167+00
13920175,42000.0,10.645448706505872,Ford,Ranger Wildtrak,2023,3,100000.0,1,2000.0,1,Diesel,Automatic,White,used,1,Mass_Market,Phnom Penh,Tier_1,store,42000.0,0.0,0,0.0,0,3.6,0.0,0,0,2026-08-27 12:14:48.685614+00
13890899,47500.0,10.768506042432708,Ford,Ranger Wildtrak,2025,1,100000.0,1,2000.0,1,Diesel,Automatic,Unknown,used,1,Mass_Market,Phnom Penh,Tier_1,store,47500.0,0.0,0,0.0,0,2.5,0.0,0,0,2026-08-18 10:18:57.649847+00
13548466,36500.0,10.505094936455558,Ford,Ranger Wildtrak,2020,6,100000.0,1,2000.0,1,Diesel,Automatic,White,used,1,Mass_Market,Phnom Penh,Tier_1,store,36500.0,0.0,0,0.0,0,97.9,0.0,0,0,2026-08-27 12:18:55.480188+00
13773379,33800.0,10.428245666832275,Ford,Ranger Wildtrak,2020,6,100000.0,1,2000.0,1,Diesel,Automatic,White,used,1,Mass_Market,Phnom Penh,Tier_1,individual,33800.0,0.0,0,0.0,0,40.7,0.0,0,0,2026-08-25 10:19:17.369153+00
13775482,30500.0,10.32551474894327,Ford,Ranger Wildtrak,2020,6,100000.0,1,2000.0,1,Diesel,Automatic,Orange,used,1,Mass_Market,Phnom Penh,Tier_1,store,30500.0,0.0,0,0.0,0,42.0,0.0,0,0,2026-08-27 12:20:44.33371+00
13935878,38000.0,10.545367754151743,Ford,Ranger Wildtrak,2023,3,100000.0,1,2000.0,1,Diesel,Automatic,White,used,1,Mass_Market,Phnom Penh,Tier_1,individual,38000.0,0.0,0,0.0,0,0.0,0.0,0,0,2026-08-27 12:15:04.897351+00
13726490,36800.0,10.513280297700861,Ford,Ranger Wildtrak,2021,5,100000.0,1,2000.0,1,Diesel,Automatic,White,used,1,Mass_Market,Phnom Penh,Tier_1,store,36800.0,0.0,0,0.0,0,54.6,0.0,0,0,2026-08-27 12:08:35.923094+00
13936415,34900.0,10.460270761075149,Ford,Ranger Wildtrak,2021,5,100000.0,1,2000.0,1,Diesel,Automatic,White,used,1,Mass_Market,Phnom Penh,Tier_1,individual,34900.0,0.0,0,0.0,0,0.0,0.0,0,0,2026-08-27 12:09:56.127212+00
13782196,29500.0,10.292179440058462,Ford,Ranger Wildtrak,2021,5,100000.0,1,2000.0,1,Diesel,Automatic,White,used,1,Mass_Market,Phnom Penh,Tier_1,individual,29500.0,0.0,0,0.0,0,38.0,0.0,0,0,2026-08-25 10:28:39.701905+00
13877918,47800.0,10.774801838762809,Ford,Ranger Wildtrak,2025,1,100000.0,1,2000.0,1,Diesel,Automatic,White,used,1,Mass_Market,Phnom Penh,Tier_1,store,47800.0,0.0,0,0.0,0,13.6,0.0,1,0,2026-08-26 03:10:10.674297+00
13927032,43999.0,10.691944912900398,Ford,Ranger Wildtrak,2025,1,100000.0,1,2000.0,1,Diesel,Automatic,Grey,used,1,Mass_Market,Phnom Penh,Tier_1,individual,43999.0,0.0,0,0.0,0,0.0,0.0,0,0,2026-08-25 10:22:32.64627+00
13765032,48000.0,10.778977123006351,Ford,Ranger Wildtrak,2025,1,100000.0,1,2000.0,1,Diesel,Automatic,White,used,1,Mass_Market,Phnom Penh,Tier_1,individual,48000.0,0.0,0,0.0,0,37.6,0.0,0,0,2026-08-20 08:37:39.453549+00
13847755,43500.0,10.680539205318292,Ford,Ranger Wildtrak,2025,1,100000.0,1,2000.0,1,Diesel,Automatic,White,used,1,Mass_Market,Kampong Thom,Tier_3,individual,43500.0,0.0,0,0.0,0,17.5,0.0,0,0,2026-08-22 02:44:51.794415+00
13547904,49200.0,10.803669227477098,Ford,Ranger Wildtrak,2025,1,100000.0,1,2000.0,1,Diesel,Automatic,White,used,1,Mass_Market,Phnom Penh,Tier_1,store,49200.0,0.0,0,0.0,0,93.6,0.0,0,0,2026-08-23 02:52:51.990369+00
13661713,30000.0,10.308985993422082,Ford,Ranger Wildtrak,2020,6,100000.0,1,2000.0,1,Diesel,Automatic,Orange,used,1,Mass_Market,Phnom Penh,Tier_1,store,30000.0,0.0,0,0.0,0,70.5,0.0,0,0,2026-08-27 12:08:53.829683+00
13644254,38888.0,10.568466713268153,Ford,Ranger Wildtrak,2021,5,100000.0,1,2000.0,1,Diesel,Automatic,White,used,1,Mass_Market,Phnom Penh,Tier_1,store,38888.0,0.0,0,0.0,0,73.5,0.0,0,0,2026-08-26 03:00:31.130059+00
13731577,23500.0,10.064798252418377,Ford,Ranger Wildtrak,2014,12,100000.0,1,2000.0,1,Diesel,Automatic,Red,used,1,Mass_Market,Phnom Penh,Tier_1,store,23500.0,0.0,0,0.0,0,50.9,0.0,0,0,2026-08-25 10:26:41.409432+00
13926933,42500.0,10.657282884047461,Ford,Ranger Wildtrak,2023,3,100000.0,1,2000.0,1,Diesel,Automatic,Black,used,1,Mass_Market,Phnom Penh,Tier_1,individual,42500.0,0.0,0,0.0,0,0.0,0.0,0,0,2026-08-25 10:23:30.948503+00
13799352,44800.0,10.709985739582528,Ford,Ranger Wildtrak,2023,3,100000.0,1,2000.0,1,Diesel,Automatic,White,used,1,Mass_Market,Phnom Penh,Tier_1,store,44800.0,0.0,0,0.0,0,33.7,0.0,0,0,2026-08-25 10:25:34.158517+00
13807309,41500.0,10.633472802314019,Ford,Ranger Wildtrak,2023,3,100000.0,1,2000.0,1,Diesel,Automatic,Black,used,1,Mass_Market,Phnom Penh,Tier_1,store,41500.0,0.0,0,0.0,0,31.6,0.0,0,0,2026-08-25 10:20:39.570704+00
13928062,41800.0,10.640675541671662,Ford,Ranger Wildtrak,2023,3,100000.0,1,2000.0,1,Diesel,Automatic,Grey,used,1,Mass_Market,Phnom Penh,Tier_1,store,41800.0,0.0,0,0.0,0,1.8,0.0,0,0,2026-08-27 12:09:53.262532+00
13863635,39900.0,10.594156665220533,Ford,Ranger Wildtrak,2023,3,100000.0,1,2000.0,1,Diesel,Automatic,White,used,1,Mass_Market,Phnom Penh,Tier_1,store,39900.0,0.0,0,0.0,0,18.9,0.0,0,0,2026-08-27 12:11:30.82746+00
13762542,43800.0,10.687411927154141,Ford,Ranger Wildtrak,2023,3,100000.0,1,2000.0,1,Diesel,Automatic,White,used,1,Mass_Market,Phnom Penh,Tier_1,store,43800.0,0.0,0,0.0,0,43.7,0.0,0,0,2026-08-26 03:03:36.713304+00
13909083,42000.0,10.645448706505872,Ford,Ranger Wildtrak,2023,3,100000.0,1,2000.0,1,Diesel,Automatic,White,used,1,Mass_Market,Phnom Penh,Tier_1,store,42000.0,0.0,0,0.0,0,4.7,0.0,0,0,2026-08-25 10:20:46.219702+00
13808156,41800.0,10.640675541671662,Ford,Ranger Wildtrak,2023,3,100000.0,1,2000.0,1,Diesel,Automatic,Black,used,1,Mass_Market,Phnom Penh,Tier_1,store,41800.0,0.0,0,0.0,0,26.8,0.0,0,0,2026-08-21 02:53:21.10245+00
13769111,40900.0,10.61890979160975,Ford,Ranger Wildtrak,2023,3,100000.0,1,2000.0,1,Diesel,Automatic,Black,used,1,Mass_Market,Phnom Penh,Tier_1,individual,40900.0,0.0,0,0.0,0,41.8,0.0,0,0,2026-08-25 10:18:21.80567+00
13916005,22000.0,9.99884318585288,Ford,Ranger Wildtrak,2015,11,100000.0,1,2000.0,1,Diesel,Automatic,Gold,used,1,Mass_Market,Phnom Penh,Tier_1,store,22000.0,0.0,0,0.0,0,2.7,0.0,0,0,2026-08-25 10:22:36.796842+00
13708014,36001.0,10.49132977145065,Ford,Ranger Wildtrak,2023,3,100000.0,1,2000.0,1,Diesel,Automatic,Grey,used,1,Mass_Market,Koh Kong,Tier_3,individual,38001.0,2000.0,1,0.0,0,59.0,0.0,0,0,2026-08-27 12:17:44.966037+00
13622768,45500.0,10.725489582719506,Ford,Ranger Wildtrak,2023,3,100000.0,1,2000.0,1,Diesel,Automatic,White,used,1,Mass_Market,Preah Sihanouk,Tier_2,individual,45500.0,0.0,0,0.0,0,77.8,0.0,0,0,2026-08-25 10:24:52.701328+00
13509854,45000.0,10.714439990727769,Ford,Ranger Wildtrak,2023,3,100000.0,1,2000.0,1,Diesel,Automatic,White,used,1,Mass_Market,Phnom Penh,Tier_1,individual,45000.0,0.0,0,0.0,0,102.3,0.0,0,0,2026-08-23 02:52:48.822339+00
13855619,30000.0,10.308985993422082,Ford,Ranger Wildtrak,2018,8,100000.0,1,2000.0,1,Diesel,Automatic,White,used,1,Mass_Market,Phnom Penh,Tier_1,store,30000.0,0.0,0,0.0,0,20.9,0.0,0,0,2026-08-27 12:06:41.010284+00
13614539,34500.0,10.448743588106625,Ford,Ranger Wildtrak,2020,6,100000.0,1,2000.0,1,Diesel,Automatic,Black,used,1,Mass_Market,Phnom Penh,Tier_1,store,34500.0,0.0,0,0.0,0,80.6,0.0,0,0,2026-08-26 02:56:29.577478+00
13724895,36000.0,10.491301994830229,Ford,Ranger Wildtrak,2021,5,100000.0,1,2000.0,1,Diesel,Automatic,White,used,1,Mass_Market,Phnom Penh,Tier_1,store,38000.0,2000.0,1,0.0,0,54.9,0.0,0,0,2026-08-27 12:20:01.119923+00
13920058,35800.0,10.485731104959568,Ford,Ranger Wildtrak,2022,4,100000.0,1,2000.0,1,Diesel,Automatic,Black,used,1,Mass_Market,Phnom Penh,Tier_1,store,35800.0,0.0,0,0.0,0,3.6,0.0,0,0,2026-08-27 12:16:48.995882+00
13788709,35900.0,10.488520429241627,Ford,Ranger Wildtrak,2022,4,100000.0,1,2000.0,1,Diesel,Automatic,Unknown,used,1,Mass_Market,Phnom Penh,Tier_1,individual,35900.0,0.0,0,0.0,0,29.1,0.0,0,0,2026-08-18 10:18:55.822877+00
13761404,28300.0,10.250652418696085,Ford,Ranger Wildtrak,2018,8,100000.0,1,2000.0,1,Diesel,Automatic,Grey,used,1,Mass_Market,Phnom Penh,Tier_1,store,28300.0,0.0,0,0.0,0,45.7,0.0,0,1,2026-08-27 12:08:24.248236+00
13922500,28500.0,10.25769445336048,Ford,Ranger Wildtrak,2017,9,100000.0,1,2000.0,1,Diesel,Automatic,White,used,1,Mass_Market,Phnom Penh,Tier_1,individual,28500.0,0.0,0,0.0,0,2.9,0.0,0,1,2026-08-27 12:20:16.400038+00
13612136,27800.0,10.2328272702548,Ford,Ranger Wildtrak,2017,9,100000.0,1,2000.0,1,Diesel,Automatic,Silver,used,1,Mass_Market,Phnom Penh,Tier_1,store,27800.0,0.0,0,0.0,0,82.8,0.0,0,0,2026-08-27 12:17:30.294624+00
13744277,29900.0,10.305647203635566,Ford,Ranger Wildtrak,2016,10,100000.0,1,2000.0,1,Diesel,Automatic,White,used,1,Mass_Market,Kandal,Tier_2,store,29900.0,0.0,0,0.0,0,47.9,0.0,1,0,2026-08-25 10:25:32.152431+00
13923218,39800.0,10.591647316585027,Ford,Ranger Wildtrak,2023,3,100000.0,1,2000.0,1,Petrol,Automatic,White,used,1,Mass_Market,Phnom Penh,Tier_1,individual,39800.0,0.0,0,0.0,0,0.8,0.0,0,0,2026-08-25 10:19:27.822232+00
13403746,25500.0,10.146472946063877,BYD,Sealion5,2026,0,100000.0,1,2000.0,1,Hybrid,Automatic,Silver,new,0,Chinese_EV,Siem Reap,Tier_2,store,26500.0,1000.0,1,0.0,0,135.2,0.0,0,0,2026-08-27 12:18:35.898662+00
13855666,23800.0,10.077482875583607,BYD,Sealion5,2026,0,100000.0,1,2000.0,1,Hybrid,Automatic,Black,new,0,Chinese_EV,Phnom Penh,Tier_1,store,23800.0,0.0,0,0.0,0,17.8,0.0,0,0,2026-08-24 10:11:14.108375+00
13704887,21000.0,9.952325334619427,BYD,Sealion5,2025,1,100000.0,1,2000.0,1,Hybrid,Automatic,Grey,used,0,Chinese_EV,Phnom Penh,Tier_1,store,21000.0,0.0,0,0.0,0,57.9,0.0,0,0,2026-08-25 10:27:55.186271+00
13391472,23500.0,10.064798252418377,BYD,Sealion5,2025,1,100000.0,1,2000.0,1,Hybrid,Automatic,White,used,1,Chinese_EV,Siem Reap,Tier_2,store,23500.0,0.0,0,0.0,0,138.7,0.0,0,0,2026-08-26 02:57:14.034503+00
13886404,10500.0,9.259225769705994,BAIC,Senova,2022,4,100000.0,1,2000.0,1,Petrol,Automatic,White,used,1,Chinese_EV,Phnom Penh,Tier_1,individual,10500.0,0.0,0,0.0,0,11.5,0.0,0,0,2026-08-26 03:09:04.172206+00
13828961,8300.0,9.024131268455035,SsangYong,Stavic,2021,5,100000.0,1,2000.0,1,Petrol,Automatic,White,used,1,Other,Phnom Penh,Tier_1,individual,8300.0,0.0,0,0.0,0,26.5,0.0,0,0,2026-08-26 03:01:06.451812+00
13897070,19800.0,9.893487720457795,Toyota,Vanza V4 pong1,2010,16,100000.0,1,2000.0,1,Petrol,Automatic,Unknown,used,1,Mass_Market,Phnom Penh,Tier_1,store,19800.0,0.0,0,0.0,0,0.0,0.0,1,0,2026-08-17 08:51:03.584859+00
13697169,19800.0,9.893487720457795,Toyota,Vanza V4 pong1,2010,16,100000.0,1,2000.0,1,Petrol,Automatic,Unknown,used,1,Mass_Market,Phnom Penh,Tier_1,store,19800.0,0.0,0,0.0,0,62.0,0.0,1,0,2026-08-27 12:16:25.667008+00
13855449,15900.0,9.674137279312397,Toyota,Wigo,2026,0,100000.0,1,2000.0,1,Petrol,Automatic,Orange,new,0,Mass_Market,Phnom Penh,Tier_1,store,15900.0,0.0,0,0.0,0,21.0,0.0,0,0,2026-08-27 12:20:35.0701+00
13847134,15900.0,9.674137279312397,Toyota,Wigo,2026,0,100000.0,1,2000.0,1,Petrol,Automatic,Grey,new,0,Mass_Market,Phnom Penh,Tier_1,store,15900.0,0.0,0,0.0,0,20.9,0.0,0,0,2026-08-25 10:28:45.734167+00
13847025,15900.0,9.674137279312397,Toyota,Wigo,2026,0,100000.0,1,2000.0,1,Petrol,Automatic,White,new,0,Mass_Market,Phnom Penh,Tier_1,store,15900.0,0.0,0,0.0,0,23.0,0.0,0,0,2026-08-27 12:20:15.801819+00
13855470,15900.0,9.674137279312397,Toyota,Wigo,2026,0,100000.0,1,2000.0,1,Petrol,Automatic,Red,new,0,Mass_Market,Phnom Penh,Tier_1,store,15900.0,0.0,0,0.0,0,21.0,0.0,0,0,2026-08-27 12:20:33.965231+00
13617036,15900.0,9.674137279312397,Toyota,Wigo,2026,0,100000.0,1,2000.0,1,Petrol,Automatic,Red,new,0,Mass_Market,Phnom Penh,Tier_1,store,15900.0,0.0,0,0.0,0,79.1,0.0,0,0,2026-08-25 10:28:52.562965+00
13847101,15900.0,9.674137279312397,Toyota,Wigo,2026,0,100000.0,1,2000.0,1,Petrol,Automatic,Silver,new,0,Mass_Market,Phnom Penh,Tier_1,store,15900.0,0.0,0,0.0,0,20.9,0.0,0,0,2026-08-25 10:28:46.337851+00
13617026,15900.0,9.674137279312397,Toyota,Wigo,2026,0,100000.0,1,2000.0,1,Petrol,Automatic,White,new,0,Mass_Market,Phnom Penh,Tier_1,store,15900.0,0.0,0,0.0,0,79.1,0.0,0,0,2026-08-25 10:28:53.950261+00
13724289,15900.0,9.674137279312397,Toyota,Wigo,2026,0,100000.0,1,2000.0,1,Petrol,Automatic,White,new,0,Mass_Market,Phnom Penh,Tier_1,store,15900.0,0.0,0,0.0,0,52.9,0.0,0,0,2026-08-25 10:27:47.172979+00
13847177,15900.0,9.674137279312397,Toyota,Wigo,2026,0,100000.0,1,2000.0,1,Petrol,Automatic,Yellow,new,0,Mass_Market,Phnom Penh,Tier_1,store,15900.0,0.0,0,0.0,0,20.9,0.0,0,0,2026-08-25 10:28:45.056502+00
13847049,15900.0,9.674137279312397,Toyota,Wigo,2026,0,100000.0,1,2000.0,1,Petrol,Automatic,Black,new,0,Mass_Market,Phnom Penh,Tier_1,store,15900.0,0.0,0,0.0,0,20.9,0.0,0,0,2026-08-25 10:28:47.069475+00
13392589,99999.0,11.512925464970229,BMW,X5,2021,5,100000.0,1,2000.0,1,Petrol,Automatic,Black,used,1,Luxury,Phnom Penh,Tier_1,store,99999.0,0.0,0,0.0,0,140.0,0.0,0,0,2026-08-27 12:09:42.901083+00
13591855,5500.0,8.612685172875459,BMW,X5,2002,24,100000.0,1,2000.0,1,Petrol,Automatic,White,used,1,Luxury,Phnom Penh,Tier_1,individual,5500.0,0.0,0,0.0,0,78.0,0.0,0,0,2026-08-18 10:19:07.206225+00
13812119,21500.0,9.975854724662028,BMW,X5,2014,12,100000.0,1,2000.0,1,Petrol,Automatic,Black,used,1,Luxury,Phnom Penh,Tier_1,store,21500.0,0.0,0,0.0,0,30.7,0.0,0,0,2026-08-26 03:06:09.21335+00
13365494,26800.0,10.196194479235656,BMW,X5,2014,12,100000.0,1,2000.0,1,Petrol,Automatic,White,used,1,Luxury,Phnom Penh,Tier_1,store,26800.0,0.0,0,0.0,0,144.8,0.0,1,0,2026-08-25 10:27:59.410569+00
13365515,28500.0,10.25769445336048,BMW,X5,2015,11,100000.0,1,2000.0,1,Petrol,Automatic,White,used,1,Luxury,Phnom Penh,Tier_1,store,28500.0,0.0,0,0.0,0,144.8,0.0,1,0,2026-08-25 10:29:36.932428+00
13512147,21900.0,9.994287576862567,BMW,X5,2015,11,100000.0,1,2000.0,1,Diesel,Automatic,White,used,1,Luxury,Phnom Penh,Tier_1,store,21900.0,0.0,0,0.0,0,103.9,0.0,0,0,2026-08-25 10:23:23.394248+00
13492266,18900.0,9.846970109700957,BAIC,X55,2021,5,100000.0,1,2000.0,1,Petrol,Automatic,White,used,1,Chinese_EV,Phnom Penh,Tier_1,individual,18900.0,0.0,0,0.0,0,108.9,0.0,0,0,2026-08-25 10:19:11.638379+00
13818422,29500.0,10.292179440058462,Mitsubishi,XForce,2025,1,100000.0,1,2000.0,1,Petrol,Automatic,White,used,1,Mass_Market,Phnom Penh,Tier_1,individual,29500.0,0.0,0,0.0,0,22.2,0.0,0,0,2026-08-19 02:48:11.443241+00
13673537,31900.0,10.370392636243981,Mitsubishi,XForce,2025,1,100000.0,1,2000.0,1,Petrol,Automatic,White,new,0,Mass_Market,Phnom Penh,Tier_1,store,31900.0,0.0,0,0.0,0,67.5,0.0,0,0,2026-08-27 12:11:30.268633+00
13892882,8600.0,9.059633754551479,MINI,cooper countryman 011,2011,15,100000.0,1,2000.0,1,Petrol,Automatic,Red,used,1,Mass_Market,Phnom Penh,Tier_1,individual,8600.0,0.0,0,0.0,0,8.9,0.0,0,0,2026-08-25 10:27:16.14479+00
13910527,9900.0,9.200391041122515,Lexus,470 2000លក់ដូសារី9900$ចរចារ,2000,26,100000.0,1,2000.0,1,Petrol,Automatic,Unknown,used,0,Luxury,Phnom Penh,Tier_1,store,9900.0,0.0,0,0.0,0,0.0,0.0,0,1,2026-08-21 02:53:24.911848+00
13909247,118000.0,11.678448377988165,Porsche,911,2015,11,100000.0,1,2000.0,1,Petrol,Automatic,Blue,used,0,Luxury,Phnom Penh,Tier_1,store,118000.0,0.0,0,0.0,0,2.4,0.0,0,0,2026-08-23 02:53:17.440497+00
13909246,290000.0,12.577639650232573,Porsche,911,2022,4,100000.0,1,2000.0,1,Petrol,Automatic,Grey,new,0,Luxury,Phnom Penh,Tier_1,store,290000.0,0.0,0,0.0,0,2.4,0.0,1,0,2026-08-23 02:53:17.440282+00
13907221,12500.0,9.433563920090563,Toyota,Avalon,2006,20,100000.0,1,2000.0,1,Petrol,Automatic,Silver,used,1,Mass_Market,Phnom Penh,Tier_1,store,12500.0,0.0,0,0.0,0,7.1,0.0,0,0,2026-08-27 12:16:53.240112+00
13667692,4999.0,8.517193191416238,Chevrolet,Captiva,2009,17,100000.0,1,2000.0,1,Diesel,Automatic,White,used,1,Mass_Market,Phnom Penh,Tier_1,individual,4999.0,0.0,0,0.0,0,67.6,0.0,0,0,2026-08-26 03:05:53.093935+00
13690090,37500.0,10.53212287826962,Mazda,Cx-8,2025,1,100000.0,1,2000.0,1,Petrol,Automatic,Grey,used,1,Mass_Market,Phnom Penh,Tier_1,store,37500.0,0.0,0,0.0,0,63.8,0.0,1,0,2026-08-27 12:13:01.058706+00
13706431,32900.0,10.401258331428318,Mazda,Cx-8,2024,2,100000.0,1,2000.0,1,Petrol,Automatic,Black,used,1,Mass_Market,Phnom Penh,Tier_1,store,32900.0,0.0,0,0.0,0,55.2,0.0,1,0,2026-08-23 02:52:51.993236+00
13256768,39500.0,10.584081267024454,Mazda,Cx-8,2026,0,100000.0,1,2000.0,1,Petrol,Automatic,White,used,1,Mass_Market,Phnom Penh,Tier_1,store,39500.0,0.0,0,0.0,0,171.9,0.0,0,0,2026-08-25 10:28:17.394672+00
13890210,49500.0,10.809748150372926,Audi,E-Tron,2026,0,100000.0,1,2000.0,1,Electric,Automatic,Black,used,0,Luxury,Phnom Penh,Tier_1,store,49500.0,0.0,0,0.0,0,11.8,0.0,0,0,2026-08-27 12:06:23.164816+00
13917639,43800.0,10.687411927154141,Changan,EZ 60,2025,1,100000.0,1,2000.0,1,Petrol,Automatic,Unknown,used,1,Chinese_EV,Phnom Penh,Tier_1,store,43800.0,0.0,0,0.0,0,0.0,0.0,0,0,2026-08-23 02:52:51.988799+00
13929608,43800.0,10.687411927154141,Changan,EZ 60,2025,1,100000.0,1,2000.0,1,Petrol,Automatic,White,used,1,Chinese_EV,Phnom Penh,Tier_1,store,43800.0,0.0,0,0.0,0,0.0,0.0,0,0,2026-08-26 02:59:10.989761+00
13671942,199500.0,12.20357452783082,Mercedes-Benz,G-Class,2020,6,100000.0,1,2000.0,1,Petrol,Automatic,Black,used,1,Luxury,Phnom Penh,Tier_1,store,199500.0,0.0,0,0.0,0,67.9,0.0,0,0,2026-08-27 12:06:26.052524+00
13901444,275000.0,12.524530013005734,Mercedes-Benz,G-Class,2023,3,100000.0,1,2000.0,1,Petrol,Automatic,Grey,new,0,Luxury,Phnom Penh,Tier_1,store,275000.0,0.0,0,0.0,0,0.0,0.0,0,0,2026-08-18 10:19:03.459664+00
13935522,125000.0,11.736077016252437,Mercedes-Benz,G-Class,2019,7,100000.0,1,2000.0,1,Petrol,Automatic,Brown,used,1,Luxury,Phnom Penh,Tier_1,store,125000.0,0.0,0,0.0,0,0.0,0.0,1,0,2026-08-27 12:18:50.859241+00
13901851,38800.0,10.566201298475118,Mercedes-Benz,G-Class,2000,26,100000.0,1,2000.0,1,Petrol,Automatic,Blue,used,1,Luxury,Phnom Penh,Tier_1,store,38800.0,0.0,0,0.0,0,3.4,0.0,0,0,2026-08-22 02:44:50.615761+00
13912072,149000.0,11.91170829631447,Mercedes-Benz,G-Class,2020,6,100000.0,1,2000.0,1,Petrol,Automatic,Black,used,1,Luxury,Phnom Penh,Tier_1,store,149000.0,0.0,0,0.0,0,3.8,0.0,0,0,2026-08-25 10:22:45.346755+00
13901855,65000.0,11.082157933374816,Mercedes-Benz,G-Class,2015,11,100000.0,1,2000.0,1,Petrol,Automatic,Grey,used,1,Luxury,Phnom Penh,Tier_1,store,65000.0,0.0,0,0.0,0,6.7,0.0,0,0,2026-08-25 10:15:34.850045+00
13888768,65000.0,11.082157933374816,Mercedes-Benz,G-Class,2015,11,100000.0,1,2000.0,1,Petrol,Automatic,Purple,used,1,Luxury,Phnom Penh,Tier_1,store,65000.0,0.0,0,0.0,0,10.0,0.0,0,0,2026-08-25 10:15:33.626981+00
13927060,200000.0,12.206077645517674,Mercedes-Benz,G-Class,2020,6,100000.0,1,2000.0,1,Petrol,Automatic,Grey,used,0,Luxury,Phnom Penh,Tier_1,individual,200000.0,0.0,0,0.0,0,0.0,0.0,0,0,2026-08-25 10:22:05.071584+00
13771838,150000.0,11.918397239722838,Mercedes-Benz,GLS600,2023,3,100000.0,1,2000.0,1,Petrol,Automatic,Unknown,used,1,Luxury,Phnom Penh,Tier_1,store,150000.0,0.0,0,0.0,0,32.8,0.0,0,0,2026-08-17 08:50:52.999636+00
13255003,49900.0,10.817796321618971,GAC,GN8,2025,1,100000.0,1,2000.0,1,Petrol,Automatic,Black,new,0,Chinese_EV,Phnom Penh,Tier_1,store,49900.0,0.0,0,0.0,0,174.5,0.0,0,0,2026-08-27 12:17:47.166697+00
13869634,35500.0,10.477316144080852,GAC,GN8,2025,1,100000.0,1,2000.0,1,Petrol,Automatic,Black,used,1,Chinese_EV,Phnom Penh,Tier_1,individual,35500.0,0.0,0,0.0,0,13.9,0.0,0,0,2026-08-24 10:11:10.064377+00
13236985,63800.0,11.063524143191238,GAC,GN8,2025,1,100000.0,1,2000.0,1,Petrol,Automatic,Black,new,0,Chinese_EV,Phnom Penh,Tier_1,store,63800.0,0.0,0,0.0,0,178.8,0.0,1,0,2026-08-27 12:18:38.086222+00
13926822,36800.0,10.513280297700861,GAC,GN8,2025,1,100000.0,1,2000.0,1,Petrol,Automatic,White,used,1,Chinese_EV,Phnom Penh,Tier_1,store,36800.0,0.0,0,0.0,0,0.0,0.0,0,0,2026-08-25 10:25:05.76792+00
13907217,29999.0,10.308952660644293,GAC,GN8,2025,1,100000.0,1,2000.0,1,Petrol,Automatic,Unknown,used,1,Chinese_EV,Phnom Penh,Tier_1,individual,29999.0,0.0,0,0.0,0,0.7,0.0,1,0,2026-08-21 02:53:15.0013+00
13928113,36500.0,10.505094936455558,GAC,GN8,2025,1,100000.0,1,2000.0,1,Petrol,Automatic,Black,used,1,Chinese_EV,Phnom Penh,Tier_1,store,36500.0,0.0,0,0.0,0,1.7,0.0,0,0,2026-08-27 12:07:49.622349+00
13926662,36500.0,10.505094936455558,GAC,GN8,2025,1,100000.0,1,2000.0,1,Petrol,Automatic,Black,used,1,Chinese_EV,Phnom Penh,Tier_1,store,36500.0,0.0,0,0.0,0,0.6,0.0,1,0,2026-08-26 02:57:20.687978+00
13457315,44900.0,10.712215345197256,GAC,GN8,2025,1,100000.0,1,2000.0,1,Petrol,Automatic,Black,used,1,Chinese_EV,Phnom Penh,Tier_1,store,55900.0,11000.0,1,0.0,0,119.9,0.0,0,0,2026-08-27 12:19:56.102037+00
13732887,39900.0,10.594156665220533,GAC,GN8,2026,0,100000.0,1,2000.0,1,Petrol,Automatic,Black,used,1,Chinese_EV,Phnom Penh,Tier_1,individual,39900.0,0.0,0,0.0,0,50.6,0.0,0,0,2026-08-25 10:14:49.624251+00
13721587,55000.0,10.915106645867503,GAC,GN8,2026,0,100000.0,1,2000.0,1,Petrol,Automatic,Black,new,0,Chinese_EV,Phnom Penh,Tier_1,individual,55000.0,0.0,0,0.0,0,51.4,0.0,0,0,2026-08-23 02:52:53.733326+00
13715181,55500.0,10.92415631759022,GAC,GN8,2026,0,100000.0,1,2000.0,1,Petrol,Automatic,Black,new,0,Chinese_EV,Phnom Penh,Tier_1,store,55500.0,0.0,0,0.0,0,55.7,0.0,0,0,2026-08-26 02:58:14.54908+00
13852846,45800.0,10.732061203925053,GAC,GN8,2026,0,100000.0,1,2000.0,1,Petrol,Automatic,Black,used,1,Chinese_EV,Phnom Penh,Tier_1,store,45800.0,0.0,0,0.0,0,12.6,0.0,0,0,2026-08-18 10:19:04.372424+00
13899769,42000.0,10.645448706505872,GAC,GN8,2026,0,100000.0,1,2000.0,1,Petrol,Automatic,Black,used,1,Chinese_EV,Phnom Penh,Tier_1,individual,42000.0,0.0,0,0.0,0,7.0,0.0,0,0,2026-08-25 10:24:10.607582+00
13462313,42555.0,10.658576134636256,GAC,GN8,2025,1,100000.0,1,2000.0,1,Petrol,Automatic,Black,used,1,Chinese_EV,Phnom Penh,Tier_1,store,42555.0,0.0,0,0.0,0,118.7,0.0,0,0,2026-08-27 12:09:15.208569+00
13834390,32500.0,10.389026137075234,GAC,GN8,2025,1,100000.0,1,2000.0,1,Petrol,Automatic,Black,used,1,Chinese_EV,Phnom Penh,Tier_1,store,32500.0,0.0,0,0.0,0,25.3,0.0,0,0,2026-08-26 03:01:26.631966+00
13516811,34700.0,10.454523783963511,GAC,GN8,2025,1,100000.0,1,2000.0,1,Petrol,Automatic,Black,new,1,Chinese_EV,Phnom Penh,Tier_1,store,34700.0,0.0,0,0.0,0,104.9,0.0,0,0,2026-08-27 12:10:08.367191+00
13926797,36500.0,10.505094936455558,GAC,GN8,2025,1,100000.0,1,2000.0,1,Petrol,Automatic,Black,used,1,Chinese_EV,Phnom Penh,Tier_1,individual,36500.0,0.0,0,0.0,0,0.0,0.0,0,0,2026-08-25 10:25:24.045697+00
13923486,27900.0,10.236417809461043,GAC,GN8,2024,2,100000.0,1,2000.0,1,Petrol,Automatic,Black,used,1,Chinese_EV,Phnom Penh,Tier_1,store,27900.0,0.0,0,0.0,0,0.0,0.0,0,1,2026-08-24 10:11:05.982263+00
13769668,32000.0,10.373522431293592,GAC,GN8,2024,2,100000.0,1,2000.0,1,Petrol,Automatic,Black,used,1,Chinese_EV,Phnom Penh,Tier_1,individual,32000.0,0.0,0,0.0,0,42.3,0.0,1,0,2026-08-26 03:00:17.774106+00
13511770,39500.0,10.584081267024454,GAC,GN8,2024,2,100000.0,1,2000.0,1,Petrol,Automatic,Black,used,1,Chinese_EV,Phnom Penh,Tier_1,store,39500.0,0.0,0,0.0,0,104.0,0.0,0,0,2026-08-25 10:16:36.596961+00
13338098,38800.0,10.566201298475118,GAC,GN8,2024,2,100000.0,1,2000.0,1,Petrol,Automatic,Black,used,1,Chinese_EV,Phnom Penh,Tier_1,store,38800.0,0.0,0,0.0,0,151.9,0.0,0,0,2026-08-25 10:24:19.969892+00
13656241,39000.0,10.571342565808699,GAC,GN8,2024,2,100000.0,1,2000.0,1,Petrol,Automatic,White,new,0,Chinese_EV,Phnom Penh,Tier_1,store,39000.0,0.0,0,0.0,0,70.4,0.0,0,0,2026-08-26 03:07:22.92933+00
13889314,35500.0,10.477316144080852,GAC,GN8,2024,2,100000.0,1,2000.0,1,Petrol,Automatic,Black,used,1,Chinese_EV,Phnom Penh,Tier_1,individual,35500.0,0.0,0,0.0,0,9.9,0.0,0,0,2026-08-25 10:18:43.817691+00
13911187,29800.0,10.30229722897745,GAC,GN8,2024,2,100000.0,1,2000.0,1,Petrol,Automatic,Black,used,1,Chinese_EV,Phnom Penh,Tier_1,store,29800.0,0.0,0,0.0,0,4.0,0.0,0,0,2026-08-25 10:23:45.751093+00
13935772,39800.0,10.591647316585027,GAC,GN8,2024,2,100000.0,1,2000.0,1,Petrol,Automatic,Black,used,1,Chinese_EV,Phnom Penh,Tier_1,store,39800.0,0.0,0,0.0,0,0.0,0.0,0,0,2026-08-27 12:15:37.717633+00
13907015,27500.0,10.221977646629885,GAC,GN8,2024,2,100000.0,1,2000.0,1,Petrol,Automatic,Black,used,1,Chinese_EV,Phnom Penh,Tier_1,store,27500.0,0.0,0,0.0,0,7.1,0.0,1,0,2026-08-27 12:11:53.826369+00
13841879,39500.0,10.584081267024454,GAC,GN8,2024,2,100000.0,1,2000.0,1,Petrol,Automatic,Black,used,1,Chinese_EV,Phnom Penh,Tier_1,store,39500.0,0.0,0,0.0,0,22.7,0.0,0,0,2026-08-26 03:03:37.351063+00
13721412,29800.0,10.30229722897745,GAC,GN8,2024,2,100000.0,1,2000.0,1,Petrol,Automatic,White,used,1,Chinese_EV,Phnom Penh,Tier_1,store,29800.0,0.0,0,0.0,0,55.8,0.0,0,0,2026-08-27 12:07:46.05267+00
13749282,31999.0,10.373491181781864,GAC,GN8,2024,2,100000.0,1,2000.0,1,Petrol,Automatic,Black,used,1,Chinese_EV,Phnom Penh,Tier_1,store,31999.0,0.0,0,0.0,0,48.8,0.0,1,0,2026-08-27 12:17:12.51637+00
13875059,32500.0,10.389026137075234,GAC,GN8,2024,2,100000.0,1,2000.0,1,Petrol,Automatic,Unknown,used,1,Chinese_EV,Phnom Penh,Tier_1,store,32500.0,0.0,0,0.0,0,6.7,0.0,1,0,2026-08-18 10:18:57.647844+00
13562149,45000.0,10.714439990727769,GAC,GN8,2024,2,100000.0,1,2000.0,1,Petrol,Automatic,White,new,0,Chinese_EV,Phnom Penh,Tier_1,store,45000.0,0.0,0,0.0,0,85.1,0.0,0,0,2026-08-18 10:19:08.121211+00
13927250,48000.0,10.778977123006351,GAC,GN8,2024,2,100000.0,1,2000.0,1,Petrol,Automatic,Black,used,1,Chinese_EV,Phnom Penh,Tier_1,store,48000.0,0.0,0,0.0,0,0.0,0.0,0,0,2026-08-25 10:19:28.533781+00
13210968,32800.0,10.39821428171237,GAC,GN8,2024,2,100000.0,1,2000.0,1,Petrol,Automatic,Unknown,used,1,Chinese_EV,Phnom Penh,Tier_1,store,32800.0,0.0,0,0.0,0,179.1,0.0,1,0,2026-08-21 02:53:12.548273+00
13919696,27500.0,10.221977646629885,GAC,GN8,2024,2,100000.0,1,2000.0,1,Petrol,Automatic,Black,used,1,Chinese_EV,Phnom Penh,Tier_1,store,27500.0,0.0,0,0.0,0,3.8,0.0,1,0,2026-08-27 12:11:49.613734+00
13830086,36888.0,10.515668682606062,GAC,GN8,2024,2,100000.0,1,2000.0,1,Petrol,Automatic,White,new,0,Chinese_EV,Phnom Penh,Tier_1,store,36888.0,0.0,0,0.0,0,27.8,0.0,0,0,2026-08-27 12:10:22.103247+00
13936050,38500.0,10.55843949396453,GAC,GN8,2024,2,100000.0,1,2000.0,1,Petrol,Automatic,White,new,0,Chinese_EV,Phnom Penh,Tier_1,store,38500.0,0.0,0,0.0,0,0.0,0.0,0,0,2026-08-27 12:14:23.619672+00
13879103,41800.0,10.640675541671662,GAC,GN8,2024,2,100000.0,1,2000.0,1,Petrol,Automatic,Black,used,1,Chinese_EV,Phnom Penh,Tier_1,store,41800.0,0.0,0,0.0,0,6.4,0.0,0,0,2026-08-19 02:47:57.913129+00
13817428,29800.0,10.30229722897745,GAC,GN8,2024,2,100000.0,1,2000.0,1,Petrol,Automatic,White,used,1,Chinese_EV,Phnom Penh,Tier_1,store,29800.0,0.0,0,0.0,0,29.4,0.0,0,0,2026-08-26 02:57:32.97464+00
13457266,39900.0,10.594156665220533,GAC,GN8,2024,2,100000.0,1,2000.0,1,Petrol,Automatic,Unknown,used,1,Chinese_EV,Phnom Penh,Tier_1,store,39900.0,0.0,0,0.0,0,109.8,0.0,0,0,2026-08-17 08:51:06.464623+00
13911173,42000.0,10.645448706505872,GAC,GN8,2024,2,100000.0,1,2000.0,1,Petrol,Automatic,Black,used,1,Chinese_EV,Phnom Penh,Tier_1,store,42000.0,0.0,0,0.0,0,4.0,0.0,0,0,2026-08-25 10:23:35.099714+00
13884293,38000.0,10.545367754151743,GAC,GN8,2024,2,100000.0,1,2000.0,1,Petrol,Automatic,White,new,0,Chinese_EV,Phnom Penh,Tier_1,store,38000.0,0.0,0,0.0,0,6.0,0.0,0,0,2026-08-20 08:37:49.859969+00
13904345,39999.0,10.596634733096073,GAC,GN8,2024,2,100000.0,1,2000.0,1,Petrol,Automatic,Black,new,0,Chinese_EV,Phnom Penh,Tier_1,store,39999.0,0.0,0,0.0,0,0.8,0.0,0,0,2026-08-20 08:37:49.862006+00
13919814,31500.0,10.357774570341576,GAC,GN8,2024,2,100000.0,1,2000.0,1,Petrol,Automatic,Black,used,1,Chinese_EV,Phnom Penh,Tier_1,store,31500.0,0.0,0,0.0,0,3.7,0.0,0,1,2026-08-27 12:06:55.987606+00
13800775,14500.0,9.581972891547895,Lexus,GX,2003,23,100000.0,1,2000.0,1,Petrol,Automatic,White,used,1,Luxury,Phnom Penh,Tier_1,individual,14500.0,0.0,0,0.0,0,33.1,0.0,1,1,2026-08-25 10:18:08.178699+00
13625341,16999.0,9.740968623038354,Lexus,GX,2003,23,100000.0,1,2000.0,1,Petrol,Automatic,White,used,1,Luxury,Kampong Speu,Tier_3,store,16999.0,0.0,0,0.0,0,79.1,0.0,0,0,2026-08-27 12:10:37.903442+00
13595008,13500.0,9.510519035757246,Lexus,GX,2003,23,100000.0,1,2000.0,1,Petrol,Automatic,Gold,used,1,Luxury,Phnom Penh,Tier_1,store,13500.0,0.0,0,0.0,0,76.5,0.0,0,0,2026-08-17 08:51:05.447921+00
13389686,19000.0,9.852246888342531,Lexus,GX,2007,19,100000.0,1,2000.0,1,Petrol,Automatic,Grey,used,1,Luxury,Preah Sihanouk,Tier_2,individual,19000.0,0.0,0,0.0,0,138.7,0.0,0,0,2026-08-25 10:13:46.222549+00
13794394,15900.0,9.674137279312397,Lexus,GX,2004,22,100000.0,1,2000.0,1,Petrol,Automatic,White,used,1,Luxury,Phnom Penh,Tier_1,store,15900.0,0.0,0,0.0,0,35.6,0.0,0,0,2026-08-26 03:08:07.725091+00
13862697,14200.0,9.561067663645012,Lexus,GX,2004,22,100000.0,1,2000.0,1,Petrol,Automatic,White,used,1,Luxury,Phnom Penh,Tier_1,individual,14200.0,0.0,0,0.0,0,17.0,0.0,0,1,2026-08-25 10:25:36.801094+00
13336212,15900.0,9.674137279312397,Lexus,GX,2004,22,100000.0,1,2000.0,1,Petrol,Automatic,White,used,1,Luxury,Phnom Penh,Tier_1,store,15900.0,0.0,0,0.0,0,153.1,0.0,0,0,2026-08-26 03:09:59.395356+00
13255843,17800.0,9.787009914477434,Lexus,GX,2004,22,100000.0,1,2000.0,1,Petrol,Automatic,White,used,1,Luxury,Kandal,Tier_2,store,17800.0,0.0,0,0.0,0,174.1,0.0,1,0,2026-08-27 12:20:05.505748+00
13778749,14000.0,9.546884034617925,Lexus,GX,2003,23,100000.0,1,2000.0,1,Petrol,Automatic,White,used,1,Luxury,Phnom Penh,Tier_1,store,14000.0,0.0,0,0.0,0,30.9,0.0,0,0,2026-08-17 08:51:02.630305+00
13854844,11999.0,9.392661928770137,Lexus,GX,2003,23,100000.0,1,2000.0,1,Petrol,Automatic,Gold,used,1,Luxury,Phnom Penh,Tier_1,individual,11999.0,0.0,0,0.0,0,19.7,0.0,0,0,2026-08-26 03:06:19.38715+00
13860149,19500.0,9.87822102528824,Maserati,Ghibli,2015,11,100000.0,1,2000.0,1,Petrol,Automatic,White,used,1,Luxury,Phnom Penh,Tier_1,store,19500.0,0.0,0,0.0,0,17.8,0.0,0,0,2026-08-25 10:20:28.055367+00
13901490,3500.0,8.160803920954665,Toyota,HiAce,1991,35,100000.0,1,2000.0,1,Petrol,Automatic,Unknown,used,1,Mass_Market,Banteay Meanchey,Tier_3,individual,3500.0,0.0,0,0.0,0,0.0,0.0,0,1,2026-08-18 10:19:02.521185+00
13897331,33000.0,10.404293143019792,Toyota,HiAce,2014,12,100000.0,1,2000.0,1,Petrol,Automatic,Unknown,used,0,Mass_Market,Phnom Penh,Tier_1,store,33000.0,0.0,0,0.0,0,0.0,0.0,0,0,2026-08-17 08:50:53.030241+00
13602472,23200.0,10.05195066017375,Toyota,Innova,2020,6,100000.0,1,2000.0,1,Diesel,Automatic,White,used,1,Mass_Market,Phnom Penh,Tier_1,store,23200.0,0.0,0,0.0,0,81.8,0.0,0,0,2026-08-24 10:11:19.257637+00
13826348,23900.0,10.081675578048475,Toyota,Innova,2020,6,100000.0,1,2000.0,1,Diesel,Automatic,White,used,1,Mass_Market,Phnom Penh,Tier_1,store,23900.0,0.0,0,0.0,0,25.5,0.0,0,0,2026-08-24 10:11:19.257637+00
13907781,96800.0,11.480412603789821,Lexus,LS,2018,8,100000.0,1,2000.0,1,Hybrid,Automatic,Black,used,1,Luxury,Phnom Penh,Tier_1,store,96800.0,0.0,0,0.0,0,7.0,0.0,1,0,2026-08-27 12:14:55.572152+00
13705460,86000.0,11.362114203075018,Lexus,LS,2018,8,100000.0,1,2000.0,1,Petrol,Automatic,White,used,1,Luxury,Phnom Penh,Tier_1,store,86000.0,0.0,0,0.0,0,58.5,0.0,1,0,2026-08-26 03:02:31.31661+00
13290207,18000.0,9.798182590890704,Lexus,LS,2007,19,100000.0,1,2000.0,1,Petrol,Automatic,Black,used,1,Luxury,Phnom Penh,Tier_1,store,18000.0,0.0,0,0.0,0,165.6,0.0,0,0,2026-08-27 12:06:07.35368+00
13923783,17800.0,9.787009914477434,Lexus,LS,2007,19,100000.0,1,2000.0,1,Petrol,Automatic,Black,used,1,Luxury,Phnom Penh,Tier_1,store,17800.0,0.0,0,0.0,0,2.7,0.0,0,0,2026-08-27 12:18:48.015523+00
13637918,298000.0,12.604852121186608,Lexus,LS,2024,2,100000.0,1,2000.0,1,Petrol,Automatic,White,new,0,Luxury,Phnom Penh,Tier_1,store,298000.0,0.0,0,0.0,0,76.1,0.0,0,0,2026-08-27 12:17:42.160137+00
13898423,99999.0,11.512925464970229,Lexus,LS,2018,8,100000.0,1,2000.0,1,Petrol,Automatic,White,used,1,Luxury,Phnom Penh,Tier_1,individual,99999.0,0.0,0,0.0,0,9.6,0.0,0,0,2026-08-27 12:14:32.845413+00
13878966,43700.0,10.685126264117057,Lexus,LS,2013,13,100000.0,1,2000.0,1,Hybrid,Automatic,Other,used,1,Luxury,Phnom Penh,Tier_1,store,43700.0,0.0,0,0.0,0,12.8,0.0,0,0,2026-08-25 10:15:10.749703+00
13833423,86600.0,11.369066641827967,Lexus,LS,2018,8,100000.0,1,2000.0,1,Petrol,Automatic,White,used,1,Luxury,Phnom Penh,Tier_1,store,86600.0,0.0,0,0.0,0,24.8,0.0,1,0,2026-08-25 10:19:47.169784+00
13898387,23800.0,10.077482875583607,Toyota,Land Cruiser Prado,2010,16,100000.0,1,2000.0,1,Petrol,Automatic,Unknown,used,1,Mass_Market,Phnom Penh,Tier_1,store,23800.0,0.0,0,0.0,0,1.2,0.0,0,0,2026-08-19 02:48:03.340651+00
13770563,17000.0,9.741027444837728,Toyota,Land Cruiser Prado,2003,23,100000.0,1,2000.0,1,Diesel,Automatic,Silver,used,1,Mass_Market,Phnom Penh,Tier_1,store,17000.0,0.0,0,0.0,0,33.0,0.0,0,0,2026-08-17 08:50:57.890544+00
13764192,19500.0,9.87822102528824,Toyota,Land Cruiser Prado,2008,18,100000.0,1,2000.0,1,Petrol,Automatic,Black,used,1,Mass_Market,Phnom Penh,Tier_1,store,19500.0,0.0,0,0.0,0,36.5,0.0,0,0,2026-08-19 02:48:03.343653+00
13771495,17500.0,9.770013301136158,MG,MG4,2025,1,100000.0,1,2000.0,1,Electric,Automatic,Unknown,used,1,Chinese_EV,Phnom Penh,Tier_1,store,17500.0,0.0,0,0.0,0,38.7,0.0,0,0,2026-08-23 02:52:48.823073+00
13777527,47000.0,10.757924157061597,Tesla,Model X,2020,6,100000.0,1,2000.0,1,Electric,Automatic,White,used,0,Other,Phnom Penh,Tier_1,store,47000.0,0.0,0,0.0,0,41.6,0.0,0,0,2026-08-27 12:11:08.669991+00
13927790,3500.0,8.160803920954665,Mitsubishi,Pajero,1995,31,100000.0,1,2000.0,1,Petrol,Manual,Grey,used,1,Mass_Market,Phnom Penh,Tier_1,individual,3500.0,0.0,0,0.0,0,0.0,0.0,0,0,2026-08-25 10:14:37.568435+00
13927392,18500.0,9.825580063659602,Mitsubishi,Pajero,2014,12,100000.0,1,2000.0,1,Diesel,Automatic,White,used,1,Mass_Market,Kandal,Tier_2,individual,18500.0,0.0,0,0.0,0,0.0,0.0,0,0,2026-08-25 10:18:14.672864+00
13477702,2350.0,7.762596048540069,Mitsubishi,Pajero,1992,34,100000.0,1,2000.0,1,Diesel,Automatic,Grey,used,1,Mass_Market,Kandal,Tier_2,individual,2350.0,0.0,0,0.0,0,114.2,0.0,0,0,2026-08-27 12:19:44.555476+00
13870985,25000.0,10.12667110305036,Mitsubishi,Pajero,2022,4,100000.0,1,2000.0,1,Petrol,Automatic,Unknown,used,1,Mass_Market,Phnom Penh,Tier_1,individual,25000.0,0.0,0,0.0,0,6.7,0.0,0,0,2026-08-17 08:50:53.037997+00
13357843,14500.0,9.581972891547895,Lexus,RX 470 ឆ្នាំ,2002,24,100000.0,1,2000.0,1,Petrol,Automatic,Unknown,used,1,Luxury,Siem Reap,Tier_2,store,14500.0,0.0,0,0.0,0,146.6,0.0,0,0,2026-08-25 10:16:20.052438+00
13219680,55000.0,10.915106645867503,Lexus,RX200T F-Sport,2017,9,100000.0,1,2000.0,1,Petrol,Automatic,Unknown,used,0,Luxury,Phnom Penh,Tier_1,store,55000.0,0.0,0,0.0,0,174.1,0.0,1,0,2026-08-18 10:19:08.121211+00
13901633,51500.0,10.849356503939038,Ford,Ranger,2026,0,100000.0,1,2000.0,1,Diesel,Automatic,White,used,1,Mass_Market,Phnom Penh,Tier_1,individual,51500.0,0.0,0,0.0,0,6.7,0.0,0,0,2026-08-25 10:12:37.34773+00
13802007,29500.0,10.292179440058462,Ford,Ranger,2021,5,100000.0,1,2000.0,1,Diesel,Automatic,Black,used,1,Mass_Market,Phnom Penh,Tier_1,store,29500.0,0.0,0,0.0,0,28.6,0.0,0,0,2026-08-21 02:53:09.873562+00
13775790,25500.0,10.146472946063877,Ford,Ranger,2013,13,100000.0,1,2000.0,1,Diesel,Automatic,Silver,used,1,Mass_Market,Phnom Penh,Tier_1,store,25500.0,0.0,0,0.0,0,40.6,0.0,0,0,2026-08-26 03:06:12.434871+00
13677898,29700.0,10.298935994257638,Ford,Ranger,2020,6,100000.0,1,2000.0,1,Diesel,Automatic,White,used,1,Mass_Market,Phnom Penh,Tier_1,store,29700.0,0.0,0,0.0,0,66.1,0.0,0,0,2026-08-27 12:07:12.614636+00
13848275,19500.0,9.87822102528824,Ford,Ranger,2016,10,100000.0,1,2000.0,1,Diesel,Manual,White,used,1,Mass_Market,Phnom Penh,Tier_1,store,19500.0,0.0,0,0.0,0,20.7,0.0,0,1,2026-08-25 10:26:08.682713+00
13832670,31900.0,10.370392636243981,Ford,Ranger,2025,1,100000.0,1,2000.0,1,Diesel,Automatic,Black,used,1,Mass_Market,Phnom Penh,Tier_1,individual,32700.0,800.0,1,0.0,0,27.0,0.0,0,0,2026-08-27 12:05:19.9269+00
13354890,75900.0,11.237185138527495,Ford,Ranger,2025,1,100000.0,1,2000.0,1,Diesel,Automatic,Black,new,0,Mass_Market,Phnom Penh,Tier_1,store,75900.0,0.0,0,0.0,0,143.7,0.0,0,0,2026-08-22 02:44:54.347225+00
13915758,27900.0,10.236417809461043,Ford,Ranger,2020,6,100000.0,1,2000.0,1,Diesel,Automatic,White,used,1,Mass_Market,Tboung Khmum,Tier_3,store,27900.0,0.0,0,0.0,0,3.5,0.0,0,0,2026-08-26 02:56:41.897829+00
13566023,36000.0,10.491301994830229,Ford,Ranger,2024,2,100000.0,1,2000.0,1,Diesel,Automatic,Grey,used,1,Mass_Market,Phnom Penh,Tier_1,store,36000.0,0.0,0,0.0,0,93.6,0.0,0,0,2026-08-27 12:06:46.13895+00
13897255,38700.0,10.563620718477313,Ford,Ranger,2024,2,100000.0,1,2000.0,1,Diesel,Automatic,White,new,1,Mass_Market,Phnom Penh,Tier_1,individual,38700.0,0.0,0,0.0,0,0.0,0.0,0,0,2026-08-17 08:50:55.864585+00
13778034,37000.0,10.518700218288165,Ford,Ranger,2026,0,100000.0,1,2000.0,1,Hybrid,Automatic,White,used,0,Mass_Market,Phnom Penh,Tier_1,individual,37000.0,0.0,0,0.0,0,31.1,0.0,0,0,2026-08-17 08:50:50.143004+00
13611148,27500.0,10.221977646629885,Ford,Ranger,2014,12,100000.0,1,2000.0,1,Diesel,Automatic,White,used,1,Mass_Market,Phnom Penh,Tier_1,store,27500.0,0.0,0,0.0,0,80.8,0.0,0,0,2026-08-25 10:26:59.337266+00
13897811,19800.0,9.893487720457795,Ford,Ranger,2013,13,100000.0,1,2000.0,1,Diesel,Automatic,Unknown,used,1,Mass_Market,Phnom Penh,Tier_1,individual,19800.0,0.0,0,0.0,0,3.4,0.0,0,0,2026-08-21 02:53:19.756238+00
13869846,38900.0,10.568775236216993,Ford,Ranger,2026,0,100000.0,1,2000.0,1,Diesel,Automatic,White,new,0,Mass_Market,Phnom Penh,Tier_1,store,38900.0,0.0,0,0.0,0,14.9,0.0,0,0,2026-08-25 10:24:32.185985+00
13279406,22500.0,10.021315031649332,Ford,Ranger,2015,11,100000.0,1,2000.0,1,Diesel,Automatic,Blue,used,1,Mass_Market,Phnom Penh,Tier_1,store,22500.0,0.0,0,0.0,0,163.7,0.0,0,0,2026-08-23 02:53:12.30272+00
13901417,44900.0,10.712215345197256,Ford,Ranger,2026,0,100000.0,1,2000.0,1,Diesel,Automatic,Grey,new,0,Mass_Market,Phnom Penh,Tier_1,store,44900.0,0.0,0,0.0,0,0.0,0.0,0,0,2026-08-18 10:19:04.370366+00
13869720,44900.0,10.712215345197256,Ford,Ranger,2026,0,100000.0,1,2000.0,1,Diesel,Automatic,Black,new,0,Mass_Market,Phnom Penh,Tier_1,store,44900.0,0.0,0,0.0,0,17.0,0.0,0,0,2026-08-27 12:09:16.707557+00
13795195,37000.0,10.518700218288165,Ford,Ranger,2023,3,100000.0,1,2000.0,1,Diesel,Automatic,Black,used,1,Mass_Market,Phnom Penh,Tier_1,individual,37000.0,0.0,0,0.0,0,33.8,0.0,0,0,2026-08-24 10:11:14.109778+00
13567761,42000.0,10.645448706505872,Ford,Ranger,2023,3,100000.0,1,2000.0,1,Diesel,Automatic,White,used,1,Mass_Market,Phnom Penh,Tier_1,store,42000.0,0.0,0,0.0,0,86.7,0.0,0,0,2026-08-21 02:53:06.051631+00
13402141,42000.0,10.645448706505872,Ford,Ranger,2023,3,100000.0,1,2000.0,1,Diesel,Automatic,White,used,1,Mass_Market,Phnom Penh,Tier_1,store,45000.0,3000.0,1,0.0,0,136.5,0.0,0,0,2026-08-27 12:12:12.937524+00
13379165,37900.0,10.542732775946709,Ford,Ranger,2023,3,100000.0,1,2000.0,1,Diesel,Automatic,White,used,1,Mass_Market,Phnom Penh,Tier_1,store,37900.0,0.0,0,0.0,0,143.1,0.0,0,0,2026-08-27 12:14:29.416409+00
13914083,36500.0,10.505094936455558,Ford,Ranger,2023,3,100000.0,1,2000.0,1,Diesel,Automatic,White,used,1,Mass_Market,Phnom Penh,Tier_1,individual,36500.0,0.0,0,0.0,0,2.0,0.0,0,0,2026-08-24 10:11:15.249258+00
13658181,38500.0,10.55843949396453,Ford,Ranger,2023,3,100000.0,1,2000.0,1,Petrol,Automatic,White,used,1,Mass_Market,Phnom Penh,Tier_1,store,38500.0,0.0,0,0.0,0,65.7,0.0,0,0,2026-08-22 02:44:52.995113+00
13885940,34800.0,10.457401400981889,Ford,Ranger,2023,3,100000.0,1,2000.0,1,Diesel,Automatic,Silver,used,1,Mass_Market,Tboung Khmum,Tier_3,store,34800.0,0.0,0,0.0,0,11.6,0.0,0,0,2026-08-26 02:56:44.002201+00
13858112,32000.0,10.373522431293592,Ford,Ranger,2023,3,100000.0,1,2000.0,1,Diesel,Automatic,White,used,1,Mass_Market,Phnom Penh,Tier_1,store,32000.0,0.0,0,0.0,0,20.1,0.0,0,0,2026-08-27 12:06:33.285762+00
13855886,36000.0,10.491301994830229,Ford,Ranger,2023,3,100000.0,1,2000.0,1,Diesel,Automatic,White,used,1,Mass_Market,Phnom Penh,Tier_1,store,36000.0,0.0,0,0.0,0,18.8,0.0,0,0,2026-08-25 10:24:20.610726+00
13911355,32500.0,10.389026137075234,Ford,Ranger,2023,3,100000.0,1,2000.0,1,Diesel,Automatic,White,used,1,Mass_Market,Phnom Penh,Tier_1,individual,32500.0,0.0,0,0.0,0,4.6,0.0,0,0,2026-08-26 02:56:40.409182+00
13810621,37500.0,10.53212287826962,Ford,Ranger,2023,3,100000.0,1,2000.0,1,Diesel,Automatic,White,used,1,Mass_Market,Phnom Penh,Tier_1,store,37500.0,0.0,0,0.0,0,32.8,0.0,0,0,2026-08-27 12:08:44.593471+00
13914622,29900.0,10.305647203635566,Ford,Ranger,2023,3,100000.0,1,2000.0,1,Diesel,Automatic,Other,used,1,Mass_Market,Phnom Penh,Tier_1,individual,29900.0,0.0,0,0.0,0,2.0,0.0,0,0,2026-08-24 10:11:16.248603+00
13926588,38500.0,10.55843949396453,Ford,Ranger,2023,3,100000.0,1,2000.0,1,Diesel,Automatic,White,used,1,Mass_Market,Phnom Penh,Tier_1,individual,38500.0,0.0,0,0.0,0,0.0,0.0,0,0,2026-08-25 10:26:54.686608+00
13867294,36900.0,10.515993929932415,Ford,Ranger,2023,3,100000.0,1,2000.0,1,Diesel,Automatic,White,used,1,Mass_Market,Phnom Penh,Tier_1,store,36900.0,0.0,0,0.0,0,17.8,0.0,0,0,2026-08-27 12:11:31.389313+00
13718072,35000.0,10.463131911491967,Ford,Ranger,2023,3,100000.0,1,2000.0,1,Diesel,Automatic,White,used,1,Mass_Market,Phnom Penh,Tier_1,store,35000.0,0.0,0,0.0,0,54.6,0.0,0,0,2026-08-25 10:28:22.008671+00
13779360,35000.0,10.463131911491967,Ford,Ranger,2024,2,100000.0,1,2000.0,1,Diesel,Automatic,Grey,used,1,Mass_Market,Phnom Penh,Tier_1,store,35000.0,0.0,0,0.0,0,38.9,0.0,0,0,2026-08-25 10:24:28.635385+00
13896979,38900.0,10.568775236216993,Ford,Ranger,2026,0,100000.0,1,2000.0,1,Diesel,Automatic,Black,new,0,Mass_Market,Phnom Penh,Tier_1,store,38900.0,0.0,0,0.0,0,0.0,0.0,0,0,2026-08-17 08:51:08.297821+00
13397977,32500.0,10.389026137075234,Ford,Ranger,2022,4,100000.0,1,2000.0,1,Diesel,Automatic,White,used,1,Mass_Market,Phnom Penh,Tier_1,store,32500.0,0.0,0,0.0,0,138.1,0.0,0,0,2026-08-27 12:11:59.715795+00
13387539,34800.0,10.457401400981889,Ford,Ranger,2021,5,100000.0,1,2000.0,1,Diesel,Automatic,Silver,used,1,Mass_Market,Phnom Penh,Tier_1,store,34800.0,0.0,0,0.0,0,136.7,0.0,0,0,2026-08-23 02:52:51.990479+00
13592417,29500.0,10.292179440058462,Ford,Ranger,2021,5,100000.0,1,2000.0,1,Diesel,Automatic,Black,used,1,Mass_Market,Phnom Penh,Tier_1,store,27900.0,0.0,0,1600.0,1,87.0,0.0,0,0,2026-08-27 12:15:11.799955+00
13901138,29800.0,10.30229722897745,Ford,Ranger,2022,4,100000.0,1,2000.0,1,Diesel,Automatic,White,used,1,Mass_Market,Phnom Penh,Tier_1,store,29800.0,0.0,0,0.0,0,7.5,0.0,0,0,2026-08-26 03:01:23.220845+00
13846368,31500.0,10.357774570341576,Ford,Ranger,2022,4,100000.0,1,2000.0,1,Diesel,Automatic,White,used,1,Mass_Market,Phnom Penh,Tier_1,store,31500.0,0.0,0,0.0,0,23.1,0.0,0,0,2026-08-27 12:12:40.243567+00
13936424,26500.0,10.184937747111391,Ford,Ranger,2019,7,100000.0,1,2000.0,1,Diesel,Automatic,Grey,used,1,Mass_Market,Phnom Penh,Tier_1,individual,26500.0,0.0,0,0.0,0,0.0,0.0,0,0,2026-08-27 12:09:46.690532+00
13821200,21500.0,9.975854724662028,Ford,Ranger,2021,5,100000.0,1,2000.0,1,Diesel,Manual,White,used,1,Mass_Market,Phnom Penh,Tier_1,store,21500.0,0.0,0,0.0,0,27.8,0.0,0,1,2026-08-25 10:25:58.879776+00
13775888,33500.0,10.419330568113901,Ford,Ranger,2022,4,100000.0,1,2000.0,1,Diesel,Automatic,White,used,1,Mass_Market,Phnom Penh,Tier_1,store,33500.0,0.0,0,0.0,0,42.0,0.0,0,0,2026-08-27 12:10:46.082425+00
13344049,48900.0,10.797553125151618,Ford,Ranger,2026,0,100000.0,1,2000.0,1,Diesel,Automatic,Black,new,0,Mass_Market,Phnom Penh,Tier_1,store,48900.0,0.0,0,0.0,0,147.1,0.0,0,0,2026-08-22 02:44:54.346927+00
13643968,29700.0,10.298935994257638,Ford,Ranger,2021,5,100000.0,1,2000.0,1,Diesel,Automatic,White,used,1,Mass_Market,Phnom Penh,Tier_1,store,29700.0,0.0,0,0.0,0,72.8,0.0,0,0,2026-08-25 10:26:34.622942+00
13589963,28900.0,10.27163147557801,Ford,Ranger,2022,4,100000.0,1,2000.0,1,Diesel,Automatic,White,used,1,Mass_Market,Phnom Penh,Tier_1,individual,29900.0,1000.0,1,0.0,0,87.9,0.0,0,0,2026-08-27 12:05:55.830443+00
13384548,35000.0,10.463131911491967,Ford,Ranger,2022,4,100000.0,1,2000.0,1,Diesel,Automatic,White,used,1,Mass_Market,Phnom Penh,Tier_1,store,35000.0,0.0,0,0.0,0,140.6,0.0,0,0,2026-08-26 03:06:22.038046+00
13614904,29000.0,10.275085591132715,Ford,Ranger,2022,4,100000.0,1,2000.0,1,Diesel,Automatic,Grey,used,1,Mass_Market,Phnom Penh,Tier_1,individual,29000.0,0.0,0,0.0,0,73.5,0.0,0,0,2026-08-19 02:48:20.914003+00
13886233,33500.0,10.419330568113901,Ford,Ranger,2024,2,100000.0,1,2000.0,1,Diesel,Automatic,Black,new,1,Mass_Market,Phnom Penh,Tier_1,individual,33500.0,0.0,0,0.0,0,4.5,0.0,0,0,2026-08-19 02:48:18.129895+00
13888675,6500.0,8.77971129020447,Toyota,Scion ABS,2005,21,100000.0,1,2000.0,1,Petrol,Automatic,Unknown,used,1,Mass_Market,Phnom Penh,Tier_1,individual,6500.0,0.0,0,0.0,0,5.7,0.0,0,0,2026-08-21 02:53:19.755674+00
13866477,31800.0,10.367253014814716,Ford,Territory,2024,2,100000.0,1,2000.0,1,Petrol,Automatic,Grey,used,1,Mass_Market,Phnom Penh,Tier_1,store,31800.0,0.0,0,0.0,0,16.6,0.0,1,0,2026-08-26 03:10:08.086677+00
13869633,38900.0,10.568775236216993,Ford,Territory,2026,0,100000.0,1,2000.0,1,Petrol,Automatic,Black,new,0,Mass_Market,Phnom Penh,Tier_1,store,38900.0,0.0,0,0.0,0,15.0,0.0,0,0,2026-08-25 10:29:43.073768+00
13666849,32500.0,10.389026137075234,Ford,Territory,2024,2,100000.0,1,2000.0,1,Petrol,Automatic,White,used,1,Mass_Market,Kandal,Tier_2,store,32500.0,0.0,0,0.0,0,67.0,0.0,1,0,2026-08-25 10:23:49.811877+00
13926573,34000.0,10.434145214930487,Ford,Territory,2025,1,100000.0,1,2000.0,1,Diesel,Automatic,White,used,1,Mass_Market,Phnom Penh,Tier_1,individual,34000.0,0.0,0,0.0,0,0.0,0.0,0,0,2026-08-25 10:27:09.229659+00
13598937,32500.0,10.389026137075234,Ford,Territory,2024,2,100000.0,1,2000.0,1,Petrol,Automatic,Black,used,1,Mass_Market,Phnom Penh,Tier_1,store,32500.0,0.0,0,0.0,0,84.3,0.0,0,0,2026-08-26 02:59:03.520359+00
13575547,26200.0,10.173552856959743,Ford,Territory,2023,3,100000.0,1,2000.0,1,Petrol,Automatic,Grey,used,1,Mass_Market,Phnom Penh,Tier_1,individual,26200.0,0.0,0,0.0,0,89.1,0.0,0,0,2026-08-25 10:19:49.136826+00
13763433,30800.0,10.335302435967074,Ford,Territory,2023,3,100000.0,1,2000.0,1,Petrol,Automatic,Red,used,1,Mass_Market,Phnom Penh,Tier_1,store,30800.0,0.0,0,0.0,0,40.6,0.0,1,0,2026-08-23 02:52:51.992459+00
13896530,31000.0,10.34177474101152,Ford,Territory,2023,3,100000.0,1,2000.0,1,Petrol,Automatic,White,used,1,Mass_Market,Phnom Penh,Tier_1,individual,31500.0,500.0,1,0.0,0,8.6,0.0,0,1,2026-08-26 02:57:46.711138+00
13890127,31000.0,10.34177474101152,Ford,Territory,2023,3,100000.0,1,2000.0,1,Petrol,Automatic,White,used,1,Mass_Market,Phnom Penh,Tier_1,individual,31000.0,0.0,0,0.0,0,5.4,0.0,0,0,2026-08-21 02:53:19.758284+00
13252228,26300.0,10.177362240256695,Ford,Territory,2022,4,100000.0,1,2000.0,1,Petrol,Automatic,Red,used,1,Mass_Market,Phnom Penh,Tier_1,store,26300.0,0.0,0,0.0,0,175.1,0.0,0,0,2026-08-27 12:14:41.834517+00
13452590,28700.0,10.264687244346277,Ford,Territory,2023,3,100000.0,1,2000.0,1,Petrol,Automatic,Black,used,1,Mass_Market,Phnom Penh,Tier_1,individual,28700.0,0.0,0,0.0,0,117.9,0.0,0,0,2026-08-24 10:11:18.273739+00
13899954,24800.0,10.118639253920785,Ford,Territory,2022,4,100000.0,1,2000.0,1,Petrol,Automatic,White,used,1,Mass_Market,Phnom Penh,Tier_1,individual,24800.0,0.0,0,0.0,0,3.7,0.0,0,0,2026-08-22 02:44:52.995214+00
13277141,23900.0,10.081675578048475,Ford,Territory,2022,4,100000.0,1,2000.0,1,Petrol,Automatic,Red,used,1,Mass_Market,Phnom Penh,Tier_1,store,23900.0,0.0,0,0.0,0,168.9,0.0,0,0,2026-08-27 12:19:31.790803+00
13935437,26000.0,10.165890277802454,Ford,Territory,2022,4,100000.0,1,2000.0,1,Electric,Automatic,White,used,1,Mass_Market,Phnom Penh,Tier_1,individual,26000.0,0.0,0,0.0,0,0.0,0.0,0,0,2026-08-27 12:19:59.36086+00
13887763,22500.0,10.021315031649332,Ford,Territory,2021,5,100000.0,1,2000.0,1,Petrol,Automatic,White,used,1,Mass_Market,Siem Reap,Tier_2,store,22500.0,0.0,0,0.0,0,7.2,0.0,0,0,2026-08-22 02:44:51.797056+00
13205301,23500.0,10.064798252418377,Ford,Territory,2021,5,100000.0,1,2000.0,1,Petrol,Automatic,Unknown,used,1,Mass_Market,Phnom Penh,Tier_1,store,23500.0,0.0,0,0.0,0,179.8,0.0,0,0,2026-08-20 08:37:35.44999+00
13917605,23900.0,10.081675578048475,Ford,Territory,2021,5,100000.0,1,2000.0,1,Petrol,Automatic,White,used,1,Mass_Market,Phnom Penh,Tier_1,store,23900.0,0.0,0,0.0,0,0.0,0.0,1,0,2026-08-23 02:53:02.004635+00
13917597,23900.0,10.081675578048475,Ford,Territory,2021,5,100000.0,1,2000.0,1,Petrol,Automatic,White,used,1,Mass_Market,Phnom Penh,Tier_1,store,23900.0,0.0,0,0.0,0,0.0,0.0,1,0,2026-08-23 02:53:00.515403+00
13664781,14400.0,9.575052927597383,Volkswagen,Tiguan,2014,12,100000.0,1,2000.0,1,Petrol,Automatic,Gold,used,1,Mass_Market,Phnom Penh,Tier_1,store,14400.0,0.0,0,0.0,0,68.4,0.0,0,0,2026-08-26 03:04:48.99099+00
13861980,29800.0,10.30229722897745,Ford,ranger,2021,5,100000.0,1,2000.0,1,Diesel,Automatic,White,used,1,Mass_Market,Phnom Penh,Tier_1,store,29800.0,0.0,0,0.0,0,17.8,0.0,0,0,2026-08-26 03:08:47.21993+00
13707731,29900.0,10.305647203635566,Mercedes-Benz,400SEL,2015,11,100000.0,1,2000.0,1,Petrol,Automatic,Black,used,1,Luxury,Phnom Penh,Tier_1,individual,29900.0,0.0,0,0.0,0,59.1,0.0,0,0,2026-08-27 12:10:40.59895+00
13691523,11000.0,9.305741456739435,MG,6,2012,14,100000.0,1,2000.0,1,Petrol,Automatic,Silver,used,1,Chinese_EV,Phnom Penh,Tier_1,individual,4600.0,0.0,0,6400.0,1,63.2,0.0,0,1,2026-08-27 12:05:32.333667+00
13921695,14500.0,9.581972891547895,MG,6,2022,4,100000.0,1,2000.0,1,Petrol,Automatic,White,used,1,Chinese_EV,Phnom Penh,Tier_1,individual,14500.0,0.0,0,0.0,0,1.7,0.0,0,1,2026-08-26 03:05:57.426513+00
13868709,5856.0,8.675392806089782,Lexus,99 ប៉ុង1 5856$,1999,27,100000.0,1,2000.0,1,Petrol,Automatic,Unknown,used,1,Luxury,Phnom Penh,Tier_1,store,5856.0,0.0,0,0.0,0,11.7,0.0,0,0,2026-08-22 02:44:36.184761+00
13702483,45800.0,10.732061203925053,AVATR,AVATR 06,2026,0,100000.0,1,2000.0,1,Electric,Automatic,White,new,0,Chinese_EV,Phnom Penh,Tier_1,store,45800.0,0.0,0,0.0,0,58.7,0.0,0,0,2026-08-25 10:29:26.350741+00
13846189,45800.0,10.732061203925053,AVATR,AVATR 06,2026,0,100000.0,1,2000.0,1,Electric,Automatic,Black,new,0,Chinese_EV,Phnom Penh,Tier_1,store,45800.0,0.0,0,0.0,0,23.1,0.0,0,0,2026-08-27 12:16:59.722833+00
13638439,45900.0,10.734242182303689,AVATR,AVATR 06,2026,0,100000.0,1,2000.0,1,Electric,Automatic,Brown,new,0,Chinese_EV,Phnom Penh,Tier_1,store,45900.0,0.0,0,0.0,0,76.1,0.0,0,0,2026-08-27 12:07:51.386168+00
13819727,40500.0,10.609081944147828,AVATR,AVATR 06,2025,1,100000.0,1,2000.0,1,Electric,Automatic,White,new,0,Chinese_EV,Phnom Penh,Tier_1,store,40500.0,0.0,0,0.0,0,28.7,0.0,0,0,2026-08-26 03:07:27.023618+00
13289919,49800.0,10.815790343132422,AVATR,AVATR 06,2025,1,100000.0,1,2000.0,1,Electric,Automatic,Black,new,0,Chinese_EV,Phnom Penh,Tier_1,store,49800.0,0.0,0,0.0,0,165.7,0.0,0,0,2026-08-27 12:08:03.821407+00
13920950,39500.0,10.584081267024454,AVATR,AVATR 06,2025,1,100000.0,1,2000.0,1,Electric,Automatic,Black,used,1,Chinese_EV,Phnom Penh,Tier_1,store,39500.0,0.0,0,0.0,0,3.1,0.0,0,0,2026-08-27 12:08:30.937552+00
13901766,42500.0,10.657282884047461,AVATR,AVATR 06,2025,1,100000.0,1,2000.0,1,Electric,Automatic,Grey,used,0,Chinese_EV,Phnom Penh,Tier_1,store,42500.0,0.0,0,0.0,0,0.0,0.0,0,0,2026-08-18 10:18:54.872942+00
13862854,18500.0,9.825580063659602,Toyota,Avenza,2020,6,100000.0,1,2000.0,1,Petrol,Automatic,White,used,1,Mass_Market,Phnom Penh,Tier_1,store,18500.0,0.0,0,0.0,0,17.7,0.0,0,0,2026-08-26 03:05:52.486258+00
13464063,21500.0,9.975854724662028,Mercedes-Benz,CLA-Class,2014,12,100000.0,1,2000.0,1,Diesel,Automatic,Silver,used,1,Luxury,Phnom Penh,Tier_1,store,21500.0,0.0,0,0.0,0,118.1,0.0,0,0,2026-08-27 12:17:14.648975+00
13857379,46000.0,10.736418414365376,Mercedes-Benz,CLA-Class,2020,6,100000.0,1,2000.0,1,Petrol,Automatic,Black,used,1,Luxury,Phnom Penh,Tier_1,store,46000.0,0.0,0,0.0,0,20.6,0.0,0,0,2026-08-27 12:08:06.277086+00
13669621,36500.0,10.505094936455558,Mini,Cooper,2025,1,100000.0,1,2000.0,1,Electric,Automatic,Grey,used,1,Other,Phnom Penh,Tier_1,store,36500.0,0.0,0,0.0,0,66.5,0.0,0,0,2026-08-25 10:14:34.655847+00
13905667,36500.0,10.505094936455558,Mini,Cooper,2025,1,100000.0,1,2000.0,1,Electric,Automatic,Grey,used,1,Other,Phnom Penh,Tier_1,store,36500.0,0.0,0,0.0,0,5.7,0.0,0,0,2026-08-25 10:14:29.19152+00
13517511,29800.0,10.30229722897745,Mini,Cooper,2024,2,100000.0,1,2000.0,1,Electric,Automatic,White,used,0,Other,Phnom Penh,Tier_1,store,29800.0,0.0,0,0.0,0,103.4,0.0,0,0,2026-08-26 03:07:12.945432+00
13746868,69900.0,11.154835234271214,Hyundai,County,2027,0,100000.0,1,2000.0,1,Diesel,Automatic,Other,new,0,Mass_Market,Phnom Penh,Tier_1,store,69900.0,0.0,0,0.0,0,42.0,0.0,0,0,2026-08-20 08:37:29.394808+00
13906815,16000.0,9.680406499268875,Hyundai,County,2000,26,100000.0,1,2000.0,1,Diesel,Manual,Yellow,used,1,Mass_Market,Phnom Penh,Tier_1,individual,16000.0,0.0,0,0.0,0,2.7,0.0,0,0,2026-08-23 02:53:10.568753+00
13910624,20900.0,9.94755228369823,Mazda,Cx5 ម្ចាស់ដេីមប្រេីតិចណាស់,2017,9,100000.0,1,2000.0,1,Petrol,Automatic,Unknown,used,1,Mass_Market,Phnom Penh,Tier_1,store,20900.0,0.0,0,0.0,0,0.0,0.0,0,0,2026-08-21 02:53:18.61063+00
13914102,20900.0,9.94755228369823,Mazda,Cx5 ម្ចាស់ដេីមប្រេីតិចណាស់,2017,9,100000.0,1,2000.0,1,Petrol,Automatic,Unknown,used,1,Mass_Market,Phnom Penh,Tier_1,store,20900.0,0.0,0,0.0,0,0.0,0.0,0,0,2026-08-22 02:44:40.067821+00
13858277,23800.0,10.077482875583607,ផ្សេងៗ,Deepal S05,2025,1,100000.0,1,2000.0,1,Electric,Automatic,Gold,new,0,Other,Phnom Penh,Tier_1,store,23800.0,0.0,0,0.0,0,20.1,0.0,0,0,2026-08-27 12:10:43.08112+00
13747200,25800.0,10.158168529848494,ផ្សេងៗ,Deepal S05,2026,0,100000.0,1,2000.0,1,Electric,Automatic,Black,new,0,Other,Phnom Penh,Tier_1,store,25800.0,0.0,0,0.0,0,42.0,0.0,0,0,2026-08-20 08:37:46.962644+00
13854760,26800.0,10.196194479235656,ផ្សេងៗ,Deepal S05,2026,0,100000.0,1,2000.0,1,Electric,Automatic,Black,new,0,Other,Phnom Penh,Tier_1,store,26800.0,0.0,0,0.0,0,14.7,0.0,0,0,2026-08-21 02:53:19.757486+00
13456190,25800.0,10.158168529848494,ផ្សេងៗ,Deepal S05,2026,0,100000.0,1,2000.0,1,Electric,Automatic,Black,new,0,Other,Phnom Penh,Tier_1,store,25800.0,0.0,0,0.0,0,120.1,0.0,0,0,2026-08-27 12:13:05.569709+00
13602462,26800.0,10.196194479235656,ផ្សេងៗ,Deepal S05,2026,0,100000.0,1,2000.0,1,Electric,Automatic,Black,new,0,Other,Phnom Penh,Tier_1,store,26800.0,0.0,0,0.0,0,83.5,0.0,0,0,2026-08-26 03:01:29.151617+00
13622290,26000.0,10.165890277802454,ផ្សេងៗ,Deepal S05,2026,0,100000.0,1,2000.0,1,Electric,Automatic,Black,new,0,Other,Phnom Penh,Tier_1,store,26000.0,0.0,0,0.0,0,78.5,0.0,0,0,2026-08-26 03:06:57.360017+00
13847179,25799.0,10.158129770909708,ផ្សេងៗ,Deepal S05,2026,0,100000.0,1,2000.0,1,Electric,Automatic,Other,new,0,Other,Phnom Penh,Tier_1,store,25799.0,0.0,0,0.0,0,23.0,0.0,0,0,2026-08-27 12:08:20.436939+00
13606966,26800.0,10.196194479235656,ផ្សេងៗ,Deepal S05,2026,0,100000.0,1,2000.0,1,Electric,Automatic,Black,new,0,Other,Phnom Penh,Tier_1,store,26800.0,0.0,0,0.0,0,82.5,0.0,0,0,2026-08-26 03:03:22.524579+00
13451585,23200.0,10.05195066017375,ផ្សេងៗ,Deepal S05,2026,0,100000.0,1,2000.0,1,Electric,Automatic,Black,new,0,Other,Phnom Penh,Tier_1,store,23200.0,0.0,0,0.0,0,121.1,0.0,0,0,2026-08-27 12:08:22.556319+00
13452567,25500.0,10.146472946063877,ផ្សេងៗ,Deepal S05,2026,0,100000.0,1,2000.0,1,Electric,Automatic,Other,new,0,Other,Phnom Penh,Tier_1,store,25500.0,0.0,0,0.0,0,118.9,0.0,0,0,2026-08-25 10:26:42.072874+00
13747803,25800.0,10.158168529848494,ផ្សេងៗ,Deepal S05,2026,0,100000.0,1,2000.0,1,Electric,Automatic,Black,new,0,Other,Phnom Penh,Tier_1,store,25800.0,0.0,0,0.0,0,41.9,0.0,0,0,2026-08-20 08:37:46.962291+00
13775043,25300.0,10.138599199626192,ផ្សេងៗ,Deepal S05,2026,0,100000.0,1,2000.0,1,Electric,Automatic,Other,new,0,Other,Phnom Penh,Tier_1,store,25300.0,0.0,0,0.0,0,42.1,0.0,0,0,2026-08-27 12:07:17.73732+00
13899682,25500.0,10.146472946063877,ផ្សេងៗ,Deepal S05,2026,0,100000.0,1,2000.0,1,Electric,Automatic,Black,new,0,Other,Phnom Penh,Tier_1,store,25500.0,0.0,0,0.0,0,9.1,0.0,0,0,2026-08-27 12:11:50.82566+00
13657137,69000.0,11.141876276228,Land Rover,Defender 110,2020,6,100000.0,1,2000.0,1,Diesel,Automatic,White,used,1,Luxury,Phnom Penh,Tier_1,store,69000.0,0.0,0,0.0,0,71.6,0.0,0,0,2026-08-27 12:20:45.504962+00
13538624,143000.0,11.870606902224587,Land Rover,Defender 110,2023,3,100000.0,1,2000.0,1,Petrol,Automatic,White,used,1,Luxury,Phnom Penh,Tier_1,store,143000.0,0.0,0,0.0,0,97.9,0.0,0,0,2026-08-25 10:19:25.856531+00
13914007,68000.0,11.127277689932466,Land Rover,Defender 110,2020,6,100000.0,1,2000.0,1,Diesel,Automatic,Black,used,1,Luxury,Phnom Penh,Tier_1,store,68000.0,0.0,0,0.0,0,3.0,0.0,1,0,2026-08-25 10:18:35.876108+00
13847411,62000.0,11.034905792929415,Land Rover,Defender 110,2021,5,100000.0,1,2000.0,1,Petrol,Automatic,Silver,used,1,Luxury,Phnom Penh,Tier_1,store,65000.0,3000.0,1,0.0,0,19.8,0.0,0,0,2026-08-24 10:11:03.978913+00
13889269,66000.0,11.097425172408931,Land Rover,Defender 110,2021,5,100000.0,1,2000.0,1,Petrol,Automatic,Unknown,used,1,Luxury,Phnom Penh,Tier_1,individual,66000.0,0.0,0,0.0,0,6.6,0.0,0,0,2026-08-22 02:44:36.191993+00
13263108,20000.0,9.90353755128617,Mercedes-Benz,E-Class,2012,14,100000.0,1,2000.0,1,Petrol,Automatic,White,used,1,Luxury,Phnom Penh,Tier_1,store,20000.0,0.0,0,0.0,0,172.1,0.0,0,0,2026-08-27 12:13:29.198286+00
13569922,42500.0,10.657282884047461,Mercedes-Benz,E-Class,2017,9,100000.0,1,2000.0,1,Petrol,Automatic,White,used,1,Luxury,Phnom Penh,Tier_1,store,42500.0,0.0,0,0.0,0,90.7,0.0,0,0,2026-08-25 10:28:02.726902+00
13693204,33999.0,10.4341158035983,Mazda,EZ-60,2025,1,100000.0,1,2000.0,1,Electric,Automatic,Grey,used,1,Mass_Market,Phnom Penh,Tier_1,individual,33999.0,0.0,0,0.0,0,58.6,0.0,0,0,2026-08-23 02:52:45.530893+00
13917546,36500.0,10.505094936455558,Mazda,EZ-60,2025,1,100000.0,1,2000.0,1,Hybrid,Automatic,Grey,used,1,Mass_Market,Phnom Penh,Tier_1,store,36500.0,0.0,0,0.0,0,2.0,0.0,0,0,2026-08-25 10:20:47.620051+00
13655794,32900.0,10.401258331428318,Mazda,EZ-60,2025,1,100000.0,1,2000.0,1,Electric,Automatic,Purple,used,1,Mass_Market,Phnom Penh,Tier_1,store,32800.0,0.0,0,100.0,1,71.9,0.0,0,0,2026-08-27 12:18:37.551495+00
13433519,31800.0,10.367253014814716,Mazda,EZ-60,2025,1,100000.0,1,2000.0,1,Electric,Automatic,White,new,1,Mass_Market,Phnom Penh,Tier_1,individual,31800.0,0.0,0,0.0,0,123.7,0.0,0,0,2026-08-25 10:28:09.403484+00
13920925,32800.0,10.39821428171237,Mazda,EZ-60,2025,1,100000.0,1,2000.0,1,Electric,Automatic,Black,used,1,Mass_Market,Phnom Penh,Tier_1,store,32800.0,0.0,0,0.0,0,1.7,0.0,0,0,2026-08-26 02:58:58.722995+00
13393604,38500.0,10.55843949396453,Mazda,EZ-60,2025,1,100000.0,1,2000.0,1,Electric,Automatic,Purple,new,0,Mass_Market,Siem Reap,Tier_2,store,38500.0,0.0,0,0.0,0,138.4,0.0,0,0,2026-08-26 03:02:28.032247+00
13856556,34900.0,10.460270761075149,Mazda,EZ-60,2025,1,100000.0,1,2000.0,1,Electric,Automatic,Purple,new,0,Mass_Market,Phnom Penh,Tier_1,store,34900.0,0.0,0,0.0,0,20.8,0.0,0,0,2026-08-27 12:06:57.13985+00
13700319,35800.0,10.485731104959568,Mazda,EZ-60,2025,1,100000.0,1,2000.0,1,Electric,Automatic,White,new,0,Mass_Market,Phnom Penh,Tier_1,store,35800.0,0.0,0,0.0,0,52.0,0.0,0,0,2026-08-18 10:18:56.719478+00
13840565,32500.0,10.389026137075234,Mazda,EZ-60,2025,1,100000.0,1,2000.0,1,Electric,Automatic,Black,used,1,Mass_Market,Phnom Penh,Tier_1,store,32500.0,0.0,0,0.0,0,22.6,0.0,0,0,2026-08-25 10:20:44.282533+00
13897786,31800.0,10.367253014814716,Mazda,EZ-60,2025,1,100000.0,1,2000.0,1,Electric,Automatic,Purple,used,1,Mass_Market,Phnom Penh,Tier_1,store,31800.0,0.0,0,0.0,0,7.7,0.0,0,0,2026-08-25 10:19:21.140991+00
13936384,43800.0,10.687411927154141,Mazda,EZ-60,2025,1,100000.0,1,2000.0,1,Petrol,Automatic,White,used,1,Mass_Market,Phnom Penh,Tier_1,store,43800.0,0.0,0,0.0,0,0.0,0.0,0,0,2026-08-27 12:10:27.712922+00
13878263,32900.0,10.401258331428318,Mazda,EZ-60,2025,1,100000.0,1,2000.0,1,Electric,Automatic,Purple,used,0,Mass_Market,Phnom Penh,Tier_1,store,32900.0,0.0,0,0.0,0,13.6,0.0,0,0,2026-08-26 02:59:10.251591+00
13926932,43800.0,10.687411927154141,Mazda,EZ-60,2025,1,100000.0,1,2000.0,1,Petrol,Automatic,White,used,1,Mass_Market,Phnom Penh,Tier_1,store,43800.0,0.0,0,0.0,0,0.0,0.0,0,0,2026-08-25 10:23:31.613192+00
13724326,39900.0,10.594156665220533,Toyota,Hiace,2026,0,100000.0,1,2000.0,1,Diesel,Manual,White,new,0,Mass_Market,Phnom Penh,Tier_1,store,39900.0,0.0,0,0.0,0,52.9,0.0,0,0,2026-08-25 10:29:03.130478+00
13854839,39900.0,10.594156665220533,Toyota,Hiace,2026,0,100000.0,1,2000.0,1,Diesel,Manual,White,new,0,Mass_Market,Phnom Penh,Tier_1,store,39900.0,0.0,0,0.0,0,19.7,0.0,0,0,2026-08-26 03:10:09.967929+00
13724327,49900.0,10.817796321618971,Toyota,Hiace,2026,0,100000.0,1,2000.0,1,Diesel,Manual,White,new,0,Mass_Market,Phnom Penh,Tier_1,store,49900.0,0.0,0,0.0,0,52.9,0.0,0,0,2026-08-25 10:29:01.714537+00
13900951,74900.0,11.223922520551032,Toyota,Hiace,2026,0,100000.0,1,2000.0,1,Diesel,Automatic,Brown,new,0,Mass_Market,Phnom Penh,Tier_1,store,74900.0,0.0,0,0.0,0,6.8,0.0,0,0,2026-08-25 10:28:57.387736+00
13322851,49900.0,10.817796321618971,Toyota,Hiace,2026,0,100000.0,1,2000.0,1,Diesel,Manual,White,new,0,Mass_Market,Phnom Penh,Tier_1,store,49900.0,0.0,0,0.0,0,155.7,0.0,0,0,2026-08-25 10:28:53.196413+00
13722858,49800.0,10.815790343132422,Toyota,Hiace,2026,0,100000.0,1,2000.0,1,Diesel,Manual,White,new,0,Mass_Market,Phnom Penh,Tier_1,store,49800.0,0.0,0,0.0,0,48.8,0.0,0,0,2026-08-21 02:53:13.86295+00
13722853,84000.0,11.338583982516495,Toyota,Hiace,2026,0,100000.0,1,2000.0,1,Petrol,Automatic,White,new,0,Mass_Market,Phnom Penh,Tier_1,store,84000.0,0.0,0,0.0,0,48.8,0.0,0,0,2026-08-21 02:53:12.548768+00
13655301,51500.0,10.849356503939038,Toyota,Hiace,2019,7,100000.0,1,2000.0,1,Diesel,Automatic,White,used,1,Mass_Market,Phnom Penh,Tier_1,store,51500.0,0.0,0,0.0,0,69.9,0.0,0,0,2026-08-25 10:27:17.642601+00
13917684,26500.0,10.184937747111391,Toyota,Hiace,2025,1,100000.0,1,2000.0,1,Diesel,Automatic,White,used,1,Mass_Market,Phnom Penh,Tier_1,store,26500.0,0.0,0,0.0,0,2.7,0.0,0,0,2026-08-26 03:06:30.630737+00
13720463,26500.0,10.184937747111391,Toyota,Hiace,2025,1,100000.0,1,2000.0,1,Petrol,Manual,White,used,1,Mass_Market,Phnom Penh,Tier_1,store,26500.0,0.0,0,0.0,0,56.0,0.0,0,0,2026-08-27 12:08:34.668375+00
13924517,29500.0,10.292179440058462,Toyota,Hiace,2011,15,100000.0,1,2000.0,1,Petrol,Automatic,White,used,1,Mass_Market,Phnom Penh,Tier_1,individual,29500.0,0.0,0,0.0,0,0.4,0.0,0,0,2026-08-25 10:12:29.268183+00
13897317,26500.0,10.184937747111391,Toyota,Hiace,2008,18,100000.0,1,2000.0,1,Petrol,Automatic,White,used,0,Mass_Market,Phnom Penh,Tier_1,store,26500.0,0.0,0,0.0,0,0.0,0.0,0,0,2026-08-17 08:50:53.958177+00
13791191,23000.0,10.043292972227004,Lexus,IS200T F-Sport ក្នុងខ្មៅ,2016,10,100000.0,1,2000.0,1,Petrol,Automatic,Black,used,1,Luxury,Phnom Penh,Tier_1,store,23000.0,0.0,0,0.0,0,32.4,0.0,1,0,2026-08-22 02:44:59.592428+00
13908865,33333.0,10.414333176102122,Volkswagen,Jetta,2025,1,100000.0,1,2000.0,1,Petrol,Automatic,White,new,0,Mass_Market,Phnom Penh,Tier_1,store,33333.0,0.0,0,0.0,0,6.8,0.0,0,0,2026-08-27 12:17:59.93269+00
13873672,58800.0,10.981914140544825,Lexus,LX570,2011,15,100000.0,1,2000.0,1,Petrol,Automatic,White,used,1,Luxury,Phnom Penh,Tier_1,store,58800.0,0.0,0,0.0,0,13.9,0.0,0,0,2026-08-25 10:24:01.336281+00
13582949,129000.0,11.767575435251748,Lexus,LX570,2021,5,100000.0,1,2000.0,1,Petrol,Automatic,White,used,1,Luxury,Phnom Penh,Tier_1,store,129000.0,0.0,0,0.0,0,89.8,0.0,0,0,2026-08-27 12:08:47.876617+00
13823703,21500.0,9.975854724662028,Lexus,LX570,2000,26,100000.0,1,2000.0,1,Petrol,Automatic,White,used,0,Luxury,Kandal,Tier_2,store,21500.0,0.0,0,0.0,0,20.7,0.0,0,0,2026-08-19 02:48:01.90212+00
13279447,75000.0,11.225256725762893,Lexus,LX570,2019,7,100000.0,1,2000.0,1,Petrol,Automatic,White,used,1,Luxury,Phnom Penh,Tier_1,store,75000.0,0.0,0,0.0,0,166.0,0.0,0,0,2026-08-25 10:26:07.250072+00
13936370,118000.0,11.678448377988165,Lexus,LX570,2019,7,100000.0,1,2000.0,1,Petrol,Automatic,White,used,1,Luxury,Phnom Penh,Tier_1,store,118000.0,0.0,0,0.0,0,0.0,0.0,0,0,2026-08-27 12:10:35.041683+00
13848625,98000.0,11.49273296168228,Lexus,LX570,2020,6,100000.0,1,2000.0,1,Petrol,Automatic,White,used,1,Luxury,Phnom Penh,Tier_1,store,98000.0,0.0,0,0.0,0,21.4,0.0,0,0,2026-08-26 02:58:01.33827+00
13740317,115000.0,11.652696102959753,Lexus,LX570,2020,6,100000.0,1,2000.0,1,Petrol,Automatic,White,used,1,Luxury,Phnom Penh,Tier_1,individual,115000.0,0.0,0,0.0,0,48.8,0.0,0,0,2026-08-25 10:23:21.226641+00
13596253,110000.0,11.608244735642321,Lexus,LX570,2020,6,100000.0,1,2000.0,1,Petrol,Automatic,White,used,1,Luxury,Phnom Penh,Tier_1,store,110000.0,0.0,0,0.0,0,84.7,0.0,0,0,2026-08-26 02:57:02.988822+00
13889877,98000.0,11.49273296168228,Lexus,LX570,2020,6,100000.0,1,2000.0,1,Petrol,Automatic,White,used,1,Luxury,Phnom Penh,Tier_1,store,118000.0,20000.0,1,0.0,0,11.9,0.0,0,0,2026-08-27 12:17:00.316602+00
13587326,109800.0,11.606424915484219,Lexus,LX570,2020,6,100000.0,1,2000.0,1,Petrol,Automatic,White,used,1,Luxury,Phnom Penh,Tier_1,store,109800.0,0.0,0,0.0,0,88.7,0.0,0,0,2026-08-27 12:12:56.477897+00
13474338,132000.0,11.790564777297387,Lexus,LX570,2020,6,100000.0,1,2000.0,1,Petrol,Automatic,Black,used,1,Luxury,Phnom Penh,Tier_1,store,132000.0,0.0,0,0.0,0,108.7,0.0,0,0,2026-08-21 02:53:09.878142+00
13889249,49999.0,10.819778284410283,Lexus,LX570,2008,18,100000.0,1,2000.0,1,Petrol,Automatic,Black,used,1,Luxury,Phnom Penh,Tier_1,store,49999.0,0.0,0,0.0,0,1.9,0.0,0,0,2026-08-17 08:51:03.584859+00
13838605,34800.0,10.457401400981889,Lexus,LX570,2008,18,100000.0,1,2000.0,1,Petrol,Automatic,Gold,used,1,Luxury,Phnom Penh,Tier_1,store,34800.0,0.0,0,0.0,0,20.7,0.0,0,0,2026-08-23 02:53:17.443988+00
13657000,56500.0,10.942013616092948,Lexus,LX570,2008,18,100000.0,1,2000.0,1,Petrol,Automatic,Black,used,1,Luxury,Phnom Penh,Tier_1,store,56500.0,0.0,0,0.0,0,69.6,0.0,0,0,2026-08-25 10:24:08.156501+00
13592867,68500.0,11.134603622683905,Lexus,LX570,2008,18,100000.0,1,2000.0,1,Petrol,Automatic,Black,used,1,Luxury,Phnom Penh,Tier_1,store,68500.0,0.0,0,0.0,0,84.9,0.0,0,0,2026-08-25 10:25:25.969586+00
13796560,36000.0,10.491301994830229,Lexus,LX570,2009,17,100000.0,1,2000.0,1,Petrol,Automatic,Gold,used,1,Luxury,Takeo,Tier_3,individual,36000.0,0.0,0,0.0,0,33.1,0.0,0,0,2026-08-24 10:11:16.252622+00
13734311,52900.0,10.876177521259402,Lexus,LX570,2012,14,100000.0,1,2000.0,1,Petrol,Automatic,White,used,1,Luxury,Phnom Penh,Tier_1,store,52900.0,0.0,0,0.0,0,42.0,0.0,0,0,2026-08-17 08:51:03.584859+00
13503117,41800.0,10.640675541671662,Lexus,LX570,2009,17,100000.0,1,2000.0,1,Petrol,Automatic,Black,used,1,Luxury,Phnom Penh,Tier_1,individual,41800.0,0.0,0,0.0,0,99.6,0.0,0,1,2026-08-19 02:48:12.668594+00
13574434,98000.0,11.49273296168228,Lexus,LX570,2018,8,100000.0,1,2000.0,1,Petrol,Automatic,Black,used,1,Luxury,Phnom Penh,Tier_1,store,98000.0,0.0,0,0.0,0,91.7,0.0,0,0,2026-08-27 12:06:32.701481+00
13924486,97800.0,11.49069008091951,Lexus,LX570,2018,8,100000.0,1,2000.0,1,Petrol,Automatic,White,used,1,Luxury,Phnom Penh,Tier_1,individual,97800.0,0.0,0,0.0,0,0.5,0.0,0,0,2026-08-25 10:12:23.571334+00
13477194,78500.0,11.270866642542865,Lexus,LX570,2018,8,100000.0,1,2000.0,1,Petrol,Automatic,Grey,used,1,Luxury,Phnom Penh,Tier_1,store,78500.0,0.0,0,0.0,0,112.5,0.0,0,0,2026-08-25 10:28:25.286189+00
13901741,95500.0,11.466891997618188,Lexus,LX570,2018,8,100000.0,1,2000.0,1,Petrol,Automatic,Black,used,1,Luxury,Phnom Penh,Tier_1,store,95500.0,0.0,0,0.0,0,8.8,0.0,0,0,2026-08-27 12:16:19.074786+00
13810789,102000.0,11.532737896139919,Lexus,LX570,2018,8,100000.0,1,2000.0,1,Petrol,Automatic,White,used,1,Luxury,Phnom Penh,Tier_1,individual,105000.0,3000.0,1,0.0,0,32.7,0.0,0,0,2026-08-27 12:19:36.258344+00
13284073,98500.0,11.49782197939291,Lexus,LX570,2019,7,100000.0,1,2000.0,1,Petrol,Automatic,White,used,1,Luxury,Phnom Penh,Tier_1,store,98500.0,0.0,0,0.0,0,167.0,0.0,0,0,2026-08-27 12:07:01.591916+00
13240575,88000.0,11.385103457032141,Lexus,LX570,2019,7,100000.0,1,2000.0,1,Petrol,Automatic,White,used,1,Luxury,Phnom Penh,Tier_1,store,88000.0,0.0,0,0.0,0,177.9,0.0,0,0,2026-08-27 12:14:03.20572+00
13826085,116800.0,11.66822691098345,Lexus,LX570,2019,7,100000.0,1,2000.0,1,Petrol,Automatic,Black,used,1,Luxury,Phnom Penh,Tier_1,store,116800.0,0.0,0,0.0,0,28.7,0.0,0,0,2026-08-27 12:14:05.079481+00
13401813,58500.0,10.97679912709094,Lexus,LX570,2014,12,100000.0,1,2000.0,1,Petrol,Automatic,Black,used,1,Luxury,Phnom Penh,Tier_1,store,58500.0,0.0,0,0.0,0,135.3,0.0,0,0,2026-08-26 03:00:27.278122+00
13670990,59500.0,10.993748398115178,Lexus,LX570,2015,11,100000.0,1,2000.0,1,Petrol,Automatic,White,used,1,Luxury,Phnom Penh,Tier_1,individual,59500.0,0.0,0,0.0,0,66.0,0.0,0,0,2026-08-25 10:25:27.854216+00
13414229,58800.0,10.981914140544825,Lexus,LX570,2015,11,100000.0,1,2000.0,1,Petrol,Automatic,Black,used,1,Luxury,Phnom Penh,Tier_1,individual,58800.0,0.0,0,0.0,0,125.6,0.0,0,0,2026-08-23 02:53:10.567519+00
13890271,88000.0,11.385103457032141,Lexus,LX570,2016,10,100000.0,1,2000.0,1,Petrol,Automatic,Unknown,used,1,Luxury,Phnom Penh,Tier_1,store,88000.0,0.0,0,0.0,0,4.7,0.0,0,0,2026-08-20 08:37:29.395432+00
13449351,100998.0,11.522865894784282,Lexus,LX570,2016,10,100000.0,1,2000.0,1,Petrol,Automatic,White,used,1,Luxury,Phnom Penh,Tier_1,store,100998.0,0.0,0,0.0,0,121.8,0.0,0,0,2026-08-27 12:12:53.424058+00
13914804,95900.0,11.47107168834584,Lexus,LX570,2016,10,100000.0,1,2000.0,1,Petrol,Automatic,White,used,1,Luxury,Phnom Penh,Tier_1,store,95900.0,0.0,0,0.0,0,3.6,0.0,1,0,2026-08-26 02:57:36.292071+00
13760540,87000.0,11.373674891823535,Lexus,LX570,2016,10,100000.0,1,2000.0,1,Petrol,Automatic,White,used,1,Luxury,Phnom Penh,Tier_1,store,87000.0,0.0,0,0.0,0,43.8,0.0,0,0,2026-08-25 10:23:59.25841+00
13883689,79500.0,11.283524879179666,Lexus,LX570,2016,10,100000.0,1,2000.0,1,Petrol,Automatic,White,used,1,Luxury,Phnom Penh,Tier_1,store,79500.0,0.0,0,0.0,0,12.2,0.0,0,0,2026-08-26 03:04:39.270528+00
13465904,82000.0,11.314486721293981,Lexus,LX570,2017,9,100000.0,1,2000.0,1,Petrol,Automatic,Black,used,1,Luxury,Phnom Penh,Tier_1,individual,82000.0,0.0,0,0.0,0,115.7,0.0,0,0,2026-08-25 10:18:39.047934+00
13805682,79000.0,11.277215789596893,Lexus,LX570,2017,9,100000.0,1,2000.0,1,Petrol,Automatic,White,used,1,Luxury,Phnom Penh,Tier_1,store,79000.0,0.0,0,0.0,0,34.0,0.0,0,0,2026-08-27 12:12:03.064623+00
13836683,72000.0,11.184435286790631,Lexus,LX570,2017,9,100000.0,1,2000.0,1,Petrol,Automatic,White,used,1,Luxury,Phnom Penh,Tier_1,store,72000.0,0.0,0,0.0,0,25.8,0.0,1,0,2026-08-27 12:14:02.651152+00
13710410,77000.0,11.251573687764477,Lexus,LX570,2016,10,100000.0,1,2000.0,1,Petrol,Automatic,White,used,1,Luxury,Phnom Penh,Tier_1,store,77000.0,0.0,0,0.0,0,57.2,0.0,1,0,2026-08-26 03:07:02.422904+00
13440428,98700.0,11.499850357082506,Lexus,LX570,2016,10,100000.0,1,2000.0,1,Petrol,Automatic,White,used,1,Luxury,Phnom Penh,Tier_1,store,98700.0,0.0,0,0.0,0,124.0,0.0,1,0,2026-08-27 12:15:50.411111+00
13842391,79000.0,11.277215789596893,Lexus,LX570,2016,10,100000.0,1,2000.0,1,Petrol,Automatic,Unknown,used,1,Luxury,Phnom Penh,Tier_1,individual,79000.0,0.0,0,0.0,0,15.0,0.0,0,0,2026-08-18 10:18:55.822877+00
13357474,86500.0,11.367911253546788,Lexus,LX570,2016,10,100000.0,1,2000.0,1,Petrol,Automatic,Gold,used,1,Luxury,Phnom Penh,Tier_1,store,86500.0,0.0,0,0.0,0,146.7,0.0,0,0,2026-08-25 10:24:04.938474+00
13914797,93800.0,11.448930795918299,Lexus,LX570,2016,10,100000.0,1,2000.0,1,Petrol,Automatic,White,used,1,Luxury,Phnom Penh,Tier_1,store,93800.0,0.0,0,0.0,0,3.6,0.0,1,0,2026-08-26 02:57:36.963377+00
13717425,99000.0,11.502885230075814,Lexus,LX570,2016,10,100000.0,1,2000.0,1,Petrol,Automatic,White,used,1,Luxury,Phnom Penh,Tier_1,store,99000.0,0.0,0,0.0,0,56.8,0.0,0,0,2026-08-27 12:12:53.995571+00
13586363,93000.0,11.440365524765756,Lexus,LX570,2016,10,100000.0,1,2000.0,1,Petrol,Automatic,White,used,1,Luxury,Kandal,Tier_2,individual,93000.0,0.0,0,0.0,0,86.8,0.0,0,0,2026-08-25 10:20:36.159714+00
13813883,135000.0,11.813037464800539,Lexus,LX570,2021,5,100000.0,1,2000.0,1,Petrol,Automatic,White,used,1,Luxury,Siem Reap,Tier_2,individual,135000.0,0.0,0,0.0,0,29.6,0.0,0,0,2026-08-25 10:20:57.704984+00
13894511,99800.0,11.510933482289435,Lexus,LX570,2021,5,100000.0,1,2000.0,1,Petrol,Automatic,White,used,1,Luxury,Phnom Penh,Tier_1,store,99800.0,0.0,0,0.0,0,1.4,0.0,0,0,2026-08-18 10:19:04.370366+00
13794238,111000.0,11.6172944892629,Lexus,LX570,2021,5,100000.0,1,2000.0,1,Petrol,Automatic,Black,used,1,Luxury,Kandal,Tier_2,individual,111000.0,0.0,0,0.0,0,32.6,0.0,0,0,2026-08-23 02:52:53.722658+00
13393433,48888.0,10.797307701282914,Lexus,LX570,2011,15,100000.0,1,2000.0,1,Petrol,Automatic,Gold,used,1,Luxury,Phnom Penh,Tier_1,store,48888.0,0.0,0,0.0,0,139.8,0.0,0,0,2026-08-27 12:09:41.718751+00
13903141,119999.0,11.695247021764184,Lexus,LX570,2021,5,100000.0,1,2000.0,1,Petrol,Automatic,Black,used,1,Luxury,Phnom Penh,Tier_1,store,119999.0,0.0,0,0.0,0,8.2,0.0,0,0,2026-08-27 12:16:14.65555+00
13838109,122000.0,11.711784520403112,Lexus,LX570,2021,5,100000.0,1,2000.0,1,Petrol,Automatic,Green,used,1,Luxury,Phnom Penh,Tier_1,individual,122000.0,0.0,0,0.0,0,15.0,0.0,0,0,2026-08-17 08:51:03.595391+00
13864636,78000.0,11.264476926102367,Lexus,LX570,2017,9,100000.0,1,2000.0,1,Petrol,Automatic,White,used,1,Luxury,Phnom Penh,Tier_1,store,78000.0,0.0,0,0.0,0,18.7,0.0,0,0,2026-08-27 12:06:37.874537+00
13737693,78500.0,11.270866642542865,Lexus,LX570,2017,9,100000.0,1,2000.0,1,Petrol,Automatic,Black,used,1,Luxury,Phnom Penh,Tier_1,store,78500.0,0.0,0,0.0,0,51.5,0.0,0,0,2026-08-27 12:10:45.48803+00
13843699,95000.0,11.461642696843066,Lexus,LX570,2019,7,100000.0,1,2000.0,1,Petrol,Automatic,Black,used,1,Luxury,Phnom Penh,Tier_1,store,95000.0,0.0,0,0.0,0,17.5,0.0,0,0,2026-08-21 02:53:12.553316+00
13888270,42000.0,10.645448706505872,Lexus,LX570,2010,16,100000.0,1,2000.0,1,Petrol,Automatic,White,used,1,Luxury,Phnom Penh,Tier_1,individual,42000.0,0.0,0,0.0,0,12.1,0.0,0,1,2026-08-27 12:05:24.078533+00
13891557,42500.0,10.657282884047461,Lexus,LX570,2010,16,100000.0,1,2000.0,1,Petrol,Automatic,White,used,1,Luxury,Kandal,Tier_2,individual,42500.0,0.0,0,0.0,0,6.8,0.0,0,0,2026-08-23 02:52:45.533917+00
13712249,55500.0,10.92415631759022,Lexus,LX570,2010,16,100000.0,1,2000.0,1,Petrol,Automatic,Black,used,1,Luxury,Phnom Penh,Tier_1,store,55500.0,0.0,0,0.0,0,55.9,0.0,0,0,2026-08-25 10:24:07.42994+00
13832262,119000.0,11.686887175419702,Lexus,LX570,2019,7,100000.0,1,2000.0,1,Petrol,Automatic,Black,used,1,Luxury,Phnom Penh,Tier_1,store,119000.0,0.0,0,0.0,0,27.1,0.0,0,0,2026-08-27 12:06:27.01909+00
13356322,48000.0,10.778977123006351,Lexus,LX570,2011,15,100000.0,1,2000.0,1,Petrol,Automatic,Unknown,used,1,Luxury,Phnom Penh,Tier_1,store,48000.0,0.0,0,0.0,0,146.9,0.0,0,0,2026-08-25 10:24:37.90926+00
13374547,49800.0,10.815790343132422,Lexus,LX570,2011,15,100000.0,1,2000.0,1,Petrol,Automatic,Black,used,1,Luxury,Phnom Penh,Tier_1,store,49800.0,0.0,0,0.0,0,140.3,0.0,0,0,2026-08-23 02:53:17.442323+00
13402192,49800.0,10.815790343132422,Lexus,LX570,2011,15,100000.0,1,2000.0,1,Petrol,Automatic,Black,used,1,Luxury,Phnom Penh,Tier_1,store,49800.0,0.0,0,0.0,0,134.1,0.0,0,0,2026-08-25 10:23:51.322155+00
13697251,47900.0,10.776891660007811,Lexus,LX570,2011,15,100000.0,1,2000.0,1,Petrol,Automatic,White,used,1,Luxury,Phnom Penh,Tier_1,store,47900.0,0.0,0,0.0,0,59.9,0.0,1,0,2026-08-25 10:13:42.563684+00
13924311,58000.0,10.968215530759236,Lexus,LX570,2009,17,100000.0,1,2000.0,1,Petrol,Automatic,Black,used,1,Luxury,Phnom Penh,Tier_1,individual,58000.0,0.0,0,0.0,0,2.6,0.0,0,0,2026-08-27 12:17:46.097516+00
13560850,31500.0,10.357774570341576,Toyota,Land Cruiser,2008,18,100000.0,1,2000.0,1,Petrol,Automatic,White,used,1,Mass_Market,Phnom Penh,Tier_1,store,31500.0,0.0,0,0.0,0,93.4,0.0,0,0,2026-08-26 02:57:26.036351+00
13547961,48500.0,10.789339695269716,Toyota,Land Cruiser,2013,13,100000.0,1,2000.0,1,Petrol,Automatic,Unknown,used,1,Mass_Market,Phnom Penh,Tier_1,store,48500.0,0.0,0,0.0,0,95.9,0.0,0,0,2026-08-25 10:14:54.168665+00
13514559,62500.0,11.042937835596494,Toyota,Land Cruiser,2016,10,100000.0,1,2000.0,1,Diesel,Automatic,White,used,1,Mass_Market,Phnom Penh,Tier_1,store,62500.0,0.0,0,0.0,0,104.2,0.0,1,0,2026-08-26 02:56:55.534203+00
13833411,75800.0,11.235866764155578,Toyota,Land Cruiser,2019,7,100000.0,1,2000.0,1,Petrol,Automatic,White,used,1,Mass_Market,Phnom Penh,Tier_1,store,75800.0,0.0,0,0.0,0,24.8,0.0,0,0,2026-08-25 10:20:01.386487+00
13392425,75000.0,11.225256725762893,Toyota,Land Cruiser,2019,7,100000.0,1,2000.0,1,Petrol,Automatic,Black,used,1,Mass_Market,Phnom Penh,Tier_1,store,75000.0,0.0,0,0.0,0,137.9,0.0,0,0,2026-08-25 10:24:06.781832+00
13707843,20500.0,9.928228944424575,Toyota,Land Cruiser,2003,23,100000.0,1,2000.0,1,Diesel,Automatic,Gold,used,1,Mass_Market,Phnom Penh,Tier_1,store,20500.0,0.0,0,0.0,0,59.1,0.0,1,0,2026-08-27 12:16:31.945367+00
13849893,15000.0,9.61587214452889,Toyota,Land Cruiser,2003,23,100000.0,1,2000.0,1,Diesel,Automatic,Green,used,1,Mass_Market,Phnom Penh,Tier_1,store,15000.0,0.0,0,0.0,0,12.0,0.0,0,0,2026-08-17 08:50:57.890544+00
13812237,19800.0,9.893487720457795,Toyota,Land Cruiser,2003,23,100000.0,1,2000.0,1,Diesel,Automatic,Green,used,1,Mass_Market,Phnom Penh,Tier_1,store,19800.0,0.0,0,0.0,0,24.9,0.0,0,0,2026-08-20 08:37:51.428222+00
13797814,65000.0,11.082157933374816,Toyota,Land Cruiser,2016,10,100000.0,1,2000.0,1,Diesel,Automatic,White,used,1,Mass_Market,Phnom Penh,Tier_1,store,65000.0,0.0,0,0.0,0,34.0,0.0,0,0,2026-08-25 10:27:25.540425+00
13870170,29500.0,10.292179440058462,Toyota,Land Cruiser,2009,17,100000.0,1,2000.0,1,Petrol,Automatic,White,used,1,Mass_Market,Phnom Penh,Tier_1,store,29500.0,0.0,0,0.0,0,10.6,0.0,0,0,2026-08-21 02:53:09.87713+00
13820073,47000.0,10.757924157061597,Toyota,Land Cruiser,2009,17,100000.0,1,2000.0,1,Petrol,Automatic,Black,used,1,Mass_Market,Phnom Penh,Tier_1,individual,47000.0,0.0,0,0.0,0,27.0,0.0,1,0,2026-08-24 10:11:12.103765+00
13916171,30500.0,10.32551474894327,Toyota,Land Cruiser,2008,18,100000.0,1,2000.0,1,Petrol,Automatic,Gold,used,1,Mass_Market,Phnom Penh,Tier_1,store,30500.0,0.0,0,0.0,0,3.4,0.0,0,0,2026-08-26 03:08:49.847017+00
13888002,28900.0,10.27163147557801,Toyota,Land Cruiser,2008,18,100000.0,1,2000.0,1,Petrol,Automatic,White,used,1,Mass_Market,Phnom Penh,Tier_1,store,28900.0,0.0,0,0.0,0,7.9,0.0,1,0,2026-08-23 02:52:50.50775+00
13613539,28900.0,10.27163147557801,Toyota,Land Cruiser,2008,18,100000.0,1,2000.0,1,Petrol,Automatic,White,used,1,Mass_Market,Phnom Penh,Tier_1,store,28900.0,0.0,0,0.0,0,80.8,0.0,0,0,2026-08-26 03:06:11.760815+00
13474181,65000.0,11.082157933374816,Toyota,Land Cruiser,2017,9,100000.0,1,2000.0,1,Petrol,Automatic,White,used,1,Mass_Market,Phnom Penh,Tier_1,store,65000.0,0.0,0,0.0,0,113.7,0.0,1,0,2026-08-26 03:03:26.987923+00
13636782,31800.0,10.367253014814716,Toyota,Land Cruiser,2008,18,100000.0,1,2000.0,1,Petrol,Automatic,White,used,1,Mass_Market,Phnom Penh,Tier_1,store,31800.0,0.0,0,0.0,0,76.7,0.0,0,1,2026-08-27 12:08:12.740352+00
13896801,28500.0,10.25769445336048,Toyota,Land Cruiser,2008,18,100000.0,1,2000.0,1,Diesel,Automatic,Gold,used,1,Mass_Market,Phnom Penh,Tier_1,store,28500.0,0.0,0,0.0,0,8.6,0.0,0,0,2026-08-26 03:04:25.20445+00
13821155,28900.0,10.27163147557801,Toyota,Land Cruiser,2009,17,100000.0,1,2000.0,1,Petrol,Automatic,White,used,1,Mass_Market,Phnom Penh,Tier_1,store,28900.0,0.0,0,0.0,0,27.8,0.0,0,1,2026-08-25 10:26:06.579392+00
13859989,17500.0,9.770013301136158,Toyota,Land Cruiser,2001,25,100000.0,1,2000.0,1,Diesel,Automatic,Blue,used,1,Mass_Market,Phnom Penh,Tier_1,store,17500.0,0.0,0,0.0,0,18.5,0.0,0,0,2026-08-26 02:57:02.34215+00
13697940,26000.0,10.165890277802454,Toyota,Land Cruiser,2008,18,100000.0,1,2000.0,1,Petrol,Automatic,White,used,1,Mass_Market,Phnom Penh,Tier_1,store,26000.0,0.0,0,0.0,0,61.9,0.0,0,0,2026-08-27 12:17:10.909343+00
13614102,33300.0,10.413342705547674,Toyota,Land Cruiser,2009,17,100000.0,1,2000.0,1,Petrol,Automatic,White,used,1,Mass_Market,Phnom Penh,Tier_1,individual,33300.0,0.0,0,0.0,0,79.0,0.0,0,0,2026-08-24 10:11:19.255513+00
13901748,36500.0,10.505094936455558,Toyota,Land Cruiser,2008,18,100000.0,1,2000.0,1,Petrol,Automatic,White,used,1,Mass_Market,Phnom Penh,Tier_1,store,36500.0,0.0,0,0.0,0,0.0,0.0,0,0,2026-08-18 10:18:55.824097+00
13745622,75500.0,11.231901180182515,Toyota,Land Cruiser,2018,8,100000.0,1,2000.0,1,Petrol,Automatic,Black,used,1,Mass_Market,Phnom Penh,Tier_1,store,75500.0,0.0,0,0.0,0,40.6,0.0,0,0,2026-08-18 10:18:57.645838+00
13878250,24900.0,10.122663242288953,Toyota,Land Cruiser,2008,18,100000.0,1,2000.0,1,Diesel,Automatic,Gold,used,1,Mass_Market,Phnom Penh,Tier_1,store,24900.0,0.0,0,0.0,0,12.9,0.0,0,0,2026-08-25 10:24:16.666128+00
13421756,5900.0,8.682877107057168,Toyota,Land Cruiser,1991,35,100000.0,1,2000.0,1,Diesel,Automatic,White,used,1,Mass_Market,Phnom Penh,Tier_1,individual,5900.0,0.0,0,0.0,0,122.7,0.0,0,0,2026-08-22 02:45:00.822374+00
13903402,119900.0,11.694421681264394,Toyota,Land Cruiser,2022,4,100000.0,1,2000.0,1,Petrol,Automatic,Unknown,new,0,Mass_Market,Phnom Penh,Tier_1,store,119900.0,0.0,0,0.0,0,0.0,0.0,0,0,2026-08-19 02:48:11.443601+00
13778795,128888.0,11.766706847814921,Toyota,Land Cruiser,2024,2,100000.0,1,2000.0,1,Diesel,Automatic,White,new,0,Mass_Market,Phnom Penh,Tier_1,individual,128888.0,0.0,0,0.0,0,39.7,0.0,0,0,2026-08-26 03:05:53.757903+00
13416141,35555.0,10.478864197361565,Toyota,Land Cruiser,2009,17,100000.0,1,2000.0,1,Petrol,Automatic,White,used,1,Mass_Market,Phnom Penh,Tier_1,store,35555.0,0.0,0,0.0,0,127.4,0.0,1,0,2026-08-25 10:29:10.397851+00
13526524,43500.0,10.680539205318292,Toyota,Land Cruiser,2024,2,100000.0,1,2000.0,1,Petrol,Automatic,White,used,1,Mass_Market,Phnom Penh,Tier_1,store,43500.0,0.0,0,0.0,0,101.1,0.0,1,0,2026-08-26 03:03:25.662102+00
13935508,97000.0,11.48247656671073,Toyota,Land Cruiser,2022,4,100000.0,1,2000.0,1,Petrol,Automatic,White,used,1,Mass_Market,Phnom Penh,Tier_1,individual,97000.0,0.0,0,0.0,0,0.0,0.0,0,0,2026-08-27 12:19:04.233427+00
13923166,104300.0,11.55503622867061,Toyota,Land Cruiser,2022,4,100000.0,1,2000.0,1,Petrol,Automatic,White,used,1,Mass_Market,Phnom Penh,Tier_1,store,104300.0,0.0,0,0.0,0,1.5,0.0,1,0,2026-08-26 02:57:53.39196+00
13356069,158000.0,11.970356641102999,Toyota,Land Cruiser,2025,1,100000.0,1,2000.0,1,Petrol,Automatic,Black,used,0,Mass_Market,Phnom Penh,Tier_1,store,158000.0,0.0,0,0.0,0,147.6,0.0,0,0,2026-08-26 02:56:51.469615+00
13936305,119900.0,11.694421681264394,Toyota,Land Cruiser,2022,4,100000.0,1,2000.0,1,Petrol,Automatic,White,new,0,Mass_Market,Phnom Penh,Tier_1,store,119900.0,0.0,0,0.0,0,0.0,0.0,0,0,2026-08-27 12:11:58.552789+00
13623543,127800.0,11.758229645621093,Toyota,Land Cruiser,2022,4,100000.0,1,2000.0,1,Petrol,Automatic,White,used,1,Mass_Market,Phnom Penh,Tier_1,store,127800.0,0.0,0,0.0,0,75.3,0.0,1,0,2026-08-23 02:53:05.435059+00
13646192,108900.0,11.598194491615347,Toyota,Land Cruiser,2022,4,100000.0,1,2000.0,1,Petrol,Automatic,Grey,used,0,Mass_Market,Phnom Penh,Tier_1,store,108900.0,0.0,0,0.0,0,68.7,0.0,0,0,2026-08-22 02:44:54.346621+00
13896831,11777.0,9.373988663504516,Toyota,Land Cruiser,2022,4,100000.0,1,2000.0,1,Petrol,Automatic,White,used,1,Mass_Market,Phnom Penh,Tier_1,store,11777.0,0.0,0,0.0,0,8.6,0.0,0,0,2026-08-26 03:04:04.179792+00
13917587,119900.0,11.694421681264394,Toyota,Land Cruiser,2022,4,100000.0,1,2000.0,1,Petrol,Automatic,Unknown,new,0,Mass_Market,Phnom Penh,Tier_1,store,119900.0,0.0,0,0.0,0,0.0,0.0,0,0,2026-08-23 02:53:07.146376+00
13710417,99000.0,11.502885230075814,Toyota,Land Cruiser,2022,4,100000.0,1,2000.0,1,Petrol,Automatic,Unknown,used,1,Mass_Market,Phnom Penh,Tier_1,store,99000.0,0.0,0,0.0,0,57.2,0.0,0,0,2026-08-26 03:08:04.549817+00
13627507,112300.0,11.62893804540639,Toyota,Land Cruiser,2022,4,100000.0,1,2000.0,1,Petrol,Automatic,White,used,1,Mass_Market,Phnom Penh,Tier_1,store,112300.0,0.0,0,0.0,0,77.4,0.0,1,0,2026-08-26 03:03:23.826104+00
13914111,119900.0,11.694421681264394,Toyota,Land Cruiser,2022,4,100000.0,1,2000.0,1,Petrol,Automatic,Unknown,used,1,Mass_Market,Phnom Penh,Tier_1,store,119900.0,0.0,0,0.0,0,0.0,0.0,0,0,2026-08-22 02:44:40.062841+00
13608361,118800.0,11.685205103383671,Toyota,Land Cruiser,2022,4,100000.0,1,2000.0,1,Petrol,Automatic,White,used,1,Mass_Market,Phnom Penh,Tier_1,store,118800.0,0.0,0,0.0,0,82.2,0.0,0,0,2026-08-26 03:07:22.210616+00
13775853,92000.0,11.429554725537322,Toyota,Land Cruiser,2022,4,100000.0,1,2000.0,1,Petrol,Automatic,Black,used,1,Mass_Market,Phnom Penh,Tier_1,store,92000.0,0.0,0,0.0,0,40.6,0.0,0,0,2026-08-26 02:56:53.355664+00
13929522,119900.0,11.694421681264394,Toyota,Land Cruiser,2022,4,100000.0,1,2000.0,1,Petrol,Automatic,White,new,0,Mass_Market,Phnom Penh,Tier_1,store,119900.0,0.0,0,0.0,0,0.0,0.0,0,0,2026-08-26 03:02:27.291289+00
13914320,99500.0,11.507922973347437,Toyota,Land Cruiser,2022,4,100000.0,1,2000.0,1,Petrol,Automatic,Grey,used,1,Mass_Market,Phnom Penh,Tier_1,store,99500.0,0.0,0,0.0,0,3.7,0.0,1,0,2026-08-26 02:57:43.047664+00
13387946,39000.0,10.571342565808699,Toyota,Land Cruiser,2009,17,100000.0,1,2000.0,1,Petrol,Automatic,White,used,1,Mass_Market,Phnom Penh,Tier_1,store,39000.0,0.0,0,0.0,0,141.1,0.0,0,0,2026-08-27 12:12:44.244066+00
13281601,40900.0,10.61890979160975,Toyota,Land Cruiser,2009,17,100000.0,1,2000.0,1,Petrol,Automatic,White,used,1,Mass_Market,Phnom Penh,Tier_1,store,40900.0,0.0,0,0.0,0,163.4,0.0,0,0,2026-08-23 02:53:10.568958+00
13373197,30000.0,10.308985993422082,Toyota,Land Cruiser,2009,17,100000.0,1,2000.0,1,Petrol,Automatic,Unknown,used,1,Mass_Market,Phnom Penh,Tier_1,store,30000.0,0.0,0,0.0,0,144.9,0.0,0,0,2026-08-27 12:08:12.161231+00
13851257,28500.0,10.25769445336048,Toyota,Land Cruiser,2009,17,100000.0,1,2000.0,1,Petrol,Automatic,White,used,1,Mass_Market,Phnom Penh,Tier_1,individual,28500.0,0.0,0,0.0,0,15.6,0.0,0,0,2026-08-21 02:53:16.323019+00
13710434,49500.0,10.809748150372926,Toyota,Land Cruiser,2012,14,100000.0,1,2000.0,1,Diesel,Automatic,Black,used,1,Mass_Market,Phnom Penh,Tier_1,store,49500.0,0.0,0,0.0,0,57.2,0.0,0,0,2026-08-26 03:07:24.281143+00
13540997,33300.0,10.413342705547674,Toyota,Land Cruiser,2012,14,100000.0,1,2000.0,1,Petrol,Automatic,Silver,used,1,Mass_Market,Phnom Penh,Tier_1,individual,33300.0,0.0,0,0.0,0,97.9,0.0,0,0,2026-08-26 02:56:32.400099+00
13710428,49500.0,10.809748150372926,Toyota,Land Cruiser,2012,14,100000.0,1,2000.0,1,Diesel,Automatic,White,used,1,Mass_Market,Phnom Penh,Tier_1,store,49500.0,0.0,0,0.0,0,57.2,0.0,0,0,2026-08-26 03:07:06.002695+00
13897257,41800.0,10.640675541671662,Toyota,Land Cruiser,2012,14,100000.0,1,2000.0,1,Petrol,Automatic,White,used,1,Mass_Market,Phnom Penh,Tier_1,individual,41800.0,0.0,0,0.0,0,5.5,0.0,0,0,2026-08-23 02:53:02.00452+00
13767206,49500.0,10.809748150372926,Toyota,Land Cruiser,2012,14,100000.0,1,2000.0,1,Diesel,Automatic,Black,used,1,Mass_Market,Phnom Penh,Tier_1,store,49500.0,0.0,0,0.0,0,37.7,0.0,0,0,2026-08-21 02:53:04.840901+00
13900958,198300.0,12.197541357359519,Toyota,Land Cruiser,2026,0,100000.0,1,2000.0,1,Petrol,Automatic,Black,new,0,Mass_Market,Phnom Penh,Tier_1,store,198300.0,0.0,0,0.0,0,6.8,0.0,0,0,2026-08-25 10:28:58.135813+00
13923344,11800.0,9.375939552625749,Toyota,Land Cruiser,2000,26,100000.0,1,2000.0,1,Diesel,Automatic,Green,used,1,Mass_Market,Phnom Penh,Tier_1,store,11800.0,0.0,0,0.0,0,0.0,0.0,0,0,2026-08-24 10:11:12.103765+00
13817935,15800.0,9.6678285081515,Toyota,Land Cruiser,2000,26,100000.0,1,2000.0,1,Diesel,Automatic,Green,used,1,Mass_Market,Phnom Penh,Tier_1,store,15800.0,0.0,0,0.0,0,28.6,0.0,0,0,2026-08-25 10:23:35.752353+00
13671742,13900.0,9.539716058977092,Toyota,Land Cruiser,2000,26,100000.0,1,2000.0,1,Diesel,Automatic,Green,used,1,Mass_Market,Phnom Penh,Tier_1,store,13900.0,0.0,0,0.0,0,68.0,0.0,0,0,2026-08-27 12:10:27.058247+00
13845091,177900.0,12.088982494773598,Toyota,Land Cruiser,2026,0,100000.0,1,2000.0,1,Petrol,Automatic,Black,new,0,Mass_Market,Phnom Penh,Tier_1,store,177900.0,0.0,0,0.0,0,22.2,0.0,1,0,2026-08-26 03:01:58.774784+00
13724325,198300.0,12.197541357359519,Toyota,Land Cruiser,2026,0,100000.0,1,2000.0,1,Petrol,Automatic,White,new,0,Mass_Market,Phnom Penh,Tier_1,store,198300.0,0.0,0,0.0,0,52.9,0.0,0,0,2026-08-25 10:29:05.306587+00
13821174,27500.0,10.221977646629885,Toyota,Land Cruiser,2008,18,100000.0,1,2000.0,1,Petrol,Automatic,White,used,1,Mass_Market,Phnom Penh,Tier_1,store,27500.0,0.0,0,0.0,0,27.8,0.0,0,1,2026-08-25 10:26:05.602091+00
13555720,198300.0,12.197541357359519,Toyota,Land Cruiser,2026,0,100000.0,1,2000.0,1,Petrol,Automatic,White,new,0,Mass_Market,Phnom Penh,Tier_1,store,198300.0,0.0,0,0.0,0,94.7,0.0,0,0,2026-08-26 03:06:04.446908+00
13889011,29500.0,10.292179440058462,Toyota,Land Cruiser,2008,18,100000.0,1,2000.0,1,Petrol,Automatic,White,used,1,Mass_Market,Phnom Penh,Tier_1,individual,29500.0,0.0,0,0.0,0,1.9,0.0,0,0,2026-08-17 08:51:06.454179+00
13724323,188500.0,12.146858590895919,Toyota,Land Cruiser,2026,0,100000.0,1,2000.0,1,Diesel,Automatic,Black,new,0,Mass_Market,Phnom Penh,Tier_1,store,188500.0,0.0,0,0.0,0,52.9,0.0,0,0,2026-08-25 10:29:06.735556+00
13895784,8100.0,8.999742789830492,Toyota,Land Cruiser,1998,28,100000.0,1,2000.0,1,Petrol,Automatic,Gold,used,1,Mass_Market,Phnom Penh,Tier_1,individual,8100.0,0.0,0,0.0,0,8.7,0.0,0,0,2026-08-26 03:06:18.18356+00
13884683,12500.0,9.433563920090563,Toyota,Land Cruiser,1999,27,100000.0,1,2000.0,1,Diesel,Automatic,Silver,used,1,Mass_Market,Phnom Penh,Tier_1,store,12500.0,0.0,0,0.0,0,11.0,0.0,0,0,2026-08-25 10:29:21.156951+00
13431523,10000.0,9.210440366976517,Toyota,Land Cruiser,1999,27,100000.0,1,2000.0,1,Petrol,Automatic,Black,used,1,Mass_Market,Phnom Penh,Tier_1,individual,10000.0,0.0,0,0.0,0,119.6,0.0,0,0,2026-08-21 02:53:16.322825+00
13890795,17500.0,9.770013301136158,Toyota,Land Cruiser,2004,22,100000.0,1,2000.0,1,Diesel,Automatic,Black,used,1,Mass_Market,Phnom Penh,Tier_1,store,17500.0,0.0,0,0.0,0,10.3,0.0,0,1,2026-08-26 02:58:16.020584+00
13331149,35000.0,10.463131911491967,Toyota,Land Cruiser,2010,16,100000.0,1,2000.0,1,Petrol,Automatic,Unknown,used,1,Mass_Market,Phnom Penh,Tier_1,store,35000.0,0.0,0,0.0,0,155.7,0.0,0,0,2026-08-27 12:08:10.889145+00
13811383,36900.0,10.515993929932415,Toyota,Land Cruiser,2010,16,100000.0,1,2000.0,1,Petrol,Automatic,White,used,1,Mass_Market,Phnom Penh,Tier_1,store,36900.0,0.0,0,0.0,0,27.8,0.0,1,0,2026-08-23 02:52:50.507925+00
13704885,31000.0,10.34177474101152,Toyota,Land Cruiser,2010,16,100000.0,1,2000.0,1,Petrol,Automatic,White,used,1,Mass_Market,Phnom Penh,Tier_1,store,31500.0,500.0,1,0.0,0,58.6,0.0,1,0,2026-08-26 03:03:02.962819+00
13830817,36500.0,10.505094936455558,Toyota,Land Cruiser,2010,16,100000.0,1,2000.0,1,Petrol,Automatic,White,used,1,Mass_Market,Phnom Penh,Tier_1,store,36500.0,0.0,0,0.0,0,23.2,0.0,0,0,2026-08-23 02:52:50.507837+00
13918642,40000.0,10.596659732783579,Toyota,Land Cruiser,2010,16,100000.0,1,2000.0,1,Petrol,Automatic,White,used,1,Mass_Market,Phnom Penh,Tier_1,individual,40000.0,0.0,0,0.0,0,3.9,0.0,0,0,2026-08-27 12:06:03.301599+00
13341627,41500.0,10.633472802314019,Toyota,Land Cruiser,2010,16,100000.0,1,2000.0,1,Petrol,Automatic,White,used,1,Mass_Market,Phnom Penh,Tier_1,store,41500.0,0.0,0,0.0,0,153.0,0.0,0,0,2026-08-27 12:14:04.522747+00
13252428,49500.0,10.809748150372926,Toyota,Land Cruiser,2013,13,100000.0,1,2000.0,1,Petrol,Automatic,White,used,1,Mass_Market,Phnom Penh,Tier_1,individual,49500.0,0.0,0,0.0,0,173.0,0.0,1,0,2026-08-25 10:20:58.98075+00
13900988,44500.0,10.703266939811954,Toyota,Land Cruiser,2013,13,100000.0,1,2000.0,1,Petrol,Automatic,White,used,1,Mass_Market,Phnom Penh,Tier_1,store,44500.0,0.0,0,0.0,0,6.8,0.0,0,0,2026-08-25 10:26:43.752671+00
13923043,42500.0,10.657282884047461,Toyota,Land Cruiser,2013,13,100000.0,1,2000.0,1,Petrol,Automatic,White,used,1,Mass_Market,Phnom Penh,Tier_1,store,42500.0,0.0,0,0.0,0,0.8,0.0,0,0,2026-08-25 10:26:12.749112+00
13666856,48500.0,10.789339695269716,Toyota,Land Cruiser,2013,13,100000.0,1,2000.0,1,Petrol,Automatic,White,used,1,Mass_Market,Kandal,Tier_2,store,48500.0,0.0,0,0.0,0,67.0,0.0,1,0,2026-08-25 10:28:29.096166+00
13835740,49800.0,10.815790343132422,Toyota,Land Cruiser,2013,13,100000.0,1,2000.0,1,Petrol,Automatic,White,used,1,Mass_Market,Phnom Penh,Tier_1,store,49800.0,0.0,0,0.0,0,24.6,0.0,1,0,2026-08-26 03:00:38.401657+00
13604756,49500.0,10.809748150372926,Toyota,Land Cruiser,2013,13,100000.0,1,2000.0,1,Diesel,Automatic,Black,used,1,Mass_Market,Phnom Penh,Tier_1,store,49500.0,0.0,0,0.0,0,82.8,0.0,0,0,2026-08-26 03:08:01.195976+00
13936348,44900.0,10.712215345197256,Toyota,Land Cruiser,2013,13,100000.0,1,2000.0,1,Petrol,Automatic,White,used,1,Mass_Market,Phnom Penh,Tier_1,store,44900.0,0.0,0,0.0,0,0.0,0.0,0,0,2026-08-27 12:11:05.578418+00
13355660,39500.0,10.584081267024454,Toyota,Land Cruiser,2013,13,100000.0,1,2000.0,1,Diesel,Automatic,Black,used,1,Mass_Market,Phnom Penh,Tier_1,store,39500.0,0.0,0,0.0,0,147.7,0.0,1,0,2026-08-26 02:56:49.962251+00
13627653,47500.0,10.768506042432708,Toyota,Land Cruiser,2013,13,100000.0,1,2000.0,1,Petrol,Automatic,Unknown,used,1,Mass_Market,Phnom Penh,Tier_1,store,47500.0,0.0,0,0.0,0,75.7,0.0,0,0,2026-08-24 10:11:07.045674+00
13926589,33000.0,10.404293143019792,Toyota,Land Cruiser,2008,18,100000.0,1,2000.0,1,Petrol,Automatic,Black,used,1,Mass_Market,Phnom Penh,Tier_1,store,33000.0,0.0,0,0.0,0,0.0,0.0,1,0,2026-08-25 10:26:54.082119+00
13900361,49500.0,10.809748150372926,Toyota,Land Cruiser,2013,13,100000.0,1,2000.0,1,Petrol,Automatic,Black,used,1,Mass_Market,Phnom Penh,Tier_1,individual,49500.0,0.0,0,0.0,0,7.6,0.0,0,0,2026-08-26 03:00:58.169292+00
13452118,12000.0,9.392745258631441,Toyota,Land Cruiser,1999,27,100000.0,1,2000.0,1,Diesel,Automatic,Black,used,1,Mass_Market,Phnom Penh,Tier_1,individual,12000.0,0.0,0,0.0,0,118.9,0.0,0,0,2026-08-25 10:24:45.538436+00
13903041,198300.0,12.197541357359519,Toyota,Land Cruiser,2026,0,100000.0,1,2000.0,1,Petrol,Automatic,Black,new,0,Mass_Market,Phnom Penh,Tier_1,store,198300.0,0.0,0,0.0,0,6.1,0.0,0,0,2026-08-25 10:28:59.553902+00
13845076,178000.0,12.08954444723597,Toyota,Land Cruiser,2026,0,100000.0,1,2000.0,1,Petrol,Automatic,Black,new,0,Mass_Market,Phnom Penh,Tier_1,store,178000.0,0.0,0,0.0,0,22.2,0.0,1,0,2026-08-26 03:01:59.49746+00
13845081,178000.0,12.08954444723597,Toyota,Land Cruiser,2026,0,100000.0,1,2000.0,1,Petrol,Automatic,Black,new,0,Mass_Market,Phnom Penh,Tier_1,store,178000.0,0.0,0,0.0,0,22.2,0.0,1,0,2026-08-26 03:01:57.214135+00
13724324,188500.0,12.146858590895919,Toyota,Land Cruiser,2026,0,100000.0,1,2000.0,1,Diesel,Automatic,White,new,0,Mass_Market,Phnom Penh,Tier_1,store,188500.0,0.0,0,0.0,0,52.9,0.0,0,0,2026-08-25 10:29:06.054433+00
13800815,10000.0,9.210440366976517,Toyota,Land Cruiser,1996,30,100000.0,1,2000.0,1,Diesel,Automatic,Green,used,1,Mass_Market,Phnom Penh,Tier_1,store,10000.0,0.0,0,0.0,0,25.0,0.0,0,0,2026-08-17 08:50:57.890544+00
13452221,129000.0,11.767575435251748,Toyota,Land Cruiser,2023,3,100000.0,1,2000.0,1,Petrol,Automatic,Black,used,1,Mass_Market,Phnom Penh,Tier_1,store,129000.0,0.0,0,0.0,0,121.0,0.0,0,0,2026-08-27 12:07:45.15741+00
13863823,115000.0,11.652696102959753,Toyota,Land Cruiser,2023,3,100000.0,1,2000.0,1,Diesel,Automatic,White,used,1,Mass_Market,Phnom Penh,Tier_1,individual,115000.0,0.0,0,0.0,0,9.8,0.0,0,0,2026-08-18 10:18:52.052057+00
13266697,33500.0,10.419330568113901,Toyota,Land Cruiser,2008,18,100000.0,1,2000.0,1,Diesel,Manual,White,used,1,Mass_Market,Phnom Penh,Tier_1,store,33500.0,0.0,0,0.0,0,171.1,0.0,0,0,2026-08-27 12:10:26.451486+00
13722874,185000.0,12.128116509451258,Toyota,Land Cruiser,2026,0,100000.0,1,2000.0,1,Petrol,Automatic,Black,new,0,Mass_Market,Phnom Penh,Tier_1,store,185000.0,0.0,0,0.0,0,53.8,0.0,0,0,2026-08-26 03:03:44.942977+00
13519847,53000.0,10.87806606028079,Toyota,Land Cruiser,2014,12,100000.0,1,2000.0,1,Diesel,Automatic,White,used,1,Mass_Market,Phnom Penh,Tier_1,store,53000.0,0.0,0,0.0,0,102.7,0.0,1,0,2026-08-26 02:57:19.380009+00
13797762,7500.0,8.922791623969637,Toyota,Land Cruiser,1997,29,100000.0,1,2000.0,1,Diesel,Automatic,Other,used,1,Mass_Market,Siem Reap,Tier_2,individual,7500.0,0.0,0,0.0,0,29.7,0.0,0,0,2026-08-21 02:53:11.223309+00
13931813,29500.0,10.292179440058462,Toyota,Land Cruiser,2008,18,100000.0,1,2000.0,1,Petrol,Automatic,White,used,1,Mass_Market,Phnom Penh,Tier_1,store,29500.0,0.0,0,0.0,0,0.8,0.0,1,0,2026-08-27 12:15:46.213318+00
13261668,41888.0,10.642778541610305,Toyota,Land Cruiser,2011,15,100000.0,1,2000.0,1,Petrol,Automatic,White,used,1,Mass_Market,Phnom Penh,Tier_1,store,41888.0,0.0,0,0.0,0,172.8,0.0,1,0,2026-08-27 12:06:51.030256+00
13922975,29999.0,10.308952660644293,Toyota,Land Cruiser,2008,18,100000.0,1,2000.0,1,Petrol,Automatic,White,used,1,Mass_Market,Phnom Penh,Tier_1,store,29999.0,0.0,0,0.0,0,0.8,0.0,0,0,2026-08-25 10:26:12.053355+00
13757446,32000.0,10.373522431293592,Toyota,Land Cruiser,2011,15,100000.0,1,2000.0,1,Petrol,Automatic,White,used,1,Mass_Market,Phnom Penh,Tier_1,individual,32000.0,0.0,0,0.0,0,44.8,0.0,0,0,2026-08-25 10:23:57.879303+00
13867215,79999.0,11.289781913656018,Toyota,Land Cruiser,2020,6,100000.0,1,2000.0,1,Petrol,Automatic,White,used,1,Mass_Market,Phnom Penh,Tier_1,store,79999.0,0.0,0,0.0,0,17.8,0.0,0,0,2026-08-27 12:16:17.920928+00
13750453,31000.0,10.34177474101152,Toyota,Land Cruiser,2011,15,100000.0,1,2000.0,1,Petrol,Automatic,White,used,1,Mass_Market,Phnom Penh,Tier_1,store,31000.0,0.0,0,0.0,0,47.2,0.0,0,0,2026-08-26 02:56:59.569876+00
13671163,35500.0,10.477316144080852,Toyota,Land Cruiser,2008,18,100000.0,1,2000.0,1,Petrol,Automatic,White,used,1,Mass_Market,Phnom Penh,Tier_1,store,35500.0,0.0,0,0.0,0,68.0,0.0,1,0,2026-08-27 12:11:45.461305+00
13879671,24800.0,10.118639253920785,Toyota,Land Cruiser,2008,18,100000.0,1,2000.0,1,Diesel,Automatic,Gold,used,1,Mass_Market,Phnom Penh,Tier_1,store,24800.0,0.0,0,0.0,0,12.6,0.0,0,0,2026-08-25 10:24:15.350847+00
13926731,59500.0,10.993748398115178,Toyota,Land Cruiser,2016,10,100000.0,1,2000.0,1,Petrol,Automatic,Black,used,1,Mass_Market,Phnom Penh,Tier_1,store,59500.0,0.0,0,0.0,0,0.0,0.0,1,0,2026-08-25 10:25:43.27801+00
13587158,54500.0,10.905974329106854,Toyota,Land Cruiser,2011,15,100000.0,1,2000.0,1,Petrol,Automatic,White,used,1,Mass_Market,Phnom Penh,Tier_1,store,54500.0,0.0,0,0.0,0,88.8,0.0,0,0,2026-08-27 12:09:58.548892+00
13572522,36500.0,10.505094936455558,Toyota,Land Cruiser,2008,18,100000.0,1,2000.0,1,Diesel,Automatic,White,used,1,Mass_Market,Phnom Penh,Tier_1,individual,36500.0,0.0,0,0.0,0,92.0,0.0,0,0,2026-08-27 12:16:02.11296+00
13872745,152000.0,11.931642378754141,Toyota,Land Cruiser,2024,2,100000.0,1,2000.0,1,Diesel,Automatic,White,new,0,Mass_Market,Phnom Penh,Tier_1,store,152000.0,0.0,0,0.0,0,14.8,0.0,1,0,2026-08-26 03:09:22.098282+00
13910685,12500.0,9.433563920090563,Lexus,Lx 470,2001,25,100000.0,1,2000.0,1,Petrol,Automatic,Unknown,used,1,Luxury,Kampot,Tier_3,individual,12500.0,0.0,0,0.0,0,0.0,0.0,0,0,2026-08-21 02:53:11.211712+00
13335590,27500.0,10.221977646629885,Mazda,Mazda3,2021,5,100000.0,1,2000.0,1,Petrol,Automatic,White,used,1,Mass_Market,Phnom Penh,Tier_1,store,27500.0,0.0,0,0.0,0,152.6,0.0,0,0,2026-08-25 10:23:18.577749+00
13926445,18500.0,9.825580063659602,Mazda,Mazda3,2020,6,100000.0,1,2000.0,1,Petrol,Automatic,White,used,1,Mass_Market,Phnom Penh,Tier_1,store,18500.0,0.0,0,0.0,0,0.0,0.0,0,0,2026-08-25 10:28:37.373247+00
13768223,18900.0,9.846970109700957,Mazda,Mazda3,2019,7,100000.0,1,2000.0,1,Petrol,Automatic,White,used,1,Mass_Market,Phnom Penh,Tier_1,store,18900.0,0.0,0,0.0,0,41.9,0.0,0,0,2026-08-25 10:27:49.783165+00
13910720,14200.0,9.561067663645012,Mazda,Mazda3,2015,11,100000.0,1,2000.0,1,Petrol,Automatic,Unknown,used,1,Mass_Market,Phnom Penh,Tier_1,store,14200.0,0.0,0,0.0,0,0.0,0.0,0,0,2026-08-21 02:53:09.879951+00
13817661,15800.0,9.6678285081515,Mazda,Mazda3,2015,11,100000.0,1,2000.0,1,Petrol,Automatic,White,used,1,Mass_Market,Phnom Penh,Tier_1,store,15800.0,0.0,0,0.0,0,24.4,0.0,0,0,2026-08-21 02:53:21.102367+00
13916644,16800.0,9.729193687429403,Mazda,Mazda3,2017,9,100000.0,1,2000.0,1,Petrol,Automatic,Red,used,1,Mass_Market,Phnom Penh,Tier_1,store,16800.0,0.0,0,0.0,0,3.2,0.0,0,0,2026-08-26 03:02:32.216391+00
13709738,78000.0,11.264476926102367,Nissan,Patrol,2022,4,100000.0,1,2000.0,1,Petrol,Automatic,Black,used,1,Mass_Market,Phnom Penh,Tier_1,store,78000.0,0.0,0,0.0,0,57.4,0.0,1,0,2026-08-26 03:04:58.095684+00
13341873,19800.0,9.893487720457795,CHANGAN,Q05,2026,0,100000.0,1,2000.0,1,Electric,Automatic,White,new,0,Other,Phnom Penh,Tier_1,store,19800.0,0.0,0,0.0,0,150.9,0.0,0,0,2026-08-25 10:29:35.70447+00
13436062,19800.0,9.893487720457795,CHANGAN,Q05,2026,0,100000.0,1,2000.0,1,Electric,Automatic,Other,new,0,Other,Phnom Penh,Tier_1,store,19800.0,0.0,0,0.0,0,123.6,0.0,0,0,2026-08-26 02:58:05.350906+00
13622152,22800.0,10.034559673629849,CHANGAN,Q05,2026,0,100000.0,1,2000.0,1,Electric,Automatic,White,new,0,Other,Phnom Penh,Tier_1,store,22800.0,0.0,0,0.0,0,79.9,0.0,0,0,2026-08-27 12:15:56.026855+00
13381344,21800.0,9.989711119284745,CHANGAN,Q05,2025,1,100000.0,1,2000.0,1,Electric,Automatic,Grey,new,0,Other,Phnom Penh,Tier_1,store,21800.0,0.0,0,0.0,0,142.8,0.0,0,0,2026-08-27 12:18:31.276149+00
13927289,49900.0,10.817796321618971,Audi,Q3,2020,6,100000.0,1,2000.0,1,Petrol,Automatic,Blue,used,1,Luxury,Phnom Penh,Tier_1,store,49900.0,0.0,0,0.0,0,0.0,0.0,0,0,2026-08-25 10:18:51.175186+00
13917648,49900.0,10.817796321618971,Audi,Q3,2020,6,100000.0,1,2000.0,1,Petrol,Automatic,Unknown,used,1,Luxury,Phnom Penh,Tier_1,store,49900.0,0.0,0,0.0,0,0.0,0.0,0,0,2026-08-23 02:52:53.722601+00
13901626,49900.0,10.817796321618971,Audi,Q3,2020,6,100000.0,1,2000.0,1,Petrol,Automatic,Unknown,used,1,Luxury,Phnom Penh,Tier_1,store,49900.0,0.0,0,0.0,0,0.0,0.0,0,0,2026-08-18 10:18:58.598111+00
13936406,49900.0,10.817796321618971,Audi,Q3,2020,6,100000.0,1,2000.0,1,Petrol,Automatic,Blue,used,1,Luxury,Phnom Penh,Tier_1,store,49900.0,0.0,0,0.0,0,0.0,0.0,0,0,2026-08-27 12:10:16.568052+00
13908439,49900.0,10.817796321618971,Audi,Q3,2020,6,100000.0,1,2000.0,1,Petrol,Automatic,Unknown,used,1,Luxury,Phnom Penh,Tier_1,store,49900.0,0.0,0,0.0,0,0.0,0.0,0,0,2026-08-20 08:37:42.603344+00
13897332,49900.0,10.817796321618971,Audi,Q3,2020,6,100000.0,1,2000.0,1,Petrol,Automatic,Unknown,used,1,Luxury,Phnom Penh,Tier_1,store,49900.0,0.0,0,0.0,0,0.0,0.0,1,0,2026-08-17 08:50:53.02817+00
13883444,26800.0,10.196194479235656,BYD,Qin L,2024,2,100000.0,1,2000.0,1,Hybrid,Automatic,White,new,0,Chinese_EV,Phnom Penh,Tier_1,store,26800.0,0.0,0,0.0,0,13.7,0.0,0,0,2026-08-27 12:15:51.125687+00
13810449,21600.0,9.980494888896912,BYD,Qin L,2024,2,100000.0,1,2000.0,1,Hybrid,Automatic,White,used,1,Chinese_EV,Phnom Penh,Tier_1,store,21600.0,0.0,0,0.0,0,32.8,0.0,0,0,2026-08-27 12:07:31.982454+00
13652488,26800.0,10.196194479235656,BYD,Qin L,2024,2,100000.0,1,2000.0,1,Hybrid,Automatic,White,new,0,Chinese_EV,Phnom Penh,Tier_1,store,26800.0,0.0,0,0.0,0,62.6,0.0,0,0,2026-08-17 08:50:50.150021+00
13936302,13000.0,9.472781556562168,Lexus,RX-300 ឆ្នាំ02 ប៉ុង1,2002,24,100000.0,1,2000.0,1,Petrol,Automatic,Unknown,used,1,Luxury,Kandal,Tier_2,store,13000.0,0.0,0,0.0,0,0.0,0.0,0,0,2026-08-27 12:12:05.298779+00
13924439,9000.0,9.105090961257085,Lexus,RX300,2000,26,100000.0,1,2000.0,1,Petrol,Automatic,Unknown,used,1,Luxury,Phnom Penh,Tier_1,individual,9000.0,0.0,0,0.0,0,0.5,0.0,0,0,2026-08-25 10:12:25.525408+00
13580843,8800.0,9.082620630373812,Lexus,RX300,1999,27,100000.0,1,2000.0,1,Petrol,Automatic,Gold,used,1,Luxury,Phnom Penh,Tier_1,individual,8800.0,0.0,0,0.0,0,90.1,0.0,0,0,2026-08-27 12:18:30.169357+00
13924319,9500.0,9.15915233520675,Lexus,RX300,2002,24,100000.0,1,2000.0,1,Petrol,Automatic,White,used,1,Luxury,Phnom Penh,Tier_1,individual,9500.0,0.0,0,0.0,0,0.5,0.0,0,0,2026-08-25 10:21:14.550512+00
13840438,10500.0,9.259225769705994,Lexus,RX300,2002,24,100000.0,1,2000.0,1,Petrol,Automatic,Grey,used,1,Luxury,Phnom Penh,Tier_1,individual,10500.0,0.0,0,0.0,0,24.7,0.0,1,0,2026-08-27 12:14:26.545635+00
13759713,13900.0,9.539716058977092,Lexus,RX300,2002,24,100000.0,1,2000.0,1,Petrol,Automatic,White,used,0,Luxury,Phnom Penh,Tier_1,store,13900.0,0.0,0,0.0,0,46.1,0.0,0,0,2026-08-27 12:12:33.957084+00
13911049,11900.0,9.38437770918244,Lexus,RX300,2002,24,100000.0,1,2000.0,1,Petrol,Automatic,White,used,1,Luxury,Phnom Penh,Tier_1,individual,11900.0,0.0,0,0.0,0,0.7,0.0,0,0,2026-08-22 02:44:59.589612+00
13521145,7300.0,8.895766604056085,Lexus,RX300,2001,25,100000.0,1,2000.0,1,Petrol,Automatic,Black,used,1,Luxury,Kampong Speu,Tier_3,individual,7300.0,0.0,0,0.0,0,103.9,0.0,0,0,2026-08-27 12:16:47.847818+00
13772731,13800.0,9.53249633228804,Lexus,RX300,2002,24,100000.0,1,2000.0,1,Petrol,Automatic,White,used,1,Luxury,Phnom Penh,Tier_1,store,13800.0,0.0,0,0.0,0,41.5,0.0,0,0,2026-08-26 02:58:39.238612+00
13919052,11400.0,9.34145634983372,Lexus,RX300,2001,25,100000.0,1,2000.0,1,Petrol,Automatic,White,used,1,Luxury,Phnom Penh,Tier_1,individual,11400.0,0.0,0,0.0,0,1.8,0.0,0,0,2026-08-25 10:14:06.149741+00
13700564,12500.0,9.433563920090563,Lexus,RX300,2001,25,100000.0,1,2000.0,1,Petrol,Automatic,Gold,used,1,Luxury,Phnom Penh,Tier_1,store,12500.0,0.0,0,0.0,0,61.1,0.0,0,0,2026-08-27 12:11:02.03556+00
13927004,13500.0,9.510519035757246,Lexus,RX300,2001,25,100000.0,1,2000.0,1,Petrol,Automatic,White,used,1,Luxury,Phnom Penh,Tier_1,store,13500.0,0.0,0,0.0,0,0.0,0.0,0,0,2026-08-25 10:22:58.456855+00
13926512,10700.0,9.278092474027002,Lexus,RX300,2001,25,100000.0,1,2000.0,1,Petrol,Automatic,White,used,1,Luxury,Phnom Penh,Tier_1,individual,10700.0,0.0,0,0.0,0,0.0,0.0,0,0,2026-08-25 10:28:04.002367+00
13516792,8500.0,9.04793908261736,Lexus,RX300,2001,25,100000.0,1,2000.0,1,Petrol,Automatic,Gold,used,1,Luxury,Phnom Penh,Tier_1,individual,8500.0,0.0,0,0.0,0,96.6,0.0,0,0,2026-08-19 02:48:01.897166+00
13444127,12300.0,9.417435838868785,Lexus,RX300,2001,25,100000.0,1,2000.0,1,Petrol,Automatic,White,used,1,Luxury,Phnom Penh,Tier_1,store,12300.0,0.0,0,0.0,0,121.6,0.0,1,0,2026-08-26 03:03:31.742975+00
13899890,12900.0,9.465060106725137,Lexus,RX300,2001,25,100000.0,1,2000.0,1,Petrol,Automatic,White,used,1,Luxury,Phnom Penh,Tier_1,individual,12900.0,0.0,0,0.0,0,6.0,0.0,0,0,2026-08-24 10:11:11.100588+00
13400922,13950.0,9.543306469268108,Lexus,RX300,2001,25,100000.0,1,2000.0,1,Petrol,Automatic,White,used,1,Luxury,Phnom Penh,Tier_1,store,13950.0,0.0,0,0.0,0,135.7,0.0,0,0,2026-08-26 03:01:49.038146+00
13731486,9200.0,9.127067452782361,Lexus,RX300,2001,25,100000.0,1,2000.0,1,Petrol,Automatic,White,used,1,Luxury,Kampong Speu,Tier_3,store,9200.0,0.0,0,0.0,0,45.8,0.0,0,0,2026-08-20 08:37:30.972621+00
13913945,8800.0,9.082620630373812,Lexus,RX300,1999,27,100000.0,1,2000.0,1,Petrol,Automatic,White,used,1,Luxury,Phnom Penh,Tier_1,store,8800.0,0.0,0,0.0,0,3.7,0.0,0,0,2026-08-26 02:58:51.488356+00
13927671,10200.0,9.23024103368252,Lexus,RX300,2001,25,100000.0,1,2000.0,1,Petrol,Automatic,Grey,used,1,Luxury,Phnom Penh,Tier_1,individual,10200.0,0.0,0,0.0,0,0.0,0.0,0,0,2026-08-25 10:14:51.012955+00
13820555,11950.0,9.388570235866881,Lexus,RX300,2001,25,100000.0,1,2000.0,1,Petrol,Automatic,Gold,used,1,Luxury,Phnom Penh,Tier_1,individual,11950.0,0.0,0,0.0,0,22.8,0.0,0,0,2026-08-20 08:37:39.452726+00
13912012,11300.0,9.332646496360152,Lexus,RX300,2001,25,100000.0,1,2000.0,1,Petrol,Automatic,Grey,used,1,Luxury,Phnom Penh,Tier_1,store,11300.0,0.0,0,0.0,0,3.8,0.0,0,0,2026-08-25 10:26:47.93666+00
13920534,12600.0,9.441531454869693,Lexus,RX300,2001,25,100000.0,1,2000.0,1,Petrol,Automatic,White,used,1,Luxury,Phnom Penh,Tier_1,store,12600.0,0.0,0,0.0,0,1.8,0.0,0,0,2026-08-26 03:03:14.191227+00
13567656,11200.0,9.32375833901174,Lexus,RX300,2001,25,100000.0,1,2000.0,1,Petrol,Automatic,Grey,used,1,Luxury,Kampong Chhnang,Tier_3,individual,11200.0,0.0,0,0.0,0,93.1,0.0,0,0,2026-08-27 12:19:43.402001+00
13853335,10500.0,9.259225769705994,Lexus,RX300,2001,25,100000.0,1,2000.0,1,Petrol,Automatic,White,used,1,Luxury,Phnom Penh,Tier_1,individual,10500.0,0.0,0,0.0,0,19.5,0.0,0,0,2026-08-25 10:26:15.708543+00
13927586,10000.0,9.210440366976517,Lexus,RX300,2001,25,100000.0,1,2000.0,1,Petrol,Automatic,Silver,used,1,Luxury,Phnom Penh,Tier_1,individual,10000.0,0.0,0,0.0,0,0.0,0.0,0,0,2026-08-25 10:16:03.155893+00
13333201,10500.0,9.259225769705994,Lexus,RX300,2000,26,100000.0,1,2000.0,1,Diesel,Automatic,Silver,used,1,Luxury,Phnom Penh,Tier_1,store,10500.0,0.0,0,0.0,0,155.0,0.0,0,0,2026-08-27 12:15:38.893628+00
13854852,12500.0,9.433563920090563,Lexus,RX300,2001,25,100000.0,1,2000.0,1,Petrol,Automatic,White,used,1,Luxury,Phnom Penh,Tier_1,store,12500.0,0.0,0,0.0,0,19.7,0.0,0,0,2026-08-26 03:01:41.909993+00
13929694,8200.0,9.012011377036412,Lexus,RX300,2001,25,100000.0,1,2000.0,1,Petrol,Automatic,White,used,1,Luxury,Phnom Penh,Tier_1,individual,8200.0,0.0,0,0.0,0,1.1,0.0,0,0,2026-08-27 12:14:46.443684+00
13400917,13650.0,9.521568058002977,Lexus,RX300,2001,25,100000.0,1,2000.0,1,Petrol,Automatic,White,used,1,Luxury,Phnom Penh,Tier_1,store,13650.0,0.0,0,0.0,0,135.7,0.0,0,0,2026-08-26 03:08:01.876665+00
13892150,12800.0,9.45727857185611,Lexus,RX300,2001,25,100000.0,1,2000.0,1,Petrol,Automatic,White,used,1,Luxury,Phnom Penh,Tier_1,store,12800.0,0.0,0,0.0,0,11.1,0.0,0,0,2026-08-27 12:12:08.335406+00
13828983,10900.0,9.296609807128359,Lexus,RX300,2001,25,100000.0,1,2000.0,1,Petrol,Automatic,White,used,1,Luxury,Phnom Penh,Tier_1,store,10900.0,0.0,0,0.0,0,26.6,0.0,0,0,2026-08-26 03:09:42.495553+00
13817921,11999.0,9.392661928770137,Lexus,RX300,2002,24,100000.0,1,2000.0,1,Petrol,Automatic,White,used,1,Luxury,Phnom Penh,Tier_1,individual,11999.0,0.0,0,0.0,0,20.5,0.0,0,0,2026-08-17 08:51:02.659157+00
13742194,13800.0,9.53249633228804,Lexus,RX300,2002,24,100000.0,1,2000.0,1,Petrol,Automatic,White,used,0,Luxury,Phnom Penh,Tier_1,store,13800.0,0.0,0,0.0,0,48.9,0.0,0,0,2026-08-26 03:08:10.318697+00
13848064,8900.0,9.093918908958932,Lexus,RX300,2002,24,100000.0,1,2000.0,1,Petrol,Automatic,Unknown,used,1,Luxury,Phnom Penh,Tier_1,store,8900.0,0.0,0,0.0,0,12.7,0.0,0,0,2026-08-17 08:50:57.836801+00
13868885,10900.0,9.296609807128359,Lexus,RX300,2002,24,100000.0,1,2000.0,1,Petrol,Manual,Gold,used,1,Luxury,Phnom Penh,Tier_1,store,10900.0,0.0,0,0.0,0,8.7,0.0,0,0,2026-08-19 02:48:23.680763+00
13903405,10300.0,9.239996256883693,Lexus,RX300,2002,24,100000.0,1,2000.0,1,Petrol,Automatic,Gold,used,1,Luxury,Kandal,Tier_2,individual,10300.0,0.0,0,0.0,0,0.0,0.0,0,0,2026-08-19 02:48:11.442143+00
13910048,13900.0,9.539716058977092,Lexus,RX300,2002,24,100000.0,1,2000.0,1,Petrol,Automatic,White,used,0,Luxury,Phnom Penh,Tier_1,store,13900.0,0.0,0,0.0,0,6.3,0.0,0,0,2026-08-27 12:12:35.725775+00
13807114,12000.0,9.392745258631441,Lexus,RX300,2002,24,100000.0,1,2000.0,1,Petrol,Automatic,Brown,used,1,Luxury,Siem Reap,Tier_2,individual,12000.0,0.0,0,0.0,0,26.6,0.0,0,1,2026-08-20 08:37:35.449921+00
13900527,10350.0,9.24483841238375,Lexus,RX300,2002,24,100000.0,1,2000.0,1,Petrol,Automatic,Unknown,used,1,Luxury,Phnom Penh,Tier_1,individual,10350.0,0.0,0,0.0,0,1.8,0.0,0,0,2026-08-20 08:37:46.966422+00
13692682,12900.0,9.465060106725137,Lexus,RX300,2002,24,100000.0,1,2000.0,1,Petrol,Automatic,White,used,1,Luxury,Phnom Penh,Tier_1,store,12900.0,0.0,0,0.0,0,60.9,0.0,0,0,2026-08-25 10:26:10.169816+00
13898773,9500.0,9.15915233520675,Lexus,RX300,2002,24,100000.0,1,2000.0,1,Petrol,Automatic,Silver,used,1,Luxury,Phnom Penh,Tier_1,individual,9500.0,0.0,0,0.0,0,1.0,0.0,0,0,2026-08-19 02:47:57.914134+00
13728952,11900.0,9.38437770918244,Lexus,RX300,2002,24,100000.0,1,2000.0,1,Petrol,Automatic,White,used,1,Luxury,Phnom Penh,Tier_1,store,11900.0,0.0,0,0.0,0,51.8,0.0,0,0,2026-08-25 10:28:01.400417+00
13719245,9000.0,9.105090961257085,Lexus,RX300,2002,24,100000.0,1,2000.0,1,Petrol,Automatic,Black,used,1,Luxury,Phnom Penh,Tier_1,store,9000.0,0.0,0,0.0,0,56.1,0.0,0,0,2026-08-27 12:09:05.244277+00
13823219,13900.0,9.539716058977092,Lexus,RX300,2002,24,100000.0,1,2000.0,1,Petrol,Automatic,White,used,0,Luxury,Phnom Penh,Tier_1,store,13900.0,0.0,0,0.0,0,29.1,0.0,0,0,2026-08-27 12:12:32.224167+00
13784346,8300.0,9.024131268455035,Lexus,RX300,2002,24,100000.0,1,2000.0,1,Petrol,Automatic,Black,used,1,Luxury,Phnom Penh,Tier_1,individual,8300.0,0.0,0,0.0,0,32.6,0.0,0,0,2026-08-20 08:37:33.860201+00
13907583,13800.0,9.53249633228804,Lexus,RX300,2002,24,100000.0,1,2000.0,1,Petrol,Automatic,White,used,0,Luxury,Phnom Penh,Tier_1,store,13800.0,0.0,0,0.0,0,7.0,0.0,0,0,2026-08-27 12:12:36.927659+00
13877959,12500.0,9.433563920090563,Lexus,RX300,2002,24,100000.0,1,2000.0,1,Petrol,Automatic,White,used,1,Luxury,Phnom Penh,Tier_1,store,12500.0,0.0,0,0.0,0,15.0,0.0,0,0,2026-08-27 12:11:14.011636+00
13922476,11700.0,9.367429587218957,Lexus,RX300,2002,24,100000.0,1,2000.0,1,Petrol,Automatic,Gold,used,1,Luxury,Phnom Penh,Tier_1,individual,11700.0,0.0,0,0.0,0,2.9,0.0,0,0,2026-08-27 12:17:20.354512+00
13410572,9200.0,9.127067452782361,Lexus,RX300,2002,24,100000.0,1,2000.0,1,Petrol,Automatic,Gold,used,1,Luxury,Phnom Penh,Tier_1,individual,9200.0,0.0,0,0.0,0,126.7,0.0,0,0,2026-08-23 02:53:17.440353+00
13809999,11000.0,9.305741456739435,Lexus,RX300,2002,24,100000.0,1,2000.0,1,Petrol,Automatic,Gold,used,1,Luxury,Phnom Penh,Tier_1,store,11000.0,0.0,0,0.0,0,28.5,0.0,0,0,2026-08-23 02:53:17.438028+00
13756029,12800.0,9.45727857185611,Lexus,RX300,2002,24,100000.0,1,2000.0,1,Petrol,Automatic,White,used,1,Luxury,Phnom Penh,Tier_1,store,12800.0,0.0,0,0.0,0,47.0,0.0,0,0,2026-08-27 12:13:13.752265+00
13507852,9700.0,9.179984251961283,Lexus,RX300,2002,24,100000.0,1,2000.0,1,Petrol,Automatic,Black,used,1,Luxury,Phnom Penh,Tier_1,individual,9700.0,0.0,0,0.0,0,107.0,0.0,0,0,2026-08-27 12:15:00.457844+00
13847617,8300.0,9.024131268455035,Lexus,RX300,2002,24,100000.0,1,2000.0,1,Petrol,Automatic,White,used,1,Luxury,Phnom Penh,Tier_1,store,8300.0,0.0,0,0.0,0,12.8,0.0,0,0,2026-08-17 08:50:57.836801+00
13833275,10900.0,9.296609807128359,Lexus,RX300,2002,24,100000.0,1,2000.0,1,Petrol,Automatic,White,used,1,Luxury,Phnom Penh,Tier_1,store,10900.0,0.0,0,0.0,0,24.8,0.0,0,0,2026-08-25 10:19:54.117791+00
13791574,12000.0,9.392745258631441,Lexus,RX300,2002,24,100000.0,1,2000.0,1,Petrol,Automatic,White,used,1,Luxury,Phnom Penh,Tier_1,individual,12000.0,0.0,0,0.0,0,28.6,0.0,1,0,2026-08-18 10:19:06.250412+00
13816788,12500.0,9.433563920090563,Lexus,RX300,2002,24,100000.0,1,2000.0,1,Petrol,Automatic,White,used,1,Luxury,Phnom Penh,Tier_1,individual,12500.0,0.0,0,0.0,0,22.5,0.0,0,0,2026-08-19 02:48:23.682026+00
13778914,11000.0,9.305741456739435,Lexus,RX300,2002,24,100000.0,1,2000.0,1,Petrol,Automatic,Gold,used,1,Luxury,Phnom Penh,Tier_1,store,11000.0,0.0,0,0.0,0,41.1,0.0,0,0,2026-08-27 12:09:22.87482+00
13936542,11000.0,9.305741456739435,Lexus,RX300,2002,24,100000.0,1,2000.0,1,Petrol,Automatic,Gold,used,1,Luxury,Phnom Penh,Tier_1,individual,11000.0,0.0,0,0.0,0,0.0,0.0,0,0,2026-08-27 12:06:46.691094+00
13918037,11350.0,9.337061124755339,Lexus,RX300,2002,24,100000.0,1,2000.0,1,Petrol,Automatic,Gold,used,1,Luxury,Phnom Penh,Tier_1,individual,11350.0,0.0,0,0.0,0,1.0,0.0,0,0,2026-08-24 10:11:15.249258+00
13927200,6700.0,8.81001204797317,Lexus,RX300,1999,27,100000.0,1,2000.0,1,Petrol,Automatic,Black,used,1,Luxury,Phnom Penh,Tier_1,individual,6700.0,0.0,0,0.0,0,0.0,0.0,0,0,2026-08-25 10:20:09.488494+00
13831237,13900.0,9.539716058977092,Lexus,RX300,2002,24,100000.0,1,2000.0,1,Petrol,Automatic,White,used,0,Luxury,Phnom Penh,Tier_1,store,13900.0,0.0,0,0.0,0,27.3,0.0,0,0,2026-08-27 12:12:33.430599+00
13828561,11999.0,9.392661928770137,Lexus,RX300,2002,24,100000.0,1,2000.0,1,Petrol,Automatic,White,used,1,Luxury,Phnom Penh,Tier_1,store,11999.0,0.0,0,0.0,0,19.6,0.0,0,0,2026-08-19 02:48:22.301221+00
13753044,8195.0,9.011401509358791,Lexus,RX300,1999,27,100000.0,1,2000.0,1,Petrol,Automatic,Grey,used,1,Luxury,Phnom Penh,Tier_1,individual,8195.0,0.0,0,0.0,0,47.9,0.0,0,0,2026-08-27 12:13:59.614484+00
13825672,8099.0,8.99961934066053,Lexus,RX300,1999,27,100000.0,1,2000.0,1,Petrol,Automatic,Gold,used,0,Luxury,Phnom Penh,Tier_1,individual,8099.0,0.0,0,0.0,0,18.6,0.0,0,0,2026-08-17 08:51:01.698561+00
13622556,7200.0,8.881975184248867,Lexus,RX300,1999,27,100000.0,1,2000.0,1,Petrol,Automatic,Black,used,1,Luxury,Phnom Penh,Tier_1,individual,7200.0,0.0,0,0.0,0,76.8,0.0,0,0,2026-08-24 10:11:12.103765+00
13910603,8600.0,9.059633754551479,Lexus,RX300,1999,27,100000.0,1,2000.0,1,Petrol,Automatic,Unknown,used,1,Luxury,Phnom Penh,Tier_1,store,8600.0,0.0,0,0.0,0,0.0,0.0,0,0,2026-08-21 02:53:17.470229+00
13936058,6900.0,8.839421607620602,Lexus,RX300,1999,27,100000.0,1,2000.0,1,Petrol,Automatic,Black,used,1,Luxury,Stung Treng,Tier_3,individual,6900.0,0.0,0,0.0,0,0.0,0.0,0,0,2026-08-27 12:14:22.421506+00
13639182,7500.0,8.922791623969637,Lexus,RX300,1999,27,100000.0,1,2000.0,1,Petrol,Automatic,Black,used,1,Luxury,Phnom Penh,Tier_1,store,7500.0,0.0,0,0.0,0,74.6,0.0,0,0,2026-08-26 03:01:08.683669+00
13885236,8700.0,9.071193240566025,Lexus,RX300,1999,27,100000.0,1,2000.0,1,Petrol,Automatic,Gold,used,1,Luxury,Phnom Penh,Tier_1,store,8700.0,0.0,0,0.0,0,13.0,0.0,0,0,2026-08-27 12:06:14.951038+00
13775910,7900.0,8.974744612722734,Lexus,RX300,1999,27,100000.0,1,2000.0,1,Petrol,Automatic,Gold,used,1,Luxury,Battambang,Tier_2,individual,7900.0,0.0,0,0.0,0,34.8,0.0,0,0,2026-08-20 08:37:42.605477+00
13648538,7000.0,8.853808274977197,Lexus,RX300,1999,27,100000.0,1,2000.0,1,Petrol,Automatic,Blue,used,1,Luxury,Phnom Penh,Tier_1,store,7000.0,0.0,0,0.0,0,72.2,0.0,0,0,2026-08-26 03:01:31.787972+00
13927559,7300.0,8.895766604056085,Lexus,RX300,1999,27,100000.0,1,2000.0,1,Petrol,Automatic,Black,used,1,Luxury,Phnom Penh,Tier_1,individual,7300.0,0.0,0,0.0,0,0.5,0.0,0,0,2026-08-26 02:58:54.550995+00
13856039,7300.0,8.895766604056085,Lexus,RX300,1999,27,100000.0,1,2000.0,1,Petrol,Automatic,Gold,used,1,Luxury,Phnom Penh,Tier_1,store,7300.0,0.0,0,0.0,0,10.7,0.0,0,0,2026-08-17 08:50:57.836801+00
13916066,7200.0,8.881975184248867,Lexus,RX300,1999,27,100000.0,1,2000.0,1,Petrol,Automatic,Gold,used,1,Luxury,Phnom Penh,Tier_1,individual,7200.0,0.0,0,0.0,0,2.7,0.0,0,0,2026-08-25 10:28:11.455425+00
13913320,10200.0,9.23024103368252,Lexus,RX300,2003,23,100000.0,1,2000.0,1,Petrol,Automatic,Silver,used,1,Luxury,Phnom Penh,Tier_1,store,10200.0,0.0,0,0.0,0,3.6,0.0,0,0,2026-08-25 10:27:03.015241+00
13819643,19500.0,9.87822102528824,Lexus,RX300,2004,22,100000.0,1,2000.0,1,Petrol,Automatic,Grey,used,1,Luxury,Phnom Penh,Tier_1,store,19500.0,0.0,0,0.0,0,30.1,0.0,0,0,2026-08-27 12:05:43.465716+00
13906747,10880.0,9.294773427951013,Lexus,RX300,2003,23,100000.0,1,2000.0,1,Petrol,Automatic,White,used,1,Luxury,Phnom Penh,Tier_1,individual,10880.0,0.0,0,0.0,0,7.1,0.0,0,0,2026-08-27 12:14:00.882346+00
13778611,11500.0,9.350189267092581,Lexus,RX300,2003,23,100000.0,1,2000.0,1,Petrol,Automatic,Gold,used,1,Luxury,Phnom Penh,Tier_1,store,11500.0,0.0,0,0.0,0,41.1,0.0,1,0,2026-08-27 12:09:24.69514+00
13917184,14200.0,9.561067663645012,Lexus,RX300,2006,20,100000.0,1,2000.0,1,Petrol,Automatic,White,used,1,Luxury,Phnom Penh,Tier_1,individual,14200.0,0.0,0,0.0,0,2.8,0.0,0,0,2026-08-26 03:07:01.098733+00
13923036,6500.0,8.77971129020447,Lexus,RX300,2000,26,100000.0,1,2000.0,1,Petrol,Automatic,Black,used,1,Luxury,Phnom Penh,Tier_1,individual,6500.0,0.0,0,0.0,0,0.0,0.0,0,0,2026-08-24 10:11:20.291032+00
13506514,54900.0,10.91328684226798,Lexus,RX300,2015,11,100000.0,1,2000.0,1,Petrol,Automatic,White,used,0,Luxury,Phnom Penh,Tier_1,store,54900.0,0.0,0,0.0,0,105.7,0.0,0,0,2026-08-26 02:59:40.953024+00
13935434,9500.0,9.15915233520675,Lexus,RX300,2003,23,100000.0,1,2000.0,1,Petrol,Automatic,Blue,used,1,Luxury,Phnom Penh,Tier_1,store,9500.0,0.0,0,0.0,0,0.0,0.0,1,0,2026-08-27 12:20:04.210095+00
13792526,11500.0,9.350189267092581,Lexus,RX300,2003,23,100000.0,1,2000.0,1,Petrol,Automatic,Gold,used,1,Luxury,Phnom Penh,Tier_1,store,11500.0,0.0,0,0.0,0,31.8,0.0,0,0,2026-08-22 02:44:57.040641+00
13889857,9900.0,9.200391041122515,Lexus,RX300,2003,23,100000.0,1,2000.0,1,Petrol,Automatic,Blue,used,1,Luxury,Phnom Penh,Tier_1,store,9900.0,0.0,0,0.0,0,10.5,0.0,0,0,2026-08-26 03:05:36.462039+00
13614577,8500.0,9.04793908261736,Lexus,RX300,2000,26,100000.0,1,2000.0,1,Petrol,Automatic,White,used,1,Luxury,Siem Reap,Tier_2,store,8500.0,0.0,0,0.0,0,75.6,0.0,0,0,2026-08-21 02:53:12.547779+00
13923494,14500.0,9.581972891547895,Lexus,RX300,2003,23,100000.0,1,2000.0,1,Petrol,Automatic,Other,used,1,Luxury,Phnom Penh,Tier_1,individual,14500.0,0.0,0,0.0,0,0.0,0.0,0,0,2026-08-24 10:11:05.982263+00
13887362,9500.0,9.15915233520675,Lexus,RX300,2000,26,100000.0,1,2000.0,1,Petrol,Automatic,White,used,1,Luxury,Kampong Thom,Tier_3,individual,9500.0,0.0,0,0.0,0,12.7,0.0,0,0,2026-08-27 12:13:55.559252+00
13907567,11500.0,9.350189267092581,Lexus,RX300,2003,23,100000.0,1,2000.0,1,Petrol,Automatic,Gold,used,1,Luxury,Phnom Penh,Tier_1,store,11500.0,0.0,0,0.0,0,2.6,0.0,1,0,2026-08-23 02:53:17.438653+00
13917547,11500.0,9.350189267092581,Lexus,RX300,2003,23,100000.0,1,2000.0,1,Petrol,Automatic,White,used,1,Luxury,Siem Reap,Tier_2,individual,11500.0,0.0,0,0.0,0,0.0,0.0,0,0,2026-08-23 02:53:17.44073+00
13881617,75000.0,11.225256725762893,Lexus,RX300,2022,4,100000.0,1,2000.0,1,Petrol,Automatic,White,used,1,Luxury,Preah Sihanouk,Tier_2,individual,75000.0,0.0,0,0.0,0,14.0,0.0,0,1,2026-08-27 12:05:41.088064+00
13745647,84700.0,11.346882686945893,Lexus,RX300,2022,4,100000.0,1,2000.0,1,Petrol,Automatic,White,used,1,Luxury,Phnom Penh,Tier_1,individual,84700.0,0.0,0,0.0,0,47.6,0.0,0,0,2026-08-25 10:20:54.929645+00
13871845,78800.0,11.274680966120778,Lexus,RX300,2022,4,100000.0,1,2000.0,1,Petrol,Automatic,White,used,1,Luxury,Phnom Penh,Tier_1,store,78800.0,0.0,0,0.0,0,14.6,0.0,1,0,2026-08-25 10:24:29.531644+00
13898535,79800.0,11.287291314687705,Lexus,RX300,2022,4,100000.0,1,2000.0,1,Petrol,Automatic,White,used,1,Luxury,Phnom Penh,Tier_1,store,79800.0,0.0,0,0.0,0,9.6,0.0,1,0,2026-08-27 12:20:44.92958+00
13519830,75000.0,11.225256725762893,Lexus,RX300,2020,6,100000.0,1,2000.0,1,Petrol,Automatic,Black,used,1,Luxury,Phnom Penh,Tier_1,store,75000.0,0.0,0,0.0,0,104.1,0.0,1,0,2026-08-27 12:08:37.192366+00
13901630,59500.0,10.993748398115178,Lexus,RX300,2020,6,100000.0,1,2000.0,1,Petrol,Automatic,Unknown,used,1,Luxury,Phnom Penh,Tier_1,individual,59500.0,0.0,0,0.0,0,0.0,0.0,1,0,2026-08-18 10:18:58.598111+00
13736505,12750.0,9.453364978883542,Lexus,RX300,2003,23,100000.0,1,2000.0,1,Petrol,Automatic,White,used,1,Luxury,Phnom Penh,Tier_1,individual,12750.0,0.0,0,0.0,0,50.5,0.0,0,1,2026-08-26 03:08:42.20496+00
13730437,10700.0,9.278092474027002,Lexus,RX300,2000,26,100000.0,1,2000.0,1,Petrol,Automatic,White,used,1,Luxury,Phnom Penh,Tier_1,individual,10700.0,0.0,0,0.0,0,46.1,0.0,0,0,2026-08-20 08:37:35.452458+00
13447535,8900.0,9.093918908958932,Lexus,RX300,2001,25,100000.0,1,2000.0,1,Petrol,Automatic,Gold,used,1,Luxury,Phnom Penh,Tier_1,store,8900.0,0.0,0,0.0,0,120.7,0.0,0,0,2026-08-26 03:09:37.632969+00
13866222,9500.0,9.15915233520675,Lexus,RX330,2001,25,100000.0,1,2000.0,1,Diesel,Automatic,Gold,used,1,Luxury,Kratie,Tier_3,individual,9500.0,0.0,0,0.0,0,7.9,0.0,0,0,2026-08-17 08:50:50.161233+00
13923560,22500.0,10.021315031649332,Lexus,RX330,2005,21,100000.0,1,2000.0,1,Petrol,Automatic,White,used,1,Luxury,Phnom Penh,Tier_1,store,22500.0,0.0,0,0.0,0,1.4,0.0,0,0,2026-08-26 03:00:15.345914+00
13776626,17500.0,9.770013301136158,Lexus,RX330,2004,22,100000.0,1,2000.0,1,Petrol,Automatic,Black,used,1,Luxury,Phnom Penh,Tier_1,individual,17500.0,0.0,0,0.0,0,32.8,0.0,0,0,2026-08-18 10:19:04.372424+00
13357697,24900.0,10.122663242288953,Lexus,RX330,2004,22,100000.0,1,2000.0,1,Petrol,Automatic,White,used,1,Luxury,Phnom Penh,Tier_1,store,24900.0,0.0,0,0.0,0,138.6,0.0,0,0,2026-08-17 08:51:01.725127+00
13483212,17300.0,9.758519582283522,Lexus,RX330,2004,22,100000.0,1,2000.0,1,Petrol,Automatic,Grey,used,1,Luxury,Phnom Penh,Tier_1,store,17300.0,0.0,0,0.0,0,104.6,0.0,0,0,2026-08-19 02:48:01.899949+00
13553445,22900.0,10.038935856711177,Lexus,RX330,2004,22,100000.0,1,2000.0,1,Petrol,Automatic,White,used,1,Luxury,Phnom Penh,Tier_1,store,22900.0,0.0,0,0.0,0,94.8,0.0,0,0,2026-08-25 10:27:53.835465+00
13674989,17200.0,9.75272280064639,Lexus,RX330,2004,22,100000.0,1,2000.0,1,Petrol,Automatic,Black,used,1,Luxury,Phnom Penh,Tier_1,store,17700.0,500.0,1,0.0,0,67.0,0.0,1,0,2026-08-27 12:20:43.801386+00
13634802,20500.0,9.928228944424575,Lexus,RX330,2004,22,100000.0,1,2000.0,1,Petrol,Automatic,Other,used,1,Luxury,Phnom Penh,Tier_1,individual,20500.0,0.0,0,0.0,0,70.6,0.0,0,0,2026-08-21 02:53:18.609945+00
13897011,16500.0,9.711176264112805,Lexus,RX330,2004,22,100000.0,1,2000.0,1,Diesel,Automatic,White,used,0,Luxury,Kampong Cham,Tier_2,store,16500.0,0.0,0,0.0,0,0.0,0.0,0,0,2026-08-17 08:51:06.452167+00
13730698,22500.0,10.021315031649332,Lexus,RX330,2004,22,100000.0,1,2000.0,1,Petrol,Automatic,White,used,1,Luxury,Phnom Penh,Tier_1,store,22500.0,0.0,0,0.0,0,50.0,0.0,0,0,2026-08-24 10:11:07.049534+00
13870175,17500.0,9.770013301136158,Lexus,RX330,2004,22,100000.0,1,2000.0,1,Petrol,Automatic,Blue,used,1,Luxury,Phnom Penh,Tier_1,store,17500.0,0.0,0,0.0,0,17.0,0.0,0,0,2026-08-27 12:12:10.597103+00
13736928,17800.0,9.787009914477434,Lexus,RX330,2004,22,100000.0,1,2000.0,1,Petrol,Automatic,Silver,used,1,Luxury,Phnom Penh,Tier_1,store,17800.0,0.0,0,0.0,0,51.7,0.0,1,0,2026-08-27 12:09:34.15823+00
13692834,20500.0,9.928228944424575,Lexus,RX330,2004,22,100000.0,1,2000.0,1,Petrol,Automatic,Gold,used,1,Luxury,Phnom Penh,Tier_1,store,20500.0,0.0,0,0.0,0,61.6,0.0,0,0,2026-08-26 03:02:14.501291+00
13333926,20500.0,9.928228944424575,Lexus,RX330,2004,22,100000.0,1,2000.0,1,Petrol,Automatic,White,used,1,Luxury,Phnom Penh,Tier_1,individual,21000.0,500.0,1,0.0,0,155.0,0.0,0,0,2026-08-27 12:13:27.250655+00
13917649,19400.0,9.873079890114703,Lexus,RX330,2004,22,100000.0,1,2000.0,1,Petrol,Automatic,Unknown,used,1,Luxury,Phnom Penh,Tier_1,store,19400.0,0.0,0,0.0,0,0.0,0.0,0,0,2026-08-23 02:52:53.722431+00
13881843,18600.0,9.83097062169695,Lexus,RX330,2004,22,100000.0,1,2000.0,1,Petrol,Automatic,Unknown,used,1,Luxury,Phnom Penh,Tier_1,individual,18600.0,0.0,0,0.0,0,4.9,0.0,1,0,2026-08-18 10:18:52.997731+00
13359190,24900.0,10.122663242288953,Lexus,RX330,2004,22,100000.0,1,2000.0,1,Petrol,Automatic,White,used,1,Luxury,Phnom Penh,Tier_1,individual,24900.0,0.0,0,0.0,0,142.7,0.0,0,0,2026-08-22 02:45:00.81719+00
13875123,16800.0,9.729193687429403,Lexus,RX330,2004,22,100000.0,1,2000.0,1,Petrol,Automatic,Gold,used,1,Luxury,Phnom Penh,Tier_1,store,16800.0,0.0,0,0.0,0,15.8,0.0,1,0,2026-08-27 12:19:41.862088+00
13882132,13900.0,9.539716058977092,Lexus,RX330,2004,22,100000.0,1,2000.0,1,Petrol,Automatic,Grey,used,1,Luxury,Phnom Penh,Tier_1,store,13900.0,0.0,0,0.0,0,11.9,0.0,0,0,2026-08-25 10:26:45.107204+00
13926920,16500.0,9.711176264112805,Lexus,RX330,2004,22,100000.0,1,2000.0,1,Petrol,Automatic,Gold,used,1,Luxury,Phnom Penh,Tier_1,individual,16500.0,0.0,0,0.0,0,0.0,0.0,0,0,2026-08-25 10:23:39.600263+00
13794790,17999.0,9.798127036878302,Lexus,RX330,2004,22,100000.0,1,2000.0,1,Petrol,Automatic,Silver,used,1,Luxury,Phnom Penh,Tier_1,individual,17999.0,0.0,0,0.0,0,30.5,0.0,0,0,2026-08-21 02:53:26.240702+00
13625940,16900.0,9.735128070758227,Lexus,RX330,2004,22,100000.0,1,2000.0,1,Petrol,Automatic,Gold,used,1,Luxury,Phnom Penh,Tier_1,individual,16900.0,0.0,0,0.0,0,72.6,0.0,0,0,2026-08-21 02:53:18.61041+00
13734230,22500.0,10.021315031649332,Lexus,RX330,2004,22,100000.0,1,2000.0,1,Petrol,Automatic,White,used,1,Luxury,Phnom Penh,Tier_1,store,22500.0,0.0,0,0.0,0,49.0,0.0,0,0,2026-08-24 10:11:07.048868+00
13884431,16900.0,9.735128070758227,Lexus,RX330,2004,22,100000.0,1,2000.0,1,Petrol,Automatic,Grey,used,1,Luxury,Phnom Penh,Tier_1,individual,16900.0,0.0,0,0.0,0,4.7,0.0,0,0,2026-08-19 02:47:57.913964+00
13928102,17500.0,9.770013301136158,Lexus,RX330,2004,22,100000.0,1,2000.0,1,Petrol,Automatic,Silver,used,1,Luxury,Phnom Penh,Tier_1,store,17500.0,0.0,0,0.0,0,1.8,0.0,1,0,2026-08-27 12:11:35.816509+00
13852105,20900.0,9.94755228369823,Lexus,RX330,2004,22,100000.0,1,2000.0,1,Petrol,Automatic,White,used,1,Luxury,Phnom Penh,Tier_1,store,20900.0,0.0,0,0.0,0,18.8,0.0,0,0,2026-08-24 10:11:07.049534+00
13566951,20200.0,9.913487387114461,Lexus,RX330,2004,22,100000.0,1,2000.0,1,Petrol,Automatic,White,used,1,Luxury,Phnom Penh,Tier_1,store,20200.0,0.0,0,0.0,0,93.2,0.0,0,0,2026-08-27 12:14:30.530935+00
13758810,18880.0,9.845911404398532,Lexus,RX330,2004,22,100000.0,1,2000.0,1,Petrol,Automatic,Other,used,1,Luxury,Phnom Penh,Tier_1,individual,18880.0,0.0,0,0.0,0,37.1,0.0,0,0,2026-08-18 10:18:55.823501+00
13901652,12500.0,9.433563920090563,Lexus,RX330,2004,22,100000.0,1,2000.0,1,Petrol,Automatic,Black,used,1,Luxury,Phnom Penh,Tier_1,store,12500.0,0.0,0,0.0,0,0.0,0.0,0,0,2026-08-18 10:18:58.596107+00
13770436,16500.0,9.711176264112805,Lexus,RX330,2004,22,100000.0,1,2000.0,1,Petrol,Automatic,Grey,used,1,Luxury,Phnom Penh,Tier_1,individual,16500.0,0.0,0,0.0,0,43.2,0.0,0,0,2026-08-27 12:15:32.122206+00
13297207,20500.0,9.928228944424575,Lexus,RX330,2004,22,100000.0,1,2000.0,1,Petrol,Automatic,White,used,1,Luxury,Phnom Penh,Tier_1,individual,20500.0,0.0,0,0.0,0,162.4,0.0,0,1,2026-08-26 03:06:39.801602+00
13876458,17800.0,9.787009914477434,Lexus,RX330,2004,22,100000.0,1,2000.0,1,Petrol,Automatic,Grey,used,1,Luxury,Phnom Penh,Tier_1,store,17800.0,0.0,0,0.0,0,8.8,0.0,0,0,2026-08-21 02:53:23.581368+00
13923066,15700.0,9.661479683575521,Lexus,RX330,2005,21,100000.0,1,2000.0,1,Petrol,Automatic,Unknown,used,1,Luxury,Phnom Penh,Tier_1,store,15700.0,0.0,0,0.0,0,0.0,0.0,0,0,2026-08-24 10:11:20.285707+00
13906015,25500.0,10.146472946063877,Lexus,RX330,2006,20,100000.0,1,2000.0,1,Petrol,Automatic,White,used,1,Luxury,Phnom Penh,Tier_1,individual,25500.0,0.0,0,0.0,0,2.2,0.0,0,0,2026-08-22 02:44:52.99427+00
13832773,20300.0,9.918425424900335,Lexus,RX330,2004,22,100000.0,1,2000.0,1,Petrol,Automatic,White,used,1,Luxury,Phnom Penh,Tier_1,store,20300.0,0.0,0,0.0,0,25.6,0.0,0,0,2026-08-26 03:09:54.052194+00
13779898,18500.0,9.825580063659602,Lexus,RX330,2005,21,100000.0,1,2000.0,1,Petrol,Automatic,Blue,used,1,Luxury,Phnom Penh,Tier_1,store,18500.0,0.0,0,0.0,0,39.5,0.0,1,0,2026-08-26 03:08:57.588427+00
13809656,14900.0,9.60918360377546,Lexus,RX330,2004,22,100000.0,1,2000.0,1,Petrol,Automatic,Unknown,used,1,Luxury,Phnom Penh,Tier_1,store,14900.0,0.0,0,0.0,0,23.9,0.0,0,0,2026-08-18 10:18:57.645838+00
13820712,15800.0,9.6678285081515,Lexus,RX330,2004,22,100000.0,1,2000.0,1,Petrol,Automatic,Gold,used,1,Luxury,Phnom Penh,Tier_1,store,15800.0,0.0,0,0.0,0,30.0,0.0,0,0,2026-08-27 12:08:45.954989+00
13908369,21850.0,9.992001966066868,Lexus,RX330,2006,20,100000.0,1,2000.0,1,Petrol,Automatic,Unknown,used,1,Luxury,Phnom Penh,Tier_1,individual,21850.0,0.0,0,0.0,0,1.5,0.0,0,0,2026-08-22 02:44:54.348727+00
13723048,18700.0,9.83633227734872,Lexus,RX330,2006,20,100000.0,1,2000.0,1,Petrol,Automatic,Grey,used,1,Luxury,Phnom Penh,Tier_1,store,18700.0,0.0,0,0.0,0,55.2,0.0,0,0,2026-08-27 12:19:36.807781+00
13909686,21800.0,9.989711119284745,Lexus,RX330,2006,20,100000.0,1,2000.0,1,Petrol,Automatic,White,used,1,Luxury,Phnom Penh,Tier_1,store,21800.0,0.0,0,0.0,0,5.2,0.0,0,0,2026-08-26 02:56:28.93512+00
13897971,14900.0,9.60918360377546,Lexus,RX330,2004,22,100000.0,1,2000.0,1,Diesel,Automatic,Black,used,1,Luxury,Phnom Penh,Tier_1,store,14900.0,0.0,0,0.0,0,7.7,0.0,0,0,2026-08-25 10:26:33.9626+00
13622843,20000.0,9.90353755128617,Lexus,RX330,2005,21,100000.0,1,2000.0,1,Petrol,Automatic,Gold,used,1,Luxury,Phnom Penh,Tier_1,individual,20000.0,0.0,0,0.0,0,76.8,0.0,0,0,2026-08-24 10:11:16.254624+00
13861255,21800.0,9.989711119284745,Lexus,RX330,2005,21,100000.0,1,2000.0,1,Petrol,Automatic,Grey,used,1,Luxury,Phnom Penh,Tier_1,store,21800.0,0.0,0,0.0,0,18.2,0.0,1,0,2026-08-26 03:07:09.680887+00
13908312,15700.0,9.661479683575521,Lexus,RX330,2005,21,100000.0,1,2000.0,1,Petrol,Automatic,Unknown,used,1,Luxury,Phnom Penh,Tier_1,store,15700.0,0.0,0,0.0,0,0.0,0.0,0,0,2026-08-20 08:37:51.426216+00
13890804,19500.0,9.87822102528824,Lexus,RX330,2005,21,100000.0,1,2000.0,1,Petrol,Automatic,White,used,1,Luxury,Phnom Penh,Tier_1,store,19500.0,0.0,0,0.0,0,5.3,0.0,0,1,2026-08-21 02:53:12.548045+00
13927440,16500.0,9.711176264112805,Lexus,RX330,2005,21,100000.0,1,2000.0,1,Petrol,Automatic,Gold,used,1,Luxury,Phnom Penh,Tier_1,individual,16500.0,0.0,0,0.0,0,0.0,0.0,0,0,2026-08-25 10:17:36.507431+00
13926085,19500.0,9.87822102528824,Lexus,RX330,2005,21,100000.0,1,2000.0,1,Petrol,Automatic,Gold,used,1,Luxury,Phnom Penh,Tier_1,store,19500.0,0.0,0,0.0,0,0.6,0.0,0,0,2026-08-26 03:04:12.119338+00
13927923,17500.0,9.770013301136158,Lexus,RX330,2005,21,100000.0,1,2000.0,1,Petrol,Automatic,Other,used,1,Luxury,Phnom Penh,Tier_1,store,17500.0,0.0,0,0.0,0,0.4,0.0,0,0,2026-08-26 03:04:32.727696+00
13876473,18500.0,9.825580063659602,Lexus,RX330,2005,21,100000.0,1,2000.0,1,Petrol,Automatic,White,used,1,Luxury,Phnom Penh,Tier_1,store,18500.0,0.0,0,0.0,0,8.8,0.0,0,0,2026-08-21 02:53:24.912287+00
13877763,16500.0,9.711176264112805,Lexus,RX330,2004,22,100000.0,1,2000.0,1,Petrol,Automatic,Silver,used,1,Luxury,Phnom Penh,Tier_1,store,16500.0,0.0,0,0.0,0,10.6,0.0,0,0,2026-08-23 02:52:50.507084+00
13882891,13500.0,9.510519035757246,Lexus,RX330,2004,22,100000.0,1,2000.0,1,Petrol,Automatic,Silver,used,0,Luxury,Phnom Penh,Tier_1,individual,13500.0,0.0,0,0.0,0,6.7,0.0,0,0,2026-08-20 08:37:44.209975+00
13893443,16800.0,9.729193687429403,Lexus,RX330,2004,22,100000.0,1,2000.0,1,Petrol,Automatic,Blue,used,1,Luxury,Phnom Penh,Tier_1,store,16800.0,0.0,0,0.0,0,10.8,0.0,0,0,2026-08-27 12:12:10.050521+00
13922276,18450.0,9.822873848541882,Lexus,RX330,2004,22,100000.0,1,2000.0,1,Petrol,Automatic,Grey,used,1,Luxury,Phnom Penh,Tier_1,store,18450.0,0.0,0,0.0,0,1.6,0.0,0,1,2026-08-26 03:01:27.808251+00
13384220,21000.0,9.952325334619427,Lexus,RX330,2004,22,100000.0,1,2000.0,1,Petrol,Automatic,Grey,used,1,Luxury,Phnom Penh,Tier_1,store,21000.0,0.0,0,0.0,0,140.6,0.0,1,0,2026-08-26 02:59:40.322557+00
13838763,20800.0,9.942756341456828,Lexus,RX330,2004,22,100000.0,1,2000.0,1,Diesel,Automatic,White,used,1,Luxury,Phnom Penh,Tier_1,store,20800.0,0.0,0,0.0,0,25.0,0.0,0,0,2026-08-27 12:16:59.191592+00
13449290,22900.0,10.038935856711177,Lexus,RX330,2004,22,100000.0,1,2000.0,1,Petrol,Automatic,Grey,used,1,Luxury,Phnom Penh,Tier_1,store,22900.0,0.0,0,0.0,0,119.8,0.0,1,0,2026-08-25 10:26:37.987899+00
13618244,19000.0,9.852246888342531,Lexus,RX330,2004,22,100000.0,1,2000.0,1,Petrol,Automatic,White,used,1,Luxury,Phnom Penh,Tier_1,store,19000.0,0.0,0,0.0,0,77.9,0.0,0,0,2026-08-24 10:11:02.977543+00
13518561,16900.0,9.735128070758227,Lexus,RX330,2006,20,100000.0,1,2000.0,1,Petrol,Automatic,White,used,1,Luxury,Phnom Penh,Tier_1,store,16900.0,0.0,0,0.0,0,103.2,0.0,1,0,2026-08-26 02:59:27.544166+00
13684620,20500.0,9.928228944424575,Lexus,RX330,2004,22,100000.0,1,2000.0,1,Petrol,Automatic,Gold,used,1,Luxury,Phnom Penh,Tier_1,store,20500.0,0.0,0,0.0,0,63.5,0.0,0,0,2026-08-26 03:02:10.417841+00
13853535,16800.0,9.729193687429403,Lexus,RX330,2004,22,100000.0,1,2000.0,1,Petrol,Automatic,Silver,used,1,Luxury,Phnom Penh,Tier_1,store,16800.0,0.0,0,0.0,0,17.1,0.0,0,0,2026-08-23 02:52:50.507157+00
13924992,12300.0,9.417435838868785,Lexus,RX330,2004,22,100000.0,1,2000.0,1,Petrol,Automatic,White,used,1,Luxury,Phnom Penh,Tier_1,individual,12300.0,0.0,0,0.0,0,0.8,0.0,0,0,2026-08-26 03:08:32.329376+00
13833620,17900.0,9.792611856190192,Lexus,RX330,2004,22,100000.0,1,2000.0,1,Petrol,Automatic,White,used,1,Luxury,Phnom Penh,Tier_1,store,17900.0,0.0,0,0.0,0,26.9,0.0,0,0,2026-08-27 12:13:35.127299+00
13925872,19500.0,9.87822102528824,Lexus,RX330,2004,22,100000.0,1,2000.0,1,Petrol,Automatic,White,used,1,Luxury,Phnom Penh,Tier_1,store,19500.0,0.0,0,0.0,0,0.7,0.0,0,0,2026-08-26 03:06:38.551908+00
13921736,14900.0,9.60918360377546,Lexus,RX330,2004,22,100000.0,1,2000.0,1,Petrol,Automatic,Black,used,1,Luxury,Phnom Penh,Tier_1,store,14900.0,0.0,0,0.0,0,3.0,0.0,0,0,2026-08-27 12:08:00.250967+00
13893472,19500.0,9.87822102528824,Lexus,RX330,2005,21,100000.0,1,2000.0,1,Petrol,Automatic,Yellow,used,1,Luxury,Phnom Penh,Tier_1,store,19500.0,0.0,0,0.0,0,0.7,0.0,0,0,2026-08-17 08:51:03.584859+00
13929426,21950.0,9.99656797555214,Lexus,RX330,2005,21,100000.0,1,2000.0,1,Petrol,Automatic,White,used,1,Luxury,Phnom Penh,Tier_1,individual,21950.0,0.0,0,0.0,0,0.0,0.0,0,0,2026-08-26 03:06:46.864281+00
13725517,16900.0,9.735128070758227,Lexus,RX330,2005,21,100000.0,1,2000.0,1,Petrol,Automatic,Grey,used,1,Luxury,Phnom Penh,Tier_1,store,16900.0,0.0,0,0.0,0,53.4,0.0,1,0,2026-08-26 03:01:41.174061+00
13898603,16500.0,9.711176264112805,Lexus,RX330,2004,22,100000.0,1,2000.0,1,Petrol,Automatic,White,used,1,Luxury,Phnom Penh,Tier_1,individual,16500.0,0.0,0,0.0,0,1.1,0.0,0,1,2026-08-19 02:47:57.91306+00
13935529,18350.0,9.817439347910675,Lexus,RX330,2004,22,100000.0,1,2000.0,1,Petrol,Automatic,White,used,1,Luxury,Svay Rieng,Tier_3,individual,18350.0,0.0,0,0.0,0,0.0,0.0,0,0,2026-08-27 12:18:33.15937+00
13914053,16900.0,9.735128070758227,Lexus,RX330,2004,22,100000.0,1,2000.0,1,Petrol,Automatic,White,used,1,Luxury,Phnom Penh,Tier_1,store,16900.0,0.0,0,0.0,0,0.0,0.0,1,0,2026-08-22 02:44:46.730903+00
13867075,21800.0,9.989711119284745,Lexus,RX330,2004,22,100000.0,1,2000.0,1,Petrol,Automatic,White,used,1,Luxury,Phnom Penh,Tier_1,store,21800.0,0.0,0,0.0,0,17.9,0.0,0,0,2026-08-27 12:16:07.402809+00
13846342,19800.0,9.893487720457795,Lexus,RX330,2005,21,100000.0,1,2000.0,1,Petrol,Automatic,Gold,used,1,Luxury,Phnom Penh,Tier_1,individual,19800.0,0.0,0,0.0,0,14.7,0.0,0,0,2026-08-19 02:48:14.048612+00
13936451,17500.0,9.770013301136158,Lexus,RX330,2005,21,100000.0,1,2000.0,1,Petrol,Automatic,Gold,used,1,Luxury,Kampot,Tier_3,individual,17500.0,0.0,0,0.0,0,0.0,0.0,0,0,2026-08-27 12:08:55.109501+00
13922289,19100.0,9.857495968685136,Lexus,RX330,2005,21,100000.0,1,2000.0,1,Petrol,Automatic,White,used,1,Luxury,Phnom Penh,Tier_1,store,19100.0,0.0,0,0.0,0,1.6,0.0,0,1,2026-08-26 03:01:07.114597+00
13924063,19500.0,9.87822102528824,Lexus,RX330,2005,21,100000.0,1,2000.0,1,Petrol,Automatic,Gold,used,1,Luxury,Phnom Penh,Tier_1,store,19500.0,0.0,0,0.0,0,0.6,0.0,0,0,2026-08-25 10:16:49.495766+00
13871726,16800.0,9.729193687429403,Lexus,RX330,2005,21,100000.0,1,2000.0,1,Petrol,Automatic,Black,used,1,Luxury,Phnom Penh,Tier_1,store,16800.0,0.0,0,0.0,0,12.3,0.0,0,0,2026-08-23 02:52:50.507221+00
13905493,20500.0,9.928228944424575,Lexus,RX330,2005,21,100000.0,1,2000.0,1,Petrol,Automatic,White,used,1,Luxury,Phnom Penh,Tier_1,individual,20500.0,0.0,0,0.0,0,1.4,0.0,1,0,2026-08-21 02:53:12.548989+00
13874128,18500.0,9.825580063659602,Lexus,RX330,2005,21,100000.0,1,2000.0,1,Petrol,Automatic,White,used,1,Luxury,Kandal,Tier_2,individual,18500.0,0.0,0,0.0,0,16.0,0.0,0,0,2026-08-27 12:19:20.552488+00
13922346,19600.0,9.883335864325275,Lexus,RX330,2005,21,100000.0,1,2000.0,1,Petrol,Automatic,White,used,1,Luxury,Phnom Penh,Tier_1,store,19600.0,0.0,0,0.0,0,1.6,0.0,0,1,2026-08-26 03:01:07.85229+00
13361250,22800.0,10.034559673629849,Lexus,RX330,2006,20,100000.0,1,2000.0,1,Petrol,Automatic,Unknown,used,0,Luxury,Phnom Penh,Tier_1,individual,22800.0,0.0,0,0.0,0,144.8,0.0,0,0,2026-08-24 10:11:16.252622+00
13903541,23900.0,10.081675578048475,Lexus,RX330,2006,20,100000.0,1,2000.0,1,Petrol,Automatic,White,used,1,Luxury,Phnom Penh,Tier_1,store,23900.0,0.0,0,0.0,0,5.0,0.0,0,0,2026-08-24 10:11:07.049534+00
13914021,18700.0,9.83633227734872,Lexus,RX330,2005,21,100000.0,1,2000.0,1,Petrol,Automatic,White,used,1,Luxury,Phnom Penh,Tier_1,store,18700.0,0.0,0,0.0,0,0.0,0.0,0,0,2026-08-22 02:44:54.349205+00
13917657,19800.0,9.893487720457795,Lexus,RX330,2005,21,100000.0,1,2000.0,1,Petrol,Automatic,Grey,used,1,Luxury,Phnom Penh,Tier_1,store,19800.0,0.0,0,0.0,0,0.0,0.0,0,0,2026-08-23 02:52:50.506608+00
13810951,24300.0,10.098272780745283,Lexus,RX330,2005,21,100000.0,1,2000.0,1,Petrol,Automatic,White,used,1,Luxury,Phnom Penh,Tier_1,individual,24300.0,0.0,0,0.0,0,30.6,0.0,1,0,2026-08-25 10:15:51.867743+00
13890789,18900.0,9.846970109700957,Lexus,RX330,2005,21,100000.0,1,2000.0,1,Petrol,Automatic,White,used,1,Luxury,Phnom Penh,Tier_1,store,18900.0,0.0,0,0.0,0,10.3,0.0,0,1,2026-08-26 02:58:15.331462+00
13921139,18000.0,9.798182590890704,Lexus,RX330,2005,21,100000.0,1,2000.0,1,Petrol,Automatic,Gold,used,1,Luxury,Phnom Penh,Tier_1,individual,18000.0,0.0,0,0.0,0,3.1,0.0,1,0,2026-08-27 12:11:07.283382+00
13828647,19500.0,9.87822102528824,Lexus,RX330,2005,21,100000.0,1,2000.0,1,Petrol,Automatic,White,used,1,Luxury,Phnom Penh,Tier_1,store,19500.0,0.0,0,0.0,0,19.6,0.0,0,0,2026-08-19 02:48:22.30056+00
13928035,15800.0,9.6678285081515,Lexus,RX330,2004,22,100000.0,1,2000.0,1,Petrol,Automatic,Gold,used,1,Luxury,Phnom Penh,Tier_1,individual,15800.0,0.0,0,0.0,0,1.8,0.0,0,0,2026-08-27 12:13:07.325996+00
13833285,66500.0,11.104972264124868,Lexus,RX450h,2017,9,100000.0,1,2000.0,1,Hybrid,Automatic,White,used,0,Luxury,Phnom Penh,Tier_1,store,66500.0,0.0,0,0.0,0,24.8,0.0,0,0,2026-08-25 10:21:28.387537+00
13837028,67500.0,11.119897691565697,Lexus,RX450h,2017,9,100000.0,1,2000.0,1,Hybrid,Automatic,White,used,0,Luxury,Kandal,Tier_2,store,67500.0,0.0,0,0.0,0,24.4,0.0,1,0,2026-08-26 03:08:54.33954+00
13917567,25900.0,10.16203685698089,Lexus,RX450h,2010,16,100000.0,1,2000.0,1,Petrol,Automatic,White,used,1,Luxury,Phnom Penh,Tier_1,store,25900.0,0.0,0,0.0,0,0.0,0.0,1,0,2026-08-23 02:53:12.301971+00
13868459,29000.0,10.275085591132715,Lexus,RX450h,2010,16,100000.0,1,2000.0,1,Hybrid,Automatic,White,used,1,Luxury,Phnom Penh,Tier_1,store,29000.0,0.0,0,0.0,0,15.1,0.0,0,0,2026-08-25 10:26:51.588432+00
13878163,23000.0,10.043292972227004,Lexus,RX450h,2010,16,100000.0,1,2000.0,1,Hybrid,Automatic,White,used,1,Luxury,Phnom Penh,Tier_1,individual,23000.0,0.0,0,0.0,0,15.0,0.0,0,0,2026-08-27 12:19:18.858633+00
13645880,27500.0,10.221977646629885,Lexus,RX450h,2010,16,100000.0,1,2000.0,1,Hybrid,Automatic,White,used,1,Luxury,Phnom Penh,Tier_1,store,27500.0,0.0,0,0.0,0,72.8,0.0,1,0,2026-08-26 03:06:41.047082+00
13825276,32800.0,10.39821428171237,Lexus,RX450h,2010,16,100000.0,1,2000.0,1,Hybrid,Automatic,White,used,0,Luxury,Phnom Penh,Tier_1,store,32800.0,0.0,0,0.0,0,26.8,0.0,0,0,2026-08-25 10:28:13.992231+00
13898453,23800.0,10.077482875583607,Lexus,RX450h,2010,16,100000.0,1,2000.0,1,Hybrid,Automatic,White,used,1,Luxury,Stung Treng,Tier_3,individual,23800.0,0.0,0,0.0,0,7.5,0.0,1,0,2026-08-25 10:24:14.684375+00
13837480,32800.0,10.39821428171237,Lexus,RX450h,2010,16,100000.0,1,2000.0,1,Hybrid,Automatic,White,used,0,Luxury,Phnom Penh,Tier_1,store,32800.0,0.0,0,0.0,0,25.6,0.0,0,0,2026-08-27 12:13:36.91563+00
13767766,25500.0,10.146472946063877,Lexus,RX450h,2010,16,100000.0,1,2000.0,1,Hybrid,Automatic,White,used,1,Luxury,Phnom Penh,Tier_1,individual,25500.0,0.0,0,0.0,0,42.0,0.0,0,0,2026-08-25 10:24:54.238273+00
13700330,24500.0,10.106469212026385,Lexus,RX450h,2010,16,100000.0,1,2000.0,1,Hybrid,Automatic,White,used,1,Luxury,Phnom Penh,Tier_1,store,24500.0,0.0,0,0.0,0,59.7,0.0,0,0,2026-08-26 03:03:10.381118+00
13913393,27000.0,10.203629181337648,Lexus,RX450h,2010,16,100000.0,1,2000.0,1,Hybrid,Automatic,Unknown,used,1,Luxury,Phnom Penh,Tier_1,individual,27000.0,0.0,0,0.0,0,3.5,0.0,0,0,2026-08-25 10:16:45.492706+00
13894130,28500.0,10.25769445336048,Lexus,RX450h,2010,16,100000.0,1,2000.0,1,Electric,Automatic,White,used,0,Luxury,Phnom Penh,Tier_1,individual,28500.0,0.0,0,0.0,0,7.6,0.0,0,0,2026-08-24 10:11:11.099759+00
13640117,19999.0,9.903487552536127,Lexus,RX450h,2010,16,100000.0,1,2000.0,1,Hybrid,Automatic,White,used,1,Luxury,Phnom Penh,Tier_1,individual,19999.0,0.0,0,0.0,0,73.8,0.0,0,0,2026-08-25 10:23:29.710476+00
13815464,27000.0,10.203629181337648,Lexus,RX450h,2010,16,100000.0,1,2000.0,1,Hybrid,Automatic,Unknown,used,1,Luxury,Phnom Penh,Tier_1,individual,27000.0,0.0,0,0.0,0,29.7,0.0,0,0,2026-08-26 03:02:49.95258+00
13637725,65600.0,11.091346218718432,Lexus,RX450h,2017,9,100000.0,1,2000.0,1,Hybrid,Automatic,Silver,used,0,Luxury,Phnom Penh,Tier_1,store,65600.0,0.0,0,0.0,0,74.8,0.0,0,0,2026-08-26 03:09:07.543304+00
13804714,67800.0,11.124332223082254,Lexus,RX450h,2017,9,100000.0,1,2000.0,1,Hybrid,Automatic,White,used,0,Luxury,Kandal,Tier_2,individual,67800.0,0.0,0,0.0,0,27.7,0.0,1,0,2026-08-21 02:53:11.224316+00
13483001,36500.0,10.505094936455558,Lexus,RX450h,2013,13,100000.0,1,2000.0,1,Hybrid,Automatic,White,used,0,Luxury,Phnom Penh,Tier_1,store,36500.0,0.0,0,0.0,0,113.0,0.0,0,0,2026-08-27 12:07:21.148498+00
13840645,35800.0,10.485731104959568,Lexus,RX450h,2013,13,100000.0,1,2000.0,1,Hybrid,Automatic,White,used,0,Luxury,Phnom Penh,Tier_1,store,35800.0,0.0,0,0.0,0,23.3,0.0,1,0,2026-08-26 03:00:48.268634+00
13724322,36800.0,10.513280297700861,Lexus,RX450h,2013,13,100000.0,1,2000.0,1,Hybrid,Automatic,White,used,0,Luxury,Phnom Penh,Tier_1,store,36800.0,0.0,0,0.0,0,45.9,0.0,0,0,2026-08-18 10:18:52.997731+00
13572307,39800.0,10.591647316585027,Lexus,RX450h,2014,12,100000.0,1,2000.0,1,Hybrid,Automatic,White,used,0,Luxury,Phnom Penh,Tier_1,store,39800.0,0.0,0,0.0,0,92.1,0.0,0,0,2026-08-27 12:12:48.041821+00
13623532,46000.0,10.736418414365376,Lexus,RX450h,2012,14,100000.0,1,2000.0,1,Hybrid,Automatic,Gold,used,1,Luxury,Phnom Penh,Tier_1,individual,46000.0,0.0,0,0.0,0,75.3,0.0,0,0,2026-08-23 02:52:51.993137+00
13878972,64500.0,11.07443600653965,Lexus,RX450h,2017,9,100000.0,1,2000.0,1,Hybrid,Automatic,Black,used,0,Luxury,Phnom Penh,Tier_1,store,64500.0,0.0,0,0.0,0,12.8,0.0,0,0,2026-08-25 10:14:59.689346+00
13879191,56500.0,10.942013616092948,Lexus,RX450h,2017,9,100000.0,1,2000.0,1,Hybrid,Automatic,Unknown,used,1,Luxury,Phnom Penh,Tier_1,individual,56500.0,0.0,0,0.0,0,6.4,0.0,1,0,2026-08-19 02:48:12.66697+00
13927710,65500.0,11.089820688682373,Lexus,RX450h,2018,8,100000.0,1,2000.0,1,Petrol,Automatic,White,used,0,Luxury,Phnom Penh,Tier_1,individual,65500.0,0.0,0,0.0,0,0.0,0.0,1,0,2026-08-25 10:15:49.992797+00
13735853,35500.0,10.477316144080852,Lexus,RX450h,2012,14,100000.0,1,2000.0,1,Petrol,Automatic,White,used,0,Luxury,Phnom Penh,Tier_1,store,35500.0,0.0,0,0.0,0,49.8,0.0,0,0,2026-08-25 10:26:42.881905+00
13676818,32000.0,10.373522431293592,Lexus,RX450h,2012,14,100000.0,1,2000.0,1,Hybrid,Automatic,White,used,0,Luxury,Phnom Penh,Tier_1,store,32000.0,0.0,0,0.0,0,60.2,0.0,0,0,2026-08-21 02:53:09.878317+00
13929629,29700.0,10.298935994257638,Lexus,RX450h,2012,14,100000.0,1,2000.0,1,Hybrid,Automatic,Gold,used,0,Luxury,Phnom Penh,Tier_1,store,29700.0,0.0,0,0.0,0,0.0,0.0,0,0,2026-08-26 02:57:54.408569+00
13833361,69800.0,11.153403615295403,Lexus,RX450h,2019,7,100000.0,1,2000.0,1,Hybrid,Automatic,White,used,0,Luxury,Phnom Penh,Tier_1,store,69800.0,0.0,0,0.0,0,24.8,0.0,0,0,2026-08-25 10:20:34.258408+00
13917637,68000.0,11.127277689932466,Lexus,RX450h,2018,8,100000.0,1,2000.0,1,Hybrid,Automatic,White,used,0,Luxury,Phnom Penh,Tier_1,store,68000.0,0.0,0,0.0,0,0.0,0.0,1,0,2026-08-23 02:52:51.98939+00
13552128,28800.0,10.268165387743457,Lexus,RX450h,2010,16,100000.0,1,2000.0,1,Petrol,Automatic,White,used,1,Luxury,Phnom Penh,Tier_1,store,28800.0,0.0,0,0.0,0,95.6,0.0,0,0,2026-08-26 03:06:10.544319+00
13427907,13800.0,9.53249633228804,Land Rover,Rang rover Evoque,2013,13,100000.0,1,2000.0,1,Petrol,Automatic,White,used,1,Luxury,Phnom Penh,Tier_1,store,13800.0,0.0,0,0.0,0,125.5,0.0,0,0,2026-08-26 03:04:46.475196+00
13907594,38000.0,10.545367754151743,Mercedes-Benz,S500L,2018,8,100000.0,1,2000.0,1,Petrol,Automatic,Unknown,used,1,Luxury,Phnom Penh,Tier_1,store,38000.0,0.0,0,0.0,0,0.6,0.0,1,0,2026-08-21 02:53:06.054537+00
13923356,18800.0,9.841665338892785,FORTHING,T5 EVO,2022,4,100000.0,1,2000.0,1,Petrol,Automatic,Black,used,1,Other,Phnom Penh,Tier_1,individual,18800.0,0.0,0,0.0,0,0.0,0.0,0,0,2026-08-24 10:11:12.103765+00
13382392,5888.0,8.68084148294457,Nissan,Teana,2005,21,100000.0,1,2000.0,1,Petrol,Automatic,Black,used,1,Mass_Market,Phnom Penh,Tier_1,store,5888.0,0.0,0,0.0,0,137.1,0.0,0,0,2026-08-22 02:44:36.188626+00
13759969,14800.0,9.60245002503719,BAIC,X3,2024,2,100000.0,1,2000.0,1,Petrol,Automatic,White,used,1,Chinese_EV,Phnom Penh,Tier_1,store,14800.0,0.0,0,0.0,0,46.0,0.0,0,1,2026-08-27 12:08:36.456321+00
13916860,14000.0,9.546884034617925,BAIC,X3,2023,3,100000.0,1,2000.0,1,Petrol,Automatic,White,used,1,Chinese_EV,Phnom Penh,Tier_1,individual,14000.0,0.0,0,0.0,0,2.5,0.0,0,0,2026-08-25 10:13:51.605856+00
13756272,15800.0,9.6678285081515,BAIC,X3,2025,1,100000.0,1,2000.0,1,Petrol,Automatic,White,used,1,Chinese_EV,Phnom Penh,Tier_1,store,15800.0,0.0,0,0.0,0,47.0,0.0,0,0,2026-08-27 12:06:49.981004+00
13861052,8700.0,9.071193240566025,Toyota,Yaris,2012,14,100000.0,1,2000.0,1,Petrol,Automatic,Silver,used,1,Mass_Market,Phnom Penh,Tier_1,individual,8700.0,0.0,0,0.0,0,19.7,0.0,0,0,2026-08-27 12:06:15.485075+00
13542515,28500.0,10.25769445336048,Mazda,pick up 2AZ,2020,6,100000.0,1,2000.0,1,Diesel,Automatic,White,used,1,Mass_Market,Phnom Penh,Tier_1,store,28500.0,0.0,0,0.0,0,97.7,0.0,0,0,2026-08-26 03:00:46.089342+00
13843834,21500.0,9.975854724662028,ផ្សេងៗ,07 ឡានថ្មីខ្លាញ់គោ,2025,1,100000.0,1,2000.0,1,Petrol,Automatic,White,new,0,Other,Battambang,Tier_2,store,21500.0,0.0,0,0.0,0,23.9,0.0,0,0,2026-08-27 12:16:42.792893+00
13330592,7999.0,8.987196820661973,Lexus,99 ម្ចាស់ដេីម​ ឡានថ្មី,1999,27,100000.0,1,2000.0,1,Petrol,Automatic,Unknown,used,1,Luxury,Phnom Penh,Tier_1,store,7999.0,0.0,0,0.0,0,145.7,0.0,0,0,2026-08-17 08:50:57.878267+00
13438674,20999.0,9.95227771670556,Toyota,ALPHARD,2011,15,100000.0,1,2000.0,1,Petrol,Automatic,Unknown,used,1,Mass_Market,Phnom Penh,Tier_1,store,20999.0,0.0,0,0.0,0,124.5,0.0,0,0,2026-08-27 12:18:27.513633+00
13236085,115000.0,11.652696102959753,Mercedes-Benz,AMG GT,2016,10,100000.0,1,2000.0,1,Petrol,Automatic,Yellow,used,0,Luxury,Phnom Penh,Tier_1,store,115000.0,0.0,0,0.0,0,173.6,0.0,1,0,2026-08-22 02:44:38.712757+00
13479322,108000.0,11.58989576532275,Mercedes-Benz,AMG GT,2016,10,100000.0,1,2000.0,1,Petrol,Automatic,White,used,1,Luxury,Phnom Penh,Tier_1,store,108000.0,0.0,0,0.0,0,111.9,0.0,0,0,2026-08-25 10:28:24.596385+00
13936495,78500.0,11.270866642542865,Mercedes-Benz,AMG GT,2015,11,100000.0,1,2000.0,1,Petrol,Automatic,Blue,used,1,Luxury,Phnom Penh,Tier_1,store,78500.0,0.0,0,0.0,0,0.0,0.0,0,0,2026-08-27 12:08:09.616107+00
13819681,53800.0,10.893047333337728,AVATR,AVATR 12,2026,0,100000.0,1,2000.0,1,Electric,Automatic,Black,new,0,Chinese_EV,Phnom Penh,Tier_1,store,53800.0,0.0,0,0.0,0,28.7,0.0,0,0,2026-08-26 02:59:46.042908+00
13694194,69500.0,11.149096419938578,AVATR,AVATR 12,2026,0,100000.0,1,2000.0,1,Electric,Automatic,Black,new,0,Chinese_EV,Phnom Penh,Tier_1,store,69500.0,0.0,0,0.0,0,61.4,0.0,0,0,2026-08-26 03:10:12.90864+00
13901576,53000.0,10.87806606028079,AVATR,AVATR 12,2025,1,100000.0,1,2000.0,1,Electric,Automatic,Black,used,0,Chinese_EV,Phnom Penh,Tier_1,store,53000.0,0.0,0,0.0,0,0.0,0.0,0,0,2026-08-18 10:19:00.458133+00
13927738,55800.0,10.929547069355774,AVATR,AVATR 12,2025,1,100000.0,1,2000.0,1,Electric,Automatic,Black,used,0,Chinese_EV,Phnom Penh,Tier_1,store,55800.0,0.0,0,0.0,0,0.0,0.0,0,0,2026-08-25 10:15:37.580417+00
13584900,62800.0,11.047726275896391,AVATR,AVATR 12,2026,0,100000.0,1,2000.0,1,Electric,Automatic,Black,new,0,Chinese_EV,Phnom Penh,Tier_1,store,62800.0,0.0,0,0.0,0,89.1,0.0,0,0,2026-08-27 12:12:39.656318+00
13838700,49500.0,10.809748150372926,AVATR,AVATR 12,2025,1,100000.0,1,2000.0,1,Electric,Automatic,Black,used,0,Chinese_EV,Phnom Penh,Tier_1,store,49500.0,0.0,0,0.0,0,18.7,0.0,0,0,2026-08-21 02:53:27.389628+00
13577976,53800.0,10.893047333337728,AVATR,AVATR 12,2025,1,100000.0,1,2000.0,1,Electric,Automatic,Black,new,0,Chinese_EV,Phnom Penh,Tier_1,store,53800.0,0.0,0,0.0,0,90.9,0.0,0,0,2026-08-27 12:07:28.484142+00
13924035,48000.0,10.778977123006351,AVATR,AVATR 12,2025,1,100000.0,1,2000.0,1,Electric,Automatic,Black,new,0,Chinese_EV,Phnom Penh,Tier_1,store,48000.0,0.0,0,0.0,0,2.7,0.0,0,0,2026-08-27 12:20:40.891821+00
13732284,49600.0,10.811766273800105,AVATR,AVATR 12,2025,1,100000.0,1,2000.0,1,Electric,Automatic,Black,used,0,Chinese_EV,Phnom Penh,Tier_1,store,49600.0,0.0,0,0.0,0,52.9,0.0,0,0,2026-08-27 12:15:08.116819+00
13736031,49600.0,10.811766273800105,AVATR,AVATR 12,2025,1,100000.0,1,2000.0,1,Electric,Automatic,Black,used,1,Chinese_EV,Phnom Penh,Tier_1,store,49600.0,0.0,0,0.0,0,50.5,0.0,0,0,2026-08-26 02:59:23.604575+00
13773212,49800.0,10.815790343132422,AVATR,AVATR 12,2025,1,100000.0,1,2000.0,1,Electric,Automatic,Black,used,0,Chinese_EV,Phnom Penh,Tier_1,store,49800.0,0.0,0,0.0,0,42.8,0.0,0,0,2026-08-27 12:10:43.673954+00
13855845,53800.0,10.893047333337728,AVATR,AVATR 12,2025,1,100000.0,1,2000.0,1,Electric,Automatic,Black,used,0,Chinese_EV,Phnom Penh,Tier_1,store,53800.0,0.0,0,0.0,0,19.5,0.0,0,0,2026-08-26 02:58:03.466581+00
13897538,49000.0,10.799595985047786,AVATR,AVATR 12,2025,1,100000.0,1,2000.0,1,Electric,Automatic,Black,used,0,Chinese_EV,Phnom Penh,Tier_1,store,49000.0,0.0,0,0.0,0,3.4,0.0,0,0,2026-08-21 02:53:27.390037+00
13408829,49900.0,10.817796321618971,AVATR,AVATR 12,2025,1,100000.0,1,2000.0,1,Electric,Automatic,Black,new,0,Chinese_EV,Phnom Penh,Tier_1,store,49900.0,0.0,0,0.0,0,129.7,0.0,0,0,2026-08-25 10:19:50.634278+00
13887132,49000.0,10.799595985047786,AVATR,AVATR 12,2025,1,100000.0,1,2000.0,1,Electric,Automatic,Black,used,0,Chinese_EV,Phnom Penh,Tier_1,store,49000.0,0.0,0,0.0,0,6.4,0.0,0,0,2026-08-21 02:53:26.243505+00
13578718,53800.0,10.893047333337728,AVATR,AVATR 12,2025,1,100000.0,1,2000.0,1,Electric,Automatic,Black,new,0,Chinese_EV,Phnom Penh,Tier_1,store,53800.0,0.0,0,0.0,0,90.8,0.0,0,0,2026-08-27 12:13:28.543458+00
13873568,15900.0,9.674137279312397,BYD,Atto 3,2023,3,100000.0,1,2000.0,1,Electric,Automatic,White,used,1,Chinese_EV,Phnom Penh,Tier_1,individual,15900.0,0.0,0,0.0,0,9.7,0.0,0,1,2026-08-21 02:53:15.001116+00
13901756,7900.0,8.974744612722734,Toyota,Brius តម្លៃសមម្យម ម្ចាស់ដើមថ្មីខ្លាំង,2004,22,100000.0,1,2000.0,1,Petrol,Automatic,Unknown,used,0,Mass_Market,Kampong Thom,Tier_3,individual,7900.0,0.0,0,0.0,0,0.0,0.0,0,0,2026-08-18 10:18:55.823501+00
13727249,65000.0,11.082157933374816,Buick,Century,2025,1,100000.0,1,2000.0,1,Petrol,Automatic,Blue,used,1,Other,Phnom Penh,Tier_1,store,65000.0,0.0,0,0.0,0,52.0,0.0,0,0,2026-08-25 10:16:35.921029+00
13936459,2500.0,7.824445930877619,Toyota,Coaster,2024,2,100000.0,1,2000.0,1,Petrol,Automatic,Blue,used,1,Mass_Market,Phnom Penh,Tier_1,individual,2500.0,0.0,0,0.0,0,0.0,0.0,0,0,2026-08-27 12:08:49.180844+00
13890246,54800.0,10.911463720944793,Ford,Everest Titanium,2023,3,100000.0,1,2000.0,1,Petrol,Automatic,Unknown,used,1,Mass_Market,Phnom Penh,Tier_1,store,54800.0,0.0,0,0.0,0,4.7,0.0,0,0,2026-08-20 08:37:41.026641+00
13246264,49500.0,10.809748150372926,Bentley,Flying Spur,2015,11,100000.0,1,2000.0,1,Petrol,Automatic,Brown,used,1,Luxury,Phnom Penh,Tier_1,individual,49500.0,0.0,0,0.0,0,166.5,0.0,0,0,2026-08-17 08:51:01.679785+00
13838862,49500.0,10.809748150372926,Bentley,Flying Spur,2015,11,100000.0,1,2000.0,1,Petrol,Automatic,Black,used,1,Luxury,Phnom Penh,Tier_1,store,49500.0,0.0,0,0.0,0,23.6,0.0,0,0,2026-08-26 02:56:48.724548+00
13891099,10500.0,9.259225769705994,Nissan,Frontier ឆ្នាំ 07,2007,19,100000.0,1,2000.0,1,Petrol,Automatic,Unknown,used,1,Mass_Market,Phnom Penh,Tier_1,store,10500.0,0.0,0,0.0,0,1.4,0.0,0,0,2026-08-17 08:51:08.284043+00
13929664,210000.0,12.25486757159303,Mercedes-Benz,G63 AMG,2020,6,100000.0,1,2000.0,1,Petrol,Automatic,Blue,used,1,Luxury,Phnom Penh,Tier_1,store,210000.0,0.0,0,0.0,0,0.0,0.0,0,0,2026-08-26 02:57:09.976348+00
13923376,210000.0,12.25486757159303,Mercedes-Benz,G63 AMG,2020,6,100000.0,1,2000.0,1,Petrol,Automatic,Unknown,used,1,Luxury,Phnom Penh,Tier_1,store,210000.0,0.0,0,0.0,0,0.0,0.0,0,0,2026-08-24 10:11:12.103095+00
13927106,210000.0,12.25486757159303,Mercedes-Benz,G63 AMG,2020,6,100000.0,1,2000.0,1,Petrol,Automatic,Blue,used,1,Luxury,Phnom Penh,Tier_1,store,210000.0,0.0,0,0.0,0,0.0,0.0,0,0,2026-08-25 10:21:08.294385+00
13692499,31800.0,10.367253014814716,Mercedes-Benz,GLC-Class,2016,10,100000.0,1,2000.0,1,Petrol,Automatic,White,used,1,Luxury,Phnom Penh,Tier_1,store,31800.0,0.0,0,0.0,0,61.7,0.0,0,0,2026-08-26 03:07:58.360911+00
13815600,28500.0,10.25769445336048,Mercedes-Benz,GLC-Class,2016,10,100000.0,1,2000.0,1,Petrol,Automatic,White,used,1,Luxury,Phnom Penh,Tier_1,individual,28500.0,0.0,0,0.0,0,29.7,0.0,0,0,2026-08-26 02:58:08.091925+00
13883673,28500.0,10.25769445336048,Mercedes-Benz,GLC-Class,2016,10,100000.0,1,2000.0,1,Petrol,Automatic,White,used,1,Luxury,Phnom Penh,Tier_1,store,28500.0,0.0,0,0.0,0,12.2,0.0,0,0,2026-08-26 03:06:05.713851+00
13692555,31800.0,10.367253014814716,Mercedes-Benz,GLC-Class,2016,10,100000.0,1,2000.0,1,Petrol,Automatic,Grey,used,1,Luxury,Phnom Penh,Tier_1,store,31800.0,0.0,0,0.0,0,61.7,0.0,0,0,2026-08-26 03:08:02.637596+00
13634273,36900.0,10.515993929932415,Mercedes-Benz,GLC-Class,2016,10,100000.0,1,2000.0,1,Petrol,Automatic,White,used,1,Luxury,Phnom Penh,Tier_1,store,36900.0,0.0,0,0.0,0,75.7,0.0,1,0,2026-08-26 02:59:05.856222+00
13323169,29000.0,10.275085591132715,Mercedes-Benz,GLC-Class,2016,10,100000.0,1,2000.0,1,Petrol,Automatic,White,used,1,Luxury,Phnom Penh,Tier_1,store,29000.0,0.0,0,0.0,0,157.7,0.0,0,0,2026-08-27 12:14:27.708516+00
13899438,37900.0,10.542732775946709,JMC,Grand Avenue,2025,1,100000.0,1,2000.0,1,Diesel,Automatic,Black,new,0,Other,Phnom Penh,Tier_1,individual,37900.0,0.0,0,0.0,0,6.0,0.0,0,0,2026-08-24 10:11:12.107418+00
13444043,45900.0,10.734242182303689,JMC,Grand Avenue,2026,0,100000.0,1,2000.0,1,Diesel,Automatic,White,new,0,Other,Phnom Penh,Tier_1,store,45900.0,0.0,0,0.0,0,113.9,0.0,0,0,2026-08-18 10:18:55.820733+00
13444039,45900.0,10.734242182303689,JMC,Grand Avenue,2026,0,100000.0,1,2000.0,1,Diesel,Automatic,Blue,new,0,Other,Phnom Penh,Tier_1,store,45900.0,0.0,0,0.0,0,113.9,0.0,0,0,2026-08-18 10:18:55.820733+00
13444040,45900.0,10.734242182303689,JMC,Grand Avenue,2026,0,100000.0,1,2000.0,1,Diesel,Automatic,Green,new,0,Other,Phnom Penh,Tier_1,store,45900.0,0.0,0,0.0,0,113.9,0.0,0,0,2026-08-18 10:18:55.819594+00
13243267,45900.0,10.734242182303689,JMC,Grand Avenue,2026,0,100000.0,1,2000.0,1,Diesel,Automatic,Red,new,0,Other,Phnom Penh,Tier_1,store,45900.0,0.0,0,0.0,0,168.0,0.0,0,0,2026-08-18 10:18:55.820733+00
13420841,33900.0,10.431199791458543,JMC,Grand Avenue,2026,0,100000.0,1,2000.0,1,Petrol,Automatic,Black,new,0,Other,Phnom Penh,Tier_1,store,33900.0,0.0,0,0.0,0,119.1,0.0,0,0,2026-08-18 10:18:55.819594+00
13874218,17500.0,9.770013301136158,Hyundai,H1 2018✨,2018,8,100000.0,1,2000.0,1,Petrol,Automatic,Unknown,used,1,Mass_Market,Phnom Penh,Tier_1,store,17500.0,0.0,0,0.0,0,13.9,0.0,0,0,2026-08-25 10:24:38.638706+00
13840561,21500.0,9.975854724662028,Lexus,HS250h,2010,16,100000.0,1,2000.0,1,Petrol,Automatic,White,used,0,Luxury,Phnom Penh,Tier_1,store,21500.0,0.0,0,0.0,0,17.5,0.0,0,0,2026-08-20 08:37:32.536786+00
13861091,15500.0,9.648659816955295,Lexus,HS250h,2010,16,100000.0,1,2000.0,1,Hybrid,Automatic,Gold,used,1,Luxury,Phnom Penh,Tier_1,store,16800.0,1300.0,1,0.0,0,18.3,0.0,0,0,2026-08-26 03:06:33.237249+00
13828531,17000.0,9.741027444837728,Lexus,HS250h,2010,16,100000.0,1,2000.0,1,Petrol,Automatic,Unknown,used,1,Luxury,Phnom Penh,Tier_1,store,17000.0,0.0,0,0.0,0,19.6,0.0,0,0,2026-08-19 02:48:22.301277+00
13840474,38500.0,10.55843949396453,Toyota,Hilux Revo Rally,2021,5,100000.0,1,2000.0,1,Petrol,Automatic,Unknown,used,1,Mass_Market,Siem Reap,Tier_2,store,38500.0,0.0,0,0.0,0,14.6,0.0,0,0,2026-08-17 08:51:06.452167+00
13858029,39000.0,10.571342565808699,Toyota,Hilux Revo Rally,2021,5,100000.0,1,2000.0,1,Petrol,Automatic,Unknown,used,1,Mass_Market,Phnom Penh,Tier_1,individual,39000.0,0.0,0,0.0,0,11.8,0.0,1,0,2026-08-19 02:48:01.898202+00
13924497,51700.0,10.853232402669228,Toyota,Hilux Travo,2027,0,100000.0,1,2000.0,1,Diesel,Automatic,White,new,0,Mass_Market,Phnom Penh,Tier_1,store,51700.0,0.0,0,0.0,0,0.5,0.0,0,0,2026-08-25 10:12:35.765814+00
13901038,51700.0,10.853232402669228,Toyota,Hilux Travo,2027,0,100000.0,1,2000.0,1,Diesel,Automatic,White,new,0,Mass_Market,Phnom Penh,Tier_1,store,51700.0,0.0,0,0.0,0,8.9,0.0,0,0,2026-08-27 12:11:55.619373+00
13856491,4499.0,8.411832675758411,Honda,Jazz,2016,10,100000.0,1,2000.0,1,Petrol,Automatic,White,used,1,Mass_Market,Phnom Penh,Tier_1,individual,4499.0,0.0,0,0.0,0,11.7,0.0,0,0,2026-08-18 10:19:00.458133+00
13385124,33500.0,10.419330568113901,GTV,KAIN,2026,0,100000.0,1,2000.0,1,Hybrid,Automatic,Black,new,0,Chinese_EV,Phnom Penh,Tier_1,store,33500.0,0.0,0,0.0,0,141.9,0.0,0,0,2026-08-27 12:14:07.373688+00
13862421,24500.0,10.106469212026385,GTV,KAIN,2026,0,100000.0,1,2000.0,1,Petrol,Automatic,White,new,0,Chinese_EV,Phnom Penh,Tier_1,store,24500.0,0.0,0,0.0,0,19.1,0.0,0,0,2026-08-27 12:18:19.294191+00
13862479,24500.0,10.106469212026385,GTV,KAIN,2026,0,100000.0,1,2000.0,1,Petrol,Automatic,White,new,0,Chinese_EV,Phnom Penh,Tier_1,store,24500.0,0.0,0,0.0,0,19.1,0.0,0,0,2026-08-27 12:18:14.670762+00
13270206,33500.0,10.419330568113901,GTV,KAIN,2026,0,100000.0,1,2000.0,1,Hybrid,Automatic,Black,new,0,Chinese_EV,Phnom Penh,Tier_1,store,33500.0,0.0,0,0.0,0,170.2,0.0,0,0,2026-08-27 12:14:06.81813+00
13265236,33500.0,10.419330568113901,GTV,KAIN,2026,0,100000.0,1,2000.0,1,Hybrid,Automatic,Black,new,0,Chinese_EV,Phnom Penh,Tier_1,store,33500.0,0.0,0,0.0,0,171.7,0.0,0,0,2026-08-27 12:18:14.092378+00
13876866,24500.0,10.106469212026385,GTV,KAIN,2026,0,100000.0,1,2000.0,1,Petrol,Automatic,Grey,new,0,Chinese_EV,Phnom Penh,Tier_1,store,24500.0,0.0,0,0.0,0,15.1,0.0,0,0,2026-08-27 12:07:20.029933+00
13862463,24500.0,10.106469212026385,GTV,KAIN,2026,0,100000.0,1,2000.0,1,Petrol,Automatic,White,new,0,Chinese_EV,Phnom Penh,Tier_1,store,24500.0,0.0,0,0.0,0,19.1,0.0,0,0,2026-08-27 12:18:15.79863+00
13265243,33500.0,10.419330568113901,GTV,KAIN,2026,0,100000.0,1,2000.0,1,Hybrid,Automatic,White,new,0,Chinese_EV,Phnom Penh,Tier_1,store,33500.0,0.0,0,0.0,0,171.7,0.0,0,0,2026-08-27 12:10:47.460097+00
13862449,24500.0,10.106469212026385,GTV,KAIN,2026,0,100000.0,1,2000.0,1,Petrol,Automatic,White,new,0,Chinese_EV,Phnom Penh,Tier_1,store,24500.0,0.0,0,0.0,0,19.1,0.0,0,0,2026-08-27 12:18:16.895132+00
13862434,24500.0,10.106469212026385,GTV,KAIN,2026,0,100000.0,1,2000.0,1,Petrol,Automatic,White,new,0,Chinese_EV,Phnom Penh,Tier_1,store,24500.0,0.0,0,0.0,0,19.1,0.0,0,0,2026-08-27 12:18:17.492729+00
13393135,75000.0,11.225256725762893,Lexus,LX450d,2016,10,100000.0,1,2000.0,1,Diesel,Automatic,White,used,1,Luxury,Phnom Penh,Tier_1,store,75000.0,0.0,0,0.0,0,138.5,0.0,0,0,2026-08-26 03:06:44.441123+00
13814035,57000.0,10.950824090522445,Lexus,LX450d,2017,9,100000.0,1,2000.0,1,Petrol,Automatic,Black,used,1,Luxury,Phnom Penh,Tier_1,individual,57000.0,0.0,0,0.0,0,24.4,0.0,0,1,2026-08-20 08:37:44.211796+00
13864633,98000.0,11.49273296168228,Lexus,LX450d,2019,7,100000.0,1,2000.0,1,Diesel,Automatic,Black,used,1,Luxury,Phnom Penh,Tier_1,store,98000.0,0.0,0,0.0,0,18.7,0.0,0,0,2026-08-27 12:06:41.576771+00
13599402,99000.0,11.502885230075814,Lexus,LX450d,2019,7,100000.0,1,2000.0,1,Diesel,Automatic,Black,used,1,Luxury,Phnom Penh,Tier_1,store,99000.0,0.0,0,0.0,0,81.2,0.0,0,0,2026-08-23 02:53:03.744488+00
13547971,14800.0,9.60245002503719,Lexus,LX470,2003,23,100000.0,1,2000.0,1,Petrol,Automatic,Unknown,used,1,Luxury,Phnom Penh,Tier_1,store,14800.0,0.0,0,0.0,0,93.6,0.0,0,0,2026-08-23 02:53:03.744322+00
13666287,9500.0,9.15915233520675,Lexus,LX470,1998,28,100000.0,1,2000.0,1,Petrol,Automatic,Gold,used,1,Luxury,Phnom Penh,Tier_1,store,9500.0,0.0,0,0.0,0,67.1,0.0,0,0,2026-08-25 10:23:11.57093+00
13583130,10500.0,9.259225769705994,Lexus,LX470,1999,27,100000.0,1,2000.0,1,Petrol,Automatic,Gold,used,1,Luxury,Phnom Penh,Tier_1,store,10500.0,0.0,0,0.0,0,89.8,0.0,0,0,2026-08-27 12:09:32.390608+00
13854276,9500.0,9.15915233520675,Lexus,LX470,1999,27,100000.0,1,2000.0,1,Petrol,Automatic,Gold,used,1,Luxury,Phnom Penh,Tier_1,store,9500.0,0.0,0,0.0,0,15.7,0.0,0,0,2026-08-22 02:44:57.04049+00
13926625,14000.0,9.546884034617925,Lexus,LX470,2003,23,100000.0,1,2000.0,1,Petrol,Automatic,Other,used,1,Luxury,Phnom Penh,Tier_1,individual,14000.0,0.0,0,0.0,0,0.0,0.0,0,1,2026-08-25 10:26:14.085296+00
13801121,17500.0,9.770013301136158,Lexus,LX470,2003,23,100000.0,1,2000.0,1,Petrol,Automatic,White,used,1,Luxury,Phnom Penh,Tier_1,store,17800.0,300.0,1,0.0,0,33.7,0.0,0,0,2026-08-26 03:05:06.556192+00
13743006,14500.0,9.581972891547895,Lexus,LX470,2003,23,100000.0,1,2000.0,1,Petrol,Automatic,Black,used,1,Luxury,Phnom Penh,Tier_1,store,14500.0,0.0,0,0.0,0,44.7,0.0,0,0,2026-08-22 02:45:00.816597+00
13662964,13800.0,9.53249633228804,Lexus,LX470,2003,23,100000.0,1,2000.0,1,Petrol,Automatic,White,used,1,Luxury,Phnom Penh,Tier_1,individual,13800.0,0.0,0,0.0,0,61.7,0.0,0,0,2026-08-19 02:48:23.678942+00
13685953,11500.0,9.350189267092581,Lexus,LX470,2000,26,100000.0,1,2000.0,1,Petrol,Automatic,Black,used,1,Luxury,Phnom Penh,Tier_1,individual,11500.0,0.0,0,0.0,0,62.5,0.0,0,0,2026-08-25 10:29:13.190522+00
13764165,12900.0,9.465060106725137,Lexus,LX470,2000,26,100000.0,1,2000.0,1,Petrol,Automatic,Gold,used,1,Luxury,Phnom Penh,Tier_1,store,12900.0,0.0,0,0.0,0,43.5,0.0,0,1,2026-08-26 03:03:28.310921+00
13921575,9500.0,9.15915233520675,Lexus,LX470,2000,26,100000.0,1,2000.0,1,Petrol,Automatic,Gold,used,1,Luxury,Kandal,Tier_2,individual,9500.0,0.0,0,0.0,0,1.0,0.0,0,0,2026-08-25 10:16:06.435247+00
13281164,13500.0,9.510519035757246,Lexus,LX470,2001,25,100000.0,1,2000.0,1,Petrol,Automatic,Black,used,1,Luxury,Kandal,Tier_2,store,13500.0,0.0,0,0.0,0,165.8,0.0,0,0,2026-08-25 10:25:12.410481+00
13804328,12200.0,9.409273194575334,Lexus,LX470,2001,25,100000.0,1,2000.0,1,Petrol,Automatic,Black,used,1,Luxury,Phnom Penh,Tier_1,store,12200.0,0.0,0,0.0,0,32.8,0.0,0,0,2026-08-26 03:01:17.334928+00
13876034,8000.0,8.987321812850125,Lexus,LX470,1998,28,100000.0,1,2000.0,1,Petrol,Automatic,Green,used,0,Luxury,Siem Reap,Tier_2,individual,8000.0,0.0,0,0.0,0,8.4,0.0,0,0,2026-08-20 08:37:49.861928+00
13929395,9900.0,9.200391041122515,Lexus,LX470,2000,26,100000.0,1,2000.0,1,Petrol,Automatic,Brown,used,0,Luxury,Phnom Penh,Tier_1,store,9900.0,0.0,0,0.0,0,0.0,0.0,0,1,2026-08-26 03:09:20.162753+00
13745493,9900.0,9.200391041122515,Lexus,LX470,2000,26,100000.0,1,2000.0,1,Petrol,Automatic,Black,used,1,Luxury,Phnom Penh,Tier_1,individual,9900.0,0.0,0,0.0,0,43.4,0.0,0,0,2026-08-21 02:53:04.839618+00
13909199,6269.0,8.743531633626967,Lexus,LX470,2000,26,100000.0,1,2000.0,1,Petrol,Automatic,Black,used,1,Luxury,Siem Reap,Tier_2,individual,6269.0,0.0,0,0.0,0,5.4,0.0,0,0,2026-08-26 03:08:47.835476+00
13923102,9900.0,9.200391041122515,Lexus,LX470,2000,26,100000.0,1,2000.0,1,Petrol,Automatic,Unknown,used,0,Luxury,Phnom Penh,Tier_1,store,9900.0,0.0,0,0.0,0,0.0,0.0,0,0,2026-08-24 10:11:18.276753+00
13926559,9900.0,9.200391041122515,Lexus,LX470,2000,26,100000.0,1,2000.0,1,Petrol,Automatic,Unknown,used,0,Luxury,Phnom Penh,Tier_1,store,9900.0,0.0,0,0.0,0,0.0,0.0,0,1,2026-08-25 10:27:22.759944+00
13341904,18500.0,9.825580063659602,Lexus,LX470,2004,22,100000.0,1,2000.0,1,Petrol,Automatic,White,used,1,Luxury,Phnom Penh,Tier_1,store,18500.0,0.0,0,0.0,0,151.6,0.0,0,0,2026-08-26 03:09:24.131167+00
13884608,17500.0,9.770013301136158,Lexus,LX470,2004,22,100000.0,1,2000.0,1,Petrol,Automatic,Black,used,1,Luxury,Phnom Penh,Tier_1,store,17500.0,0.0,0,0.0,0,11.0,0.0,0,0,2026-08-25 10:29:25.679068+00
13803585,16250.0,9.69590972432601,Lexus,LX470,2004,22,100000.0,1,2000.0,1,Petrol,Automatic,White,used,1,Luxury,Svay Rieng,Tier_3,individual,16250.0,0.0,0,0.0,0,34.7,0.0,0,0,2026-08-27 12:17:21.990617+00
13603192,18500.0,9.825580063659602,Lexus,LX470,2004,22,100000.0,1,2000.0,1,Petrol,Automatic,White,used,1,Luxury,Tboung Khmum,Tier_3,store,18500.0,0.0,0,0.0,0,82.7,0.0,1,0,2026-08-25 10:29:31.218659+00
13935492,9900.0,9.200391041122515,Lexus,LX470,2000,26,100000.0,1,2000.0,1,Petrol,Automatic,Unknown,used,0,Luxury,Phnom Penh,Tier_1,store,9900.0,0.0,0,0.0,0,0.0,0.0,0,1,2026-08-27 12:19:20.019652+00
13221410,15500.0,9.648659816955295,Lexus,LX470,2002,24,100000.0,1,2000.0,1,Petrol,Automatic,Unknown,used,1,Luxury,Phnom Penh,Tier_1,store,15500.0,0.0,0,0.0,0,178.6,0.0,0,0,2026-08-23 02:53:00.517576+00
13832581,18800.0,9.841665338892785,Lexus,LX470,2004,22,100000.0,1,2000.0,1,Petrol,Automatic,White,used,1,Luxury,Phnom Penh,Tier_1,store,19800.0,1000.0,1,0.0,0,25.6,0.0,0,0,2026-08-26 03:02:11.953217+00
13809224,19500.0,9.87822102528824,Lexus,LX470,2004,22,100000.0,1,2000.0,1,Petrol,Manual,White,used,1,Luxury,Phnom Penh,Tier_1,store,19500.0,0.0,0,0.0,0,33.0,0.0,0,0,2026-08-27 12:12:07.789935+00
13884189,19750.0,9.890959401958858,Lexus,LX470,2004,22,100000.0,1,2000.0,1,Petrol,Automatic,White,used,1,Luxury,Phnom Penh,Tier_1,individual,19750.0,0.0,0,0.0,0,4.8,0.0,0,1,2026-08-19 02:48:01.898984+00
13935645,16731.0,9.72507833256209,Lexus,LX470,2003,23,100000.0,1,2000.0,1,Petrol,Automatic,White,used,1,Luxury,Phnom Penh,Tier_1,store,16731.0,0.0,0,0.0,0,0.0,0.0,1,0,2026-08-27 12:17:45.571982+00
13691331,8300.0,9.024131268455035,ផ្សេងៗ,LX470,2000,26,100000.0,1,2000.0,1,Petrol,Automatic,Black,used,1,Other,Phnom Penh,Tier_1,store,8300.0,0.0,0,0.0,0,63.2,0.0,0,0,2026-08-27 12:10:19.864359+00
13813130,17800.0,9.787009914477434,Lexus,LX470,2003,23,100000.0,1,2000.0,1,Petrol,Automatic,White,used,1,Luxury,Phnom Penh,Tier_1,store,17800.0,0.0,0,0.0,0,30.5,0.0,0,0,2026-08-26 03:03:23.172474+00
13929412,8700.0,9.071193240566025,Lexus,LX470,1998,28,100000.0,1,2000.0,1,Petrol,Automatic,Black,used,1,Luxury,Phnom Penh,Tier_1,individual,8700.0,0.0,0,0.0,0,0.0,0.0,0,0,2026-08-26 03:08:05.821048+00
13509022,20500.0,9.928228944424575,Lexus,LX470,2005,21,100000.0,1,2000.0,1,Petrol,Automatic,Unknown,used,1,Luxury,Phnom Penh,Tier_1,store,20500.0,0.0,0,0.0,0,106.8,0.0,0,0,2026-08-27 12:18:54.324787+00
13523561,10500.0,9.259225769705994,Lexus,LX470,1999,27,100000.0,1,2000.0,1,Petrol,Automatic,Unknown,used,1,Luxury,Phnom Penh,Tier_1,individual,10500.0,0.0,0,0.0,0,94.0,0.0,0,0,2026-08-18 10:19:00.456129+00
13880060,93456.0,11.445256716445408,AITO,M9,2025,1,100000.0,1,2000.0,1,Hybrid,Automatic,Black,used,0,Other,Phnom Penh,Tier_1,store,93456.0,0.0,0,0.0,0,8.1,0.0,1,0,2026-08-21 02:53:22.431295+00
13936572,68800.0,11.138973558699526,AITO,M9,2024,2,100000.0,1,2000.0,1,Hybrid,Automatic,Blue,used,1,Other,Phnom Penh,Tier_1,store,68800.0,0.0,0,0.0,0,0.0,0.0,0,0,2026-08-27 12:06:16.054053+00
13785467,87400.0,11.37826200322577,DENZA,N9,2025,1,100000.0,1,2000.0,1,Electric,Automatic,Black,used,1,Other,Phnom Penh,Tier_1,individual,87400.0,0.0,0,0.0,0,36.1,0.0,0,0,2026-08-24 10:11:02.981142+00
13905693,86500.0,11.367911253546788,DENZA,N9,2025,1,100000.0,1,2000.0,1,Petrol,Automatic,Black,used,1,Other,Phnom Penh,Tier_1,store,86500.0,0.0,0,0.0,0,5.7,0.0,0,0,2026-08-25 10:14:30.628778+00
13907045,79800.0,11.287291314687705,DENZA,N9,2025,1,100000.0,1,2000.0,1,Hybrid,Manual,Black,used,1,Other,Phnom Penh,Tier_1,store,79800.0,0.0,0,0.0,0,7.1,0.0,0,0,2026-08-27 12:06:44.947801+00
13669605,86500.0,11.367911253546788,DENZA,N9,2025,1,100000.0,1,2000.0,1,Petrol,Manual,Black,used,1,Other,Phnom Penh,Tier_1,store,86500.0,0.0,0,0.0,0,66.5,0.0,0,0,2026-08-25 10:14:33.271298+00
13900330,78000.0,11.264476926102367,DENZA,N9,2025,1,100000.0,1,2000.0,1,Hybrid,Automatic,Black,used,1,Other,Phnom Penh,Tier_1,store,78000.0,0.0,0,0.0,0,2.6,0.0,0,0,2026-08-21 02:53:22.429342+00
13901391,83000.0,11.326607934898927,DENZA,N9,2025,1,100000.0,1,2000.0,1,Hybrid,Automatic,Grey,used,0,Other,Phnom Penh,Tier_1,store,83000.0,0.0,0,0.0,0,0.0,0.0,0,0,2026-08-18 10:19:04.372424+00
13643088,91900.0,11.428467189677395,DENZA,N9,2025,1,100000.0,1,2000.0,1,Hybrid,Automatic,Black,used,1,Other,Phnom Penh,Tier_1,store,91900.0,0.0,0,0.0,0,73.0,0.0,0,0,2026-08-25 10:26:40.807127+00
13883348,31500.0,10.357774570341576,CHANGAN,Q07,2025,1,100000.0,1,2000.0,1,Hybrid,Automatic,White,new,0,Other,Phnom Penh,Tier_1,store,31500.0,0.0,0,0.0,0,11.7,0.0,0,0,2026-08-25 10:24:59.334985+00
13908840,29999.0,10.308952660644293,CHANGAN,Q07,2025,1,100000.0,1,2000.0,1,Hybrid,Automatic,Silver,new,0,Other,Phnom Penh,Tier_1,store,29999.0,0.0,0,0.0,0,6.8,0.0,0,0,2026-08-27 12:15:06.834637+00
13392346,36800.0,10.513280297700861,CHANGAN,Q07,2025,1,100000.0,1,2000.0,1,Hybrid,Automatic,Black,new,0,Other,Phnom Penh,Tier_1,store,36800.0,0.0,0,0.0,0,137.9,0.0,0,0,2026-08-25 10:28:00.113574+00
13787311,29800.0,10.30229722897745,CHANGAN,Q07,2025,1,100000.0,1,2000.0,1,Hybrid,Automatic,Black,new,0,Other,Phnom Penh,Tier_1,store,29800.0,0.0,0,0.0,0,38.8,0.0,0,1,2026-08-27 12:08:47.140237+00
13464082,34800.0,10.457401400981889,CHANGAN,Q07,2025,1,100000.0,1,2000.0,1,Hybrid,Automatic,Black,new,0,Other,Phnom Penh,Tier_1,store,34800.0,0.0,0,0.0,0,118.0,0.0,0,0,2026-08-27 12:15:48.673862+00
13420435,22500.0,10.021315031649332,Lexus,RC,2016,10,100000.0,1,2000.0,1,Petrol,Automatic,Silver,used,1,Luxury,Phnom Penh,Tier_1,store,22500.0,0.0,0,0.0,0,126.4,0.0,1,0,2026-08-25 10:27:45.896797+00
13384707,23800.0,10.077482875583607,Lexus,RC,2016,10,100000.0,1,2000.0,1,Petrol,Automatic,Silver,used,1,Luxury,Phnom Penh,Tier_1,store,23800.0,0.0,0,0.0,0,140.6,0.0,1,0,2026-08-26 03:07:12.30958+00
13926473,23800.0,10.077482875583607,Lexus,RC,2016,10,100000.0,1,2000.0,1,Petrol,Automatic,Grey,used,1,Luxury,Phnom Penh,Tier_1,individual,23800.0,0.0,0,0.0,0,0.0,0.0,1,0,2026-08-25 10:28:16.70481+00
13903712,27000.0,10.203629181337648,MG,RX8,2021,5,100000.0,1,2000.0,1,Petrol,Automatic,White,new,0,Chinese_EV,Phnom Penh,Tier_1,individual,27000.0,0.0,0,0.0,0,6.0,0.0,0,0,2026-08-25 10:25:19.318861+00
13922038,14500.0,9.581972891547895,Land Rover,Range Rover Evoque,2016,10,100000.0,1,2000.0,1,Petrol,Automatic,Red,used,1,Luxury,Kampot,Tier_3,store,14500.0,0.0,0,0.0,0,1.6,0.0,0,0,2026-08-26 03:00:25.659992+00
13438162,13999.0,9.546812608597396,Land Rover,Range Rover Evoque,2012,14,100000.0,1,2000.0,1,Petrol,Automatic,White,used,1,Luxury,Phnom Penh,Tier_1,store,13999.0,0.0,0,0.0,0,123.3,0.0,0,0,2026-08-26 03:09:44.385027+00
13864861,13900.0,9.539716058977092,Land Rover,Range Rover Evoque,2012,14,100000.0,1,2000.0,1,Petrol,Automatic,White,used,0,Luxury,Phnom Penh,Tier_1,store,13900.0,0.0,0,0.0,0,10.3,0.0,0,0,2026-08-19 02:48:03.343264+00
13918774,12870.0,9.462731997649378,Land Rover,Range Rover Evoque,2012,14,100000.0,1,2000.0,1,Petrol,Automatic,White,used,0,Luxury,Banteay Meanchey,Tier_3,individual,12870.0,0.0,0,0.0,0,3.9,0.0,0,0,2026-08-27 12:13:49.903315+00
13380665,9775.0,9.187685681411377,Land Rover,Range Rover Sport,2006,20,100000.0,1,2000.0,1,Diesel,Automatic,Black,used,1,Luxury,Phnom Penh,Tier_1,individual,9775.0,0.0,0,0.0,0,141.5,0.0,0,0,2026-08-26 03:08:15.239107+00
13917662,138000.0,11.835016210489899,Land Rover,Range Rover Sport,2023,3,100000.0,1,2000.0,1,Petrol,Automatic,Unknown,used,1,Luxury,Phnom Penh,Tier_1,store,138000.0,0.0,0,0.0,0,0.0,0.0,0,0,2026-08-23 02:52:50.505727+00
13863895,26000.0,10.165890277802454,Land Rover,Range Rover Sport,2014,12,100000.0,1,2000.0,1,Diesel,Automatic,White,used,1,Luxury,Phnom Penh,Tier_1,store,26000.0,0.0,0,0.0,0,13.5,0.0,0,0,2026-08-22 02:45:00.823931+00
13927269,138000.0,11.835016210489899,Land Rover,Range Rover Sport,2023,3,100000.0,1,2000.0,1,Petrol,Automatic,Red,used,1,Luxury,Phnom Penh,Tier_1,store,138000.0,0.0,0,0.0,0,0.0,0.0,0,0,2026-08-25 10:19:08.796127+00
13911725,19500.0,9.87822102528824,Land Rover,Range Rover Sport,2014,12,100000.0,1,2000.0,1,Petrol,Automatic,Black,used,1,Luxury,Phnom Penh,Tier_1,individual,19500.0,0.0,0,0.0,0,6.0,0.0,0,0,2026-08-27 12:17:42.757414+00
13269350,48500.0,10.789339695269716,Land Rover,Range Rover Sport,2018,8,100000.0,1,2000.0,1,Petrol,Automatic,Black,used,1,Luxury,Phnom Penh,Tier_1,store,48500.0,0.0,0,0.0,0,164.3,0.0,1,0,2026-08-21 02:53:04.83865+00
13901511,11000.0,9.305741456739435,Land Rover,Range Rover Sport,2011,15,100000.0,1,2000.0,1,Diesel,Automatic,White,used,1,Luxury,Kampot,Tier_3,individual,11000.0,0.0,0,0.0,0,1.7,0.0,0,0,2026-08-20 08:37:46.964282+00
13648563,10500.0,9.259225769705994,Land Rover,Range Rover Sport,2010,16,100000.0,1,2000.0,1,Diesel,Automatic,Silver,used,1,Luxury,Phnom Penh,Tier_1,individual,10500.0,0.0,0,0.0,0,64.5,0.0,0,0,2026-08-18 10:19:07.203515+00
13927114,8950.0,9.099520536870939,Land Rover,Range Rover Sport,2010,16,100000.0,1,2000.0,1,Diesel,Automatic,Black,used,1,Luxury,Phnom Penh,Tier_1,individual,8950.0,0.0,0,0.0,0,0.0,0.0,0,0,2026-08-25 10:20:59.619959+00
13763369,9500.0,9.15915233520675,Land Rover,Range Rover Sport,2011,15,100000.0,1,2000.0,1,Diesel,Automatic,White,used,1,Luxury,Phnom Penh,Tier_1,individual,11800.0,2300.0,1,0.0,0,45.0,0.0,0,0,2026-08-27 12:06:02.112826+00
13566911,10500.0,9.259225769705994,Land Rover,Range Rover Sport,2011,15,100000.0,1,2000.0,1,Diesel,Automatic,White,used,1,Luxury,Phnom Penh,Tier_1,individual,10500.0,0.0,0,0.0,0,84.8,0.0,0,0,2026-08-19 02:48:06.128144+00
13936410,138000.0,11.835016210489899,Land Rover,Range Rover Sport,2023,3,100000.0,1,2000.0,1,Petrol,Automatic,Red,used,1,Luxury,Phnom Penh,Tier_1,store,138000.0,0.0,0,0.0,0,0.0,0.0,1,0,2026-08-27 12:10:09.017684+00
13908433,138000.0,11.835016210489899,Land Rover,Range Rover Sport,2023,3,100000.0,1,2000.0,1,Petrol,Automatic,Unknown,used,1,Luxury,Phnom Penh,Tier_1,store,138000.0,0.0,0,0.0,0,0.0,0.0,1,0,2026-08-20 08:37:44.21471+00
13827078,5600.0,8.630700432209832,Land Rover,Range Rover Sport,2006,20,100000.0,1,2000.0,1,Diesel,Automatic,Green,used,0,Luxury,Phnom Penh,Tier_1,individual,5600.0,0.0,0,0.0,0,26.1,0.0,0,0,2026-08-25 10:17:55.471721+00
13936303,42000.0,10.645448706505872,Land Rover,Range Rover Sport,2017,9,100000.0,1,2000.0,1,Petrol,Automatic,White,used,1,Luxury,Preah Sihanouk,Tier_2,individual,42000.0,0.0,0,0.0,0,0.0,0.0,0,0,2026-08-27 12:12:00.862597+00
13708850,6500.0,8.77971129020447,Land Rover,Range Rover Sport,2006,20,100000.0,1,2000.0,1,Diesel,Automatic,Black,used,1,Luxury,Phnom Penh,Tier_1,individual,6500.0,0.0,0,0.0,0,56.8,0.0,0,0,2026-08-25 10:13:36.210551+00
13893826,24000.0,10.085850775128717,Land Rover,Range Rover Sport,2014,12,100000.0,1,2000.0,1,Petrol,Automatic,White,used,1,Luxury,Phnom Penh,Tier_1,store,24000.0,0.0,0,0.0,0,9.4,0.0,0,0,2026-08-26 03:06:35.159057+00
13462666,11500.0,9.350189267092581,Land Rover,Range Rover Sport,2010,16,100000.0,1,2000.0,1,Diesel,Automatic,White,used,1,Luxury,Phnom Penh,Tier_1,store,11500.0,0.0,0,0.0,0,117.3,0.0,0,0,2026-08-26 03:09:15.450256+00
13458818,38500.0,10.55843949396453,Land Rover,Range Rover Vogue,2016,10,100000.0,1,2000.0,1,Diesel,Automatic,White,used,1,Luxury,Phnom Penh,Tier_1,store,38500.0,0.0,0,0.0,0,118.2,0.0,0,0,2026-08-26 02:57:23.217154+00
13349349,39800.0,10.591647316585027,Land Rover,Range Rover Vogue,2014,12,100000.0,1,2000.0,1,Diesel,Automatic,White,used,1,Luxury,Phnom Penh,Tier_1,store,39800.0,0.0,0,0.0,0,147.8,0.0,1,0,2026-08-24 10:11:21.32214+00
13611221,25000.0,10.12667110305036,Land Rover,Range Rover Vogue,2014,12,100000.0,1,2000.0,1,Petrol,Automatic,White,used,1,Luxury,Phnom Penh,Tier_1,store,25000.0,0.0,0,0.0,0,81.5,0.0,1,0,2026-08-26 03:07:31.510491+00
13814967,10350.0,9.24483841238375,Land Rover,Range Rover Vogue,2010,16,100000.0,1,2000.0,1,Diesel,Automatic,White,used,1,Luxury,Phnom Penh,Tier_1,individual,10350.0,0.0,0,0.0,0,29.7,0.0,0,0,2026-08-26 03:06:54.249386+00
13914462,31900.0,10.370392636243981,Land Rover,Range Rover Vogue,2014,12,100000.0,1,2000.0,1,Petrol,Automatic,White,used,1,Luxury,Phnom Penh,Tier_1,store,31900.0,0.0,0,0.0,0,3.7,0.0,1,0,2026-08-26 02:57:37.623698+00
13611261,23500.0,10.064798252418377,Land Rover,Range Rover Vogue,2014,12,100000.0,1,2000.0,1,Petrol,Automatic,White,used,1,Luxury,Phnom Penh,Tier_1,store,23500.0,0.0,0,0.0,0,81.5,0.0,1,0,2026-08-26 03:03:30.370667+00
13763388,25500.0,10.146472946063877,Land Rover,Range Rover Vogue,2013,13,100000.0,1,2000.0,1,Diesel,Automatic,White,used,1,Luxury,Phnom Penh,Tier_1,individual,25500.0,0.0,0,0.0,0,37.9,0.0,0,0,2026-08-20 08:37:42.60155+00
13600522,44000.0,10.691967639914864,Land Rover,Range Rover Vogue,2015,11,100000.0,1,2000.0,1,Petrol,Automatic,Black,used,1,Luxury,Phnom Penh,Tier_1,individual,44000.0,0.0,0,0.0,0,76.7,0.0,0,0,2026-08-19 02:48:11.441408+00
13384232,103000.0,11.542493975902508,Land Rover,Range Rover Vogue,2020,6,100000.0,1,2000.0,1,Petrol,Automatic,Unknown,used,1,Luxury,Phnom Penh,Tier_1,store,103000.0,0.0,0,0.0,0,142.0,0.0,0,0,2026-08-27 12:17:17.149814+00
13907826,41700.0,10.638280388314705,Land Rover,Range Rover Vogue,2015,11,100000.0,1,2000.0,1,Petrol,Automatic,White,used,1,Luxury,Phnom Penh,Tier_1,individual,41700.0,0.0,0,0.0,0,5.6,0.0,1,0,2026-08-26 03:06:21.32728+00
13373481,36800.0,10.513280297700861,Land Rover,Range Rover Vogue,2015,11,100000.0,1,2000.0,1,Petrol,Automatic,White,used,1,Luxury,Phnom Penh,Tier_1,store,36800.0,0.0,0,0.0,0,138.5,0.0,0,0,2026-08-21 02:53:07.209032+00
13611288,23500.0,10.064798252418377,Land Rover,Range Rover Vogue,2015,11,100000.0,1,2000.0,1,Petrol,Automatic,White,used,1,Luxury,Phnom Penh,Tier_1,store,23500.0,0.0,0,0.0,0,81.5,0.0,1,0,2026-08-26 03:00:11.470032+00
13468083,35900.0,10.488520429241627,Land Rover,Range Rover Vogue,2014,12,100000.0,1,2000.0,1,Diesel,Automatic,Black,used,1,Luxury,Phnom Penh,Tier_1,individual,39900.0,4000.0,1,0.0,0,117.0,0.0,0,0,2026-08-27 12:06:07.926901+00
13897766,22000.0,9.99884318585288,Land Rover,Range Rover Vogue,2014,12,100000.0,1,2000.0,1,Petrol,Automatic,Black,used,1,Luxury,Phnom Penh,Tier_1,individual,22000.0,0.0,0,0.0,0,0.7,0.0,1,0,2026-08-18 10:19:04.370366+00
13914336,51900.0,10.857093336791094,Land Rover,Range Rover Vogue,2014,12,100000.0,1,2000.0,1,Diesel,Automatic,White,used,1,Luxury,Phnom Penh,Tier_1,store,51900.0,0.0,0,0.0,0,3.7,0.0,1,0,2026-08-26 02:57:42.225429+00
13287311,35500.0,10.477316144080852,Land Rover,Range Rover Vogue,2016,10,100000.0,1,2000.0,1,Petrol,Automatic,Black,used,1,Luxury,Phnom Penh,Tier_1,store,35500.0,0.0,0,0.0,0,166.1,0.0,0,0,2026-08-27 12:14:02.092966+00
13820699,29500.0,10.292179440058462,Land Rover,Range Rover Vogue,2016,10,100000.0,1,2000.0,1,Petrol,Automatic,White,used,1,Luxury,Phnom Penh,Tier_1,store,29500.0,0.0,0,0.0,0,28.6,0.0,0,0,2026-08-26 02:57:21.326726+00
13702774,55800.0,10.929547069355774,Land Rover,Range Rover Vogue,2016,10,100000.0,1,2000.0,1,Diesel,Automatic,Grey,used,0,Luxury,Phnom Penh,Tier_1,store,55800.0,0.0,0,0.0,0,60.7,0.0,0,0,2026-08-27 12:09:20.255174+00
13611374,23500.0,10.064798252418377,Land Rover,Range Rover Vogue,2014,12,100000.0,1,2000.0,1,Petrol,Automatic,White,used,1,Luxury,Phnom Penh,Tier_1,store,23500.0,0.0,0,0.0,0,74.5,0.0,1,0,2026-08-19 02:48:03.341118+00
13458823,33500.0,10.419330568113901,Land Rover,Range Rover Vogue,2016,10,100000.0,1,2000.0,1,Diesel,Automatic,White,used,1,Luxury,Phnom Penh,Tier_1,store,33500.0,0.0,0,0.0,0,117.5,0.0,0,0,2026-08-25 10:23:46.485822+00
13806435,29500.0,10.292179440058462,Land Rover,Range Rover Vogue,2016,10,100000.0,1,2000.0,1,Petrol,Automatic,White,used,1,Luxury,Phnom Penh,Tier_1,store,29500.0,0.0,0,0.0,0,32.5,0.0,0,0,2026-08-26 03:05:58.64534+00
13901071,36500.0,10.505094936455558,Land Rover,Range Rover Vogue,2016,10,100000.0,1,2000.0,1,Petrol,Automatic,Black,used,1,Luxury,Phnom Penh,Tier_1,store,36500.0,0.0,0,0.0,0,7.5,0.0,0,0,2026-08-26 02:59:37.299607+00
13895757,29999.0,10.308952660644293,Land Rover,Range Rover Vogue,2014,12,100000.0,1,2000.0,1,Diesel,Automatic,Black,used,1,Luxury,Phnom Penh,Tier_1,store,29999.0,0.0,0,0.0,0,10.1,0.0,0,0,2026-08-27 12:10:25.742477+00
13843661,80000.0,11.289794413577894,Land Rover,Range Rover Vogue,2019,7,100000.0,1,2000.0,1,Diesel,Automatic,Black,used,1,Luxury,Phnom Penh,Tier_1,store,80000.0,0.0,0,0.0,0,17.5,0.0,0,0,2026-08-21 02:53:16.321146+00
13568132,22000.0,9.99884318585288,Land Rover,Range Rover Vogue,2015,11,100000.0,1,2000.0,1,Petrol,Automatic,White,used,1,Luxury,Phnom Penh,Tier_1,store,22000.0,0.0,0,0.0,0,93.0,0.0,0,1,2026-08-27 12:17:39.948931+00
13730845,33000.0,10.404293143019792,Land Rover,Range Rover Vogue,2015,11,100000.0,1,2000.0,1,Petrol,Automatic,White,used,1,Luxury,Phnom Penh,Tier_1,store,33000.0,0.0,0,0.0,0,51.7,0.0,0,0,2026-08-26 03:09:16.068978+00
13772120,34900.0,10.460270761075149,Land Rover,Range Rover Vogue,2015,11,100000.0,1,2000.0,1,Petrol,Automatic,White,used,1,Luxury,Phnom Penh,Tier_1,store,34900.0,0.0,0,0.0,0,40.9,0.0,0,0,2026-08-25 10:25:49.276157+00
13914389,53900.0,10.894904309600681,Land Rover,Range Rover Vogue,2015,11,100000.0,1,2000.0,1,Petrol,Automatic,Black,used,1,Luxury,Phnom Penh,Tier_1,store,53900.0,0.0,0,0.0,0,3.7,0.0,1,0,2026-08-26 02:57:39.661802+00
13921285,20800.0,9.942756341456828,Land Rover,Range Rover Vogue,2015,11,100000.0,1,2000.0,1,Petrol,Automatic,Black,used,1,Luxury,Phnom Penh,Tier_1,store,20800.0,0.0,0,0.0,0,3.1,0.0,0,0,2026-08-27 12:05:57.714898+00
13913194,43000.0,10.668978650219241,Land Rover,Range Rover Vogue,2015,11,100000.0,1,2000.0,1,Petrol,Automatic,White,used,1,Luxury,Phnom Penh,Tier_1,store,43000.0,0.0,0,0.0,0,4.3,0.0,0,0,2026-08-26 03:06:43.666788+00
13536302,45500.0,10.725489582719506,Land Rover,Range Rover Vogue,2015,11,100000.0,1,2000.0,1,Petrol,Automatic,Black,used,1,Luxury,Phnom Penh,Tier_1,individual,45500.0,0.0,0,0.0,0,91.8,0.0,0,1,2026-08-19 02:48:19.537831+00
13896869,68000.0,11.127277689932466,Land Rover,Range Rover Vogue,2021,5,100000.0,1,2000.0,1,Diesel,Automatic,Black,used,1,Luxury,Phnom Penh,Tier_1,store,68000.0,0.0,0,0.0,0,7.9,0.0,0,0,2026-08-25 10:19:23.780395+00
13544930,78500.0,11.270866642542865,Land Rover,Range Rover Vogue,2019,7,100000.0,1,2000.0,1,Diesel,Automatic,Black,used,1,Luxury,Phnom Penh,Tier_1,store,78500.0,0.0,0,0.0,0,97.3,0.0,0,0,2026-08-26 03:02:33.100658+00
13609265,68000.0,11.127277689932466,Land Rover,Range Rover Vogue,2018,8,100000.0,1,2000.0,1,Diesel,Automatic,Black,used,1,Luxury,Phnom Penh,Tier_1,store,68000.0,0.0,0,0.0,0,83.1,0.0,0,0,2026-08-27 12:18:22.594355+00
13393435,59999.0,11.002099841204238,Land Rover,Range Rover Vogue,2018,8,100000.0,1,2000.0,1,Petrol,Automatic,White,used,1,Luxury,Phnom Penh,Tier_1,store,59999.0,0.0,0,0.0,0,139.8,0.0,1,0,2026-08-27 12:09:38.184742+00
13575814,59000.0,10.985309671896763,Land Rover,Range Rover Vogue,2014,12,100000.0,1,2000.0,1,Petrol,Automatic,White,used,1,Luxury,Phnom Penh,Tier_1,store,59000.0,0.0,0,0.0,0,89.0,0.0,0,0,2026-08-25 10:17:14.553843+00
13929212,4500.0,8.412054873292933,Land Rover,Range Rover Vogue,2004,22,100000.0,1,2000.0,1,Diesel,Automatic,Green,used,1,Luxury,Phnom Penh,Tier_1,individual,4500.0,0.0,0,0.0,0,0.0,0.0,0,0,2026-08-26 02:55:39.099512+00
13798942,25000.0,10.12667110305036,Land Rover,Range Rover Vogue,2014,12,100000.0,1,2000.0,1,Diesel,Automatic,Black,used,1,Luxury,Phnom Penh,Tier_1,individual,25000.0,0.0,0,0.0,0,33.8,0.0,0,0,2026-08-25 10:18:13.444098+00
13297163,108000.0,11.58989576532275,Land Rover,Range Rover Vogue,2019,7,100000.0,1,2000.0,1,Petrol,Automatic,Black,used,1,Luxury,Preah Sihanouk,Tier_2,store,108000.0,0.0,0,0.0,0,161.7,0.0,0,0,2026-08-25 10:18:46.422226+00
13541415,35500.0,10.477316144080852,Land Rover,Range Rover Vogue,2014,12,100000.0,1,2000.0,1,Petrol,Automatic,Other,used,1,Luxury,Phnom Penh,Tier_1,individual,35500.0,0.0,0,0.0,0,97.8,0.0,1,0,2026-08-26 03:04:53.3226+00
13834606,26500.0,10.184937747111391,Land Rover,Range Rover Vogue,2014,12,100000.0,1,2000.0,1,Petrol,Automatic,Black,used,1,Luxury,Phnom Penh,Tier_1,individual,26500.0,0.0,0,0.0,0,20.2,0.0,0,0,2026-08-21 02:53:07.209779+00
13519665,18700.0,9.83633227734872,Land Rover,Range Rover Vogue,2014,12,100000.0,1,2000.0,1,Diesel,Automatic,White,used,1,Luxury,Phnom Penh,Tier_1,store,19500.0,800.0,1,0.0,0,102.7,0.0,0,0,2026-08-26 03:00:28.097895+00
13607747,20500.0,9.928228944424575,Land Rover,Range Rover Vogue,2014,12,100000.0,1,2000.0,1,Diesel,Automatic,White,used,1,Luxury,Phnom Penh,Tier_1,store,20500.0,0.0,0,0.0,0,81.7,0.0,0,0,2026-08-25 10:23:33.959957+00
13853819,24500.0,10.106469212026385,Land Rover,Range Rover Vogue,2014,12,100000.0,1,2000.0,1,Petrol,Automatic,Black,used,1,Luxury,Phnom Penh,Tier_1,store,24500.0,0.0,0,0.0,0,14.8,0.0,0,0,2026-08-21 02:53:24.912188+00
13828131,26500.0,10.184937747111391,Land Rover,Range Rover Vogue,2014,12,100000.0,1,2000.0,1,Petrol,Automatic,White,used,0,Luxury,Phnom Penh,Tier_1,store,26500.0,0.0,0,0.0,0,23.6,0.0,0,0,2026-08-23 02:53:00.515596+00
13422428,24000.0,10.085850775128717,Land Rover,Range Rover Vogue,2014,12,100000.0,1,2000.0,1,Petrol,Automatic,White,used,1,Luxury,Phnom Penh,Tier_1,individual,24000.0,0.0,0,0.0,0,128.0,0.0,1,0,2026-08-27 12:13:33.943756+00
13355734,20500.0,9.928228944424575,Land Rover,Range Rover Vogue,2014,12,100000.0,1,2000.0,1,Petrol,Automatic,Black,used,1,Luxury,Phnom Penh,Tier_1,store,20500.0,0.0,0,0.0,0,140.0,0.0,0,0,2026-08-18 10:19:07.206555+00
13927264,21000.0,9.952325334619427,Land Rover,Range Rover Vogue,2014,12,100000.0,1,2000.0,1,Electric,Automatic,White,used,1,Luxury,Phnom Penh,Tier_1,store,21000.0,0.0,0,0.0,0,0.0,0.0,0,0,2026-08-25 10:19:16.728973+00
13908589,29500.0,10.292179440058462,Land Rover,Range Rover Vogue,2014,12,100000.0,1,2000.0,1,Petrol,Automatic,Black,used,0,Luxury,Phnom Penh,Tier_1,individual,29500.0,0.0,0,0.0,0,0.0,0.0,0,0,2026-08-20 08:37:33.859889+00
13797327,32900.0,10.401258331428318,Land Rover,Range Rover Vogue,2014,12,100000.0,1,2000.0,1,Petrol,Automatic,Gold,used,1,Luxury,Phnom Penh,Tier_1,store,32900.0,0.0,0,0.0,0,34.7,0.0,1,0,2026-08-26 02:57:45.847659+00
13891686,36800.0,10.513280297700861,Ford,Ranger XLT,2023,3,100000.0,1,2000.0,1,Petrol,Automatic,Unknown,used,1,Mass_Market,Phnom Penh,Tier_1,store,36800.0,0.0,0,0.0,0,6.8,0.0,0,0,2026-08-23 02:53:15.72865+00
13895554,36800.0,10.513280297700861,Ford,Ranger XLT,2023,3,100000.0,1,2000.0,1,Diesel,Automatic,White,used,1,Mass_Market,Phnom Penh,Tier_1,store,36800.0,0.0,0,0.0,0,3.7,0.0,0,0,2026-08-21 02:53:21.102848+00
13926928,36500.0,10.505094936455558,Ford,Ranger XLT,2023,3,100000.0,1,2000.0,1,Petrol,Automatic,Unknown,used,1,Mass_Market,Phnom Penh,Tier_1,store,36500.0,0.0,0,0.0,0,0.0,0.0,0,0,2026-08-25 10:23:32.341468+00
13797113,15800.0,9.6678285081515,Lexus,Rx400h P2 Half,2006,20,100000.0,1,2000.0,1,Petrol,Automatic,Silver,used,1,Luxury,Phnom Penh,Tier_1,store,15800.0,0.0,0,0.0,0,29.0,0.0,0,0,2026-08-20 08:37:39.448529+00
13896188,23800.0,10.077482875583607,deepal,S05,2025,1,100000.0,1,2000.0,1,Electric,Automatic,Blue,new,0,Other,Kandal,Tier_2,individual,23800.0,0.0,0,0.0,0,10.0,0.0,0,0,2026-08-27 12:06:11.411556+00
13656936,26500.0,10.184937747111391,deepal,S05,2026,0,100000.0,1,2000.0,1,Electric,Automatic,Silver,new,0,Other,Phnom Penh,Tier_1,store,26500.0,0.0,0,0.0,0,64.5,0.0,0,0,2026-08-20 08:37:46.961652+00
13468813,25800.0,10.158168529848494,deepal,S05,2026,0,100000.0,1,2000.0,1,Electric,Automatic,White,new,0,Other,Phnom Penh,Tier_1,store,25800.0,0.0,0,0.0,0,114.8,0.0,0,0,2026-08-25 10:24:25.38833+00
13925707,31500.0,10.357774570341576,Mercedes-Benz,S400L,2014,12,100000.0,1,2000.0,1,Petrol,Automatic,Black,used,1,Luxury,Phnom Penh,Tier_1,store,31500.0,0.0,0,0.0,0,0.7,0.0,1,0,2026-08-26 03:04:27.198208+00
13877701,27500.0,10.221977646629885,Mercedes-Benz,S400L,2014,12,100000.0,1,2000.0,1,Petrol,Automatic,White,used,1,Luxury,Phnom Penh,Tier_1,store,27500.0,0.0,0,0.0,0,15.0,0.0,0,0,2026-08-27 12:18:23.716583+00
13929635,31500.0,10.357774570341576,Mercedes-Benz,S400L,2014,12,100000.0,1,2000.0,1,Petrol,Automatic,Black,used,0,Luxury,Phnom Penh,Tier_1,store,31500.0,0.0,0,0.0,0,0.0,0.0,0,0,2026-08-26 02:57:32.331787+00
13211600,47500.0,10.768506042432708,Mercedes-Benz,S400L,2016,10,100000.0,1,2000.0,1,Petrol,Automatic,Unknown,used,0,Luxury,Phnom Penh,Tier_1,store,47500.0,0.0,0,0.0,0,179.7,0.0,0,0,2026-08-22 02:44:50.617937+00
13911417,36800.0,10.513280297700861,Mercedes-Benz,S400L,2016,10,100000.0,1,2000.0,1,Petrol,Automatic,White,used,1,Luxury,Phnom Penh,Tier_1,store,36800.0,0.0,0,0.0,0,4.6,0.0,0,0,2026-08-26 03:00:04.615851+00
13260961,42000.0,10.645448706505872,Mercedes-Benz,S400L,2015,11,100000.0,1,2000.0,1,Petrol,Automatic,Black,used,1,Luxury,Phnom Penh,Tier_1,store,42000.0,0.0,0,0.0,0,172.9,0.0,0,0,2026-08-27 12:12:55.329472+00
13920499,47000.0,10.757924157061597,Mercedes-Benz,S400L,2015,11,100000.0,1,2000.0,1,Petrol,Automatic,Black,used,0,Luxury,Phnom Penh,Tier_1,store,47000.0,0.0,0,0.0,0,1.8,0.0,0,0,2026-08-26 03:03:52.553615+00
13902104,22000.0,9.99884318585288,Mercedes-Benz,S400L,2015,11,100000.0,1,2000.0,1,Petrol,Automatic,White,used,1,Luxury,Phnom Penh,Tier_1,store,22000.0,0.0,0,0.0,0,7.3,0.0,0,0,2026-08-26 02:58:25.937069+00
13493999,41000.0,10.62135173563291,Mercedes-Benz,S400L,2015,11,100000.0,1,2000.0,1,Petrol,Automatic,Black,used,1,Luxury,Phnom Penh,Tier_1,store,41000.0,0.0,0,0.0,0,110.7,0.0,0,1,2026-08-27 12:18:54.894916+00
13897077,29500.0,10.292179440058462,Mercedes-Benz,S400L,2015,11,100000.0,1,2000.0,1,Petrol,Automatic,Black,used,1,Luxury,Phnom Penh,Tier_1,individual,29500.0,0.0,0,0.0,0,0.0,0.0,0,1,2026-08-17 08:51:03.564414+00
13321857,48500.0,10.789339695269716,Mercedes-Benz,S400L,2015,11,100000.0,1,2000.0,1,Petrol,Automatic,Black,used,0,Luxury,Phnom Penh,Tier_1,store,48500.0,0.0,0,0.0,0,156.6,0.0,0,0,2026-08-26 03:07:39.829007+00
13915501,29200.0,10.281958234245314,Mercedes-Benz,S400L,2015,11,100000.0,1,2000.0,1,Petrol,Automatic,Black,used,1,Luxury,Phnom Penh,Tier_1,individual,29200.0,0.0,0,0.0,0,4.9,0.0,0,0,2026-08-27 12:14:56.115963+00
13893054,38500.0,10.55843949396453,Mercedes-Benz,S400L,2015,11,100000.0,1,2000.0,1,Petrol,Automatic,Black,used,1,Luxury,Phnom Penh,Tier_1,store,38500.0,0.0,0,0.0,0,9.5,0.0,1,0,2026-08-26 02:57:49.728263+00
13927730,41000.0,10.62135173563291,Mercedes-Benz,S400L,2015,11,100000.0,1,2000.0,1,Petrol,Automatic,Black,used,1,Luxury,Phnom Penh,Tier_1,individual,41000.0,0.0,0,0.0,0,0.0,0.0,0,0,2026-08-25 10:15:41.922755+00
13841811,33800.0,10.428245666832275,Mercedes-Benz,S400L,2015,11,100000.0,1,2000.0,1,Petrol,Automatic,Black,used,1,Luxury,Phnom Penh,Tier_1,store,33800.0,0.0,0,0.0,0,17.0,0.0,0,0,2026-08-20 08:37:49.859833+00
13927794,46500.0,10.747229096720554,Mercedes-Benz,S400L,2015,11,100000.0,1,2000.0,1,Petrol,Automatic,Black,used,0,Luxury,Phnom Penh,Tier_1,store,46500.0,0.0,0,0.0,0,0.0,0.0,0,0,2026-08-25 10:14:36.868481+00
13417458,46500.0,10.747229096720554,Mercedes-Benz,S400L,2015,11,100000.0,1,2000.0,1,Petrol,Automatic,Black,used,0,Luxury,Phnom Penh,Tier_1,store,46500.0,0.0,0,0.0,0,129.1,0.0,0,0,2026-08-27 12:07:37.506354+00
13319865,29999.0,10.308952660644293,Mercedes-Benz,S400L,2015,11,100000.0,1,2000.0,1,Petrol,Automatic,Black,used,1,Luxury,Phnom Penh,Tier_1,store,29999.0,0.0,0,0.0,0,157.3,0.0,0,0,2026-08-26 03:09:27.965351+00
13897039,13800.0,9.53249633228804,Kia,Sorento,2014,12,100000.0,1,2000.0,1,Diesel,Automatic,Black,used,1,Mass_Market,Phnom Penh,Tier_1,individual,13800.0,0.0,0,0.0,0,0.0,0.0,0,0,2026-08-17 08:51:05.468956+00
13875154,22000.0,9.99884318585288,Geely,Starray,2025,1,100000.0,1,2000.0,1,Petrol,Automatic,Unknown,used,1,Chinese_EV,Phnom Penh,Tier_1,store,22000.0,0.0,0,0.0,0,8.7,0.0,0,0,2026-08-20 08:37:39.451871+00
13590030,25800.0,10.158168529848494,Chevrolet,Trax,2024,2,100000.0,1,2000.0,1,Petrol,Automatic,White,used,1,Mass_Market,Phnom Penh,Tier_1,individual,25800.0,0.0,0,0.0,0,85.8,0.0,0,0,2026-08-25 10:19:49.92797+00
13917642,13500.0,9.510519035757246,Toyota,Vellfire,2009,17,100000.0,1,2000.0,1,Petrol,Automatic,Black,used,1,Mass_Market,Phnom Penh,Tier_1,individual,13500.0,0.0,0,0.0,0,0.0,0.0,0,0,2026-08-23 02:52:51.987181+00
13757098,15900.0,9.674137279312397,Toyota,Vellfire,2009,17,100000.0,1,2000.0,1,Petrol,Automatic,White,used,1,Mass_Market,Phnom Penh,Tier_1,store,15900.0,0.0,0,0.0,0,41.5,0.0,0,0,2026-08-22 02:44:59.594059+00
13629580,33500.0,10.419330568113901,Toyota,Vellfire,2017,9,100000.0,1,2000.0,1,Petrol,Automatic,White,used,1,Mass_Market,Phnom Penh,Tier_1,individual,33500.0,0.0,0,0.0,0,76.7,0.0,0,0,2026-08-26 03:01:45.935236+00
13486480,34500.0,10.448743588106625,Toyota,Vellfire,2017,9,100000.0,1,2000.0,1,Petrol,Automatic,White,used,1,Mass_Market,Phnom Penh,Tier_1,individual,34500.0,0.0,0,0.0,0,112.1,0.0,0,0,2026-08-27 12:10:34.493614+00
13877517,29500.0,10.292179440058462,Toyota,Vellfire,2016,10,100000.0,1,2000.0,1,Petrol,Automatic,White,used,1,Mass_Market,Phnom Penh,Tier_1,store,29500.0,0.0,0,0.0,0,6.0,0.0,0,0,2026-08-18 10:19:02.521185+00
13752002,13600.0,9.517898598432753,BMW,X6,2011,15,100000.0,1,2000.0,1,Petrol,Automatic,White,used,1,Luxury,Phnom Penh,Tier_1,individual,13600.0,0.0,0,0.0,0,46.0,0.0,0,0,2026-08-25 10:22:04.119466+00
13886832,13800.0,9.53249633228804,BMW,X6,2011,15,100000.0,1,2000.0,1,Petrol,Automatic,Unknown,used,1,Luxury,Phnom Penh,Tier_1,store,13800.0,0.0,0,0.0,0,2.7,0.0,0,0,2026-08-17 08:51:04.490727+00
13897164,8800.0,9.082620630373812,BMW,X6,2011,15,100000.0,1,2000.0,1,Petrol,Automatic,Black,used,1,Luxury,Phnom Penh,Tier_1,store,8800.0,0.0,0,0.0,0,0.0,0.0,0,0,2026-08-17 08:50:59.838451+00
13896413,25678.0,10.153428816235715,BMW,X6,2013,13,100000.0,1,2000.0,1,Petrol,Automatic,Black,used,1,Luxury,Phnom Penh,Tier_1,store,25678.0,0.0,0,0.0,0,8.6,0.0,0,0,2026-08-26 03:04:02.296857+00
13926736,13500.0,9.510519035757246,BMW,X6,2011,15,100000.0,1,2000.0,1,Petrol,Automatic,Black,used,1,Luxury,Phnom Penh,Tier_1,individual,13500.0,0.0,0,0.0,0,0.0,0.0,0,0,2026-08-25 10:25:42.123735+00
13917631,23500.0,10.064798252418377,Mitsubishi,Xpander Cross,2023,3,100000.0,1,2000.0,1,Petrol,Automatic,White,used,1,Mass_Market,Phnom Penh,Tier_1,store,23500.0,0.0,0,0.0,0,0.0,0.0,1,0,2026-08-23 02:52:51.993011+00
13781474,17900.0,9.792611856190192,BYD,YUAN UP,2024,2,100000.0,1,2000.0,1,Electric,Automatic,Silver,used,1,Chinese_EV,Phnom Penh,Tier_1,store,17900.0,0.0,0,0.0,0,40.5,0.0,0,1,2026-08-27 12:11:29.04203+00
13833442,30300.0,10.318935994253193,Toyota,Yaris CROSS,2026,0,100000.0,1,2000.0,1,Petrol,Automatic,White,new,0,Mass_Market,Phnom Penh,Tier_1,store,30300.0,0.0,0,0.0,0,24.8,0.0,0,0,2026-08-25 10:28:55.99919+00
13617028,29900.0,10.305647203635566,Toyota,Yaris CROSS,2026,0,100000.0,1,2000.0,1,Petrol,Automatic,White,new,0,Mass_Market,Phnom Penh,Tier_1,store,29900.0,0.0,0,0.0,0,79.1,0.0,0,0,2026-08-25 10:28:54.562698+00
13555715,36900.0,10.515993929932415,Toyota,Yaris CROSS,2026,0,100000.0,1,2000.0,1,Hybrid,Automatic,White,new,0,Mass_Market,Phnom Penh,Tier_1,store,36900.0,0.0,0,0.0,0,94.7,0.0,0,0,2026-08-26 03:06:23.974009+00
13724306,30300.0,10.318935994253193,Toyota,Yaris CROSS,2026,0,100000.0,1,2000.0,1,Petrol,Automatic,White,new,0,Mass_Market,Phnom Penh,Tier_1,store,30300.0,0.0,0,0.0,0,52.9,0.0,0,0,2026-08-25 10:27:39.235951+00
13857108,29900.0,10.305647203635566,Toyota,Yaris CROSS,2026,0,100000.0,1,2000.0,1,Petrol,Automatic,White,new,0,Mass_Market,Phnom Penh,Tier_1,store,29900.0,0.0,0,0.0,0,20.7,0.0,0,0,2026-08-27 12:20:14.09107+00
13724303,36900.0,10.515993929932415,Toyota,Yaris CROSS,2026,0,100000.0,1,2000.0,1,Hybrid,Automatic,White,new,0,Mass_Market,Phnom Penh,Tier_1,store,36900.0,0.0,0,0.0,0,52.9,0.0,0,0,2026-08-25 10:27:48.442546+00
13372910,32900.0,10.401258331428318,Toyota,Yaris CROSS,2024,2,100000.0,1,2000.0,1,Petrol,Automatic,White,used,1,Mass_Market,Phnom Penh,Tier_1,store,32900.0,0.0,0,0.0,0,145.0,0.0,0,0,2026-08-27 12:16:35.191094+00
13597895,31800.0,10.367253014814716,ផ្សេងៗ,3 Ultra 501km,2025,1,100000.0,1,2000.0,1,Electric,Automatic,Other,new,0,Other,Phnom Penh,Tier_1,store,31800.0,0.0,0,0.0,0,85.9,0.0,0,0,2026-08-27 12:18:43.143365+00
13665572,47000.0,10.757924157061597,BMW,530i,2017,9,100000.0,1,2000.0,1,Petrol,Automatic,Brown,used,1,Luxury,Phnom Penh,Tier_1,store,47000.0,0.0,0,0.0,0,69.6,0.0,0,0,2026-08-27 12:09:44.173489+00
13751677,7500.0,8.922791623969637,Audi,A6,2006,20,100000.0,1,2000.0,1,Petrol,Automatic,Black,used,1,Luxury,Phnom Penh,Tier_1,individual,7500.0,0.0,0,0.0,0,46.7,0.0,0,0,2026-08-26 03:09:04.903564+00
13744666,38900.0,10.568775236216993,AVATR,AVATR 07,2026,0,100000.0,1,2000.0,1,Electric,Automatic,White,new,0,Chinese_EV,Phnom Penh,Tier_1,store,38900.0,0.0,0,0.0,0,48.5,0.0,0,0,2026-08-26 02:59:33.791809+00
13893444,38500.0,10.55843949396453,AVATR,AVATR 07,2026,0,100000.0,1,2000.0,1,Electric,Automatic,Black,new,0,Chinese_EV,Phnom Penh,Tier_1,store,38500.0,0.0,0,0.0,0,6.5,0.0,1,0,2026-08-23 02:52:47.31724+00
13922567,37200.0,10.524090921620362,AVATR,AVATR 07,2026,0,100000.0,1,2000.0,1,Electric,Automatic,Black,new,0,Chinese_EV,Phnom Penh,Tier_1,store,37200.0,0.0,0,0.0,0,2.9,0.0,0,0,2026-08-27 12:11:49.05737+00
13916318,37200.0,10.524090921620362,AVATR,AVATR 07,2026,0,100000.0,1,2000.0,1,Electric,Automatic,Black,new,0,Chinese_EV,Phnom Penh,Tier_1,store,37200.0,0.0,0,0.0,0,4.7,0.0,0,0,2026-08-27 12:11:52.588912+00
13907862,38500.0,10.55843949396453,AVATR,AVATR 07,2026,0,100000.0,1,2000.0,1,Electric,Automatic,Black,new,0,Chinese_EV,Phnom Penh,Tier_1,store,38500.0,0.0,0,0.0,0,7.0,0.0,0,0,2026-08-27 12:14:54.432816+00
13391108,39999.0,10.596634733096073,AVATR,AVATR 07,2026,0,100000.0,1,2000.0,1,Electric,Automatic,White,new,0,Chinese_EV,Phnom Penh,Tier_1,store,39999.0,0.0,0,0.0,0,138.8,0.0,0,0,2026-08-26 03:01:53.220386+00
13538886,36800.0,10.513280297700861,AVATR,AVATR 07,2026,0,100000.0,1,2000.0,1,Electric,Automatic,Grey,new,0,Chinese_EV,Phnom Penh,Tier_1,store,36800.0,0.0,0,0.0,0,97.8,0.0,0,0,2026-08-25 10:24:12.670779+00
13838679,39500.0,10.584081267024454,AVATR,AVATR 07,2026,0,100000.0,1,2000.0,1,Electric,Automatic,Black,new,0,Chinese_EV,Phnom Penh,Tier_1,store,39500.0,0.0,0,0.0,0,18.7,0.0,0,0,2026-08-21 02:53:27.388817+00
13572780,42300.0,10.652566005416872,AVATR,AVATR 07,2026,0,100000.0,1,2000.0,1,Electric,Automatic,Black,new,0,Chinese_EV,Phnom Penh,Tier_1,store,42300.0,0.0,0,0.0,0,92.0,0.0,0,0,2026-08-27 12:05:44.072134+00
13867213,37499.0,10.532096211958502,AVATR,AVATR 07,2026,0,100000.0,1,2000.0,1,Electric,Automatic,Black,new,0,Chinese_EV,Phnom Penh,Tier_1,store,37499.0,0.0,0,0.0,0,17.8,0.0,0,0,2026-08-27 12:06:21.550206+00
13445793,35800.0,10.485731104959568,AVATR,AVATR 07,2025,1,100000.0,1,2000.0,1,Electric,Automatic,White,used,1,Chinese_EV,Phnom Penh,Tier_1,store,35800.0,0.0,0,0.0,0,120.6,0.0,0,0,2026-08-25 10:29:22.43739+00
13558061,32500.0,10.389026137075234,AVATR,AVATR 07,2025,1,100000.0,1,2000.0,1,Electric,Automatic,Black,used,1,Chinese_EV,Phnom Penh,Tier_1,store,32500.0,0.0,0,0.0,0,94.4,0.0,0,0,2026-08-26 03:09:48.966629+00
13835513,38900.0,10.568775236216993,AVATR,AVATR 07,2025,1,100000.0,1,2000.0,1,Electric,Automatic,Black,new,0,Chinese_EV,Phnom Penh,Tier_1,store,38900.0,0.0,0,0.0,0,26.0,0.0,0,0,2026-08-27 12:10:53.781453+00
13846765,36500.0,10.505094936455558,AVATR,AVATR 07,2025,1,100000.0,1,2000.0,1,Electric,Manual,Black,used,1,Chinese_EV,Phnom Penh,Tier_1,store,36500.0,0.0,0,0.0,0,23.0,0.0,0,0,2026-08-27 12:14:44.567595+00
13900647,43800.0,10.687411927154141,AVATR,AVATR 07,2025,1,100000.0,1,2000.0,1,Electric,Automatic,White,used,0,Chinese_EV,Phnom Penh,Tier_1,store,43800.0,0.0,0,0.0,0,1.8,0.0,0,0,2026-08-20 08:37:32.542402+00
13657880,22499.0,10.021270588192511,AEOLUS,AX7 MACH,2025,1,100000.0,1,2000.0,1,Electric,Automatic,White,new,0,Other,Banteay Meanchey,Tier_3,individual,22499.0,0.0,0,0.0,0,71.1,0.0,0,0,2026-08-27 12:11:34.630533+00
13521720,28300.0,10.250652418696085,Ford,Aspire,2018,8,100000.0,1,2000.0,1,Diesel,Automatic,Orange,used,1,Mass_Market,Phnom Penh,Tier_1,store,28300.0,0.0,0,0.0,0,102.5,0.0,0,0,2026-08-26 03:00:28.854497+00
13422844,22500.0,10.021315031649332,Leapmotor,B10,2025,1,100000.0,1,2000.0,1,Electric,Automatic,White,new,0,Other,Phnom Penh,Tier_1,store,22500.0,0.0,0,0.0,0,127.9,0.0,0,0,2026-08-27 12:06:57.701245+00
13756884,29500.0,10.292179440058462,Mazda,BT50,2022,4,100000.0,1,2000.0,1,Diesel,Automatic,White,used,1,Mass_Market,Phnom Penh,Tier_1,store,29500.0,0.0,0,0.0,0,42.6,0.0,0,0,2026-08-23 02:53:17.442484+00
13896456,31500.0,10.357774570341576,Mazda,BT50,2022,4,100000.0,1,2000.0,1,Diesel,Automatic,Grey,used,1,Mass_Market,Phnom Penh,Tier_1,store,31500.0,0.0,0,0.0,0,7.9,0.0,0,0,2026-08-25 10:13:29.081131+00
13904921,30800.0,10.335302435967074,Mazda,BT50,2021,5,100000.0,1,2000.0,1,Diesel,Automatic,White,used,1,Mass_Market,Phnom Penh,Tier_1,individual,30800.0,0.0,0,0.0,0,7.9,0.0,0,0,2026-08-27 12:18:51.472114+00
13775474,30000.0,10.308985993422082,Mazda,BT50,2021,5,100000.0,1,2000.0,1,Diesel,Automatic,White,used,1,Mass_Market,Phnom Penh,Tier_1,store,30000.0,0.0,0,0.0,0,40.0,0.0,0,0,2026-08-25 10:29:39.06456+00
13356353,30800.0,10.335302435967074,Mazda,BT50,2021,5,100000.0,1,2000.0,1,Diesel,Automatic,White,used,1,Mass_Market,Kandal,Tier_2,store,30800.0,0.0,0,0.0,0,149.0,0.0,1,0,2026-08-27 12:08:58.045266+00
13280008,29500.0,10.292179440058462,Mazda,BT50,2021,5,100000.0,1,2000.0,1,Diesel,Automatic,White,used,1,Mass_Market,Kandal,Tier_2,store,29500.0,0.0,0,0.0,0,165.9,0.0,1,0,2026-08-25 10:25:11.378074+00
13936166,27800.0,10.2328272702548,Mazda,BT50,2021,5,100000.0,1,2000.0,1,Diesel,Automatic,White,used,1,Mass_Market,Phnom Penh,Tier_1,store,27800.0,0.0,0,0.0,0,0.0,0.0,0,0,2026-08-27 12:13:42.625002+00
13889732,27500.0,10.221977646629885,Mazda,BT50,2021,5,100000.0,1,2000.0,1,Diesel,Automatic,White,used,1,Mass_Market,Phnom Penh,Tier_1,individual,27500.0,0.0,0,0.0,0,11.9,0.0,0,0,2026-08-27 12:17:56.14498+00
13882455,34000.0,10.434145214930487,Mazda,BT50,2022,4,100000.0,1,2000.0,1,Diesel,Automatic,Grey,used,1,Mass_Market,Phnom Penh,Tier_1,store,34000.0,0.0,0,0.0,0,13.9,0.0,0,0,2026-08-27 12:05:44.600095+00
13590927,31300.0,10.351405324899678,Mazda,BT50,2021,5,100000.0,1,2000.0,1,Diesel,Automatic,White,used,1,Mass_Market,Phnom Penh,Tier_1,individual,31300.0,0.0,0,0.0,0,77.4,0.0,1,0,2026-08-17 08:51:01.705183+00
13832092,28900.0,10.27163147557801,Mazda,BT50,2022,4,100000.0,1,2000.0,1,Diesel,Automatic,White,used,1,Mass_Market,Phnom Penh,Tier_1,store,28900.0,0.0,0,0.0,0,25.7,0.0,0,0,2026-08-26 03:01:25.331191+00
13842378,30800.0,10.335302435967074,Mazda,BT50,2021,5,100000.0,1,2000.0,1,Diesel,Automatic,White,used,1,Mass_Market,Phnom Penh,Tier_1,store,30800.0,0.0,0,0.0,0,22.7,0.0,1,0,2026-08-26 03:02:52.048293+00
13924519,24000.0,10.085850775128717,Mazda,BT50,2019,7,100000.0,1,2000.0,1,Diesel,Automatic,White,used,1,Mass_Market,Phnom Penh,Tier_1,store,24000.0,0.0,0,0.0,0,0.4,0.0,0,0,2026-08-25 10:12:22.362778+00
13530979,27500.0,10.221977646629885,Mazda,BT50,2018,8,100000.0,1,2000.0,1,Diesel,Automatic,White,used,1,Mass_Market,Phnom Penh,Tier_1,store,27500.0,0.0,0,0.0,0,99.8,0.0,0,0,2026-08-26 03:09:49.616155+00
13898332,28888.0,10.271216178807896,Mazda,BT50,2019,7,100000.0,1,2000.0,1,Diesel,Automatic,White,used,1,Mass_Market,Phnom Penh,Tier_1,store,28888.0,0.0,0,0.0,0,3.2,0.0,1,0,2026-08-21 02:53:08.545129+00
13394038,27500.0,10.221977646629885,Mazda,BT50,2019,7,100000.0,1,2000.0,1,Diesel,Automatic,Black,used,1,Mass_Market,Phnom Penh,Tier_1,individual,27500.0,0.0,0,0.0,0,137.6,0.0,0,0,2026-08-25 10:25:53.109389+00
13868341,25900.0,10.16203685698089,Mazda,BT50,2014,12,100000.0,1,2000.0,1,Diesel,Automatic,White,used,1,Mass_Market,Phnom Penh,Tier_1,store,25900.0,0.0,0,0.0,0,15.2,0.0,0,0,2026-08-25 10:26:52.177761+00
13927233,24500.0,10.106469212026385,Mazda,BT50,2015,11,100000.0,1,2000.0,1,Petrol,Automatic,White,used,1,Mass_Market,Phnom Penh,Tier_1,store,24500.0,0.0,0,0.0,0,0.0,0.0,0,1,2026-08-25 10:19:56.862561+00
13817581,24500.0,10.106469212026385,Mazda,BT50,2015,11,100000.0,1,2000.0,1,Diesel,Automatic,White,used,1,Mass_Market,Siem Reap,Tier_2,store,24500.0,0.0,0,0.0,0,30.8,0.0,0,0,2026-08-27 12:10:24.414555+00
13603877,28900.0,10.27163147557801,Mazda,BT50,2022,4,100000.0,1,2000.0,1,Diesel,Automatic,Black,used,1,Mass_Market,Phnom Penh,Tier_1,store,28900.0,0.0,0,0.0,0,82.5,0.0,0,1,2026-08-25 10:26:03.263753+00
13638050,29700.0,10.298935994257638,Mazda,BT50,2020,6,100000.0,1,2000.0,1,Diesel,Automatic,White,used,1,Mass_Market,Phnom Penh,Tier_1,store,29700.0,0.0,0,0.0,0,76.1,0.0,0,0,2026-08-27 12:19:43.988557+00
13843468,28977.0,10.274292200380668,Mazda,BT50,2020,6,100000.0,1,2000.0,1,Diesel,Automatic,White,used,1,Mass_Market,Phnom Penh,Tier_1,store,28977.0,0.0,0,0.0,0,13.8,0.0,1,0,2026-08-17 08:50:50.174766+00
13906864,28999.0,10.275051108968611,Mazda,BT50,2019,7,100000.0,1,2000.0,1,Diesel,Automatic,White,used,1,Mass_Market,Phnom Penh,Tier_1,store,28999.0,0.0,0,0.0,0,0.7,0.0,0,0,2026-08-21 02:53:08.545386+00
13909557,23800.0,10.077482875583607,Mazda,BT50,2019,7,100000.0,1,2000.0,1,Diesel,Automatic,White,used,1,Mass_Market,Phnom Penh,Tier_1,store,23800.0,0.0,0,0.0,0,5.3,0.0,0,0,2026-08-26 03:06:35.751566+00
13693404,27800.0,10.2328272702548,Mazda,BT50,2020,6,100000.0,1,2000.0,1,Diesel,Automatic,Black,used,1,Mass_Market,Phnom Penh,Tier_1,store,27800.0,0.0,0,0.0,0,62.9,0.0,0,0,2026-08-27 12:17:28.501175+00
13889204,29500.0,10.292179440058462,Mazda,BT50,2022,4,100000.0,1,2000.0,1,Diesel,Automatic,Black,used,1,Mass_Market,Phnom Penh,Tier_1,store,29500.0,0.0,0,0.0,0,10.6,0.0,0,0,2026-08-26 03:06:32.600839+00
13697861,26000.0,10.165890277802454,Mazda,BT50,2020,6,100000.0,1,2000.0,1,Diesel,Automatic,Silver,used,1,Mass_Market,Phnom Penh,Tier_1,store,26000.0,0.0,0,0.0,0,61.9,0.0,0,0,2026-08-27 12:14:14.54292+00
13875141,26500.0,10.184937747111391,Mazda,BT50,2020,6,100000.0,1,2000.0,1,Diesel,Automatic,White,used,1,Mass_Market,Phnom Penh,Tier_1,store,26500.0,0.0,0,0.0,0,15.8,0.0,0,0,2026-08-27 12:15:46.84219+00
13927499,28877.0,10.270835338531164,Mazda,BT50,2019,7,100000.0,1,2000.0,1,Diesel,Automatic,White,used,1,Mass_Market,Phnom Penh,Tier_1,store,28877.0,0.0,0,0.0,0,0.5,0.0,1,0,2026-08-26 03:09:19.534135+00
13667347,29500.0,10.292179440058462,Mazda,BT50,2020,6,100000.0,1,2000.0,1,Diesel,Automatic,White,used,1,Mass_Market,Phnom Penh,Tier_1,store,29500.0,0.0,0,0.0,0,69.0,0.0,0,1,2026-08-27 12:13:58.364474+00
13663986,28900.0,10.27163147557801,Mazda,BT50,2020,6,100000.0,1,2000.0,1,Diesel,Automatic,White,used,1,Mass_Market,Phnom Penh,Tier_1,store,28900.0,0.0,0,0.0,0,69.9,0.0,1,0,2026-08-27 12:12:23.06059+00
13935552,29900.0,10.305647203635566,Mazda,BT50,2022,4,100000.0,1,2000.0,1,Diesel,Automatic,White,used,1,Mass_Market,Phnom Penh,Tier_1,individual,29900.0,0.0,0,0.0,0,0.0,0.0,1,0,2026-08-27 12:18:09.563439+00
13299413,29999.0,10.308952660644293,Toyota,BZ5 630Pro&Pro Smart,2025,1,100000.0,1,2000.0,1,Petrol,Automatic,Unknown,new,0,Mass_Market,Phnom Penh,Tier_1,store,29999.0,0.0,0,0.0,0,155.9,0.0,0,0,2026-08-20 08:37:51.428822+00
13466636,33000.0,10.404293143019792,Volkswagen,CARAVELLE (VIP)✨,2018,8,100000.0,1,2000.0,1,Petrol,Automatic,Unknown,used,1,Mass_Market,Phnom Penh,Tier_1,store,33000.0,0.0,0,0.0,0,115.4,0.0,0,0,2026-08-25 10:24:36.022116+00
13368372,48900.0,10.797553125151618,Mazda,CX60 25,2025,1,100000.0,1,2000.0,1,Petrol,Automatic,Unknown,used,1,Mass_Market,Phnom Penh,Tier_1,store,48900.0,0.0,0,0.0,0,146.1,0.0,0,0,2026-08-27 12:19:33.982941+00
13904612,11500.0,9.350189267092581,Toyota,Camry Vienta,2008,18,100000.0,1,2000.0,1,Petrol,Automatic,Black,used,1,Mass_Market,Phnom Penh,Tier_1,store,11800.0,300.0,1,0.0,0,6.6,0.0,0,0,2026-08-26 02:56:09.091494+00
13393460,39999.0,10.596634733096073,Bentley,Continental GT,2013,13,100000.0,1,2000.0,1,Petrol,Automatic,White,used,1,Luxury,Phnom Penh,Tier_1,store,39999.0,0.0,0,0.0,0,139.8,0.0,0,0,2026-08-27 12:09:39.936137+00
13733334,38800.0,10.566201298475118,Bentley,Continental GT,2013,13,100000.0,1,2000.0,1,Petrol,Automatic,White,used,1,Luxury,Phnom Penh,Tier_1,store,38800.0,0.0,0,0.0,0,51.1,0.0,0,0,2026-08-26 03:07:39.1782+00
13926597,7800.0,8.962007209588313,Toyota,Corolla,2004,22,100000.0,1,2000.0,1,Petrol,Automatic,Gold,used,0,Mass_Market,Phnom Penh,Tier_1,store,7800.0,0.0,0,0.0,0,0.0,0.0,0,1,2026-08-25 10:26:31.367564+00
13602068,4300.0,8.366602832783736,Toyota,Corolla,1998,28,100000.0,1,2000.0,1,Petrol,Automatic,Grey,used,1,Mass_Market,Phnom Penh,Tier_1,individual,4300.0,0.0,0,0.0,0,82.8,0.0,0,0,2026-08-25 10:13:58.280132+00
13908374,7800.0,8.962007209588313,Toyota,Corolla,2004,22,100000.0,1,2000.0,1,Petrol,Automatic,Unknown,used,0,Mass_Market,Phnom Penh,Tier_1,store,7800.0,0.0,0,0.0,0,0.0,0.0,0,1,2026-08-20 08:37:49.862829+00
13898263,2999.0,8.006367567650246,Toyota,Corolla,1994,32,100000.0,1,2000.0,1,Petrol,Automatic,Red,used,1,Mass_Market,Siem Reap,Tier_2,individual,2999.0,0.0,0,0.0,0,6.6,0.0,0,0,2026-08-24 10:11:14.105591+00
13726255,2950.0,7.989899374942939,Toyota,Corolla,1994,32,100000.0,1,2000.0,1,Petrol,Automatic,Green,used,1,Mass_Market,Phnom Penh,Tier_1,individual,2950.0,0.0,0,0.0,0,54.6,0.0,0,0,2026-08-27 12:05:31.777882+00
13915371,2790.0,7.934155233536322,Toyota,Corolla,1994,32,100000.0,1,2000.0,1,Petrol,Automatic,Blue,used,1,Mass_Market,Kandal,Tier_2,individual,2790.0,0.0,0,0.0,0,2.8,0.0,0,0,2026-08-25 10:14:40.281762+00
13902322,1700.0,7.438971592395862,Toyota,Corolla,1994,32,100000.0,1,2000.0,1,Petrol,Automatic,Green,used,1,Mass_Market,Phnom Penh,Tier_1,individual,1700.0,0.0,0,0.0,0,6.6,0.0,0,0,2026-08-25 10:20:29.406695+00
13777122,2900.0,7.972810784121404,Toyota,Corolla,1993,33,100000.0,1,2000.0,1,Petrol,Automatic,White,used,1,Mass_Market,Phnom Penh,Tier_1,individual,2900.0,0.0,0,0.0,0,41.8,0.0,0,0,2026-08-27 12:05:28.156037+00
13375086,6999.0,8.85366542803745,Toyota,Corolla,2005,21,100000.0,1,2000.0,1,Petrol,Automatic,Blue,used,1,Mass_Market,Phnom Penh,Tier_1,individual,6999.0,0.0,0,0.0,0,135.2,0.0,0,0,2026-08-18 10:19:07.206225+00
13796885,2550.0,7.844240718141811,Toyota,Corolla,1995,31,100000.0,1,2000.0,1,Petrol,Automatic,White,used,1,Mass_Market,Phnom Penh,Tier_1,store,2550.0,0.0,0,0.0,0,29.8,0.0,0,0,2026-08-21 02:53:11.212015+00
13864848,2850.0,7.955425088912672,Toyota,Corolla,1995,31,100000.0,1,2000.0,1,Electric,Automatic,Red,used,1,Mass_Market,Phnom Penh,Tier_1,individual,2850.0,0.0,0,0.0,0,18.6,0.0,0,0,2026-08-27 12:05:23.13431+00
13721605,2950.0,7.989899374942939,Toyota,Corolla,2005,21,100000.0,1,2000.0,1,Petrol,Automatic,Black,used,0,Mass_Market,Kampong Speu,Tier_3,individual,2950.0,0.0,0,0.0,0,55.8,0.0,0,0,2026-08-27 12:05:37.521396+00
13911245,3900.0,8.268988209506656,Toyota,Corolla,1999,27,100000.0,1,2000.0,1,Petrol,Automatic,Silver,used,1,Mass_Market,Kampong Cham,Tier_2,individual,3900.0,0.0,0,0.0,0,4.7,0.0,0,0,2026-08-26 03:05:56.741751+00
13924464,7900.0,8.974744612722734,Toyota,Corolla,2004,22,100000.0,1,2000.0,1,Petrol,Automatic,White,used,1,Mass_Market,Phnom Penh,Tier_1,individual,7900.0,0.0,0,0.0,0,0.5,0.0,0,0,2026-08-25 10:12:29.932149+00
13251709,5500.0,8.612685172875459,Toyota,Corolla,1998,28,100000.0,1,2000.0,1,Petrol,Automatic,Gold,used,1,Mass_Market,Tboung Khmum,Tier_3,store,5500.0,0.0,0,0.0,0,173.7,0.0,0,0,2026-08-26 03:00:09.060235+00
13825177,9500.0,9.15915233520675,Toyota,Corolla,2003,23,100000.0,1,2000.0,1,Petrol,Automatic,White,used,1,Mass_Market,Phnom Penh,Tier_1,store,9500.0,0.0,0,0.0,0,28.9,0.0,0,0,2026-08-27 12:11:12.189389+00
13929388,7400.0,8.909370405197466,Toyota,Corolla,2003,23,100000.0,1,2000.0,1,Petrol,Automatic,Orange,used,0,Mass_Market,Phnom Penh,Tier_1,store,7400.0,0.0,0,0.0,0,0.0,0.0,0,0,2026-08-26 03:09:31.879144+00
13927183,7400.0,8.909370405197466,Toyota,Corolla,2003,23,100000.0,1,2000.0,1,Petrol,Automatic,Unknown,used,0,Mass_Market,Phnom Penh,Tier_1,store,7400.0,0.0,0,0.0,0,0.0,0.0,0,0,2026-08-25 10:20:13.772886+00
13926815,7400.0,8.909370405197466,Toyota,Corolla,2003,23,100000.0,1,2000.0,1,Petrol,Automatic,Unknown,used,0,Mass_Market,Phnom Penh,Tier_1,store,7400.0,0.0,0,0.0,0,0.0,0.0,0,0,2026-08-25 10:25:08.665415+00
13889944,7400.0,8.909370405197466,Toyota,Corolla,2003,23,100000.0,1,2000.0,1,Petrol,Automatic,Unknown,used,1,Mass_Market,Phnom Penh,Tier_1,store,7400.0,0.0,0,0.0,0,2.8,0.0,0,0,2026-08-18 10:19:00.456129+00
13876701,7300.0,8.895766604056085,Toyota,Corolla,2003,23,100000.0,1,2000.0,1,Petrol,Automatic,Unknown,used,1,Mass_Market,Phnom Penh,Tier_1,store,7300.0,0.0,0,0.0,0,6.1,0.0,0,0,2026-08-18 10:19:00.456129+00
13910519,7500.0,8.922791623969637,Toyota,Corolla,2003,23,100000.0,1,2000.0,1,Petrol,Automatic,Unknown,used,0,Mass_Market,Phnom Penh,Tier_1,store,7500.0,0.0,0,0.0,0,0.0,0.0,0,1,2026-08-21 02:53:24.916934+00
13694252,9000.0,9.105090961257085,Toyota,Corolla,2003,23,100000.0,1,2000.0,1,Diesel,Automatic,Gold,used,0,Mass_Market,Phnom Penh,Tier_1,individual,9000.0,0.0,0,0.0,0,60.7,0.0,0,1,2026-08-25 10:17:03.409402+00
13859007,9500.0,9.15915233520675,Toyota,Corolla,2003,23,100000.0,1,2000.0,1,Petrol,Automatic,White,used,1,Mass_Market,Phnom Penh,Tier_1,store,9500.0,0.0,0,0.0,0,20.0,0.0,0,0,2026-08-27 12:11:15.682535+00
13392806,9400.0,9.148571345578551,Toyota,Corolla,2003,23,100000.0,1,2000.0,1,Petrol,Automatic,White,used,1,Mass_Market,Phnom Penh,Tier_1,store,9400.0,0.0,0,0.0,0,132.8,0.0,0,0,2026-08-20 08:37:51.427773+00
13704669,6800.0,8.824824939175638,Toyota,Corolla,2003,23,100000.0,1,2000.0,1,Petrol,Automatic,Black,used,1,Mass_Market,Phnom Penh,Tier_1,store,6800.0,0.0,0,0.0,0,57.9,0.0,0,0,2026-08-25 10:21:15.801973+00
13888242,8900.0,9.093918908958932,Toyota,Corolla,2003,23,100000.0,1,2000.0,1,Petrol,Automatic,Gold,used,1,Mass_Market,Phnom Penh,Tier_1,individual,8900.0,0.0,0,0.0,0,10.8,0.0,0,0,2026-08-26 03:06:40.391989+00
13901154,8800.0,9.082620630373812,Toyota,Corolla,2003,23,100000.0,1,2000.0,1,Petrol,Automatic,White,used,1,Mass_Market,Phnom Penh,Tier_1,store,8800.0,0.0,0,0.0,0,7.5,0.0,0,0,2026-08-26 03:01:24.597241+00
13824754,7600.0,8.936035096566041,Toyota,Corolla,2003,23,100000.0,1,2000.0,1,Petrol,Automatic,Silver,used,1,Mass_Market,Phnom Penh,Tier_1,individual,7600.0,0.0,0,0.0,0,22.5,0.0,0,0,2026-08-21 02:53:08.537347+00
13897132,7500.0,8.922791623969637,Toyota,Corolla,2003,23,100000.0,1,2000.0,1,Petrol,Automatic,Unknown,used,0,Mass_Market,Phnom Penh,Tier_1,store,7500.0,0.0,0,0.0,0,0.0,0.0,0,1,2026-08-17 08:51:01.679157+00
13677954,8350.0,9.03013657115323,Toyota,Corolla,2003,23,100000.0,1,2000.0,1,Petrol,Automatic,Gold,used,1,Mass_Market,Phnom Penh,Tier_1,individual,8350.0,0.0,0,0.0,0,63.0,0.0,0,1,2026-08-24 10:11:19.255513+00
13760623,9168.0,9.1235835080499,Toyota,Corolla,2003,23,100000.0,1,2000.0,1,Petrol,Automatic,White,used,1,Mass_Market,Svay Rieng,Tier_3,individual,9168.0,0.0,0,0.0,0,39.5,0.0,0,0,2026-08-21 02:53:18.607446+00
13744738,9500.0,9.15915233520675,Toyota,Corolla,2003,23,100000.0,1,2000.0,1,Petrol,Automatic,Silver,used,1,Mass_Market,Phnom Penh,Tier_1,store,9500.0,0.0,0,0.0,0,49.9,0.0,0,0,2026-08-27 12:08:24.769247+00
13673865,2950.0,7.989899374942939,Toyota,Corolla,1995,31,100000.0,1,2000.0,1,Petrol,Automatic,White,used,1,Mass_Market,Kampong Chhnang,Tier_3,individual,2950.0,0.0,0,0.0,0,67.2,0.0,0,0,2026-08-27 12:05:35.045002+00
13452486,5399.0,8.594154232552366,Toyota,Corolla,2001,25,100000.0,1,2000.0,1,Petrol,Automatic,Gold,used,1,Mass_Market,Phnom Penh,Tier_1,individual,5399.0,0.0,0,0.0,0,110.8,0.0,0,0,2026-08-17 08:51:08.274398+00
13724309,47900.0,10.776891660007811,Toyota,Corolla,2026,0,100000.0,1,2000.0,1,Petrol,Automatic,White,new,0,Mass_Market,Phnom Penh,Tier_1,store,47900.0,0.0,0,0.0,0,52.9,0.0,0,0,2026-08-25 10:27:39.958357+00
13923492,4500.0,8.412054873292933,Toyota,Corolla,2002,24,100000.0,1,2000.0,1,Petrol,Automatic,Unknown,used,1,Mass_Market,Phnom Penh,Tier_1,individual,4500.0,0.0,0,0.0,0,0.0,0.0,0,0,2026-08-24 10:11:05.982263+00
13724308,49900.0,10.817796321618971,Toyota,Corolla,2026,0,100000.0,1,2000.0,1,Hybrid,Automatic,White,new,0,Mass_Market,Phnom Penh,Tier_1,store,49900.0,0.0,0,0.0,0,52.9,0.0,0,0,2026-08-25 10:27:41.265706+00
13750784,4700.0,8.45553053102413,Toyota,Corolla,1998,28,100000.0,1,2000.0,1,Petrol,Automatic,Gold,used,1,Mass_Market,Kep,Tier_3,individual,4700.0,0.0,0,0.0,0,41.8,0.0,0,0,2026-08-21 02:53:17.468924+00
13889557,4400.0,8.38958706681109,Toyota,Corolla,1999,27,100000.0,1,2000.0,1,Petrol,Automatic,Gold,used,1,Mass_Market,Phnom Penh,Tier_1,individual,4400.0,0.0,0,0.0,0,9.9,0.0,0,0,2026-08-25 10:23:55.158089+00
13910535,7800.0,8.962007209588313,Toyota,Corolla,2004,22,100000.0,1,2000.0,1,Petrol,Automatic,Unknown,used,0,Mass_Market,Phnom Penh,Tier_1,store,7800.0,0.0,0,0.0,0,0.0,0.0,0,1,2026-08-21 02:53:23.578844+00
13886056,3700.0,8.216358332386156,Toyota,Corolla,1998,28,100000.0,1,2000.0,1,Petrol,Automatic,Black,used,1,Mass_Market,Phnom Penh,Tier_1,store,3700.0,0.0,0,0.0,0,9.8,0.0,0,0,2026-08-24 10:11:10.067884+00
13917618,4750.0,8.46611040118692,Toyota,Corolla,1998,28,100000.0,1,2000.0,1,Petrol,Automatic,Grey,used,1,Mass_Market,Banteay Meanchey,Tier_3,individual,4750.0,0.0,0,0.0,0,2.7,0.0,0,0,2026-08-26 03:09:30.094001+00
13893333,3500.0,8.160803920954665,Toyota,Corolla,1996,30,100000.0,1,2000.0,1,Petrol,Automatic,Gold,used,0,Mass_Market,Phnom Penh,Tier_1,individual,3500.0,0.0,0,0.0,0,3.7,0.0,0,0,2026-08-20 08:37:38.103207+00
13929461,2800.0,7.937731775260109,Toyota,Corolla,1996,30,100000.0,1,2000.0,1,Petrol,Automatic,Red,used,1,Mass_Market,Phnom Penh,Tier_1,individual,2800.0,0.0,0,0.0,0,0.0,0.0,0,0,2026-08-26 03:05:38.523646+00
13769905,3999.0,8.294049640102028,Toyota,Corolla,1996,30,100000.0,1,2000.0,1,Petrol,Automatic,Green,used,1,Mass_Market,Phnom Penh,Tier_1,individual,3999.0,0.0,0,0.0,0,43.7,0.0,0,0,2026-08-27 12:17:36.522156+00
13926178,5900.0,8.682877107057168,Toyota,Corolla,2001,25,100000.0,1,2000.0,1,Petrol,Automatic,Silver,used,1,Mass_Market,Kandal,Tier_2,individual,5900.0,0.0,0,0.0,0,0.6,0.0,0,0,2026-08-26 03:10:17.104823+00
13901602,3500.0,8.160803920954665,Toyota,Corolla,1998,28,100000.0,1,2000.0,1,Petrol,Automatic,Unknown,used,1,Mass_Market,Phnom Penh,Tier_1,individual,3500.0,0.0,0,0.0,0,0.0,0.0,0,0,2026-08-18 10:18:59.540992+00
13734630,39900.0,10.594156665220533,Hyundai,Custin,2025,1,100000.0,1,2000.0,1,Petrol,Automatic,Blue,new,0,Mass_Market,Phnom Penh,Tier_1,store,39900.0,0.0,0,0.0,0,52.1,0.0,0,0,2026-08-27 12:18:59.441841+00
13586877,39900.0,10.594156665220533,Hyundai,Custin,2025,1,100000.0,1,2000.0,1,Petrol,Automatic,White,new,0,Mass_Market,Siem Reap,Tier_2,store,39900.0,0.0,0,0.0,0,85.7,0.0,0,0,2026-08-24 10:11:19.257637+00
13523933,40400.0,10.606609816118151,Hyundai,Custin,2025,1,100000.0,1,2000.0,1,Petrol,Automatic,White,new,0,Mass_Market,Siem Reap,Tier_2,store,40400.0,0.0,0,0.0,0,100.0,0.0,0,0,2026-08-24 10:11:19.257637+00
13712794,21800.0,9.989711119284745,GAC,EMKOO,2025,1,100000.0,1,2000.0,1,Petrol,Automatic,White,used,1,Chinese_EV,Phnom Penh,Tier_1,individual,21800.0,0.0,0,0.0,0,55.8,0.0,0,0,2026-08-25 10:29:20.579132+00
13839398,24000.0,10.085850775128717,GAC,EMKOO,2025,1,100000.0,1,2000.0,1,Petrol,Automatic,Silver,new,0,Chinese_EV,Phnom Penh,Tier_1,store,24000.0,0.0,0,0.0,0,17.8,0.0,0,0,2026-08-20 08:37:32.54265+00
13927630,18000.0,9.798182590890704,Honda,EP2,2025,1,100000.0,1,2000.0,1,Electric,Automatic,Black,used,1,Mass_Market,Kratie,Tier_3,individual,18000.0,0.0,0,0.0,0,0.0,0.0,0,0,2026-08-25 10:15:03.12958+00
13502625,25999.0,10.165851817003619,ផ្សេងៗ,EV,2026,0,100000.0,1,2000.0,1,Electric,Automatic,White,new,0,Other,Phnom Penh,Tier_1,store,25999.0,0.0,0,0.0,0,108.0,0.0,0,0,2026-08-27 12:15:43.196352+00
13719424,28999.0,10.275051108968611,ផ្សេងៗ,EV,2026,0,100000.0,1,2000.0,1,Electric,Automatic,White,new,0,Other,Phnom Penh,Tier_1,store,28999.0,0.0,0,0.0,0,56.1,0.0,0,0,2026-08-27 12:15:42.630009+00
13828705,113000.0,11.635151947212842,Cadillac,Escalade,2021,5,100000.0,1,2000.0,1,Petrol,Automatic,Black,used,1,Luxury,Phnom Penh,Tier_1,store,113000.0,0.0,0,0.0,0,28.0,0.0,0,0,2026-08-27 12:14:54.966817+00
13507756,229000.0,12.34148164933907,Cadillac,Escalade,2026,0,100000.0,1,2000.0,1,Petrol,Automatic,Black,new,0,Luxury,Phnom Penh,Tier_1,store,229000.0,0.0,0,0.0,0,107.0,0.0,0,1,2026-08-27 12:17:15.222419+00
13305466,74000.0,11.211833885608513,Cadillac,Escalade,2019,7,100000.0,1,2000.0,1,Petrol,Automatic,Black,used,1,Luxury,Phnom Penh,Tier_1,individual,74000.0,0.0,0,0.0,0,160.6,0.0,0,0,2026-08-26 03:08:34.496216+00
13923236,89800.0,11.405351390085748,Cadillac,Escalade,2022,4,100000.0,1,2000.0,1,Petrol,Automatic,Black,used,1,Luxury,Phnom Penh,Tier_1,store,89800.0,0.0,0,0.0,0,0.0,0.0,0,0,2026-08-24 10:11:16.252622+00
13936301,99900.0,11.511934974596555,Cadillac,Escalade ESV,2021,5,100000.0,1,2000.0,1,Petrol,Automatic,White,used,1,Luxury,Phnom Penh,Tier_1,store,99900.0,0.0,0,0.0,0,0.0,0.0,0,0,2026-08-27 12:12:12.330575+00
13923510,107900.0,11.588969419043872,Cadillac,Escalade ESV,2021,5,100000.0,1,2000.0,1,Petrol,Automatic,Black,used,1,Luxury,Phnom Penh,Tier_1,store,107900.0,0.0,0,0.0,0,0.0,0.0,0,0,2026-08-24 10:11:05.982263+00
13764617,243000.0,12.400820837540556,Cadillac,Escalade ESV,2026,0,100000.0,1,2000.0,1,Petrol,Automatic,Black,new,0,Luxury,Phnom Penh,Tier_1,store,243000.0,0.0,0,0.0,0,44.8,0.0,0,0,2026-08-27 12:08:35.284536+00
13642985,147900.0,11.904298410001253,Cadillac,Escalade ESV,2023,3,100000.0,1,2000.0,1,Petrol,Automatic,Black,used,1,Luxury,Phnom Penh,Tier_1,store,147900.0,0.0,0,0.0,0,67.9,0.0,0,0,2026-08-20 08:37:42.605175+00
13764603,253000.0,12.441148720271016,Cadillac,Escalade ESV,2026,0,100000.0,1,2000.0,1,Petrol,Automatic,Black,new,0,Luxury,Phnom Penh,Tier_1,store,253000.0,0.0,0,0.0,0,44.9,0.0,0,0,2026-08-27 12:08:19.896277+00
13722846,258000.0,12.460718739865236,Cadillac,Escalade ESV,2026,0,100000.0,1,2000.0,1,Petrol,Automatic,Black,new,0,Luxury,Phnom Penh,Tier_1,store,258000.0,0.0,0,0.0,0,53.8,0.0,0,0,2026-08-26 02:58:12.259381+00
13786347,199999.0,12.206072645530174,Cadillac,Escalade ESV,2025,1,100000.0,1,2000.0,1,Petrol,Automatic,White,used,1,Luxury,Phnom Penh,Tier_1,store,199999.0,0.0,0,0.0,0,39.0,0.0,0,0,2026-08-27 12:16:21.350799+00
13857097,193999.0,12.175613438045465,Cadillac,Escalade ESV,2025,1,100000.0,1,2000.0,1,Petrol,Automatic,Black,new,1,Luxury,Phnom Penh,Tier_1,store,193999.0,0.0,0,0.0,0,20.7,0.0,0,0,2026-08-27 12:16:16.834184+00
13392840,119999.0,11.695247021764184,Cadillac,Escalade ESV,2021,5,100000.0,1,2000.0,1,Petrol,Automatic,Black,used,1,Luxury,Phnom Penh,Tier_1,store,119999.0,0.0,0,0.0,0,139.9,0.0,0,0,2026-08-27 12:09:42.270288+00
13553462,8900.0,9.093918908958932,Ford,Fiesta,2015,11,100000.0,1,2000.0,1,Petrol,Automatic,Red,used,1,Mass_Market,Phnom Penh,Tier_1,individual,8900.0,0.0,0,0.0,0,87.7,0.0,0,0,2026-08-18 10:19:03.459664+00
13901736,169000.0,12.037659911047468,Mercedes-Benz,GLE,2025,1,100000.0,1,2000.0,1,Petrol,Automatic,Unknown,used,1,Luxury,Phnom Penh,Tier_1,store,169000.0,0.0,0,0.0,0,0.0,0.0,0,0,2026-08-18 10:18:56.716471+00
13265160,73333.0,11.202779627534158,Mercedes-Benz,GLE-Class,2020,6,100000.0,1,2000.0,1,Petrol,Automatic,Black,used,1,Luxury,Phnom Penh,Tier_1,store,73333.0,0.0,0,0.0,0,170.3,0.0,0,0,2026-08-26 03:08:27.205474+00
13845782,24900.0,10.122663242288953,MG,GT,2025,1,100000.0,1,2000.0,1,Petrol,Automatic,Grey,used,1,Chinese_EV,Phnom Penh,Tier_1,individual,24900.0,0.0,0,0.0,0,23.1,0.0,0,0,2026-08-27 12:14:39.431438+00
13825078,19960.0,9.901535648810883,MG,GT,2022,4,100000.0,1,2000.0,1,Petrol,Automatic,Yellow,used,1,Chinese_EV,Phnom Penh,Tier_1,individual,19960.0,0.0,0,0.0,0,23.5,0.0,1,1,2026-08-22 02:44:59.594635+00
13827570,22000.0,9.99884318585288,MG,GT,2022,4,100000.0,1,2000.0,1,Petrol,Automatic,Blue,used,1,Chinese_EV,Phnom Penh,Tier_1,individual,22000.0,0.0,0,0.0,0,22.7,0.0,0,0,2026-08-22 02:44:38.710748+00
13639002,144300.0,11.87965667474488,Rolls-Royce,Ghost,2014,12,100000.0,1,2000.0,1,Petrol,Automatic,Black,used,1,Luxury,Phnom Penh,Tier_1,store,144300.0,0.0,0,0.0,0,74.7,0.0,0,0,2026-08-26 03:02:38.736898+00
13843728,95000.0,11.461642696843066,Rolls-Royce,Ghost,2014,12,100000.0,1,2000.0,1,Petrol,Automatic,Black,used,1,Luxury,Phnom Penh,Tier_1,store,95000.0,0.0,0,0.0,0,17.5,0.0,0,0,2026-08-21 02:53:12.553207+00
13914403,138500.0,11.83863282480007,Rolls-Royce,Ghost,2014,12,100000.0,1,2000.0,1,Petrol,Automatic,Black,used,1,Luxury,Phnom Penh,Tier_1,store,138500.0,0.0,0,0.0,0,3.7,0.0,0,0,2026-08-26 02:57:40.391041+00
13901481,168888.0,12.03699697338076,Rolls-Royce,Ghost,2015,11,100000.0,1,2000.0,1,Petrol,Automatic,Black,used,1,Luxury,Phnom Penh,Tier_1,store,168888.0,0.0,0,0.0,0,0.0,0.0,0,0,2026-08-18 10:19:02.521185+00
13675025,44900.0,10.712215345197256,Toyota,Hilux Rally,2025,1,100000.0,1,2000.0,1,Diesel,Automatic,White,used,1,Mass_Market,Phnom Penh,Tier_1,store,44900.0,0.0,0,0.0,0,67.0,0.0,0,0,2026-08-27 12:16:43.36013+00
13935723,34500.0,10.448743588106625,Toyota,Hilux Rally,2021,5,100000.0,1,2000.0,1,Diesel,Automatic,White,used,1,Mass_Market,Phnom Penh,Tier_1,store,34500.0,0.0,0,0.0,0,0.0,0.0,0,0,2026-08-27 12:16:22.317786+00
13283246,38800.0,10.566201298475118,Toyota,Hilux Rally,2021,5,100000.0,1,2000.0,1,Diesel,Automatic,Grey,used,1,Mass_Market,Phnom Penh,Tier_1,store,38800.0,0.0,0,0.0,0,165.7,0.0,1,0,2026-08-26 03:00:46.810938+00
13658409,39800.0,10.591647316585027,Toyota,Hilux Rally,2021,5,100000.0,1,2000.0,1,Diesel,Automatic,White,used,1,Mass_Market,Phnom Penh,Tier_1,store,39800.0,0.0,0,0.0,0,69.7,0.0,1,0,2026-08-26 02:56:34.411465+00
13908646,39500.0,10.584081267024454,Toyota,Hilux Rally,2021,5,100000.0,1,2000.0,1,Diesel,Automatic,White,used,1,Mass_Market,Phnom Penh,Tier_1,individual,39500.0,0.0,0,0.0,0,0.0,0.0,0,1,2026-08-20 08:37:35.44924+00
13890792,39000.0,10.571342565808699,Toyota,Hilux Rally,2022,4,100000.0,1,2000.0,1,Petrol,Automatic,White,used,1,Mass_Market,Phnom Penh,Tier_1,store,39000.0,0.0,0,0.0,0,9.6,0.0,0,0,2026-08-25 10:21:48.665465+00
13726456,42500.0,10.657282884047461,Toyota,Hilux Rally,2022,4,100000.0,1,2000.0,1,Diesel,Automatic,White,used,1,Mass_Market,Phnom Penh,Tier_1,store,42500.0,0.0,0,0.0,0,53.2,0.0,0,0,2026-08-26 03:01:47.659704+00
13832878,39000.0,10.571342565808699,Toyota,Hilux Rally,2022,4,100000.0,1,2000.0,1,Petrol,Automatic,White,used,1,Mass_Market,Phnom Penh,Tier_1,store,39000.0,0.0,0,0.0,0,24.9,0.0,0,0,2026-08-25 10:25:07.054887+00
13248891,42300.0,10.652566005416872,Toyota,Hilux Rally,2022,4,100000.0,1,2000.0,1,Diesel,Automatic,White,used,1,Mass_Market,Kandal,Tier_2,store,42300.0,0.0,0,0.0,0,176.0,0.0,0,0,2026-08-27 12:15:57.725689+00
13687176,40800.0,10.616461869895815,Toyota,Hilux Rally,2022,4,100000.0,1,2000.0,1,Diesel,Automatic,White,used,1,Mass_Market,Phnom Penh,Tier_1,store,40800.0,0.0,0,0.0,0,62.0,0.0,1,0,2026-08-25 10:24:48.668602+00
13775579,36000.0,10.491301994830229,Toyota,Hilux Rally,2021,5,100000.0,1,2000.0,1,Diesel,Automatic,Green,used,1,Mass_Market,Phnom Penh,Tier_1,store,36000.0,0.0,0,0.0,0,42.0,0.0,0,0,2026-08-27 12:20:40.308661+00
13267091,37000.0,10.518700218288165,Toyota,Hilux Rally,2021,5,100000.0,1,2000.0,1,Diesel,Automatic,Grey,used,1,Mass_Market,Phnom Penh,Tier_1,store,37000.0,0.0,0,0.0,0,171.0,0.0,0,0,2026-08-27 12:08:01.375239+00
13835607,38900.0,10.568775236216993,Toyota,Hilux Rally,2022,4,100000.0,1,2000.0,1,Petrol,Automatic,White,used,1,Mass_Market,Phnom Penh,Tier_1,store,39500.0,600.0,1,0.0,0,26.0,0.0,0,0,2026-08-27 12:17:51.634874+00
13848061,39000.0,10.571342565808699,Toyota,Hilux Rally,2022,4,100000.0,1,2000.0,1,Petrol,Automatic,White,used,1,Mass_Market,Phnom Penh,Tier_1,store,39000.0,0.0,0,0.0,0,19.8,0.0,0,0,2026-08-24 10:11:09.075067+00
13923469,39300.0,10.579005242826247,Toyota,Hilux Rally,2022,4,100000.0,1,2000.0,1,Diesel,Automatic,White,used,1,Mass_Market,Phnom Penh,Tier_1,store,39300.0,0.0,0,0.0,0,0.0,0.0,0,0,2026-08-24 10:11:07.045674+00
13712472,36500.0,10.505094936455558,Toyota,Hilux Rally,2020,6,100000.0,1,2000.0,1,Diesel,Automatic,White,used,1,Mass_Market,Phnom Penh,Tier_1,store,36500.0,0.0,0,0.0,0,58.0,0.0,0,0,2026-08-27 12:06:24.317164+00
13775394,35500.0,10.477316144080852,Toyota,Hilux Rally,2020,6,100000.0,1,2000.0,1,Diesel,Automatic,White,used,1,Mass_Market,Phnom Penh,Tier_1,store,35500.0,0.0,0,0.0,0,40.0,0.0,0,0,2026-08-25 10:24:24.787777+00
13876403,32500.0,10.389026137075234,Toyota,Hilux Rally,2020,6,100000.0,1,2000.0,1,Diesel,Automatic,Black,used,1,Mass_Market,Phnom Penh,Tier_1,store,32500.0,0.0,0,0.0,0,13.8,0.0,0,0,2026-08-26 03:06:41.923076+00
13774338,36888.0,10.515668682606062,Toyota,Hilux Rally,2020,6,100000.0,1,2000.0,1,Diesel,Automatic,White,used,1,Mass_Market,Phnom Penh,Tier_1,store,36888.0,0.0,0,0.0,0,40.8,0.0,0,0,2026-08-26 02:58:13.201506+00
13854930,34000.0,10.434145214930487,Toyota,Hilux Rally,2020,6,100000.0,1,2000.0,1,Diesel,Automatic,White,used,1,Mass_Market,Phnom Penh,Tier_1,individual,34000.0,0.0,0,0.0,0,19.7,0.0,0,1,2026-08-26 03:04:33.345244+00
13690116,37800.0,10.540090836284206,Toyota,Hilux Rally,2020,6,100000.0,1,2000.0,1,Diesel,Automatic,White,used,1,Mass_Market,Phnom Penh,Tier_1,store,37800.0,0.0,0,0.0,0,63.8,0.0,1,0,2026-08-27 12:12:41.952385+00
13901768,34800.0,10.457401400981889,Toyota,Hilux Rally,2020,6,100000.0,1,2000.0,1,Diesel,Automatic,White,used,1,Mass_Market,Phnom Penh,Tier_1,individual,34800.0,0.0,0,0.0,0,0.0,0.0,0,0,2026-08-18 10:18:54.872942+00
13837353,35999.0,10.491274217438248,Toyota,Hilux Rally,2020,6,100000.0,1,2000.0,1,Diesel,Automatic,White,used,1,Mass_Market,Phnom Penh,Tier_1,individual,35999.0,0.0,0,0.0,0,20.2,0.0,0,0,2026-08-22 02:44:50.614853+00
13883445,35500.0,10.477316144080852,Toyota,Hilux Rally,2025,1,100000.0,1,2000.0,1,Diesel,Automatic,White,used,1,Mass_Market,Phnom Penh,Tier_1,store,50800.0,15300.0,1,0.0,0,13.7,0.0,0,0,2026-08-27 12:07:08.706254+00
13801729,44900.0,10.712215345197256,Toyota,Hilux Rally,2026,0,100000.0,1,2000.0,1,Diesel,Automatic,Black,used,1,Mass_Market,Phnom Penh,Tier_1,store,44900.0,0.0,0,0.0,0,35.0,0.0,0,0,2026-08-27 12:16:42.204262+00
13901787,33300.0,10.413342705547674,Toyota,Hilux Rally,2019,7,100000.0,1,2000.0,1,Diesel,Automatic,Black,used,1,Mass_Market,Phnom Penh,Tier_1,individual,33300.0,0.0,0,0.0,0,7.4,0.0,0,1,2026-08-26 02:59:22.315349+00
13893026,42900.0,10.666650414667744,Toyota,Hilux Rally,2025,1,100000.0,1,2000.0,1,Diesel,Automatic,White,used,1,Mass_Market,Phnom Penh,Tier_1,store,42900.0,0.0,0,0.0,0,7.8,0.0,0,0,2026-08-24 10:11:21.32214+00
13935761,34500.0,10.448743588106625,Toyota,Hilux Rally,2021,5,100000.0,1,2000.0,1,Diesel,Automatic,White,used,1,Mass_Market,Phnom Penh,Tier_1,store,34500.0,0.0,0,0.0,0,0.0,0.0,0,0,2026-08-27 12:15:59.541594+00
13786719,45900.0,10.734242182303689,Toyota,Hilux Rally,2026,0,100000.0,1,2000.0,1,Diesel,Automatic,White,used,1,Mass_Market,Phnom Penh,Tier_1,store,46500.0,600.0,1,0.0,0,38.9,0.0,0,0,2026-08-27 12:16:41.657555+00
13724315,46200.0,10.740756721857226,Toyota,Hilux Rally,2026,0,100000.0,1,2000.0,1,Diesel,Automatic,White,new,0,Mass_Market,Phnom Penh,Tier_1,store,46200.0,0.0,0,0.0,0,52.9,0.0,0,0,2026-08-25 10:29:11.297011+00
13772338,42500.0,10.657282884047461,Toyota,Hilux Rally,2023,3,100000.0,1,2000.0,1,Diesel,Automatic,White,used,1,Mass_Market,Phnom Penh,Tier_1,store,42500.0,0.0,0,0.0,0,42.9,0.0,0,0,2026-08-27 12:17:05.532089+00
13509904,43500.0,10.680539205318292,Toyota,Hilux Rally,2023,3,100000.0,1,2000.0,1,Diesel,Automatic,White,used,1,Mass_Market,Phnom Penh,Tier_1,store,43500.0,0.0,0,0.0,0,105.3,0.0,0,0,2026-08-26 03:08:56.927227+00
13680127,44300.0,10.698762529141884,Toyota,Hilux Rally,2023,3,100000.0,1,2000.0,1,Diesel,Automatic,White,used,1,Mass_Market,Kandal,Tier_2,store,44300.0,0.0,0,0.0,0,65.8,0.0,0,0,2026-08-27 12:16:00.108212+00
13753295,44500.0,10.703266939811954,Toyota,Hilux Rally,2023,3,100000.0,1,2000.0,1,Diesel,Automatic,White,used,1,Mass_Market,Phnom Penh,Tier_1,individual,44500.0,0.0,0,0.0,0,40.7,0.0,0,0,2026-08-20 08:37:39.453461+00
13724675,51100.0,10.841559345471941,Toyota,Hilux Rally,2027,0,100000.0,1,2000.0,1,Diesel,Automatic,White,new,0,Mass_Market,Phnom Penh,Tier_1,store,51100.0,0.0,0,0.0,0,53.6,0.0,0,0,2026-08-26 03:10:15.583086+00
13810610,42000.0,10.645448706505872,Toyota,Hilux Rally,2024,2,100000.0,1,2000.0,1,Diesel,Automatic,White,used,1,Mass_Market,Phnom Penh,Tier_1,store,42000.0,0.0,0,0.0,0,32.8,0.0,0,0,2026-08-27 12:08:44.032438+00
13900950,46200.0,10.740756721857226,Toyota,Hilux Rally,2026,0,100000.0,1,2000.0,1,Diesel,Automatic,White,new,0,Mass_Market,Phnom Penh,Tier_1,store,46200.0,0.0,0,0.0,0,6.8,0.0,0,0,2026-08-25 10:28:56.665423+00
13669504,36000.0,10.491301994830229,Toyota,Hilux Rally,2021,5,100000.0,1,2000.0,1,Diesel,Automatic,Black,used,1,Mass_Market,Phnom Penh,Tier_1,individual,36000.0,0.0,0,0.0,0,67.3,0.0,0,0,2026-08-26 02:56:31.719256+00
13703916,7315.0,8.897819009510757,BMW,I3,2014,12,100000.0,1,2000.0,1,Electric,Automatic,White,used,0,Luxury,Phnom Penh,Tier_1,store,7315.0,0.0,0,0.0,0,58.7,0.0,0,0,2026-08-26 03:05:46.684515+00
13301679,12000.0,9.392745258631441,BMW,I3,2015,11,100000.0,1,2000.0,1,Electric,Automatic,Grey,used,0,Luxury,Phnom Penh,Tier_1,store,12000.0,0.0,0,0.0,0,162.8,0.0,0,0,2026-08-27 12:19:10.140775+00
13784360,8500.0,9.04793908261736,BMW,I3,2015,11,100000.0,1,2000.0,1,Petrol,Automatic,White,used,0,Luxury,Phnom Penh,Tier_1,individual,8500.0,0.0,0,0.0,0,38.4,0.0,0,0,2026-08-26 03:09:17.418264+00
13834006,7700.0,8.94910546953925,BMW,I3,2015,11,100000.0,1,2000.0,1,Hybrid,Automatic,Grey,used,0,Luxury,Phnom Penh,Tier_1,store,7700.0,0.0,0,0.0,0,26.8,0.0,0,0,2026-08-27 12:08:31.510005+00
13630983,10900.0,9.296609807128359,BMW,I3,2015,11,100000.0,1,2000.0,1,Electric,Automatic,Grey,used,1,Luxury,Phnom Penh,Tier_1,store,10900.0,0.0,0,0.0,0,75.8,0.0,0,0,2026-08-25 10:26:52.7472+00
13591348,12500.0,9.433563920090563,BMW,I3,2015,11,100000.0,1,2000.0,1,Petrol,Automatic,White,used,1,Luxury,Phnom Penh,Tier_1,store,12500.0,0.0,0,0.0,0,87.2,0.0,0,0,2026-08-27 12:19:14.076968+00
13664472,8600.0,9.059633754551479,BMW,I3,2015,11,100000.0,1,2000.0,1,Electric,Automatic,White,used,0,Luxury,Phnom Penh,Tier_1,store,8600.0,0.0,0,0.0,0,69.9,0.0,0,0,2026-08-27 12:06:58.840164+00
13923079,11500.0,9.350189267092581,BMW,I3,2015,11,100000.0,1,2000.0,1,Hybrid,Automatic,Grey,used,1,Luxury,Phnom Penh,Tier_1,store,11500.0,0.0,0,0.0,0,0.8,0.0,1,0,2026-08-25 10:22:49.975353+00
13777970,7600.0,8.936035096566041,BMW,I3,2015,11,100000.0,1,2000.0,1,Electric,Automatic,Orange,used,0,Luxury,Phnom Penh,Tier_1,store,7600.0,0.0,0,0.0,0,32.9,0.0,0,0,2026-08-19 02:48:10.238331+00
13923087,11500.0,9.350189267092581,BMW,I3,2015,11,100000.0,1,2000.0,1,Hybrid,Automatic,Grey,used,1,Luxury,Phnom Penh,Tier_1,store,11500.0,0.0,0,0.0,0,0.8,0.0,1,0,2026-08-25 10:22:49.250069+00
13892956,17000.0,9.741027444837728,BMW,I3,2018,8,100000.0,1,2000.0,1,Electric,Automatic,White,used,1,Luxury,Phnom Penh,Tier_1,individual,17000.0,0.0,0,0.0,0,0.8,0.0,0,0,2026-08-17 08:51:00.735607+00
13927888,11800.0,9.375939552625749,BMW,I3,2015,11,100000.0,1,2000.0,1,Petrol,Automatic,White,used,1,Luxury,Phnom Penh,Tier_1,individual,11800.0,0.0,0,0.0,0,0.0,0.0,0,0,2026-08-25 10:13:52.391298+00
13554031,11500.0,9.350189267092581,BMW,I3,2014,12,100000.0,1,2000.0,1,Electric,Automatic,Grey,used,1,Luxury,Phnom Penh,Tier_1,store,11500.0,0.0,0,0.0,0,96.7,0.0,0,0,2026-08-27 12:17:26.32813+00
13923093,11500.0,9.350189267092581,BMW,I3,2015,11,100000.0,1,2000.0,1,Hybrid,Automatic,Grey,used,1,Luxury,Phnom Penh,Tier_1,store,11500.0,0.0,0,0.0,0,0.8,0.0,1,0,2026-08-25 10:22:48.620336+00
13577916,39800.0,10.591647316585027,BMW,I3,2024,2,100000.0,1,2000.0,1,Electric,Automatic,Blue,used,1,Luxury,Phnom Penh,Tier_1,store,39800.0,0.0,0,0.0,0,83.8,0.0,0,0,2026-08-20 08:37:33.858576+00
13784993,36500.0,10.505094936455558,BMW,I3,2024,2,100000.0,1,2000.0,1,Electric,Automatic,Grey,used,1,Luxury,Phnom Penh,Tier_1,individual,36500.0,0.0,0,0.0,0,38.2,0.0,0,0,2026-08-26 03:03:18.384285+00
13773461,36500.0,10.505094936455558,Suzuki,Jimny,2025,1,100000.0,1,2000.0,1,Petrol,Automatic,Black,used,1,Mass_Market,Phnom Penh,Tier_1,individual,36500.0,0.0,0,0.0,0,41.4,0.0,0,0,2026-08-26 02:58:07.354623+00
13639806,253000.0,12.441148720271016,Lexus,LX700h,2025,1,100000.0,1,2000.0,1,Petrol,Automatic,Black,new,0,Luxury,Phnom Penh,Tier_1,store,253000.0,0.0,0,0.0,0,73.9,0.0,0,0,2026-08-25 10:29:07.611722+00
13829808,225000.0,12.323860125621126,Lexus,LX700h,2025,1,100000.0,1,2000.0,1,Hybrid,Automatic,White,used,1,Luxury,Phnom Penh,Tier_1,store,225000.0,0.0,0,0.0,0,26.4,0.0,0,0,2026-08-26 02:58:30.602822+00
13893111,253000.0,12.441148720271016,Lexus,LX700h,2025,1,100000.0,1,2000.0,1,Petrol,Automatic,Black,new,0,Luxury,Phnom Penh,Tier_1,individual,253000.0,0.0,0,0.0,0,7.8,0.0,0,0,2026-08-24 10:11:05.982263+00
13420195,240000.0,12.388398368982115,Lexus,LX700h,2025,1,100000.0,1,2000.0,1,Hybrid,Automatic,White,new,0,Luxury,Phnom Penh,Tier_1,store,240000.0,0.0,0,0.0,0,127.2,0.0,0,0,2026-08-26 02:58:31.256272+00
13865517,245000.0,12.409017571151187,Lexus,LX700h,2025,1,100000.0,1,2000.0,1,Hybrid,Automatic,Black,new,0,Luxury,Phnom Penh,Tier_1,store,245000.0,0.0,0,0.0,0,16.8,0.0,0,0,2026-08-26 02:58:26.557324+00
13864626,229000.0,12.34148164933907,Lexus,LX700h,2025,1,100000.0,1,2000.0,1,Hybrid,Automatic,Black,used,1,Luxury,Phnom Penh,Tier_1,store,229000.0,0.0,0,0.0,0,18.7,0.0,0,0,2026-08-27 12:06:51.611862+00
13623913,250000.0,12.429220196836383,Lexus,LX700h,2025,1,100000.0,1,2000.0,1,Petrol,Automatic,Black,new,0,Luxury,Preah Sihanouk,Tier_2,store,250000.0,0.0,0,0.0,0,70.5,0.0,0,0,2026-08-18 10:19:04.370366+00
13535443,275000.0,12.524530013005734,Lexus,LX700h,2026,0,100000.0,1,2000.0,1,Hybrid,Automatic,Black,new,0,Luxury,Phnom Penh,Tier_1,store,275000.0,0.0,0,0.0,0,100.7,0.0,1,0,2026-08-27 12:18:42.025518+00
13859204,275000.0,12.524530013005734,Lexus,LX700h,2026,0,100000.0,1,2000.0,1,Hybrid,Automatic,Black,new,0,Luxury,Phnom Penh,Tier_1,individual,275000.0,0.0,0,0.0,0,18.6,0.0,1,0,2026-08-26 03:02:20.488957+00
13926992,135000.0,11.813037464800539,BMW,M4,2022,4,100000.0,1,2000.0,1,Petrol,Automatic,Black,used,0,Luxury,Phnom Penh,Tier_1,individual,135000.0,0.0,0,0.0,0,0.0,0.0,0,0,2026-08-25 10:23:05.23212+00
13516559,148000.0,11.904974309480183,BMW,M4,2023,3,100000.0,1,2000.0,1,Petrol,Automatic,Green,used,1,Luxury,Phnom Penh,Tier_1,store,148000.0,0.0,0,0.0,0,103.6,0.0,0,0,2026-08-26 03:08:05.171792+00
13713342,16000.0,9.680406499268875,Chevrolet,Malibu,2014,12,100000.0,1,2000.0,1,Petrol,Automatic,Silver,used,1,Mass_Market,Phnom Penh,Tier_1,individual,16000.0,0.0,0,0.0,0,56.5,0.0,0,0,2026-08-26 03:09:39.791234+00
13917582,15500.0,9.648659816955295,Mazda,Mazda 3,2015,11,100000.0,1,2000.0,1,Petrol,Automatic,Red,used,1,Mass_Market,Phnom Penh,Tier_1,store,15500.0,0.0,0,0.0,0,0.0,0.0,1,0,2026-08-23 02:53:08.833152+00
13849148,21888.0,9.993739506513155,Honda,Odyssey,2014,12,100000.0,1,2000.0,1,Petrol,Automatic,Unknown,used,1,Mass_Market,Phnom Penh,Tier_1,store,21888.0,0.0,0,0.0,0,18.2,0.0,0,0,2026-08-23 02:53:17.442104+00
13336201,25500.0,10.146472946063877,Mitsubishi,Pajero Sport,2016,10,100000.0,1,2000.0,1,Diesel,Automatic,Black,used,1,Mass_Market,Phnom Penh,Tier_1,store,25500.0,0.0,0,0.0,0,153.1,0.0,0,0,2026-08-26 03:04:47.164017+00
13274693,25500.0,10.146472946063877,Mitsubishi,Pajero Sport,2016,10,100000.0,1,2000.0,1,Diesel,Automatic,Black,used,1,Mass_Market,Phnom Penh,Tier_1,store,25500.0,0.0,0,0.0,0,167.8,0.0,0,0,2026-08-26 03:09:38.395555+00
13917579,17800.0,9.787009914477434,Mitsubishi,Pajero Sport,2013,13,100000.0,1,2000.0,1,Petrol,Automatic,Unknown,used,1,Mass_Market,Battambang,Tier_2,store,17800.0,0.0,0,0.0,0,0.0,0.0,0,0,2026-08-23 02:53:08.834469+00
13763409,13500.0,9.510519035757246,Land Rover,Range Rover,2013,13,100000.0,1,2000.0,1,Diesel,Automatic,White,used,1,Luxury,Battambang,Tier_2,individual,13500.0,0.0,0,0.0,0,43.6,0.0,0,0,2026-08-26 03:07:00.439631+00
13768072,88500.0,11.390769130367211,Land Rover,Range Rover,2020,6,100000.0,1,2000.0,1,Diesel,Automatic,White,used,1,Luxury,Phnom Penh,Tier_1,store,88500.0,0.0,0,0.0,0,41.9,0.0,0,0,2026-08-25 10:26:37.29246+00
13336972,35000.0,10.463131911491967,Land Rover,Range Rover,2015,11,100000.0,1,2000.0,1,Petrol,Automatic,White,used,1,Luxury,Phnom Penh,Tier_1,store,35000.0,0.0,0,0.0,0,152.0,0.0,0,0,2026-08-25 10:24:40.833046+00
13897009,9950.0,9.205428327615163,Toyota,Rav4L ឆ្នាំ ប៉ុង1,2002,24,100000.0,1,2000.0,1,Petrol,Automatic,Unknown,used,1,Mass_Market,Phnom Penh,Tier_1,store,9950.0,0.0,0,0.0,0,0.0,0.0,0,0,2026-08-17 08:51:06.454179+00
13921609,9900.0,9.200391041122515,Toyota,Rav4L ឆ្នាំ ប៉ុង1,2002,24,100000.0,1,2000.0,1,Petrol,Automatic,White,used,1,Mass_Market,Phnom Penh,Tier_1,store,9900.0,0.0,0,0.0,0,1.0,0.0,0,0,2026-08-25 10:28:19.061096+00
13341309,26888.0,10.199472560025471,Mercedes-Benz,S-Class,2015,11,100000.0,1,2000.0,1,Petrol,Automatic,Silver,used,1,Luxury,Phnom Penh,Tier_1,store,26888.0,0.0,0,0.0,0,153.1,0.0,0,0,2026-08-27 12:12:55.922208+00
13926908,32500.0,10.389026137075234,Mercedes-Benz,S-Class,2015,11,100000.0,1,2000.0,1,Petrol,Automatic,White,used,1,Luxury,Phnom Penh,Tier_1,store,32500.0,0.0,0,0.0,0,0.0,0.0,0,0,2026-08-25 10:23:47.833971+00
13453730,36666.0,10.509632446974212,Mercedes-Benz,S-Class,2015,11,100000.0,1,2000.0,1,Petrol,Automatic,Black,used,1,Luxury,Phnom Penh,Tier_1,store,36666.0,0.0,0,0.0,0,118.7,0.0,0,0,2026-08-25 10:22:50.612691+00
13875361,32500.0,10.389026137075234,Mercedes-Benz,S-Class,2015,11,100000.0,1,2000.0,1,Petrol,Automatic,Black,used,1,Luxury,Phnom Penh,Tier_1,store,32500.0,0.0,0,0.0,0,14.4,0.0,0,0,2026-08-26 03:09:26.116761+00
13275043,210000.0,12.25486757159303,Mercedes-Benz,S-Class,1990,36,100000.0,1,2000.0,1,Petrol,Automatic,Black,used,0,Luxury,Phnom Penh,Tier_1,store,210000.0,0.0,0,0.0,0,169.1,0.0,0,0,2026-08-27 12:11:11.559537+00
13926823,3500.0,8.160803920954665,Mercedes-Benz,S-Class,1995,31,100000.0,1,2000.0,1,Diesel,Automatic,Gold,used,1,Luxury,Phnom Penh,Tier_1,individual,3500.0,0.0,0,0.0,0,0.0,0.0,0,0,2026-08-25 10:25:03.635872+00
13849346,77999.0,11.26446410567173,Mercedes-Benz,S-Class,2018,8,100000.0,1,2000.0,1,Petrol,Automatic,Black,used,0,Luxury,Phnom Penh,Tier_1,store,77999.0,0.0,0,0.0,0,16.1,0.0,0,0,2026-08-21 02:53:12.553146+00
13524644,36900.0,10.515993929932415,Mercedes-Benz,S-Class,2016,10,100000.0,1,2000.0,1,Petrol,Automatic,White,used,1,Luxury,Phnom Penh,Tier_1,store,36900.0,0.0,0,0.0,0,103.0,0.0,0,0,2026-08-27 12:08:23.68106+00
13768853,25300.0,10.138599199626192,ផ្សេងៗ,SO5,2026,0,100000.0,1,2000.0,1,Electric,Automatic,Black,new,0,Other,Phnom Penh,Tier_1,store,25300.0,0.0,0,0.0,0,43.9,0.0,0,0,2026-08-27 12:10:51.2317+00
13679904,12200.0,9.409273194575334,BYD,Seagull,2025,1,100000.0,1,2000.0,1,Electric,Automatic,Other,new,0,Chinese_EV,Phnom Penh,Tier_1,store,12200.0,0.0,0,0.0,0,65.9,0.0,0,0,2026-08-27 12:07:34.300827+00
13935820,21500.0,9.975854724662028,BYD,Sealion6,2026,0,100000.0,1,2000.0,1,Electric,Automatic,White,used,1,Chinese_EV,Preah Sihanouk,Tier_2,individual,21500.0,0.0,0,0.0,0,0.0,0.0,0,0,2026-08-27 12:15:26.736152+00
13797613,26600.0,10.188704088048116,BYD,Sealion6,2025,1,100000.0,1,2000.0,1,Electric,Automatic,Other,new,0,Chinese_EV,Phnom Penh,Tier_1,store,26600.0,0.0,0,0.0,0,36.1,0.0,0,0,2026-08-27 12:13:04.949823+00
13810348,23888.0,10.081173380925554,BYD,Sealion6,2024,2,100000.0,1,2000.0,1,Hybrid,Automatic,Blue,used,1,Chinese_EV,Phnom Penh,Tier_1,store,23888.0,0.0,0,0.0,0,32.8,0.0,0,0,2026-08-27 12:07:40.254971+00
13935661,288000.0,12.570719231334277,Lamborghini,Urus,2020,6,100000.0,1,2000.0,1,Petrol,Automatic,Black,used,0,Luxury,Phnom Penh,Tier_1,store,288000.0,0.0,0,0.0,0,0.0,0.0,1,0,2026-08-27 12:17:35.345208+00
13406072,299999.0,12.611537753638338,Lamborghini,Urus,2021,5,100000.0,1,2000.0,1,Petrol,Automatic,Blue,used,0,Luxury,Phnom Penh,Tier_1,individual,299999.0,0.0,0,0.0,0,131.8,0.0,0,0,2026-08-26 03:03:39.25436+00
13935572,269800.0,12.505439929198145,Lamborghini,Urus,2019,7,100000.0,1,2000.0,1,Petrol,Automatic,Yellow,used,1,Luxury,Phnom Penh,Tier_1,store,269800.0,0.0,0,0.0,0,0.0,0.0,1,0,2026-08-27 12:17:56.713058+00
13489001,21600.0,9.980494888896912,Hyundai,Venue,2026,0,100000.0,1,2000.0,1,Petrol,Automatic,White,new,0,Mass_Market,Phnom Penh,Tier_1,store,21600.0,0.0,0,0.0,0,111.8,0.0,0,0,2026-08-27 12:19:01.433506+00
13923325,21300.0,9.966509298952284,Hyundai,Venue,2026,0,100000.0,1,2000.0,1,Petrol,Automatic,Red,new,0,Mass_Market,Phnom Penh,Tier_1,store,21300.0,0.0,0,0.0,0,0.0,0.0,0,0,2026-08-24 10:11:13.116557+00
13734577,21600.0,9.980494888896912,Hyundai,Venue,2026,0,100000.0,1,2000.0,1,Petrol,Automatic,Red,new,0,Mass_Market,Phnom Penh,Tier_1,store,21600.0,0.0,0,0.0,0,52.1,0.0,0,0,2026-08-27 12:18:58.312645+00
13270563,21600.0,9.980494888896912,Hyundai,Venue,2026,0,100000.0,1,2000.0,1,Petrol,Automatic,White,new,0,Mass_Market,Phnom Penh,Tier_1,store,21600.0,0.0,0,0.0,0,170.1,0.0,0,0,2026-08-27 12:19:00.818619+00
13569554,21900.0,9.994287576862567,Hyundai,Venue,2026,0,100000.0,1,2000.0,1,Petrol,Automatic,White,new,0,Mass_Market,Siem Reap,Tier_2,store,21900.0,0.0,0,0.0,0,89.8,0.0,0,0,2026-08-24 10:11:19.256189+00
13811438,9668.0,9.176680170483548,Toyota,Vitz,2015,11,100000.0,1,2000.0,1,Petrol,Automatic,Gold,used,0,Mass_Market,Phnom Penh,Tier_1,store,9668.0,0.0,0,0.0,0,32.2,0.0,0,0,2026-08-27 12:12:14.124261+00
13567746,11400.0,9.34145634983372,Toyota,Vitz,2016,10,100000.0,1,2000.0,1,Petrol,Automatic,Unknown,used,0,Mass_Market,Phnom Penh,Tier_1,store,11400.0,0.0,0,0.0,0,93.1,0.0,0,0,2026-08-27 12:10:46.799192+00
13567770,12600.0,9.441531454869693,Toyota,Vitz,2016,10,100000.0,1,2000.0,1,Petrol,Automatic,Unknown,used,0,Mass_Market,Phnom Penh,Tier_1,store,12600.0,0.0,0,0.0,0,93.1,0.0,0,0,2026-08-27 12:10:56.23609+00
13927318,7500.0,8.922791623969637,Toyota,Vitz,2012,14,100000.0,1,2000.0,1,Petrol,Automatic,Silver,used,1,Mass_Market,Phnom Penh,Tier_1,individual,7500.0,0.0,0,0.0,0,0.0,0.0,1,0,2026-08-25 10:18:39.709036+00
13917548,7150.0,8.875007486048396,Toyota,Vitz,2012,14,100000.0,1,2000.0,1,Petrol,Automatic,Unknown,used,1,Mass_Market,Phnom Penh,Tier_1,individual,7150.0,0.0,0,0.0,0,0.0,0.0,0,0,2026-08-23 02:53:17.440603+00
13825874,5200.0,8.556606193773073,Toyota,Vitz,2005,21,100000.0,1,2000.0,1,Petrol,Automatic,Silver,used,1,Mass_Market,Koh Kong,Tier_3,individual,5200.0,0.0,0,0.0,0,26.7,0.0,0,0,2026-08-25 10:28:58.853273+00
13357873,8950.0,9.099520536870939,Toyota,Vitz,2014,12,100000.0,1,2000.0,1,Petrol,Automatic,Orange,used,0,Mass_Market,Phnom Penh,Tier_1,store,8950.0,0.0,0,0.0,0,147.3,0.0,0,0,2026-08-26 03:01:26.027405+00
13926996,6900.0,8.839421607620602,Toyota,Vitz,2006,20,100000.0,1,2000.0,1,Petrol,Automatic,White,used,0,Mass_Market,Siem Reap,Tier_2,individual,6900.0,0.0,0,0.0,0,0.0,0.0,0,0,2026-08-25 10:23:03.201139+00
13570818,10800.0,9.287394001418473,Toyota,Vitz,2014,12,100000.0,1,2000.0,1,Petrol,Automatic,Unknown,used,0,Mass_Market,Phnom Penh,Tier_1,store,10800.0,0.0,0,0.0,0,92.5,0.0,0,0,2026-08-27 12:08:10.300519+00
13785734,9900.0,9.200391041122515,Toyota,Vitz,2014,12,100000.0,1,2000.0,1,Petrol,Automatic,Unknown,used,0,Mass_Market,Phnom Penh,Tier_1,store,9900.0,0.0,0,0.0,0,30.7,0.0,0,0,2026-08-19 02:48:01.901304+00
13574933,9800.0,9.19023970026918,Toyota,Vitz,2014,12,100000.0,1,2000.0,1,Petrol,Automatic,Black,used,0,Mass_Market,Phnom Penh,Tier_1,store,9800.0,0.0,0,0.0,0,91.6,0.0,0,0,2026-08-27 12:09:59.115725+00
13785750,9800.0,9.19023970026918,Toyota,Vitz,2014,12,100000.0,1,2000.0,1,Petrol,Automatic,Gold,used,0,Mass_Market,Phnom Penh,Tier_1,store,9800.0,0.0,0,0.0,0,39.1,0.0,0,0,2026-08-27 12:10:05.224141+00
13915443,8999.0,9.104979856318357,Toyota,Vitz,2014,12,100000.0,1,2000.0,1,Petrol,Automatic,Black,used,0,Mass_Market,Phnom Penh,Tier_1,store,8999.0,0.0,0,0.0,0,2.8,0.0,0,0,2026-08-25 10:24:13.342488+00
13918674,9499.0,9.159047077588632,Toyota,Vitz,2015,11,100000.0,1,2000.0,1,Petrol,Automatic,Blue,used,0,Mass_Market,Phnom Penh,Tier_1,store,9499.0,0.0,0,0.0,0,1.9,0.0,0,0,2026-08-25 10:29:17.709167+00
13813900,5100.0,8.537191877922927,Toyota,Vitz,2006,20,100000.0,1,2000.0,1,Petrol,Automatic,Red,used,1,Mass_Market,Phnom Penh,Tier_1,individual,5100.0,0.0,0,0.0,0,31.6,0.0,0,0,2026-08-27 12:11:08.024469+00
13921595,5800.0,8.665785595466064,Toyota,Vitz,2008,18,100000.0,1,2000.0,1,Petrol,Automatic,Grey,used,1,Mass_Market,Phnom Penh,Tier_1,individual,5800.0,0.0,0,0.0,0,1.7,0.0,0,0,2026-08-26 02:59:02.721194+00
13852289,7500.0,8.922791623969637,Toyota,Vitz,2009,17,100000.0,1,2000.0,1,Petrol,Automatic,White,used,1,Mass_Market,Phnom Penh,Tier_1,individual,7500.0,0.0,0,0.0,0,20.4,0.0,0,0,2026-08-26 02:56:45.854794+00
13326943,99000.0,11.502885230075814,Toyota,Vitz,2014,12,100000.0,1,2000.0,1,Petrol,Automatic,Green,used,0,Mass_Market,Siem Reap,Tier_2,store,99000.0,0.0,0,0.0,0,155.4,0.0,0,0,2026-08-26 03:07:03.133191+00
13919486,9800.0,9.19023970026918,Toyota,Vitz,2015,11,100000.0,1,2000.0,1,Petrol,Automatic,Other,used,1,Mass_Market,Phnom Penh,Tier_1,store,9800.0,0.0,0,0.0,0,1.7,0.0,0,0,2026-08-25 10:16:11.810908+00
13905823,7800.0,8.962007209588313,Toyota,Vitz,2012,14,100000.0,1,2000.0,1,Petrol,Automatic,Other,used,1,Mass_Market,Phnom Penh,Tier_1,store,7800.0,0.0,0,0.0,0,7.7,0.0,0,0,2026-08-27 12:16:00.911475+00
13349503,7800.0,8.962007209588313,Toyota,Vitz,2012,14,100000.0,1,2000.0,1,Petrol,Automatic,Black,used,0,Mass_Market,Phnom Penh,Tier_1,individual,7800.0,0.0,0,0.0,0,150.8,0.0,0,0,2026-08-27 12:16:46.176227+00
13811456,9568.0,9.166283985779263,Toyota,Vitz,2014,12,100000.0,1,2000.0,1,Petrol,Automatic,Silver,used,0,Mass_Market,Phnom Penh,Tier_1,store,9568.0,0.0,0,0.0,0,32.2,0.0,0,0,2026-08-27 12:12:13.510367+00
13805997,6700.0,8.81001204797317,Toyota,Vitz,2011,15,100000.0,1,2000.0,1,Petrol,Automatic,Blue,used,1,Mass_Market,Phnom Penh,Tier_1,individual,6700.0,0.0,0,0.0,0,23.8,0.0,0,0,2026-08-17 08:50:58.857941+00
13905739,12200.0,9.409273194575334,Toyota,Vitz,2014,12,100000.0,1,2000.0,1,Petrol,Automatic,Unknown,used,0,Mass_Market,Phnom Penh,Tier_1,store,12200.0,0.0,0,0.0,0,7.7,0.0,0,0,2026-08-27 12:09:59.719254+00
13927687,7000.0,8.853808274977197,Mercedes-Benz,W203 AMG package,2003,23,100000.0,1,2000.0,1,Petrol,Automatic,Unknown,used,1,Luxury,Phnom Penh,Tier_1,individual,7000.0,0.0,0,0.0,0,0.0,0.0,0,0,2026-08-25 10:14:48.980335+00
13829630,41800.0,10.640675541671662,Ford,Wildtrack,2023,3,100000.0,1,2000.0,1,Petrol,Automatic,Unknown,used,1,Mass_Market,Phnom Penh,Tier_1,store,41800.0,0.0,0,0.0,0,18.8,0.0,0,0,2026-08-18 10:19:04.372424+00
13745649,19000.0,9.852246888342531,BYD,Yuan Plus,2023,3,100000.0,1,2000.0,1,Electric,Automatic,Unknown,used,1,Chinese_EV,Phnom Penh,Tier_1,individual,19000.0,0.0,0,0.0,0,40.6,0.0,0,0,2026-08-18 10:19:04.372424+00
13908486,85800.0,11.359785940419789,ZEEKR,ZEEKR 009,2025,1,100000.0,1,2000.0,1,Electric,Automatic,Black,used,0,Other,Phnom Penh,Tier_1,store,85800.0,0.0,0,0.0,0,6.9,0.0,1,0,2026-08-27 12:14:51.706826+00
13858692,5300.0,8.575650760987806,Kia,moring 2009SLXពណ៏សមេឡាន,2009,17,100000.0,1,2000.0,1,Petrol,Automatic,Unknown,used,1,Mass_Market,Phnom Penh,Tier_1,individual,5300.0,0.0,0,0.0,0,9.9,0.0,0,0,2026-08-17 08:51:06.479952+00
13815479,31500.0,10.357774570341576,MG,-HS-Trophy*2025 | ម្ចាស់ដើមផ្ទាល់,2025,1,100000.0,1,2000.0,1,Petrol,Automatic,White,new,1,Chinese_EV,Phnom Penh,Tier_1,individual,31500.0,0.0,0,0.0,0,29.0,0.0,0,0,2026-08-25 10:22:47.183441+00
13856497,19000.0,9.852246888342531,Audi,A8,2013,13,100000.0,1,2000.0,1,Petrol,Automatic,White,used,1,Luxury,Phnom Penh,Tier_1,store,19000.0,0.0,0,0.0,0,20.8,0.0,1,0,2026-08-27 12:17:25.25155+00
13829035,34000.0,10.434145214930487,Audi,A8L,2015,11,100000.0,1,2000.0,1,Petrol,Automatic,Black,used,1,Luxury,Phnom Penh,Tier_1,store,34000.0,0.0,0,0.0,0,25.8,0.0,0,0,2026-08-25 10:23:52.250448+00
13607349,18000.0,9.798182590890704,Audi,A8L,2013,13,100000.0,1,2000.0,1,Petrol,Automatic,White,used,1,Luxury,Phnom Penh,Tier_1,individual,18000.0,0.0,0,0.0,0,81.8,0.0,1,0,2026-08-25 10:14:03.964781+00
13857646,25500.0,10.146472946063877,Toyota,BZ3x,2025,1,100000.0,1,2000.0,1,Electric,Automatic,Black,used,1,Mass_Market,Preah Sihanouk,Tier_2,individual,25500.0,0.0,0,0.0,0,19.0,0.0,0,0,2026-08-26 03:09:41.774178+00
13288774,108000.0,11.58989576532275,Porsche,Cayenne Coupe,2021,5,100000.0,1,2000.0,1,Petrol,Automatic,Unknown,used,1,Luxury,Phnom Penh,Tier_1,store,108000.0,0.0,0,0.0,0,156.8,0.0,0,0,2026-08-18 10:19:08.118027+00
13832105,5900.0,8.682877107057168,Toyota,Celica,2001,25,100000.0,1,2000.0,1,Petrol,Automatic,Red,used,1,Mass_Market,Phnom Penh,Tier_1,individual,5900.0,0.0,0,0.0,0,21.7,0.0,0,0,2026-08-22 02:44:36.188355+00
13772236,6500.0,8.77971129020447,Toyota,Celica,1994,32,100000.0,1,2000.0,1,Petrol,Automatic,Black,used,1,Mass_Market,Phnom Penh,Tier_1,store,6500.0,0.0,0,0.0,0,42.9,0.0,0,1,2026-08-27 12:05:28.809988+00
13849147,5850.0,8.674367865788236,Toyota,Celica,2000,26,100000.0,1,2000.0,1,Petrol,Automatic,Silver,used,1,Mass_Market,Phnom Penh,Tier_1,individual,5850.0,0.0,0,0.0,0,17.2,0.0,0,0,2026-08-22 02:44:36.184323+00
13921274,5850.0,8.674367865788236,Toyota,Celica,2000,26,100000.0,1,2000.0,1,Petrol,Automatic,Unknown,used,1,Mass_Market,Phnom Penh,Tier_1,individual,5850.0,0.0,0,0.0,0,1.7,0.0,0,0,2026-08-26 03:03:57.599346+00
13922210,7500.0,8.922791623969637,Toyota,Celica,2000,26,100000.0,1,2000.0,1,Petrol,Automatic,Unknown,used,1,Mass_Market,Siem Reap,Tier_2,individual,7500.0,0.0,0,0.0,0,1.6,0.0,0,0,2026-08-26 03:03:36.109459+00
13559216,14800.0,9.60245002503719,Ford,Ecosport,2020,6,100000.0,1,2000.0,1,Petrol,Automatic,White,used,1,Mass_Market,Phnom Penh,Tier_1,store,14800.0,0.0,0,0.0,0,93.7,0.0,0,0,2026-08-26 02:56:38.095565+00
13920915,12800.0,9.45727857185611,Ford,Ecosport,2020,6,100000.0,1,2000.0,1,Petrol,Automatic,Blue,used,1,Mass_Market,Phnom Penh,Tier_1,store,12800.0,0.0,0,0.0,0,1.7,0.0,1,0,2026-08-26 02:58:56.815344+00
13547446,14800.0,9.60245002503719,Ford,Ecosport,2019,7,100000.0,1,2000.0,1,Petrol,Automatic,White,used,1,Mass_Market,Phnom Penh,Tier_1,individual,14800.0,0.0,0,0.0,0,91.6,0.0,0,1,2026-08-21 02:53:21.102674+00
13625057,16900.0,9.735128070758227,Ford,Ecosport,2022,4,100000.0,1,2000.0,1,Petrol,Automatic,Black,used,1,Mass_Market,Phnom Penh,Tier_1,store,16900.0,0.0,0,0.0,0,77.7,0.0,0,0,2026-08-26 02:57:15.965472+00
13927044,15300.0,9.635673464721814,Ford,Ecosport,2022,4,100000.0,1,2000.0,1,Petrol,Automatic,White,used,1,Mass_Market,Phnom Penh,Tier_1,store,15300.0,0.0,0,0.0,0,0.0,0.0,0,0,2026-08-25 10:22:14.923348+00
13893590,15900.0,9.674137279312397,Ford,Ecosport,2022,4,100000.0,1,2000.0,1,Petrol,Automatic,White,used,1,Mass_Market,Siem Reap,Tier_2,store,15900.0,0.0,0,0.0,0,0.7,0.0,0,0,2026-08-17 08:51:06.452167+00
13763630,16300.0,9.69898173460629,Ford,Ecosport,2022,4,100000.0,1,2000.0,1,Petrol,Automatic,White,used,1,Mass_Market,Phnom Penh,Tier_1,individual,16300.0,0.0,0,0.0,0,37.8,0.0,0,0,2026-08-20 08:37:38.104337+00
13888927,16200.0,9.692828247710418,Ford,Ecosport,2022,4,100000.0,1,2000.0,1,Petrol,Automatic,White,used,1,Mass_Market,Phnom Penh,Tier_1,store,16200.0,0.0,0,0.0,0,5.7,0.0,0,0,2026-08-21 02:53:13.863166+00
13927850,45000.0,10.714439990727769,Ford,F150,2020,6,100000.0,1,2000.0,1,Petrol,Automatic,Black,used,1,Mass_Market,Phnom Penh,Tier_1,individual,45000.0,0.0,0,0.0,0,0.0,0.0,0,0,2026-08-25 10:14:07.388701+00
13917818,52500.0,10.868587496017359,Ford,F150,2019,7,100000.0,1,2000.0,1,Petrol,Automatic,Black,used,1,Mass_Market,Phnom Penh,Tier_1,individual,52500.0,0.0,0,0.0,0,4.1,0.0,0,1,2026-08-27 12:05:42.248856+00
13905236,44000.0,10.691967639914864,Ford,F150,2018,8,100000.0,1,2000.0,1,Diesel,Automatic,White,used,1,Mass_Market,Phnom Penh,Tier_1,store,44000.0,0.0,0,0.0,0,2.5,0.0,0,0,2026-08-22 02:44:51.795832+00
13866397,45500.0,10.725489582719506,Ford,F150,2018,8,100000.0,1,2000.0,1,Petrol,Automatic,White,used,1,Mass_Market,Phnom Penh,Tier_1,store,45500.0,0.0,0,0.0,0,15.9,0.0,0,0,2026-08-25 10:16:28.210861+00
13805405,10200.0,9.23024103368252,Nissan,Frontier,2007,19,100000.0,1,2000.0,1,Diesel,Automatic,White,used,1,Mass_Market,Phnom Penh,Tier_1,individual,10200.0,0.0,0,0.0,0,29.6,0.0,0,0,2026-08-23 02:53:12.304354+00
13750142,11200.0,9.32375833901174,Nissan,Frontier,2006,20,100000.0,1,2000.0,1,Petrol,Automatic,Grey,used,1,Mass_Market,Tboung Khmum,Tier_3,individual,11200.0,0.0,0,0.0,0,46.6,0.0,0,1,2026-08-25 10:26:19.629609+00
13503244,11500.0,9.350189267092581,Nissan,Frontier,2005,21,100000.0,1,2000.0,1,Petrol,Automatic,Silver,used,1,Mass_Market,Siem Reap,Tier_2,individual,11500.0,0.0,0,0.0,0,105.9,0.0,0,1,2026-08-25 10:14:02.645843+00
13904162,7900.0,8.974744612722734,Nissan,Frontier,2005,21,100000.0,1,2000.0,1,Petrol,Automatic,Black,used,1,Mass_Market,Phnom Penh,Tier_1,individual,7900.0,0.0,0,0.0,0,5.9,0.0,0,0,2026-08-25 10:13:57.625242+00
13785037,21500.0,9.975854724662028,Kia,Grand Carnival,2019,7,100000.0,1,2000.0,1,Petrol,Automatic,White,used,1,Mass_Market,Phnom Penh,Tier_1,individual,21500.0,0.0,0,0.0,0,29.4,0.0,0,0,2026-08-17 08:51:08.281535+00
13907908,15500.0,9.648659816955295,Kia,Grand Carnival,2019,7,100000.0,1,2000.0,1,Petrol,Automatic,Black,used,1,Mass_Market,Phnom Penh,Tier_1,store,15500.0,0.0,0,0.0,0,7.0,0.0,0,0,2026-08-27 12:16:36.914493+00
13909748,14200.0,9.561067663645012,Kia,Grand Carnival,2019,7,100000.0,1,2000.0,1,Petrol,Automatic,White,used,1,Mass_Market,Phnom Penh,Tier_1,individual,14200.0,0.0,0,0.0,0,2.2,0.0,0,0,2026-08-23 02:52:50.506332+00
13777580,24500.0,10.106469212026385,Kia,Grand Carnival,2020,6,100000.0,1,2000.0,1,Petrol,Automatic,White,used,1,Mass_Market,Phnom Penh,Tier_1,store,24500.0,0.0,0,0.0,0,32.5,0.0,0,0,2026-08-18 10:18:50.183768+00
13585669,21500.0,9.975854724662028,HONGQI,HS3,2023,3,100000.0,1,2000.0,1,Petrol,Automatic,Black,used,1,Other,Phnom Penh,Tier_1,store,21500.0,0.0,0,0.0,0,89.0,0.0,0,0,2026-08-27 12:17:07.19326+00
13860907,28800.0,10.268165387743457,HONGQI,HS5,2025,1,100000.0,1,2000.0,1,Petrol,Automatic,Blue,used,1,Other,Phnom Penh,Tier_1,store,28800.0,0.0,0,0.0,0,10.6,0.0,0,0,2026-08-18 10:19:04.372424+00
13828585,27500.0,10.221977646629885,Lexus,IS 200t,2016,10,100000.0,1,2000.0,1,Petrol,Automatic,Unknown,used,1,Luxury,Phnom Penh,Tier_1,store,27500.0,0.0,0,0.0,0,19.6,0.0,1,0,2026-08-19 02:48:22.300822+00
13507164,47800.0,10.774801838762809,BMW,IX3,2024,2,100000.0,1,2000.0,1,Electric,Automatic,Blue,used,0,Luxury,Phnom Penh,Tier_1,store,47800.0,0.0,0,0.0,0,105.7,0.0,0,0,2026-08-26 03:07:21.461564+00
13734616,47800.0,10.774801838762809,BMW,IX3,2024,2,100000.0,1,2000.0,1,Electric,Automatic,Black,new,0,Luxury,Phnom Penh,Tier_1,store,47800.0,0.0,0,0.0,0,50.7,0.0,0,0,2026-08-26 02:57:22.584667+00
13733973,47800.0,10.774801838762809,BMW,IX3,2024,2,100000.0,1,2000.0,1,Electric,Automatic,Black,new,0,Luxury,Phnom Penh,Tier_1,store,47800.0,0.0,0,0.0,0,50.8,0.0,0,0,2026-08-26 03:07:15.296044+00
13336483,47800.0,10.774801838762809,BMW,IX3,2024,2,100000.0,1,2000.0,1,Electric,Automatic,Black,new,0,Luxury,Phnom Penh,Tier_1,store,47800.0,0.0,0,0.0,0,148.8,0.0,0,0,2026-08-22 02:44:52.998108+00
13393472,69999.0,11.156250521031495,Mercedes-Benz,Maybach,2015,11,100000.0,1,2000.0,1,Petrol,Automatic,White,used,1,Luxury,Phnom Penh,Tier_1,store,69999.0,0.0,0,0.0,0,139.8,0.0,0,0,2026-08-27 12:09:40.50116+00
13342873,90000.0,11.407576060361786,Mercedes-Benz,Maybach,2015,11,100000.0,1,2000.0,1,Petrol,Automatic,Black,used,1,Luxury,Phnom Penh,Tier_1,store,90000.0,0.0,0,0.0,0,152.9,0.0,0,0,2026-08-27 12:15:12.979755+00
13748259,45000.0,10.714439990727769,Mercedes-Benz,Maybach,2016,10,100000.0,1,2000.0,1,Petrol,Automatic,Black,used,1,Luxury,Phnom Penh,Tier_1,store,45000.0,0.0,0,0.0,0,39.9,0.0,0,0,2026-08-18 10:18:52.052057+00
13814073,86000.0,11.362114203075018,Mercedes-Benz,Maybach,2018,8,100000.0,1,2000.0,1,Petrol,Automatic,White,used,1,Luxury,Phnom Penh,Tier_1,store,86000.0,0.0,0,0.0,0,30.2,0.0,0,0,2026-08-26 03:04:21.658123+00
13779866,39500.0,10.584081267024454,Lexus,NX 200T,2016,10,100000.0,1,2000.0,1,Petrol,Automatic,White,used,0,Luxury,Phnom Penh,Tier_1,store,39500.0,0.0,0,0.0,0,38.8,0.0,1,0,2026-08-25 10:14:53.583594+00
13899859,32500.0,10.389026137075234,Lexus,Nx 200T ឆ្នាំ2015,2015,11,100000.0,1,2000.0,1,Petrol,Automatic,Unknown,used,1,Luxury,Phnom Penh,Tier_1,store,32500.0,0.0,0,0.0,0,0.7,0.0,0,0,2026-08-19 02:48:12.664523+00
13919542,13900.0,9.539716058977092,Toyota,Prado,2007,19,100000.0,1,2000.0,1,Petrol,Automatic,Black,used,1,Mass_Market,Phnom Penh,Tier_1,individual,13900.0,0.0,0,0.0,0,1.7,0.0,0,0,2026-08-25 10:25:45.760535+00
13902209,18000.0,9.798182590890704,MG,RX5,2019,7,100000.0,1,2000.0,1,Petrol,Automatic,White,used,1,Chinese_EV,Phnom Penh,Tier_1,individual,18000.0,0.0,0,0.0,0,6.6,0.0,0,0,2026-08-25 10:22:36.140976+00
13431450,24800.0,10.118639253920785,MG,RX5,2023,3,100000.0,1,2000.0,1,Petrol,Automatic,White,used,1,Chinese_EV,Phnom Penh,Tier_1,store,24800.0,0.0,0,0.0,0,124.6,0.0,0,0,2026-08-26 02:59:07.432196+00
13871062,17900.0,9.792611856190192,MG,RX5,2019,7,100000.0,1,2000.0,1,Petrol,Automatic,White,used,1,Chinese_EV,Phnom Penh,Tier_1,individual,17900.0,0.0,0,0.0,0,10.4,0.0,0,0,2026-08-21 02:53:12.55296+00
13724426,59900.0,11.000448478455008,Ford,Ranger Raptor,2023,3,100000.0,1,2000.0,1,Petrol,Automatic,Black,used,1,Mass_Market,Phnom Penh,Tier_1,store,59900.0,0.0,0,0.0,0,45.9,0.0,0,0,2026-08-18 10:18:57.645838+00
13779598,36800.0,10.513280297700861,Ford,Ranger Raptor,2019,7,100000.0,1,2000.0,1,Diesel,Automatic,Blue,used,1,Mass_Market,Phnom Penh,Tier_1,individual,36800.0,0.0,0,0.0,0,35.6,0.0,0,0,2026-08-22 02:44:57.043131+00
13697805,68000.0,11.127277689932466,Ford,Ranger Raptor,2025,1,100000.0,1,2000.0,1,Petrol,Automatic,Grey,used,1,Mass_Market,Phnom Penh,Tier_1,store,68000.0,0.0,0,0.0,0,61.9,0.0,0,0,2026-08-27 12:09:10.122096+00
13646310,79900.0,11.288543647320601,Ford,Ranger Raptor,2026,0,100000.0,1,2000.0,1,Petrol,Automatic,Blue,new,0,Mass_Market,Kampong Thom,Tier_3,store,79900.0,0.0,0,0.0,0,68.7,0.0,0,0,2026-08-22 02:44:54.346844+00
13747377,79900.0,11.288543647320601,Ford,Ranger Raptor,2026,0,100000.0,1,2000.0,1,Petrol,Automatic,White,new,0,Mass_Market,Phnom Penh,Tier_1,store,79900.0,0.0,0,0.0,0,43.7,0.0,0,0,2026-08-22 02:44:54.347536+00
13270293,79900.0,11.288543647320601,Ford,Ranger Raptor,2026,0,100000.0,1,2000.0,1,Petrol,Automatic,Red,new,0,Mass_Market,Phnom Penh,Tier_1,store,79900.0,0.0,0,0.0,0,164.7,0.0,0,0,2026-08-22 02:44:54.347149+00
13701546,40400.0,10.606609816118151,Ford,Ranger Raptor,2022,4,100000.0,1,2000.0,1,Diesel,Automatic,Black,used,1,Mass_Market,Phnom Penh,Tier_1,store,40400.0,0.0,0,0.0,0,59.6,0.0,0,0,2026-08-26 03:01:14.138079+00
13880521,42500.0,10.657282884047461,Ford,Ranger Raptor,2022,4,100000.0,1,2000.0,1,Diesel,Automatic,Unknown,used,1,Mass_Market,Phnom Penh,Tier_1,store,42500.0,0.0,0,0.0,0,8.8,0.0,0,0,2026-08-22 02:44:36.188+00
13712962,42500.0,10.657282884047461,Ford,Ranger Raptor,2022,4,100000.0,1,2000.0,1,Diesel,Automatic,Blue,used,1,Mass_Market,Phnom Penh,Tier_1,individual,42500.0,0.0,0,0.0,0,56.5,0.0,0,0,2026-08-26 02:57:55.616666+00
13381755,38900.0,10.568775236216993,Ford,Ranger Raptor,2022,4,100000.0,1,2000.0,1,Diesel,Automatic,White,used,1,Mass_Market,Phnom Penh,Tier_1,individual,38900.0,0.0,0,0.0,0,142.7,0.0,0,0,2026-08-27 12:12:15.278789+00
13898609,88000.0,11.385103457032141,Ford,Ranger Raptor,2022,4,100000.0,1,2000.0,1,Diesel,Automatic,Black,used,1,Mass_Market,Phnom Penh,Tier_1,store,88000.0,0.0,0,0.0,0,1.1,0.0,0,1,2026-08-19 02:47:57.911146+00
13730866,56800.0,10.947309210188068,Ford,Ranger Raptor,2023,3,100000.0,1,2000.0,1,Petrol,Automatic,Blue,used,1,Mass_Market,Phnom Penh,Tier_1,store,56800.0,0.0,0,0.0,0,51.0,0.0,1,0,2026-08-25 10:28:25.956192+00
13897163,50700.0,10.83370091325064,Ford,Ranger Raptor,2023,3,100000.0,1,2000.0,1,Diesel,Automatic,Unknown,used,1,Mass_Market,Phnom Penh,Tier_1,individual,50700.0,0.0,0,0.0,0,0.0,0.0,0,0,2026-08-17 08:50:59.838451+00
13886741,49500.0,10.809748150372926,Ford,Ranger Raptor,2023,3,100000.0,1,2000.0,1,Diesel,Automatic,Grey,used,1,Mass_Market,Phnom Penh,Tier_1,individual,49500.0,0.0,0,0.0,0,9.8,0.0,0,0,2026-08-24 10:11:14.105591+00
13828517,58000.0,10.968215530759236,Ford,Ranger Raptor,2023,3,100000.0,1,2000.0,1,Petrol,Automatic,Grey,used,1,Mass_Market,Phnom Penh,Tier_1,individual,58000.0,0.0,0,0.0,0,18.9,0.0,0,0,2026-08-18 10:18:50.184973+00
13915589,58000.0,10.968215530759236,Ford,Ranger Raptor,2023,3,100000.0,1,2000.0,1,Diesel,Automatic,Grey,used,1,Mass_Market,Phnom Penh,Tier_1,individual,58000.0,0.0,0,0.0,0,4.9,0.0,0,0,2026-08-27 12:14:25.937225+00
13710068,68000.0,11.127277689932466,Ford,Ranger Raptor,2025,1,100000.0,1,2000.0,1,Petrol,Automatic,Grey,used,1,Mass_Market,Phnom Penh,Tier_1,store,68000.0,0.0,0,0.0,0,58.7,0.0,0,0,2026-08-27 12:15:24.211605+00
13762262,52000.0,10.859018228147887,Ford,Ranger Raptor,2023,3,100000.0,1,2000.0,1,Diesel,Automatic,Unknown,used,0,Mass_Market,Phnom Penh,Tier_1,individual,52000.0,0.0,0,0.0,0,40.8,0.0,0,0,2026-08-23 02:53:15.733804+00
13854762,59000.0,10.985309671896763,Ford,Ranger Raptor,2023,3,100000.0,1,2000.0,1,Petrol,Automatic,White,used,1,Mass_Market,Kampong Cham,Tier_2,individual,59900.0,900.0,1,0.0,0,19.7,0.0,0,0,2026-08-26 03:01:23.872877+00
13914577,55555.0,10.92514680003611,Ford,Ranger Raptor,2023,3,100000.0,1,2000.0,1,Petrol,Automatic,Black,used,1,Mass_Market,Phnom Penh,Tier_1,store,55555.0,0.0,0,0.0,0,5.0,0.0,0,0,2026-08-27 12:16:19.667533+00
13927074,53377.0,10.885153955040415,Ford,Ranger Raptor,2023,3,100000.0,1,2000.0,1,Petrol,Automatic,Black,used,1,Mass_Market,Phnom Penh,Tier_1,store,53377.0,0.0,0,0.0,0,0.5,0.0,0,0,2026-08-26 03:09:18.828992+00
13917576,42000.0,10.645448706505872,Ford,Ranger Raptor,2023,3,100000.0,1,2000.0,1,Diesel,Automatic,Unknown,used,1,Mass_Market,Phnom Penh,Tier_1,store,42000.0,0.0,0,0.0,0,0.0,0.0,0,0,2026-08-23 02:53:08.834937+00
13936280,48900.0,10.797553125151618,Ford,Ranger Raptor,2023,3,100000.0,1,2000.0,1,Petrol,Automatic,Orange,used,1,Mass_Market,Phnom Penh,Tier_1,store,48900.0,0.0,0,0.0,0,0.0,0.0,0,0,2026-08-27 12:12:23.588819+00
13851605,56800.0,10.947309210188068,Ford,Ranger Raptor,2023,3,100000.0,1,2000.0,1,Petrol,Automatic,White,used,1,Mass_Market,Phnom Penh,Tier_1,store,56800.0,0.0,0,0.0,0,20.5,0.0,1,0,2026-08-26 03:10:08.762229+00
13722064,55555.0,10.92514680003611,Ford,Ranger Raptor,2023,3,100000.0,1,2000.0,1,Petrol,Automatic,Grey,used,1,Mass_Market,Phnom Penh,Tier_1,store,55555.0,0.0,0,0.0,0,55.7,0.0,0,0,2026-08-27 12:18:43.709833+00
13835148,53000.0,10.87806606028079,Ford,Ranger Raptor,2023,3,100000.0,1,2000.0,1,Petrol,Automatic,Black,used,1,Mass_Market,Phnom Penh,Tier_1,store,53000.0,0.0,0,0.0,0,17.7,0.0,0,0,2026-08-19 02:48:01.901356+00
13900111,55000.0,10.915106645867503,Ford,Ranger Raptor,2023,3,100000.0,1,2000.0,1,Petrol,Automatic,White,used,1,Mass_Market,Phnom Penh,Tier_1,store,55000.0,0.0,0,0.0,0,7.7,0.0,1,0,2026-08-26 03:01:48.337127+00
13929711,55000.0,10.915106645867503,Ford,Ranger Raptor,2023,3,100000.0,1,2000.0,1,Petrol,Automatic,Grey,used,1,Mass_Market,Phnom Penh,Tier_1,individual,55000.0,0.0,0,0.0,0,0.0,0.0,0,0,2026-08-26 02:56:28.220274+00
13917569,48900.0,10.797553125151618,Ford,Ranger Raptor,2023,3,100000.0,1,2000.0,1,Diesel,Automatic,Unknown,used,1,Mass_Market,Phnom Penh,Tier_1,store,48900.0,0.0,0,0.0,0,0.0,0.0,0,0,2026-08-23 02:53:12.301688+00
13270289,75900.0,11.237185138527495,Ford,Ranger Raptor,2025,1,100000.0,1,2000.0,1,Diesel,Automatic,White,new,0,Mass_Market,Phnom Penh,Tier_1,store,75900.0,0.0,0,0.0,0,164.7,0.0,0,0,2026-08-22 02:44:54.347083+00
13866425,55500.0,10.92415631759022,Ford,Ranger Raptor,2023,3,100000.0,1,2000.0,1,Petrol,Automatic,Black,used,1,Mass_Market,Phnom Penh,Tier_1,store,55500.0,0.0,0,0.0,0,12.6,0.0,0,0,2026-08-22 02:44:38.709247+00
13822410,53000.0,10.87806606028079,Ford,Ranger Raptor,2023,3,100000.0,1,2000.0,1,Petrol,Automatic,Silver,used,0,Mass_Market,Siem Reap,Tier_2,store,53000.0,0.0,0,0.0,0,29.7,0.0,0,0,2026-08-27 12:09:57.992896+00
13868106,52900.0,10.876177521259402,Ford,Ranger Raptor,2023,3,100000.0,1,2000.0,1,Petrol,Automatic,Grey,used,1,Mass_Market,Phnom Penh,Tier_1,store,52900.0,0.0,0,0.0,0,17.5,0.0,0,0,2026-08-27 12:11:34.015902+00
13836016,48444.0,10.788184412819104,Ford,Ranger Raptor,2023,3,100000.0,1,2000.0,1,Diesel,Automatic,Unknown,used,1,Mass_Market,Phnom Penh,Tier_1,individual,48444.0,0.0,0,0.0,0,24.6,0.0,0,0,2026-08-26 02:56:13.674162+00
13929504,48900.0,10.797553125151618,Ford,Ranger Raptor,2023,3,100000.0,1,2000.0,1,Petrol,Automatic,Orange,used,1,Mass_Market,Phnom Penh,Tier_1,store,48900.0,0.0,0,0.0,0,0.0,0.0,0,0,2026-08-26 03:02:58.5161+00
13337458,61000.0,11.0186455364637,Ford,Ranger Raptor,2023,3,100000.0,1,2000.0,1,Petrol,Automatic,Grey,used,1,Mass_Market,Phnom Penh,Tier_1,store,61000.0,0.0,0,0.0,0,152.0,0.0,0,1,2026-08-25 10:22:11.468451+00
13254668,55500.0,10.92415631759022,Ford,Ranger Raptor,2023,3,100000.0,1,2000.0,1,Petrol,Automatic,Black,used,1,Mass_Market,Phnom Penh,Tier_1,store,55500.0,0.0,0,0.0,0,174.6,0.0,0,0,2026-08-27 12:12:51.764741+00
13296286,49900.0,10.817796321618971,Ford,Ranger Raptor,2023,3,100000.0,1,2000.0,1,Petrol,Automatic,Orange,used,1,Mass_Market,Phnom Penh,Tier_1,store,54900.0,5000.0,1,0.0,0,163.9,0.0,0,0,2026-08-27 12:19:32.335384+00
13897309,50000.0,10.819798284210286,Ford,Ranger Raptor,2023,3,100000.0,1,2000.0,1,Petrol,Automatic,Black,used,1,Mass_Market,Phnom Penh,Tier_1,store,50000.0,0.0,0,0.0,0,0.0,0.0,0,0,2026-08-17 08:50:53.970822+00
13559986,75900.0,11.237185138527495,Ford,Ranger Raptor,2025,1,100000.0,1,2000.0,1,Diesel,Automatic,Grey,new,0,Mass_Market,Kampong Thom,Tier_3,store,75900.0,0.0,0,0.0,0,89.6,0.0,0,0,2026-08-22 02:44:54.347004+00
13914823,52500.0,10.868587496017359,Ford,Ranger Raptor,2019,7,100000.0,1,2000.0,1,Diesel,Automatic,Unknown,used,1,Mass_Market,Phnom Penh,Tier_1,individual,52500.0,0.0,0,0.0,0,1.9,0.0,0,0,2026-08-24 10:11:04.969362+00
13668052,52222.0,10.863278289856135,Ford,Ranger Raptor,2023,3,100000.0,1,2000.0,1,Petrol,Automatic,Black,used,1,Mass_Market,Phnom Penh,Tier_1,store,52222.0,0.0,0,0.0,0,68.9,0.0,0,0,2026-08-27 12:09:39.381958+00
13912105,38500.0,10.55843949396453,Ford,Ranger Raptor,2021,5,100000.0,1,2000.0,1,Diesel,Automatic,White,used,1,Mass_Market,Phnom Penh,Tier_1,store,38500.0,0.0,0,0.0,0,5.9,0.0,0,0,2026-08-27 12:06:53.824936+00
13932374,33000.0,10.404293143019792,Ford,Ranger Raptor,2021,5,100000.0,1,2000.0,1,Diesel,Automatic,Grey,used,1,Mass_Market,Kampong Speu,Tier_3,individual,33000.0,0.0,0,0.0,0,0.8,0.0,0,1,2026-08-27 12:05:42.818032+00
13218946,99000.0,11.502885230075814,Ford,Ranger Raptor,2021,5,100000.0,1,2000.0,1,Diesel,Automatic,Unknown,used,1,Mass_Market,Phnom Penh,Tier_1,individual,99000.0,0.0,0,0.0,0,177.3,0.0,0,0,2026-08-21 02:53:06.05464+00
13297461,43500.0,10.680539205318292,Ford,Ranger Raptor,2021,5,100000.0,1,2000.0,1,Diesel,Automatic,Unknown,used,1,Mass_Market,Phnom Penh,Tier_1,store,43500.0,0.0,0,0.0,0,161.6,0.0,0,0,2026-08-25 10:24:39.543838+00
13929421,33500.0,10.419330568113901,Ford,Ranger Raptor,2021,5,100000.0,1,2000.0,1,Diesel,Automatic,Grey,used,1,Mass_Market,Phnom Penh,Tier_1,individual,33500.0,0.0,0,0.0,0,0.0,0.0,0,0,2026-08-26 03:06:53.006162+00
13762197,20500.0,9.928228944424575,Ford,Ranger Raptor,2021,5,100000.0,1,2000.0,1,Diesel,Automatic,Black,used,0,Mass_Market,Phnom Penh,Tier_1,store,20500.0,0.0,0,0.0,0,39.8,0.0,0,0,2026-08-22 02:44:59.594221+00
13387611,43900.0,10.689692377847104,Ford,Ranger Raptor,2021,5,100000.0,1,2000.0,1,Diesel,Automatic,Blue,used,1,Mass_Market,Phnom Penh,Tier_1,store,43900.0,0.0,0,0.0,0,139.7,0.0,0,0,2026-08-26 03:09:22.766526+00
13929513,42000.0,10.645448706505872,Ford,Ranger Raptor,2017,9,100000.0,1,2000.0,1,Petrol,Automatic,White,used,1,Mass_Market,Phnom Penh,Tier_1,store,42000.0,0.0,0,0.0,0,0.0,0.0,0,0,2026-08-26 03:02:50.634645+00
13914101,42000.0,10.645448706505872,Ford,Ranger Raptor,2017,9,100000.0,1,2000.0,1,Diesel,Automatic,Unknown,used,1,Mass_Market,Phnom Penh,Tier_1,store,42000.0,0.0,0,0.0,0,0.0,0.0,0,0,2026-08-22 02:44:40.068314+00
13924008,9400.0,9.148571345578551,Kia,Ray2016,2016,10,100000.0,1,2000.0,1,Petrol,Automatic,Black,used,1,Mass_Market,Phnom Penh,Tier_1,store,9400.0,0.0,0,0.0,0,0.6,0.0,1,0,2026-08-25 10:16:53.758996+00
13878949,54800.0,10.911463720944793,Jeep,Rubicon,2020,6,100000.0,1,2000.0,1,Petrol,Automatic,White,used,1,Mass_Market,Phnom Penh,Tier_1,store,54800.0,0.0,0,0.0,0,12.8,0.0,0,0,2026-08-25 10:15:16.604166+00
13833979,58500.0,10.97679912709094,Jeep,Rubicon,2020,6,100000.0,1,2000.0,1,Petrol,Automatic,Black,new,0,Mass_Market,Phnom Penh,Tier_1,store,58500.0,0.0,0,0.0,0,25.4,0.0,0,0,2026-08-26 03:07:49.084787+00
13784480,49900.0,10.817796321618971,Jeep,Rubicon,2020,6,100000.0,1,2000.0,1,Petrol,Automatic,White,used,1,Mass_Market,Phnom Penh,Tier_1,store,49900.0,0.0,0,0.0,0,30.7,0.0,0,0,2026-08-18 10:18:57.645838+00
13926941,54377.0,10.903714939282837,Jeep,Rubicon,2020,6,100000.0,1,2000.0,1,Petrol,Automatic,Black,used,1,Mass_Market,Phnom Penh,Tier_1,store,54377.0,0.0,0,0.0,0,0.5,0.0,1,0,2026-08-26 03:09:18.146885+00
13888064,56000.0,10.933124826700707,Jeep,Rubicon,2023,3,100000.0,1,2000.0,1,Petrol,Automatic,White,used,1,Mass_Market,Phnom Penh,Tier_1,store,58000.0,2000.0,1,0.0,0,10.8,0.0,0,0,2026-08-26 02:57:26.65027+00
13785971,59000.0,10.985309671896763,Jeep,Rubicon,2023,3,100000.0,1,2000.0,1,Diesel,Automatic,White,used,1,Mass_Market,Phnom Penh,Tier_1,store,59000.0,0.0,0,0.0,0,33.7,0.0,1,0,2026-08-22 02:44:51.796242+00
13582356,45000.0,10.714439990727769,Jeep,Rubicon,2019,7,100000.0,1,2000.0,1,Petrol,Automatic,Blue,used,1,Mass_Market,Phnom Penh,Tier_1,individual,45000.0,0.0,0,0.0,0,85.5,0.0,0,0,2026-08-23 02:53:07.147407+00
13335383,49900.0,10.817796321618971,Jeep,Rubicon,2019,7,100000.0,1,2000.0,1,Petrol,Automatic,Black,used,0,Mass_Market,Phnom Penh,Tier_1,store,49900.0,0.0,0,0.0,0,154.8,0.0,0,0,2026-08-27 12:10:04.296061+00
13908667,46000.0,10.736418414365376,Jeep,Rubicon,2020,6,100000.0,1,2000.0,1,Petrol,Automatic,Grey,used,0,Mass_Market,Phnom Penh,Tier_1,store,46000.0,0.0,0,0.0,0,2.5,0.0,1,0,2026-08-23 02:52:45.533312+00
13833405,54800.0,10.911463720944793,Jeep,Rubicon,2020,6,100000.0,1,2000.0,1,Petrol,Automatic,White,used,1,Mass_Market,Phnom Penh,Tier_1,store,54800.0,0.0,0,0.0,0,26.9,0.0,0,0,2026-08-27 12:19:11.835703+00
13822382,39500.0,10.584081267024454,Jeep,Rubicon,2018,8,100000.0,1,2000.0,1,Petrol,Automatic,White,used,0,Mass_Market,Phnom Penh,Tier_1,store,39500.0,0.0,0,0.0,0,27.6,0.0,0,0,2026-08-25 10:24:08.990733+00
13836653,32900.0,10.401258331428318,Jeep,Rubicon,2018,8,100000.0,1,2000.0,1,Petrol,Automatic,Black,used,1,Mass_Market,Phnom Penh,Tier_1,individual,32900.0,0.0,0,0.0,0,23.8,0.0,0,0,2026-08-25 10:19:09.471955+00
13573874,50000.0,10.819798284210286,Jeep,Rubicon,2018,8,100000.0,1,2000.0,1,Petrol,Automatic,Grey,used,1,Mass_Market,Phnom Penh,Tier_1,store,50000.0,0.0,0,0.0,0,91.9,0.0,0,0,2026-08-27 12:12:28.660174+00
13922205,57500.0,10.959557617938563,Jeep,Rubicon,2021,5,100000.0,1,2000.0,1,Hybrid,Automatic,Grey,used,0,Mass_Market,Phnom Penh,Tier_1,store,57500.0,0.0,0,0.0,0,3.0,0.0,1,0,2026-08-27 12:08:49.936064+00
13245251,62000.0,11.034905792929415,Jeep,Rubicon,2021,5,100000.0,1,2000.0,1,Petrol,Automatic,White,used,1,Mass_Market,Phnom Penh,Tier_1,store,62000.0,0.0,0,0.0,0,175.5,0.0,1,0,2026-08-26 03:00:41.000079+00
13778906,58800.0,10.981914140544825,Jeep,Rubicon,2021,5,100000.0,1,2000.0,1,Petrol,Automatic,Grey,used,1,Mass_Market,Phnom Penh,Tier_1,store,58800.0,0.0,0,0.0,0,39.0,0.0,0,0,2026-08-25 10:20:40.191371+00
13893479,20500.0,9.928228944424575,Toyota,Rush,2019,7,100000.0,1,2000.0,1,Petrol,Automatic,Unknown,used,1,Mass_Market,Phnom Penh,Tier_1,store,20500.0,0.0,0,0.0,0,0.7,0.0,0,0,2026-08-17 08:51:03.584859+00
13315045,21800.0,9.989711119284745,Toyota,Rush,2020,6,100000.0,1,2000.0,1,Petrol,Automatic,White,used,1,Mass_Market,Phnom Penh,Tier_1,store,21800.0,0.0,0,0.0,0,157.8,0.0,0,0,2026-08-25 10:23:40.223601+00
13659285,23300.0,10.056251557087757,Toyota,Rush,2020,6,100000.0,1,2000.0,1,Petrol,Automatic,Unknown,used,1,Mass_Market,Phnom Penh,Tier_1,individual,23300.0,0.0,0,0.0,0,61.9,0.0,0,0,2026-08-18 10:18:58.598111+00
13927053,21300.0,9.966509298952284,Toyota,Rush,2020,6,100000.0,1,2000.0,1,Petrol,Automatic,White,used,1,Mass_Market,Phnom Penh,Tier_1,store,21300.0,0.0,0,0.0,0,0.0,0.0,0,0,2026-08-25 10:22:07.278312+00
13926558,21200.0,9.961803629358965,Toyota,Rush,2020,6,100000.0,1,2000.0,1,Petrol,Automatic,White,used,1,Mass_Market,Phnom Penh,Tier_1,individual,21200.0,0.0,0,0.0,0,0.0,0.0,0,0,2026-08-25 10:27:23.57526+00
13923478,24900.0,10.122663242288953,Toyota,Rush,2023,3,100000.0,1,2000.0,1,Petrol,Automatic,White,used,1,Mass_Market,Phnom Penh,Tier_1,store,24900.0,0.0,0,0.0,0,0.0,0.0,0,0,2026-08-24 10:11:05.987656+00
13917638,21500.0,9.975854724662028,Toyota,Rush,2020,6,100000.0,1,2000.0,1,Petrol,Automatic,Unknown,used,1,Mass_Market,Phnom Penh,Tier_1,store,21500.0,0.0,0,0.0,0,0.0,0.0,0,0,2026-08-23 02:52:51.989031+00
13901284,23900.0,10.081675578048475,Toyota,Rush,2022,4,100000.0,1,2000.0,1,Petrol,Automatic,White,used,1,Mass_Market,Phnom Penh,Tier_1,store,23900.0,0.0,0,0.0,0,8.9,0.0,0,0,2026-08-27 12:16:51.114669+00
13620840,23000.0,10.043292972227004,SsangYong,Tax Paper,2022,4,100000.0,1,2000.0,1,Petrol,Automatic,Black,used,0,Other,Phnom Penh,Tier_1,individual,23000.0,0.0,0,0.0,0,77.0,0.0,0,0,2026-08-24 10:11:02.979131+00
13763815,15500.0,9.648659816955295,Unknown,Unknown,2006,20,100000.0,1,2000.0,1,Unknown,Automatic,Yellow,used,1,Other,Phnom Penh,Tier_1,store,15500.0,0.0,0,0.0,0,38.6,0.0,0,0,2026-08-21 02:53:13.859601+00
13898619,14900.0,9.60918360377546,Unknown,Unknown,2024,2,100000.0,1,2000.0,1,Unknown,Automatic,Unknown,used,1,Other,Phnom Penh,Tier_1,individual,14900.0,0.0,0,0.0,0,5.1,0.0,0,0,2026-08-23 02:53:10.566531+00
13812395,16500.0,9.711176264112805,Unknown,Unknown,2012,14,100000.0,1,2000.0,1,Unknown,Automatic,Yellow,used,1,Other,Phnom Penh,Tier_1,individual,16900.0,400.0,1,0.0,0,29.9,0.0,0,0,2026-08-25 10:26:14.97129+00
13903407,13500.0,9.510519035757246,Unknown,Unknown,2012,14,100000.0,1,2000.0,1,Unknown,Automatic,Unknown,used,1,Other,Phnom Penh,Tier_1,individual,13500.0,0.0,0,0.0,0,0.0,0.0,0,0,2026-08-19 02:48:11.441207+00
13888669,13800.0,9.53249633228804,Unknown,Unknown,2012,14,100000.0,1,2000.0,1,Unknown,Automatic,Unknown,used,1,Other,Phnom Penh,Tier_1,individual,13800.0,0.0,0,0.0,0,4.9,0.0,0,0,2026-08-20 08:37:46.965424+00
13873180,14500.0,9.581972891547895,Unknown,Unknown,2012,14,100000.0,1,2000.0,1,Unknown,Automatic,Unknown,used,0,Other,Phnom Penh,Tier_1,store,14500.0,0.0,0,0.0,0,5.9,0.0,0,0,2026-08-17 08:50:58.88651+00
13885728,17500.0,9.770013301136158,Unknown,Unknown,2012,14,100000.0,1,2000.0,1,Unknown,Automatic,Unknown,used,1,Other,Phnom Penh,Tier_1,individual,17500.0,0.0,0,0.0,0,4.6,0.0,0,0,2026-08-19 02:48:06.126572+00
13867338,15800.0,9.6678285081515,Unknown,Unknown,2012,14,100000.0,1,2000.0,1,Unknown,Automatic,Unknown,used,0,Other,Phnom Penh,Tier_1,store,15800.0,0.0,0,0.0,0,7.7,0.0,1,0,2026-08-17 08:51:03.564414+00
13507166,7900.0,8.974744612722734,Unknown,Unknown,2012,14,100000.0,1,2000.0,1,Unknown,Automatic,Unknown,used,0,Other,Phnom Penh,Tier_1,store,7900.0,0.0,0,0.0,0,98.0,0.0,0,0,2026-08-18 10:19:07.20413+00
13889881,16800.0,9.729193687429403,Unknown,Unknown,2012,14,100000.0,1,2000.0,1,Unknown,Automatic,Unknown,used,0,Other,Phnom Penh,Tier_1,individual,16800.0,0.0,0,0.0,0,2.8,0.0,0,0,2026-08-18 10:19:00.458133+00
13659420,41500.0,10.633472802314019,Unknown,Unknown,2023,3,100000.0,1,2000.0,1,Unknown,Automatic,Unknown,used,1,Other,Kandal,Tier_2,store,41500.0,0.0,0,0.0,0,60.8,0.0,1,0,2026-08-17 08:50:57.878267+00
13811649,40600.0,10.611547975828369,Unknown,Unknown,2017,9,100000.0,1,2000.0,1,Unknown,Automatic,Unknown,used,0,Other,Phnom Penh,Tier_1,store,40600.0,0.0,0,0.0,0,30.7,0.0,1,0,2026-08-26 03:06:00.751001+00
13888217,23800.0,10.077482875583607,Unknown,Unknown,2017,9,100000.0,1,2000.0,1,Unknown,Automatic,Unknown,used,0,Other,Kandal,Tier_2,store,23800.0,0.0,0,0.0,0,3.1,0.0,0,0,2026-08-18 10:19:01.598598+00
13696766,32700.0,10.39516093745751,Unknown,Unknown,2017,9,100000.0,1,2000.0,1,Unknown,Automatic,Unknown,used,1,Other,Phnom Penh,Tier_1,store,32700.0,0.0,0,0.0,0,53.6,0.0,0,0,2026-08-19 02:48:03.343366+00
13913998,13900.0,9.539716058977092,Unknown,Unknown,2003,23,100000.0,1,2000.0,1,Unknown,Automatic,Unknown,used,1,Other,Phnom Penh,Tier_1,store,13900.0,0.0,0,0.0,0,0.0,0.0,0,0,2026-08-22 02:44:58.225085+00
13680091,8700.0,9.071193240566025,Unknown,Unknown,2003,23,100000.0,1,2000.0,1,Unknown,Automatic,Unknown,used,1,Other,Phnom Penh,Tier_1,store,8700.0,0.0,0,0.0,0,55.7,0.0,0,0,2026-08-17 08:50:50.189998+00
13292614,9000.0,9.105090961257085,Unknown,Unknown,2006,20,100000.0,1,2000.0,1,Unknown,Automatic,Unknown,used,1,Other,Phnom Penh,Tier_1,individual,9000.0,0.0,0,0.0,0,156.5,0.0,0,0,2026-08-19 02:48:03.343997+00
13914062,12300.0,9.417435838868785,Unknown,Unknown,2006,20,100000.0,1,2000.0,1,Petrol,Automatic,White,used,1,Other,Phnom Penh,Tier_1,store,12300.0,0.0,0,0.0,0,0.0,0.0,0,0,2026-08-22 02:44:41.416003+00
13724840,23500.0,10.064798252418377,Porsche,Unknown,2015,11,100000.0,1,2000.0,1,Petrol,Automatic,Black,used,1,Luxury,Phnom Penh,Tier_1,individual,23500.0,0.0,0,0.0,0,46.5,0.0,0,0,2026-08-19 02:47:59.108323+00
13518832,1100.0,7.00397413672268,ផ្សេងៗ,Unknown,2018,8,100000.0,1,2000.0,1,Diesel,Automatic,Red,used,1,Other,Preah Sihanouk,Tier_2,individual,1100.0,0.0,0,0.0,0,102.2,0.0,0,0,2026-08-25 10:15:12.410827+00
13907648,18000.0,9.798182590890704,Unknown,Unknown,2022,4,100000.0,1,2000.0,1,Unknown,Automatic,Unknown,used,1,Other,Phnom Penh,Tier_1,individual,19000.0,1000.0,1,0.0,0,7.0,0.0,0,0,2026-08-27 12:06:44.390385+00
13387318,115900.0,11.660491657418318,Unknown,Unknown,2022,4,100000.0,1,2000.0,1,Diesel,Automatic,Unknown,used,1,Other,Phnom Penh,Tier_1,store,115900.0,0.0,0,0.0,0,131.0,0.0,0,0,2026-08-17 08:51:02.645676+00
13886025,30000.0,10.308985993422082,Unknown,Unknown,2022,4,100000.0,1,2000.0,1,Petrol,Automatic,White,used,1,Other,Phnom Penh,Tier_1,individual,30000.0,0.0,0,0.0,0,5.8,0.0,0,0,2026-08-20 08:37:27.817242+00
13569537,28500.0,10.25769445336048,Unknown,Unknown,2022,4,100000.0,1,2000.0,1,Unknown,Automatic,Unknown,used,1,Other,Phnom Penh,Tier_1,individual,28500.0,0.0,0,0.0,0,91.5,0.0,0,0,2026-08-26 03:06:52.336201+00
13763517,37000.0,10.518700218288165,Unknown,Unknown,2022,4,100000.0,1,2000.0,1,Unknown,Automatic,Unknown,used,1,Other,Phnom Penh,Tier_1,individual,37000.0,0.0,0,0.0,0,38.6,0.0,0,0,2026-08-21 02:53:04.845081+00
13921642,47000.0,10.757924157061597,Unknown,Unknown,2022,4,100000.0,1,2000.0,1,Unknown,Automatic,Unknown,used,0,Other,Phnom Penh,Tier_1,individual,47000.0,0.0,0,0.0,0,1.7,0.0,0,0,2026-08-26 03:04:33.956514+00
13400777,42900.0,10.666650414667744,Unknown,Unknown,2026,0,100000.0,1,2000.0,1,Unknown,Automatic,Unknown,new,0,Other,Phnom Penh,Tier_1,individual,42900.0,0.0,0,0.0,0,126.9,0.0,0,0,2026-08-17 08:51:00.767239+00
13899228,47500.0,10.768506042432708,Unknown,Unknown,2026,0,100000.0,1,2000.0,1,Unknown,Automatic,Unknown,used,1,Other,Phnom Penh,Tier_1,individual,47500.0,0.0,0,0.0,0,0.7,0.0,0,0,2026-08-19 02:47:59.108625+00
13926800,24000.0,10.085850775128717,Unknown,Unknown,2026,0,100000.0,1,2000.0,1,Unknown,Automatic,Unknown,used,1,Other,Kampong Speu,Tier_3,individual,24000.0,0.0,0,0.0,0,0.0,0.0,0,0,2026-08-25 10:25:22.990792+00
13901644,1200.0,7.0909098220799835,Unknown,Unknown,2026,0,100000.0,1,2000.0,1,Unknown,Automatic,Unknown,new,0,Other,Phnom Penh,Tier_1,individual,1200.0,0.0,0,0.0,0,0.0,0.0,0,0,2026-08-18 10:18:58.596107+00
13892008,23500.0,10.064798252418377,Unknown,Unknown,2026,0,100000.0,1,2000.0,1,Unknown,Automatic,Unknown,used,1,Other,Phnom Penh,Tier_1,individual,23500.0,0.0,0,0.0,0,2.7,0.0,0,0,2026-08-19 02:48:22.299155+00
13199353,23900.0,10.081675578048475,Unknown,Unknown,2026,0,100000.0,1,2000.0,1,Unknown,Automatic,Unknown,new,0,Other,Phnom Penh,Tier_1,store,23900.0,0.0,0,0.0,0,179.5,0.0,0,0,2026-08-18 10:18:55.822877+00
13901341,23200.0,10.05195066017375,Unknown,Unknown,2026,0,100000.0,1,2000.0,1,Unknown,Automatic,Unknown,new,0,Other,Phnom Penh,Tier_1,individual,23200.0,0.0,0,0.0,0,0.0,0.0,0,0,2026-08-18 10:19:07.206225+00
13897206,37500.0,10.53212287826962,Unknown,Unknown,2026,0,100000.0,1,2000.0,1,Unknown,Automatic,Unknown,new,0,Other,Phnom Penh,Tier_1,individual,37500.0,0.0,0,0.0,0,0.0,0.0,0,0,2026-08-17 08:50:57.845072+00
13883816,15500.0,9.648659816955295,Unknown,Unknown,2005,21,100000.0,1,2000.0,1,Unknown,Automatic,Unknown,used,1,Other,Phnom Penh,Tier_1,individual,15500.0,0.0,0,0.0,0,3.4,0.0,0,0,2026-08-17 08:51:03.59158+00
13846843,16700.0,9.723223876851618,Unknown,Unknown,2005,21,100000.0,1,2000.0,1,Unknown,Automatic,Unknown,used,1,Other,Phnom Penh,Tier_1,store,16700.0,0.0,0,0.0,0,23.0,0.0,0,0,2026-08-27 12:09:34.77829+00
13873895,17500.0,9.770013301136158,Unknown,Unknown,2005,21,100000.0,1,2000.0,1,Unknown,Automatic,Unknown,used,1,Other,Phnom Penh,Tier_1,store,17500.0,0.0,0,0.0,0,13.9,0.0,0,0,2026-08-25 10:29:14.557591+00
13901579,8550.0,9.053803514155955,Unknown,Unknown,2005,21,100000.0,1,2000.0,1,Unknown,Automatic,Unknown,used,1,Other,Phnom Penh,Tier_1,individual,8550.0,0.0,0,0.0,0,0.0,0.0,0,0,2026-08-18 10:19:00.458133+00
13914245,19600.0,9.883335864325275,Unknown,Unknown,2005,21,100000.0,1,2000.0,1,Unknown,Automatic,Unknown,used,1,Other,Phnom Penh,Tier_1,store,19600.0,0.0,0,0.0,0,2.0,0.0,0,0,2026-08-24 10:11:17.28536+00
13908380,18500.0,9.825580063659602,Unknown,Unknown,2005,21,100000.0,1,2000.0,1,Unknown,Automatic,Unknown,used,1,Other,Kandal,Tier_2,individual,18500.0,0.0,0,0.0,0,0.0,0.0,0,0,2026-08-20 08:37:46.966684+00
13913106,7950.0,8.981052985901483,Unknown,Unknown,2005,21,100000.0,1,2000.0,1,Unknown,Automatic,Unknown,used,1,Other,Phnom Penh,Tier_1,individual,7950.0,0.0,0,0.0,0,4.3,0.0,0,0,2026-08-26 03:04:28.031231+00
13885520,8800.0,9.082620630373812,Unknown,Unknown,2005,21,100000.0,1,2000.0,1,Unknown,Automatic,Unknown,used,1,Other,Phnom Penh,Tier_1,store,8800.0,0.0,0,0.0,0,4.6,0.0,0,0,2026-08-19 02:48:01.901822+00
13908639,8990.0,9.103979355984773,Unknown,Unknown,2005,21,100000.0,1,2000.0,1,Unknown,Automatic,Unknown,used,1,Other,Phnom Penh,Tier_1,store,8990.0,0.0,0,0.0,0,0.0,0.0,1,0,2026-08-20 08:37:35.44965+00
13749569,9900.0,9.200391041122515,Unknown,Unknown,2005,21,100000.0,1,2000.0,1,Unknown,Automatic,Unknown,used,1,Other,Phnom Penh,Tier_1,individual,9900.0,0.0,0,0.0,0,39.7,0.0,0,0,2026-08-18 10:19:06.250412+00
13319198,18200.0,9.809231816610408,Unknown,Unknown,2005,21,100000.0,1,2000.0,1,Unknown,Automatic,Unknown,used,1,Other,Phnom Penh,Tier_1,store,18200.0,0.0,0,0.0,0,158.8,0.0,0,0,2026-08-27 12:08:02.528404+00
13913990,13900.0,9.539716058977092,Unknown,Unknown,2003,23,100000.0,1,2000.0,1,Unknown,Automatic,Unknown,used,1,Other,Phnom Penh,Tier_1,store,13900.0,0.0,0,0.0,0,0.0,0.0,0,0,2026-08-22 02:45:00.821269+00
13873223,13700.0,9.525224101853109,Unknown,Unknown,2014,12,100000.0,1,2000.0,1,Unknown,Automatic,Unknown,used,0,Other,Phnom Penh,Tier_1,store,13700.0,0.0,0,0.0,0,5.9,0.0,0,0,2026-08-17 08:50:58.888594+00
13904293,13800.0,9.53249633228804,Unknown,Unknown,2014,12,100000.0,1,2000.0,1,Unknown,Automatic,Unknown,used,0,Other,Phnom Penh,Tier_1,store,13800.0,0.0,0,0.0,0,3.6,0.0,0,0,2026-08-23 02:53:10.565836+00
13897445,17500.0,9.770013301136158,Unknown,Unknown,2014,12,100000.0,1,2000.0,1,Unknown,Automatic,Unknown,used,1,Other,Phnom Penh,Tier_1,store,17500.0,0.0,0,0.0,0,1.4,0.0,0,0,2026-08-19 02:48:19.539185+00
13844374,16500.0,9.711176264112805,Unknown,Unknown,2014,12,100000.0,1,2000.0,1,Diesel,Automatic,White,used,1,Other,Siem Reap,Tier_2,individual,16500.0,0.0,0,0.0,0,17.4,0.0,0,0,2026-08-21 02:53:23.580841+00
13899276,18800.0,9.841665338892785,Unknown,Unknown,2014,12,100000.0,1,2000.0,1,Unknown,Automatic,Unknown,used,1,Other,Phnom Penh,Tier_1,individual,18800.0,0.0,0,0.0,0,0.7,0.0,1,0,2026-08-19 02:48:01.896702+00
13880011,16600.0,9.717218213494077,Unknown,Unknown,2014,12,100000.0,1,2000.0,1,Unknown,Automatic,Unknown,used,0,Other,Kandal,Tier_2,store,16600.0,0.0,0,0.0,0,4.4,0.0,0,0,2026-08-17 08:50:58.865716+00
13897125,14500.0,9.581972891547895,Unknown,Unknown,2014,12,100000.0,1,2000.0,1,Unknown,Automatic,Grey,used,0,Other,Phnom Penh,Tier_1,individual,14500.0,0.0,0,0.0,0,0.0,0.0,0,0,2026-08-17 08:51:01.690288+00
13896344,8900.0,9.093918908958932,Unknown,Unknown,2003,23,100000.0,1,2000.0,1,Unknown,Automatic,Unknown,used,1,Other,Phnom Penh,Tier_1,individual,8900.0,0.0,0,0.0,0,1.6,0.0,0,0,2026-08-19 02:48:20.913978+00
13897905,5700.0,8.648396877031582,Unknown,Unknown,2006,20,100000.0,1,2000.0,1,Unknown,Automatic,Unknown,used,1,Other,Phnom Penh,Tier_1,individual,5700.0,0.0,0,0.0,0,2.6,0.0,0,1,2026-08-20 08:37:23.590877+00
13766418,27500.0,10.221977646629885,Unknown,Unknown,2015,11,100000.0,1,2000.0,1,Unknown,Automatic,Unknown,used,1,Other,Phnom Penh,Tier_1,individual,27500.0,0.0,0,0.0,0,37.8,0.0,0,0,2026-08-21 02:53:15.004769+00
13248811,33500.0,10.419330568113901,Unknown,Unknown,2015,11,100000.0,1,2000.0,1,Unknown,Automatic,Unknown,used,1,Other,Phnom Penh,Tier_1,store,33500.0,0.0,0,0.0,0,176.0,0.0,0,0,2026-08-27 12:17:41.627576+00
13893852,16800.0,9.729193687429403,Unknown,Unknown,2015,11,100000.0,1,2000.0,1,Unknown,Automatic,Unknown,used,1,Other,Phnom Penh,Tier_1,individual,16800.0,0.0,0,0.0,0,0.6,0.0,1,0,2026-08-17 08:51:08.279376+00
13729446,22500.0,10.021315031649332,Unknown,Unknown,2015,11,100000.0,1,2000.0,1,Petrol,Automatic,Black,used,1,Other,Phnom Penh,Tier_1,store,22500.0,0.0,0,0.0,0,44.7,0.0,1,0,2026-08-18 10:18:53.941945+00
13863625,21500.0,9.975854724662028,Unknown,Unknown,2015,11,100000.0,1,2000.0,1,Petrol,Automatic,Grey,used,1,Other,Phnom Penh,Tier_1,store,21500.0,0.0,0,0.0,0,14.5,0.0,0,0,2026-08-23 02:53:00.515847+00
13684344,33400.0,10.416341118636355,Unknown,Unknown,2015,11,100000.0,1,2000.0,1,Unknown,Automatic,Unknown,used,1,Other,Phnom Penh,Tier_1,store,33400.0,0.0,0,0.0,0,63.5,0.0,0,0,2026-08-26 03:02:29.412731+00
13748037,45800.0,10.732061203925053,Unknown,Unknown,2015,11,100000.0,1,2000.0,1,Unknown,Automatic,Unknown,used,0,Other,Phnom Penh,Tier_1,individual,45800.0,0.0,0,0.0,0,44.6,0.0,0,0,2026-08-23 02:52:48.824775+00
13902250,17000.0,9.741027444837728,Unknown,Unknown,2015,11,100000.0,1,2000.0,1,Unknown,Automatic,Unknown,used,1,Other,Phnom Penh,Tier_1,individual,17000.0,0.0,0,0.0,0,8.7,0.0,0,0,2026-08-27 12:10:09.634221+00
13935468,22000.0,9.99884318585288,Unknown,Unknown,2015,11,100000.0,1,2000.0,1,Unknown,Automatic,Unknown,used,0,Other,Phnom Penh,Tier_1,store,22000.0,0.0,0,0.0,0,0.0,0.0,0,0,2026-08-27 12:19:45.113644+00
13871268,15950.0,9.677276802172448,BYD,Unknown,2019,7,100000.0,1,2000.0,1,Electric,Automatic,Unknown,used,1,Chinese_EV,Phnom Penh,Tier_1,individual,15950.0,0.0,0,0.0,0,7.7,0.0,0,0,2026-08-18 10:18:58.598111+00
13901605,15900.0,9.674137279312397,Unknown,Unknown,2003,23,100000.0,1,2000.0,1,Unknown,Automatic,Black,used,1,Other,Phnom Penh,Tier_1,individual,15900.0,0.0,0,0.0,0,0.0,0.0,0,0,2026-08-18 10:18:59.540261+00
13911449,20500.0,9.928228944424575,Unknown,Unknown,2006,20,100000.0,1,2000.0,1,Unknown,Automatic,White,used,1,Other,Phnom Penh,Tier_1,store,20500.0,0.0,0,0.0,0,0.6,0.0,0,0,2026-08-22 02:44:50.614705+00
13901357,32556.0,10.39074767827941,Unknown,Unknown,2024,2,100000.0,1,2000.0,1,Unknown,Automatic,Unknown,used,0,Other,Banteay Meanchey,Tier_3,individual,32556.0,0.0,0,0.0,0,0.0,0.0,0,0,2026-08-18 10:19:06.253988+00
13860366,17200.0,9.75272280064639,Unknown,Unknown,2003,23,100000.0,1,2000.0,1,Unknown,Automatic,Gold,used,1,Other,Phnom Penh,Tier_1,store,17200.0,0.0,0,0.0,0,10.8,0.0,0,0,2026-08-18 10:18:54.870805+00
13908407,85000.0,11.350418300109132,Unknown,Unknown,2006,20,100000.0,1,2000.0,1,Unknown,Automatic,Unknown,used,1,Other,Phnom Penh,Tier_1,individual,85000.0,0.0,0,0.0,0,0.0,0.0,0,0,2026-08-20 08:37:46.962905+00
13899648,10500.0,9.259225769705994,Unknown,Unknown,2006,20,100000.0,1,2000.0,1,Unknown,Automatic,Unknown,used,1,Other,Phnom Penh,Tier_1,individual,10500.0,0.0,0,0.0,0,3.7,0.0,0,0,2026-08-22 02:44:59.591355+00
13891491,31900.0,10.370392636243981,Unknown,Unknown,2016,10,100000.0,1,2000.0,1,Unknown,Automatic,Unknown,used,1,Other,Phnom Penh,Tier_1,store,31900.0,0.0,0,0.0,0,11.2,0.0,0,0,2026-08-27 12:15:06.138115+00
13885978,26550.0,10.186822690744211,Unknown,Unknown,2016,10,100000.0,1,2000.0,1,Unknown,Automatic,Unknown,used,1,Other,Phnom Penh,Tier_1,individual,26550.0,0.0,0,0.0,0,7.5,0.0,0,0,2026-08-22 02:44:58.224774+00
13811651,40999.0,10.621327345686446,Unknown,Unknown,2016,10,100000.0,1,2000.0,1,Unknown,Automatic,Unknown,used,0,Other,Phnom Penh,Tier_1,store,40999.0,0.0,0,0.0,0,30.7,0.0,1,0,2026-08-26 03:05:26.545393+00
13936160,27000.0,10.203629181337648,Unknown,Unknown,2016,10,100000.0,1,2000.0,1,Unknown,Automatic,Unknown,used,1,Other,Phnom Penh,Tier_1,individual,27000.0,0.0,0,0.0,0,0.0,0.0,0,0,2026-08-27 12:13:47.63418+00
13872989,16800.0,9.729193687429403,Unknown,Unknown,2016,10,100000.0,1,2000.0,1,Petrol,Automatic,Grey,used,1,Other,Phnom Penh,Tier_1,individual,17500.0,700.0,1,0.0,0,10.7,0.0,0,0,2026-08-22 02:44:46.732518+00
13893551,11300.0,9.332646496360152,Unknown,Unknown,2003,23,100000.0,1,2000.0,1,Petrol,Automatic,Silver,used,1,Other,Phnom Penh,Tier_1,individual,11300.0,0.0,0,0.0,0,4.4,0.0,0,0,2026-08-21 02:53:16.321067+00
13883195,10900.0,9.296609807128359,Unknown,Unknown,2003,23,100000.0,1,2000.0,1,Unknown,Automatic,Unknown,used,1,Other,Phnom Penh,Tier_1,store,10900.0,0.0,0,0.0,0,12.4,0.0,0,0,2026-08-26 03:00:30.236834+00
13897168,1150.0,7.048386408721883,Unknown,Unknown,1990,36,100000.0,1,2000.0,1,Unknown,Automatic,Unknown,used,1,Other,Pailin,Tier_3,individual,1150.0,0.0,0,0.0,0,0.0,0.0,0,0,2026-08-17 08:50:59.794854+00
13658304,2200.0,7.696667081526462,Unknown,Unknown,1990,36,100000.0,1,2000.0,1,Unknown,Automatic,Unknown,used,1,Other,Phnom Penh,Tier_1,individual,2200.0,0.0,0,0.0,0,62.0,0.0,0,0,2026-08-18 10:19:06.252485+00
13897119,2800.0,7.937731775260109,Unknown,Unknown,1995,31,100000.0,1,2000.0,1,Unknown,Automatic,Unknown,used,1,Other,Phnom Penh,Tier_1,individual,2800.0,0.0,0,0.0,0,0.0,0.0,0,0,2026-08-17 08:51:01.705183+00
13869429,1500.0,7.313886831633462,Unknown,Unknown,2000,26,100000.0,1,2000.0,1,Unknown,Automatic,Unknown,used,1,Other,Kandal,Tier_2,individual,1500.0,0.0,0,0.0,0,8.7,0.0,0,0,2026-08-19 02:48:19.537101+00
13903442,10500.0,9.259225769705994,Unknown,Unknown,2000,26,100000.0,1,2000.0,1,Unknown,Automatic,Unknown,used,1,Other,Kandal,Tier_2,individual,10500.0,0.0,0,0.0,0,0.0,0.0,0,0,2026-08-19 02:48:08.836301+00
13874330,18600.0,9.83097062169695,Unknown,Unknown,2024,2,100000.0,1,2000.0,1,Electric,Automatic,Grey,new,1,Other,Phnom Penh,Tier_1,store,18600.0,0.0,0,0.0,0,6.8,0.0,1,0,2026-08-18 10:18:57.649847+00
13697497,5800.0,8.665785595466064,Unknown,Unknown,2000,26,100000.0,1,2000.0,1,Unknown,Automatic,Unknown,used,1,Other,Kampong Speu,Tier_3,store,5800.0,0.0,0,0.0,0,54.8,0.0,0,0,2026-08-20 08:37:42.602855+00
13897113,9900.0,9.200391041122515,Unknown,Unknown,2000,26,100000.0,1,2000.0,1,Unknown,Automatic,Unknown,used,0,Other,Phnom Penh,Tier_1,store,9900.0,0.0,0,0.0,0,0.0,0.0,0,1,2026-08-17 08:51:01.709173+00
13897160,9900.0,9.200391041122515,Unknown,Unknown,2000,26,100000.0,1,2000.0,1,Unknown,Automatic,Unknown,used,0,Other,Phnom Penh,Tier_1,store,9900.0,0.0,0,0.0,0,0.0,0.0,0,1,2026-08-17 08:51:00.735607+00
13853115,1100.0,7.00397413672268,Unknown,Unknown,2000,26,100000.0,1,2000.0,1,Unknown,Automatic,Unknown,used,1,Other,Phnom Penh,Tier_1,individual,1100.0,0.0,0,0.0,0,12.6,0.0,0,0,2026-08-18 10:18:59.542637+00
13913988,8700.0,9.071193240566025,Unknown,Unknown,2002,24,100000.0,1,2000.0,1,Unknown,Automatic,Gold,used,1,Other,Phnom Penh,Tier_1,individual,8700.0,0.0,0,0.0,0,0.0,0.0,0,0,2026-08-22 02:45:00.823623+00
13899926,8999.0,9.104979856318357,Unknown,Unknown,2002,24,100000.0,1,2000.0,1,Unknown,Automatic,Unknown,used,1,Other,Phnom Penh,Tier_1,store,8999.0,0.0,0,0.0,0,0.7,0.0,0,0,2026-08-19 02:48:01.901917+00
13897146,16900.0,9.735128070758227,Unknown,Unknown,2002,24,100000.0,1,2000.0,1,Unknown,Automatic,Unknown,used,1,Other,Phnom Penh,Tier_1,individual,16900.0,0.0,0,0.0,0,0.0,0.0,0,0,2026-08-17 08:51:00.752104+00
13901133,7800.0,8.962007209588313,Unknown,Unknown,2002,24,100000.0,1,2000.0,1,Unknown,Automatic,Unknown,used,0,Other,Phnom Penh,Tier_1,store,7800.0,0.0,0,0.0,0,2.5,0.0,0,1,2026-08-21 02:53:23.581276+00
13901123,7800.0,8.962007209588313,Unknown,Unknown,2002,24,100000.0,1,2000.0,1,Unknown,Automatic,Unknown,used,0,Other,Phnom Penh,Tier_1,store,7800.0,0.0,0,0.0,0,1.7,0.0,0,1,2026-08-20 08:37:51.425+00
13911546,11300.0,9.332646496360152,Unknown,Unknown,2002,24,100000.0,1,2000.0,1,Petrol,Automatic,Red,used,1,Other,Phnom Penh,Tier_1,store,11300.0,0.0,0,0.0,0,1.6,0.0,0,0,2026-08-23 02:52:48.825051+00
13897004,10800.0,9.287394001418473,Unknown,Unknown,2002,24,100000.0,1,2000.0,1,Unknown,Automatic,Unknown,used,1,Other,Phnom Penh,Tier_1,individual,10800.0,0.0,0,0.0,0,3.5,0.0,0,0,2026-08-21 02:53:13.861979+00
13910532,6300.0,8.748463629942055,Unknown,Unknown,2002,24,100000.0,1,2000.0,1,Unknown,Automatic,Unknown,used,1,Other,Phnom Penh,Tier_1,store,6300.0,0.0,0,0.0,0,0.0,0.0,0,0,2026-08-21 02:53:23.579406+00
13914235,13900.0,9.539716058977092,Unknown,Unknown,2002,24,100000.0,1,2000.0,1,Unknown,Automatic,Unknown,used,1,Other,Phnom Penh,Tier_1,store,13900.0,0.0,0,0.0,0,2.0,0.0,0,0,2026-08-24 10:11:17.28536+00
13926388,10700.0,9.278092474027002,Unknown,Unknown,2002,24,100000.0,1,2000.0,1,Unknown,Automatic,Unknown,used,1,Other,Kandal,Tier_2,individual,10700.0,0.0,0,0.0,0,0.6,0.0,0,0,2026-08-26 03:02:21.925106+00
13891566,7900.0,8.974744612722734,Unknown,Unknown,2002,24,100000.0,1,2000.0,1,Unknown,Automatic,Unknown,used,1,Other,Phnom Penh,Tier_1,individual,7900.0,0.0,0,0.0,0,1.0,0.0,0,0,2026-08-17 08:51:00.72721+00
13923046,6300.0,8.748463629942055,Unknown,Unknown,2002,24,100000.0,1,2000.0,1,Unknown,Automatic,Unknown,used,1,Other,Phnom Penh,Tier_1,store,6300.0,0.0,0,0.0,0,0.0,0.0,0,0,2026-08-24 10:11:20.291032+00
13908406,7800.0,8.962007209588313,Unknown,Unknown,2002,24,100000.0,1,2000.0,1,Unknown,Automatic,Unknown,used,0,Other,Phnom Penh,Tier_1,store,7800.0,0.0,0,0.0,0,0.0,0.0,0,1,2026-08-20 08:37:46.963322+00
13870552,10600.0,9.268703615273097,Unknown,Unknown,2002,24,100000.0,1,2000.0,1,Unknown,Automatic,Unknown,used,1,Other,Phnom Penh,Tier_1,individual,10600.0,0.0,0,0.0,0,14.8,0.0,0,0,2026-08-25 10:14:54.786516+00
13869938,9900.0,9.200391041122515,Unknown,Unknown,2002,24,100000.0,1,2000.0,1,Unknown,Automatic,Unknown,used,0,Other,Phnom Penh,Tier_1,store,9900.0,0.0,0,0.0,0,10.6,0.0,0,0,2026-08-21 02:53:19.753795+00
13875306,9200.0,9.127067452782361,Unknown,Unknown,2002,24,100000.0,1,2000.0,1,Unknown,Automatic,Unknown,used,1,Other,Phnom Penh,Tier_1,store,9200.0,0.0,0,0.0,0,7.4,0.0,0,0,2026-08-19 02:48:01.901726+00
13914023,8400.0,9.036106025364846,Unknown,Unknown,2002,24,100000.0,1,2000.0,1,Unknown,Automatic,Silver,used,1,Other,Phnom Penh,Tier_1,individual,8400.0,0.0,0,0.0,0,0.0,0.0,0,0,2026-08-22 02:44:54.348665+00
13804844,35600.0,10.480129006333248,Unknown,Unknown,2017,9,100000.0,1,2000.0,1,Unknown,Automatic,Unknown,used,0,Other,Phnom Penh,Tier_1,store,35600.0,0.0,0,0.0,0,25.7,0.0,1,0,2026-08-19 02:48:22.303601+00
13897246,3350.0,8.11701408773731,Unknown,Unknown,1998,28,100000.0,1,2000.0,1,Petrol,Automatic,Blue,used,1,Other,Phnom Penh,Tier_1,individual,3350.0,0.0,0,0.0,0,0.0,0.0,0,0,2026-08-17 08:50:55.889564+00
13666617,5350.0,8.585038738311304,Unknown,Unknown,1998,28,100000.0,1,2000.0,1,Unknown,Automatic,Unknown,used,1,Other,Phnom Penh,Tier_1,individual,5350.0,0.0,0,0.0,0,67.7,0.0,0,0,2026-08-26 03:10:06.110228+00
13897153,3190.0,8.068089626278244,Unknown,Unknown,1998,28,100000.0,1,2000.0,1,Unknown,Automatic,Unknown,used,1,Other,Phnom Penh,Tier_1,individual,3190.0,0.0,0,0.0,0,0.0,0.0,0,0,2026-08-17 08:51:00.735607+00
13745838,5500.0,8.612685172875459,Unknown,Unknown,1998,28,100000.0,1,2000.0,1,Unknown,Automatic,Unknown,used,1,Other,Phnom Penh,Tier_1,store,5500.0,0.0,0,0.0,0,40.6,0.0,0,0,2026-08-18 10:18:54.872942+00
13682691,5700.0,8.648396877031582,Unknown,Unknown,1999,27,100000.0,1,2000.0,1,Unknown,Automatic,Unknown,used,0,Other,Takeo,Tier_3,individual,5700.0,0.0,0,0.0,0,57.9,0.0,0,0,2026-08-20 08:37:23.597149+00
13750795,14500.0,9.581972891547895,Unknown,Unknown,2011,15,100000.0,1,2000.0,1,Unknown,Automatic,Unknown,used,1,Other,Phnom Penh,Tier_1,individual,14500.0,0.0,0,0.0,0,39.8,0.0,0,0,2026-08-19 02:48:11.443022+00
13935530,50000.0,10.819798284210286,Unknown,Unknown,2025,1,100000.0,1,2000.0,1,Unknown,Automatic,Unknown,used,1,Other,Prey Veng,Tier_3,individual,50000.0,0.0,0,0.0,0,0.0,0.0,0,0,2026-08-27 12:18:32.509655+00
13746055,43000.0,10.668978650219241,Unknown,Unknown,2025,1,100000.0,1,2000.0,1,Hybrid,Automatic,Unknown,used,1,Other,Phnom Penh,Tier_1,individual,43000.0,0.0,0,0.0,0,45.2,0.0,0,0,2026-08-23 02:52:48.824294+00
13908422,258000.0,12.460718739865236,Unknown,Unknown,2025,1,100000.0,1,2000.0,1,Unknown,Automatic,Unknown,new,0,Other,Phnom Penh,Tier_1,store,258000.0,0.0,0,0.0,0,0.0,0.0,0,0,2026-08-20 08:37:44.218293+00
13898031,14900.0,9.60918360377546,Unknown,Unknown,2025,1,100000.0,1,2000.0,1,Unknown,Automatic,Unknown,used,1,Other,Phnom Penh,Tier_1,store,14900.0,0.0,0,0.0,0,1.3,0.0,0,0,2026-08-19 02:48:06.124005+00
13745584,86500.0,11.367911253546788,Unknown,Unknown,2025,1,100000.0,1,2000.0,1,Unknown,Automatic,Unknown,used,1,Other,Phnom Penh,Tier_1,store,86500.0,0.0,0,0.0,0,40.6,0.0,0,0,2026-08-18 10:18:59.540992+00
13745594,36500.0,10.505094936455558,Unknown,Unknown,2025,1,100000.0,1,2000.0,1,Unknown,Automatic,Unknown,used,1,Other,Phnom Penh,Tier_1,store,36500.0,0.0,0,0.0,0,40.6,0.0,0,0,2026-08-18 10:18:59.542008+00
13896976,31900.0,10.370392636243981,Unknown,Unknown,2025,1,100000.0,1,2000.0,1,Unknown,Automatic,Unknown,used,1,Other,Phnom Penh,Tier_1,individual,31900.0,0.0,0,0.0,0,0.8,0.0,0,0,2026-08-18 10:18:56.72048+00
13897340,43800.0,10.687411927154141,Unknown,Unknown,2025,1,100000.0,1,2000.0,1,Unknown,Automatic,Unknown,used,1,Other,Phnom Penh,Tier_1,store,43800.0,0.0,0,0.0,0,0.0,0.0,0,0,2026-08-17 08:50:52.999636+00
13759497,16800.0,9.729193687429403,Unknown,Unknown,2006,20,100000.0,1,2000.0,1,Petrol,Automatic,White,used,1,Other,Kampong Cham,Tier_2,store,16800.0,0.0,0,0.0,0,37.7,0.0,0,1,2026-08-19 02:48:01.897897+00
13923501,20800.0,9.942756341456828,Unknown,Unknown,2006,20,100000.0,1,2000.0,1,Unknown,Automatic,White,used,1,Other,Phnom Penh,Tier_1,store,20800.0,0.0,0,0.0,0,0.0,0.0,0,0,2026-08-24 10:11:05.982263+00
13927909,4850.0,8.486940148245216,Unknown,Unknown,2006,20,100000.0,1,2000.0,1,Unknown,Automatic,Unknown,used,1,Other,Phnom Penh,Tier_1,individual,4850.0,0.0,0,0.0,0,0.0,0.0,0,0,2026-08-25 10:13:46.895716+00
13910723,12300.0,9.417435838868785,Unknown,Unknown,2006,20,100000.0,1,2000.0,1,Unknown,Automatic,Unknown,used,1,Other,Phnom Penh,Tier_1,individual,13000.0,700.0,1,0.0,0,4.7,0.0,1,0,2026-08-26 03:05:37.098296+00
13492788,10400.0,9.249657234353133,Unknown,Unknown,2006,20,100000.0,1,2000.0,1,Unknown,Automatic,Unknown,used,1,Other,Phnom Penh,Tier_1,store,10400.0,0.0,0,0.0,0,102.5,0.0,1,0,2026-08-19 02:48:01.897683+00
13850572,16600.0,9.717218213494077,ផ្សេងៗ,Unknown,2024,2,100000.0,1,2000.0,1,Electric,Automatic,White,new,0,Other,Phnom Penh,Tier_1,store,16600.0,0.0,0,0.0,0,17.7,0.0,0,0,2026-08-23 02:52:53.733052+00
13346876,14000.0,9.546884034617925,ផ្សេងៗ,Unknown,2024,2,100000.0,1,2000.0,1,Electric,Automatic,Blue,new,0,Other,Phnom Penh,Tier_1,store,14000.0,0.0,0,0.0,0,151.8,0.0,0,0,2026-08-27 12:18:42.605722+00
13866779,14200.0,9.561067663645012,ផ្សេងៗ,Unknown,2024,2,100000.0,1,2000.0,1,Hybrid,Automatic,White,used,1,Other,Phnom Penh,Tier_1,store,14200.0,0.0,0,0.0,0,16.5,0.0,0,0,2026-08-26 02:59:24.259997+00
13856197,14800.0,9.60245002503719,ផ្សេងៗ,Unknown,2024,2,100000.0,1,2000.0,1,Electric,Automatic,White,used,0,Other,Phnom Penh,Tier_1,store,14800.0,0.0,0,0.0,0,20.9,0.0,0,0,2026-08-27 12:07:14.361466+00
13690167,55800.0,10.929547069355774,ផ្សេងៗ,Unknown,2024,2,100000.0,1,2000.0,1,Electric,Automatic,Black,new,0,Other,Phnom Penh,Tier_1,store,55800.0,0.0,0,0.0,0,56.7,0.0,0,0,2026-08-20 08:37:32.542974+00
13913754,33500.0,10.419330568113901,Unknown,Unknown,2024,2,100000.0,1,2000.0,1,Unknown,Automatic,Unknown,used,1,Other,Phnom Penh,Tier_1,store,33500.0,0.0,0,0.0,0,2.1,0.0,0,0,2026-08-24 10:11:17.28536+00
13790529,6300.0,8.748463629942055,Mercedes-Benz,Unknown,2001,25,100000.0,1,2000.0,1,Petrol,Automatic,Unknown,used,1,Luxury,Phnom Penh,Tier_1,individual,6300.0,0.0,0,0.0,0,27.8,0.0,0,0,2026-08-17 08:51:02.661748+00
13827111,1900.0,7.550135342488429,Unknown,Unknown,2001,25,100000.0,1,2000.0,1,Unknown,Automatic,Unknown,used,1,Other,Phnom Penh,Tier_1,store,1900.0,0.0,0,0.0,0,21.0,0.0,0,0,2026-08-20 08:37:44.212017+00
13915906,10333.0,9.24319470884713,Unknown,Unknown,2001,25,100000.0,1,2000.0,1,Unknown,Automatic,Unknown,used,1,Other,Phnom Penh,Tier_1,store,10333.0,0.0,0,0.0,0,0.4,0.0,0,0,2026-08-23 02:52:51.987636+00
13929409,7700.0,8.94910546953925,Unknown,Unknown,2001,25,100000.0,1,2000.0,1,Unknown,Automatic,Unknown,used,0,Other,Phnom Penh,Tier_1,store,7700.0,0.0,0,0.0,0,0.0,0.0,0,0,2026-08-26 03:08:10.952276+00
13846082,12900.0,9.465060106725137,Unknown,Unknown,2001,25,100000.0,1,2000.0,1,Unknown,Automatic,Unknown,used,1,Other,Preah Sihanouk,Tier_2,individual,12200.0,0.0,0,700.0,1,23.1,0.0,0,0,2026-08-27 12:14:33.926198+00
13680259,9800.0,9.19023970026918,Unknown,Unknown,2001,25,100000.0,1,2000.0,1,Unknown,Automatic,Unknown,used,1,Other,Phnom Penh,Tier_1,individual,9800.0,0.0,0,0.0,0,62.7,0.0,0,0,2026-08-24 10:11:02.981142+00
13908738,7800.0,8.962007209588313,Unknown,Unknown,2001,25,100000.0,1,2000.0,1,Unknown,Automatic,Unknown,used,0,Other,Phnom Penh,Tier_1,store,7800.0,0.0,0,0.0,0,0.0,0.0,0,1,2026-08-20 08:37:29.393394+00
13800207,9600.0,9.169622538697624,Unknown,Unknown,2001,25,100000.0,1,2000.0,1,Unknown,Automatic,Unknown,used,1,Other,Phnom Penh,Tier_1,individual,9600.0,0.0,0,0.0,0,27.2,0.0,0,0,2026-08-19 02:48:11.442896+00
13697452,5200.0,8.556606193773073,Unknown,Unknown,2001,25,100000.0,1,2000.0,1,Unknown,Automatic,Unknown,used,1,Other,Kampong Speu,Tier_3,store,5200.0,0.0,0,0.0,0,54.8,0.0,0,0,2026-08-20 08:37:33.864351+00
13929435,7900.0,8.974744612722734,Unknown,Unknown,2001,25,100000.0,1,2000.0,1,Unknown,Automatic,Unknown,used,1,Other,Preah Sihanouk,Tier_2,individual,7900.0,0.0,0,0.0,0,0.0,0.0,0,1,2026-08-26 03:06:16.997102+00
13917326,7700.0,8.94910546953925,Unknown,Unknown,2001,25,100000.0,1,2000.0,1,Unknown,Automatic,Unknown,used,0,Other,Phnom Penh,Tier_1,store,7700.0,0.0,0,0.0,0,2.1,0.0,0,1,2026-08-25 10:25:48.6634+00
13917561,7700.0,8.94910546953925,Unknown,Unknown,2001,25,100000.0,1,2000.0,1,Unknown,Automatic,Unknown,used,0,Other,Phnom Penh,Tier_1,store,7700.0,0.0,0,0.0,0,0.0,0.0,0,0,2026-08-23 02:53:12.304645+00
13863043,11000.0,9.305741456739435,Unknown,Unknown,2001,25,100000.0,1,2000.0,1,Unknown,Automatic,Unknown,used,1,Other,Phnom Penh,Tier_1,individual,11000.0,0.0,0,0.0,0,13.6,0.0,0,1,2026-08-22 02:44:50.617233+00
13751800,11800.0,9.375939552625749,Unknown,Unknown,2003,23,100000.0,1,2000.0,1,Unknown,Automatic,Unknown,used,1,Other,Phnom Penh,Tier_1,store,11800.0,0.0,0,0.0,0,46.0,0.0,0,0,2026-08-25 10:29:51.151434+00
13911621,13500.0,9.510519035757246,Unknown,Unknown,2011,15,100000.0,1,2000.0,1,Unknown,Automatic,Unknown,used,1,Other,Phnom Penh,Tier_1,individual,13500.0,0.0,0,0.0,0,1.6,0.0,0,0,2026-08-23 02:52:51.993424+00
13855398,15000.0,9.61587214452889,Unknown,Unknown,2011,15,100000.0,1,2000.0,1,Unknown,Automatic,Unknown,used,1,Other,Phnom Penh,Tier_1,individual,15000.0,0.0,0,0.0,0,11.9,0.0,0,0,2026-08-18 10:18:50.184973+00
13914255,14200.0,9.561067663645012,Unknown,Unknown,2003,23,100000.0,1,2000.0,1,Unknown,Automatic,Unknown,used,1,Other,Phnom Penh,Tier_1,store,14200.0,0.0,0,0.0,0,2.0,0.0,0,0,2026-08-24 10:11:17.28536+00
13552523,14500.0,9.581972891547895,Unknown,Unknown,2003,23,100000.0,1,2000.0,1,Unknown,Automatic,Unknown,used,1,Other,Phnom Penh,Tier_1,store,14500.0,0.0,0,0.0,0,96.9,0.0,0,0,2026-08-27 12:08:01.969306+00
13861264,14900.0,9.60918360377546,Unknown,Unknown,2003,23,100000.0,1,2000.0,1,Unknown,Automatic,White,used,1,Other,Phnom Penh,Tier_1,store,14900.0,0.0,0,0.0,0,18.2,0.0,0,0,2026-08-26 03:07:19.508551+00
13892696,18500.0,9.825580063659602,Unknown,Unknown,2003,23,100000.0,1,2000.0,1,Unknown,Automatic,Unknown,used,1,Other,Phnom Penh,Tier_1,store,18500.0,0.0,0,0.0,0,1.9,0.0,0,0,2026-08-18 10:18:51.125551+00
13919973,15800.0,9.6678285081515,Unknown,Unknown,2003,23,100000.0,1,2000.0,1,Unknown,Automatic,Unknown,used,1,Other,Phnom Penh,Tier_1,individual,15800.0,0.0,0,0.0,0,3.7,0.0,0,0,2026-08-27 12:15:27.895791+00
13888173,5000.0,8.517393171418904,Unknown,Unknown,1991,35,100000.0,1,2000.0,1,Unknown,Automatic,Unknown,used,1,Other,Phnom Penh,Tier_1,individual,5000.0,0.0,0,0.0,0,5.8,0.0,0,0,2026-08-21 02:53:27.388024+00
13886156,5885.0,8.680331928793418,Unknown,Unknown,1996,30,100000.0,1,2000.0,1,Unknown,Automatic,Unknown,used,1,Other,Siem Reap,Tier_2,individual,5885.0,0.0,0,0.0,0,7.5,0.0,0,0,2026-08-22 02:44:36.184588+00
13849410,10500.0,9.259225769705994,Unknown,Unknown,2006,20,100000.0,1,2000.0,1,Unknown,Automatic,Unknown,used,1,Other,Prey Veng,Tier_3,individual,10500.0,0.0,0,0.0,0,18.0,0.0,0,0,2026-08-23 02:52:45.517797+00
13901518,4700.0,8.45553053102413,Unknown,Unknown,1997,29,100000.0,1,2000.0,1,Unknown,Automatic,Unknown,used,1,Other,Phnom Penh,Tier_1,individual,4700.0,0.0,0,0.0,0,0.0,0.0,0,0,2026-08-18 10:19:01.598598+00
13914044,7700.0,8.94910546953925,Unknown,Unknown,2006,20,100000.0,1,2000.0,1,Diesel,Automatic,Black,used,1,Other,Phnom Penh,Tier_1,store,7700.0,0.0,0,0.0,0,0.0,0.0,1,0,2026-08-22 02:44:46.734247+00
13791445,25800.0,10.158168529848494,Unknown,Unknown,2024,2,100000.0,1,2000.0,1,Unknown,Automatic,Unknown,used,1,Other,Phnom Penh,Tier_1,individual,25800.0,0.0,0,0.0,0,32.3,0.0,0,0,2026-08-22 02:44:41.414645+00
13908794,18200.0,9.809231816610408,Unknown,Unknown,2024,2,100000.0,1,2000.0,1,Unknown,Automatic,Unknown,used,1,Other,Kampong Cham,Tier_2,individual,18200.0,0.0,0,0.0,0,0.5,0.0,0,0,2026-08-21 02:53:12.552737+00
13896982,130000.0,11.775297421715827,Unknown,Unknown,2021,5,100000.0,1,2000.0,1,Unknown,Automatic,Unknown,used,1,Other,Phnom Penh,Tier_1,individual,130000.0,0.0,0,0.0,0,0.0,0.0,0,0,2026-08-17 08:51:08.296159+00
13607227,31500.0,10.357774570341576,Unknown,Unknown,2021,5,100000.0,1,2000.0,1,Unknown,Automatic,Unknown,used,1,Other,Kandal,Tier_2,individual,31500.0,0.0,0,0.0,0,74.8,0.0,0,0,2026-08-18 10:18:52.997731+00
13552950,28300.0,10.250652418696085,Unknown,Unknown,2021,5,100000.0,1,2000.0,1,Diesel,Automatic,White,used,0,Other,Phnom Penh,Tier_1,individual,28300.0,0.0,0,0.0,0,90.5,0.0,1,1,2026-08-21 02:53:06.055798+00
13917603,24500.0,10.106469212026385,Unknown,Unknown,2021,5,100000.0,1,2000.0,1,Unknown,Automatic,Unknown,used,1,Other,Siem Reap,Tier_2,individual,24500.0,0.0,0,0.0,0,0.0,0.0,0,0,2026-08-23 02:53:02.005845+00
13847032,78000.0,11.264476926102367,ផ្សេងៗ,Unknown,2025,1,100000.0,1,2000.0,1,Diesel,Manual,White,new,0,Other,Phnom Penh,Tier_1,store,78000.0,0.0,0,0.0,0,20.9,0.0,0,0,2026-08-25 10:22:43.479961+00
13897041,17900.0,9.792611856190192,ផ្សេងៗ,Unknown,2025,1,100000.0,1,2000.0,1,Electric,Automatic,Other,new,0,Other,Phnom Penh,Tier_1,store,17900.0,0.0,0,0.0,0,8.5,0.0,0,0,2026-08-26 02:59:50.028422+00
13936218,48800.0,10.795506083434564,ផ្សេងៗ,Unknown,2025,1,100000.0,1,2000.0,1,Petrol,Automatic,White,used,1,Other,Phnom Penh,Tier_1,store,48800.0,0.0,0,0.0,0,0.0,0.0,0,0,2026-08-27 12:10:15.21022+00
13908290,25500.0,10.146472946063877,ផ្សេងៗ,Unknown,2025,1,100000.0,1,2000.0,1,Petrol,Automatic,White,new,0,Other,Battambang,Tier_2,store,25500.0,0.0,0,0.0,0,4.9,0.0,0,0,2026-08-25 10:24:46.218136+00
13897169,18800.0,9.841665338892785,ផ្សេងៗ,Unknown,2025,1,100000.0,1,2000.0,1,Electric,Automatic,Other,new,0,Other,Phnom Penh,Tier_1,store,18800.0,0.0,0,0.0,0,0.0,0.0,0,0,2026-08-17 08:50:59.78686+00
13330347,36999.0,10.51867319162636,ផ្សេងៗ,Unknown,2025,1,100000.0,1,2000.0,1,Electric,Automatic,White,new,0,Other,Phnom Penh,Tier_1,store,36999.0,0.0,0,0.0,0,155.9,0.0,0,0,2026-08-27 12:15:45.567709+00
13650593,4950.0,8.507344855361422,ផ្សេងៗ,Unknown,2025,1,100000.0,1,2000.0,1,Electric,Automatic,Green,used,1,Other,Phnom Penh,Tier_1,individual,4950.0,0.0,0,0.0,0,73.0,0.0,0,0,2026-08-27 12:10:39.40036+00
13906096,38500.0,10.55843949396453,ផ្សេងៗ,Unknown,2025,1,100000.0,1,2000.0,1,Petrol,Automatic,Blue,used,0,Other,Phnom Penh,Tier_1,individual,38500.0,0.0,0,0.0,0,6.2,0.0,0,0,2026-08-26 02:56:08.465007+00
13897031,19500.0,9.87822102528824,ផ្សេងៗ,Unknown,2025,1,100000.0,1,2000.0,1,Electric,Automatic,Other,new,0,Other,Phnom Penh,Tier_1,store,19500.0,0.0,0,0.0,0,8.5,0.0,0,0,2026-08-26 02:59:36.642628+00
13854449,16800.0,9.729193687429403,ផ្សេងៗ,Unknown,2025,1,100000.0,1,2000.0,1,Electric,Automatic,White,used,1,Other,Phnom Penh,Tier_1,store,16800.0,0.0,0,0.0,0,21.1,0.0,0,0,2026-08-27 12:07:43.48635+00
13257849,65999.0,11.097410021008562,ផ្សេងៗ,Unknown,2025,1,100000.0,1,2000.0,1,Diesel,Manual,White,new,0,Other,Phnom Penh,Tier_1,store,65999.0,0.0,0,0.0,0,172.4,0.0,0,0,2026-08-26 02:59:25.665327+00
13935968,8500.0,9.04793908261736,Unknown,Unknown,2004,22,100000.0,1,2000.0,1,Unknown,Automatic,Unknown,used,1,Other,Preah Sihanouk,Tier_2,individual,8500.0,0.0,0,0.0,0,0.0,0.0,0,0,2026-08-27 12:14:47.564228+00
13674462,18950.0,9.84961197956681,Unknown,Unknown,2004,22,100000.0,1,2000.0,1,Unknown,Automatic,Unknown,used,1,Other,Phnom Penh,Tier_1,store,18950.0,0.0,0,0.0,0,56.9,0.0,0,0,2026-08-17 08:51:01.723522+00
13748002,19500.0,9.87822102528824,Unknown,Unknown,2004,22,100000.0,1,2000.0,1,Petrol,Automatic,White,used,1,Other,Phnom Penh,Tier_1,individual,19500.0,0.0,0,0.0,0,38.9,0.0,0,0,2026-08-17 08:51:05.468191+00
13910670,18800.0,9.841665338892785,Unknown,Unknown,2004,22,100000.0,1,2000.0,1,Unknown,Automatic,Unknown,used,1,Other,Phnom Penh,Tier_1,individual,18800.0,0.0,0,0.0,0,0.0,0.0,0,0,2026-08-21 02:53:08.541882+00
13917566,5800.0,8.665785595466064,Unknown,Unknown,2004,22,100000.0,1,2000.0,1,Unknown,Automatic,Unknown,used,0,Other,Phnom Penh,Tier_1,store,5800.0,0.0,0,0.0,0,0.0,0.0,0,0,2026-08-23 02:53:12.3022+00
13903410,18500.0,9.825580063659602,Unknown,Unknown,2004,22,100000.0,1,2000.0,1,Unknown,Automatic,Unknown,used,1,Other,Siem Reap,Tier_2,individual,18500.0,0.0,0,0.0,0,1.7,0.0,0,0,2026-08-21 02:53:19.756144+00
13728221,2500.0,7.824445930877619,Unknown,Unknown,2004,22,100000.0,1,2000.0,1,Unknown,Automatic,Unknown,used,0,Other,Phnom Penh,Tier_1,individual,2500.0,0.0,0,0.0,0,51.9,0.0,0,0,2026-08-25 10:17:59.262778+00
13897333,15500.0,9.648659816955295,Unknown,Unknown,2004,22,100000.0,1,2000.0,1,Unknown,Automatic,Unknown,used,1,Other,Phnom Penh,Tier_1,individual,15500.0,0.0,0,0.0,0,0.0,0.0,0,1,2026-08-17 08:50:53.026167+00
13910611,9800.0,9.19023970026918,Unknown,Unknown,2004,22,100000.0,1,2000.0,1,Unknown,Automatic,Unknown,used,1,Other,Battambang,Tier_2,individual,9800.0,0.0,0,0.0,0,0.0,0.0,0,0,2026-08-21 02:53:17.468443+00
13897073,9500.0,9.15915233520675,Unknown,Unknown,2004,22,100000.0,1,2000.0,1,Unknown,Automatic,Unknown,used,1,Other,Phnom Penh,Tier_1,individual,9500.0,0.0,0,0.0,0,0.0,0.0,0,0,2026-08-17 08:51:03.574439+00
13271950,14000.0,9.546884034617925,Unknown,Unknown,2004,22,100000.0,1,2000.0,1,Unknown,Automatic,Unknown,used,1,Other,Phnom Penh,Tier_1,store,14000.0,0.0,0,0.0,0,167.9,0.0,0,0,2026-08-25 10:26:56.016419+00
13295187,18800.0,9.841665338892785,Unknown,Unknown,2004,22,100000.0,1,2000.0,1,Unknown,Automatic,Unknown,used,1,Other,Phnom Penh,Tier_1,store,18800.0,0.0,0,0.0,0,164.0,0.0,0,0,2026-08-27 12:18:08.997681+00
13908416,7800.0,8.962007209588313,Unknown,Unknown,2004,22,100000.0,1,2000.0,1,Unknown,Automatic,Unknown,used,0,Other,Phnom Penh,Tier_1,store,7800.0,0.0,0,0.0,0,0.0,0.0,0,1,2026-08-20 08:37:44.2198+00
13897122,5900.0,8.682877107057168,Unknown,Unknown,2004,22,100000.0,1,2000.0,1,Unknown,Automatic,Unknown,used,0,Other,Phnom Penh,Tier_1,store,5900.0,0.0,0,0.0,0,0.0,0.0,0,1,2026-08-17 08:51:01.695775+00
13917652,6300.0,8.748463629942055,Unknown,Unknown,2004,22,100000.0,1,2000.0,1,Petrol,Automatic,Red,used,1,Other,Phnom Penh,Tier_1,store,6300.0,0.0,0,0.0,0,0.0,0.0,0,0,2026-08-23 02:52:50.507556+00
13929399,5800.0,8.665785595466064,Unknown,Unknown,2004,22,100000.0,1,2000.0,1,Unknown,Automatic,Unknown,used,0,Other,Phnom Penh,Tier_1,store,5800.0,0.0,0,0.0,0,0.0,0.0,0,1,2026-08-26 03:08:49.19236+00
13903482,5900.0,8.682877107057168,Unknown,Unknown,2004,22,100000.0,1,2000.0,1,Unknown,Automatic,Unknown,used,0,Other,Phnom Penh,Tier_1,store,5900.0,0.0,0,0.0,0,0.0,0.0,0,1,2026-08-19 02:48:04.755841+00
13460383,4350.0,8.37816098272068,ផ្សេងៗ,Unknown,2005,21,100000.0,1,2000.0,1,Petrol,Automatic,White,used,1,Other,Phnom Penh,Tier_1,individual,4350.0,0.0,0,0.0,0,110.0,0.0,0,0,2026-08-18 10:18:56.716471+00
13546943,14900.0,9.60918360377546,ផ្សេងៗ,Unknown,2005,21,100000.0,1,2000.0,1,Petrol,Automatic,White,used,1,Other,Phnom Penh,Tier_1,individual,14900.0,0.0,0,0.0,0,96.0,0.0,0,0,2026-08-25 10:23:20.063707+00
13810598,15900.0,9.674137279312397,Unknown,Unknown,2010,16,100000.0,1,2000.0,1,Hybrid,Automatic,Grey,used,0,Other,Phnom Penh,Tier_1,store,15900.0,0.0,0,0.0,0,23.7,0.0,1,0,2026-08-18 10:18:53.937947+00
13866338,29500.0,10.292179440058462,Unknown,Unknown,2010,16,100000.0,1,2000.0,1,Hybrid,Automatic,White,used,1,Other,Phnom Penh,Tier_1,individual,29500.0,0.0,0,0.0,0,7.8,0.0,0,0,2026-08-17 08:50:53.94482+00
13805807,29800.0,10.30229722897745,Unknown,Unknown,2010,16,100000.0,1,2000.0,1,Unknown,Automatic,Yellow,used,1,Other,Phnom Penh,Tier_1,store,29800.0,0.0,0,0.0,0,29.6,0.0,0,0,2026-08-23 02:53:17.443253+00
13766411,47000.0,10.757924157061597,Unknown,Unknown,2010,16,100000.0,1,2000.0,1,Unknown,Automatic,Unknown,used,1,Other,Phnom Penh,Tier_1,individual,47000.0,0.0,0,0.0,0,37.8,0.0,0,0,2026-08-21 02:53:15.005099+00
13910657,15200.0,9.62911649414402,Unknown,Unknown,2010,16,100000.0,1,2000.0,1,Unknown,Automatic,Unknown,used,1,Other,Kandal,Tier_2,individual,15200.0,0.0,0,0.0,0,0.0,0.0,0,0,2026-08-21 02:53:13.860472+00
13885967,9199.0,9.126958763037132,Unknown,Unknown,2010,16,100000.0,1,2000.0,1,Unknown,Automatic,Silver,used,0,Other,Phnom Penh,Tier_1,store,9199.0,0.0,0,0.0,0,3.9,0.0,0,0,2026-08-18 10:19:07.205227+00
13883310,30500.0,10.32551474894327,Unknown,Unknown,2010,16,100000.0,1,2000.0,1,Petrol,Automatic,White,used,1,Other,Kampong Speu,Tier_3,store,30500.0,0.0,0,0.0,0,3.6,0.0,0,0,2026-08-17 08:51:05.478988+00
13875603,22800.0,10.034559673629849,Unknown,Unknown,2010,16,100000.0,1,2000.0,1,Unknown,Automatic,Unknown,used,1,Other,Phnom Penh,Tier_1,individual,22800.0,0.0,0,0.0,0,8.5,0.0,0,0,2026-08-20 08:37:32.541855+00
13901611,15200.0,9.62911649414402,Unknown,Unknown,2010,16,100000.0,1,2000.0,1,Unknown,Automatic,Unknown,used,1,Other,Kandal,Tier_2,individual,15200.0,0.0,0,0.0,0,0.0,0.0,0,0,2026-08-18 10:18:59.537238+00
13936236,10000.0,9.210440366976517,Unknown,Unknown,2010,16,100000.0,1,2000.0,1,Unknown,Automatic,Unknown,used,0,Other,Phnom Penh,Tier_1,individual,10000.0,0.0,0,0.0,0,0.0,0.0,0,0,2026-08-27 12:13:09.057952+00
13897123,15200.0,9.62911649414402,Unknown,Unknown,2010,16,100000.0,1,2000.0,1,Unknown,Automatic,Unknown,used,1,Other,Kandal,Tier_2,individual,15200.0,0.0,0,0.0,0,0.0,0.0,0,0,2026-08-17 08:51:01.690288+00
13897323,14700.0,9.595670797663967,Unknown,Unknown,2010,16,100000.0,1,2000.0,1,Unknown,Automatic,Unknown,used,1,Other,Phnom Penh,Tier_1,individual,14700.0,0.0,0,0.0,0,0.0,0.0,0,0,2026-08-17 08:50:53.940636+00
13303591,20800.0,9.942756341456828,Unknown,Unknown,2010,16,100000.0,1,2000.0,1,Unknown,Automatic,Unknown,used,1,Other,Phnom Penh,Tier_1,store,20800.0,0.0,0,0.0,0,162.2,0.0,0,0,2026-08-27 12:13:48.787701+00
13221476,17700.0,9.781376414141157,Unknown,Unknown,2010,16,100000.0,1,2000.0,1,Unknown,Automatic,Unknown,used,0,Other,Phnom Penh,Tier_1,store,17700.0,0.0,0,0.0,0,172.8,0.0,0,0,2026-08-17 08:51:01.726768+00
13592397,18300.0,9.814710982145282,Unknown,Unknown,2010,16,100000.0,1,2000.0,1,Unknown,Automatic,Unknown,used,0,Other,Phnom Penh,Tier_1,store,18300.0,0.0,0,0.0,0,76.9,0.0,0,0,2026-08-17 08:51:01.72732+00
13899991,32500.0,10.389026137075234,Unknown,Unknown,2010,16,100000.0,1,2000.0,1,Unknown,Automatic,White,used,1,Other,Phnom Penh,Tier_1,individual,32500.0,0.0,0,0.0,0,1.9,0.0,0,0,2026-08-20 08:37:49.861751+00
13508648,6800.0,8.824824939175638,Unknown,Unknown,2010,16,100000.0,1,2000.0,1,Unknown,Automatic,Unknown,used,1,Other,Phnom Penh,Tier_1,store,6800.0,0.0,0,0.0,0,105.5,0.0,0,0,2026-08-26 03:08:54.943825+00
13903427,15200.0,9.62911649414402,Unknown,Unknown,2010,16,100000.0,1,2000.0,1,Unknown,Automatic,Unknown,used,1,Other,Kandal,Tier_2,individual,15200.0,0.0,0,0.0,0,0.0,0.0,0,0,2026-08-19 02:48:12.664418+00
13865469,24000.0,10.085850775128717,Unknown,Unknown,2018,8,100000.0,1,2000.0,1,Unknown,Automatic,Unknown,used,0,Other,Phnom Penh,Tier_1,store,24000.0,0.0,0,0.0,0,9.1,0.0,0,0,2026-08-18 10:19:08.119026+00
13800513,2700.0,7.901377353792616,Unknown,Unknown,2019,7,100000.0,1,2000.0,1,Unknown,Automatic,Unknown,used,1,Other,Phnom Penh,Tier_1,store,2700.0,0.0,0,0.0,0,26.1,0.0,0,0,2026-08-18 10:19:01.602264+00
13216997,49500.0,10.809748150372926,Unknown,Unknown,2008,18,100000.0,1,2000.0,1,Unknown,Automatic,Unknown,used,1,Other,Phnom Penh,Tier_1,store,49500.0,0.0,0,0.0,0,174.9,0.0,0,0,2026-08-18 10:18:55.824097+00
13882122,10100.0,9.220389707829185,Unknown,Unknown,2008,18,100000.0,1,2000.0,1,Unknown,Automatic,Grey,used,1,Other,Banteay Meanchey,Tier_3,individual,10100.0,0.0,0,0.0,0,3.8,0.0,0,0,2026-08-17 08:51:02.659157+00
13801548,43000.0,10.668978650219241,Unknown,Unknown,2008,18,100000.0,1,2000.0,1,Unknown,Automatic,Unknown,used,1,Other,Phnom Penh,Tier_1,individual,43000.0,0.0,0,0.0,0,24.9,0.0,0,0,2026-08-17 08:50:50.200796+00
13910729,7600.0,8.936035096566041,Unknown,Unknown,2008,18,100000.0,1,2000.0,1,Unknown,Automatic,Unknown,used,1,Other,Phnom Penh,Tier_1,individual,7600.0,0.0,0,0.0,0,0.0,0.0,0,0,2026-08-21 02:53:09.87503+00
13901645,12500.0,9.433563920090563,Unknown,Unknown,2008,18,100000.0,1,2000.0,1,Unknown,Automatic,Yellow,used,0,Other,Phnom Penh,Tier_1,individual,12500.0,0.0,0,0.0,0,0.0,0.0,0,0,2026-08-18 10:18:58.596107+00
13399956,12500.0,9.433563920090563,Unknown,Unknown,2008,18,100000.0,1,2000.0,1,Unknown,Automatic,Grey,used,0,Other,Phnom Penh,Tier_1,store,12500.0,0.0,0,0.0,0,129.3,0.0,0,0,2026-08-19 02:48:04.753907+00
13910525,10950.0,9.301186055275759,Unknown,Unknown,2008,18,100000.0,1,2000.0,1,Unknown,Automatic,Unknown,used,1,Other,Phnom Penh,Tier_1,individual,10950.0,0.0,0,0.0,0,0.0,0.0,0,0,2026-08-21 02:53:24.913876+00
13901428,5800.0,8.665785595466064,Unknown,Unknown,2008,18,100000.0,1,2000.0,1,Unknown,Automatic,Unknown,used,1,Other,Phnom Penh,Tier_1,individual,5800.0,0.0,0,0.0,0,0.0,0.0,0,0,2026-08-18 10:19:03.459664+00
13879456,10000.0,9.210440366976517,Unknown,Unknown,2008,18,100000.0,1,2000.0,1,Unknown,Automatic,Unknown,used,1,Other,Phnom Penh,Tier_1,individual,10000.0,0.0,0,0.0,0,11.6,0.0,0,0,2026-08-24 10:11:07.045674+00
13923475,7600.0,8.936035096566041,Unknown,Unknown,2008,18,100000.0,1,2000.0,1,Unknown,Automatic,Unknown,used,1,Other,Phnom Penh,Tier_1,individual,7600.0,0.0,0,0.0,0,0.0,0.0,0,0,2026-08-24 10:11:05.987656+00
13926978,16000.0,9.680406499268875,Unknown,Unknown,2009,17,100000.0,1,2000.0,1,Unknown,Automatic,Unknown,used,1,Other,Kandal,Tier_2,individual,16000.0,0.0,0,0.0,0,0.0,0.0,0,0,2026-08-25 10:23:08.070284+00
13868409,11100.0,9.314790473332646,Unknown,Unknown,2009,17,100000.0,1,2000.0,1,Unknown,Automatic,Unknown,used,1,Other,Phnom Penh,Tier_1,individual,11100.0,0.0,0,0.0,0,10.8,0.0,0,0,2026-08-21 02:53:15.006095+00
13797854,12200.0,9.409273194575334,Unknown,Unknown,2009,17,100000.0,1,2000.0,1,Unknown,Automatic,Unknown,used,1,Other,Phnom Penh,Tier_1,store,12200.0,0.0,0,0.0,0,25.9,0.0,0,0,2026-08-17 08:50:59.807589+00
13905561,24500.0,10.106469212026385,Unknown,Unknown,2009,17,100000.0,1,2000.0,1,Unknown,Automatic,Unknown,used,0,Other,Phnom Penh,Tier_1,individual,24500.0,0.0,0,0.0,0,3.4,0.0,0,0,2026-08-23 02:52:47.316173+00
13830576,5400.0,8.594339400592892,Unknown,Unknown,2009,17,100000.0,1,2000.0,1,Unknown,Automatic,Unknown,used,1,Other,Kandal,Tier_2,individual,5400.0,0.0,0,0.0,0,19.3,0.0,1,0,2026-08-19 02:48:19.537661+00
13882064,12600.0,9.441531454869693,Unknown,Unknown,2009,17,100000.0,1,2000.0,1,Unknown,Automatic,Unknown,used,0,Other,Phnom Penh,Tier_1,individual,12600.0,0.0,0,0.0,0,3.8,0.0,0,0,2026-08-17 08:51:06.451509+00
13546140,8650.0,9.065430200180375,Unknown,Unknown,2013,13,100000.0,1,2000.0,1,Unknown,Automatic,Unknown,used,0,Other,Phnom Penh,Tier_1,store,8650.0,0.0,0,0.0,0,96.7,0.0,0,0,2026-08-26 02:57:29.405354+00
13913763,18800.0,9.841665338892785,Unknown,Unknown,2018,8,100000.0,1,2000.0,1,Unknown,Automatic,Unknown,used,0,Other,Phnom Penh,Tier_1,store,18800.0,0.0,0,0.0,0,2.1,0.0,1,0,2026-08-24 10:11:17.28536+00
13218204,78000.0,11.264476926102367,Unknown,Unknown,2018,8,100000.0,1,2000.0,1,Unknown,Automatic,Unknown,used,1,Other,Phnom Penh,Tier_1,store,78000.0,0.0,0,0.0,0,174.7,0.0,0,0,2026-08-18 10:18:53.941945+00
13913743,18700.0,9.83633227734872,Unknown,Unknown,2018,8,100000.0,1,2000.0,1,Unknown,Automatic,Unknown,used,0,Other,Phnom Penh,Tier_1,store,18700.0,0.0,0,0.0,0,2.1,0.0,1,0,2026-08-24 10:11:17.28536+00
13917560,8700.0,9.071193240566025,Unknown,Unknown,2008,18,100000.0,1,2000.0,1,Unknown,Automatic,Unknown,used,1,Other,Phnom Penh,Tier_1,store,8700.0,0.0,0,0.0,0,0.0,0.0,0,0,2026-08-23 02:53:10.564906+00
13901666,113000.0,11.635151947212842,Unknown,Unknown,2020,6,100000.0,1,2000.0,1,Unknown,Automatic,Unknown,used,1,Other,Phnom Penh,Tier_1,store,113000.0,0.0,0,0.0,0,0.0,0.0,0,0,2026-08-18 10:18:57.649847+00
13914036,25500.0,10.146472946063877,Unknown,Unknown,2020,6,100000.0,1,2000.0,1,Diesel,Automatic,Black,used,1,Other,Phnom Penh,Tier_1,store,25500.0,0.0,0,0.0,0,0.0,0.0,0,0,2026-08-22 02:44:50.616639+00
13311758,13900.0,9.539716058977092,Unknown,Unknown,2019,7,100000.0,1,2000.0,1,Unknown,Automatic,Unknown,used,1,Other,Phnom Penh,Tier_1,store,13900.0,0.0,0,0.0,0,158.6,0.0,0,0,2026-08-25 10:23:44.486346+00
13766726,13900.0,9.539716058977092,ផ្សេងៗ,Unknown,2026,0,100000.0,1,2000.0,1,Electric,Automatic,White,new,0,Other,Phnom Penh,Tier_1,store,13900.0,0.0,0,0.0,0,44.1,0.0,0,0,2026-08-27 12:12:41.368489+00
13451786,29800.0,10.30229722897745,ផ្សេងៗ,Unknown,2026,0,100000.0,1,2000.0,1,Electric,Automatic,White,new,0,Other,Phnom Penh,Tier_1,store,29800.0,0.0,0,0.0,0,119.7,0.0,0,0,2026-08-26 03:02:28.697447+00
13622664,38999.0,10.571316925111784,ផ្សេងៗ,Unknown,2026,0,100000.0,1,2000.0,1,Electric,Manual,White,new,0,Other,Phnom Penh,Tier_1,store,38999.0,0.0,0,0.0,0,79.9,0.0,0,0,2026-08-27 12:15:42.061129+00
13592617,17500.0,9.770013301136158,ផ្សេងៗ,Unknown,2026,0,100000.0,1,2000.0,1,Electric,Automatic,White,new,0,Other,Phnom Penh,Tier_1,store,17500.0,0.0,0,0.0,0,85.6,0.0,0,0,2026-08-26 02:59:28.880928+00
13697899,16000.0,9.680406499268875,Unknown,Unknown,2020,6,100000.0,1,2000.0,1,Unknown,Automatic,Unknown,used,1,Other,Phnom Penh,Tier_1,store,16000.0,0.0,0,0.0,0,52.8,0.0,0,0,2026-08-18 10:18:58.596107+00
13901673,113000.0,11.635151947212842,Unknown,Unknown,2020,6,100000.0,1,2000.0,1,Unknown,Automatic,Unknown,used,1,Other,Phnom Penh,Tier_1,store,113000.0,0.0,0,0.0,0,0.0,0.0,0,0,2026-08-18 10:18:57.647844+00
13738215,32500.0,10.389026137075234,Unknown,Unknown,2020,6,100000.0,1,2000.0,1,Unknown,Automatic,Unknown,used,1,Other,Phnom Penh,Tier_1,store,32500.0,0.0,0,0.0,0,42.1,0.0,0,0,2026-08-18 10:18:59.537238+00
13910553,12900.0,9.465060106725137,Unknown,Unknown,2020,6,100000.0,1,2000.0,1,Unknown,Automatic,Unknown,used,1,Other,Phnom Penh,Tier_1,store,12900.0,0.0,0,0.0,0,0.0,0.0,0,1,2026-08-21 02:53:22.42673+00
13908613,34000.0,10.434145214930487,Unknown,Unknown,2013,13,100000.0,1,2000.0,1,Petrol,Automatic,White,used,1,Other,Phnom Penh,Tier_1,individual,34000.0,0.0,0,0.0,0,0.0,0.0,0,0,2026-08-20 08:37:32.540211+00
13898767,13000.0,9.472781556562168,Unknown,Unknown,2007,19,100000.0,1,2000.0,1,Unknown,Automatic,Unknown,used,1,Other,Phnom Penh,Tier_1,individual,13000.0,0.0,0,0.0,0,1.0,0.0,0,0,2026-08-19 02:47:57.912243+00
13896039,16500.0,9.711176264112805,Unknown,Unknown,2007,19,100000.0,1,2000.0,1,Unknown,Automatic,Unknown,used,1,Other,Phnom Penh,Tier_1,store,16500.0,0.0,0,0.0,0,4.7,0.0,0,0,2026-08-22 02:44:37.526168+00
13907637,10500.0,9.259225769705994,Unknown,Unknown,2007,19,100000.0,1,2000.0,1,Hybrid,Automatic,Green,used,1,Other,Phnom Penh,Tier_1,store,10500.0,0.0,0,0.0,0,2.6,0.0,0,0,2026-08-23 02:53:17.436156+00
13716271,16900.0,9.735128070758227,Unknown,Unknown,2007,19,100000.0,1,2000.0,1,Unknown,Automatic,Unknown,used,1,Other,Phnom Penh,Tier_1,store,16900.0,0.0,0,0.0,0,52.6,0.0,0,0,2026-08-23 02:52:51.991949+00
13898901,23300.0,10.056251557087757,Unknown,Unknown,2007,19,100000.0,1,2000.0,1,Unknown,Automatic,Unknown,used,1,Other,Phnom Penh,Tier_1,store,23300.0,0.0,0,0.0,0,7.1,0.0,0,0,2026-08-25 10:15:21.858625+00
13891475,17800.0,9.787009914477434,Unknown,Unknown,2007,19,100000.0,1,2000.0,1,Unknown,Automatic,Unknown,used,1,Other,Phnom Penh,Tier_1,store,17800.0,0.0,0,0.0,0,5.8,0.0,0,0,2026-08-22 02:45:00.817585+00
13927241,4950.0,8.507344855361422,Unknown,Unknown,2007,19,100000.0,1,2000.0,1,Unknown,Automatic,Unknown,used,1,Other,Phnom Penh,Tier_1,individual,4950.0,0.0,0,0.0,0,0.0,0.0,0,0,2026-08-25 10:19:47.90939+00
13913759,13800.0,9.53249633228804,Unknown,Unknown,2013,13,100000.0,1,2000.0,1,Unknown,Automatic,Unknown,used,0,Other,Phnom Penh,Tier_1,store,13800.0,0.0,0,0.0,0,2.1,0.0,1,0,2026-08-24 10:11:17.28536+00
13769181,28300.0,10.250652418696085,Unknown,Unknown,2013,13,100000.0,1,2000.0,1,Unknown,Automatic,Unknown,used,1,Other,Phnom Penh,Tier_1,individual,28300.0,0.0,0,0.0,0,35.4,0.0,0,0,2026-08-19 02:48:23.681977+00
13647031,18700.0,9.83633227734872,Unknown,Unknown,2013,13,100000.0,1,2000.0,1,Unknown,Automatic,Unknown,used,1,Other,Phnom Penh,Tier_1,store,18700.0,0.0,0,0.0,0,74.0,0.0,0,0,2026-08-27 12:16:39.592478+00
13897328,17500.0,9.770013301136158,Unknown,Unknown,2013,13,100000.0,1,2000.0,1,Unknown,Automatic,Unknown,used,1,Other,Phnom Penh,Tier_1,individual,17500.0,0.0,0,0.0,0,0.0,0.0,1,0,2026-08-17 08:50:53.940636+00
13926207,14500.0,9.581972891547895,Unknown,Unknown,2013,13,100000.0,1,2000.0,1,Unknown,Automatic,Unknown,used,1,Other,Phnom Penh,Tier_1,individual,14500.0,0.0,0,0.0,0,2.0,0.0,1,1,2026-08-27 12:15:25.405162+00
13877939,17500.0,9.770013301136158,Unknown,Unknown,2013,13,100000.0,1,2000.0,1,Unknown,Automatic,Unknown,used,0,Other,Phnom Penh,Tier_1,store,17500.0,0.0,0,0.0,0,12.9,0.0,0,0,2026-08-25 10:17:54.637492+00
13898008,13800.0,9.53249633228804,Unknown,Unknown,2013,13,100000.0,1,2000.0,1,Unknown,Automatic,Unknown,used,0,Other,Phnom Penh,Tier_1,store,13800.0,0.0,0,0.0,0,1.3,0.0,0,0,2026-08-19 02:48:01.901628+00
13542465,14900.0,9.60918360377546,Unknown,Unknown,2019,7,100000.0,1,2000.0,1,Unknown,Automatic,Unknown,used,1,Other,Phnom Penh,Tier_1,store,14900.0,0.0,0,0.0,0,97.7,0.0,0,0,2026-08-26 03:08:37.428105+00
13867285,26000.0,10.165890277802454,Unknown,Unknown,2019,7,100000.0,1,2000.0,1,Unknown,Automatic,Unknown,used,1,Other,Phnom Penh,Tier_1,individual,26000.0,0.0,0,0.0,0,13.4,0.0,0,0,2026-08-23 02:53:02.004403+00
13684610,45800.0,10.732061203925053,Unknown,Unknown,2019,7,100000.0,1,2000.0,1,Unknown,Automatic,Unknown,used,0,Other,Phnom Penh,Tier_1,individual,45800.0,0.0,0,0.0,0,58.5,0.0,0,0,2026-08-21 02:53:04.847342+00
13697192,19500.0,9.87822102528824,Unknown,Unknown,2019,7,100000.0,1,2000.0,1,Unknown,Automatic,Unknown,used,1,Other,Phnom Penh,Tier_1,store,19500.0,0.0,0,0.0,0,59.9,0.0,0,0,2026-08-25 10:22:59.139994+00
13728581,93500.0,11.445727410406752,Unknown,Unknown,2019,7,100000.0,1,2000.0,1,Petrol,Automatic,Black,used,1,Other,Phnom Penh,Tier_1,individual,93500.0,0.0,0,0.0,0,44.9,0.0,0,0,2026-08-18 10:18:50.184973+00
13896978,7850.0,8.968396191198256,Unknown,Unknown,2008,18,100000.0,1,2000.0,1,Unknown,Automatic,Unknown,used,1,Other,Phnom Penh,Tier_1,individual,7850.0,0.0,0,0.0,0,0.0,0.0,0,0,2026-08-17 08:51:08.298458+00
13803557,59500.0,10.993748398115178,Jeep,Wrangler Rubicon,2021,5,100000.0,1,2000.0,1,Petrol,Automatic,Unknown,used,1,Mass_Market,Phnom Penh,Tier_1,store,59500.0,0.0,0,0.0,0,25.6,0.0,1,0,2026-08-18 10:18:57.645838+00
13660358,25500.0,10.146472946063877,GAC,m6,2025,1,100000.0,1,2000.0,1,Petrol,Automatic,Black,new,0,Chinese_EV,Phnom Penh,Tier_1,store,25500.0,0.0,0,0.0,0,70.8,0.0,0,0,2026-08-27 12:15:09.319163+00
13912583,23600.0,10.069044362997353,GAC,m6,2025,1,100000.0,1,2000.0,1,Petrol,Automatic,Black,new,0,Chinese_EV,Phnom Penh,Tier_1,store,23600.0,0.0,0,0.0,0,5.8,0.0,0,0,2026-08-27 12:08:32.05181+00
13715715,17900.0,9.792611856190192,Tesla,model 3 standard,2019,7,100000.0,1,2000.0,1,Electric,Automatic,Unknown,used,0,Other,Phnom Penh,Tier_1,store,17900.0,0.0,0,0.0,0,57.1,0.0,0,0,2026-08-27 12:19:06.121604+00
13910541,9999.0,9.210340371976184,Kia,ស,2000,26,100000.0,1,2000.0,1,Petrol,Automatic,Unknown,used,1,Mass_Market,Phnom Penh,Tier_1,store,9999.0,0.0,0,0.0,0,0.0,0.0,0,0,2026-08-21 02:53:23.574528+00
13903500,10350.0,9.24483841238375,Kia,ស,2000,26,100000.0,1,2000.0,1,Petrol,Automatic,Unknown,used,1,Mass_Market,Phnom Penh,Tier_1,store,10350.0,0.0,0,0.0,0,0.0,0.0,0,0,2026-08-19 02:48:03.344104+00
13921442,10800.0,9.287394001418473,Kia,ស,2005,21,100000.0,1,2000.0,1,Petrol,Automatic,White,used,1,Mass_Market,Phnom Penh,Tier_1,store,10800.0,0.0,0,0.0,0,1.0,0.0,0,0,2026-08-25 10:21:07.622857+00
13883723,3800.0,8.24301946898925,Chevrolet,Aveo,2006,20,100000.0,1,2000.0,1,Petrol,Automatic,Red,used,1,Mass_Market,Kandal,Tier_2,individual,3800.0,0.0,0,0.0,0,11.5,0.0,0,0,2026-08-25 10:26:59.935464+00
13761006,26900.0,10.199918739620157,Mazda,"BT50 ម៉ាសុិន3,2L",2019,7,100000.0,1,2000.0,1,Petrol,Automatic,Unknown,used,1,Mass_Market,Phnom Penh,Tier_1,store,26900.0,0.0,0,0.0,0,36.8,0.0,0,0,2026-08-18 10:19:01.598598+00
13516672,25500.0,10.146472946063877,Ford,Bronco Sport,2021,5,100000.0,1,2000.0,1,Petrol,Automatic,White,used,1,Mass_Market,Phnom Penh,Tier_1,store,25500.0,0.0,0,0.0,0,98.6,0.0,1,0,2026-08-21 02:53:24.912104+00
13653181,45555.0,10.726697617394242,Chevrolet,Camaro,2022,4,100000.0,1,2000.0,1,Petrol,Automatic,White,used,1,Mass_Market,Phnom Penh,Tier_1,individual,45555.0,0.0,0,0.0,0,62.4,0.0,0,0,2026-08-17 08:50:55.893069+00
13913121,18500.0,9.825580063659602,Chevrolet,Camaro,2017,9,100000.0,1,2000.0,1,Petrol,Automatic,Black,used,1,Mass_Market,Phnom Penh,Tier_1,individual,18500.0,0.0,0,0.0,0,5.7,0.0,0,0,2026-08-27 12:19:19.392671+00
13236224,17221.0,9.753942915256111,Chevrolet,Camaro,1992,34,100000.0,1,2000.0,1,Petrol,Automatic,Green,used,1,Mass_Market,Phnom Penh,Tier_1,store,17221.0,0.0,0,0.0,0,177.6,0.0,0,0,2026-08-26 03:04:57.42528+00
13746400,21500.0,9.975854724662028,Chevrolet,Camaro,2016,10,100000.0,1,2000.0,1,Petrol,Automatic,Red,used,1,Mass_Market,Phnom Penh,Tier_1,individual,21500.0,0.0,0,0.0,0,48.0,0.0,0,0,2026-08-26 03:08:38.787916+00
13841344,14900.0,9.60918360377546,Chevrolet,Camaro,2016,10,100000.0,1,2000.0,1,Electric,Automatic,White,used,1,Mass_Market,Phnom Penh,Tier_1,store,14900.0,0.0,0,0.0,0,22.1,0.0,0,0,2026-08-25 10:23:38.798753+00
13919891,22000.0,9.99884318585288,Volkswagen,Caravelle,2018,8,100000.0,1,2000.0,1,Petrol,Automatic,Black,used,1,Mass_Market,Phnom Penh,Tier_1,store,22000.0,0.0,0,0.0,0,2.3,0.0,0,0,2026-08-26 03:09:30.686557+00
13753111,25800.0,10.158168529848494,Chevrolet,Colorado,2017,9,100000.0,1,2000.0,1,Diesel,Automatic,Grey,used,1,Mass_Market,Phnom Penh,Tier_1,individual,25800.0,0.0,0,0.0,0,37.7,0.0,0,0,2026-08-17 08:51:08.284043+00
13875170,27500.0,10.221977646629885,Chevrolet,Colorado,2020,6,100000.0,1,2000.0,1,Diesel,Automatic,White,used,1,Mass_Market,Phnom Penh,Tier_1,store,27500.0,0.0,0,0.0,0,15.8,0.0,0,0,2026-08-27 12:19:13.414837+00
13520966,27500.0,10.221977646629885,Chevrolet,Colorado,2020,6,100000.0,1,2000.0,1,Diesel,Automatic,White,used,1,Mass_Market,Phnom Penh,Tier_1,store,27500.0,0.0,0,0.0,0,101.9,0.0,0,0,2026-08-25 10:27:51.040636+00
13728743,27500.0,10.221977646629885,Chevrolet,Colorado,2020,6,100000.0,1,2000.0,1,Diesel,Automatic,White,used,1,Mass_Market,Phnom Penh,Tier_1,store,27500.0,0.0,0,0.0,0,53.9,0.0,0,0,2026-08-27 12:16:37.494141+00
13567983,27500.0,10.221977646629885,Chevrolet,Colorado,2020,6,100000.0,1,2000.0,1,Diesel,Automatic,White,used,1,Mass_Market,Phnom Penh,Tier_1,store,27500.0,0.0,0,0.0,0,91.0,0.0,0,0,2026-08-25 10:23:14.328204+00
13913201,12000.0,9.392745258631441,Chevrolet,Colorado,2013,13,100000.0,1,2000.0,1,Diesel,Manual,Silver,used,1,Mass_Market,Phnom Penh,Tier_1,individual,12000.0,0.0,0,0.0,0,0.3,0.0,0,0,2026-08-22 02:44:54.349316+00
13548861,21800.0,9.989711119284745,Chevrolet,Colorado,2014,12,100000.0,1,2000.0,1,Diesel,Automatic,Black,used,1,Mass_Market,Phnom Penh,Tier_1,store,21800.0,0.0,0,0.0,0,97.8,0.0,0,1,2026-08-27 12:10:28.275162+00
13915196,22800.0,10.034559673629849,Chevrolet,Colorado,2017,9,100000.0,1,2000.0,1,Diesel,Automatic,White,used,1,Mass_Market,Tboung Khmum,Tier_3,store,22800.0,0.0,0,0.0,0,3.6,0.0,0,0,2026-08-26 02:56:43.181763+00
13732595,7550.0,8.929435283803425,Toyota,Corolla CROSS,2003,23,100000.0,1,2000.0,1,Petrol,Automatic,White,used,1,Mass_Market,Kandal,Tier_2,store,7550.0,0.0,0,0.0,0,44.4,0.0,0,0,2026-08-19 02:48:03.340001+00
13784836,40900.0,10.61890979160975,Toyota,Corolla CROSS,2024,2,100000.0,1,2000.0,1,Hybrid,Automatic,White,used,1,Mass_Market,Phnom Penh,Tier_1,store,40900.0,0.0,0,0.0,0,31.2,0.0,0,0,2026-08-19 02:48:10.237818+00
13929633,100000.0,11.51293546492023,Mercedes-Benz,Coupe l Exclusive,2020,6,100000.0,1,2000.0,1,Petrol,Automatic,Blue,used,1,Luxury,Phnom Penh,Tier_1,store,100000.0,0.0,0,0.0,0,0.0,0.0,0,0,2026-08-26 02:57:38.834804+00
13927393,20900.0,9.94755228369823,Mazda,Cx5 ម្ចាស់ដេីមប្រេីតិចណាស់💰,2017,9,100000.0,1,2000.0,1,Petrol,Automatic,White,used,1,Mass_Market,Phnom Penh,Tier_1,store,20900.0,0.0,0,0.0,0,0.0,0.0,0,0,2026-08-25 10:18:14.040397+00
13860449,14500.0,9.581972891547895,SOUEAST,DX7,2020,6,100000.0,1,2000.0,1,Petrol,Automatic,White,used,1,Other,Phnom Penh,Tier_1,individual,14500.0,0.0,0,0.0,0,18.4,0.0,0,0,2026-08-26 03:09:02.893772+00
13927085,21900.0,9.994287576862567,Jetour,Dashing,2026,0,100000.0,1,2000.0,1,Petrol,Automatic,White,used,1,Chinese_EV,Phnom Penh,Tier_1,store,21900.0,0.0,0,0.0,0,0.0,0.0,0,0,2026-08-25 10:21:20.759161+00
13905680,30500.0,10.32551474894327,Mazda,EZ60,2025,1,100000.0,1,2000.0,1,Petrol,Automatic,Unknown,used,1,Mass_Market,Phnom Penh,Tier_1,individual,30500.0,0.0,0,0.0,0,1.3,0.0,0,0,2026-08-21 02:53:17.468545+00
13883559,30800.0,10.335302435967074,Mazda,EZ60,2025,1,100000.0,1,2000.0,1,Petrol,Automatic,Unknown,new,1,Mass_Market,Phnom Penh,Tier_1,store,30800.0,0.0,0,0.0,0,3.5,0.0,0,0,2026-08-17 08:50:50.161233+00
13887494,8500.0,9.04793908261736,Hyundai,H1,2009,17,100000.0,1,2000.0,1,Diesel,Automatic,White,used,1,Mass_Market,Phnom Penh,Tier_1,individual,8500.0,0.0,0,0.0,0,3.6,0.0,0,0,2026-08-18 10:18:57.647844+00
13655427,12500.0,9.433563920090563,Hyundai,H1,2012,14,100000.0,1,2000.0,1,Petrol,Automatic,White,used,1,Mass_Market,Kandal,Tier_2,individual,12500.0,0.0,0,0.0,0,69.9,0.0,0,0,2026-08-25 10:16:05.079905+00
13835929,17500.0,9.770013301136158,Hyundai,H1,2019,7,100000.0,1,2000.0,1,Diesel,Automatic,White,used,1,Mass_Market,Phnom Penh,Tier_1,store,17500.0,0.0,0,0.0,0,16.9,0.0,0,0,2026-08-18 10:18:50.184372+00
13859985,16900.0,9.735128070758227,Hyundai,H1,2018,8,100000.0,1,2000.0,1,Diesel,Automatic,Silver,used,1,Mass_Market,Phnom Penh,Tier_1,individual,16900.0,0.0,0,0.0,0,10.8,0.0,0,0,2026-08-18 10:18:50.184372+00
13884672,10900.0,9.296609807128359,Hyundai,H1,2009,17,100000.0,1,2000.0,1,Diesel,Automatic,Silver,used,1,Mass_Market,Phnom Penh,Tier_1,store,10900.0,0.0,0,0.0,0,11.0,0.0,0,0,2026-08-25 10:29:43.699364+00
13495851,35800.0,10.485731104959568,BMW,IX,2024,2,100000.0,1,2000.0,1,Electric,Automatic,White,used,0,Luxury,Phnom Penh,Tier_1,store,35800.0,0.0,0,0.0,0,108.6,0.0,0,0,2026-08-26 03:07:38.375779+00
13664663,2000.0,7.601402334583733,Lexus,LX 570,2018,8,100000.0,1,2000.0,1,Petrol,Automatic,Unknown,used,0,Luxury,Phnom Penh,Tier_1,store,2000.0,0.0,0,0.0,0,69.8,0.0,0,0,2026-08-27 12:17:55.065142+00
13909232,160000.0,11.982935344196433,BMW,M8,2020,6,100000.0,1,2000.0,1,Petrol,Automatic,White,used,0,Luxury,Phnom Penh,Tier_1,store,160000.0,0.0,0,0.0,0,2.4,0.0,0,0,2026-08-23 02:53:17.440143+00
13908106,27800.0,10.2328272702548,GAC,M8,2024,2,100000.0,1,2000.0,1,Petrol,Automatic,Black,used,1,Chinese_EV,Phnom Penh,Tier_1,store,27800.0,0.0,0,0.0,0,1.6,0.0,0,0,2026-08-22 02:44:40.07055+00
13906986,39800.0,10.591647316585027,GAC,M8,2024,2,100000.0,1,2000.0,1,Petrol,Automatic,Black,used,1,Chinese_EV,Phnom Penh,Tier_1,store,39800.0,0.0,0,0.0,0,7.1,0.0,0,0,2026-08-27 12:11:53.185511+00
13233399,234000.0,12.36308066783498,BMW,M8,2024,2,100000.0,1,2000.0,1,Petrol,Automatic,Green,used,1,Luxury,Phnom Penh,Tier_1,store,234000.0,0.0,0,0.0,0,178.5,0.0,0,0,2026-08-26 02:59:24.923736+00
13504819,53800.0,10.893047333337728,GAC,M8,2025,1,100000.0,1,2000.0,1,Petrol,Automatic,Black,new,0,Chinese_EV,Phnom Penh,Tier_1,store,53800.0,0.0,0,0.0,0,106.4,0.0,0,0,2026-08-26 03:07:20.758637+00
13899523,23500.0,10.064798252418377,Porsche,Macan,2015,11,100000.0,1,2000.0,1,Petrol,Automatic,Brown,used,0,Luxury,Phnom Penh,Tier_1,store,23500.0,0.0,0,0.0,0,7.7,0.0,0,0,2026-08-26 02:57:04.842849+00
13904759,48500.0,10.789339695269716,Porsche,Macan,2020,6,100000.0,1,2000.0,1,Petrol,Automatic,White,used,1,Luxury,Phnom Penh,Tier_1,individual,48500.0,0.0,0,0.0,0,5.8,0.0,1,0,2026-08-25 10:18:41.30576+00
13903485,46000.0,10.736418414365376,Porsche,Macan,2020,6,100000.0,1,2000.0,1,Petrol,Automatic,Unknown,used,1,Luxury,Phnom Penh,Tier_1,individual,46000.0,0.0,0,0.0,0,0.0,0.0,0,0,2026-08-19 02:48:04.750585+00
13394593,32999.0,10.404262840448617,Porsche,Macan,2015,11,100000.0,1,2000.0,1,Petrol,Automatic,Black,used,1,Luxury,Phnom Penh,Tier_1,individual,32999.0,0.0,0,0.0,0,132.8,0.0,0,0,2026-08-21 02:53:18.606663+00
13833975,62000.0,11.034905792929415,Porsche,Macan,2020,6,100000.0,1,2000.0,1,Petrol,Automatic,White,used,1,Luxury,Phnom Penh,Tier_1,store,62000.0,0.0,0,0.0,0,25.4,0.0,0,0,2026-08-26 03:07:18.81137+00
13904174,23500.0,10.064798252418377,Porsche,Macan,2015,11,100000.0,1,2000.0,1,Petrol,Automatic,Blue,used,1,Luxury,Phnom Penh,Tier_1,store,23500.0,0.0,0,0.0,0,5.9,0.0,0,0,2026-08-25 10:14:52.392877+00
13792478,25500.0,10.146472946063877,Porsche,Macan,2015,11,100000.0,1,2000.0,1,Petrol,Automatic,White,used,0,Luxury,Phnom Penh,Tier_1,store,25500.0,0.0,0,0.0,0,32.8,0.0,0,0,2026-08-23 02:53:00.515753+00
13847417,37000.0,10.518700218288165,Nissan,Paladin,2025,1,100000.0,1,2000.0,1,Petrol,Automatic,White,new,0,Mass_Market,Battambang,Tier_2,store,37000.0,0.0,0,0.0,0,20.9,0.0,0,0,2026-08-25 10:24:37.249001+00
13908857,35555.0,10.478864197361565,Nissan,Paladin,2025,1,100000.0,1,2000.0,1,Petrol,Automatic,White,new,0,Mass_Market,Phnom Penh,Tier_1,store,35555.0,0.0,0,0.0,0,6.8,0.0,0,0,2026-08-27 12:16:45.638499+00
13723248,12800.0,9.45727857185611,Kia,Picanto,2019,7,100000.0,1,2000.0,1,Petrol,Automatic,White,used,1,Mass_Market,Phnom Penh,Tier_1,store,12800.0,0.0,0,0.0,0,48.0,0.0,0,0,2026-08-20 08:37:46.961512+00
13810888,9700.0,9.179984251961283,Kia,Picanto,2022,4,100000.0,1,2000.0,1,Petrol,Automatic,White,used,1,Mass_Market,Phnom Penh,Tier_1,store,9700.0,0.0,0,0.0,0,22.5,0.0,0,0,2026-08-17 08:51:03.564414+00
13704145,7000.0,8.853808274977197,Kia,Picanto,2015,11,100000.0,1,2000.0,1,Petrol,Automatic,Red,used,1,Mass_Market,Phnom Penh,Tier_1,individual,7000.0,0.0,0,0.0,0,57.0,0.0,0,0,2026-08-24 10:11:10.064377+00
13704169,7000.0,8.853808274977197,Kia,Picanto,2015,11,100000.0,1,2000.0,1,Petrol,Automatic,Red,used,1,Mass_Market,Phnom Penh,Tier_1,individual,7000.0,0.0,0,0.0,0,51.7,0.0,0,0,2026-08-19 02:48:23.678737+00
13855683,17900.0,9.792611856190192,BYD,Seal5,2026,0,100000.0,1,2000.0,1,Hybrid,Automatic,Black,new,0,Chinese_EV,Phnom Penh,Tier_1,store,17900.0,0.0,0,0.0,0,17.8,0.0,0,0,2026-08-24 10:11:14.108375+00
13880840,16100.0,9.686636660844938,BYD,Seal5,2025,1,100000.0,1,2000.0,1,Hybrid,Automatic,White,used,1,Chinese_EV,Preah Sihanouk,Tier_2,individual,16100.0,0.0,0,0.0,0,4.0,0.0,0,0,2026-08-17 08:50:51.132906+00
13917545,15800.0,9.6678285081515,BYD,Seal5,2026,0,100000.0,1,2000.0,1,Electric,Automatic,White,used,1,Chinese_EV,Phnom Penh,Tier_1,store,15800.0,0.0,0,0.0,0,4.1,0.0,0,0,2026-08-27 12:20:14.658578+00
13851930,43800.0,10.687411927154141,BYD,Seal5,2026,0,100000.0,1,2000.0,1,Hybrid,Automatic,Black,new,0,Chinese_EV,Phnom Penh,Tier_1,store,43800.0,0.0,0,0.0,0,18.8,0.0,0,0,2026-08-24 10:11:14.109164+00
13833639,17900.0,9.792611856190192,BYD,Seal5,2026,0,100000.0,1,2000.0,1,Hybrid,Automatic,White,new,0,Chinese_EV,Phnom Penh,Tier_1,individual,17900.0,0.0,0,0.0,0,24.8,0.0,0,0,2026-08-25 10:24:51.946703+00
13896065,17900.0,9.792611856190192,BYD,Seal5,2026,0,100000.0,1,2000.0,1,Hybrid,Automatic,Grey,new,0,Chinese_EV,Phnom Penh,Tier_1,store,17900.0,0.0,0,0.0,0,7.0,0.0,0,0,2026-08-24 10:11:14.108375+00
13860945,16500.0,9.711176264112805,BYD,Seal5,2025,1,100000.0,1,2000.0,1,Electric,Automatic,Black,used,1,Chinese_EV,Phnom Penh,Tier_1,store,16500.0,0.0,0,0.0,0,18.3,0.0,0,0,2026-08-26 03:00:13.055361+00
13375757,98000.0,11.49273296168228,Ram,TRX,2022,4,100000.0,1,2000.0,1,Petrol,Automatic,Black,used,1,Other,Phnom Penh,Tier_1,store,98000.0,0.0,0,0.0,0,142.7,0.0,0,0,2026-08-26 02:56:50.843857+00
13909743,4500.0,8.412054873292933,Isuzu,Trooper,1994,32,100000.0,1,2000.0,1,Diesel,Automatic,White,used,1,Mass_Market,Phnom Penh,Tier_1,individual,4500.0,0.0,0,0.0,0,5.2,0.0,0,0,2026-08-26 02:55:54.974131+00
13270286,25800.0,10.158168529848494,CHANGAN,UNI-T,2026,0,100000.0,1,2000.0,1,Petrol,Automatic,Black,used,1,Other,Phnom Penh,Tier_1,store,25800.0,0.0,0,0.0,0,168.8,0.0,0,0,2026-08-26 03:08:07.071679+00
13884002,23000.0,10.043292972227004,CHANGAN,UNI-T,2023,3,100000.0,1,2000.0,1,Petrol,Automatic,Green,used,1,Other,Kandal,Tier_2,individual,23000.0,0.0,0,0.0,0,11.9,0.0,0,0,2026-08-26 02:56:22.257299+00
13765837,22500.0,10.021315031649332,CHANGAN,UNI-T,2023,3,100000.0,1,2000.0,1,Petrol,Automatic,Grey,used,1,Other,Phnom Penh,Tier_1,store,22500.0,0.0,0,0.0,0,44.6,0.0,0,0,2026-08-27 12:16:54.370549+00
13899507,20500.0,9.928228944424575,Honda,eNS2,2025,1,100000.0,1,2000.0,1,Electric,Automatic,White,new,1,Mass_Market,Phnom Penh,Tier_1,store,20500.0,0.0,0,0.0,0,7.0,0.0,0,0,2026-08-25 10:27:03.790724+00
13759846,23500.0,10.064798252418377,Honda,eNS2,2025,1,100000.0,1,2000.0,1,Electric,Automatic,Other,used,0,Mass_Market,Phnom Penh,Tier_1,store,23500.0,0.0,0,0.0,0,44.7,0.0,0,0,2026-08-26 03:07:26.317716+00
13905663,22500.0,10.021315031649332,Honda,eNS2,2025,1,100000.0,1,2000.0,1,Electric,Automatic,Silver,new,0,Mass_Market,Phnom Penh,Tier_1,individual,22500.0,0.0,0,0.0,0,5.7,0.0,0,0,2026-08-25 10:22:15.667036+00
13883480,15500.0,9.648659816955295,Toyota,highlander,2003,23,100000.0,1,2000.0,1,Petrol,Automatic,Gold,used,1,Mass_Market,Phnom Penh,Tier_1,store,15500.0,0.0,0,0.0,0,12.3,0.0,0,0,2026-08-26 03:08:17.958837+00
13860416,188000.0,12.144202560946876,Lamborghini,huracan,2015,11,100000.0,1,2000.0,1,Petrol,Automatic,Unknown,used,1,Luxury,Phnom Penh,Tier_1,individual,188000.0,0.0,0,0.0,0,13.4,0.0,0,0,2026-08-21 02:53:13.857968+00
13926917,118000.0,11.678448377988165,Lexus,570 l Kuro,2019,7,100000.0,1,2000.0,1,Petrol,Automatic,White,used,1,Luxury,Phnom Penh,Tier_1,store,118000.0,0.0,0,0.0,0,0.0,0.0,0,0,2026-08-25 10:23:42.533827+00
13929578,118000.0,11.678448377988165,Lexus,570 l Kuro,2019,7,100000.0,1,2000.0,1,Petrol,Automatic,White,used,1,Luxury,Phnom Penh,Tier_1,store,118000.0,0.0,0,0.0,0,0.0,0.0,0,0,2026-08-26 03:01:14.850703+00
13761991,25000.0,10.12667110305036,BMW,740LI,2012,14,100000.0,1,2000.0,1,Petrol,Automatic,White,used,1,Luxury,Phnom Penh,Tier_1,store,25000.0,0.0,0,0.0,0,44.1,0.0,0,0,2026-08-26 03:05:13.509096+00
13843625,85000.0,11.350418300109132,BMW,740LI,2020,6,100000.0,1,2000.0,1,Petrol,Automatic,Black,used,1,Luxury,Phnom Penh,Tier_1,store,85000.0,0.0,0,0.0,0,17.5,0.0,0,0,2026-08-21 02:53:16.321243+00
13664248,46666.0,10.750792555754964,BMW,740LI,2016,10,100000.0,1,2000.0,1,Petrol,Automatic,Black,used,1,Luxury,Phnom Penh,Tier_1,store,46666.0,0.0,0,0.0,0,69.9,0.0,1,0,2026-08-27 12:09:41.078521+00
13833479,56500.0,10.942013616092948,BMW,740LI,2016,10,100000.0,1,2000.0,1,Petrol,Automatic,Black,used,1,Luxury,Phnom Penh,Tier_1,store,56500.0,0.0,0,0.0,0,24.8,0.0,0,0,2026-08-25 10:18:40.503442+00
13728285,35500.0,10.477316144080852,BMW,740LI,2016,10,100000.0,1,2000.0,1,Petrol,Automatic,Brown,used,1,Luxury,Phnom Penh,Tier_1,store,37500.0,2000.0,1,0.0,0,51.9,0.0,0,0,2026-08-25 10:25:01.558463+00
13453456,300000.0,12.611541086966115,Mercedes-Benz,AMG 63 s edition,2024,2,100000.0,1,2000.0,1,Petrol,Automatic,Black,used,1,Luxury,Phnom Penh,Tier_1,store,300000.0,0.0,0,0.0,0,120.8,0.0,0,0,2026-08-27 12:17:11.978905+00
13838316,55900.0,10.93133754807084,AVATR,AVATR 011,2026,0,100000.0,1,2000.0,1,Electric,Automatic,Black,new,0,Chinese_EV,Phnom Penh,Tier_1,store,55900.0,0.0,0,0.0,0,23.7,0.0,0,0,2026-08-26 02:57:28.758111+00
13935513,57500.0,10.959557617938563,AVATR,AVATR 011,2026,0,100000.0,1,2000.0,1,Electric,Automatic,Black,new,0,Chinese_EV,Phnom Penh,Tier_1,store,57500.0,0.0,0,0.0,0,0.0,0.0,0,1,2026-08-27 12:19:02.062521+00
13886197,43500.0,10.680539205318292,AVATR,AVATR 011,2025,1,100000.0,1,2000.0,1,Electric,Automatic,Black,used,1,Chinese_EV,Phnom Penh,Tier_1,store,45500.0,2000.0,1,0.0,0,11.5,0.0,0,0,2026-08-26 03:05:04.172782+00
13497378,47500.0,10.768506042432708,AVATR,AVATR 011,2025,1,100000.0,1,2000.0,1,Electric,Automatic,White,new,0,Chinese_EV,Phnom Penh,Tier_1,store,47500.0,0.0,0,0.0,0,107.7,0.0,0,0,2026-08-25 10:24:30.834338+00
13389317,35800.0,10.485731104959568,Toyota,BZ3X,2025,1,100000.0,1,2000.0,1,Electric,Automatic,White,new,0,Mass_Market,Phnom Penh,Tier_1,store,35800.0,0.0,0,0.0,0,140.9,0.0,0,0,2026-08-27 12:08:07.427941+00
13810323,31800.0,10.367253014814716,Toyota,BZ3X,2025,1,100000.0,1,2000.0,1,Electric,Automatic,Grey,new,0,Mass_Market,Phnom Penh,Tier_1,store,31800.0,0.0,0,0.0,0,32.8,0.0,0,0,2026-08-27 12:08:03.245559+00
13725745,26800.0,10.196194479235656,Toyota,BZ3X,2025,1,100000.0,1,2000.0,1,Electric,Automatic,White,used,1,Mass_Market,Phnom Penh,Tier_1,store,26800.0,0.0,0,0.0,0,51.7,0.0,0,0,2026-08-24 10:11:07.045674+00
13841636,26800.0,10.196194479235656,Toyota,BZ3X,2025,1,100000.0,1,2000.0,1,Electric,Automatic,White,used,1,Mass_Market,Phnom Penh,Tier_1,store,26800.0,0.0,0,0.0,0,17.0,0.0,0,0,2026-08-20 08:37:49.860857+00
13929469,31500.0,10.357774570341576,Toyota,BZ3X,2025,1,100000.0,1,2000.0,1,Electric,Automatic,White,new,0,Mass_Market,Phnom Penh,Tier_1,individual,31500.0,0.0,0,0.0,0,0.0,0.0,1,0,2026-08-26 03:04:41.443073+00
13797362,34900.0,10.460270761075149,Toyota,BZ3X,2025,1,100000.0,1,2000.0,1,Electric,Automatic,White,new,0,Mass_Market,Phnom Penh,Tier_1,store,34900.0,0.0,0,0.0,0,34.7,0.0,1,0,2026-08-26 02:57:44.322+00
13812115,30800.0,10.335302435967074,Toyota,BZ3X,2026,0,100000.0,1,2000.0,1,Electric,Automatic,Silver,new,0,Mass_Market,Phnom Penh,Tier_1,store,30800.0,0.0,0,0.0,0,32.0,0.0,1,1,2026-08-27 12:12:49.290424+00
13901392,29999.0,10.308952660644293,Toyota,BZ3X,2026,0,100000.0,1,2000.0,1,Electric,Automatic,White,new,0,Mass_Market,Phnom Penh,Tier_1,store,29999.0,0.0,0,0.0,0,0.0,0.0,0,0,2026-08-18 10:19:04.372424+00
13824519,30800.0,10.335302435967074,Toyota,BZ3X,2026,0,100000.0,1,2000.0,1,Electric,Automatic,Grey,new,0,Mass_Market,Phnom Penh,Tier_1,store,30800.0,0.0,0,0.0,0,28.9,0.0,0,0,2026-08-27 12:08:27.845526+00
13810222,30800.0,10.335302435967074,Toyota,BZ3X,2026,0,100000.0,1,2000.0,1,Electric,Automatic,Grey,new,0,Mass_Market,Phnom Penh,Tier_1,store,30800.0,0.0,0,0.0,0,31.5,0.0,0,1,2026-08-26 02:59:59.30339+00
13474219,13500.0,9.510519035757246,WULING,Bingo EV,2024,2,100000.0,1,2000.0,1,Electric,Automatic,White,new,0,Other,Phnom Penh,Tier_1,store,13500.0,0.0,0,0.0,0,110.7,0.0,0,0,2026-08-23 02:53:05.434342+00
13506427,13500.0,9.510519035757246,WULING,Bingo EV,2024,2,100000.0,1,2000.0,1,Electric,Automatic,Blue,new,0,Other,Phnom Penh,Tier_1,store,13500.0,0.0,0,0.0,0,105.7,0.0,0,0,2026-08-26 02:59:38.948854+00
13261218,37500.0,10.53212287826962,Mercedes-Benz,C300,2017,9,100000.0,1,2000.0,1,Petrol,Automatic,White,used,1,Luxury,Phnom Penh,Tier_1,individual,37500.0,0.0,0,0.0,0,172.9,0.0,0,0,2026-08-27 12:10:00.296681+00
13692474,36800.0,10.513280297700861,Mercedes-Benz,C300,2017,9,100000.0,1,2000.0,1,Petrol,Automatic,White,used,1,Luxury,Phnom Penh,Tier_1,store,36800.0,0.0,0,0.0,0,61.7,0.0,0,0,2026-08-26 03:07:23.623781+00
13649810,38700.0,10.563620718477313,Mercedes-Benz,C300,2017,9,100000.0,1,2000.0,1,Petrol,Automatic,White,used,0,Luxury,Phnom Penh,Tier_1,store,38700.0,0.0,0,0.0,0,73.1,0.0,0,0,2026-08-27 12:05:54.604488+00
13890641,28800.0,10.268165387743457,Mercedes-Benz,C300,2015,11,100000.0,1,2000.0,1,Petrol,Automatic,Black,used,0,Luxury,Phnom Penh,Tier_1,store,28800.0,0.0,0,0.0,0,11.7,0.0,0,0,2026-08-27 12:14:59.822454+00
13936325,28000.0,10.239995502805316,Mercedes-Benz,C300,2015,11,100000.0,1,2000.0,1,Petrol,Automatic,White,used,1,Luxury,Kandal,Tier_2,store,28000.0,0.0,0,0.0,0,0.0,0.0,0,0,2026-08-27 12:11:39.15822+00
13468971,31500.0,10.357774570341576,Mercedes-Benz,C300,2015,11,100000.0,1,2000.0,1,Petrol,Automatic,Black,used,0,Luxury,Phnom Penh,Tier_1,store,31500.0,0.0,0,0.0,0,115.5,0.0,0,0,2026-08-26 02:59:26.263462+00
13480596,28800.0,10.268165387743457,Mercedes-Benz,C300,2015,11,100000.0,1,2000.0,1,Petrol,Automatic,Black,used,0,Luxury,Phnom Penh,Tier_1,store,28800.0,0.0,0,0.0,0,109.4,0.0,0,0,2026-08-23 02:53:03.744032+00
13832972,23300.0,10.056251557087757,Mercedes-Benz,C300,2015,11,100000.0,1,2000.0,1,Petrol,Automatic,White,used,1,Luxury,Phnom Penh,Tier_1,store,23300.0,0.0,0,0.0,0,25.6,0.0,0,0,2026-08-26 03:01:55.576813+00
13771912,26800.0,10.196194479235656,Mercedes-Benz,C300,2015,11,100000.0,1,2000.0,1,Petrol,Automatic,Black,used,0,Luxury,Phnom Penh,Tier_1,store,26800.0,0.0,0,0.0,0,40.9,0.0,0,0,2026-08-25 10:29:38.299437+00
13833023,23300.0,10.056251557087757,Mercedes-Benz,C300,2015,11,100000.0,1,2000.0,1,Petrol,Automatic,White,used,1,Luxury,Phnom Penh,Tier_1,store,23300.0,0.0,0,0.0,0,25.6,0.0,0,1,2026-08-26 03:01:54.742543+00
13889981,28500.0,10.25769445336048,Mercedes-Benz,C300,2015,11,100000.0,1,2000.0,1,Petrol,Automatic,White,used,0,Luxury,Phnom Penh,Tier_1,store,28500.0,0.0,0,0.0,0,9.8,0.0,0,0,2026-08-25 10:16:23.444896+00
13243748,22500.0,10.021315031649332,Mercedes-Benz,C300,2015,11,100000.0,1,2000.0,1,Petrol,Automatic,White,used,1,Luxury,Phnom Penh,Tier_1,store,22500.0,0.0,0,0.0,0,177.0,0.0,0,0,2026-08-27 12:11:03.224111+00
13878109,22900.0,10.038935856711177,Mercedes-Benz,C300,2015,11,100000.0,1,2000.0,1,Petrol,Automatic,Black,used,0,Luxury,Phnom Penh,Tier_1,store,22900.0,0.0,0,0.0,0,12.9,0.0,0,0,2026-08-25 10:27:14.886333+00
13929377,19600.0,9.883335864325275,Mercedes-Benz,C300,2015,11,100000.0,1,2000.0,1,Petrol,Automatic,White,used,1,Luxury,Phnom Penh,Tier_1,individual,19600.0,0.0,0,0.0,0,0.0,0.0,0,0,2026-08-26 03:09:44.99036+00
13878117,27500.0,10.221977646629885,Mercedes-Benz,C300,2015,11,100000.0,1,2000.0,1,Petrol,Automatic,White,used,0,Luxury,Phnom Penh,Tier_1,store,27500.0,0.0,0,0.0,0,12.9,0.0,0,0,2026-08-25 10:27:57.978542+00
13935655,22500.0,10.021315031649332,Mercedes-Benz,C300,2015,11,100000.0,1,2000.0,1,Petrol,Automatic,Silver,used,1,Luxury,Phnom Penh,Tier_1,individual,22500.0,0.0,0,0.0,0,0.0,0.0,0,0,2026-08-27 12:17:43.329572+00
13715319,26500.0,10.184937747111391,Mercedes-Benz,C300,2015,11,100000.0,1,2000.0,1,Petrol,Automatic,White,used,0,Luxury,Phnom Penh,Tier_1,store,26500.0,0.0,0,0.0,0,55.7,0.0,0,0,2026-08-26 03:09:52.078818+00
13339706,29500.0,10.292179440058462,Mercedes-Benz,C300,2015,11,100000.0,1,2000.0,1,Petrol,Automatic,Black,used,0,Luxury,Phnom Penh,Tier_1,store,29500.0,0.0,0,0.0,0,153.7,0.0,0,0,2026-08-27 12:10:22.798065+00
13718312,23300.0,10.056251557087757,Mercedes-Benz,C300,2015,11,100000.0,1,2000.0,1,Petrol,Automatic,White,used,1,Luxury,Phnom Penh,Tier_1,individual,23300.0,0.0,0,0.0,0,54.5,0.0,0,0,2026-08-25 10:16:40.222307+00
13603110,23500.0,10.064798252418377,Mercedes-Benz,C300,2015,11,100000.0,1,2000.0,1,Petrol,Automatic,White,used,1,Luxury,Phnom Penh,Tier_1,store,23500.0,0.0,0,0.0,0,84.8,0.0,0,0,2026-08-27 12:20:42.079064+00
13762983,28500.0,10.25769445336048,Mercedes-Benz,C300,2015,11,100000.0,1,2000.0,1,Petrol,Automatic,Black,used,0,Luxury,Phnom Penh,Tier_1,store,28500.0,0.0,0,0.0,0,45.1,0.0,0,0,2026-08-27 12:07:31.453453+00
13935496,29500.0,10.292179440058462,Mercedes-Benz,C300,2015,11,100000.0,1,2000.0,1,Petrol,Automatic,Black,used,0,Luxury,Phnom Penh,Tier_1,store,29500.0,0.0,0,0.0,0,0.0,0.0,0,0,2026-08-27 12:19:17.060982+00
13847072,30500.0,10.32551474894327,Mercedes-Benz,C300,2015,11,100000.0,1,2000.0,1,Petrol,Automatic,White,used,1,Luxury,Phnom Penh,Tier_1,individual,30500.0,0.0,0,0.0,0,20.9,0.0,0,0,2026-08-25 10:17:52.434051+00
13812859,21900.0,9.994287576862567,Mercedes-Benz,C300,2015,11,100000.0,1,2000.0,1,Petrol,Automatic,Black,used,1,Luxury,Phnom Penh,Tier_1,store,22500.0,600.0,1,0.0,0,31.9,0.0,0,0,2026-08-27 12:12:19.806353+00
13865370,22200.0,10.007892611890918,Mercedes-Benz,C300,2015,11,100000.0,1,2000.0,1,Petrol,Automatic,White,used,1,Luxury,Phnom Penh,Tier_1,store,22200.0,0.0,0,0.0,0,12.8,0.0,0,0,2026-08-22 02:44:59.594332+00
13900304,24000.0,10.085850775128717,Mercedes-Benz,C300,2015,11,100000.0,1,2000.0,1,Petrol,Automatic,Black,used,1,Luxury,Phnom Penh,Tier_1,individual,24000.0,0.0,0,0.0,0,9.0,0.0,0,0,2026-08-27 12:19:09.347433+00
13510023,32500.0,10.389026137075234,Mercedes-Benz,C300,2015,11,100000.0,1,2000.0,1,Petrol,Automatic,White,used,0,Luxury,Phnom Penh,Tier_1,store,32500.0,0.0,0,0.0,0,97.5,0.0,0,0,2026-08-18 10:18:50.181846+00
13603096,28500.0,10.25769445336048,Mercedes-Benz,C300,2015,11,100000.0,1,2000.0,1,Petrol,Automatic,White,used,0,Luxury,Phnom Penh,Tier_1,store,28500.0,0.0,0,0.0,0,84.8,0.0,0,0,2026-08-27 12:20:43.209222+00
13456663,24500.0,10.106469212026385,Mercedes-Benz,C300,2015,11,100000.0,1,2000.0,1,Petrol,Automatic,White,used,1,Luxury,Phnom Penh,Tier_1,store,24500.0,0.0,0,0.0,0,120.0,0.0,0,0,2026-08-27 12:06:02.709815+00
13561133,26000.0,10.165890277802454,Mercedes-Benz,C300,2015,11,100000.0,1,2000.0,1,Petrol,Automatic,White,used,0,Luxury,Phnom Penh,Tier_1,store,26000.0,0.0,0,0.0,0,94.7,0.0,0,0,2026-08-27 12:07:27.930026+00
13630706,21500.0,9.975854724662028,Mercedes-Benz,C300,2015,11,100000.0,1,2000.0,1,Petrol,Automatic,White,used,1,Luxury,Phnom Penh,Tier_1,store,21500.0,0.0,0,0.0,0,76.6,0.0,0,0,2026-08-26 03:09:10.30609+00
13802067,33575.0,10.421566805013427,Mercedes-Benz,C300,2015,11,100000.0,1,2000.0,1,Petrol,Automatic,White,used,1,Luxury,Phnom Penh,Tier_1,individual,33575.0,0.0,0,0.0,0,32.9,0.0,0,0,2026-08-25 10:14:58.956808+00
13832968,23500.0,10.064798252418377,Mercedes-Benz,C300,2015,11,100000.0,1,2000.0,1,Petrol,Automatic,White,used,1,Luxury,Phnom Penh,Tier_1,store,23500.0,0.0,0,0.0,0,25.6,0.0,0,0,2026-08-26 03:01:58.118324+00
13817425,18000.0,9.798182590890704,Mercedes-Benz,C300,2015,11,100000.0,1,2000.0,1,Petrol,Automatic,White,used,1,Luxury,Phnom Penh,Tier_1,store,18000.0,0.0,0,0.0,0,24.4,0.0,0,0,2026-08-21 02:53:21.10224+00
13888784,24000.0,10.085850775128717,Mercedes-Benz,C300,2015,11,100000.0,1,2000.0,1,Petrol,Automatic,White,used,1,Luxury,Phnom Penh,Tier_1,individual,24000.0,0.0,0,0.0,0,10.0,0.0,0,0,2026-08-25 10:18:24.955825+00
13908113,22000.0,9.99884318585288,Mercedes-Benz,C300,2015,11,100000.0,1,2000.0,1,Petrol,Automatic,White,used,1,Luxury,Phnom Penh,Tier_1,store,22000.0,0.0,0,0.0,0,5.6,0.0,0,0,2026-08-26 03:01:04.884893+00
13851421,23500.0,10.064798252418377,Mercedes-Benz,C300,2015,11,100000.0,1,2000.0,1,Petrol,Automatic,Unknown,used,1,Luxury,Phnom Penh,Tier_1,individual,23500.0,0.0,0,0.0,0,15.5,0.0,0,0,2026-08-21 02:53:11.223053+00
13603106,25500.0,10.146472946063877,Mercedes-Benz,C300,2015,11,100000.0,1,2000.0,1,Petrol,Manual,White,used,1,Luxury,Phnom Penh,Tier_1,store,25500.0,0.0,0,0.0,0,82.7,0.0,0,0,2026-08-25 10:23:16.42255+00
13579213,29900.0,10.305647203635566,Mercedes-Benz,C300,2015,11,100000.0,1,2000.0,1,Petrol,Automatic,White,used,0,Luxury,Phnom Penh,Tier_1,store,29900.0,0.0,0,0.0,0,89.3,0.0,0,0,2026-08-26 03:08:24.436839+00
13911542,23700.0,10.073272520325904,Mercedes-Benz,C300,2015,11,100000.0,1,2000.0,1,Petrol,Automatic,White,used,1,Luxury,Phnom Penh,Tier_1,store,23700.0,0.0,0,0.0,0,3.9,0.0,0,0,2026-08-25 10:20:16.927597+00
13838140,28800.0,10.268165387743457,Mercedes-Benz,C300,2015,11,100000.0,1,2000.0,1,Petrol,Automatic,Black,used,0,Luxury,Phnom Penh,Tier_1,store,28800.0,0.0,0,0.0,0,19.7,0.0,0,0,2026-08-22 02:44:59.590126+00
13270906,31500.0,10.357774570341576,Mercedes-Benz,C300,2015,11,100000.0,1,2000.0,1,Diesel,Automatic,Black,used,0,Luxury,Phnom Penh,Tier_1,store,31500.0,0.0,0,0.0,0,170.1,0.0,0,0,2026-08-27 12:11:22.328937+00
13936300,24500.0,10.106469212026385,Mercedes-Benz,C300,2015,11,100000.0,1,2000.0,1,Petrol,Automatic,Brown,used,1,Luxury,Kampong Speu,Tier_3,individual,24500.0,0.0,0,0.0,0,0.0,0.0,0,0,2026-08-27 12:12:14.694448+00
13456622,24000.0,10.085850775128717,Mercedes-Benz,C300,2015,11,100000.0,1,2000.0,1,Petrol,Automatic,White,used,1,Luxury,Phnom Penh,Tier_1,store,24000.0,0.0,0,0.0,0,117.9,0.0,0,0,2026-08-25 10:28:00.723628+00
13670436,28500.0,10.25769445336048,Mercedes-Benz,C300,2015,11,100000.0,1,2000.0,1,Petrol,Automatic,Black,used,0,Luxury,Phnom Penh,Tier_1,store,28500.0,0.0,0,0.0,0,62.7,0.0,0,0,2026-08-22 02:44:59.591737+00
13680143,18999.0,9.852194258148577,Mercedes-Benz,C300,2015,11,100000.0,1,2000.0,1,Petrol,Automatic,Black,used,1,Luxury,Phnom Penh,Tier_1,individual,18999.0,0.0,0,0.0,0,57.4,0.0,0,0,2026-08-19 02:48:06.126675+00
13798947,22500.0,10.021315031649332,Mercedes-Benz,C300,2015,11,100000.0,1,2000.0,1,Petrol,Automatic,Black,used,1,Luxury,Phnom Penh,Tier_1,store,22500.0,0.0,0,0.0,0,35.9,0.0,0,0,2026-08-27 12:17:53.964931+00
13694285,26800.0,10.196194479235656,Mercedes-Benz,C300,2015,11,100000.0,1,2000.0,1,Petrol,Automatic,Black,used,0,Luxury,Phnom Penh,Tier_1,individual,26800.0,0.0,0,0.0,0,53.7,0.0,0,0,2026-08-18 10:18:58.600113+00
13777054,21900.0,9.994287576862567,Mercedes-Benz,C300,2015,11,100000.0,1,2000.0,1,Petrol,Automatic,Black,used,1,Luxury,Phnom Penh,Tier_1,store,21900.0,0.0,0,0.0,0,41.8,0.0,0,0,2026-08-27 12:11:46.807+00
13529583,22500.0,10.021315031649332,Mercedes-Benz,C300,2015,11,100000.0,1,2000.0,1,Petrol,Automatic,White,used,1,Luxury,Phnom Penh,Tier_1,store,22500.0,0.0,0,0.0,0,101.7,0.0,0,0,2026-08-27 12:06:29.785704+00
13877947,18800.0,9.841665338892785,Mercedes-Benz,C300,2015,11,100000.0,1,2000.0,1,Petrol,Automatic,Unknown,used,1,Luxury,Phnom Penh,Tier_1,store,18800.0,0.0,0,0.0,0,6.6,0.0,0,0,2026-08-19 02:48:07.590256+00
13510641,26500.0,10.184937747111391,Mercedes-Benz,C300,2015,11,100000.0,1,2000.0,1,Petrol,Automatic,White,used,1,Luxury,Phnom Penh,Tier_1,store,26500.0,0.0,0,0.0,0,104.1,0.0,0,0,2026-08-25 10:29:21.778688+00
13890633,28800.0,10.268165387743457,Mercedes-Benz,C300,2015,11,100000.0,1,2000.0,1,Petrol,Automatic,White,used,0,Luxury,Phnom Penh,Tier_1,store,28800.0,0.0,0,0.0,0,9.6,0.0,0,0,2026-08-25 10:19:01.476037+00
13908425,21800.0,9.989711119284745,Mercedes-Benz,C300,2015,11,100000.0,1,2000.0,1,Petrol,Automatic,Black,used,1,Luxury,Phnom Penh,Tier_1,individual,21800.0,0.0,0,0.0,0,0.0,0.0,0,0,2026-08-20 08:37:44.216947+00
13293648,23200.0,10.05195066017375,Mercedes-Benz,C300,2015,11,100000.0,1,2000.0,1,Petrol,Automatic,White,used,1,Luxury,Phnom Penh,Tier_1,store,23200.0,0.0,0,0.0,0,163.2,0.0,0,1,2026-08-26 03:01:54.033261+00
13908424,26700.0,10.192456296870509,Mercedes-Benz,C300,2015,11,100000.0,1,2000.0,1,Petrol,Automatic,Black,used,0,Luxury,Phnom Penh,Tier_1,store,26700.0,0.0,0,0.0,0,0.0,0.0,0,0,2026-08-20 08:37:44.217022+00
13498690,27000.0,10.203629181337648,Mercedes-Benz,C300,2015,11,100000.0,1,2000.0,1,Petrol,Automatic,Black,used,0,Luxury,Phnom Penh,Tier_1,store,27000.0,0.0,0,0.0,0,103.7,0.0,0,0,2026-08-22 02:44:59.591921+00
13580657,28800.0,10.268165387743457,Mercedes-Benz,C300,2015,11,100000.0,1,2000.0,1,Petrol,Automatic,White,used,0,Luxury,Phnom Penh,Tier_1,store,28800.0,0.0,0,0.0,0,88.7,0.0,0,0,2026-08-26 02:59:42.26392+00
13596806,23900.0,10.081675578048475,Mercedes-Benz,C300,2015,11,100000.0,1,2000.0,1,Petrol,Automatic,White,used,1,Luxury,Phnom Penh,Tier_1,store,23900.0,0.0,0,0.0,0,77.0,0.0,0,0,2026-08-18 10:19:00.458133+00
13710361,23200.0,10.05195066017375,Mercedes-Benz,C300,2015,11,100000.0,1,2000.0,1,Petrol,Automatic,White,used,1,Luxury,Phnom Penh,Tier_1,store,23200.0,0.0,0,0.0,0,52.2,0.0,0,1,2026-08-21 02:53:24.913758+00
13497535,22500.0,10.021315031649332,Mercedes-Benz,C300,2015,11,100000.0,1,2000.0,1,Petrol,Automatic,White,used,1,Luxury,Phnom Penh,Tier_1,store,22500.0,0.0,0,0.0,0,109.7,0.0,0,0,2026-08-27 12:07:50.157319+00
13559069,25000.0,10.12667110305036,Mercedes-Benz,C300,2015,11,100000.0,1,2000.0,1,Petrol,Automatic,Other,used,0,Luxury,Phnom Penh,Tier_1,store,25000.0,0.0,0,0.0,0,89.7,0.0,0,0,2026-08-22 02:44:59.591827+00
13827892,26000.0,10.165890277802454,Mercedes-Benz,C300,2015,11,100000.0,1,2000.0,1,Petrol,Automatic,White,used,0,Luxury,Phnom Penh,Tier_1,individual,26000.0,0.0,0,0.0,0,26.0,0.0,0,0,2026-08-25 10:13:33.180924+00
13903876,28900.0,10.27163147557801,Mercedes-Benz,C300,2015,11,100000.0,1,2000.0,1,Petrol,Automatic,White,used,1,Luxury,Phnom Penh,Tier_1,store,28900.0,0.0,0,0.0,0,6.7,0.0,0,0,2026-08-26 02:59:13.249216+00
13863614,27000.0,10.203629181337648,Mercedes-Benz,C300,2015,11,100000.0,1,2000.0,1,Petrol,Automatic,White,used,1,Luxury,Siem Reap,Tier_2,individual,27000.0,0.0,0,0.0,0,13.5,0.0,0,0,2026-08-22 02:44:36.192276+00
13889966,28500.0,10.25769445336048,Mercedes-Benz,C300,2015,11,100000.0,1,2000.0,1,Petrol,Automatic,White,used,0,Luxury,Phnom Penh,Tier_1,store,28500.0,0.0,0,0.0,0,9.8,0.0,0,0,2026-08-25 10:16:22.760928+00
13294617,27000.0,10.203629181337648,Mercedes-Benz,C300,2015,11,100000.0,1,2000.0,1,Petrol,Automatic,White,used,1,Luxury,Phnom Penh,Tier_1,store,27000.0,0.0,0,0.0,0,162.7,0.0,0,0,2026-08-26 02:58:59.434525+00
13398805,20000.0,9.90353755128617,Mercedes-Benz,C300,2015,11,100000.0,1,2000.0,1,Petrol,Automatic,White,used,1,Luxury,Phnom Penh,Tier_1,individual,20000.0,0.0,0,0.0,0,135.9,0.0,1,0,2026-08-25 10:21:09.616225+00
13387809,30500.0,10.32551474894327,Mercedes-Benz,C300,2015,11,100000.0,1,2000.0,1,Petrol,Automatic,Black,used,0,Luxury,Phnom Penh,Tier_1,store,30500.0,0.0,0,0.0,0,139.7,0.0,0,0,2026-08-26 03:00:43.222755+00
13304811,29200.0,10.281958234245314,Mercedes-Benz,C300,2015,11,100000.0,1,2000.0,1,Petrol,Automatic,White,used,0,Luxury,Phnom Penh,Tier_1,store,29200.0,0.0,0,0.0,0,159.9,0.0,0,0,2026-08-25 10:25:47.201462+00
13772099,26800.0,10.196194479235656,Mercedes-Benz,C300,2015,11,100000.0,1,2000.0,1,Petrol,Automatic,White,used,0,Luxury,Phnom Penh,Tier_1,store,26800.0,0.0,0,0.0,0,40.9,0.0,0,0,2026-08-25 10:26:07.969835+00
13468997,78500.0,11.270866642542865,Mercedes-Benz,C300,2022,4,100000.0,1,2000.0,1,Petrol,Automatic,White,new,0,Luxury,Phnom Penh,Tier_1,store,78500.0,0.0,0,0.0,0,115.5,0.0,0,0,2026-08-26 02:59:26.937567+00
13302527,6200.0,8.732465848349879,Suzuki,Celerio,2013,13,100000.0,1,2000.0,1,Petrol,Automatic,White,used,1,Mass_Market,Phnom Penh,Tier_1,individual,6200.0,0.0,0,0.0,0,153.6,0.0,0,0,2026-08-18 10:19:03.459664+00
13809261,4500.0,8.412054873292933,Toyota,Corolla Altis,1998,28,100000.0,1,2000.0,1,Petrol,Automatic,White,used,1,Mass_Market,Phnom Penh,Tier_1,individual,4500.0,0.0,0,0.0,0,31.6,0.0,0,0,2026-08-26 02:55:50.838229+00
13923346,100000.0,11.51293546492023,Mercedes-Benz,Coupe l Special,2020,6,100000.0,1,2000.0,1,Petrol,Automatic,Unknown,used,1,Luxury,Phnom Penh,Tier_1,store,100000.0,0.0,0,0.0,0,0.0,0.0,0,0,2026-08-24 10:11:12.103765+00
13923361,100000.0,11.51293546492023,Mercedes-Benz,Coupe l Special,2020,6,100000.0,1,2000.0,1,Petrol,Automatic,Unknown,used,1,Luxury,Phnom Penh,Tier_1,store,100000.0,0.0,0,0.0,0,0.0,0.0,0,0,2026-08-24 10:11:12.103765+00
13806985,19500.0,9.87822102528824,Subaru,Forester,2018,8,100000.0,1,2000.0,1,Petrol,Automatic,White,used,0,Mass_Market,Phnom Penh,Tier_1,individual,19500.0,0.0,0,0.0,0,31.7,0.0,0,0,2026-08-25 10:12:53.753705+00
13881450,7700.0,8.94910546953925,MG,G50,2012,14,100000.0,1,2000.0,1,Petrol,Automatic,Gold,used,1,Chinese_EV,Phnom Penh,Tier_1,store,7700.0,0.0,0,0.0,0,14.1,0.0,0,0,2026-08-27 12:16:55.479618+00
13696986,39900.0,10.594156665220533,GAC,GS8,2025,1,100000.0,1,2000.0,1,Petrol,Automatic,Black,new,0,Chinese_EV,Phnom Penh,Tier_1,store,39900.0,0.0,0,0.0,0,62.0,0.0,0,0,2026-08-27 12:07:53.058123+00
13530555,39800.0,10.591647316585027,GAC,GS8,2025,1,100000.0,1,2000.0,1,Petrol,Automatic,Black,new,0,Chinese_EV,Phnom Penh,Tier_1,store,39800.0,0.0,0,0.0,0,96.8,0.0,1,0,2026-08-23 02:53:02.008846+00
13931442,33800.0,10.428245666832275,GAC,GS8,2025,1,100000.0,1,2000.0,1,Petrol,Automatic,Black,new,0,Chinese_EV,Phnom Penh,Tier_1,store,33800.0,0.0,0,0.0,0,0.9,0.0,0,0,2026-08-27 12:07:44.613532+00
13746919,39800.0,10.591647316585027,GAC,GS8,2025,1,100000.0,1,2000.0,1,Petrol,Automatic,Black,new,0,Chinese_EV,Phnom Penh,Tier_1,store,39800.0,0.0,0,0.0,0,43.7,0.0,1,0,2026-08-22 02:44:57.044365+00
13507145,39800.0,10.591647316585027,GAC,GS8,2025,1,100000.0,1,2000.0,1,Petrol,Automatic,Black,new,0,Chinese_EV,Phnom Penh,Tier_1,store,39800.0,0.0,0,0.0,0,105.7,0.0,0,0,2026-08-26 03:07:34.969548+00
13499248,39800.0,10.591647316585027,GAC,GS8,2025,1,100000.0,1,2000.0,1,Petrol,Automatic,Black,new,0,Chinese_EV,Phnom Penh,Tier_1,store,39800.0,0.0,0,0.0,0,107.7,0.0,0,0,2026-08-26 03:07:41.100492+00
13901400,37800.0,10.540090836284206,GAC,GS8,2025,1,100000.0,1,2000.0,1,Diesel,Automatic,Black,new,0,Chinese_EV,Phnom Penh,Tier_1,store,37800.0,0.0,0,0.0,0,0.0,0.0,0,0,2026-08-18 10:19:04.372424+00
13855733,36000.0,10.491301994830229,GAC,GS8,2026,0,100000.0,1,2000.0,1,Petrol,Automatic,White,new,0,Chinese_EV,Phnom Penh,Tier_1,individual,36000.0,0.0,0,0.0,0,16.5,0.0,0,0,2026-08-23 02:52:53.725364+00
13896897,26999.0,10.203592144986466,GAC,GS8,2025,1,100000.0,1,2000.0,1,Petrol,Manual,Black,used,1,Chinese_EV,Phnom Penh,Tier_1,store,26999.0,0.0,0,0.0,0,9.9,0.0,0,0,2026-08-27 12:11:50.261062+00
13608593,33500.0,10.419330568113901,Toyota,Hilux REVO,2017,9,100000.0,1,2000.0,1,Diesel,Automatic,White,used,1,Mass_Market,Phnom Penh,Tier_1,store,33500.0,0.0,0,0.0,0,83.5,0.0,0,0,2026-08-27 12:17:23.146285+00
13736157,39900.0,10.594156665220533,Toyota,Hilux REVO,2027,0,100000.0,1,2000.0,1,Diesel,Automatic,White,new,0,Mass_Market,Phnom Penh,Tier_1,store,39900.0,0.0,0,0.0,0,51.9,0.0,0,0,2026-08-27 12:14:23.008456+00
13742017,33500.0,10.419330568113901,Toyota,Hilux REVO,2017,9,100000.0,1,2000.0,1,Diesel,Automatic,White,used,1,Mass_Market,Phnom Penh,Tier_1,store,33500.0,0.0,0,0.0,0,48.4,0.0,0,0,2026-08-25 10:23:33.255332+00
13736195,45900.0,10.734242182303689,Toyota,Hilux REVO,2027,0,100000.0,1,2000.0,1,Diesel,Automatic,Orange,new,0,Mass_Market,Phnom Penh,Tier_1,store,45900.0,0.0,0,0.0,0,51.9,0.0,0,0,2026-08-27 12:11:13.424238+00
13735159,46500.0,10.747229096720554,Toyota,Hilux REVO,2027,0,100000.0,1,2000.0,1,Diesel,Automatic,White,new,0,Mass_Market,Phnom Penh,Tier_1,store,46500.0,0.0,0,0.0,0,50.6,0.0,0,0,2026-08-26 03:10:13.530861+00
13764689,46500.0,10.747229096720554,Toyota,Hilux REVO,2027,0,100000.0,1,2000.0,1,Diesel,Automatic,White,new,0,Mass_Market,Phnom Penh,Tier_1,store,46500.0,0.0,0,0.0,0,44.8,0.0,0,0,2026-08-27 12:15:12.418427+00
13735944,46500.0,10.747229096720554,Toyota,Hilux REVO,2027,0,100000.0,1,2000.0,1,Diesel,Automatic,White,new,0,Mass_Market,Phnom Penh,Tier_1,store,46500.0,0.0,0,0.0,0,51.9,0.0,0,0,2026-08-27 12:15:22.453631+00
13764673,51100.0,10.841559345471941,Toyota,Hilux REVO,2027,0,100000.0,1,2000.0,1,Diesel,Automatic,Silver,new,0,Mass_Market,Phnom Penh,Tier_1,store,51100.0,0.0,0,0.0,0,44.8,0.0,0,0,2026-08-27 12:13:27.880011+00
13817558,34500.0,10.448743588106625,Toyota,Hilux REVO,2019,7,100000.0,1,2000.0,1,Diesel,Automatic,White,used,1,Mass_Market,Siem Reap,Tier_2,store,34500.0,0.0,0,0.0,0,30.8,0.0,0,0,2026-08-27 12:13:17.911287+00
13736365,51100.0,10.841559345471941,Toyota,Hilux REVO,2027,0,100000.0,1,2000.0,1,Diesel,Automatic,Black,new,0,Mass_Market,Phnom Penh,Tier_1,store,51100.0,0.0,0,0.0,0,49.8,0.0,0,0,2026-08-25 10:27:18.282377+00
13735963,29999.0,10.308952660644293,Toyota,Hilux REVO,2016,10,100000.0,1,2000.0,1,Diesel,Automatic,Black,used,1,Mass_Market,Phnom Penh,Tier_1,store,29999.0,0.0,0,0.0,0,49.8,0.0,0,0,2026-08-25 10:12:44.354039+00
13914008,33800.0,10.428245666832275,Toyota,Hilux REVO,2025,1,100000.0,1,2000.0,1,Diesel,Automatic,White,used,1,Mass_Market,Phnom Penh,Tier_1,store,34000.0,200.0,1,0.0,0,3.7,0.0,0,0,2026-08-26 02:57:59.81973+00
13924609,30800.0,10.335302435967074,Toyota,Hilux REVO,2020,6,100000.0,1,2000.0,1,Diesel,Automatic,White,used,1,Mass_Market,Phnom Penh,Tier_1,individual,30800.0,0.0,0,0.0,0,0.4,0.0,0,0,2026-08-25 10:12:22.973668+00
13637794,33000.0,10.404293143019792,Toyota,Hilux REVO,2020,6,100000.0,1,2000.0,1,Diesel,Automatic,Black,used,1,Mass_Market,Phnom Penh,Tier_1,store,33000.0,0.0,0,0.0,0,76.2,0.0,0,0,2026-08-27 12:07:01.022804+00
13476351,34900.0,10.460270761075149,Toyota,Hilux REVO,2020,6,100000.0,1,2000.0,1,Diesel,Automatic,Red,used,1,Mass_Market,Phnom Penh,Tier_1,store,34900.0,0.0,0,0.0,0,114.8,0.0,0,0,2026-08-27 12:07:13.821218+00
13878466,36900.0,10.515993929932415,Toyota,Hilux REVO,2025,1,100000.0,1,2000.0,1,Diesel,Automatic,White,used,1,Mass_Market,Phnom Penh,Tier_1,store,36900.0,0.0,0,0.0,0,14.9,0.0,0,0,2026-08-27 12:16:39.047378+00
13926572,39800.0,10.591647316585027,Toyota,Hilux REVO,2022,4,100000.0,1,2000.0,1,Diesel,Automatic,White,used,1,Mass_Market,Phnom Penh,Tier_1,individual,39800.0,0.0,0,0.0,0,0.0,0.0,1,0,2026-08-25 10:27:09.84678+00
13935738,35500.0,10.477316144080852,Toyota,Hilux REVO,2026,0,100000.0,1,2000.0,1,Diesel,Automatic,White,used,1,Mass_Market,Phnom Penh,Tier_1,individual,35500.0,0.0,0,0.0,0,0.0,0.0,0,0,2026-08-27 12:16:09.16684+00
13913640,188000.0,12.144202560946876,Lamborghini,Huracán,2015,11,100000.0,1,2000.0,1,Petrol,Automatic,Grey,used,0,Luxury,Phnom Penh,Tier_1,store,188000.0,0.0,0,0.0,0,5.2,0.0,0,0,2026-08-27 12:05:48.546294+00
13248488,36888.0,10.515668682606062,GTV,KOUPREY,2026,0,100000.0,1,2000.0,1,Petrol,Automatic,Black,new,0,Chinese_EV,Phnom Penh,Tier_1,store,36888.0,0.0,0,0.0,0,174.6,0.0,1,0,2026-08-26 03:06:51.74239+00
13550939,195000.0,12.180759965737863,Lexus,LX600,2023,3,100000.0,1,2000.0,1,Petrol,Automatic,White,used,0,Luxury,Phnom Penh,Tier_1,store,195000.0,0.0,0,0.0,0,95.7,0.0,0,0,2026-08-26 02:58:35.198963+00
13489187,195000.0,12.180759965737863,Lexus,LX600,2023,3,100000.0,1,2000.0,1,Petrol,Automatic,Black,used,0,Luxury,Phnom Penh,Tier_1,store,195000.0,0.0,0,0.0,0,110.4,0.0,1,0,2026-08-26 02:58:32.707087+00
13921693,185000.0,12.128116509451258,Lexus,LX600,2023,3,100000.0,1,2000.0,1,Petrol,Automatic,Black,used,1,Luxury,Phnom Penh,Tier_1,store,185000.0,0.0,0,0.0,0,1.0,0.0,1,0,2026-08-25 10:18:36.543516+00
13480701,195000.0,12.180759965737863,Lexus,LX600,2023,3,100000.0,1,2000.0,1,Petrol,Automatic,White,used,0,Luxury,Phnom Penh,Tier_1,store,195000.0,0.0,0,0.0,0,112.3,0.0,0,0,2026-08-26 02:58:34.235781+00
13547948,178000.0,12.08954444723597,Lexus,LX600,2023,3,100000.0,1,2000.0,1,Petrol,Automatic,White,new,0,Luxury,Phnom Penh,Tier_1,store,178000.0,0.0,0,0.0,0,95.9,0.0,1,0,2026-08-25 10:19:26.535648+00
13574932,185000.0,12.128116509451258,Lexus,LX600,2022,4,100000.0,1,2000.0,1,Petrol,Automatic,White,used,0,Luxury,Phnom Penh,Tier_1,store,185000.0,0.0,0,0.0,0,90.2,0.0,0,0,2026-08-26 02:58:36.172577+00
13652430,235000.0,12.367345048436391,Lexus,LX600,2025,1,100000.0,1,2000.0,1,Petrol,Automatic,Black,new,0,Luxury,Phnom Penh,Tier_1,store,235000.0,0.0,0,0.0,0,71.4,0.0,1,0,2026-08-26 02:58:32.023782+00
13896452,179999.0,12.100712129872347,Lexus,LX600,2022,4,100000.0,1,2000.0,1,Petrol,Automatic,Black,used,0,Luxury,Phnom Penh,Tier_1,store,179999.0,0.0,0,0.0,0,10.0,0.0,1,0,2026-08-27 12:16:17.379231+00
13878937,182600.0,12.115058723579269,Lexus,LX600,2022,4,100000.0,1,2000.0,1,Petrol,Automatic,White,used,0,Luxury,Phnom Penh,Tier_1,store,182600.0,0.0,0,0.0,0,12.8,0.0,1,0,2026-08-25 10:15:24.589402+00
13722871,250000.0,12.429220196836383,Lexus,LX600,2026,0,100000.0,1,2000.0,1,Petrol,Automatic,Black,new,0,Luxury,Phnom Penh,Tier_1,store,250000.0,0.0,0,0.0,0,53.8,0.0,1,0,2026-08-26 03:03:51.269582+00
13699564,255000.0,12.449022745701502,Lexus,LX600,2026,0,100000.0,1,2000.0,1,Petrol,Automatic,Black,new,0,Luxury,Phnom Penh,Tier_1,store,255000.0,0.0,0,0.0,0,60.1,0.0,0,0,2026-08-26 02:58:41.144125+00
13433556,235000.0,12.367345048436391,Lexus,LX600,2025,1,100000.0,1,2000.0,1,Petrol,Automatic,White,new,0,Luxury,Phnom Penh,Tier_1,store,235000.0,0.0,0,0.0,0,124.4,0.0,0,0,2026-08-26 02:58:37.262454+00
13648939,235000.0,12.367345048436391,Lexus,LX600,2025,1,100000.0,1,2000.0,1,Petrol,Automatic,Black,new,0,Luxury,Phnom Penh,Tier_1,store,235000.0,0.0,0,0.0,0,71.9,0.0,0,0,2026-08-26 02:58:38.508398+00
13445777,195000.0,12.180759965737863,Lexus,LX600,2024,2,100000.0,1,2000.0,1,Petrol,Automatic,White,used,0,Luxury,Phnom Penh,Tier_1,store,195000.0,0.0,0,0.0,0,121.3,0.0,1,0,2026-08-26 02:58:33.38816+00
13898561,208000.0,12.245298166364206,Lexus,LX600,2024,2,100000.0,1,2000.0,1,Petrol,Automatic,White,used,1,Luxury,Phnom Penh,Tier_1,store,208000.0,0.0,0,0.0,0,3.2,0.0,0,0,2026-08-21 02:53:22.429515+00
13898621,208800.0,12.249136924251182,Lexus,LX600,2024,2,100000.0,1,2000.0,1,Petrol,Automatic,White,used,1,Luxury,Phnom Penh,Tier_1,store,208800.0,0.0,0,0.0,0,1.1,0.0,0,1,2026-08-19 02:47:57.910088+00
13747676,205000.0,12.230770136157428,Lexus,LX600,2024,2,100000.0,1,2000.0,1,Petrol,Automatic,Black,used,1,Luxury,Phnom Penh,Tier_1,store,205000.0,0.0,0,0.0,0,47.0,0.0,1,0,2026-08-25 10:24:04.272133+00
13851976,186156.0,12.134345682676576,Lexus,LX600,2024,2,100000.0,1,2000.0,1,Petrol,Automatic,Black,used,0,Luxury,Phnom Penh,Tier_1,store,187499.0,1343.0,1,0.0,0,14.7,0.0,0,0,2026-08-20 08:37:24.917466+00
13898612,208800.0,12.249136924251182,Lexus,LX600,2024,2,100000.0,1,2000.0,1,Petrol,Automatic,White,used,1,Luxury,Phnom Penh,Tier_1,store,208800.0,0.0,0,0.0,0,6.4,0.0,0,0,2026-08-24 10:11:11.100588+00
13573219,169999.0,12.043553716032399,Lexus,LX600,2022,4,100000.0,1,2000.0,1,Petrol,Automatic,White,used,1,Luxury,Phnom Penh,Tier_1,store,169999.0,0.0,0,0.0,0,91.9,0.0,1,0,2026-08-27 12:16:18.503796+00
13864909,165000.0,12.013706813470414,Lexus,LX600,2022,4,100000.0,1,2000.0,1,Petrol,Automatic,White,used,1,Luxury,Phnom Penh,Tier_1,store,165000.0,0.0,0,0.0,0,17.2,0.0,0,0,2026-08-26 02:58:27.287042+00
13914743,182500.0,12.114510931441727,Lexus,LX600,2022,4,100000.0,1,2000.0,1,Petrol,Automatic,White,used,0,Luxury,Phnom Penh,Tier_1,store,182500.0,0.0,0,0.0,0,3.6,0.0,1,0,2026-08-26 02:57:35.595453+00
13712028,169999.0,12.043553716032399,Lexus,LX600,2022,4,100000.0,1,2000.0,1,Petrol,Automatic,White,used,1,Luxury,Phnom Penh,Tier_1,store,169999.0,0.0,0,0.0,0,58.0,0.0,0,0,2026-08-27 12:16:20.800458+00
13272342,235000.0,12.367345048436391,Lexus,LX600,2025,1,100000.0,1,2000.0,1,Petrol,Automatic,White,new,0,Luxury,Phnom Penh,Tier_1,store,235000.0,0.0,0,0.0,0,168.5,0.0,0,0,2026-08-26 02:58:29.108469+00
13627624,3900.0,8.268988209506656,Daewoo,Lanos,1998,28,100000.0,1,2000.0,1,Petrol,Manual,White,used,1,Other,Phnom Penh,Tier_1,individual,3900.0,0.0,0,0.0,0,70.4,0.0,0,0,2026-08-19 02:48:03.340416+00
13852986,5690.0,8.646641258603124,Toyota,Matrix,2003,23,100000.0,1,2000.0,1,Petrol,Manual,Silver,used,1,Mass_Market,Kampong Chhnang,Tier_3,individual,5690.0,0.0,0,0.0,0,12.6,0.0,0,0,2026-08-18 10:18:52.997731+00
13422091,6200.0,8.732465848349879,Toyota,Matrix,2003,23,100000.0,1,2000.0,1,Petrol,Automatic,Black,used,1,Mass_Market,Kampong Chhnang,Tier_3,individual,6200.0,0.0,0,0.0,0,128.0,0.0,0,0,2026-08-27 12:20:06.781087+00
13910672,12500.0,9.433563920090563,Mazda,Mazda2,2018,8,100000.0,1,2000.0,1,Petrol,Automatic,Unknown,used,1,Mass_Market,Phnom Penh,Tier_1,store,12500.0,0.0,0,0.0,0,0.0,0.0,0,0,2026-08-21 02:53:08.541621+00
13927075,12700.0,9.44943600950432,Mazda,Mazda2,2018,8,100000.0,1,2000.0,1,Petrol,Automatic,Red,used,1,Mass_Market,Phnom Penh,Tier_1,store,12700.0,0.0,0,0.0,0,0.0,0.0,0,0,2026-08-25 10:21:47.283272+00
13647935,16500.0,9.711176264112805,Mazda,Mazda2,2021,5,100000.0,1,2000.0,1,Petrol,Automatic,White,used,1,Mass_Market,Phnom Penh,Tier_1,store,16500.0,0.0,0,0.0,0,71.7,0.0,0,0,2026-08-25 10:29:08.305728+00
13795603,14000.0,9.546884034617925,Mazda,Mazda2,2019,7,100000.0,1,2000.0,1,Petrol,Automatic,Other,used,1,Mass_Market,Phnom Penh,Tier_1,individual,14000.0,0.0,0,0.0,0,26.6,0.0,0,0,2026-08-17 08:51:00.735607+00
13879036,27800.0,10.2328272702548,Mazda,Mazdaspeed6,2020,6,100000.0,1,2000.0,1,Petrol,Automatic,White,used,1,Mass_Market,Phnom Penh,Tier_1,store,27800.0,0.0,0,0.0,0,12.7,0.0,0,0,2026-08-25 10:15:38.811455+00
13935503,32500.0,10.389026137075234,Tesla,Model Y,2024,2,100000.0,1,2000.0,1,Electric,Automatic,White,used,0,Other,Phnom Penh,Tier_1,store,32500.0,0.0,0,0.0,0,0.0,0.0,0,0,2026-08-27 12:19:10.755459+00
13877682,23000.0,10.043292972227004,Tesla,Model Y,2021,5,100000.0,1,2000.0,1,Electric,Automatic,Black,used,0,Other,Phnom Penh,Tier_1,store,23000.0,0.0,0,0.0,0,13.6,0.0,0,0,2026-08-26 03:02:24.778047+00
13900095,32500.0,10.389026137075234,Tesla,Model Y,2024,2,100000.0,1,2000.0,1,Electric,Automatic,White,used,0,Other,Phnom Penh,Tier_1,store,32500.0,0.0,0,0.0,0,7.7,0.0,0,0,2026-08-26 03:05:35.862504+00
13869651,19800.0,9.893487720457795,Tesla,Model Y,2020,6,100000.0,1,2000.0,1,Electric,Automatic,Black,used,0,Other,Phnom Penh,Tier_1,store,19800.0,0.0,0,0.0,0,17.0,0.0,0,0,2026-08-27 12:12:20.997832+00
13885414,20500.0,9.928228944424575,Tesla,Model Y,2022,4,100000.0,1,2000.0,1,Electric,Automatic,White,used,0,Other,Phnom Penh,Tier_1,store,20500.0,0.0,0,0.0,0,9.9,0.0,0,0,2026-08-24 10:11:07.049534+00
13851829,28500.0,10.25769445336048,Tesla,Model Y,2022,4,100000.0,1,2000.0,1,Electric,Automatic,White,new,0,Other,Phnom Penh,Tier_1,store,28500.0,0.0,0,0.0,0,21.9,0.0,0,0,2026-08-27 12:10:35.772226+00
13883805,26800.0,10.196194479235656,Tesla,Model Y,2022,4,100000.0,1,2000.0,1,Electric,Automatic,White,used,0,Other,Phnom Penh,Tier_1,individual,26800.0,0.0,0,0.0,0,10.5,0.0,0,0,2026-08-24 10:11:12.103765+00
13872614,28900.0,10.27163147557801,Tesla,Model Y,2022,4,100000.0,1,2000.0,1,Electric,Automatic,White,used,1,Other,Phnom Penh,Tier_1,individual,28900.0,0.0,0,0.0,0,7.1,0.0,0,0,2026-08-18 10:18:51.126398+00
13598295,46500.0,10.747229096720554,Tesla,Model Y,2026,0,100000.0,1,2000.0,1,Electric,Automatic,White,used,0,Other,Phnom Penh,Tier_1,store,46500.0,0.0,0,0.0,0,85.8,0.0,0,0,2026-08-27 12:12:17.639997+00
13905792,7700.0,8.94910546953925,Kia,Moning,2012,14,100000.0,1,2000.0,1,Petrol,Automatic,Unknown,used,1,Mass_Market,Phnom Penh,Tier_1,store,7700.0,0.0,0,0.0,0,1.3,0.0,0,0,2026-08-21 02:53:09.876865+00
13216122,79999.0,11.289781913656018,Denza,N8,2025,1,100000.0,1,2000.0,1,Petrol,Automatic,Unknown,new,0,Chinese_EV,Phnom Penh,Tier_1,store,79999.0,0.0,0,0.0,0,176.9,0.0,0,0,2026-08-20 08:37:29.395234+00
13869521,22200.0,10.007892611890918,GAC,Others,2026,0,100000.0,1,2000.0,1,Electric,Automatic,Other,new,0,Chinese_EV,Phnom Penh,Tier_1,store,22200.0,0.0,0,0.0,0,15.7,0.0,0,0,2026-08-26 03:07:58.976097+00
13290752,63800.0,11.063524143191238,GAC,Others,2025,1,100000.0,1,2000.0,1,Petrol,Automatic,Black,new,0,Chinese_EV,Phnom Penh,Tier_1,store,63800.0,0.0,0,0.0,0,156.1,0.0,1,0,2026-08-18 10:19:08.121211+00
13921453,25600.0,10.150386692204734,GAC,Others,2026,0,100000.0,1,2000.0,1,Electric,Automatic,Black,new,0,Chinese_EV,Phnom Penh,Tier_1,store,25600.0,0.0,0,0.0,0,3.1,0.0,0,0,2026-08-27 12:13:06.694075+00
13813448,28800.0,10.268165387743457,GAC,Others,2026,0,100000.0,1,2000.0,1,Petrol,Automatic,Grey,new,0,Chinese_EV,Phnom Penh,Tier_1,store,28800.0,0.0,0,0.0,0,24.7,0.0,0,0,2026-08-20 08:37:33.858767+00
13805066,52600.0,10.87049040995193,Land Rover,Rangerover Velar,2019,7,100000.0,1,2000.0,1,Petrol,Automatic,White,used,0,Luxury,Phnom Penh,Tier_1,store,52600.0,0.0,0,0.0,0,25.7,0.0,0,0,2026-08-19 02:48:22.303244+00
13393434,41999.0,10.645424897265505,Land Rover,Rangerover Velar,2019,7,100000.0,1,2000.0,1,Petrol,Automatic,Black,used,1,Luxury,Phnom Penh,Tier_1,store,41999.0,0.0,0,0.0,0,139.8,0.0,1,0,2026-08-27 12:09:37.004702+00
13459063,40000.0,10.596659732783579,Land Rover,Rangerover Velar,2018,8,100000.0,1,2000.0,1,Diesel,Automatic,Black,used,1,Luxury,Phnom Penh,Tier_1,individual,40000.0,0.0,0,0.0,0,113.2,0.0,0,0,2026-08-21 02:53:17.466893+00
13910725,35500.0,10.477316144080852,Land Rover,Rangerover Velar,2018,8,100000.0,1,2000.0,1,Petrol,Automatic,White,used,1,Luxury,Phnom Penh,Tier_1,individual,35500.0,0.0,0,0.0,0,0.0,0.0,0,0,2026-08-21 02:53:09.876918+00
13875038,50000.0,10.819798284210286,Land Rover,Rangerover Velar,2021,5,100000.0,1,2000.0,1,Diesel,Automatic,Black,used,1,Luxury,Phnom Penh,Tier_1,store,50000.0,0.0,0,0.0,0,15.8,0.0,0,0,2026-08-27 12:08:40.857338+00
13662630,9200.0,9.127067452782361,Kia,Ray,2013,13,100000.0,1,2000.0,1,Petrol,Automatic,White,used,0,Mass_Market,Phnom Penh,Tier_1,store,9200.0,0.0,0,0.0,0,68.7,0.0,0,0,2026-08-26 02:57:16.605217+00
13917655,7800.0,8.962007209588313,Kia,Ray,2016,10,100000.0,1,2000.0,1,Petrol,Automatic,Unknown,used,1,Mass_Market,Phnom Penh,Tier_1,individual,7800.0,0.0,0,0.0,0,0.0,0.0,0,0,2026-08-23 02:52:50.506822+00
13775521,8050.0,8.993551586299981,Kia,Ray,2013,13,100000.0,1,2000.0,1,Petrol,Automatic,Other,used,0,Mass_Market,Phnom Penh,Tier_1,store,8050.0,0.0,0,0.0,0,42.0,0.0,0,0,2026-08-27 12:20:12.951553+00
13617908,7950.0,8.981052985901483,Kia,Ray,2013,13,100000.0,1,2000.0,1,Petrol,Automatic,White,used,1,Mass_Market,Siem Reap,Tier_2,individual,7950.0,0.0,0,0.0,0,79.6,0.0,0,0,2026-08-26 02:56:33.042481+00
13914032,9400.0,9.148571345578551,Kia,Ray,2016,10,100000.0,1,2000.0,1,Petrol,Automatic,Unknown,used,1,Mass_Market,Phnom Penh,Tier_1,store,9400.0,0.0,0,0.0,0,0.0,0.0,1,0,2026-08-22 02:44:51.793591+00
13421713,8100.0,8.999742789830492,Kia,Ray,2013,13,100000.0,1,2000.0,1,Petrol,Automatic,White,used,1,Mass_Market,Phnom Penh,Tier_1,individual,8100.0,0.0,0,0.0,0,121.7,0.0,0,0,2026-08-21 02:53:18.607329+00
13925942,9400.0,9.148571345578551,Kia,Ray,2016,10,100000.0,1,2000.0,1,Petrol,Automatic,Black,used,1,Mass_Market,Phnom Penh,Tier_1,store,9400.0,0.0,0,0.0,0,0.7,0.0,1,0,2026-08-26 03:04:13.750837+00
13866407,8800.0,9.082620630373812,Kia,Ray,2013,13,100000.0,1,2000.0,1,Petrol,Automatic,Other,used,1,Mass_Market,Phnom Penh,Tier_1,store,8800.0,0.0,0,0.0,0,15.9,0.0,0,0,2026-08-25 10:18:53.744167+00
13895595,7900.0,8.974744612722734,Kia,Ray,2013,13,100000.0,1,2000.0,1,Petrol,Automatic,Unknown,used,1,Mass_Market,Phnom Penh,Tier_1,individual,7900.0,0.0,0,0.0,0,5.7,0.0,0,0,2026-08-23 02:53:02.005213+00
13917559,8500.0,9.04793908261736,Kia,Ray,2013,13,100000.0,1,2000.0,1,Petrol,Automatic,Unknown,used,1,Mass_Market,Phnom Penh,Tier_1,store,8500.0,0.0,0,0.0,0,0.0,0.0,1,0,2026-08-23 02:53:10.565174+00
13358845,9700.0,9.179984251961283,Kia,Ray,2013,13,100000.0,1,2000.0,1,Petrol,Automatic,White,used,0,Mass_Market,Phnom Penh,Tier_1,store,9700.0,0.0,0,0.0,0,148.2,0.0,1,0,2026-08-27 12:12:25.273492+00
13802593,8500.0,9.04793908261736,Kia,Ray,2013,13,100000.0,1,2000.0,1,Petrol,Automatic,Red,used,1,Mass_Market,Phnom Penh,Tier_1,individual,8500.0,0.0,0,0.0,0,32.8,0.0,0,0,2026-08-25 10:18:10.337904+00
13720948,7950.0,8.981052985901483,Kia,Ray,2016,10,100000.0,1,2000.0,1,Petrol,Automatic,White,used,1,Mass_Market,Phnom Penh,Tier_1,individual,7950.0,0.0,0,0.0,0,45.8,0.0,0,0,2026-08-17 08:51:00.754488+00
13775243,9300.0,9.137877200242468,Kia,Ray,2016,10,100000.0,1,2000.0,1,Petrol,Automatic,Grey,used,0,Mass_Market,Phnom Penh,Tier_1,store,9300.0,0.0,0,0.0,0,40.7,0.0,0,0,2026-08-26 03:03:03.699093+00
13550747,8200.0,9.012011377036412,Kia,Ray,2013,13,100000.0,1,2000.0,1,Petrol,Automatic,White,used,1,Mass_Market,Phnom Penh,Tier_1,store,8200.0,0.0,0,0.0,0,90.0,0.0,0,0,2026-08-20 08:37:51.426809+00
13890614,11900.0,9.38437770918244,Kia,Ray,2018,8,100000.0,1,2000.0,1,Petrol,Automatic,White,used,1,Mass_Market,Phnom Penh,Tier_1,store,11900.0,0.0,0,0.0,0,2.6,0.0,0,0,2026-08-18 10:19:00.458133+00
13799179,12400.0,9.425532393502772,Kia,Ray,2018,8,100000.0,1,2000.0,1,Petrol,Automatic,Grey,used,0,Mass_Market,Phnom Penh,Tier_1,store,12400.0,0.0,0,0.0,0,34.5,0.0,1,0,2026-08-26 03:02:54.26438+00
13856390,13800.0,9.53249633228804,Kia,Ray,2018,8,100000.0,1,2000.0,1,Petrol,Automatic,Other,used,0,Mass_Market,Phnom Penh,Tier_1,store,13800.0,0.0,0,0.0,0,20.8,0.0,0,0,2026-08-27 12:14:40.016266+00
13835382,8888.0,9.092569836241674,Kia,Ray,2012,14,100000.0,1,2000.0,1,Petrol,Automatic,Other,used,1,Mass_Market,Phnom Penh,Tier_1,individual,8888.0,0.0,0,0.0,0,24.0,0.0,1,0,2026-08-25 10:22:35.433221+00
13918757,8000.0,8.987321812850125,Kia,Ray,2012,14,100000.0,1,2000.0,1,Petrol,Automatic,White,used,0,Mass_Market,Phnom Penh,Tier_1,store,8000.0,0.0,0,0.0,0,3.9,0.0,0,0,2026-08-27 12:05:38.171377+00
13775384,8800.0,9.082620630373812,Kia,Ray,2012,14,100000.0,1,2000.0,1,Petrol,Automatic,Unknown,used,0,Mass_Market,Phnom Penh,Tier_1,store,8800.0,0.0,0,0.0,0,40.7,0.0,1,0,2026-08-26 03:01:01.936637+00
13460851,8900.0,9.093918908958932,Kia,Ray,2014,12,100000.0,1,2000.0,1,Petrol,Automatic,White,used,0,Mass_Market,Phnom Penh,Tier_1,individual,8900.0,0.0,0,0.0,0,117.6,0.0,0,0,2026-08-26 03:06:36.61368+00
13903443,8500.0,9.04793908261736,Kia,Ray,2014,12,100000.0,1,2000.0,1,Petrol,Automatic,Blue,used,1,Mass_Market,Phnom Penh,Tier_1,individual,8500.0,0.0,0,0.0,0,8.1,0.0,1,0,2026-08-27 12:18:33.69402+00
13919483,17700.0,9.781376414141157,Kia,Ray,2023,3,100000.0,1,2000.0,1,Petrol,Automatic,White,new,0,Mass_Market,Phnom Penh,Tier_1,store,17700.0,0.0,0,0.0,0,3.8,0.0,1,0,2026-08-27 12:07:03.581005+00
13752421,17800.0,9.787009914477434,Kia,Ray,2023,3,100000.0,1,2000.0,1,Petrol,Automatic,White,new,0,Mass_Market,Phnom Penh,Tier_1,store,17800.0,0.0,0,0.0,0,48.0,0.0,0,0,2026-08-27 12:06:01.411405+00
13879009,10800.0,9.287394001418473,Kia,Ray,2015,11,100000.0,1,2000.0,1,Petrol,Automatic,White,used,0,Mass_Market,Phnom Penh,Tier_1,store,10800.0,0.0,0,0.0,0,12.7,0.0,0,0,2026-08-25 10:14:47.615375+00
13901448,9800.0,9.19023970026918,Kia,Ray,2014,12,100000.0,1,2000.0,1,Petrol,Automatic,Unknown,used,0,Mass_Market,Phnom Penh,Tier_1,store,9800.0,0.0,0,0.0,0,0.0,0.0,1,0,2026-08-18 10:19:03.459664+00
13915565,9000.0,9.105090961257085,Kia,Ray,2014,12,100000.0,1,2000.0,1,Petrol,Automatic,Other,used,1,Mass_Market,Phnom Penh,Tier_1,individual,9000.0,0.0,0,0.0,0,3.5,0.0,1,0,2026-08-26 03:03:15.552491+00
13876207,17900.0,9.792611856190192,Kia,Ray,2023,3,100000.0,1,2000.0,1,Petrol,Automatic,Other,new,0,Mass_Market,Phnom Penh,Tier_1,store,17900.0,0.0,0,0.0,0,11.1,0.0,0,0,2026-08-23 02:52:45.528574+00
13453014,12500.0,9.433563920090563,Kia,Ray,2017,9,100000.0,1,2000.0,1,Petrol,Automatic,White,used,0,Mass_Market,Phnom Penh,Tier_1,store,12500.0,0.0,0,0.0,0,110.8,0.0,1,0,2026-08-17 08:51:02.660154+00
13923358,7500.0,8.922791623969637,Kia,Ray,2014,12,100000.0,1,2000.0,1,Petrol,Automatic,Unknown,used,1,Mass_Market,Phnom Penh,Tier_1,individual,7500.0,0.0,0,0.0,0,0.0,0.0,0,0,2026-08-24 10:11:12.103765+00
13398162,13700.0,9.525224101853109,Kia,Ray,2019,7,100000.0,1,2000.0,1,Petrol,Automatic,White,used,0,Mass_Market,Phnom Penh,Tier_1,store,13700.0,0.0,0,0.0,0,138.1,0.0,0,0,2026-08-27 12:11:19.120692+00
13863327,8500.0,9.04793908261736,Kia,Ray,2014,12,100000.0,1,2000.0,1,Petrol,Automatic,Other,used,1,Mass_Market,Phnom Penh,Tier_1,individual,8500.0,0.0,0,0.0,0,16.9,0.0,0,0,2026-08-25 10:24:56.316281+00
13900604,10500.0,9.259225769705994,Kia,Ray,2019,7,100000.0,1,2000.0,1,Petrol,Automatic,Red,used,1,Mass_Market,Phnom Penh,Tier_1,individual,10500.0,0.0,0,0.0,0,6.9,0.0,0,0,2026-08-25 10:13:14.952122+00
13714198,8800.0,9.082620630373812,Kia,Ray,2014,12,100000.0,1,2000.0,1,Petrol,Automatic,Green,used,0,Mass_Market,Phnom Penh,Tier_1,individual,8800.0,0.0,0,0.0,0,47.5,0.0,1,0,2026-08-17 08:50:50.16393+00
13923398,7750.0,8.955577146281511,Kia,Ray,2012,14,100000.0,1,2000.0,1,Petrol,Automatic,Green,used,1,Mass_Market,Phnom Penh,Tier_1,individual,7750.0,0.0,0,0.0,0,0.0,0.0,0,1,2026-08-24 10:11:10.067884+00
13775364,8200.0,9.012011377036412,Kia,Ray,2012,14,100000.0,1,2000.0,1,Petrol,Automatic,Unknown,used,0,Mass_Market,Phnom Penh,Tier_1,store,8200.0,0.0,0,0.0,0,40.7,0.0,0,0,2026-08-26 03:03:05.023574+00
13936531,9500.0,9.15915233520675,Kia,Ray,2012,14,100000.0,1,2000.0,1,Petrol,Automatic,White,used,0,Mass_Market,Phnom Penh,Tier_1,store,9500.0,0.0,0,0.0,0,0.0,0.0,0,0,2026-08-27 12:07:02.809554+00
13918663,8000.0,8.987321812850125,Kia,Ray,2012,14,100000.0,1,2000.0,1,Petrol,Automatic,Silver,used,0,Mass_Market,Phnom Penh,Tier_1,store,8000.0,0.0,0,0.0,0,4.0,0.0,0,0,2026-08-27 12:16:48.4041+00
13780531,8900.0,9.093918908958932,Kia,Ray,2012,14,100000.0,1,2000.0,1,Petrol,Automatic,Purple,used,0,Mass_Market,Phnom Penh,Tier_1,store,8900.0,0.0,0,0.0,0,39.4,0.0,1,0,2026-08-26 03:10:00.801669+00
13929507,7600.0,8.936035096566041,Kia,Ray,2012,14,100000.0,1,2000.0,1,Petrol,Automatic,Unknown,used,1,Mass_Market,Phnom Penh,Tier_1,store,7600.0,0.0,0,0.0,0,0.0,0.0,1,0,2026-08-26 03:02:56.376577+00
13806757,9000.0,9.105090961257085,Kia,Ray,2012,14,100000.0,1,2000.0,1,Petrol,Automatic,Unknown,used,0,Mass_Market,Phnom Penh,Tier_1,store,9000.0,0.0,0,0.0,0,31.8,0.0,0,0,2026-08-25 10:24:44.83344+00
13709697,8600.0,9.059633754551479,Kia,Ray,2012,14,100000.0,1,2000.0,1,Petrol,Automatic,White,used,0,Mass_Market,Phnom Penh,Tier_1,store,8600.0,0.0,0,0.0,0,56.7,0.0,0,0,2026-08-25 10:15:13.812408+00
13485600,9300.0,9.137877200242468,Kia,Ray,2012,14,100000.0,1,2000.0,1,Petrol,Automatic,Other,used,0,Mass_Market,Phnom Penh,Tier_1,store,9300.0,0.0,0,0.0,0,112.6,0.0,1,0,2026-08-27 12:10:07.597254+00
13736898,8400.0,9.036106025364846,Kia,Ray,2012,14,100000.0,1,2000.0,1,Petrol,Automatic,Blue,used,0,Mass_Market,Phnom Penh,Tier_1,store,8400.0,0.0,0,0.0,0,43.4,0.0,0,0,2026-08-19 02:48:19.538008+00
13696369,8900.0,9.093918908958932,Kia,Ray,2012,14,100000.0,1,2000.0,1,Petrol,Automatic,Other,used,1,Mass_Market,Kampong Speu,Tier_3,individual,8900.0,0.0,0,0.0,0,60.7,0.0,0,0,2026-08-26 03:02:26.363558+00
13645872,8350.0,9.03013657115323,Kia,Ray,2012,14,100000.0,1,2000.0,1,Petrol,Automatic,Unknown,used,0,Mass_Market,Phnom Penh,Tier_1,individual,8350.0,0.0,0,0.0,0,68.7,0.0,0,0,2026-08-22 02:44:46.733451+00
13609296,8650.0,9.065430200180375,Kia,Ray,2012,14,100000.0,1,2000.0,1,Petrol,Automatic,Grey,used,1,Mass_Market,Phnom Penh,Tier_1,individual,8650.0,0.0,0,0.0,0,77.7,0.0,0,0,2026-08-22 02:45:00.824233+00
13511136,19900.0,9.898525260706313,Kia,Ray,2023,3,100000.0,1,2000.0,1,Petrol,Automatic,White,used,0,Mass_Market,Phnom Penh,Tier_1,store,19900.0,0.0,0,0.0,0,104.0,0.0,1,0,2026-08-25 10:24:55.669717+00
13800343,22900.0,10.038935856711177,VENUCIA,STAR,2023,3,100000.0,1,2000.0,1,Hybrid,Automatic,White,used,1,Other,Phnom Penh,Tier_1,store,22900.0,0.0,0,0.0,0,35.5,0.0,0,0,2026-08-27 12:11:29.614545+00
13929442,8100.0,8.999742789830492,Toyota,Scion,2006,20,100000.0,1,2000.0,1,Petrol,Automatic,White,used,1,Mass_Market,Phnom Penh,Tier_1,individual,8100.0,0.0,0,0.0,0,0.0,0.0,0,0,2026-08-26 03:06:14.491188+00
13486817,7900.0,8.974744612722734,Toyota,Scion,2006,20,100000.0,1,2000.0,1,Petrol,Automatic,White,used,1,Mass_Market,Phnom Penh,Tier_1,store,7900.0,0.0,0,0.0,0,104.9,0.0,0,0,2026-08-20 08:37:51.426558+00
13716504,7900.0,8.974744612722734,Toyota,Scion,2006,20,100000.0,1,2000.0,1,Petrol,Automatic,White,used,1,Mass_Market,Phnom Penh,Tier_1,individual,7900.0,0.0,0,0.0,0,50.6,0.0,0,0,2026-08-21 02:53:23.578988+00
13913424,6950.0,8.846640813100485,Toyota,Scion,2006,20,100000.0,1,2000.0,1,Petrol,Automatic,White,used,1,Mass_Market,Battambang,Tier_2,individual,6950.0,0.0,0,0.0,0,5.6,0.0,0,0,2026-08-27 12:17:58.303345+00
13881234,7400.0,8.909370405197466,Toyota,Scion,2006,20,100000.0,1,2000.0,1,Petrol,Automatic,Red,used,1,Mass_Market,Phnom Penh,Tier_1,individual,7400.0,0.0,0,0.0,0,9.7,0.0,0,0,2026-08-23 02:53:08.833021+00
13862207,7300.0,8.895766604056085,Toyota,Scion,2005,21,100000.0,1,2000.0,1,Petrol,Automatic,White,used,1,Mass_Market,Phnom Penh,Tier_1,store,7300.0,0.0,0,0.0,0,19.1,0.0,0,0,2026-08-27 12:19:46.447063+00
13564473,12500.0,9.433563920090563,Toyota,Scion,2008,18,100000.0,1,2000.0,1,Petrol,Automatic,White,used,1,Mass_Market,Phnom Penh,Tier_1,store,12500.0,0.0,0,0.0,0,84.8,0.0,0,0,2026-08-18 10:19:06.254511+00
13922411,5800.0,8.665785595466064,Toyota,Scion,2004,22,100000.0,1,2000.0,1,Petrol,Automatic,Unknown,used,0,Mass_Market,Phnom Penh,Tier_1,store,5800.0,0.0,0,0.0,0,0.9,0.0,0,0,2026-08-25 10:27:37.559329+00
13936186,5000.0,8.517393171418904,Toyota,Scion,2005,21,100000.0,1,2000.0,1,Petrol,Automatic,Grey,used,1,Mass_Market,Phnom Penh,Tier_1,individual,5000.0,0.0,0,0.0,0,0.0,0.0,0,0,2026-08-27 12:13:23.343094+00
13250632,8199.0,9.011889433252344,Toyota,Scion,2005,21,100000.0,1,2000.0,1,Petrol,Automatic,White,used,1,Mass_Market,Phnom Penh,Tier_1,individual,8199.0,0.0,0,0.0,0,167.2,0.0,0,0,2026-08-19 02:48:11.442436+00
13896673,6800.0,8.824824939175638,Toyota,Scion,2004,22,100000.0,1,2000.0,1,Petrol,Automatic,Silver,used,1,Mass_Market,Phnom Penh,Tier_1,individual,6800.0,0.0,0,0.0,0,7.9,0.0,0,0,2026-08-25 10:18:20.554463+00
13926555,5800.0,8.665785595466064,Toyota,Scion,2004,22,100000.0,1,2000.0,1,Petrol,Automatic,Unknown,used,0,Mass_Market,Phnom Penh,Tier_1,store,5800.0,0.0,0,0.0,0,0.0,0.0,0,0,2026-08-25 10:27:26.192667+00
13846394,6300.0,8.748463629942055,Toyota,Scion,2005,21,100000.0,1,2000.0,1,Petrol,Automatic,White,used,1,Mass_Market,Phnom Penh,Tier_1,individual,6500.0,200.0,1,0.0,0,21.0,0.0,0,1,2026-08-25 10:23:57.208329+00
13688703,5500.0,8.612685172875459,Chevrolet,Spark,2014,12,100000.0,1,2000.0,1,Petrol,Automatic,Silver,used,1,Mass_Market,Phnom Penh,Tier_1,individual,5500.0,0.0,0,0.0,0,57.5,0.0,0,0,2026-08-21 02:53:09.878774+00
13592505,6950.0,8.846640813100485,Chevrolet,Spark,2012,14,100000.0,1,2000.0,1,Petrol,Automatic,Red,used,0,Mass_Market,Phnom Penh,Tier_1,store,6950.0,0.0,0,0.0,0,85.0,0.0,0,0,2026-08-25 10:28:36.685505+00
13927419,16500.0,9.711176264112805,Hyundai,Starex,2012,14,100000.0,1,2000.0,1,Diesel,Automatic,Black,used,0,Mass_Market,Phnom Penh,Tier_1,store,16500.0,0.0,0,0.0,0,0.0,0.0,0,0,2026-08-25 10:18:01.589468+00
13899990,3600.0,8.188966863648876,Hyundai,Starex,2001,25,100000.0,1,2000.0,1,Diesel,Automatic,White,used,1,Mass_Market,Phnom Penh,Tier_1,store,3600.0,0.0,0,0.0,0,9.0,0.0,0,0,2026-08-27 12:10:33.15099+00
13894707,3600.0,8.188966863648876,Hyundai,Starex,2001,25,100000.0,1,2000.0,1,Diesel,Automatic,Gold,used,1,Mass_Market,Phnom Penh,Tier_1,store,3600.0,0.0,0,0.0,0,8.8,0.0,0,0,2026-08-26 03:08:44.204154+00
13904188,28999.0,10.275051108968611,Hyundai,Starex,2024,2,100000.0,1,2000.0,1,Petrol,Automatic,Unknown,used,1,Mass_Market,Phnom Penh,Tier_1,individual,28999.0,0.0,0,0.0,0,4.9,0.0,0,0,2026-08-24 10:11:02.979131+00
13602703,2500.0,7.824445930877619,Hyundai,Starex,2005,21,100000.0,1,2000.0,1,Petrol,Automatic,Silver,used,1,Mass_Market,Phnom Penh,Tier_1,store,2500.0,0.0,0,0.0,0,84.9,0.0,0,0,2026-08-27 12:14:12.844321+00
13936262,11800.0,9.375939552625749,Hyundai,Starex,2014,12,100000.0,1,2000.0,1,Diesel,Automatic,Silver,used,1,Mass_Market,Phnom Penh,Tier_1,individual,11800.0,0.0,0,0.0,0,0.0,0.0,0,0,2026-08-27 12:12:27.505878+00
13775309,13300.0,9.495594499353297,Hyundai,Starex,2012,14,100000.0,1,2000.0,1,Petrol,Automatic,Unknown,used,0,Mass_Market,Phnom Penh,Tier_1,store,13300.0,0.0,0,0.0,0,40.7,0.0,0,0,2026-08-26 03:03:01.038481+00
13749641,13000.0,9.472781556562168,Hyundai,Starex,2012,14,100000.0,1,2000.0,1,Diesel,Automatic,White,used,1,Mass_Market,Phnom Penh,Tier_1,individual,13500.0,500.0,1,0.0,0,46.7,0.0,0,1,2026-08-25 10:23:36.556886+00
13543908,11700.0,9.367429587218957,Hyundai,Starex,2012,14,100000.0,1,2000.0,1,Petrol,Automatic,Black,used,1,Mass_Market,Phnom Penh,Tier_1,store,11700.0,0.0,0,0.0,0,98.9,0.0,0,0,2026-08-27 12:14:27.094833+00
13898308,12300.0,9.417435838868785,Hyundai,Starex,2012,14,100000.0,1,2000.0,1,Diesel,Automatic,White,used,1,Mass_Market,Phnom Penh,Tier_1,store,12300.0,0.0,0,0.0,0,0.5,0.0,0,0,2026-08-18 10:18:56.72048+00
13917747,9800.0,9.19023970026918,Hyundai,Starex,2012,14,100000.0,1,2000.0,1,Petrol,Automatic,Grey,used,1,Mass_Market,Phnom Penh,Tier_1,individual,9800.0,0.0,0,0.0,0,1.0,0.0,0,0,2026-08-24 10:11:14.109778+00
13869142,11900.0,9.38437770918244,Hyundai,Starex,2011,15,100000.0,1,2000.0,1,Diesel,Automatic,Black,used,1,Mass_Market,Phnom Penh,Tier_1,store,11900.0,0.0,0,0.0,0,15.7,0.0,0,0,2026-08-26 03:08:44.867259+00
13332986,12500.0,9.433563920090563,Hyundai,Starex,2011,15,100000.0,1,2000.0,1,Diesel,Automatic,Black,used,1,Mass_Market,Phnom Penh,Tier_1,store,12500.0,0.0,0,0.0,0,155.1,0.0,0,0,2026-08-27 12:15:20.53765+00
13648044,25500.0,10.146472946063877,Hyundai,Starex,2019,7,100000.0,1,2000.0,1,Diesel,Automatic,Gold,used,1,Mass_Market,Koh Kong,Tier_3,individual,25500.0,0.0,0,0.0,0,72.4,0.0,0,0,2026-08-26 02:57:18.684231+00
13867504,3600.0,8.188966863648876,Hyundai,Starex,2002,24,100000.0,1,2000.0,1,Diesel,Automatic,Silver,used,1,Mass_Market,Phnom Penh,Tier_1,store,3600.0,0.0,0,0.0,0,14.7,0.0,0,0,2026-08-24 10:11:10.067884+00
13624998,12300.0,9.417435838868785,Hyundai,Starex,2010,16,100000.0,1,2000.0,1,Petrol,Automatic,Silver,used,1,Mass_Market,Phnom Penh,Tier_1,individual,12300.0,0.0,0,0.0,0,72.7,0.0,0,0,2026-08-21 02:53:18.610215+00
13876992,10500.0,9.259225769705994,Hyundai,Starex,2010,16,100000.0,1,2000.0,1,Diesel,Automatic,Black,used,1,Mass_Market,Phnom Penh,Tier_1,store,10500.0,0.0,0,0.0,0,13.7,0.0,0,0,2026-08-26 03:07:49.74284+00
13927930,9500.0,9.15915233520675,Hyundai,Starex,2008,18,100000.0,1,2000.0,1,Diesel,Automatic,White,used,1,Mass_Market,Kampong Speu,Tier_3,individual,9500.0,0.0,0,0.0,0,0.0,0.0,0,1,2026-08-25 10:13:31.858268+00
13923498,6499.0,8.779557455883728,Hyundai,Starex,2007,19,100000.0,1,2000.0,1,Diesel,Automatic,Grey,used,1,Mass_Market,Phnom Penh,Tier_1,individual,6499.0,0.0,0,0.0,0,0.0,0.0,0,0,2026-08-24 10:11:05.982263+00
13626911,8500.0,9.04793908261736,Hyundai,Starex,2009,17,100000.0,1,2000.0,1,Diesel,Automatic,White,used,1,Mass_Market,Kandal,Tier_2,individual,8500.0,0.0,0,0.0,0,76.8,0.0,0,0,2026-08-25 10:23:00.474559+00
13571450,10900.0,9.296609807128359,Hyundai,Starex,2009,17,100000.0,1,2000.0,1,Diesel,Automatic,Silver,used,1,Mass_Market,Phnom Penh,Tier_1,store,10900.0,0.0,0,0.0,0,90.8,0.0,1,0,2026-08-26 03:07:32.427328+00
13914883,11600.0,9.358846580275406,Hyundai,Starex,2008,18,100000.0,1,2000.0,1,Diesel,Automatic,White,used,1,Mass_Market,Phnom Penh,Tier_1,individual,11600.0,0.0,0,0.0,0,2.9,0.0,0,0,2026-08-25 10:17:13.830228+00
13623768,18100.0,9.803722464346553,Hyundai,Starex H1,2019,7,100000.0,1,2000.0,1,Diesel,Automatic,White,used,1,Mass_Market,Phnom Penh,Tier_1,individual,18300.0,200.0,1,0.0,0,79.7,0.0,0,0,2026-08-27 12:10:19.229122+00
13608999,22000.0,9.99884318585288,Hyundai,Starex H1,2020,6,100000.0,1,2000.0,1,Diesel,Automatic,Black,used,1,Mass_Market,Phnom Penh,Tier_1,individual,22000.0,0.0,0,0.0,0,81.1,0.0,1,0,2026-08-25 10:26:35.413585+00
13760194,23000.0,10.043292972227004,Hyundai,Starex H1,2020,6,100000.0,1,2000.0,1,Diesel,Manual,Black,used,1,Mass_Market,Phnom Penh,Tier_1,individual,23000.0,0.0,0,0.0,0,43.9,0.0,0,0,2026-08-25 10:20:38.218106+00
13422337,14900.0,9.60918360377546,Suzuki,Swift,2020,6,100000.0,1,2000.0,1,Petrol,Automatic,White,used,1,Mass_Market,Phnom Penh,Tier_1,store,14900.0,0.0,0,0.0,0,126.6,0.0,0,0,2026-08-26 02:59:13.999568+00
13575445,32000.0,10.373522431293592,Nissan,Terra,2019,7,100000.0,1,2000.0,1,Diesel,Automatic,White,used,1,Mass_Market,Phnom Penh,Tier_1,individual,32000.0,0.0,0,0.0,0,89.8,0.0,0,0,2026-08-26 03:04:01.651504+00
13828559,26500.0,10.184937747111391,Nissan,Terra,2019,7,100000.0,1,2000.0,1,Diesel,Automatic,Other,used,1,Mass_Market,Phnom Penh,Tier_1,store,26500.0,0.0,0,0.0,0,17.8,0.0,0,0,2026-08-17 08:51:02.645676+00
13887900,25000.0,10.12667110305036,SsangYong,Torres,2023,3,100000.0,1,2000.0,1,Petrol,Automatic,Grey,used,1,Other,Phnom Penh,Tier_1,individual,25000.0,0.0,0,0.0,0,2.4,0.0,0,0,2026-08-17 08:50:59.838451+00
13696329,25800.0,10.158168529848494,SsangYong,Torres,2023,3,100000.0,1,2000.0,1,Petrol,Automatic,Other,used,1,Other,Kampong Speu,Tier_3,individual,25800.0,0.0,0,0.0,0,60.7,0.0,0,0,2026-08-26 03:02:25.399431+00
13827768,18000.0,9.798182590890704,Hyundai,Tourism - ទូរីស,2019,7,100000.0,1,2000.0,1,Diesel,Automatic,Black,used,1,Mass_Market,Kandal,Tier_2,individual,19990.0,1990.0,1,0.0,0,26.0,0.0,0,0,2026-08-25 10:18:59.502196+00
13907292,8415.0,9.03788993497749,Hyundai,Tourism - ទូរីស,2008,18,100000.0,1,2000.0,1,Diesel,Automatic,Silver,used,1,Mass_Market,Kampong Speu,Tier_3,individual,8415.0,0.0,0,0.0,0,1.7,0.0,0,0,2026-08-22 02:44:54.349543+00
13362073,11800.0,9.375939552625749,Hyundai,Tourism - ទូរីស,2008,18,100000.0,1,2000.0,1,Diesel,Automatic,Silver,used,1,Mass_Market,Kandal,Tier_2,individual,11800.0,0.0,0,0.0,0,146.4,0.0,0,1,2026-08-26 02:58:29.838476+00
13695636,36000.0,10.491301994830229,Dodge,Viper RT/10,2016,10,100000.0,1,2000.0,1,Petrol,Automatic,Blue,used,1,Mass_Market,Phnom Penh,Tier_1,store,36000.0,0.0,0,0.0,0,62.2,0.0,0,0,2026-08-27 12:09:00.174955+00
13787666,18000.0,9.798182590890704,BMW,X4,2016,10,100000.0,1,2000.0,1,Petrol,Automatic,Brown,used,1,Luxury,Phnom Penh,Tier_1,individual,18000.0,0.0,0,0.0,0,37.4,0.0,0,0,2026-08-26 03:06:33.929203+00
13927092,17800.0,9.787009914477434,BMW,X4,2013,13,100000.0,1,2000.0,1,Petrol,Automatic,White,used,1,Luxury,Phnom Penh,Tier_1,store,17800.0,0.0,0,0.0,0,0.0,0.0,0,0,2026-08-25 10:21:15.155066+00
13890571,32500.0,10.389026137075234,Volvo,XC60,2018,8,100000.0,1,2000.0,1,Petrol,Automatic,Grey,used,1,Luxury,Phnom Penh,Tier_1,store,32500.0,0.0,0,0.0,0,11.7,0.0,0,1,2026-08-27 12:08:17.695011+00
13870407,46666.0,10.750792555754964,BYD,XIA,2025,1,100000.0,1,2000.0,1,Hybrid,Automatic,Black,used,1,Chinese_EV,Phnom Penh,Tier_1,store,46666.0,0.0,0,0.0,0,10.5,0.0,1,0,2026-08-21 02:53:22.429137+00
13672544,55000.0,10.915106645867503,BYD,XIA,2025,1,100000.0,1,2000.0,1,Hybrid,Automatic,Black,new,1,Chinese_EV,Phnom Penh,Tier_1,individual,55000.0,0.0,0,0.0,0,65.8,0.0,1,0,2026-08-25 10:24:48.005106+00
13799403,52800.0,10.874285408908944,BYD,XIA,2025,1,100000.0,1,2000.0,1,Hybrid,Automatic,White,used,1,Chinese_EV,Phnom Penh,Tier_1,store,52800.0,0.0,0,0.0,0,35.8,0.0,0,1,2026-08-27 12:13:04.005459+00
13810552,53800.0,10.893047333337728,BYD,XIA,2026,0,100000.0,1,2000.0,1,Hybrid,Automatic,White,used,1,Chinese_EV,Phnom Penh,Tier_1,store,53800.0,0.0,0,0.0,0,32.8,0.0,0,0,2026-08-27 12:07:18.883927+00
13784840,51999.0,10.858998997563564,BYD,XIA,2025,1,100000.0,1,2000.0,1,Electric,Automatic,Black,used,1,Chinese_EV,Phnom Penh,Tier_1,individual,51999.0,0.0,0,0.0,0,39.6,0.0,1,0,2026-08-27 12:13:14.331119+00
13842108,53800.0,10.893047333337728,BYD,XIA,2025,1,100000.0,1,2000.0,1,Hybrid,Automatic,Black,used,0,Chinese_EV,Phnom Penh,Tier_1,store,53800.0,0.0,0,0.0,0,24.1,0.0,1,0,2026-08-27 12:14:44.037035+00
13632600,26500.0,10.184937747111391,Mercedes-Benz,C-Class,2016,10,100000.0,1,2000.0,1,Petrol,Automatic,White,used,0,Luxury,Phnom Penh,Tier_1,store,26500.0,0.0,0,0.0,0,76.2,0.0,0,0,2026-08-26 03:03:55.5244+00
13333736,35500.0,10.477316144080852,Mercedes-Benz,C-Class,2016,10,100000.0,1,2000.0,1,Petrol,Automatic,White,used,0,Luxury,Phnom Penh,Tier_1,individual,35500.0,0.0,0,0.0,0,155.0,0.0,1,0,2026-08-27 12:17:53.418781+00
13275050,108000.0,11.58989576532275,Mercedes-Benz,C-Class,2016,10,100000.0,1,2000.0,1,Petrol,Automatic,Black,used,0,Luxury,Phnom Penh,Tier_1,store,108000.0,0.0,0,0.0,0,169.1,0.0,0,0,2026-08-27 12:17:22.542568+00
13783643,24800.0,10.118639253920785,Mercedes-Benz,C-Class,2015,11,100000.0,1,2000.0,1,Petrol,Automatic,Black,used,0,Luxury,Phnom Penh,Tier_1,store,24800.0,0.0,0,0.0,0,39.9,0.0,0,0,2026-08-27 12:12:25.84252+00
13769046,11800.0,9.375939552625749,Mercedes-Benz,C-Class,2012,14,100000.0,1,2000.0,1,Diesel,Automatic,Grey,used,1,Luxury,Phnom Penh,Tier_1,individual,11800.0,0.0,0,0.0,0,43.9,0.0,0,0,2026-08-27 12:14:51.189036+00
13465603,24000.0,10.085850775128717,Mercedes-Benz,CLA AMG 45,2014,12,100000.0,1,2000.0,1,Petrol,Automatic,White,used,1,Luxury,Phnom Penh,Tier_1,store,24000.0,0.0,0,0.0,0,117.8,0.0,0,0,2026-08-27 12:17:16.308718+00
13842617,29900.0,10.305647203635566,Mercedes-Benz,CLA AMG 45,2015,11,100000.0,1,2000.0,1,Petrol,Automatic,Black,used,0,Luxury,Phnom Penh,Tier_1,store,29900.0,0.0,0,0.0,0,24.0,0.0,0,0,2026-08-27 12:07:48.397581+00
13820954,4000.0,8.294299608857235,Honda,CR-V,1997,29,100000.0,1,2000.0,1,Petrol,Automatic,Silver,used,1,Mass_Market,Preah Sihanouk,Tier_2,individual,4000.0,0.0,0,0.0,0,28.6,0.0,0,1,2026-08-26 03:08:35.208908+00
13732032,3800.0,8.24301946898925,Honda,CR-V,1997,29,100000.0,1,2000.0,1,Petrol,Automatic,Silver,used,1,Mass_Market,Phnom Penh,Tier_1,store,3800.0,0.0,0,0.0,0,52.9,0.0,0,0,2026-08-27 12:16:46.713919+00
13723650,3950.0,8.281723990411392,Honda,CR-V,1997,29,100000.0,1,2000.0,1,Petrol,Automatic,Green,used,1,Mass_Market,Phnom Penh,Tier_1,store,3950.0,0.0,0,0.0,0,53.7,0.0,0,0,2026-08-26 03:07:17.550425+00
13619699,4500.0,8.412054873292933,Honda,CR-V,1997,29,100000.0,1,2000.0,1,Petrol,Automatic,Green,used,1,Mass_Market,Battambang,Tier_2,individual,4500.0,0.0,0,0.0,0,79.2,0.0,0,0,2026-08-26 02:55:51.540623+00
13736912,3600.0,8.188966863648876,Honda,CR-V,1997,29,100000.0,1,2000.0,1,Petrol,Automatic,Silver,used,1,Mass_Market,Phnom Penh,Tier_1,individual,3600.0,0.0,0,0.0,0,49.7,0.0,0,1,2026-08-25 10:25:20.184277+00
13936137,4200.0,8.343077871169383,Honda,CR-V,1998,28,100000.0,1,2000.0,1,Petrol,Automatic,Green,used,1,Mass_Market,Phnom Penh,Tier_1,store,4200.0,0.0,0,0.0,0,0.0,0.0,0,1,2026-08-27 12:13:57.712665+00
13688023,5700.0,8.648396877031582,Honda,CR-V,1998,28,100000.0,1,2000.0,1,Diesel,Automatic,Silver,used,1,Mass_Market,Ratanakiri,Tier_3,individual,5700.0,0.0,0,0.0,0,56.8,0.0,0,0,2026-08-20 08:37:23.595341+00
13860566,19500.0,9.87822102528824,Honda,CR-V,2019,7,100000.0,1,2000.0,1,Petrol,Automatic,White,used,1,Mass_Market,Phnom Penh,Tier_1,individual,19500.0,0.0,0,0.0,0,17.7,0.0,0,0,2026-08-25 10:28:33.170367+00
13882748,4500.0,8.412054873292933,Honda,CR-V,1998,28,100000.0,1,2000.0,1,Petrol,Automatic,Silver,used,1,Mass_Market,Phnom Penh,Tier_1,store,4500.0,0.0,0,0.0,0,12.5,0.0,0,0,2026-08-26 02:55:57.961295+00
13625346,4550.0,8.423102268016642,Honda,CR-V,1999,27,100000.0,1,2000.0,1,Petrol,Automatic,Silver,used,1,Mass_Market,Phnom Penh,Tier_1,individual,4550.0,0.0,0,0.0,0,71.9,0.0,0,0,2026-08-20 08:37:29.395713+00
13391027,4700.0,8.45553053102413,Honda,CR-V,1999,27,100000.0,1,2000.0,1,Petrol,Automatic,Silver,used,1,Mass_Market,Phnom Penh,Tier_1,individual,4700.0,0.0,0,0.0,0,138.8,0.0,0,0,2026-08-26 03:06:59.799904+00
13929821,3700.0,8.216358332386156,Honda,CR-V,1999,27,100000.0,1,2000.0,1,Petrol,Automatic,Green,used,1,Mass_Market,Kandal,Tier_2,individual,3700.0,0.0,0,0.0,0,1.1,0.0,0,0,2026-08-27 12:20:00.513663+00
13559197,7700.0,8.94910546953925,Honda,CR-V,2003,23,100000.0,1,2000.0,1,Petrol,Automatic,Silver,used,1,Mass_Market,Phnom Penh,Tier_1,store,7700.0,0.0,0,0.0,0,92.0,0.0,0,0,2026-08-24 10:11:22.330978+00
13271384,7600.0,8.936035096566041,Honda,CR-V,2001,25,100000.0,1,2000.0,1,Petrol,Automatic,Black,used,1,Mass_Market,Phnom Penh,Tier_1,individual,7600.0,0.0,0,0.0,0,167.9,0.0,0,0,2026-08-25 10:21:53.282076+00
13919004,5750.0,8.657129031713755,Honda,CR-V,2000,26,100000.0,1,2000.0,1,Petrol,Automatic,White,used,1,Mass_Market,Phnom Penh,Tier_1,individual,5750.0,0.0,0,0.0,0,0.8,0.0,0,0,2026-08-24 10:11:05.987656+00
13880593,5300.0,8.575650760987806,Honda,CR-V,2000,26,100000.0,1,2000.0,1,Petrol,Automatic,Silver,used,1,Mass_Market,Phnom Penh,Tier_1,store,5300.0,0.0,0,0.0,0,9.8,0.0,0,0,2026-08-23 02:52:50.506526+00
13929595,4800.0,8.476579508530941,Honda,CR-V,2000,26,100000.0,1,2000.0,1,Petrol,Automatic,Black,used,1,Mass_Market,Siem Reap,Tier_2,individual,4800.0,0.0,0,0.0,0,0.0,0.0,0,0,2026-08-26 03:00:32.65479+00
13929483,6900.0,8.839421607620602,Honda,CR-V,2002,24,100000.0,1,2000.0,1,Petrol,Automatic,Silver,used,1,Mass_Market,Phnom Penh,Tier_1,individual,6900.0,0.0,0,0.0,0,0.0,0.0,0,0,2026-08-26 03:04:14.446645+00
13883536,5700.0,8.648396877031582,Honda,CR-V,2002,24,100000.0,1,2000.0,1,Petrol,Automatic,Silver,used,1,Mass_Market,Phnom Penh,Tier_1,individual,5700.0,0.0,0,0.0,0,6.5,0.0,0,0,2026-08-20 08:37:23.596581+00
13919442,7700.0,8.94910546953925,Honda,CR-V,2003,23,100000.0,1,2000.0,1,Petrol,Automatic,Silver,used,1,Mass_Market,Phnom Penh,Tier_1,store,7700.0,0.0,0,0.0,0,0.7,0.0,0,0,2026-08-24 10:11:05.987656+00
13916136,36500.0,10.505094936455558,Mazda,CX-60,2025,1,100000.0,1,2000.0,1,Hybrid,Automatic,Grey,used,1,Mass_Market,Phnom Penh,Tier_1,store,36500.0,0.0,0,0.0,0,4.7,0.0,0,0,2026-08-27 12:05:46.349962+00
13920643,43000.0,10.668978650219241,Mazda,CX-60,2024,2,100000.0,1,2000.0,1,Petrol,Automatic,Black,used,1,Mass_Market,Phnom Penh,Tier_1,store,43000.0,0.0,0,0.0,0,3.2,0.0,1,0,2026-08-27 12:18:31.913772+00
13543009,38800.0,10.566201298475118,Mazda,CX-60,2024,2,100000.0,1,2000.0,1,Petrol,Automatic,Black,used,1,Mass_Market,Phnom Penh,Tier_1,store,38800.0,0.0,0,0.0,0,90.6,0.0,0,0,2026-08-19 02:48:03.343317+00
13496455,43000.0,10.668978650219241,Mazda,CX-60,2025,1,100000.0,1,2000.0,1,Petrol,Automatic,Grey,used,1,Mass_Market,Phnom Penh,Tier_1,store,43000.0,0.0,0,0.0,0,103.6,0.0,1,0,2026-08-21 02:53:21.102101+00
13926502,35000.0,10.463131911491967,Mazda,CX-9,2022,4,100000.0,1,2000.0,1,Petrol,Automatic,White,used,1,Mass_Market,Phnom Penh,Tier_1,individual,35000.0,0.0,0,0.0,0,2.0,0.0,0,0,2026-08-27 12:05:46.943572+00
13867726,37900.0,10.542732775946709,Mazda,CX-9,2024,2,100000.0,1,2000.0,1,Petrol,Automatic,White,used,1,Mass_Market,Phnom Penh,Tier_1,store,37900.0,0.0,0,0.0,0,17.7,0.0,0,0,2026-08-27 12:11:32.14654+00
13637331,37900.0,10.542732775946709,Mazda,CX-9,2024,2,100000.0,1,2000.0,1,Petrol,Automatic,White,used,1,Mass_Market,Phnom Penh,Tier_1,store,37900.0,0.0,0,0.0,0,76.5,0.0,0,1,2026-08-27 12:11:33.299106+00
13922086,26500.0,10.184937747111391,Mazda,CX-9,2019,7,100000.0,1,2000.0,1,Petrol,Automatic,White,used,1,Mass_Market,Phnom Penh,Tier_1,individual,26500.0,0.0,0,0.0,0,0.9,0.0,1,0,2026-08-25 10:16:59.993329+00
13890065,25000.0,10.12667110305036,Mazda,CX-9,2018,8,100000.0,1,2000.0,1,Petrol,Automatic,Other,used,1,Mass_Market,Phnom Penh,Tier_1,individual,25000.0,0.0,0,0.0,0,10.5,0.0,1,0,2026-08-26 03:04:28.65521+00
13896563,12500.0,9.433563920090563,Kia,Carens,2014,12,100000.0,1,2000.0,1,Petrol,Automatic,White,used,1,Mass_Market,Phnom Penh,Tier_1,store,12500.0,0.0,0,0.0,0,10.0,0.0,0,0,2026-08-27 12:17:07.735527+00
13842141,16800.0,9.729193687429403,Kia,Carnival,2019,7,100000.0,1,2000.0,1,Petrol,Automatic,White,used,1,Mass_Market,Phnom Penh,Tier_1,store,16800.0,0.0,0,0.0,0,24.1,0.0,0,0,2026-08-27 12:14:45.703459+00
13204269,24000.0,10.085850775128717,Kia,Carnival,2020,6,100000.0,1,2000.0,1,Petrol,Automatic,Unknown,used,1,Mass_Market,Phnom Penh,Tier_1,store,24000.0,0.0,0,0.0,0,178.0,0.0,0,0,2026-08-18 10:19:02.521185+00
13924098,17800.0,9.787009914477434,Kia,Carnival,2016,10,100000.0,1,2000.0,1,Diesel,Automatic,Grey,used,0,Mass_Market,Phnom Penh,Tier_1,store,17800.0,0.0,0,0.0,0,0.6,0.0,1,0,2026-08-25 10:16:46.768492+00
13915847,15300.0,9.635673464721814,Kia,Carnival,2015,11,100000.0,1,2000.0,1,Diesel,Automatic,White,used,1,Mass_Market,Phnom Penh,Tier_1,store,15300.0,0.0,0,0.0,0,2.8,0.0,0,0,2026-08-25 10:17:35.833517+00
13882836,15800.0,9.6678285081515,Kia,Carnival,2016,10,100000.0,1,2000.0,1,Petrol,Automatic,Silver,used,1,Mass_Market,Phnom Penh,Tier_1,store,15800.0,0.0,0,0.0,0,9.5,0.0,0,0,2026-08-23 02:52:45.525334+00
13882429,7500.0,8.922791623969637,Kia,Carnival,2007,19,100000.0,1,2000.0,1,Diesel,Automatic,White,used,0,Mass_Market,Kandal,Tier_2,individual,7500.0,0.0,0,0.0,0,6.8,0.0,0,0,2026-08-20 08:37:27.813164+00
13926172,17700.0,9.781376414141157,Kia,Carnival,2016,10,100000.0,1,2000.0,1,Diesel,Automatic,Grey,used,0,Mass_Market,Phnom Penh,Tier_1,store,17700.0,0.0,0,0.0,0,0.6,0.0,0,0,2026-08-26 03:04:07.933776+00
13709516,40400.0,10.606609816118151,Kia,Carnival,2025,1,100000.0,1,2000.0,1,Petrol,Automatic,Brown,used,1,Mass_Market,Phnom Penh,Tier_1,individual,40400.0,0.0,0,0.0,0,50.4,0.0,0,0,2026-08-19 02:48:20.915227+00
13935536,44800.0,10.709985739582528,Kia,Carnival,2025,1,100000.0,1,2000.0,1,Petrol,Automatic,Grey,used,1,Mass_Market,Phnom Penh,Tier_1,store,44800.0,0.0,0,0.0,0,0.0,0.0,1,0,2026-08-27 12:18:26.431744+00
13840559,44800.0,10.709985739582528,Kia,Carnival,2025,1,100000.0,1,2000.0,1,Petrol,Automatic,Unknown,used,1,Mass_Market,Phnom Penh,Tier_1,store,44800.0,0.0,0,0.0,0,20.3,0.0,0,0,2026-08-23 02:53:15.728756+00
13549104,39500.0,10.584081267024454,Kia,Carnival,2022,4,100000.0,1,2000.0,1,Petrol,Automatic,Black,used,0,Mass_Market,Phnom Penh,Tier_1,store,39500.0,0.0,0,0.0,0,97.8,0.0,1,0,2026-08-27 12:15:30.982332+00
13368973,33000.0,10.404293143019792,Kia,Carnival,2021,5,100000.0,1,2000.0,1,Petrol,Automatic,Black,used,1,Mass_Market,Kandal,Tier_2,individual,35000.0,2000.0,1,0.0,0,143.9,0.0,0,0,2026-08-25 10:14:39.707735+00
13780468,32500.0,10.389026137075234,Kia,Carnival,2021,5,100000.0,1,2000.0,1,Diesel,Automatic,Black,used,0,Mass_Market,Phnom Penh,Tier_1,store,32500.0,0.0,0,0.0,0,39.5,0.0,0,0,2026-08-26 03:10:01.518668+00
13595957,19900.0,9.898525260706313,Kia,Carnival,2015,11,100000.0,1,2000.0,1,Diesel,Automatic,White,used,0,Mass_Market,Phnom Penh,Tier_1,store,19900.0,0.0,0,0.0,0,86.1,0.0,1,0,2026-08-27 12:15:26.029145+00
13916427,16800.0,9.729193687429403,Kia,Carnival,2017,9,100000.0,1,2000.0,1,Petrol,Automatic,White,used,1,Mass_Market,Phnom Penh,Tier_1,store,16800.0,0.0,0,0.0,0,0.3,0.0,0,0,2026-08-23 02:52:51.988045+00
13926107,21900.0,9.994287576862567,Kia,Carnival,2015,11,100000.0,1,2000.0,1,Diesel,Automatic,White,used,0,Mass_Market,Phnom Penh,Tier_1,store,21900.0,0.0,0,0.0,0,0.6,0.0,1,0,2026-08-26 03:04:09.288157+00
13390258,19500.0,9.87822102528824,Kia,Carnival,2015,11,100000.0,1,2000.0,1,Diesel,Automatic,White,used,0,Mass_Market,Phnom Penh,Tier_1,store,19500.0,0.0,0,0.0,0,140.7,0.0,0,0,2026-08-27 12:08:41.40436+00
13926131,18700.0,9.83633227734872,Kia,Carnival,2015,11,100000.0,1,2000.0,1,Diesel,Automatic,White,used,0,Mass_Market,Phnom Penh,Tier_1,store,18700.0,0.0,0,0.0,0,0.6,0.0,0,0,2026-08-26 03:04:06.44385+00
13891564,15700.0,9.661479683575521,Kia,Carnival,2015,11,100000.0,1,2000.0,1,Diesel,Automatic,White,used,0,Mass_Market,Phnom Penh,Tier_1,store,15700.0,0.0,0,0.0,0,9.8,0.0,0,0,2026-08-26 03:07:37.633079+00
13929663,16800.0,9.729193687429403,Kia,Carnival,2015,11,100000.0,1,2000.0,1,Diesel,Automatic,Silver,used,0,Mass_Market,Phnom Penh,Tier_1,store,16800.0,0.0,0,0.0,0,0.0,0.0,0,0,2026-08-26 02:57:11.743181+00
13450430,15800.0,9.6678285081515,Kia,Carnival,2016,10,100000.0,1,2000.0,1,Petrol,Automatic,Silver,used,1,Mass_Market,Phnom Penh,Tier_1,store,15800.0,0.0,0,0.0,0,121.6,0.0,1,0,2026-08-27 12:20:07.365121+00
13913829,17300.0,9.758519582283522,Kia,Carnival,2015,11,100000.0,1,2000.0,1,Petrol,Automatic,Unknown,used,0,Mass_Market,Phnom Penh,Tier_1,store,17300.0,0.0,0,0.0,0,2.1,0.0,0,0,2026-08-24 10:11:17.28536+00
13923332,17700.0,9.781376414141157,Kia,Carnival,2015,11,100000.0,1,2000.0,1,Diesel,Automatic,Silver,used,0,Mass_Market,Phnom Penh,Tier_1,store,17700.0,0.0,0,0.0,0,0.8,0.0,1,0,2026-08-25 10:17:23.334095+00
13590592,19500.0,9.87822102528824,Kia,Carnival,2015,11,100000.0,1,2000.0,1,Diesel,Automatic,White,used,0,Mass_Market,Phnom Penh,Tier_1,store,19500.0,0.0,0,0.0,0,87.7,0.0,0,0,2026-08-27 12:07:15.51943+00
13913834,20900.0,9.94755228369823,Kia,Carnival,2018,8,100000.0,1,2000.0,1,Petrol,Automatic,Unknown,used,0,Mass_Market,Phnom Penh,Tier_1,store,20900.0,0.0,0,0.0,0,2.1,0.0,1,0,2026-08-24 10:11:17.28536+00
13914274,21900.0,9.994287576862567,Kia,Carnival,2015,11,100000.0,1,2000.0,1,Petrol,Automatic,Unknown,used,0,Mass_Market,Phnom Penh,Tier_1,store,21900.0,0.0,0,0.0,0,2.0,0.0,1,0,2026-08-24 10:11:17.28536+00
13923393,19500.0,9.87822102528824,Kia,Carnival,2017,9,100000.0,1,2000.0,1,Petrol,Automatic,Unknown,used,1,Mass_Market,Phnom Penh,Tier_1,store,19500.0,0.0,0,0.0,0,0.0,0.0,1,0,2026-08-24 10:11:11.100588+00
13913815,20500.0,9.928228944424575,Kia,Carnival,2017,9,100000.0,1,2000.0,1,Petrol,Automatic,Unknown,used,0,Mass_Market,Phnom Penh,Tier_1,store,20500.0,0.0,0,0.0,0,2.1,0.0,1,0,2026-08-24 10:11:17.28536+00
13913847,21300.0,9.966509298952284,Kia,Carnival,2017,9,100000.0,1,2000.0,1,Petrol,Automatic,Unknown,used,0,Mass_Market,Phnom Penh,Tier_1,store,21300.0,0.0,0,0.0,0,2.1,0.0,1,0,2026-08-24 10:11:17.28536+00
13843539,16500.0,9.711176264112805,Kia,Carnival,2017,9,100000.0,1,2000.0,1,Diesel,Automatic,White,used,1,Mass_Market,Phnom Penh,Tier_1,individual,16500.0,0.0,0,0.0,0,17.5,0.0,0,0,2026-08-21 02:53:06.0548+00
13925736,20500.0,9.928228944424575,Kia,Carnival,2017,9,100000.0,1,2000.0,1,Diesel,Automatic,Silver,used,0,Mass_Market,Phnom Penh,Tier_1,store,20500.0,0.0,0,0.0,0,0.7,0.0,1,0,2026-08-26 03:04:23.968784+00
13707533,22500.0,10.021315031649332,Kia,Carnival,2017,9,100000.0,1,2000.0,1,Diesel,Automatic,White,used,1,Mass_Market,Phnom Penh,Tier_1,store,22500.0,0.0,0,0.0,0,59.1,0.0,0,0,2026-08-27 12:09:02.362708+00
13721891,20500.0,9.928228944424575,Kia,Carnival,2017,9,100000.0,1,2000.0,1,Diesel,Automatic,Silver,used,0,Mass_Market,Phnom Penh,Tier_1,store,20500.0,0.0,0,0.0,0,53.7,0.0,1,0,2026-08-25 10:28:29.75212+00
13913781,19500.0,9.87822102528824,Kia,Carnival,2017,9,100000.0,1,2000.0,1,Petrol,Automatic,Unknown,used,1,Mass_Market,Phnom Penh,Tier_1,store,19500.0,0.0,0,0.0,0,2.1,0.0,1,0,2026-08-24 10:11:17.28536+00
13913804,19500.0,9.87822102528824,Kia,Carnival,2017,9,100000.0,1,2000.0,1,Petrol,Automatic,Unknown,used,1,Mass_Market,Phnom Penh,Tier_1,store,19500.0,0.0,0,0.0,0,2.1,0.0,1,0,2026-08-24 10:11:17.28536+00
13923354,19500.0,9.87822102528824,Kia,Carnival,2017,9,100000.0,1,2000.0,1,Petrol,Automatic,Unknown,used,1,Mass_Market,Phnom Penh,Tier_1,store,19500.0,0.0,0,0.0,0,0.0,0.0,1,0,2026-08-24 10:11:12.103765+00
13925773,21300.0,9.966509298952284,Kia,Carnival,2017,9,100000.0,1,2000.0,1,Diesel,Automatic,White,used,1,Mass_Market,Phnom Penh,Tier_1,store,21300.0,0.0,0,0.0,0,0.7,0.0,1,0,2026-08-26 03:04:17.144927+00
13923416,20500.0,9.928228944424575,Kia,Carnival,2017,9,100000.0,1,2000.0,1,Diesel,Automatic,Silver,used,0,Mass_Market,Phnom Penh,Tier_1,store,20500.0,0.0,0,0.0,0,0.7,0.0,1,0,2026-08-25 10:17:20.962503+00
13799762,19500.0,9.87822102528824,Kia,Carnival,2017,9,100000.0,1,2000.0,1,Petrol,Automatic,Unknown,used,1,Mass_Market,Phnom Penh,Tier_1,store,19500.0,0.0,0,0.0,0,30.3,0.0,1,0,2026-08-22 02:44:41.416096+00
13925892,21300.0,9.966509298952284,Kia,Carnival,2017,9,100000.0,1,2000.0,1,Diesel,Automatic,White,used,0,Mass_Market,Phnom Penh,Tier_1,store,21300.0,0.0,0,0.0,0,0.7,0.0,1,0,2026-08-26 03:04:05.523666+00
13914004,21300.0,9.966509298952284,Kia,Carnival,2017,9,100000.0,1,2000.0,1,Petrol,Automatic,Unknown,used,0,Mass_Market,Phnom Penh,Tier_1,store,21300.0,0.0,0,0.0,0,0.0,0.0,1,0,2026-08-22 02:44:57.043945+00
13924089,18700.0,9.83633227734872,Kia,Carnival,2015,11,100000.0,1,2000.0,1,Diesel,Automatic,White,used,0,Mass_Market,Phnom Penh,Tier_1,store,18700.0,0.0,0,0.0,0,0.6,0.0,1,0,2026-08-25 10:16:47.576512+00
13894190,15300.0,9.635673464721814,Kia,Carnival,2015,11,100000.0,1,2000.0,1,Diesel,Automatic,White,used,1,Mass_Market,Phnom Penh,Tier_1,store,15300.0,0.0,0,0.0,0,10.6,0.0,0,0,2026-08-27 12:11:10.985678+00
13913795,16800.0,9.729193687429403,Kia,Carnival,2015,11,100000.0,1,2000.0,1,Petrol,Automatic,Unknown,used,0,Mass_Market,Phnom Penh,Tier_1,store,16800.0,0.0,0,0.0,0,2.1,0.0,0,0,2026-08-24 10:11:17.28536+00
13914018,18800.0,9.841665338892785,Kia,Carnival,2015,11,100000.0,1,2000.0,1,Petrol,Automatic,Unknown,used,0,Mass_Market,Phnom Penh,Tier_1,store,18800.0,0.0,0,0.0,0,2.0,0.0,1,0,2026-08-24 10:11:17.28536+00
13515858,15500.0,9.648659816955295,Kia,Carnival,2015,11,100000.0,1,2000.0,1,Petrol,Automatic,Grey,used,1,Mass_Market,Phnom Penh,Tier_1,individual,15500.0,0.0,0,0.0,0,105.1,0.0,0,0,2026-08-27 12:14:24.273365+00
13923433,17700.0,9.781376414141157,Kia,Carnival,2015,11,100000.0,1,2000.0,1,Diesel,Automatic,White,used,0,Mass_Market,Phnom Penh,Tier_1,store,17700.0,0.0,0,0.0,0,0.0,0.0,0,0,2026-08-24 10:11:10.062269+00
13913768,17700.0,9.781376414141157,Kia,Carnival,2015,11,100000.0,1,2000.0,1,Petrol,Automatic,Unknown,used,0,Mass_Market,Phnom Penh,Tier_1,store,17700.0,0.0,0,0.0,0,2.1,0.0,1,0,2026-08-24 10:11:17.28536+00
13923975,19500.0,9.87822102528824,Kia,Carnival,2015,11,100000.0,1,2000.0,1,Diesel,Automatic,White,used,0,Mass_Market,Phnom Penh,Tier_1,store,19500.0,0.0,0,0.0,0,0.6,0.0,0,0,2026-08-25 10:16:46.082146+00
13600197,16300.0,9.69898173460629,Kia,Carnival,2015,11,100000.0,1,2000.0,1,Diesel,Automatic,White,used,0,Mass_Market,Phnom Penh,Tier_1,individual,16300.0,0.0,0,0.0,0,83.1,0.0,0,0,2026-08-25 10:28:43.812941+00
13871132,15900.0,9.674137279312397,Kia,Carnival,2015,11,100000.0,1,2000.0,1,Diesel,Automatic,White,used,1,Mass_Market,Phnom Penh,Tier_1,individual,15900.0,0.0,0,0.0,0,15.4,0.0,0,0,2026-08-26 03:01:18.739987+00
13924078,21300.0,9.966509298952284,Kia,Carnival,2015,11,100000.0,1,2000.0,1,Diesel,Automatic,White,used,0,Mass_Market,Phnom Penh,Tier_1,store,21300.0,0.0,0,0.0,0,0.6,0.0,1,0,2026-08-25 10:16:48.227163+00
13925681,17700.0,9.781376414141157,Kia,Carnival,2015,11,100000.0,1,2000.0,1,Diesel,Automatic,Silver,used,0,Mass_Market,Phnom Penh,Tier_1,store,17700.0,0.0,0,0.0,0,0.7,0.0,1,0,2026-08-26 03:04:29.290439+00
13864631,17800.0,9.787009914477434,Kia,Carnival,2015,11,100000.0,1,2000.0,1,Diesel,Automatic,Silver,used,0,Mass_Market,Phnom Penh,Tier_1,store,17800.0,0.0,0,0.0,0,17.3,0.0,0,0,2026-08-26 02:58:47.127812+00
13697923,15300.0,9.635673464721814,Kia,Carnival,2015,11,100000.0,1,2000.0,1,Diesel,Automatic,White,used,1,Mass_Market,Phnom Penh,Tier_1,store,16900.0,1600.0,1,0.0,0,61.9,0.0,0,0,2026-08-27 12:13:11.557231+00
13890493,19900.0,9.898525260706313,Kia,Carnival,2019,7,100000.0,1,2000.0,1,Diesel,Automatic,White,used,0,Mass_Market,Phnom Penh,Tier_1,individual,19900.0,0.0,0,0.0,0,5.4,0.0,0,0,2026-08-21 02:53:11.212552+00
13729027,32000.0,10.373522431293592,Kia,Carnival,2022,4,100000.0,1,2000.0,1,Diesel,Automatic,Black,used,1,Mass_Market,Phnom Penh,Tier_1,store,32000.0,0.0,0,0.0,0,53.9,0.0,1,0,2026-08-27 12:17:09.338789+00
13903494,17200.0,9.75272280064639,Kia,Carnival,2015,11,100000.0,1,2000.0,1,Petrol,Automatic,Unknown,used,0,Mass_Market,Phnom Penh,Tier_1,store,17200.0,0.0,0,0.0,0,0.0,0.0,0,0,2026-08-19 02:48:04.749779+00
13914309,17800.0,9.787009914477434,Kia,Carnival,2015,11,100000.0,1,2000.0,1,Petrol,Automatic,Unknown,used,0,Mass_Market,Phnom Penh,Tier_1,store,17800.0,0.0,0,0.0,0,2.0,0.0,0,0,2026-08-24 10:11:17.28536+00
13924003,18800.0,9.841665338892785,Kia,Carnival,2015,11,100000.0,1,2000.0,1,Diesel,Automatic,Grey,used,0,Mass_Market,Phnom Penh,Tier_1,store,18800.0,0.0,0,0.0,0,0.6,0.0,1,0,2026-08-25 10:16:54.369969+00
13397296,17000.0,9.741027444837728,Kia,Carnival,2018,8,100000.0,1,2000.0,1,Diesel,Automatic,White,used,1,Mass_Market,Phnom Penh,Tier_1,store,17000.0,0.0,0,0.0,0,138.6,0.0,0,0,2026-08-27 12:08:53.252422+00
13481621,24500.0,10.106469212026385,Kia,Carnival,2019,7,100000.0,1,2000.0,1,Petrol,Automatic,Black,used,1,Mass_Market,Kandal,Tier_2,store,24500.0,0.0,0,0.0,0,113.2,0.0,1,0,2026-08-27 12:14:11.71277+00
13907228,25000.0,10.12667110305036,Kia,Carnival,2022,4,100000.0,1,2000.0,1,Petrol,Automatic,White,used,1,Mass_Market,Phnom Penh,Tier_1,store,25000.0,0.0,0,0.0,0,5.0,0.0,0,0,2026-08-25 10:19:20.020683+00
13858150,30900.0,10.33854382482173,Kia,Carnival,2022,4,100000.0,1,2000.0,1,Diesel,Automatic,Black,used,1,Mass_Market,Phnom Penh,Tier_1,individual,30900.0,0.0,0,0.0,0,18.1,0.0,0,0,2026-08-25 10:17:58.665553+00
13897251,15999.0,9.680344001221918,Kia,Carnival,2012,14,100000.0,1,2000.0,1,Petrol,Automatic,White,used,1,Mass_Market,Phnom Penh,Tier_1,individual,15999.0,0.0,0,0.0,0,0.0,0.0,0,1,2026-08-17 08:50:55.878277+00
13929615,17700.0,9.781376414141157,Kia,Carnival,2015,11,100000.0,1,2000.0,1,Petrol,Automatic,Silver,used,0,Mass_Market,Phnom Penh,Tier_1,store,17700.0,0.0,0,0.0,0,0.0,0.0,1,0,2026-08-26 02:58:28.473444+00
13584053,19900.0,9.898525260706313,Kia,Carnival,2015,11,100000.0,1,2000.0,1,Diesel,Automatic,White,used,0,Mass_Market,Phnom Penh,Tier_1,store,19900.0,0.0,0,0.0,0,89.5,0.0,1,0,2026-08-27 12:15:30.330297+00
13925826,17500.0,9.770013301136158,Kia,Carnival,2015,11,100000.0,1,2000.0,1,Diesel,Automatic,Silver,used,0,Mass_Market,Phnom Penh,Tier_1,store,17500.0,0.0,0,0.0,0,0.7,0.0,0,0,2026-08-26 03:04:04.829796+00
13923382,16800.0,9.729193687429403,Kia,Carnival,2015,11,100000.0,1,2000.0,1,Diesel,Automatic,Silver,used,0,Mass_Market,Phnom Penh,Tier_1,store,16800.0,0.0,0,0.0,0,0.7,0.0,0,0,2026-08-25 10:17:21.652167+00
13328827,15500.0,9.648659816955295,Kia,Carnival,2015,11,100000.0,1,2000.0,1,Petrol,Automatic,Grey,used,0,Mass_Market,Phnom Penh,Tier_1,individual,15500.0,0.0,0,0.0,0,154.0,0.0,0,0,2026-08-25 10:27:20.084701+00
13756862,12000.0,9.392745258631441,Kia,Carnival,2010,16,100000.0,1,2000.0,1,Petrol,Automatic,Black,used,1,Mass_Market,Phnom Penh,Tier_1,individual,12000.0,0.0,0,0.0,0,42.6,0.0,0,0,2026-08-23 02:53:00.516547+00
13706343,19800.0,9.893487720457795,Kia,Carnival,2019,7,100000.0,1,2000.0,1,Petrol,Automatic,White,used,1,Mass_Market,Phnom Penh,Tier_1,individual,19800.0,0.0,0,0.0,0,53.2,0.0,0,0,2026-08-21 02:53:12.549241+00
13644296,16200.0,9.692828247710418,Kia,Carnival,2013,13,100000.0,1,2000.0,1,Diesel,Automatic,White,used,1,Mass_Market,Phnom Penh,Tier_1,individual,16200.0,0.0,0,0.0,0,74.9,0.0,0,0,2026-08-27 12:15:27.289271+00
13924034,17300.0,9.758519582283522,Kia,Carnival,2015,11,100000.0,1,2000.0,1,Petrol,Automatic,Silver,used,0,Mass_Market,Phnom Penh,Tier_1,store,17300.0,0.0,0,0.0,0,0.6,0.0,0,0,2026-08-25 10:16:52.628921+00
13892869,23800.0,10.077482875583607,Kia,Carnival,2020,6,100000.0,1,2000.0,1,Petrol,Automatic,White,used,1,Mass_Market,Phnom Penh,Tier_1,individual,23800.0,0.0,0,0.0,0,0.8,0.0,0,0,2026-08-17 08:51:08.297821+00
13712148,24000.0,10.085850775128717,Kia,Carnival,2020,6,100000.0,1,2000.0,1,Petrol,Automatic,Black,used,1,Mass_Market,Phnom Penh,Tier_1,store,24000.0,0.0,0,0.0,0,56.6,0.0,1,0,2026-08-26 02:56:30.9806+00
13833877,18700.0,9.83633227734872,Kia,Carnival,2018,8,100000.0,1,2000.0,1,Petrol,Automatic,White,used,1,Mass_Market,Phnom Penh,Tier_1,store,18700.0,0.0,0,0.0,0,26.8,0.0,0,0,2026-08-27 12:08:11.562512+00
13910197,24000.0,10.085850775128717,Kia,Carnival,2020,6,100000.0,1,2000.0,1,Petrol,Automatic,Unknown,used,1,Mass_Market,Phnom Penh,Tier_1,store,24000.0,0.0,0,0.0,0,4.8,0.0,0,0,2026-08-26 03:04:24.584862+00
13687473,21900.0,9.994287576862567,Kia,Carnival,2020,6,100000.0,1,2000.0,1,Petrol,Automatic,Black,used,1,Mass_Market,Phnom Penh,Tier_1,store,21900.0,0.0,0,0.0,0,62.0,0.0,0,1,2026-08-25 10:26:01.839694+00
13936079,22000.0,9.99884318585288,Kia,Carnival,2020,6,100000.0,1,2000.0,1,Petrol,Automatic,White,used,1,Mass_Market,Phnom Penh,Tier_1,individual,22000.0,0.0,0,0.0,0,0.0,0.0,0,0,2026-08-27 12:14:13.384188+00
13925933,18800.0,9.841665338892785,Kia,Carnival,2015,11,100000.0,1,2000.0,1,Diesel,Automatic,Grey,used,0,Mass_Market,Phnom Penh,Tier_1,store,18800.0,0.0,0,0.0,0,0.7,0.0,1,0,2026-08-26 03:04:15.108209+00
13925718,16800.0,9.729193687429403,Kia,Carnival,2015,11,100000.0,1,2000.0,1,Diesel,Automatic,Silver,used,0,Mass_Market,Phnom Penh,Tier_1,store,16800.0,0.0,0,0.0,0,0.7,0.0,0,0,2026-08-26 03:04:25.938719+00
13610212,17800.0,9.787009914477434,Kia,Carnival,2015,11,100000.0,1,2000.0,1,Diesel,Automatic,Silver,used,0,Mass_Market,Phnom Penh,Tier_1,store,17800.0,0.0,0,0.0,0,80.9,0.0,0,0,2026-08-25 10:27:00.618363+00
13830676,36000.0,10.491301994830229,Kia,Carnival,2023,3,100000.0,1,2000.0,1,Diesel,Automatic,White,used,1,Mass_Market,Phnom Penh,Tier_1,store,36000.0,0.0,0,0.0,0,25.6,0.0,0,0,2026-08-25 10:22:54.277415+00
13873835,55900.0,10.93133754807084,Kia,Carnival,2023,3,100000.0,1,2000.0,1,Diesel,Automatic,White,used,1,Mass_Market,Phnom Penh,Tier_1,store,55900.0,0.0,0,0.0,0,14.6,0.0,0,0,2026-08-26 03:07:10.401861+00
13879578,38000.0,10.545367754151743,Kia,Carnival,2022,4,100000.0,1,2000.0,1,Petrol,Automatic,Unknown,used,1,Mass_Market,Phnom Penh,Tier_1,individual,38000.0,0.0,0,0.0,0,12.6,0.0,0,0,2026-08-25 10:25:51.21599+00
13859649,32000.0,10.373522431293592,Kia,Carnival,2022,4,100000.0,1,2000.0,1,Diesel,Automatic,Black,used,1,Mass_Market,Phnom Penh,Tier_1,individual,32000.0,0.0,0,0.0,0,17.9,0.0,1,0,2026-08-25 10:13:32.584277+00
13780453,33500.0,10.419330568113901,Kia,Carnival,2022,4,100000.0,1,2000.0,1,Diesel,Automatic,White,used,0,Mass_Market,Phnom Penh,Tier_1,store,33500.0,0.0,0,0.0,0,39.5,0.0,0,0,2026-08-26 03:10:03.551871+00
13857008,30900.0,10.33854382482173,Kia,Carnival,2022,4,100000.0,1,2000.0,1,Diesel,Automatic,Black,used,1,Mass_Market,Phnom Penh,Tier_1,store,30900.0,0.0,0,0.0,0,20.7,0.0,0,0,2026-08-27 12:12:00.270991+00
13917643,19800.0,9.893487720457795,Kia,Carnival,2019,7,100000.0,1,2000.0,1,Petrol,Automatic,White,used,1,Mass_Market,Phnom Penh,Tier_1,store,19800.0,0.0,0,0.0,0,0.0,0.0,1,0,2026-08-23 02:52:48.82516+00
13878476,44800.0,10.709985739582528,Kia,Carnival,2023,3,100000.0,1,2000.0,1,Petrol,Automatic,Black,used,1,Mass_Market,Phnom Penh,Tier_1,store,44800.0,0.0,0,0.0,0,14.9,0.0,0,0,2026-08-27 12:06:05.542278+00
13861308,44800.0,10.709985739582528,Kia,Carnival,2023,3,100000.0,1,2000.0,1,Diesel,Automatic,Black,used,1,Mass_Market,Phnom Penh,Tier_1,store,44800.0,0.0,0,0.0,0,17.5,0.0,0,0,2026-08-25 10:20:41.581103+00
13869605,15000.0,9.61587214452889,Kia,Carnival,2015,11,100000.0,1,2000.0,1,Diesel,Automatic,White,used,1,Mass_Market,Phnom Penh,Tier_1,individual,15000.0,0.0,0,0.0,0,15.7,0.0,0,0,2026-08-26 03:10:05.397193+00
13903406,17500.0,9.770013301136158,Kia,Carnival,2015,11,100000.0,1,2000.0,1,Petrol,Automatic,Unknown,used,0,Mass_Market,Phnom Penh,Tier_1,store,17500.0,0.0,0,0.0,0,0.0,0.0,0,0,2026-08-19 02:48:11.441796+00
13878918,17800.0,9.787009914477434,Kia,Carnival,2018,8,100000.0,1,2000.0,1,Petrol,Automatic,White,used,1,Mass_Market,Phnom Penh,Tier_1,store,17800.0,0.0,0,0.0,0,6.5,0.0,0,0,2026-08-19 02:47:59.108237+00
13393294,22800.0,10.034559673629849,Kia,Carnival,2018,8,100000.0,1,2000.0,1,Petrol,Automatic,White,used,1,Mass_Market,Phnom Penh,Tier_1,store,22800.0,0.0,0,0.0,0,137.8,0.0,1,0,2026-08-25 10:22:53.533574+00
13923448,20900.0,9.94755228369823,Kia,Carnival,2018,8,100000.0,1,2000.0,1,Diesel,Automatic,White,used,0,Mass_Market,Phnom Penh,Tier_1,store,20900.0,0.0,0,0.0,0,0.0,0.0,1,0,2026-08-24 10:11:09.075067+00
13925760,20900.0,9.94755228369823,Kia,Carnival,2018,8,100000.0,1,2000.0,1,Diesel,Automatic,White,used,0,Mass_Market,Phnom Penh,Tier_1,store,20900.0,0.0,0,0.0,0,0.7,0.0,1,0,2026-08-26 03:04:19.23572+00
13715932,20900.0,9.94755228369823,Kia,Carnival,2018,8,100000.0,1,2000.0,1,Diesel,Automatic,White,used,0,Mass_Market,Phnom Penh,Tier_1,store,20900.0,0.0,0,0.0,0,55.0,0.0,1,0,2026-08-25 10:28:51.367259+00
13840253,19900.0,9.898525260706313,Kia,Carnival,2019,7,100000.0,1,2000.0,1,Petrol,Automatic,White,used,1,Mass_Market,Phnom Penh,Tier_1,individual,19900.0,0.0,0,0.0,0,19.4,0.0,0,0,2026-08-22 02:44:51.792656+00
13241898,20900.0,9.94755228369823,Geely,Coolray,2026,0,100000.0,1,2000.0,1,Petrol,Automatic,Unknown,used,1,Chinese_EV,Phnom Penh,Tier_1,individual,20900.0,0.0,0,0.0,0,174.6,0.0,0,0,2026-08-24 10:11:16.248603+00
13605751,27800.0,10.2328272702548,Lexus,ES,2014,12,100000.0,1,2000.0,1,Hybrid,Automatic,White,used,0,Luxury,Phnom Penh,Tier_1,store,27800.0,0.0,0,0.0,0,82.6,0.0,1,0,2026-08-26 02:56:33.702571+00
13936277,6700.0,8.81001204797317,Lexus,ES,2002,24,100000.0,1,2000.0,1,Petrol,Automatic,Gold,used,1,Luxury,Kampong Cham,Tier_2,individual,6700.0,0.0,0,0.0,0,0.0,0.0,0,1,2026-08-27 12:12:24.699356+00
13913977,30600.0,10.328787967145063,Lexus,ES,2013,13,100000.0,1,2000.0,1,Hybrid,Automatic,White,used,0,Luxury,Phnom Penh,Tier_1,store,30600.0,0.0,0,0.0,0,3.7,0.0,0,0,2026-08-26 02:57:43.685463+00
13815626,27500.0,10.221977646629885,Lexus,ES,2013,13,100000.0,1,2000.0,1,Hybrid,Automatic,White,used,0,Luxury,Phnom Penh,Tier_1,store,27500.0,0.0,0,0.0,0,23.9,0.0,0,0,2026-08-20 08:37:32.53712+00
13904120,27500.0,10.221977646629885,Lexus,ES,2013,13,100000.0,1,2000.0,1,Hybrid,Automatic,White,used,0,Luxury,Phnom Penh,Tier_1,store,27500.0,0.0,0,0.0,0,0.9,0.0,0,0,2026-08-20 08:37:32.536412+00
13717525,28888.0,10.271216178807896,Lexus,ES,2013,13,100000.0,1,2000.0,1,Hybrid,Automatic,White,used,0,Luxury,Phnom Penh,Tier_1,store,28888.0,0.0,0,0.0,0,56.8,0.0,1,0,2026-08-27 12:14:19.490637+00
13929577,24900.0,10.122663242288953,Lexus,ES,2013,13,100000.0,1,2000.0,1,Hybrid,Automatic,Grey,used,1,Luxury,Phnom Penh,Tier_1,store,24900.0,0.0,0,0.0,0,0.0,0.0,0,0,2026-08-26 03:01:15.875003+00
13905076,26800.0,10.196194479235656,Lexus,ES,2013,13,100000.0,1,2000.0,1,Hybrid,Automatic,White,used,0,Luxury,Phnom Penh,Tier_1,store,26800.0,0.0,0,0.0,0,0.7,0.0,0,0,2026-08-20 08:37:32.538363+00
13377981,27800.0,10.2328272702548,Lexus,ES,2013,13,100000.0,1,2000.0,1,Petrol,Automatic,White,used,0,Luxury,Phnom Penh,Tier_1,store,27800.0,0.0,0,0.0,0,142.2,0.0,1,0,2026-08-26 03:01:28.48177+00
13611864,26900.0,10.199918739620157,Lexus,ES,2013,13,100000.0,1,2000.0,1,Hybrid,Automatic,Grey,used,0,Luxury,Phnom Penh,Tier_1,store,26900.0,0.0,0,0.0,0,75.7,0.0,0,0,2026-08-20 08:37:32.537288+00
13578291,27900.0,10.236417809461043,Lexus,ES,2013,13,100000.0,1,2000.0,1,Hybrid,Automatic,White,used,0,Luxury,Phnom Penh,Tier_1,store,27900.0,0.0,0,0.0,0,83.7,0.0,0,0,2026-08-20 08:37:32.536233+00
13780875,26900.0,10.199918739620157,Lexus,ES,2013,13,100000.0,1,2000.0,1,Hybrid,Automatic,Grey,used,0,Luxury,Phnom Penh,Tier_1,store,26900.0,0.0,0,0.0,0,39.4,0.0,0,0,2026-08-26 03:05:48.679153+00
13935700,41000.0,10.62135173563291,Mercedes-Benz,GLE-300,2016,10,100000.0,1,2000.0,1,Petrol,Automatic,White,used,1,Luxury,Phnom Penh,Tier_1,individual,41000.0,0.0,0,0.0,0,0.0,0.0,0,0,2026-08-27 12:16:52.212139+00
13908390,169000.0,12.037659911047468,Mercedes-Benz,GLE53,2025,1,100000.0,1,2000.0,1,Petrol,Automatic,Unknown,used,1,Luxury,Phnom Penh,Tier_1,store,169000.0,0.0,0,0.0,0,0.0,0.0,0,0,2026-08-20 08:37:46.965505+00
13923385,169000.0,12.037659911047468,Mercedes-Benz,GLE53,2025,1,100000.0,1,2000.0,1,Petrol,Automatic,Unknown,used,1,Luxury,Phnom Penh,Tier_1,store,169000.0,0.0,0,0.0,0,0.0,0.0,0,0,2026-08-24 10:11:11.100588+00
13927195,169000.0,12.037659911047468,Mercedes-Benz,GLE53,2025,1,100000.0,1,2000.0,1,Petrol,Automatic,Black,used,1,Luxury,Phnom Penh,Tier_1,store,169000.0,0.0,0,0.0,0,0.0,0.0,0,0,2026-08-25 10:20:10.299698+00
13929680,169000.0,12.037659911047468,Mercedes-Benz,GLE53,2025,1,100000.0,1,2000.0,1,Petrol,Automatic,Black,used,1,Luxury,Phnom Penh,Tier_1,store,169000.0,0.0,0,0.0,0,0.0,0.0,0,0,2026-08-26 02:56:37.393651+00
13880551,22900.0,10.038935856711177,GAC,GN6,2026,0,100000.0,1,2000.0,1,Petrol,Automatic,White,used,1,Chinese_EV,Phnom Penh,Tier_1,individual,23900.0,1000.0,1,0.0,0,14.2,0.0,0,0,2026-08-27 12:05:59.529166+00
13866107,23000.0,10.043292972227004,Lexus,Gs200t លក់23000$ចចារម្ចាស់ដើម,2016,10,100000.0,1,2000.0,1,Petrol,Automatic,Unknown,used,1,Luxury,Phnom Penh,Tier_1,individual,23000.0,0.0,0,0.0,0,18.0,0.0,0,1,2026-08-27 12:18:07.51549+00
13839697,10700.0,9.278092474027002,Toyota,Highlander,2002,24,100000.0,1,2000.0,1,Petrol,Automatic,Grey,used,1,Mass_Market,Phnom Penh,Tier_1,individual,10700.0,0.0,0,0.0,0,24.9,0.0,0,0,2026-08-27 12:09:55.003124+00
13898250,11500.0,9.350189267092581,Toyota,Highlander,2001,25,100000.0,1,2000.0,1,Petrol,Automatic,Gold,used,1,Mass_Market,Phnom Penh,Tier_1,individual,11500.0,0.0,0,0.0,0,6.6,0.0,0,0,2026-08-24 10:11:16.248603+00
13923451,7900.0,8.974744612722734,Toyota,Highlander,2001,25,100000.0,1,2000.0,1,Petrol,Automatic,Black,used,1,Mass_Market,Phnom Penh,Tier_1,individual,7900.0,0.0,0,0.0,0,0.0,0.0,0,0,2026-08-24 10:11:07.049534+00
13936488,12700.0,9.44943600950432,Toyota,Highlander,2001,25,100000.0,1,2000.0,1,Petrol,Automatic,White,used,1,Mass_Market,Phnom Penh,Tier_1,store,12700.0,0.0,0,0.0,0,0.0,0.0,0,0,2026-08-27 12:08:14.390386+00
13845068,9800.0,9.19023970026918,Toyota,Highlander,2001,25,100000.0,1,2000.0,1,Petrol,Automatic,Silver,used,1,Mass_Market,Phnom Penh,Tier_1,individual,9800.0,0.0,0,0.0,0,20.5,0.0,0,1,2026-08-24 10:11:12.103765+00
13852746,13500.0,9.510519035757246,Toyota,Highlander,2001,25,100000.0,1,2000.0,1,Petrol,Automatic,White,used,1,Mass_Market,Phnom Penh,Tier_1,individual,13500.0,0.0,0,0.0,0,16.4,0.0,0,0,2026-08-22 02:45:00.822114+00
13918004,14000.0,9.546884034617925,Toyota,Highlander,2001,25,100000.0,1,2000.0,1,Petrol,Manual,White,used,1,Mass_Market,Phnom Penh,Tier_1,individual,14000.0,0.0,0,0.0,0,2.7,0.0,0,0,2026-08-26 03:03:09.397038+00
13883371,11800.0,9.375939552625749,Toyota,Highlander,2001,25,100000.0,1,2000.0,1,Petrol,Automatic,White,used,1,Mass_Market,Phnom Penh,Tier_1,store,11800.0,0.0,0,0.0,0,12.4,0.0,0,0,2026-08-26 03:07:04.007032+00
13893291,10900.0,9.296609807128359,Toyota,Highlander,2001,25,100000.0,1,2000.0,1,Petrol,Automatic,Silver,used,1,Mass_Market,Phnom Penh,Tier_1,individual,10900.0,0.0,0,0.0,0,9.5,0.0,0,0,2026-08-26 03:03:17.775345+00
13666919,12800.0,9.45727857185611,Toyota,Highlander,2001,25,100000.0,1,2000.0,1,Petrol,Automatic,Gold,used,1,Mass_Market,Phnom Penh,Tier_1,store,12800.0,0.0,0,0.0,0,61.9,0.0,0,0,2026-08-20 08:37:42.602261+00
13931064,10200.0,9.23024103368252,Toyota,Highlander,2001,25,100000.0,1,2000.0,1,Petrol,Automatic,Gold,used,1,Mass_Market,Phnom Penh,Tier_1,store,10200.0,0.0,0,0.0,0,0.9,0.0,0,0,2026-08-27 12:17:27.395941+00
13553578,8850.0,9.088285725968877,Toyota,Highlander,2001,25,100000.0,1,2000.0,1,Petrol,Automatic,Green,used,1,Mass_Market,Phnom Penh,Tier_1,store,8850.0,0.0,0,0.0,0,94.7,0.0,0,0,2026-08-25 10:13:53.542152+00
13844568,12888.0,9.46412951340478,Toyota,Highlander,2002,24,100000.0,1,2000.0,1,Petrol,Automatic,Silver,used,1,Mass_Market,Phnom Penh,Tier_1,individual,12888.0,0.0,0,0.0,0,21.6,0.0,1,0,2026-08-25 10:18:53.117749+00
13864754,12800.0,9.45727857185611,Toyota,Highlander,2002,24,100000.0,1,2000.0,1,Petrol,Automatic,Silver,used,1,Mass_Market,Phnom Penh,Tier_1,individual,12800.0,0.0,0,0.0,0,18.7,0.0,1,0,2026-08-27 12:08:29.569058+00
13877960,28000.0,10.239995502805316,Toyota,Highlander,2012,14,100000.0,1,2000.0,1,Hybrid,Automatic,White,used,1,Mass_Market,Phnom Penh,Tier_1,individual,28000.0,0.0,0,0.0,0,6.6,0.0,0,0,2026-08-19 02:48:01.896388+00
13642834,16500.0,9.711176264112805,Toyota,Highlander,2002,24,100000.0,1,2000.0,1,Petrol,Manual,White,used,1,Mass_Market,Phnom Penh,Tier_1,store,16500.0,0.0,0,0.0,0,75.1,0.0,0,0,2026-08-27 12:12:11.160659+00
13902905,13800.0,9.53249633228804,Toyota,Highlander,2002,24,100000.0,1,2000.0,1,Petrol,Automatic,White,used,1,Mass_Market,Kampong Thom,Tier_3,individual,13800.0,0.0,0,0.0,0,5.2,0.0,0,0,2026-08-24 10:11:15.249258+00
13891853,11000.0,9.305741456739435,Toyota,Highlander,2002,24,100000.0,1,2000.0,1,Petrol,Automatic,Unknown,used,1,Mass_Market,Phnom Penh,Tier_1,store,11000.0,0.0,0,0.0,0,1.0,0.0,0,0,2026-08-17 08:50:57.836801+00
13860238,15800.0,9.6678285081515,Toyota,Highlander,2002,24,100000.0,1,2000.0,1,Petrol,Automatic,White,used,1,Mass_Market,Phnom Penh,Tier_1,store,15800.0,0.0,0,0.0,0,18.5,0.0,0,0,2026-08-26 02:58:45.80528+00
13837579,17900.0,9.792611856190192,Toyota,Highlander,2024,2,100000.0,1,2000.0,1,Petrol,Automatic,Gold,used,1,Mass_Market,Phnom Penh,Tier_1,store,17900.0,0.0,0,0.0,0,24.2,0.0,0,0,2026-08-26 03:06:08.425984+00
13908399,14000.0,9.546884034617925,Toyota,Highlander,2024,2,100000.0,1,2000.0,1,Petrol,Automatic,Gold,used,1,Mass_Market,Phnom Penh,Tier_1,individual,14000.0,0.0,0,0.0,0,0.0,0.0,0,0,2026-08-20 08:37:46.964944+00
13926938,15500.0,9.648659816955295,Toyota,Highlander,2002,24,100000.0,1,2000.0,1,Petrol,Automatic,Silver,used,1,Mass_Market,Phnom Penh,Tier_1,individual,15500.0,0.0,0,0.0,0,0.0,0.0,0,0,2026-08-25 10:23:28.294171+00
13927188,15000.0,9.61587214452889,Toyota,Highlander,2002,24,100000.0,1,2000.0,1,Petrol,Automatic,Silver,used,1,Mass_Market,Phnom Penh,Tier_1,individual,15000.0,0.0,0,0.0,0,0.0,0.0,0,0,2026-08-25 10:20:11.623053+00
13936332,11111.0,9.31578088443418,Toyota,Highlander,2002,24,100000.0,1,2000.0,1,Petrol,Automatic,Red,used,1,Mass_Market,Phnom Penh,Tier_1,store,11111.0,0.0,0,0.0,0,0.0,0.0,0,0,2026-08-27 12:11:25.513249+00
13904040,11900.0,9.38437770918244,Toyota,Highlander,2002,24,100000.0,1,2000.0,1,Petrol,Automatic,White,used,1,Mass_Market,Phnom Penh,Tier_1,individual,11900.0,0.0,0,0.0,0,1.6,0.0,0,0,2026-08-21 02:53:13.861037+00
13747303,14100.0,9.55400099583723,Toyota,Highlander,2002,24,100000.0,1,2000.0,1,Petrol,Automatic,Gold,used,1,Mass_Market,Phnom Penh,Tier_1,store,14100.0,0.0,0,0.0,0,46.0,0.0,0,0,2026-08-24 10:11:02.981142+00
13903320,12800.0,9.45727857185611,Toyota,Highlander,2002,24,100000.0,1,2000.0,1,Petrol,Automatic,Unknown,used,1,Mass_Market,Phnom Penh,Tier_1,store,12800.0,0.0,0,0.0,0,0.0,0.0,0,0,2026-08-19 02:48:23.679015+00
13340871,13899.0,9.539644119118783,Toyota,Highlander,2002,24,100000.0,1,2000.0,1,Petrol,Automatic,Blue,used,1,Mass_Market,Phnom Penh,Tier_1,store,13899.0,0.0,0,0.0,0,151.8,0.0,0,0,2026-08-26 03:01:00.615272+00
13682371,12900.0,9.465060106725137,Toyota,Highlander,2002,24,100000.0,1,2000.0,1,Petrol,Automatic,Black,used,1,Mass_Market,Phnom Penh,Tier_1,store,12900.0,0.0,0,0.0,0,63.7,0.0,0,0,2026-08-26 03:08:38.070371+00
13910673,11500.0,9.350189267092581,Toyota,Highlander,2002,24,100000.0,1,2000.0,1,Petrol,Automatic,Unknown,used,1,Mass_Market,Phnom Penh,Tier_1,individual,11500.0,0.0,0,0.0,0,0.0,0.0,0,0,2026-08-21 02:53:08.538288+00
13560010,28800.0,10.268165387743457,Toyota,Highlander,2011,15,100000.0,1,2000.0,1,Petrol,Automatic,White,used,0,Mass_Market,Phnom Penh,Tier_1,store,28800.0,0.0,0,0.0,0,85.9,0.0,0,0,2026-08-18 10:18:52.997731+00
13929609,19999.0,9.903487552536127,Toyota,Highlander,2011,15,100000.0,1,2000.0,1,Petrol,Automatic,Gold,used,1,Mass_Market,Phnom Penh,Tier_1,individual,19999.0,0.0,0,0.0,0,0.0,0.0,0,0,2026-08-26 02:59:09.422702+00
13923502,11500.0,9.350189267092581,Toyota,Highlander,2002,24,100000.0,1,2000.0,1,Petrol,Automatic,Unknown,used,1,Mass_Market,Phnom Penh,Tier_1,individual,11500.0,0.0,0,0.0,0,0.0,0.0,0,0,2026-08-24 10:11:05.982263+00
13515087,13900.0,9.539716058977092,Toyota,Highlander,2002,24,100000.0,1,2000.0,1,Petrol,Automatic,Gold,used,1,Mass_Market,Phnom Penh,Tier_1,individual,13900.0,0.0,0,0.0,0,99.8,0.0,0,0,2026-08-22 02:44:51.794354+00
13842686,9000.0,9.105090961257085,Toyota,Highlander,2002,24,100000.0,1,2000.0,1,Petrol,Automatic,Blue,used,1,Mass_Market,Kandal,Tier_2,individual,9000.0,0.0,0,0.0,0,19.6,0.0,0,1,2026-08-23 02:52:45.526478+00
13789055,13000.0,9.472781556562168,Toyota,Highlander,2002,24,100000.0,1,2000.0,1,Petrol,Automatic,Grey,used,1,Mass_Market,Phnom Penh,Tier_1,individual,13000.0,0.0,0,0.0,0,28.0,0.0,0,0,2026-08-17 08:50:57.861736+00
13926574,14000.0,9.546884034617925,Toyota,Highlander,2023,3,100000.0,1,2000.0,1,Petrol,Automatic,White,used,1,Mass_Market,Kampong Cham,Tier_2,individual,14000.0,0.0,0,0.0,0,0.0,0.0,0,0,2026-08-25 10:27:05.7155+00
13791710,13500.0,9.510519035757246,Toyota,Highlander,2002,24,100000.0,1,2000.0,1,Petrol,Automatic,Silver,used,1,Mass_Market,Phnom Penh,Tier_1,store,13500.0,0.0,0,0.0,0,37.6,0.0,0,0,2026-08-27 12:18:13.543268+00
13923258,11200.0,9.32375833901174,Toyota,Highlander,2002,24,100000.0,1,2000.0,1,Petrol,Automatic,Silver,used,1,Mass_Market,Phnom Penh,Tier_1,individual,11200.0,0.0,0,0.0,0,0.0,0.0,0,0,2026-08-24 10:11:15.247243+00
13903314,15800.0,9.6678285081515,Toyota,Highlander,2004,22,100000.0,1,2000.0,1,Petrol,Automatic,Silver,used,1,Mass_Market,Phnom Penh,Tier_1,store,15800.0,0.0,0,0.0,0,2.7,0.0,0,0,2026-08-22 02:44:54.34809+00
13774142,17900.0,9.792611856190192,Toyota,Highlander,2004,22,100000.0,1,2000.0,1,Petrol,Automatic,Gold,used,1,Mass_Market,Phnom Penh,Tier_1,store,17900.0,0.0,0,0.0,0,40.4,0.0,0,0,2026-08-25 10:24:21.337502+00
13936323,12900.0,9.465060106725137,Toyota,Highlander,2004,22,100000.0,1,2000.0,1,Petrol,Automatic,Red,used,1,Mass_Market,Phnom Penh,Tier_1,individual,12900.0,0.0,0,0.0,0,0.0,0.0,0,0,2026-08-27 12:11:40.310307+00
13704719,17500.0,9.770013301136158,Toyota,Highlander,2004,22,100000.0,1,2000.0,1,Petrol,Automatic,White,used,1,Mass_Market,Phnom Penh,Tier_1,individual,17500.0,0.0,0,0.0,0,58.6,0.0,0,0,2026-08-26 03:09:16.782693+00
13905786,15800.0,9.6678285081515,Toyota,Highlander,2004,22,100000.0,1,2000.0,1,Petrol,Automatic,Unknown,used,1,Mass_Market,Phnom Penh,Tier_1,store,15800.0,0.0,0,0.0,0,1.3,0.0,0,0,2026-08-21 02:53:09.87672+00
13881153,19999.0,9.903487552536127,Toyota,Highlander,2004,22,100000.0,1,2000.0,1,Petrol,Automatic,White,used,1,Mass_Market,Phnom Penh,Tier_1,store,19999.0,0.0,0,0.0,0,14.1,0.0,0,0,2026-08-27 12:12:06.091164+00
13677067,17500.0,9.770013301136158,Toyota,Highlander,2004,22,100000.0,1,2000.0,1,Petrol,Automatic,Gold,used,1,Mass_Market,Phnom Penh,Tier_1,store,17500.0,0.0,0,0.0,0,66.5,0.0,0,0,2026-08-27 12:15:18.695245+00
13926494,13800.0,9.53249633228804,Toyota,Highlander,2004,22,100000.0,1,2000.0,1,Petrol,Automatic,Gold,used,1,Mass_Market,Phnom Penh,Tier_1,individual,13800.0,0.0,0,0.0,0,0.0,0.0,0,0,2026-08-25 10:28:12.097452+00
13903977,15500.0,9.648659816955295,Toyota,Highlander,2004,22,100000.0,1,2000.0,1,Petrol,Automatic,Gold,used,1,Mass_Market,Phnom Penh,Tier_1,individual,15500.0,0.0,0,0.0,0,3.7,0.0,0,0,2026-08-23 02:53:08.833453+00
13432670,17300.0,9.758519582283522,Toyota,Highlander,2004,22,100000.0,1,2000.0,1,Petrol,Automatic,Gold,used,1,Mass_Market,Phnom Penh,Tier_1,store,17300.0,0.0,0,0.0,0,119.5,0.0,0,0,2026-08-21 02:53:09.877325+00
13866587,16500.0,9.711176264112805,Toyota,Highlander,2004,22,100000.0,1,2000.0,1,Petrol,Automatic,Gold,used,1,Mass_Market,Phnom Penh,Tier_1,store,16500.0,0.0,0,0.0,0,16.6,0.0,0,0,2026-08-26 03:06:34.540228+00
13884080,17000.0,9.741027444837728,Toyota,Highlander,2004,22,100000.0,1,2000.0,1,Petrol,Automatic,Gold,used,1,Mass_Market,Phnom Penh,Tier_1,store,17000.0,0.0,0,0.0,0,11.1,0.0,0,0,2026-08-25 10:29:45.599861+00
13883571,15900.0,9.674137279312397,Toyota,Highlander,2004,22,100000.0,1,2000.0,1,Petrol,Automatic,Unknown,used,1,Mass_Market,Phnom Penh,Tier_1,store,15900.0,0.0,0,0.0,0,3.5,0.0,0,0,2026-08-17 08:51:02.680458+00
13910731,18600.0,9.83097062169695,Toyota,Highlander,2004,22,100000.0,1,2000.0,1,Petrol,Automatic,Grey,used,1,Mass_Market,Phnom Penh,Tier_1,store,18600.0,0.0,0,0.0,0,0.0,0.0,0,1,2026-08-21 02:53:09.874171+00
13449235,24900.0,10.122663242288953,Toyota,Highlander,2010,16,100000.0,1,2000.0,1,Petrol,Automatic,White,used,1,Mass_Market,Phnom Penh,Tier_1,store,24900.0,0.0,0,0.0,0,120.5,0.0,0,0,2026-08-26 03:07:36.35699+00
13721602,26700.0,10.192456296870509,Toyota,Highlander,2010,16,100000.0,1,2000.0,1,Petrol,Automatic,White,used,1,Mass_Market,Phnom Penh,Tier_1,store,26700.0,0.0,0,0.0,0,53.7,0.0,0,0,2026-08-25 10:29:37.632343+00
13776615,29500.0,10.292179440058462,Toyota,Highlander,2013,13,100000.0,1,2000.0,1,Petrol,Automatic,White,used,0,Mass_Market,Phnom Penh,Tier_1,individual,29500.0,0.0,0,0.0,0,38.8,0.0,0,0,2026-08-24 10:11:19.256189+00
13922016,28900.0,10.27163147557801,Toyota,Highlander,2013,13,100000.0,1,2000.0,1,Petrol,Automatic,White,used,0,Mass_Market,Phnom Penh,Tier_1,store,28900.0,0.0,0,0.0,0,0.9,0.0,0,0,2026-08-25 10:26:10.914586+00
13908273,14999.0,9.615805480084347,Toyota,Highlander,2001,25,100000.0,1,2000.0,1,Petrol,Automatic,White,used,1,Mass_Market,Phnom Penh,Tier_1,individual,14999.0,0.0,0,0.0,0,5.5,0.0,0,0,2026-08-26 03:02:57.786675+00
13913963,12800.0,9.45727857185611,Toyota,Highlander,2002,24,100000.0,1,2000.0,1,Petrol,Automatic,Gold,used,1,Mass_Market,Phnom Penh,Tier_1,store,12800.0,0.0,0,0.0,0,3.7,0.0,0,0,2026-08-26 02:58:53.920766+00
13919288,22500.0,10.021315031649332,Toyota,Highlander,2009,17,100000.0,1,2000.0,1,Petrol,Automatic,White,used,1,Mass_Market,Phnom Penh,Tier_1,individual,22500.0,0.0,0,0.0,0,1.8,0.0,0,0,2026-08-25 10:18:19.310567+00
13888135,25800.0,10.158168529848494,Toyota,Highlander,2009,17,100000.0,1,2000.0,1,Petrol,Automatic,White,used,1,Mass_Market,Phnom Penh,Tier_1,store,25800.0,0.0,0,0.0,0,10.8,0.0,0,0,2026-08-26 02:58:41.767528+00
13914277,25500.0,10.146472946063877,Toyota,Highlander,2009,17,100000.0,1,2000.0,1,Petrol,Automatic,White,used,1,Mass_Market,Phnom Penh,Tier_1,store,25500.0,0.0,0,0.0,0,5.1,0.0,0,0,2026-08-27 12:13:35.732267+00
13929517,12500.0,9.433563920090563,Toyota,Highlander,2002,24,100000.0,1,2000.0,1,Petrol,Automatic,Unknown,used,1,Mass_Market,Phnom Penh,Tier_1,store,12500.0,0.0,0,0.0,0,0.0,0.0,0,0,2026-08-26 03:02:43.304393+00
13918837,11500.0,9.350189267092581,Toyota,Highlander,2001,25,100000.0,1,2000.0,1,Petrol,Automatic,Silver,used,1,Mass_Market,Phnom Penh,Tier_1,store,11500.0,0.0,0,0.0,0,2.5,0.0,0,0,2026-08-26 03:04:32.064922+00
13936472,13900.0,9.539716058977092,Toyota,Highlander,2002,24,100000.0,1,2000.0,1,Petrol,Automatic,White,used,1,Mass_Market,Stung Treng,Tier_3,individual,13900.0,0.0,0,0.0,0,0.0,0.0,0,0,2026-08-27 12:08:37.840619+00
13913956,11900.0,9.38437770918244,Toyota,Highlander,2001,25,100000.0,1,2000.0,1,Petrol,Automatic,White,used,1,Mass_Market,Phnom Penh,Tier_1,store,11900.0,0.0,0,0.0,0,3.7,0.0,1,0,2026-08-26 02:58:52.690789+00
13828873,15100.0,9.62251624577579,Toyota,Highlander,2002,24,100000.0,1,2000.0,1,Petrol,Automatic,Gold,used,1,Mass_Market,Phnom Penh,Tier_1,individual,15100.0,0.0,0,0.0,0,25.9,0.0,0,0,2026-08-25 10:28:03.365592+00
13906930,14800.0,9.60245002503719,Toyota,Highlander,2003,23,100000.0,1,2000.0,1,Petrol,Automatic,Gold,used,1,Mass_Market,Phnom Penh,Tier_1,store,14800.0,0.0,0,0.0,0,7.1,0.0,0,0,2026-08-27 12:10:30.014668+00
13692307,16000.0,9.680406499268875,Toyota,Highlander,2003,23,100000.0,1,2000.0,1,Petrol,Automatic,Gold,used,1,Mass_Market,Phnom Penh,Tier_1,individual,16000.0,0.0,0,0.0,0,61.0,0.0,0,0,2026-08-25 10:20:03.060507+00
13904868,14000.0,9.546884034617925,Toyota,Highlander,2003,23,100000.0,1,2000.0,1,Petrol,Automatic,Gold,used,1,Mass_Market,Phnom Penh,Tier_1,individual,14500.0,500.0,1,0.0,0,6.5,0.0,0,0,2026-08-26 02:56:27.569679+00
13927031,15500.0,9.648659816955295,Toyota,Highlander,2003,23,100000.0,1,2000.0,1,Petrol,Automatic,Yellow,used,1,Mass_Market,Phnom Penh,Tier_1,store,15500.0,0.0,0,0.0,0,0.0,0.0,0,0,2026-08-25 10:22:33.395727+00
13644712,14800.0,9.60245002503719,Toyota,Highlander,2003,23,100000.0,1,2000.0,1,Petrol,Automatic,Gold,used,1,Mass_Market,Phnom Penh,Tier_1,individual,14800.0,0.0,0,0.0,0,73.4,0.0,0,0,2026-08-26 03:02:41.119156+00
13936195,12700.0,9.44943600950432,Toyota,Highlander,2003,23,100000.0,1,2000.0,1,Petrol,Automatic,Gold,used,1,Mass_Market,Banteay Meanchey,Tier_3,individual,12700.0,0.0,0,0.0,0,0.0,0.0,0,0,2026-08-27 12:13:18.524343+00
13903430,14500.0,9.581972891547895,Toyota,Highlander,2003,23,100000.0,1,2000.0,1,Petrol,Automatic,Unknown,used,1,Mass_Market,Kandal,Tier_2,individual,14500.0,0.0,0,0.0,0,0.0,0.0,0,0,2026-08-19 02:48:10.239228+00
13924070,14200.0,9.561067663645012,Toyota,Highlander,2003,23,100000.0,1,2000.0,1,Petrol,Automatic,Gold,used,1,Mass_Market,Phnom Penh,Tier_1,store,14200.0,0.0,0,0.0,0,0.6,0.0,0,0,2026-08-25 10:16:48.858123+00
13926097,14300.0,9.568084743872936,Toyota,Highlander,2003,23,100000.0,1,2000.0,1,Petrol,Automatic,Gold,used,1,Mass_Market,Phnom Penh,Tier_1,store,14300.0,0.0,0,0.0,0,0.6,0.0,0,0,2026-08-26 03:04:10.678225+00
13495920,17800.0,9.787009914477434,Toyota,Highlander,2003,23,100000.0,1,2000.0,1,Petrol,Automatic,White,used,1,Mass_Market,Phnom Penh,Tier_1,store,17800.0,0.0,0,0.0,0,108.6,0.0,0,0,2026-08-26 03:02:35.447231+00
13877340,13500.0,9.510519035757246,Toyota,Highlander,2003,23,100000.0,1,2000.0,1,Petrol,Automatic,Silver,used,1,Mass_Market,Kampot,Tier_3,individual,13500.0,0.0,0,0.0,0,13.7,0.0,0,0,2026-08-26 03:08:12.4454+00
13868544,12700.0,9.44943600950432,Toyota,Highlander,2003,23,100000.0,1,2000.0,1,Petrol,Automatic,Silver,used,1,Mass_Market,Phnom Penh,Tier_1,individual,12700.0,0.0,0,0.0,0,15.1,0.0,0,0,2026-08-25 10:18:49.83406+00
13927740,12800.0,9.45727857185611,Toyota,Highlander,2003,23,100000.0,1,2000.0,1,Petrol,Automatic,Silver,used,1,Mass_Market,Phnom Penh,Tier_1,individual,12800.0,0.0,0,0.0,0,0.0,0.0,0,0,2026-08-25 10:15:36.195226+00
13899056,13900.0,9.539716058977092,Toyota,Highlander,2003,23,100000.0,1,2000.0,1,Petrol,Automatic,Unknown,used,1,Mass_Market,Phnom Penh,Tier_1,store,13900.0,0.0,0,0.0,0,2.8,0.0,0,0,2026-08-21 02:53:06.056066+00
13929416,11200.0,9.32375833901174,Toyota,Highlander,2003,23,100000.0,1,2000.0,1,Petrol,Automatic,Red,used,1,Mass_Market,Kampot,Tier_3,individual,11200.0,0.0,0,0.0,0,0.0,0.0,0,0,2026-08-26 03:06:59.21437+00
13697732,13200.0,9.488047863280759,Toyota,Highlander,2003,23,100000.0,1,2000.0,1,Petrol,Automatic,White,used,1,Mass_Market,Phnom Penh,Tier_1,store,13200.0,0.0,0,0.0,0,61.9,0.0,0,0,2026-08-27 12:15:49.282088+00
13327954,12800.0,9.45727857185611,Toyota,Highlander,2001,25,100000.0,1,2000.0,1,Petrol,Automatic,Black,used,1,Mass_Market,Phnom Penh,Tier_1,store,12800.0,0.0,0,0.0,0,156.3,0.0,0,0,2026-08-27 12:13:14.939994+00
13869172,12300.0,9.417435838868785,Toyota,Highlander,2001,25,100000.0,1,2000.0,1,Petrol,Automatic,White,used,1,Mass_Market,Phnom Penh,Tier_1,individual,12700.0,400.0,1,0.0,0,15.0,0.0,0,0,2026-08-25 10:12:34.519664+00
13726360,8700.0,9.071193240566025,Toyota,Highlander,2001,25,100000.0,1,2000.0,1,Petrol,Automatic,Blue,used,1,Mass_Market,Phnom Penh,Tier_1,store,8700.0,0.0,0,0.0,0,54.6,0.0,0,0,2026-08-27 12:14:09.371563+00
13650630,12900.0,9.465060106725137,Toyota,Highlander,2001,25,100000.0,1,2000.0,1,Petrol,Automatic,Gold,used,1,Mass_Market,Phnom Penh,Tier_1,store,12900.0,0.0,0,0.0,0,64.6,0.0,0,0,2026-08-19 02:48:01.900286+00
13930981,12000.0,9.392745258631441,Toyota,Highlander,2003,23,100000.0,1,2000.0,1,Petrol,Automatic,Black,used,1,Mass_Market,Phnom Penh,Tier_1,store,12000.0,0.0,0,0.0,0,0.9,0.0,1,0,2026-08-27 12:17:39.37257+00
13485699,14500.0,9.581972891547895,Toyota,Highlander,2003,23,100000.0,1,2000.0,1,Petrol,Automatic,Silver,used,1,Mass_Market,Phnom Penh,Tier_1,store,14500.0,0.0,0,0.0,0,112.5,0.0,0,0,2026-08-27 12:18:34.833357+00
13548796,12900.0,9.465060106725137,Toyota,Highlander,2003,23,100000.0,1,2000.0,1,Petrol,Automatic,Black,used,1,Mass_Market,Phnom Penh,Tier_1,store,12900.0,0.0,0,0.0,0,97.8,0.0,0,1,2026-08-27 12:19:41.31905+00
13885990,15300.0,9.635673464721814,Toyota,Highlander,2003,23,100000.0,1,2000.0,1,Petrol,Automatic,Yellow,used,1,Mass_Market,Phnom Penh,Tier_1,store,15300.0,0.0,0,0.0,0,4.5,0.0,0,0,2026-08-19 02:48:12.663945+00
13936016,17500.0,9.770013301136158,Toyota,Highlander,2022,4,100000.0,1,2000.0,1,Petrol,Automatic,Grey,used,1,Mass_Market,Phnom Penh,Tier_1,individual,17500.0,0.0,0,0.0,0,0.0,0.0,0,0,2026-08-27 12:14:31.099579+00
13827236,13500.0,9.510519035757246,Toyota,Highlander,2022,4,100000.0,1,2000.0,1,Petrol,Automatic,White,used,1,Mass_Market,Kampot,Tier_3,individual,13500.0,0.0,0,0.0,0,21.0,0.0,0,0,2026-08-20 08:37:41.026745+00
13927227,11400.0,9.34145634983372,Toyota,Highlander,2003,23,100000.0,1,2000.0,1,Petrol,Automatic,Gold,used,1,Mass_Market,Phnom Penh,Tier_1,individual,11400.0,0.0,0,0.0,0,0.0,0.0,0,0,2026-08-25 10:19:59.410592+00
13640575,13950.0,9.543306469268108,Toyota,Highlander,2003,23,100000.0,1,2000.0,1,Petrol,Automatic,Silver,used,1,Mass_Market,Phnom Penh,Tier_1,store,13950.0,0.0,0,0.0,0,74.4,0.0,0,0,2026-08-26 03:06:05.103662+00
13926948,15800.0,9.6678285081515,Toyota,Highlander,2005,21,100000.0,1,2000.0,1,Petrol,Automatic,Blue,used,1,Mass_Market,Phnom Penh,Tier_1,individual,15800.0,0.0,0,0.0,0,0.0,0.0,0,0,2026-08-25 10:23:24.838353+00
13656847,17900.0,9.792611856190192,Toyota,Highlander,2005,21,100000.0,1,2000.0,1,Petrol,Automatic,Silver,used,1,Mass_Market,Phnom Penh,Tier_1,individual,17900.0,0.0,0,0.0,0,66.3,0.0,0,0,2026-08-22 02:44:51.793467+00
13849572,17200.0,9.75272280064639,Toyota,Highlander,2005,21,100000.0,1,2000.0,1,Petrol,Automatic,White,used,1,Mass_Market,Kandal,Tier_2,individual,17200.0,0.0,0,0.0,0,19.2,0.0,0,0,2026-08-24 10:11:16.252622+00
13639394,17800.0,9.787009914477434,Toyota,Highlander,2005,21,100000.0,1,2000.0,1,Petrol,Automatic,Silver,used,1,Mass_Market,Phnom Penh,Tier_1,store,17500.0,0.0,0,300.0,1,74.6,0.0,0,0,2026-08-26 03:02:30.018016+00
13381745,15500.0,9.648659816955295,Toyota,Highlander,2005,21,100000.0,1,2000.0,1,Petrol,Automatic,Gold,used,1,Mass_Market,Phnom Penh,Tier_1,store,15500.0,0.0,0,0.0,0,141.3,0.0,0,0,2026-08-26 03:03:00.090893+00
13901681,18500.0,9.825580063659602,Toyota,Highlander,2005,21,100000.0,1,2000.0,1,Petrol,Automatic,Unknown,used,1,Mass_Market,Phnom Penh,Tier_1,store,18500.0,0.0,0,0.0,0,0.0,0.0,0,0,2026-08-18 10:18:57.645838+00
13614601,16500.0,9.711176264112805,Toyota,Highlander,2005,21,100000.0,1,2000.0,1,Petrol,Automatic,Gold,used,1,Mass_Market,Phnom Penh,Tier_1,store,16500.0,0.0,0,0.0,0,79.9,0.0,0,0,2026-08-25 10:27:11.133475+00
13580107,14300.0,9.568084743872936,Toyota,Highlander,2002,24,100000.0,1,2000.0,1,Petrol,Automatic,Silver,used,1,Mass_Market,Phnom Penh,Tier_1,store,14300.0,0.0,0,0.0,0,90.2,0.0,0,0,2026-08-27 12:06:34.988135+00
13929564,9900.0,9.200391041122515,Toyota,Highlander,2003,23,100000.0,1,2000.0,1,Petrol,Automatic,Silver,used,1,Mass_Market,Phnom Penh,Tier_1,store,9900.0,0.0,0,0.0,0,0.0,0.0,0,0,2026-08-26 03:01:44.546273+00
13726348,14700.0,9.595670797663967,Toyota,Highlander,2003,23,100000.0,1,2000.0,1,Petrol,Automatic,Gold,used,1,Mass_Market,Battambang,Tier_2,individual,14700.0,0.0,0,0.0,0,54.6,0.0,0,0,2026-08-27 12:05:16.476563+00
13869901,15500.0,9.648659816955295,Toyota,Highlander,2003,23,100000.0,1,2000.0,1,Petrol,Automatic,Gold,used,1,Mass_Market,Tboung Khmum,Tier_3,individual,15500.0,0.0,0,0.0,0,10.6,0.0,0,0,2026-08-21 02:53:13.861772+00
13835925,13800.0,9.53249633228804,Toyota,Highlander,2003,23,100000.0,1,2000.0,1,Petrol,Automatic,Gold,used,1,Mass_Market,Phnom Penh,Tier_1,store,13800.0,0.0,0,0.0,0,26.0,0.0,1,0,2026-08-27 12:11:35.235103+00
13867193,14000.0,9.546884034617925,Toyota,Highlander,2003,23,100000.0,1,2000.0,1,Petrol,Automatic,Gold,used,1,Mass_Market,Phnom Penh,Tier_1,individual,14000.0,0.0,0,0.0,0,11.4,0.0,0,0,2026-08-21 02:53:04.840194+00
13927328,15300.0,9.635673464721814,Toyota,Highlander,2003,23,100000.0,1,2000.0,1,Petrol,Automatic,Gold,used,1,Mass_Market,Svay Rieng,Tier_3,individual,15300.0,0.0,0,0.0,0,0.0,0.0,1,0,2026-08-25 10:18:37.222787+00
13897570,15200.0,9.62911649414402,Toyota,Highlander,2003,23,100000.0,1,2000.0,1,Petrol,Automatic,White,used,1,Mass_Market,Phnom Penh,Tier_1,individual,15200.0,0.0,0,0.0,0,9.8,0.0,0,0,2026-08-27 12:16:24.538384+00
13779592,13900.0,9.539716058977092,Toyota,Highlander,2003,23,100000.0,1,2000.0,1,Petrol,Automatic,White,used,1,Mass_Market,Phnom Penh,Tier_1,individual,13900.0,0.0,0,0.0,0,41.0,0.0,0,0,2026-08-27 12:13:41.43794+00
13792454,12500.0,9.433563920090563,Toyota,Highlander,2003,23,100000.0,1,2000.0,1,Petrol,Automatic,Gold,used,1,Mass_Market,Phnom Penh,Tier_1,store,12500.0,0.0,0,0.0,0,31.8,0.0,0,0,2026-08-22 02:44:57.04094+00
13835542,14350.0,9.571574905170932,Toyota,Highlander,2002,24,100000.0,1,2000.0,1,Petrol,Automatic,Silver,used,1,Mass_Market,Phnom Penh,Tier_1,individual,14350.0,0.0,0,0.0,0,24.6,0.0,0,0,2026-08-26 02:57:34.335295+00
13772002,14900.0,9.60918360377546,Toyota,Highlander,2003,23,100000.0,1,2000.0,1,Petrol,Automatic,White,used,1,Mass_Market,Phnom Penh,Tier_1,store,14900.0,0.0,0,0.0,0,41.6,0.0,0,0,2026-08-26 03:05:47.752875+00
13869589,12300.0,9.417435838868785,Toyota,Highlander,2002,24,100000.0,1,2000.0,1,Petrol,Automatic,Grey,used,1,Mass_Market,Phnom Penh,Tier_1,store,12300.0,0.0,0,0.0,0,17.0,0.0,0,0,2026-08-27 12:12:59.332774+00
13931240,10200.0,9.23024103368252,Toyota,Highlander,2002,24,100000.0,1,2000.0,1,Petrol,Automatic,Black,used,1,Mass_Market,Phnom Penh,Tier_1,individual,10200.0,0.0,0,0.0,0,0.9,0.0,0,1,2026-08-27 12:05:29.676961+00
13926505,12300.0,9.417435838868785,Toyota,Highlander,2002,24,100000.0,1,2000.0,1,Petrol,Automatic,Silver,used,1,Mass_Market,Phnom Penh,Tier_1,individual,12300.0,0.0,0,0.0,0,0.0,0.0,0,0,2026-08-25 10:28:08.796077+00
13914098,13200.0,9.488047863280759,Toyota,Highlander,2002,24,100000.0,1,2000.0,1,Petrol,Automatic,Silver,used,1,Mass_Market,Phnom Penh,Tier_1,individual,13200.0,0.0,0,0.0,0,0.0,0.0,0,0,2026-08-22 02:44:40.070202+00
13862830,12300.0,9.417435838868785,Toyota,Highlander,2002,24,100000.0,1,2000.0,1,Petrol,Automatic,White,used,1,Mass_Market,Phnom Penh,Tier_1,individual,12300.0,0.0,0,0.0,0,17.7,0.0,0,0,2026-08-26 03:01:50.981167+00
13926065,13800.0,9.53249633228804,Toyota,Highlander,2001,25,100000.0,1,2000.0,1,Petrol,Automatic,Silver,used,1,Mass_Market,Phnom Penh,Tier_1,store,13800.0,0.0,0,0.0,0,0.6,0.0,0,0,2026-08-26 03:04:12.877179+00
13934332,9500.0,9.15915233520675,Toyota,Highlander,2001,25,100000.0,1,2000.0,1,Petrol,Automatic,Red,used,1,Mass_Market,Phnom Penh,Tier_1,store,9500.0,0.0,0,0.0,0,0.0,0.0,0,0,2026-08-27 12:06:09.682815+00
13936153,11781.0,9.374328222081633,Toyota,Highlander,2001,25,100000.0,1,2000.0,1,Petrol,Automatic,Gold,used,1,Mass_Market,Phnom Penh,Tier_1,store,11781.0,0.0,0,0.0,0,0.0,0.0,0,0,2026-08-27 12:13:51.003407+00
13697667,11500.0,9.350189267092581,Toyota,Highlander,2001,25,100000.0,1,2000.0,1,Petrol,Automatic,White,used,1,Mass_Market,Phnom Penh,Tier_1,store,11500.0,0.0,0,0.0,0,61.9,0.0,0,0,2026-08-27 12:14:15.093954+00
13642686,13300.0,9.495594499353297,Toyota,Highlander,2001,25,100000.0,1,2000.0,1,Petrol,Automatic,White,used,1,Mass_Market,Phnom Penh,Tier_1,store,13300.0,0.0,0,0.0,0,73.7,0.0,0,0,2026-08-26 03:01:19.457698+00
13681857,11500.0,9.350189267092581,Toyota,Highlander,2002,24,100000.0,1,2000.0,1,Petrol,Automatic,Black,used,1,Mass_Market,Phnom Penh,Tier_1,store,11500.0,0.0,0,0.0,0,65.2,0.0,0,0,2026-08-27 12:10:54.466761+00
13916330,12800.0,9.45727857185611,Toyota,Highlander,2003,23,100000.0,1,2000.0,1,Petrol,Automatic,Gold,used,1,Mass_Market,Banteay Meanchey,Tier_3,individual,12800.0,0.0,0,0.0,0,2.6,0.0,0,0,2026-08-25 10:16:27.611471+00
13917590,16800.0,9.729193687429403,Toyota,Highlander,2003,23,100000.0,1,2000.0,1,Petrol,Automatic,White,used,1,Mass_Market,Phnom Penh,Tier_1,individual,16800.0,0.0,0,0.0,0,0.0,0.0,0,0,2026-08-23 02:53:00.519565+00
13914027,10500.0,9.259225769705994,Toyota,Highlander,2003,23,100000.0,1,2000.0,1,Petrol,Automatic,Gold,used,1,Mass_Market,Phnom Penh,Tier_1,individual,10500.0,0.0,0,0.0,0,0.0,0.0,0,1,2026-08-22 02:44:52.995519+00
13516162,13500.0,9.510519035757246,Toyota,Highlander,2003,23,100000.0,1,2000.0,1,Petrol,Automatic,Black,used,1,Mass_Market,Phnom Penh,Tier_1,individual,13500.0,0.0,0,0.0,0,96.6,0.0,0,0,2026-08-19 02:48:23.682056+00
13634230,15200.0,9.62911649414402,Toyota,Highlander,2003,23,100000.0,1,2000.0,1,Diesel,Automatic,Gold,used,1,Mass_Market,Phnom Penh,Tier_1,store,14800.0,0.0,0,400.0,1,75.7,0.0,0,0,2026-08-26 03:04:51.024887+00
13929174,15800.0,9.6678285081515,Toyota,Highlander,2003,23,100000.0,1,2000.0,1,Petrol,Automatic,Silver,used,1,Mass_Market,Phnom Penh,Tier_1,store,15800.0,0.0,0,0.0,0,1.2,0.0,0,0,2026-08-27 12:07:20.602023+00
13441850,14700.0,9.595670797663967,Toyota,Highlander,2003,23,100000.0,1,2000.0,1,Petrol,Automatic,Gold,used,1,Mass_Market,Phnom Penh,Tier_1,individual,14700.0,0.0,0,0.0,0,122.4,0.0,0,0,2026-08-26 02:58:18.443949+00
13936467,14500.0,9.581972891547895,Toyota,Highlander,2003,23,100000.0,1,2000.0,1,Petrol,Automatic,Blue,used,1,Mass_Market,Phnom Penh,Tier_1,store,14500.0,0.0,0,0.0,0,0.0,0.0,0,0,2026-08-27 12:08:43.255761+00
13251558,12800.0,9.45727857185611,Toyota,Highlander,2003,23,100000.0,1,2000.0,1,Petrol,Automatic,Gold,used,1,Mass_Market,Tboung Khmum,Tier_3,store,12800.0,0.0,0,0.0,0,166.7,0.0,0,0,2026-08-19 02:48:03.341073+00
13794222,12800.0,9.45727857185611,Toyota,Highlander,2003,23,100000.0,1,2000.0,1,Petrol,Automatic,Grey,used,1,Mass_Market,Phnom Penh,Tier_1,store,12800.0,0.0,0,0.0,0,35.6,0.0,0,0,2026-08-26 03:06:13.224382+00
13725333,14700.0,9.595670797663967,Toyota,Highlander,2003,23,100000.0,1,2000.0,1,Petrol,Automatic,Silver,used,1,Mass_Market,Phnom Penh,Tier_1,store,14700.0,0.0,0,0.0,0,54.9,0.0,0,0,2026-08-27 12:10:31.812796+00
13929172,15800.0,9.6678285081515,Toyota,Highlander,2003,23,100000.0,1,2000.0,1,Petrol,Automatic,Unknown,used,1,Mass_Market,Phnom Penh,Tier_1,store,15800.0,0.0,0,0.0,0,1.2,0.0,0,0,2026-08-27 12:09:14.400533+00
13767613,14500.0,9.581972891547895,Toyota,Highlander,2002,24,100000.0,1,2000.0,1,Petrol,Automatic,Grey,used,1,Mass_Market,Phnom Penh,Tier_1,store,14500.0,0.0,0,0.0,0,44.0,0.0,0,0,2026-08-27 12:12:08.925705+00
13449695,13800.0,9.53249633228804,Toyota,Highlander,2002,24,100000.0,1,2000.0,1,Petrol,Automatic,Black,used,1,Mass_Market,Phnom Penh,Tier_1,store,13800.0,0.0,0,0.0,0,120.4,0.0,0,0,2026-08-26 03:08:58.993743+00
13770083,14500.0,9.581972891547895,Toyota,Highlander,2002,24,100000.0,1,2000.0,1,Petrol,Automatic,Gold,used,1,Mass_Market,Phnom Penh,Tier_1,store,14500.0,0.0,0,0.0,0,43.6,0.0,0,0,2026-08-27 12:09:33.519421+00
13406403,18900.0,9.846970109700957,Toyota,Highlander,2006,20,100000.0,1,2000.0,1,Petrol,Automatic,White,used,1,Mass_Market,Phnom Penh,Tier_1,individual,18900.0,0.0,0,0.0,0,133.0,0.0,0,0,2026-08-27 12:17:20.902708+00
13922590,19800.0,9.893487720457795,Toyota,Highlander,2006,20,100000.0,1,2000.0,1,Petrol,Automatic,Gold,used,1,Mass_Market,Phnom Penh,Tier_1,store,19800.0,0.0,0,0.0,0,0.8,0.0,0,0,2026-08-25 10:13:41.24285+00
13801168,20800.0,9.942756341456828,Toyota,Highlander,2006,20,100000.0,1,2000.0,1,Petrol,Automatic,White,used,1,Mass_Market,Phnom Penh,Tier_1,store,20800.0,0.0,0,0.0,0,33.7,0.0,0,0,2026-08-26 02:58:37.85922+00
13924039,13900.0,9.539716058977092,Toyota,Highlander,2002,24,100000.0,1,2000.0,1,Petrol,Automatic,Silver,used,1,Mass_Market,Phnom Penh,Tier_1,store,13900.0,0.0,0,0.0,0,0.6,0.0,0,0,2026-08-25 10:16:51.969879+00
13304339,14000.0,9.546884034617925,Toyota,Highlander,2002,24,100000.0,1,2000.0,1,Petrol,Automatic,Gold,used,1,Mass_Market,Phnom Penh,Tier_1,store,14000.0,0.0,0,0.0,0,162.1,0.0,0,0,2026-08-27 12:13:52.147537+00
13288257,14500.0,9.581972891547895,Toyota,Highlander,2002,24,100000.0,1,2000.0,1,Petrol,Automatic,Gold,used,1,Mass_Market,Phnom Penh,Tier_1,store,14500.0,0.0,0,0.0,0,166.0,0.0,0,0,2026-08-27 12:08:23.094883+00
13449649,14800.0,9.60245002503719,Toyota,Highlander,2002,24,100000.0,1,2000.0,1,Petrol,Automatic,Silver,used,1,Mass_Market,Phnom Penh,Tier_1,store,14800.0,0.0,0,0.0,0,120.4,0.0,0,0,2026-08-26 03:08:58.250817+00
13910628,12800.0,9.45727857185611,Toyota,Highlander,2002,24,100000.0,1,2000.0,1,Petrol,Automatic,Unknown,used,1,Mass_Market,Phnom Penh,Tier_1,store,12800.0,0.0,0,0.0,0,0.0,0.0,0,0,2026-08-21 02:53:18.606973+00
13896215,11500.0,9.350189267092581,Toyota,Highlander,2002,24,100000.0,1,2000.0,1,Electric,Automatic,Silver,used,1,Mass_Market,Phnom Penh,Tier_1,individual,11500.0,0.0,0,0.0,0,10.0,0.0,0,0,2026-08-27 12:09:49.690682+00
13899778,14800.0,9.60245002503719,Toyota,Highlander,2002,24,100000.0,1,2000.0,1,Petrol,Automatic,Silver,used,1,Mass_Market,Phnom Penh,Tier_1,store,14800.0,0.0,0,0.0,0,9.1,0.0,0,0,2026-08-27 12:10:12.992503+00
13917536,11500.0,9.350189267092581,Toyota,Highlander,2002,24,100000.0,1,2000.0,1,Petrol,Automatic,Unknown,used,1,Mass_Market,Phnom Penh,Tier_1,individual,11500.0,0.0,0,0.0,0,0.0,0.0,0,0,2026-08-23 02:53:15.733744+00
13760997,11000.0,9.305741456739435,Toyota,Highlander,2002,24,100000.0,1,2000.0,1,Petrol,Automatic,Gold,used,1,Mass_Market,Phnom Penh,Tier_1,individual,11000.0,0.0,0,0.0,0,36.8,0.0,0,0,2026-08-18 10:19:03.459664+00
13914041,9900.0,9.200391041122515,Toyota,Highlander,2002,24,100000.0,1,2000.0,1,Petrol,Automatic,Silver,used,1,Mass_Market,Phnom Penh,Tier_1,store,9900.0,0.0,0,0.0,0,0.0,0.0,0,0,2026-08-22 02:44:46.737113+00
13803068,44500.0,10.703266939811954,AION,Hyper HT Standard,2024,2,100000.0,1,2000.0,1,Electric,Automatic,White,used,1,Other,Phnom Penh,Tier_1,store,44500.0,0.0,0,0.0,0,27.7,0.0,0,0,2026-08-20 08:37:32.542558+00
13547944,7450.0,8.916103530553727,Hyundai,Kona,2013,13,100000.0,1,2000.0,1,Petrol,Automatic,Unknown,used,1,Mass_Market,Phnom Penh,Tier_1,store,7450.0,0.0,0,0.0,0,88.9,0.0,0,0,2026-08-18 10:18:52.997731+00
13917575,15900.0,9.674137279312397,Mazda,Mazda 2,2023,3,100000.0,1,2000.0,1,Petrol,Automatic,Red,used,1,Mass_Market,Phnom Penh,Tier_1,store,15900.0,0.0,0,0.0,0,0.0,0.0,1,0,2026-08-23 02:53:08.835042+00
13936478,22500.0,10.021315031649332,Tesla,Model 3,2022,4,100000.0,1,2000.0,1,Electric,Automatic,White,new,0,Other,Phnom Penh,Tier_1,individual,22500.0,0.0,0,0.0,0,0.0,0.0,0,0,2026-08-27 12:08:28.403342+00
13471426,39900.0,10.594156665220533,Tesla,Model 3,2025,1,100000.0,1,2000.0,1,Electric,Automatic,Black,used,1,Other,Phnom Penh,Tier_1,individual,39900.0,0.0,0,0.0,0,110.6,0.0,0,0,2026-08-22 02:44:41.415085+00
13923723,15500.0,9.648659816955295,Tesla,Model 3,2019,7,100000.0,1,2000.0,1,Electric,Automatic,White,new,0,Other,Phnom Penh,Tier_1,store,15500.0,0.0,0,0.0,0,1.4,0.0,0,0,2026-08-26 02:59:53.572346+00
13923450,13800.0,9.53249633228804,Tesla,Model 3,2019,7,100000.0,1,2000.0,1,Electric,Automatic,Grey,used,0,Other,Phnom Penh,Tier_1,store,13800.0,0.0,0,0.0,0,0.0,0.0,0,0,2026-08-24 10:11:07.049534+00
13589817,13300.0,9.495594499353297,Tesla,Model 3,2019,7,100000.0,1,2000.0,1,Electric,Automatic,Grey,new,0,Other,Siem Reap,Tier_2,store,13300.0,0.0,0,0.0,0,82.5,0.0,0,0,2026-08-22 02:44:52.993553+00
13836559,16500.0,9.711176264112805,Tesla,Model 3,2018,8,100000.0,1,2000.0,1,Electric,Automatic,Blue,used,1,Other,Phnom Penh,Tier_1,store,16500.0,0.0,0,0.0,0,25.9,0.0,0,0,2026-08-27 12:17:44.424641+00
13814052,18500.0,9.825580063659602,Tesla,Model 3,2021,5,100000.0,1,2000.0,1,Electric,Automatic,Black,used,0,Other,Phnom Penh,Tier_1,store,18500.0,0.0,0,0.0,0,30.2,0.0,0,0,2026-08-26 03:00:00.631989+00
13887755,17500.0,9.770013301136158,Tesla,Model 3,2021,5,100000.0,1,2000.0,1,Electric,Automatic,White,new,0,Other,Siem Reap,Tier_2,store,17500.0,0.0,0,0.0,0,7.2,0.0,0,0,2026-08-22 02:44:51.796851+00
13788847,21500.0,9.975854724662028,Tesla,Model 3,2018,8,100000.0,1,2000.0,1,Electric,Automatic,White,used,0,Other,Phnom Penh,Tier_1,store,21500.0,0.0,0,0.0,0,36.7,0.0,0,0,2026-08-26 02:57:14.789872+00
13875700,17900.0,9.792611856190192,Tesla,Model 3,2018,8,100000.0,1,2000.0,1,Electric,Automatic,Black,used,0,Other,Phnom Penh,Tier_1,individual,17900.0,0.0,0,0.0,0,14.3,0.0,0,0,2026-08-26 03:09:34.829242+00
13923256,14500.0,9.581972891547895,Tesla,Model 3,2018,8,100000.0,1,2000.0,1,Electric,Automatic,White,used,0,Other,Phnom Penh,Tier_1,store,14500.0,0.0,0,0.0,0,0.0,0.0,0,0,2026-08-24 10:11:15.249258+00
13911987,15500.0,9.648659816955295,Tesla,Model 3,2018,8,100000.0,1,2000.0,1,Electric,Automatic,White,used,0,Other,Phnom Penh,Tier_1,store,15500.0,0.0,0,0.0,0,5.9,0.0,0,0,2026-08-27 12:12:22.513553+00
13930290,13900.0,9.539716058977092,Tesla,Model 3,2018,8,100000.0,1,2000.0,1,Electric,Automatic,Black,used,0,Other,Phnom Penh,Tier_1,store,13900.0,0.0,0,0.0,0,1.0,0.0,0,1,2026-08-27 12:19:14.699652+00
13893354,19250.0,9.865318286418624,Tesla,Model 3,2020,6,100000.0,1,2000.0,1,Electric,Automatic,White,used,1,Other,Phnom Penh,Tier_1,individual,19250.0,0.0,0,0.0,0,8.8,0.0,0,0,2026-08-25 10:14:08.018935+00
13855326,21900.0,9.994287576862567,Tesla,Model 3,2023,3,100000.0,1,2000.0,1,Electric,Automatic,Unknown,used,0,Other,Phnom Penh,Tier_1,store,21900.0,0.0,0,0.0,0,12.6,0.0,0,0,2026-08-19 02:48:10.238386+00
13548540,8500.0,9.04793908261736,Mitsubishi,Montero,2003,23,100000.0,1,2000.0,1,Petrol,Automatic,Silver,used,1,Mass_Market,Phnom Penh,Tier_1,store,8500.0,0.0,0,0.0,0,97.9,0.0,0,0,2026-08-27 12:08:18.248831+00
13919412,3900.0,8.268988209506656,Mitsubishi,Montero,1994,32,100000.0,1,2000.0,1,Diesel,Automatic,Black,used,1,Mass_Market,Phnom Penh,Tier_1,store,3900.0,0.0,0,0.0,0,0.7,0.0,0,1,2026-08-24 10:11:09.075067+00
13473140,3100.0,8.03947991910045,Mitsubishi,Montero,1995,31,100000.0,1,2000.0,1,Petrol,Manual,Black,used,1,Mass_Market,Kampot,Tier_3,individual,3100.0,0.0,0,0.0,0,112.5,0.0,0,1,2026-08-24 10:11:16.252622+00
13859050,4500.0,8.412054873292933,Mitsubishi,Montero,1995,31,100000.0,1,2000.0,1,Diesel,Automatic,Black,used,1,Mass_Market,Phnom Penh,Tier_1,individual,4500.0,0.0,0,0.0,0,18.6,0.0,0,1,2026-08-26 02:55:43.200664+00
13849120,11900.0,9.38437770918244,Nissan,NV350,2014,12,100000.0,1,2000.0,1,Diesel,Manual,White,used,1,Mass_Market,Phnom Penh,Tier_1,store,11900.0,0.0,0,0.0,0,20.5,0.0,0,1,2026-08-25 10:26:02.574823+00
13821138,12500.0,9.433563920090563,Nissan,NV350,2014,12,100000.0,1,2000.0,1,Diesel,Manual,White,used,1,Mass_Market,Phnom Penh,Tier_1,store,12500.0,0.0,0,0.0,0,27.8,0.0,0,1,2026-08-25 10:28:18.034077+00
13858964,39500.0,10.584081267024454,Lexus,NX 200T F,2016,10,100000.0,1,2000.0,1,Petrol,Automatic,Unknown,used,0,Luxury,Phnom Penh,Tier_1,store,39500.0,0.0,0,0.0,0,11.0,0.0,1,0,2026-08-18 10:18:58.596107+00
13683803,28500.0,10.25769445336048,Lexus,Nx 200t,2015,11,100000.0,1,2000.0,1,Petrol,Automatic,Unknown,used,1,Luxury,Phnom Penh,Tier_1,individual,28500.0,0.0,0,0.0,0,63.6,0.0,1,0,2026-08-26 03:10:04.763038+00
13829040,7999.0,8.987196820661973,BESTUNE,PONY,2026,0,100000.0,1,2000.0,1,Electric,Automatic,Blue,new,0,Other,Phnom Penh,Tier_1,store,7999.0,0.0,0,0.0,0,25.8,0.0,0,0,2026-08-25 10:23:56.537707+00
13453366,22700.0,10.030164255362632,Toyota,PriusV Option5,2015,11,100000.0,1,2000.0,1,Petrol,Automatic,Unknown,used,1,Mass_Market,Phnom Penh,Tier_1,store,22700.0,0.0,0,0.0,0,111.8,0.0,0,0,2026-08-18 10:18:56.72048+00
13929590,35800.0,10.485731104959568,Audi,Q7,2017,9,100000.0,1,2000.0,1,Petrol,Automatic,White,used,1,Luxury,Phnom Penh,Tier_1,store,35800.0,0.0,0,0.0,0,0.0,0.0,0,0,2026-08-26 03:00:39.082084+00
13923337,31500.0,10.357774570341576,Audi,Q7,2017,9,100000.0,1,2000.0,1,Petrol,Automatic,Unknown,used,1,Luxury,Phnom Penh,Tier_1,store,31500.0,0.0,0,0.0,0,0.0,0.0,0,0,2026-08-24 10:11:13.116557+00
13901643,31500.0,10.357774570341576,Audi,Q7,2017,9,100000.0,1,2000.0,1,Petrol,Automatic,Unknown,used,1,Luxury,Phnom Penh,Tier_1,store,31500.0,0.0,0,0.0,0,0.0,0.0,0,0,2026-08-18 10:18:58.596107+00
13903488,31500.0,10.357774570341576,Audi,Q7,2017,9,100000.0,1,2000.0,1,Petrol,Automatic,Unknown,used,1,Luxury,Phnom Penh,Tier_1,store,31500.0,0.0,0,0.0,0,0.0,0.0,0,0,2026-08-19 02:48:04.750542+00
13739030,19565.0,9.881548645017373,Audi,Q7,2014,12,100000.0,1,2000.0,1,Diesel,Automatic,White,used,1,Luxury,Phnom Penh,Tier_1,store,19565.0,0.0,0,0.0,0,49.7,0.0,0,0,2026-08-26 03:01:47.010743+00
13518616,14200.0,9.561067663645012,Audi,Q7,2014,12,100000.0,1,2000.0,1,Diesel,Automatic,White,used,1,Luxury,Phnom Penh,Tier_1,individual,14200.0,0.0,0,0.0,0,104.5,0.0,1,0,2026-08-27 12:20:11.325429+00
13603983,14000.0,9.546884034617925,Audi,Q7,2014,12,100000.0,1,2000.0,1,Diesel,Automatic,White,used,0,Luxury,Phnom Penh,Tier_1,store,14000.0,0.0,0,0.0,0,83.2,0.0,1,1,2026-08-26 03:06:00.096045+00
13929619,31500.0,10.357774570341576,Audi,Q7,2017,9,100000.0,1,2000.0,1,Petrol,Automatic,Black,used,1,Luxury,Phnom Penh,Tier_1,store,31500.0,0.0,0,0.0,0,0.0,0.0,0,0,2026-08-26 02:58:19.189375+00
13511818,21900.0,9.994287576862567,Audi,Q7,2015,11,100000.0,1,2000.0,1,Petrol,Automatic,White,used,1,Luxury,Phnom Penh,Tier_1,store,21900.0,0.0,0,0.0,0,104.7,0.0,0,0,2026-08-26 02:59:05.164899+00
13908315,31500.0,10.357774570341576,Audi,Q7,2017,9,100000.0,1,2000.0,1,Petrol,Automatic,Unknown,used,1,Luxury,Phnom Penh,Tier_1,store,31500.0,0.0,0,0.0,0,0.0,0.0,0,0,2026-08-20 08:37:51.425665+00
13927012,31500.0,10.357774570341576,Audi,Q7,2017,9,100000.0,1,2000.0,1,Petrol,Automatic,Black,used,1,Luxury,Phnom Penh,Tier_1,store,31500.0,0.0,0,0.0,0,0.0,0.0,0,0,2026-08-25 10:22:45.974932+00
13457503,8800.0,9.082620630373812,Audi,Q7,2007,19,100000.0,1,2000.0,1,Diesel,Automatic,Black,used,1,Luxury,Phnom Penh,Tier_1,individual,8800.0,0.0,0,0.0,0,118.5,0.0,0,0,2026-08-26 03:04:02.967141+00
13897265,31500.0,10.357774570341576,Audi,Q7,2017,9,100000.0,1,2000.0,1,Petrol,Automatic,Unknown,used,1,Luxury,Phnom Penh,Tier_1,store,31500.0,0.0,0,0.0,0,0.0,0.0,0,0,2026-08-17 08:50:55.851168+00
13735997,24300.0,10.098272780745283,Audi,Q7,2017,9,100000.0,1,2000.0,1,Petrol,Automatic,White,used,1,Luxury,Phnom Penh,Tier_1,individual,24300.0,0.0,0,0.0,0,49.8,0.0,0,0,2026-08-25 10:25:17.673533+00
13917627,35800.0,10.485731104959568,Audi,Q7,2017,9,100000.0,1,2000.0,1,Petrol,Automatic,Unknown,used,1,Luxury,Phnom Penh,Tier_1,store,35800.0,0.0,0,0.0,0,0.0,0.0,0,0,2026-08-23 02:52:55.416378+00
13926971,35800.0,10.485731104959568,Audi,Q7,2017,9,100000.0,1,2000.0,1,Petrol,Automatic,White,used,1,Luxury,Phnom Penh,Tier_1,store,35800.0,0.0,0,0.0,0,0.0,0.0,0,0,2026-08-25 10:23:09.521668+00
13936398,35800.0,10.485731104959568,Audi,Q7,2017,9,100000.0,1,2000.0,1,Petrol,Automatic,White,used,1,Luxury,Phnom Penh,Tier_1,store,35800.0,0.0,0,0.0,0,0.0,0.0,0,0,2026-08-27 12:10:21.500407+00
13927757,7400.0,8.909370405197466,Audi,Q7,2011,15,100000.0,1,2000.0,1,Diesel,Automatic,White,used,0,Luxury,Phnom Penh,Tier_1,store,7400.0,0.0,0,0.0,0,1.8,0.0,1,0,2026-08-27 12:14:10.502744+00
13885577,12000.0,9.392745258631441,Audi,Q7,2013,13,100000.0,1,2000.0,1,Diesel,Automatic,White,used,1,Luxury,Phnom Penh,Tier_1,individual,12000.0,0.0,0,0.0,0,13.0,0.0,0,0,2026-08-27 12:16:03.899954+00
13798985,9000.0,9.105090961257085,Audi,Q7,2008,18,100000.0,1,2000.0,1,Diesel,Automatic,Black,used,1,Luxury,Phnom Penh,Tier_1,store,9000.0,0.0,0,0.0,0,35.9,0.0,0,0,2026-08-27 12:18:04.906991+00
13927620,7600.0,8.936035096566041,Audi,Q7,2008,18,100000.0,1,2000.0,1,Diesel,Automatic,White,used,1,Luxury,Phnom Penh,Tier_1,individual,7600.0,0.0,0,0.0,0,0.0,0.0,0,0,2026-08-25 10:15:11.768922+00
13840385,17500.0,9.770013301136158,Mercedes-Benz,S350,2007,19,100000.0,1,2000.0,1,Petrol,Automatic,Black,used,1,Luxury,Phnom Penh,Tier_1,individual,17500.0,0.0,0,0.0,0,22.7,0.0,0,0,2026-08-25 10:19:48.506203+00
13931495,23500.0,10.064798252418377,Mercedes-Benz,S350,2015,11,100000.0,1,2000.0,1,Diesel,Automatic,White,used,0,Luxury,Phnom Penh,Tier_1,store,23500.0,0.0,0,0.0,0,0.9,0.0,0,0,2026-08-27 12:18:20.93346+00
13480233,42000.0,10.645448706505872,Mercedes-Benz,S350,2015,11,100000.0,1,2000.0,1,Diesel,Automatic,Black,used,1,Luxury,Phnom Penh,Tier_1,store,42000.0,0.0,0,0.0,0,112.4,0.0,0,0,2026-08-26 03:01:04.177836+00
13805835,28500.0,10.25769445336048,Mercedes-Benz,S350,2016,10,100000.0,1,2000.0,1,Diesel,Automatic,Black,used,1,Luxury,Phnom Penh,Tier_1,individual,28500.0,0.0,0,0.0,0,34.0,0.0,0,0,2026-08-27 12:06:12.557499+00
13519608,3800.0,8.24301946898925,Mercedes-Benz,S350,2001,25,100000.0,1,2000.0,1,Diesel,Automatic,Black,used,1,Luxury,Phnom Penh,Tier_1,individual,3800.0,0.0,0,0.0,0,102.0,0.0,0,0,2026-08-25 10:28:04.774308+00
13798675,26600.0,10.188704088048116,BYD,SEAL,2025,1,100000.0,1,2000.0,1,Hybrid,Automatic,Other,new,0,Chinese_EV,Phnom Penh,Tier_1,store,26600.0,0.0,0,0.0,0,35.9,0.0,0,0,2026-08-27 12:06:56.600089+00
13744283,51800.0,10.85516473308054,ផ្សេងៗ,TITANIUM 7,2026,0,100000.0,1,2000.0,1,Hybrid,Automatic,Black,new,0,Other,Phnom Penh,Tier_1,store,51800.0,0.0,0,0.0,0,49.9,0.0,0,0,2026-08-27 12:12:44.835725+00
13936234,48800.0,10.795506083434564,ផ្សេងៗ,Tank300,2025,1,100000.0,1,2000.0,1,Petrol,Automatic,White,used,1,Other,Phnom Penh,Tier_1,store,48800.0,0.0,0,0.0,0,0.0,0.0,0,0,2026-08-27 12:13:10.413638+00
13890014,29000.0,10.275085591132715,CHANGAN,UNI-K,2023,3,100000.0,1,2000.0,1,Petrol,Automatic,Blue,used,0,Other,Phnom Penh,Tier_1,individual,29000.0,0.0,0,0.0,0,11.9,0.0,0,0,2026-08-27 12:07:08.127403+00
13669489,33900.0,10.431199791458543,CHANGAN,UNI-K,2023,3,100000.0,1,2000.0,1,Petrol,Automatic,White,used,1,Other,Phnom Penh,Tier_1,store,33900.0,0.0,0,0.0,0,67.3,0.0,0,0,2026-08-26 02:59:43.624245+00
13896606,24500.0,10.106469212026385,Ford,Windstar,2014,12,100000.0,1,2000.0,1,Diesel,Automatic,Grey,used,1,Mass_Market,Phnom Penh,Tier_1,store,24500.0,0.0,0,0.0,0,8.6,0.0,0,0,2026-08-26 03:04:19.841443+00
13896460,22678.0,10.029194665158862,Ford,Windstar,2016,10,100000.0,1,2000.0,1,Petrol,Automatic,Black,used,1,Mass_Market,Phnom Penh,Tier_1,store,22678.0,0.0,0,0.0,0,8.6,0.0,0,0,2026-08-26 03:04:21.049213+00
13873357,43500.0,10.680539205318292,Jeep,Wrangler,2018,8,100000.0,1,2000.0,1,Petrol,Automatic,Black,used,0,Mass_Market,Phnom Penh,Tier_1,store,43500.0,0.0,0,0.0,0,14.7,0.0,0,0,2026-08-26 03:02:37.415187+00
13846597,58800.0,10.981914140544825,Jeep,Wrangler,2021,5,100000.0,1,2000.0,1,Petrol,Automatic,Grey,used,1,Mass_Market,Phnom Penh,Tier_1,store,58800.0,0.0,0,0.0,0,23.0,0.0,0,0,2026-08-27 12:05:54.030512+00
13712352,37000.0,10.518700218288165,Jeep,Wrangler,2019,7,100000.0,1,2000.0,1,Petrol,Automatic,Grey,used,1,Mass_Market,Phnom Penh,Tier_1,individual,37000.0,0.0,0,0.0,0,48.9,0.0,0,0,2026-08-18 10:18:56.719478+00
13514206,45500.0,10.725489582719506,Jeep,Wrangler,2019,7,100000.0,1,2000.0,1,Petrol,Automatic,Black,used,0,Mass_Market,Phnom Penh,Tier_1,store,45500.0,0.0,0,0.0,0,101.3,0.0,0,1,2026-08-23 02:53:03.744205+00
13927707,39500.0,10.584081267024454,Jeep,Wrangler,2019,7,100000.0,1,2000.0,1,Petrol,Automatic,Black,new,0,Mass_Market,Phnom Penh,Tier_1,individual,39500.0,0.0,0,0.0,0,0.0,0.0,0,0,2026-08-25 10:15:50.61041+00
13436562,43500.0,10.680539205318292,Jeep,Wrangler,2019,7,100000.0,1,2000.0,1,Petrol,Automatic,Grey,used,0,Mass_Market,Phnom Penh,Tier_1,store,43500.0,0.0,0,0.0,0,122.9,0.0,0,0,2026-08-25 10:24:03.569087+00
13904362,66000.0,11.097425172408931,Jeep,Wrangler,2023,3,100000.0,1,2000.0,1,Petrol,Automatic,White,used,1,Mass_Market,Phnom Penh,Tier_1,store,66000.0,0.0,0,0.0,0,8.0,0.0,0,0,2026-08-27 12:19:51.090175+00
13798929,45500.0,10.725489582719506,Jeep,Wrangler,2019,7,100000.0,1,2000.0,1,Petrol,Automatic,Black,used,0,Mass_Market,Phnom Penh,Tier_1,store,45500.0,0.0,0,0.0,0,35.9,0.0,0,0,2026-08-27 12:18:08.036404+00
13886732,47800.0,10.774801838762809,Jeep,Wrangler,2020,6,100000.0,1,2000.0,1,Petrol,Automatic,Black,used,1,Mass_Market,Phnom Penh,Tier_1,store,47800.0,0.0,0,0.0,0,12.9,0.0,0,0,2026-08-27 12:19:17.672845+00
13883246,49900.0,10.817796321618971,Jeep,Wrangler,2020,6,100000.0,1,2000.0,1,Petrol,Automatic,Grey,used,0,Mass_Market,Phnom Penh,Tier_1,store,49900.0,0.0,0,0.0,0,11.7,0.0,0,0,2026-08-25 10:28:50.483516+00
13929505,53000.0,10.87806606028079,Jeep,Wrangler,2020,6,100000.0,1,2000.0,1,Petrol,Manual,Black,new,0,Mass_Market,Phnom Penh,Tier_1,store,53000.0,0.0,0,0.0,0,0.0,0.0,0,0,2026-08-26 03:02:57.154347+00
13913055,37500.0,10.53212287826962,Jeep,Wrangler,2018,8,100000.0,1,2000.0,1,Petrol,Automatic,Black,used,1,Mass_Market,Phnom Penh,Tier_1,store,37500.0,0.0,0,0.0,0,3.6,0.0,0,0,2026-08-25 10:16:30.488398+00
13662232,42000.0,10.645448706505872,Jeep,Wrangler,2018,8,100000.0,1,2000.0,1,Petrol,Automatic,Black,used,1,Mass_Market,Phnom Penh,Tier_1,store,42000.0,0.0,0,0.0,0,64.8,0.0,0,0,2026-08-22 02:44:40.068711+00
13616754,49500.0,10.809748150372926,Jeep,Wrangler,2019,7,100000.0,1,2000.0,1,Petrol,Automatic,Grey,new,0,Mass_Market,Phnom Penh,Tier_1,store,49500.0,0.0,0,0.0,0,81.2,0.0,0,0,2026-08-27 12:17:00.866336+00
13910650,37700.0,10.537441898283253,Jeep,Wrangler,2018,8,100000.0,1,2000.0,1,Petrol,Automatic,Black,used,1,Mass_Market,Phnom Penh,Tier_1,store,37700.0,0.0,0,0.0,0,0.0,0.0,0,0,2026-08-21 02:53:12.549101+00
13873783,39999.0,10.596634733096073,Jeep,Wrangler,2018,8,100000.0,1,2000.0,1,Petrol,Automatic,Grey,used,1,Mass_Market,Phnom Penh,Tier_1,individual,41999.0,2000.0,1,0.0,0,16.0,0.0,0,0,2026-08-27 12:19:49.332925+00
13915129,37700.0,10.537441898283253,Jeep,Wrangler,2018,8,100000.0,1,2000.0,1,Petrol,Automatic,Black,used,1,Mass_Market,Phnom Penh,Tier_1,store,37700.0,0.0,0,0.0,0,2.9,0.0,0,0,2026-08-25 10:19:07.391917+00
13268897,34800.0,10.457401400981889,Jeep,Wrangler,2018,8,100000.0,1,2000.0,1,Petrol,Automatic,Grey,used,1,Mass_Market,Phnom Penh,Tier_1,individual,34800.0,0.0,0,0.0,0,169.4,0.0,0,0,2026-08-26 03:03:20.272996+00
13873563,43500.0,10.680539205318292,Jeep,Wrangler,2018,8,100000.0,1,2000.0,1,Petrol,Automatic,Black,used,0,Mass_Market,Phnom Penh,Tier_1,store,43500.0,0.0,0,0.0,0,14.0,0.0,0,0,2026-08-25 10:19:03.060074+00
13745327,59500.0,10.993748398115178,Jeep,Wrangler,2024,2,100000.0,1,2000.0,1,Hybrid,Automatic,Black,used,0,Mass_Market,Phnom Penh,Tier_1,store,59500.0,0.0,0,0.0,0,45.4,0.0,0,0,2026-08-23 02:53:05.435259+00
13883679,59900.0,11.000448478455008,Jeep,Wrangler,2024,2,100000.0,1,2000.0,1,Hybrid,Automatic,Grey,used,0,Mass_Market,Phnom Penh,Tier_1,store,59900.0,0.0,0,0.0,0,12.2,0.0,0,0,2026-08-26 03:05:51.328939+00
13867430,68500.0,11.134603622683905,Jeep,Wrangler,2024,2,100000.0,1,2000.0,1,Hybrid,Automatic,Black,new,0,Mass_Market,Phnom Penh,Tier_1,individual,68500.0,0.0,0,0.0,0,11.4,0.0,0,0,2026-08-21 02:53:23.579165+00
13539991,35000.0,10.463131911491967,Jeep,Wrangler,2019,7,100000.0,1,2000.0,1,Petrol,Automatic,Red,used,1,Mass_Market,Phnom Penh,Tier_1,store,35000.0,0.0,0,0.0,0,98.4,0.0,0,0,2026-08-26 02:56:49.344164+00
13893250,48900.0,10.797553125151618,Jeep,Wrangler,2021,5,100000.0,1,2000.0,1,Petrol,Automatic,Blue,used,1,Mass_Market,Phnom Penh,Tier_1,individual,48900.0,0.0,0,0.0,0,9.5,0.0,0,0,2026-08-26 02:56:10.179731+00
13877751,54000.0,10.896757843893464,Jeep,Wrangler,2021,5,100000.0,1,2000.0,1,Petrol,Automatic,Black,used,0,Mass_Market,Phnom Penh,Tier_1,individual,54000.0,0.0,0,0.0,0,6.6,0.0,0,0,2026-08-19 02:48:15.436942+00
13796357,57500.0,10.959557617938563,Jeep,Wrangler,2021,5,100000.0,1,2000.0,1,Petrol,Automatic,Black,used,1,Mass_Market,Phnom Penh,Tier_1,store,57500.0,0.0,0,0.0,0,36.5,0.0,1,0,2026-08-27 12:20:39.75105+00
13792508,58800.0,10.981914140544825,Jeep,Wrangler,2021,5,100000.0,1,2000.0,1,Petrol,Automatic,Grey,used,1,Mass_Market,Phnom Penh,Tier_1,store,58800.0,0.0,0,0.0,0,30.8,0.0,0,0,2026-08-21 02:53:17.470515+00
13922601,36800.0,10.513280297700861,Jeep,Wrangler,2020,6,100000.0,1,2000.0,1,Petrol,Automatic,Black,used,0,Mass_Market,Phnom Penh,Tier_1,store,37000.0,200.0,1,0.0,0,2.9,0.0,1,0,2026-08-27 12:05:52.857478+00
13936326,129900.0,11.774527900858468,BMW,X7,2023,3,100000.0,1,2000.0,1,Petrol,Automatic,White,used,1,Luxury,Phnom Penh,Tier_1,store,129900.0,0.0,0,0.0,0,0.0,0.0,0,0,2026-08-27 12:11:38.216468+00
13926553,129900.0,11.774527900858468,BMW,X7,2023,3,100000.0,1,2000.0,1,Petrol,Automatic,White,used,1,Luxury,Phnom Penh,Tier_1,store,129900.0,0.0,0,0.0,0,0.0,0.0,0,0,2026-08-25 10:27:26.82348+00
13929565,129900.0,11.774527900858468,BMW,X7,2023,3,100000.0,1,2000.0,1,Petrol,Automatic,White,used,1,Luxury,Phnom Penh,Tier_1,store,129900.0,0.0,0,0.0,0,0.0,0.0,0,0,2026-08-26 03:01:43.942755+00
13901658,125000.0,11.736077016252437,BMW,X7,2023,3,100000.0,1,2000.0,1,Petrol,Automatic,Unknown,used,1,Luxury,Phnom Penh,Tier_1,store,125000.0,0.0,0,0.0,0,0.0,0.0,0,0,2026-08-18 10:18:58.596107+00
13903428,135000.0,11.813037464800539,BMW,X7,2023,3,100000.0,1,2000.0,1,Petrol,Automatic,Unknown,used,1,Luxury,Phnom Penh,Tier_1,store,135000.0,0.0,0,0.0,0,0.0,0.0,0,0,2026-08-19 02:48:12.663037+00
13606169,18500.0,9.825580063659602,JETOUR,X70,2022,4,100000.0,1,2000.0,1,Petrol,Automatic,White,used,1,Other,Phnom Penh,Tier_1,store,18500.0,0.0,0,0.0,0,84.0,0.0,0,0,2026-08-27 12:16:54.938241+00
13913849,19700.0,9.888424674859083,MG,ZS,2025,1,100000.0,1,2000.0,1,Petrol,Automatic,White,used,1,Chinese_EV,Phnom Penh,Tier_1,individual,19700.0,0.0,0,0.0,0,3.1,0.0,0,0,2026-08-25 10:27:17.001623+00
13926561,16900.0,9.735128070758227,MG,ZS,2021,5,100000.0,1,2000.0,1,Petrol,Automatic,White,used,1,Chinese_EV,Phnom Penh,Tier_1,individual,16900.0,0.0,0,0.0,0,0.0,0.0,0,0,2026-08-25 10:27:21.344346+00
13494065,25300.0,10.138599199626192,MG,ZS,2021,5,100000.0,1,2000.0,1,Petrol,Automatic,Green,used,1,Chinese_EV,Phnom Penh,Tier_1,store,25300.0,0.0,0,0.0,0,100.5,0.0,0,0,2026-08-17 08:51:02.680458+00
13555356,23500.0,10.064798252418377,Honda,eNP2,2025,1,100000.0,1,2000.0,1,Electric,Automatic,Silver,new,0,Mass_Market,Phnom Penh,Tier_1,store,23500.0,0.0,0,0.0,0,87.1,0.0,0,0,2026-08-18 10:19:08.121567+00
13474879,25800.0,10.158168529848494,Honda,eNP2,2025,1,100000.0,1,2000.0,1,Electric,Automatic,Silver,new,0,Mass_Market,Phnom Penh,Tier_1,store,25800.0,0.0,0,0.0,0,115.0,0.0,0,0,2026-08-27 12:07:54.142603+00
13927080,100000.0,11.51293546492023,Mercedes-Benz,l 4 Doors,2020,6,100000.0,1,2000.0,1,Petrol,Automatic,Blue,used,1,Luxury,Phnom Penh,Tier_1,store,100000.0,0.0,0,0.0,0,0.0,0.0,0,0,2026-08-25 10:21:29.137231+00
13897124,12000.0,9.392745258631441,Audi,q7,2012,14,100000.0,1,2000.0,1,Petrol,Automatic,White,used,1,Luxury,Phnom Penh,Tier_1,individual,12000.0,0.0,0,0.0,0,0.0,0.0,0,0,2026-08-17 08:51:01.690288+00
13750741,11900.0,9.38437770918244,Toyota,sienna,2005,21,100000.0,1,2000.0,1,Petrol,Automatic,White,used,1,Mass_Market,Siem Reap,Tier_2,store,11900.0,0.0,0,0.0,0,42.9,0.0,0,0,2026-08-22 02:45:00.820608+00
