listing_id,price,log_price,vehicle_brand,vehicle_model,vehicle_model_year,vehicle_age,vehicle_mileage_km,is_mileage_missing,vehicle_engine_cc,is_engine_cc_missing,vehicle_body_type,vehicle_fuel_type,vehicle_transmission,vehicle_color,vehicle_condition,is_plate_number,brand_category,province,location_tier,seller_type,has_full_option,is_urgent_sale,posted_at,scraped_at,scrape_date
13523962,49999.0,10.819778284410283,Isuzu,D-Max,2026,0,,1,,1,Pickup,Diesel,Automatic,Grey,new,0,Mass_Market,Siem Reap,Tier_2,store,0,0,2026-05-16 10:34:20,2026-09-05T07:01:25.530421+00:00,2026-09-05
13295710,36800.0,10.513280297700861,Mercedes-Benz,S-Class,2015,11,,1,,1,Sedan,Petrol,Automatic,Black,used,0,Luxury,Phnom Penh,Tier_1,store,0,0,2026-03-16 13:05:11,2026-09-06T07:12:09.820692+00:00,2026-09-06
13304811,29200.0,10.281958234245314,Mercedes-Benz,C-Class,2015,11,,1,,1,Sedan,Petrol,Automatic,White,used,0,Luxury,Phnom Penh,Tier_1,store,0,0,2026-03-18 11:47:37,2026-09-05T06:58:38.164921+00:00,2026-09-05
13307725,35500.0,10.477316144080852,Mercedes-Benz,S-Class,2015,11,,1,,1,Sedan,Petrol,Automatic,Silver,used,0,Luxury,Phnom Penh,Tier_1,store,0,0,2026-03-18 22:51:59,2026-09-06T07:12:08.965873+00:00,2026-09-06
13634273,36900.0,10.515993929932415,Mercedes-Benz,C-Class,2016,10,,1,,1,SUV,Petrol,Automatic,White,used,1,Luxury,Phnom Penh,Tier_1,store,1,0,2026-06-11 10:24:20,2026-09-06T07:10:45.100293+00:00,2026-09-06
13846886,25000.0,10.12667110305036,Mercedes-Benz,C-Class,2015,11,100,0,,1,Sedan,Petrol,Automatic,Black,used,1,Luxury,Phnom Penh,Tier_1,store,0,0,2026-08-04 12:15:49,2026-09-05T07:01:17.926425+00:00,2026-09-05
13890641,28800.0,10.268165387743457,Mercedes-Benz,C-Class,2015,11,,1,,1,Sedan,Petrol,Automatic,Black,used,0,Luxury,Phnom Penh,Tier_1,store,0,0,2026-08-15 19:13:56,2026-09-06T07:12:15.316106+00:00,2026-09-06
13896417,4567.0,8.426830751335846,Mercedes-Benz,ផ្សេងៗ,2003,23,,1,,1,Sedan,Petrol,Automatic,Silver,used,1,Luxury,Phnom Penh,Tier_1,store,0,0,2026-08-17 12:13:44,2026-09-02T09:55:35.894791+00:00,2026-09-02
13947366,9800.0,9.19023970026918,Mercedes-Benz,W201,1999,27,,1,3200,0,Sedan,Petrol,Automatic,Black,used,1,Luxury,Phnom Penh,Tier_1,store,0,0,2026-08-30 20:11:30,2026-09-06T07:13:39.486962+00:00,2026-09-06
13947703,33000.0,10.404293143019792,Mercedes-Benz,Maybach,2016,10,,1,,1,Sedan,Diesel,Automatic,Black,used,1,Luxury,Phnom Penh,Tier_1,store,0,0,2026-08-30 23:17:54,2026-09-02T09:53:08.861893+00:00,2026-09-02
13951124,25288.0,10.138124797561552,Mercedes-Benz,C-Class,2015,11,,1,,1,Sedan,Petrol,Automatic,Black,used,1,Luxury,Phnom Penh,Tier_1,store,0,0,2026-08-31 18:23:26,2026-09-06T07:11:33.406038+00:00,2026-09-06
13957900,18700.0,9.83633227734872,Mercedes-Benz,C-Class,2015,11,,1,,1,Sedan,Petrol,Automatic,White,used,1,Luxury,Phnom Penh,Tier_1,store,0,0,2026-09-02 13:21:50,2026-09-02T09:55:27.686746+00:00,2026-09-02
13958213,23200.0,10.05195066017375,Mercedes-Benz,C-Class,2015,11,,1,,1,Sedan,Petrol,Automatic,White,used,1,Luxury,Phnom Penh,Tier_1,store,0,0,2026-09-02 14:20:09,2026-09-02T09:54:05.874516+00:00,2026-09-02
13965880,90000.0,11.407576060361786,Mercedes-Benz,Maybach,2020,6,,1,,1,MPV,Petrol,Automatic,Black,new,0,Luxury,Phnom Penh,Tier_1,store,0,0,2026-09-04 11:38:22,2026-09-04T07:21:59.821388+00:00,2026-09-04
13473164,23000.0,10.043292972227004,Mercedes-Benz,ផ្សេងៗ,2015,11,,1,,1,,Petrol,Automatic,White,used,1,Luxury,Phnom Penh,Tier_1,individual,0,0,2026-05-03 21:28:17,2026-09-06T07:09:22.119754+00:00,2026-09-06
13807324,15900.0,9.674137279312397,Mercedes-Benz,S350,2006,20,,1,,1,Sedan,Petrol,,White,used,1,Luxury,Phnom Penh,Tier_1,store,0,0,2026-07-24 19:31:25,2026-09-06T07:13:59.203040+00:00,2026-09-06
13844339,78000.0,11.264476926102367,Porsche,Panamera,2018,8,,1,,1,Sedan,Petrol,Automatic,White,used,1,Luxury,Phnom Penh,Tier_1,store,0,0,2026-08-03 17:25:42,2026-09-06T07:13:53.962181+00:00,2026-09-06
13901585,48500.0,10.789339695269716,Porsche,ផ្សេងៗ,2014,12,,1,,1,Sedan,Petrol,Automatic,Yellow,used,0,Luxury,Phnom Penh,Tier_1,store,0,0,2026-08-18 16:15:48,2026-09-06T07:12:14.947919+00:00,2026-09-06
13966087,65000.0,11.082157933374816,Buick,Century,2025,1,,1,,1,MPV,Petrol,Automatic,,new,1,Other,Phnom Penh,Tier_1,store,0,0,2026-09-04 12:19:49,2026-09-04T07:19:49.572163+00:00,2026-09-04
13755746,17000.0,9.741027444837728,SsangYong,Rexton,2018,8,,1,,1,Pickup,Diesel,Automatic,Blue,used,0,Other,Phnom Penh,Tier_1,store,1,0,2026-07-11 10:07:25,2026-09-06T07:11:17.666441+00:00,2026-09-06
13850158,24700.0,10.114599007626499,SsangYong,Rexton,2022,4,,1,,1,Pickup,Diesel,Automatic,Grey,used,0,Other,Phnom Penh,Tier_1,store,1,0,2026-08-05 09:30:39,2026-09-06T07:12:48.320828+00:00,2026-09-06
13948974,8900.0,9.093918908958932,SsangYong,Istana - ធូរីស,2000,26,,1,,1,Station Wagon,Diesel,Manual,White,used,1,Other,Phnom Penh,Tier_1,store,0,0,2026-08-31 10:11:16,2026-09-06T07:13:53.279433+00:00,2026-09-06
13957417,13100.0,9.48044384215367,SsangYong,Istana - ធូរីស,2002,24,,1,,1,Station Wagon,Diesel,Manual,Green,used,1,Other,Phnom Penh,Tier_1,store,0,0,2026-09-02 11:38:38,2026-09-06T07:13:43.630151+00:00,2026-09-06
13961731,19000.0,9.852246888342531,SsangYong,Rexton,2019,7,,1,,1,Pickup,Diesel,Automatic,Black,used,0,Other,Phnom Penh,Tier_1,store,0,0,2026-09-03 12:00:17,2026-09-03T07:16:17.666781+00:00,2026-09-03
13589229,19500.0,9.87822102528824,SsangYong,Rexton,2018,8,,1,,1,Pickup,Diesel,,Black,used,0,Other,Phnom Penh,Tier_1,store,1,0,2026-05-31 12:27:20,2026-09-06T07:10:09.327878+00:00,2026-09-06
13500406,34000.0,10.434145214930487,Kia,Carnival,2022,4,,1,2200,0,MPV,Diesel,Automatic,Black,used,1,Mass_Market,Phnom Penh,Tier_1,store,1,0,2026-05-10 15:43:46,2026-09-03T07:13:57.607596+00:00,2026-09-03
13602756,8050.0,8.993551586299981,Kia,Morning,2012,14,,1,,1,Sedan,LPG,Automatic,Grey,used,0,Mass_Market,Phnom Penh,Tier_1,store,0,0,2026-06-03 15:59:44,2026-09-02T09:52:12.949043+00:00,2026-09-02
13721891,20500.0,9.928228944424575,Kia,Carnival,2017,9,,1,,1,MPV,Diesel,Automatic,Silver,used,0,Mass_Market,Phnom Penh,Tier_1,store,1,0,2026-07-02 18:07:43,2026-09-05T06:59:15.522072+00:00,2026-09-05
13973666,1750.0,7.467942332285852,Kia,Carnival,2015,11,,1,,1,SUV,Diesel,Automatic,White,used,0,Mass_Market,Phnom Penh,Tier_1,store,0,0,2026-09-06 13:31:37,2026-09-06T07:10:07.451671+00:00,2026-09-06
13810888,9700.0,9.179984251961283,Kia,Picanto,2022,4,,1,,1,SUV,Petrol,Automatic,White,used,1,Mass_Market,Phnom Penh,Tier_1,store,0,0,2026-07-25 20:17:07,2026-09-06T07:10:52.288271+00:00,2026-09-06
13916263,1820.0,7.507141079727608,Kia,Visto,2000,26,,1,,1,Hatchback,Petrol,Automatic,White,used,1,Mass_Market,Preah Vihear,Tier_3,individual,0,0,2026-08-22 19:10:39,2026-09-06T07:13:24.001114+00:00,2026-09-06
13953220,13570.0,9.51569044208137,Kia,Picanto,2026,0,,1,,1,Sedan,Petrol,Automatic,White,used,1,Mass_Market,Phnom Penh,Tier_1,individual,0,0,2026-09-01 12:04:23,2026-09-03T09:14:06.036433+00:00,2026-09-03
13955617,9400.0,9.148571345578551,Kia,Ray,2013,13,,1,,1,SUV,Petrol,Automatic,Green,used,1,Mass_Market,Kandal,Tier_2,individual,0,0,2026-09-01 22:29:12,2026-09-03T07:15:38.693939+00:00,2026-09-03
13958452,21500.0,9.975854724662028,Kia,EV5,2024,2,21600,0,0,0,SUV,Electric,Automatic,White,used,1,Mass_Market,Phnom Penh,Tier_1,individual,0,0,2026-09-02 14:54:31,2026-09-02T09:53:26.120609+00:00,2026-09-02
13959197,2000.0,7.601402334583733,Kia,Visto,2003,23,,1,,1,Sedan,Petrol,Automatic,Green,used,1,Mass_Market,Kandal,Tier_2,individual,0,0,2026-09-02 17:29:40,2026-09-03T07:17:35.551557+00:00,2026-09-03
13810027,7700.0,8.94910546953925,Kia,Morning,2013,13,,1,,1,Sedan,Petrol,Automatic,White,used,0,Mass_Market,Phnom Penh,Tier_1,individual,0,0,2026-07-25 14:52:29,2026-09-02T09:53:33.634574+00:00,2026-09-02
13869851,7950.0,8.981052985901483,Kia,Morning,2012,14,,1,,1,Sedan,Petrol,Automatic,White,used,1,Mass_Market,Phnom Penh,Tier_1,individual,0,0,2026-08-10 11:59:43,2026-09-03T07:14:42.861844+00:00,2026-09-03
13950177,16800.0,9.729193687429403,Kia,Carnival,2015,11,,1,,1,MPV,Diesel,Automatic,Silver,used,0,Mass_Market,Phnom Penh,Tier_1,individual,0,0,2026-08-31 14:08:51,2026-09-03T09:13:53.472834+00:00,2026-09-03
13954161,17300.0,9.758519582283522,Kia,Carnival,2015,11,,1,,1,MPV,Diesel,Automatic,Silver,used,0,Mass_Market,Phnom Penh,Tier_1,individual,0,0,2026-09-01 14:46:19,2026-09-03T09:12:26.361414+00:00,2026-09-03
13934113,14000.0,9.546884034617925,Kia,Carnival,2017,9,,1,,1,MPV,,Automatic,White,used,1,Mass_Market,Kandal,Tier_2,individual,0,0,2026-08-27 10:07:38,2026-09-03T07:15:34.212442+00:00,2026-09-03
13953572,3500.0,8.160803920954665,Kia,Morning,2005,21,,1,,1,Sedan,,Automatic,White,used,1,Mass_Market,Phnom Penh,Tier_1,individual,0,0,2026-09-01 12:52:58,2026-09-03T09:13:17.204059+00:00,2026-09-03
13717856,8300.0,9.024131268455035,Kia,Morning,2012,14,,1,,1,Sedan,Petrol,Automatic,,used,0,Mass_Market,Phnom Penh,Tier_1,store,0,0,2026-07-01 18:18:07,2026-09-05T07:01:18.489259+00:00,2026-09-05
13970288,4100.0,8.31898612539206,Kia,Morning,2005,21,,1,,1,Sedan,,,Grey,used,0,Mass_Market,Phnom Penh,Tier_1,store,0,0,2026-09-05 13:55:58,2026-09-05T06:58:06.796513+00:00,2026-09-05
13953696,3316.5,8.106966766206362,Kia,Morning,2004,22,,1,,1,Sedan,Petrol,,,used,1,Mass_Market,Phnom Penh,Tier_1,individual,0,0,2026-09-01 13:19:19,2026-09-03T09:13:01.530231+00:00,2026-09-03
13963852,1560.0,7.353081920515432,Kia,Visto,1999,27,,1,,1,,,Automatic,Silver,used,1,Mass_Market,Phnom Penh,Tier_1,store,0,0,2026-09-03 19:49:39,2026-09-04T07:17:01.134598+00:00,2026-09-04
13970120,1750.0,7.467942332285852,Kia,Visto,1999,27,,1,,1,,,Automatic,Red,used,1,Mass_Market,Phnom Penh,Tier_1,individual,0,0,2026-09-05 13:15:52,2026-09-06T07:11:37.654224+00:00,2026-09-06
13916172,8500.0,9.04793908261736,Kia,Ray,2012,14,,1,,1,,,,White,used,0,Mass_Market,Phnom Penh,Tier_1,store,0,0,2026-08-22 18:22:51,2026-09-02T09:54:22.252262+00:00,2026-09-02
13859649,32000.0,10.373522431293592,Kia,Carnival,2022,4,,1,,1,MPV,Diesel,,Black,used,1,Mass_Market,Phnom Penh,Tier_1,individual,1,0,2026-08-07 13:27:31,2026-09-04T07:19:44.742934+00:00,2026-09-04
13755109,28500.0,10.25769445336048,Tesla,Model Y,2021,5,48280,0,0,0,SUV,Electric,Automatic,White,used,0,Other,Phnom Penh,Tier_1,store,0,0,2026-07-11 07:49:06,2026-09-02T09:55:42.625815+00:00,2026-09-02
13863812,28500.0,10.25769445336048,Tesla,Model Y,2022,4,,1,0,0,SUV,Electric,Automatic,White,used,0,Other,Phnom Penh,Tier_1,store,0,0,2026-08-08 14:38:09,2026-09-05T07:01:05.220951+00:00,2026-09-05
13693275,170000.0,12.04355959836804,Aston Martin,DBX,2021,5,,1,4000,0,SUV,Petrol,Automatic,Blue,used,1,Luxury,Phnom Penh,Tier_1,store,0,0,2026-06-25 13:34:20,2026-09-06T07:13:44.918350+00:00,2026-09-06
13842699,12900.0,9.465060106725137,BYD,han-ev,2022,4,,1,0,0,Sedan,Electric,Automatic,White,new,0,Chinese_EV,Phnom Penh,Tier_1,store,0,0,2026-08-03 12:04:21,2026-09-05T07:00:06.170899+00:00,2026-09-05
13970278,31800.0,10.367253014814716,BYD,ផ្សេងៗ,2025,1,,1,0,0,,Hybrid,Automatic,Grey,used,1,Chinese_EV,Phnom Penh,Tier_1,store,0,0,2026-09-05 13:53:30,2026-09-06T07:11:07.135572+00:00,2026-09-06
13403746,25500.0,10.146472946063877,BYD,Sealion5,2026,0,,1,0,0,SUV,Hybrid,Automatic,Silver,new,0,Chinese_EV,Siem Reap,Tier_2,store,0,0,2026-04-14 08:07:50,2026-09-02T09:51:15.506354+00:00,2026-09-02
13555356,20800.0,9.942756341456828,Honda,eNP2,2025,1,,1,0,0,Sedan,Electric,Automatic,Silver,new,0,Mass_Market,Phnom Penh,Tier_1,store,0,0,2026-05-23 08:58:00,2026-09-06T07:11:09.141742+00:00,2026-09-06
13970202,13500.0,9.510519035757246,Honda,City,2018,8,,1,,1,Sedan,Petrol,Automatic,White,used,1,Mass_Market,Phnom Penh,Tier_1,store,0,0,2026-09-05 13:32:11,2026-09-05T06:58:26.677009+00:00,2026-09-05
13940003,4200.0,8.343077871169383,Honda,CR-V,1998,28,,1,,1,SUV,,Automatic,Blue,used,1,Mass_Market,Phnom Penh,Tier_1,individual,0,0,2026-08-28 17:13:07,2026-09-03T07:12:34.603278+00:00,2026-09-03
13870782,7800.0,8.962007209588313,Mitsubishi,Montero,2002,24,,1,,1,SUV,Petrol,Automatic,White,used,1,Mass_Market,Phnom Penh,Tier_1,individual,0,0,2026-08-10 15:16:37,2026-09-05T07:03:30.174558+00:00,2026-09-05
13565588,52500.0,10.868587496017359,Ford,Everest,2023,3,,1,,1,SUV,Diesel,Automatic,White,used,1,Mass_Market,Phnom Penh,Tier_1,store,0,0,2026-05-25 17:48:15,2026-09-02T09:52:00.148833+00:00,2026-09-02
13696132,36400.0,10.502351525774941,Ford,Ranger Wildtrak,2021,5,,1,,1,Pickup,Diesel,Automatic,White,used,1,Mass_Market,Phnom Penh,Tier_1,store,0,0,2026-06-26 09:55:51,2026-09-06T07:11:06.832186+00:00,2026-09-06
13760439,41000.0,10.62135173563291,Ford,Ranger,2025,1,,1,,1,Pickup,Diesel,Automatic,Black,used,0,Mass_Market,Phnom Penh,Tier_1,individual,0,0,2026-07-12 13:47:01,2026-09-04T07:17:04.901699+00:00,2026-09-04
13848275,18900.0,9.846970109700957,Ford,Ranger,2016,10,,1,3200,0,Pickup,Diesel,Manual,White,used,1,Mass_Market,Phnom Penh,Tier_1,store,0,1,2026-08-04 16:39:39,2026-09-06T07:11:42.361240+00:00,2026-09-06
13906224,39500.0,10.584081267024454,Ford,Ranger Wildtrak,2023,3,50000,0,,1,Pickup,Diesel,Automatic,Black,used,1,Mass_Market,Phnom Penh,Tier_1,store,0,0,2026-08-20 06:42:05,2026-09-05T07:00:08.081735+00:00,2026-09-05
13909051,55555.0,10.92514680003611,Ford,Ranger Raptor,2023,3,30000,0,,1,Pickup,Petrol,Automatic,Black,used,1,Mass_Market,Phnom Penh,Tier_1,store,0,0,2026-08-20 17:02:10,2026-09-05T06:58:57.419971+00:00,2026-09-05
13937206,36700.0,10.510559281627845,Ford,Ranger Wildtrak,2020,6,,1,3200,0,Pickup,Diesel,Automatic,White,used,1,Mass_Market,Phnom Penh,Tier_1,individual,0,0,2026-08-28 06:40:46,2026-09-04T07:16:27.060886+00:00,2026-09-04
13950967,33900.0,10.431199791458543,Ford,Ranger Wildtrak,2022,4,,1,,1,Pickup,Diesel,Automatic,White,used,1,Mass_Market,Kampot,Tier_3,store,0,0,2026-08-31 17:10:55,2026-09-03T07:13:18.286249+00:00,2026-09-03
13958529,48900.0,10.797553125151618,Ford,Ranger Raptor,2023,3,70000,0,,1,Pickup,Petrol,Automatic,Orange,used,1,Mass_Market,Phnom Penh,Tier_1,store,0,0,2026-09-02 15:07:41,2026-09-02T09:53:03.656882+00:00,2026-09-02
13668832,41999.0,10.645424897265505,Ford,Ranger Wildtrak,2023,3,,1,,1,Pickup,,,Grey,used,1,Mass_Market,Siem Reap,Tier_2,store,0,0,2026-06-19 16:52:10,2026-09-06T07:13:37.012338+00:00,2026-09-06
13969939,48900.0,10.797553125151618,BMW,X7,2023,3,70000,0,,1,Pickup,Petrol,Automatic,White,used,1,Luxury,Phnom Penh,Tier_1,store,0,0,2026-09-05 12:36:01,2026-09-05T07:00:32.112125+00:00,2026-09-05
13591348,10900.0,9.296609807128359,BMW,I3,2015,11,,1,,1,,,Automatic,White,used,1,Luxury,Phnom Penh,Tier_1,store,0,0,2026-06-01 07:58:54,2026-09-02T09:55:15.188044+00:00,2026-09-02
13969934,11100.0,9.314790473332646,BMW,X5,2010,16,,1,,1,SUV,Diesel,Automatic,Grey,used,1,Luxury,Phnom Penh,Tier_1,individual,0,0,2026-09-05 12:33:01,2026-09-05T07:00:35.715435+00:00,2026-09-05
13262324,21500.0,9.975854724662028,BMW,7 Series,2012,14,,1,2900,0,Sedan,Petrol,Automatic,Black,used,1,Luxury,Phnom Penh,Tier_1,individual,0,0,2026-03-07 20:13:06,2026-09-03T09:14:25.045427+00:00,2026-09-03
13266863,18500.0,9.825580063659602,BMW,GT,2011,15,,1,,1,Station Wagon,Petrol,Automatic,Gold,used,1,Luxury,Phnom Penh,Tier_1,individual,0,0,2026-03-09 10:54:27,2026-09-03T09:13:24.426275+00:00,2026-09-03
13267591,61800.0,11.031674824544641,GWM,ផ្សេងៗ,2025,1,,1,,1,SUV,Diesel,Automatic,Black,new,0,Other,Phnom Penh,Tier_1,store,0,0,2026-03-09 13:21:13,2026-09-05T07:02:00.064728+00:00,2026-09-05
13935572,269800.0,12.505439929198145,Lamborghini,Urus,2019,7,,1,,1,SUV,Petrol,Automatic,Yellow,used,1,Luxury,Phnom Penh,Tier_1,individual,1,0,2026-08-27 15:09:10,2026-09-03T09:13:48.590704+00:00,2026-09-03
13693591,23800.0,10.077482875583607,Land Rover,Range Rover,2014,12,,1,,1,SUV,,Automatic,Black,used,1,Luxury,Preah Sihanouk,Tier_2,store,0,0,2026-06-25 14:34:39,2026-09-02T09:52:31.444968+00:00,2026-09-02
13336972,35000.0,10.463131911491967,Land Rover,Range Rover,2015,11,,1,,1,,,Automatic,White,used,1,Luxury,Phnom Penh,Tier_1,store,0,0,2026-03-26 09:37:27,2026-09-02T09:55:22.903760+00:00,2026-09-02
13645284,14000.0,9.546884034617925,Land Rover,Range Rover Sport,2013,13,,1,,1,,Petrol,,Blue,used,1,Luxury,Phnom Penh,Tier_1,store,0,0,2026-06-13 22:07:03,2026-09-03T07:14:11.639684+00:00,2026-09-03
13343127,50800.0,10.835671318412196,Land Rover,Range Rover Vogue,2014,12,98903,0,3000,0,SUV,Diesel,Automatic,Black,used,1,Luxury,Phnom Penh,Tier_1,store,0,0,2026-03-27 16:26:20,2026-09-06T07:11:53.835560+00:00,2026-09-06
13663075,18000.0,9.798182590890704,Land Rover,Discovery,2015,11,,1,2000,0,SUV,Petrol,Automatic,White,used,1,Luxury,Phnom Penh,Tier_1,store,0,0,2026-06-18 11:04:29,2026-09-02T09:53:10.735211+00:00,2026-09-02
13731707,29000.0,10.275085591132715,Land Rover,Range Rover Vogue,2015,11,,1,,1,SUV,Petrol,Automatic,Black,used,1,Luxury,Phnom Penh,Tier_1,store,1,0,2026-07-05 13:00:30,2026-09-06T07:12:48.897260+00:00,2026-09-06
13814967,10350.0,9.24483841238375,Land Rover,Range Rover Vogue,2010,16,,1,,1,SUV,Diesel,Automatic,White,used,1,Luxury,Phnom Penh,Tier_1,individual,0,0,2026-07-27 09:41:40,2026-09-02T09:55:54.423203+00:00,2026-09-02
13828131,26500.0,10.184937747111391,Land Rover,Range Rover Vogue,2014,12,,1,,1,SUV,Petrol,Automatic,White,used,0,Luxury,Phnom Penh,Tier_1,store,0,0,2026-07-30 11:23:00,2026-09-02T09:54:13.056418+00:00,2026-09-02
13836600,105000.0,11.561725152903833,Land Rover,Range Rover,2019,7,,1,,1,SUV,Petrol,Automatic,Black,used,1,Luxury,Phnom Penh,Tier_1,store,0,0,2026-08-01 15:39:57,2026-09-03T07:18:17.547583+00:00,2026-09-03
13870504,34999.0,10.46310334047155,Land Rover,Range Rover Vogue,2014,12,87822,0,3000,0,SUV,Petrol,Automatic,White,used,0,Luxury,Phnom Penh,Tier_1,store,0,0,2026-08-10 14:19:52,2026-09-03T07:17:33.742243+00:00,2026-09-03
13949715,60000.0,11.002116507732017,Land Rover,Defender 110,2021,5,40000,0,,1,SUV,Petrol,Automatic,Green,used,1,Luxury,Phnom Penh,Tier_1,individual,0,0,2026-08-31 12:35:17,2026-09-02T09:51:42.679033+00:00,2026-09-02
13958318,22800.0,10.034559673629849,Land Rover,Range Rover Sport,2014,12,,1,,1,SUV,Petrol,Automatic,White,used,1,Luxury,Phnom Penh,Tier_1,store,0,0,2026-09-02 14:35:20,2026-09-02T09:53:39.621916+00:00,2026-09-02
13961505,72000.0,11.184435286790631,Land Rover,Range Rover Vogue,2018,8,,1,,1,SUV,Diesel,Automatic,Black,used,1,Luxury,Phnom Penh,Tier_1,store,0,0,2026-09-03 11:22:03,2026-09-03T07:18:30.876049+00:00,2026-09-03
13973674,20000.0,9.90353755128617,Land Rover,Range Rover Sport,2014,12,,1,,1,SUV,Diesel,Automatic,White,used,1,Luxury,Phnom Penh,Tier_1,store,0,0,2026-09-06 13:33:29,2026-09-06T07:10:06.795915+00:00,2026-09-06
13908290,25500.0,10.146472946063877,ផ្សេងៗ,,2025,1,,1,,1,MPV,Petrol,Automatic,White,new,0,Other,Battambang,Tier_2,store,0,0,2026-08-20 13:56:12,2026-09-06T07:09:44.432309+00:00,2026-09-06
13930356,15800.0,9.6678285081515,ផ្សេងៗ,,2026,0,,1,0,0,,Electric,Automatic,White,new,0,Other,Battambang,Tier_2,store,0,0,2026-08-26 11:22:03,2026-09-06T07:14:19.225086+00:00,2026-09-06
13948347,2795.0,7.935945103353701,ផ្សេងៗ,,2026,0,,1,0,0,,Electric,Automatic,White,new,0,Other,Phnom Penh,Tier_1,individual,0,0,2026-08-31 08:33:49,2026-09-06T07:09:30.316322+00:00,2026-09-06
13478460,61800.0,11.031674824544641,AVATR,AVATR 12,2025,1,,1,0,0,SUV,Electric,Automatic,Black,new,0,Chinese_EV,Phnom Penh,Tier_1,store,0,0,2026-05-05 10:19:00,2026-09-06T07:12:35.564504+00:00,2026-09-06
13819623,38600.0,10.5610334618531,AVATR,AVATR 07,2025,1,,1,0,0,SUV,Electric,Automatic,Black,new,0,Chinese_EV,Phnom Penh,Tier_1,store,0,0,2026-07-28 09:41:40,2026-09-06T07:10:10.545065+00:00,2026-09-06
13951740,17500.0,9.770013301136158,Mazda,Mazda 2,2024,2,,1,,1,Sedan,Petrol,,White,used,1,Mass_Market,Phnom Penh,Tier_1,store,0,0,2026-09-01 00:57:43,2026-09-06T07:14:22.492491+00:00,2026-09-06
13280008,29500.0,10.292179440058462,Mazda,BT-50,2021,5,,1,,1,Pickup,Diesel,Automatic,White,used,1,Mass_Market,Kandal,Tier_2,store,1,0,2026-03-12 12:20:09,2026-09-06T07:09:53.044886+00:00,2026-09-06
13756884,29500.0,10.292179440058462,Mazda,BT-50,2022,4,30000,0,,1,Pickup,Diesel,Automatic,White,used,1,Mass_Market,Phnom Penh,Tier_1,store,0,0,2026-07-11 13:40:32,2026-09-02T09:53:21.978405+00:00,2026-09-02
13875141,26500.0,10.184937747111391,Mazda,BT-50,2020,6,50000,0,,1,Pickup,Diesel,Automatic,White,used,1,Mass_Market,Phnom Penh,Tier_1,store,0,0,2026-08-11 16:48:02,2026-09-02T09:52:20.678274+00:00,2026-09-02
13889732,27500.0,10.221977646629885,Mazda,BT-50,2021,5,,1,,1,Pickup,Diesel,Automatic,White,used,1,Mass_Market,Phnom Penh,Tier_1,individual,0,0,2026-08-15 14:22:37,2026-09-03T07:13:05.355537+00:00,2026-09-03
13955339,20500.0,9.928228944424575,Mazda,BT-50,2019,7,,1,,1,Pickup,Diesel,Manual,White,used,1,Mass_Market,Phnom Penh,Tier_1,individual,0,0,2026-09-01 20:03:50,2026-09-03T07:13:32.277457+00:00,2026-09-03
13945863,23900.0,10.081675578048475,Mazda,Mazda6,2018,8,60000,0,2000,0,Sedan,Petrol,Automatic,White,used,1,Mass_Market,Phnom Penh,Tier_1,store,0,0,2026-08-30 12:26:02,2026-09-03T07:17:14.563831+00:00,2026-09-03
13967841,10700.0,9.278092474027002,Nissan,Frontier,2005,21,,1,,1,,,Automatic,White,used,1,Mass_Market,Phnom Penh,Tier_1,store,0,0,2026-09-04 19:43:09,2026-09-06T07:09:52.700095+00:00,2026-09-06
13829811,28800.0,10.268165387743457,Nissan,Navara,2018,8,,1,,1,Pickup,Diesel,Automatic,Black,used,1,Mass_Market,Phnom Penh,Tier_1,store,0,0,2026-07-30 16:24:10,2026-09-02T09:54:04.563628+00:00,2026-09-02
13962033,28000.0,10.239995502805316,Nissan,Navara,2019,7,,1,,1,Pickup,Diesel,Automatic,White,used,1,Mass_Market,Battambang,Tier_2,individual,0,0,2026-09-03 13:03:13,2026-09-03T07:14:20.659468+00:00,2026-09-03
13904162,7900.0,8.974744612722734,Nissan,Frontier,2005,21,,1,,1,Pickup,Petrol,Automatic,Black,used,1,Mass_Market,Phnom Penh,Tier_1,individual,0,0,2026-08-19 11:43:45,2026-09-06T07:13:28.913564+00:00,2026-09-06
13646864,20900.0,9.94755228369823,Volkswagen,Jetta,2023,3,2023,0,,1,,,,White,used,1,Mass_Market,Phnom Penh,Tier_1,store,0,0,2026-06-14 12:34:56,2026-09-02T09:54:19.720771+00:00,2026-09-02
13282625,32500.0,10.389026137075234,Toyota,Alphard,2016,10,,1,,1,MPV,Petrol,Automatic,Black,used,1,Mass_Market,Phnom Penh,Tier_1,individual,0,0,2026-03-13 08:35:52,2026-09-03T09:12:32.157315+00:00,2026-09-03
13345009,12500.0,9.433563920090563,Toyota,Prius,2008,18,,1,,1,Hatchback,Hybrid,Automatic,Grey,used,0,Mass_Market,Phnom Penh,Tier_1,store,0,0,2026-03-28 10:25:22,2026-09-02T09:52:04.001674+00:00,2026-09-02
13392105,31888.0,10.370016401720026,Toyota,Hilux Revo,2017,9,,1,,1,Pickup,Diesel,Automatic,Silver,used,1,Mass_Market,Phnom Penh,Tier_1,individual,0,0,2026-04-09 11:03:21,2026-09-03T07:17:16.778947+00:00,2026-09-03
13458753,14500.0,9.581972891547895,Toyota,Highlander,2002,24,,1,,1,SUV,Petrol,Automatic,Silver,used,1,Mass_Market,Phnom Penh,Tier_1,store,0,0,2026-04-29 20:56:51,2026-09-06T07:13:26.099986+00:00,2026-09-06
13485677,15500.0,9.648659816955295,Toyota,Highlander,2002,24,,1,,1,SUV,Petrol,Automatic,Silver,used,1,Mass_Market,Phnom Penh,Tier_1,store,0,0,2026-05-06 23:40:12,2026-09-06T07:12:35.038155+00:00,2026-09-06
13546080,16900.0,9.735128070758227,Toyota,Prius,2012,14,,1,,1,Hatchback,Hybrid,Automatic,Silver,used,0,Mass_Market,Phnom Penh,Tier_1,store,0,1,2026-05-21 08:55:13,2026-09-02T09:53:58.854051+00:00,2026-09-02
13546124,16900.0,9.735128070758227,Toyota,Prius,2011,15,,1,,1,Hatchback,Hybrid,Automatic,Silver,used,0,Mass_Market,Phnom Penh,Tier_1,store,1,1,2026-05-21 08:59:48,2026-09-06T07:12:46.756833+00:00,2026-09-06
13559132,23900.0,10.081675578048475,Toyota,Prius,2017,9,,1,,1,Hatchback,Hybrid,Automatic,Silver,used,0,Mass_Market,Phnom Penh,Tier_1,store,0,0,2026-05-24 09:34:10,2026-09-06T07:11:49.260652+00:00,2026-09-06
13572553,47500.0,10.768506042432708,Toyota,Fortuner,2022,4,40000,0,2800,0,SUV,Diesel,Automatic,Grey,used,1,Mass_Market,Phnom Penh,Tier_1,individual,0,0,2026-05-27 11:15:33,2026-09-03T09:13:33.916216+00:00,2026-09-03
13575903,22500.0,10.021315031649332,Toyota,Alphard,2012,14,,1,,1,MPV,Petrol,Automatic,Blue,used,0,Mass_Market,Phnom Penh,Tier_1,store,0,0,2026-05-28 09:28:29,2026-09-03T07:18:18.759486+00:00,2026-09-03
13629515,47800.0,10.774801838762809,Toyota,Fortuner,2021,5,,1,,1,SUV,Diesel,Automatic,White,used,1,Mass_Market,Phnom Penh,Tier_1,store,0,0,2026-06-10 09:54:42,2026-09-04T07:22:06.918133+00:00,2026-09-04
13661010,21800.0,9.989711119284745,Toyota,Camry,2010,16,,1,,1,Sedan,Hybrid,Automatic,White,used,0,Mass_Market,Phnom Penh,Tier_1,store,1,0,2026-06-17 18:26:17,2026-09-05T07:00:57.143765+00:00,2026-09-05
13712282,19500.0,9.87822102528824,Toyota,Prius,2013,13,130000,0,,1,Hatchback,Hybrid,Automatic,White,used,0,Mass_Market,Phnom Penh,Tier_1,store,0,0,2026-06-30 12:22:05,2026-09-06T07:13:35.130064+00:00,2026-09-06
13713330,25500.0,10.146472946063877,Toyota,Tacoma,2015,11,20000,0,,1,Pickup,Petrol,Automatic,Silver,used,0,Mass_Market,Phnom Penh,Tier_1,store,0,0,2026-06-30 15:59:41,2026-09-02T09:52:10.883254+00:00,2026-09-02
13717269,11800.0,9.375939552625749,Toyota,Prius,2007,19,,1,,1,Hatchback,Hybrid,Automatic,White,used,1,Mass_Market,Phnom Penh,Tier_1,store,1,0,2026-07-01 15:26:36,2026-09-05T07:01:08.740184+00:00,2026-09-05
13724318,65500.0,11.089820688682373,Toyota,Fortuner,2026,0,100000,0,,1,SUV,Diesel,Automatic,White,new,0,Mass_Market,Phnom Penh,Tier_1,store,0,0,2026-07-03 12:02:31,2026-09-06T07:10:32.768421+00:00,2026-09-06
13731512,59000.0,10.985309671896763,Toyota,Alphard,2019,7,,1,,1,MPV,Diesel,Automatic,White,used,1,Mass_Market,Phnom Penh,Tier_1,store,0,0,2026-07-05 12:18:28,2026-09-06T07:13:48.669277+00:00,2026-09-06
13731581,5500.0,8.612685172875459,Toyota,4Runner,1998,28,,1,,1,SUV,LPG,Automatic,Gold,used,1,Mass_Market,Kampot,Tier_3,store,0,0,2026-07-05 12:31:02,2026-09-03T07:13:16.988193+00:00,2026-09-03
13762354,8750.0,9.076923258535832,Toyota,Camry,2002,24,,1,,1,Sedan,Petrol,Automatic,Silver,used,1,Mass_Market,Phnom Penh,Tier_1,store,0,0,2026-07-13 08:39:47,2026-09-02T09:55:06.628248+00:00,2026-09-02
13784197,22000.0,9.99884318585288,Toyota,Alphard,2010,16,,1,,1,MPV,Petrol,Automatic,Black,used,0,Mass_Market,Phnom Penh,Tier_1,store,0,0,2026-07-18 16:42:51,2026-09-02T09:54:18.286370+00:00,2026-09-02
13794187,6250.0,8.740496729931813,Toyota,Prius,2004,22,,1,,1,Hatchback,Hybrid,Automatic,Red,used,1,Mass_Market,Phnom Penh,Tier_1,individual,1,0,2026-07-21 12:32:25,2026-09-04T07:21:52.830578+00:00,2026-09-04
13836478,15800.0,9.6678285081515,Toyota,Prius,2012,14,,1,,1,Hatchback,Hybrid,Manual,Silver,used,1,Mass_Market,Phnom Penh,Tier_1,store,1,0,2026-08-01 15:12:28,2026-09-06T07:12:16.674105+00:00,2026-09-06
13846872,30000.0,10.308985993422082,Toyota,Vellfire,2015,11,,1,,1,MPV,Petrol,Automatic,Black,used,1,Mass_Market,Phnom Penh,Tier_1,store,0,0,2026-08-04 12:11:54,2026-09-06T07:12:06.631859+00:00,2026-09-06
13856883,21900.0,9.994287576862567,Toyota,Raize,2026,0,100000,0,1000,0,SUV,Petrol,Automatic,Red,new,0,Mass_Market,Phnom Penh,Tier_1,store,0,0,2026-08-06 19:04:58,2026-09-02T09:53:46.771558+00:00,2026-09-02
13861902,9300.0,9.137877200242468,Toyota,Prius,2006,20,,1,,1,Hatchback,Hybrid,Automatic,Silver,used,1,Mass_Market,Phnom Penh,Tier_1,store,1,0,2026-08-08 07:32:54,2026-09-04T07:22:13.975282+00:00,2026-09-04
13875420,39800.0,10.591647316585027,Toyota,Alphard,2016,10,,1,,1,MPV,Hybrid,Automatic,Black,used,1,Mass_Market,Phnom Penh,Tier_1,store,0,0,2026-08-11 18:07:47,2026-09-02T09:54:07.744991+00:00,2026-09-02
13877517,29500.0,10.292179440058462,Toyota,Vellfire,2016,10,,1,,1,SUV,Petrol,Automatic,White,used,1,Mass_Market,Phnom Penh,Tier_1,store,0,0,2026-08-12 10:54:29,2026-09-06T07:12:45.501758+00:00,2026-09-06
13882406,16000.0,9.680406499268875,Toyota,Prius,2010,16,,1,,1,Sedan,Hybrid,Automatic,White,used,1,Mass_Market,Phnom Penh,Tier_1,individual,0,0,2026-08-13 14:08:55,2026-09-02T09:55:08.413591+00:00,2026-09-02
13882806,49500.0,10.809748150372926,Toyota,Fortuner,2022,4,50000,0,,1,SUV,Diesel,Automatic,White,used,1,Mass_Market,Phnom Penh,Tier_1,store,0,0,2026-08-13 15:47:24,2026-09-02T09:52:21.005337+00:00,2026-09-02
13887748,16500.0,9.711176264112805,Toyota,Prius,2012,14,,1,,1,Hatchback,Hybrid,Automatic,Grey,used,1,Mass_Market,Siem Reap,Tier_2,store,1,0,2026-08-14 21:59:38,2026-09-03T07:15:16.114188+00:00,2026-09-03
13889544,11300.0,9.332646496360152,Toyota,Prius,2006,20,,1,,1,Sedan,Hybrid,Automatic,White,used,1,Mass_Market,Phnom Penh,Tier_1,individual,1,0,2026-08-15 13:29:00,2026-09-06T07:11:13.834479+00:00,2026-09-06
13893720,9900.0,9.200391041122515,Toyota,Vitz,2015,11,,1,,1,Hatchback,Petrol,Automatic,Blue,used,1,Mass_Market,Phnom Penh,Tier_1,individual,0,0,2026-08-16 17:47:06,2026-09-06T07:10:25.014664+00:00,2026-09-06
13900584,8500.0,9.04793908261736,Toyota,Tacoma,2005,21,,1,,1,Pickup,Petrol,Automatic,Silver,used,1,Mass_Market,Phnom Penh,Tier_1,individual,0,0,2026-08-18 12:50:39,2026-09-06T07:13:41.260743+00:00,2026-09-06
13900939,16500.0,9.711176264112805,Toyota,Raize,2022,4,,1,,1,SUV,Petrol,Automatic,White,used,1,Mass_Market,Phnom Penh,Tier_1,individual,0,0,2026-08-18 14:12:44,2026-09-02T09:53:32.688121+00:00,2026-09-02
13901956,10850.0,9.292012520620208,Toyota,Prius,2008,18,,1,,1,Hatchback,Hybrid,Automatic,Grey,used,1,Mass_Market,Phnom Penh,Tier_1,individual,1,0,2026-08-18 17:46:13,2026-09-03T09:12:26.346129+00:00,2026-09-03
13909114,7800.0,8.962007209588313,Toyota,Camry,2002,24,,1,,1,Sedan,Petrol,Automatic,Silver,used,1,Mass_Market,Kampong Speu,Tier_3,individual,0,1,2026-08-20 17:28:02,2026-09-05T06:58:06.027052+00:00,2026-09-05
13911028,21666.0,9.983545644706707,Toyota,Alphard,2014,12,,1,,1,MPV,Petrol,Automatic,Black,used,1,Mass_Market,Phnom Penh,Tier_1,individual,0,0,2026-08-21 10:47:24,2026-09-06T07:12:29.480862+00:00,2026-09-06
13914666,4900.0,8.497194544909547,Toyota,Camry,1999,27,,1,,1,Sedan,Petrol,Automatic,Blue,used,1,Mass_Market,Svay Rieng,Tier_3,individual,0,0,2026-08-22 11:31:53,2026-09-03T09:12:42.579818+00:00,2026-09-03
13915443,8999.0,9.104979856318357,Toyota,Vitz,2014,12,,1,,1,Sedan,Petrol,Automatic,Black,used,0,Mass_Market,Phnom Penh,Tier_1,store,0,0,2026-08-22 14:46:38,2026-09-03T07:13:04.282095+00:00,2026-09-03
13920877,23900.0,10.081675578048475,Toyota,Camry,2013,13,,1,,1,Sedan,Hybrid,Automatic,Grey,used,0,Mass_Market,Phnom Penh,Tier_1,store,1,0,2026-08-24 08:55:05,2026-09-05T07:00:59.373647+00:00,2026-09-05
13920955,8111.0,9.001099725830965,Toyota,RAV4,2001,25,,1,,1,SUV,Petrol,Automatic,Silver,used,1,Mass_Market,Phnom Penh,Tier_1,individual,0,0,2026-08-24 09:06:28,2026-09-03T09:12:25.078681+00:00,2026-09-03
13927832,10600.0,9.268703615273097,Toyota,Prius,2009,17,,1,,1,Sedan,Hybrid,Automatic,Grey,used,0,Mass_Market,Phnom Penh,Tier_1,store,0,0,2026-08-25 16:45:04,2026-09-05T06:59:14.624991+00:00,2026-09-05
13929869,23800.0,10.077482875583607,Toyota,Prius,2018,8,,1,,1,Sedan,Hybrid,Automatic,White,used,0,Mass_Market,Phnom Penh,Tier_1,store,0,0,2026-08-26 10:17:24,2026-09-02T09:52:45.896886+00:00,2026-09-02
13937361,23800.0,10.077482875583607,Toyota,Fortuner,2014,12,,1,,1,SUV,Diesel,Automatic,Silver,used,1,Mass_Market,Phnom Penh,Tier_1,store,0,0,2026-08-28 08:31:34,2026-09-02T09:54:07.882096+00:00,2026-09-02
13941918,8100.0,8.999742789830492,Toyota,Prius,2007,19,,1,,1,Sedan,Petrol,Automatic,Red,used,1,Mass_Market,Phnom Penh,Tier_1,individual,0,0,2026-08-29 10:20:15,2026-09-04T07:19:38.862817+00:00,2026-09-04
13943289,23000.0,10.043292972227004,Toyota,Hilux Vigo,2011,15,,1,,1,Pickup,Diesel,Automatic,Silver,used,1,Mass_Market,Phnom Penh,Tier_1,store,0,0,2026-08-29 15:31:52,2026-09-02T09:55:37.089059+00:00,2026-09-02
13944714,11850.0,9.380167531188448,Toyota,Prius,2008,18,,1,,1,Sedan,Hybrid,Automatic,Grey,used,0,Mass_Market,Phnom Penh,Tier_1,store,0,0,2026-08-30 06:52:15,2026-09-02T09:51:31.454812+00:00,2026-09-02
13945271,15800.0,9.6678285081515,Toyota,Hilux Vigo,2007,19,,1,,1,Pickup,Diesel,Automatic,Black,used,0,Mass_Market,Phnom Penh,Tier_1,store,0,0,2026-08-30 09:59:42,2026-09-02T09:54:13.144828+00:00,2026-09-02
13951845,24500.0,10.106469212026385,Toyota,Prius,2018,8,,1,,1,Sedan,Hybrid,Automatic,Grey,used,0,Mass_Market,Phnom Penh,Tier_1,store,0,0,2026-09-01 07:36:49,2026-09-02T09:51:54.482028+00:00,2026-09-02
13952625,7900.0,8.974744612722734,Toyota,Prius,2005,21,,1,,1,Sedan,Hybrid,Automatic,Blue,used,1,Mass_Market,Phnom Penh,Tier_1,store,0,0,2026-09-01 10:30:35,2026-09-04T07:18:56.843688+00:00,2026-09-04
13953530,16300.0,9.69898173460629,Toyota,Prius,2010,16,,1,,1,Sedan,Petrol,Automatic,White,used,1,Mass_Market,Phnom Penh,Tier_1,individual,1,0,2026-09-01 12:42:27,2026-09-03T09:13:25.629553+00:00,2026-09-03
13954234,29500.0,10.292179440058462,Toyota,Land Cruiser,2011,15,,1,,1,SUV,Petrol,Automatic,White,used,1,Mass_Market,Phnom Penh,Tier_1,individual,0,0,2026-09-01 14:55:55,2026-09-06T07:11:59.871635+00:00,2026-09-06
13955449,11000.0,9.305741456739435,Toyota,Alphard,2005,21,,1,,1,MPV,LPG,Automatic,White,used,1,Mass_Market,Phnom Penh,Tier_1,individual,0,0,2026-09-01 21:11:59,2026-09-02T09:54:14.342140+00:00,2026-09-02
13956795,13100.0,9.48044384215367,Toyota,Prius,2009,17,,1,,1,Sedan,Petrol,Automatic,White,used,0,Mass_Market,Phnom Penh,Tier_1,store,0,0,2026-09-02 10:02:41,2026-09-05T07:03:08.449778+00:00,2026-09-05
13957910,8900.0,9.093918908958932,Toyota,Corolla,2003,23,,1,,1,Sedan,Petrol,Automatic,White,used,1,Mass_Market,Siem Reap,Tier_2,individual,0,0,2026-09-02 13:23:02,2026-09-02T09:55:26.461624+00:00,2026-09-02
13958543,11000.0,9.305741456739435,Toyota,Highlander,2002,24,,1,,1,SUV,Petrol,Automatic,Red,used,1,Mass_Market,Phnom Penh,Tier_1,store,0,0,2026-09-02 15:10:57,2026-09-02T09:52:59.090551+00:00,2026-09-02
13959806,2700.0,7.901377353792616,Toyota,Camry,1995,31,,1,,1,Sedan,LPG,Automatic,Green,used,1,Mass_Market,Phnom Penh,Tier_1,individual,0,0,2026-09-02 21:15:36,2026-09-04T07:21:17.996059+00:00,2026-09-04
13961973,1050.0,6.957497370876951,Toyota,Camry,1990,36,,1,,1,Sedan,Petrol,Automatic,White,used,1,Mass_Market,Pailin,Tier_3,individual,0,0,2026-09-03 12:45:03,2026-09-03T07:15:03.549249+00:00,2026-09-03
13962090,8500.0,9.04793908261736,Toyota,RAV4,2001,25,,1,,1,SUV,Petrol,Automatic,Silver,used,1,Mass_Market,Phnom Penh,Tier_1,individual,0,0,2026-09-03 13:09:44,2026-09-03T07:14:13.447519+00:00,2026-09-03
13962369,9499.0,9.159047077588632,Toyota,Vitz,2015,11,30000,0,,1,Sedan,Petrol,Automatic,Blue,used,0,Mass_Market,Phnom Penh,Tier_1,store,1,0,2026-09-03 14:05:37,2026-09-03T07:12:50.120230+00:00,2026-09-03
13963846,52999.0,10.87804719253426,Toyota,Camry,1999,27,,1,,1,Sedan,Petrol,Automatic,Black,used,1,Mass_Market,Phnom Penh,Tier_1,individual,0,0,2026-09-03 19:46:14,2026-09-05T06:59:12.347864+00:00,2026-09-05
13965917,18500.0,9.825580063659602,Toyota,Prius,2014,12,,1,,1,Sedan,Hybrid,Automatic,White,used,1,Mass_Market,Phnom Penh,Tier_1,individual,0,0,2026-09-04 11:48:55,2026-09-04T07:21:38.669846+00:00,2026-09-04
13966577,5300.0,8.575650760987806,Toyota,Camry,1999,27,,1,,1,Sedan,Petrol,Automatic,Gold,used,1,Mass_Market,Phnom Penh,Tier_1,individual,0,0,2026-09-04 14:04:02,2026-09-06T07:13:47.233130+00:00,2026-09-06
13969920,16200.0,9.692828247710418,Toyota,Prius,2011,15,,1,,1,Sedan,Hybrid,Automatic,Gold,used,1,Mass_Market,Phnom Penh,Tier_1,individual,1,0,2026-09-05 12:30:29,2026-09-05T07:00:40.740647+00:00,2026-09-05
13969933,14500.0,9.581972891547895,Toyota,Highlander,2003,23,,1,,1,SUV,Petrol,Automatic,Gold,used,1,Mass_Market,Phnom Penh,Tier_1,individual,0,0,2026-09-05 12:32:49,2026-09-05T07:00:36.985603+00:00,2026-09-05
13970078,16500.0,9.711176264112805,Toyota,Prius,2012,14,,1,,1,Sedan,Hybrid,Automatic,Silver,used,1,Mass_Market,Phnom Penh,Tier_1,store,0,0,2026-09-05 13:09:18,2026-09-05T06:59:13.202698+00:00,2026-09-05
13973213,9500.0,9.15915233520675,Toyota,Prius,2007,19,,1,,1,Sedan,Hybrid,Automatic,White,used,1,Mass_Market,Phnom Penh,Tier_1,individual,0,0,2026-09-06 11:57:39,2026-09-06T07:12:59.809533+00:00,2026-09-06
13267091,37000.0,10.518700218288165,Toyota,Hilux Revo,2021,5,,1,,1,Pickup,Diesel,Automatic,Grey,used,1,Mass_Market,Phnom Penh,Tier_1,store,0,0,2026-03-09 11:35:53,2026-09-02T09:51:17.963938+00:00,2026-09-02
13775579,36000.0,10.491301994830229,Toyota,Hilux,2021,5,,1,,1,Pickup,Diesel,Automatic,Green,used,1,Mass_Market,Phnom Penh,Tier_1,store,0,0,2026-07-16 11:46:54,2026-09-02T09:53:53.595117+00:00,2026-09-02
13847101,15900.0,9.674137279312397,Toyota,Wigo,2026,0,100000,0,1000,0,Hatchback,Petrol,Automatic,Silver,new,0,Mass_Market,Phnom Penh,Tier_1,store,0,0,2026-08-04 13:01:03,2026-09-04T07:18:09.180854+00:00,2026-09-04
13893829,23900.0,10.081675578048475,Toyota,bZ5,2025,1,10000,0,0,0,SUV,Electric,Automatic,White,used,1,Mass_Market,Phnom Penh,Tier_1,store,0,0,2026-08-16 18:40:58,2026-09-06T07:09:15.963376+00:00,2026-09-06
13687363,28800.0,10.268165387743457,Toyota,Land Cruiser,2008,18,,1,,1,SUV,Petrol,Automatic,White,used,1,Mass_Market,Kandal,Tier_2,individual,0,0,2026-06-24 10:53:57,2026-09-06T07:12:22.689324+00:00,2026-09-06
13943755,13200.0,9.488047863280759,Toyota,Prius,2009,17,,1,,1,Hatchback,Hybrid,Automatic,White,used,0,Mass_Market,Phnom Penh,Tier_1,store,1,0,2026-08-29 17:41:58,2026-09-06T07:14:11.100471+00:00,2026-09-06
13953735,12800.0,9.45727857185611,Toyota,Prius,2008,18,,1,,1,Hatchback,Hybrid,Automatic,Silver,used,0,Mass_Market,Phnom Penh,Tier_1,individual,1,0,2026-09-01 13:24:36,2026-09-03T09:12:59.051316+00:00,2026-09-03
13955460,16500.0,9.711176264112805,Toyota,Prius,2012,14,,1,,1,Hatchback,Petrol,Automatic,Grey,used,0,Mass_Market,Phnom Penh,Tier_1,store,0,0,2026-09-01 21:16:32,2026-09-02T09:53:59.746958+00:00,2026-09-02
13966318,18200.0,9.809231816610408,Toyota,Prius,2013,13,209214,0,0,0,Hatchback,Electric,Automatic,Grey,used,0,Mass_Market,Phnom Penh,Tier_1,store,0,0,2026-09-04 13:18:38,2026-09-04T07:17:48.490208+00:00,2026-09-04
13952791,14200.0,9.561067663645012,Toyota,Highlander,2003,23,,1,,1,SUV,,Automatic,Gold,used,1,Mass_Market,Kandal,Tier_2,individual,0,0,2026-09-01 10:57:29,2026-09-04T07:18:38.356371+00:00,2026-09-04
13953461,16000.0,9.680406499268875,Toyota,Prius,2010,16,,1,,1,Sedan,,Automatic,Grey,used,0,Mass_Market,Phnom Penh,Tier_1,individual,1,0,2026-09-01 12:37:42,2026-09-03T09:13:29.290136+00:00,2026-09-03
13514784,13900.0,9.539716058977092,Toyota,Tundra,2007,19,,1,,1,Pickup,,Automatic,White,used,0,Mass_Market,Phnom Penh,Tier_1,individual,0,1,2026-05-14 00:09:44,2026-09-05T06:58:37.041648+00:00,2026-09-05
13551270,12900.0,9.465060106725137,Toyota,Prius,2007,19,,1,,1,Hatchback,,Automatic,White,used,0,Mass_Market,Phnom Penh,Tier_1,store,0,0,2026-05-22 10:07:48,2026-09-06T07:09:52.160805+00:00,2026-09-06
13943087,38800.0,10.566201298475118,Toyota,Land Cruiser Prado,2016,10,,1,,1,SUV,,Automatic,White,used,1,Mass_Market,Phnom Penh,Tier_1,store,0,0,2026-08-29 14:41:24,2026-09-06T07:11:47.100765+00:00,2026-09-06
13952230,9800.0,9.19023970026918,Toyota,RAV4,2002,24,,1,,1,SUV,,Automatic,White,used,1,Mass_Market,Phnom Penh,Tier_1,store,0,0,2026-09-01 09:25:12,2026-09-02T09:55:35.180689+00:00,2026-09-02
13870255,10550.0,9.263975921142093,Toyota,Prius,2006,20,,1,,1,Hatchback,Petrol,,Silver,used,1,Mass_Market,Phnom Penh,Tier_1,store,0,0,2026-08-10 13:28:38,2026-09-06T07:10:30.775069+00:00,2026-09-06
13813205,28500.0,10.25769445336048,Toyota,Alphard,2015,11,,1,,1,MPV,Hybrid,Automatic,,used,1,Mass_Market,Phnom Penh,Tier_1,individual,0,0,2026-07-26 15:33:48,2026-09-05T06:59:52.237589+00:00,2026-09-05
13905823,7700.0,8.94910546953925,Toyota,Vitz,2012,14,,1,,1,Hatchback,Petrol,Automatic,,used,1,Mass_Market,Phnom Penh,Tier_1,store,0,0,2026-08-19 20:10:40,2026-09-02T09:52:27.790707+00:00,2026-09-02
13460324,17800.0,9.787009914477434,Toyota,Prius,2010,16,,1,,1,Hatchback,,,White,used,0,Mass_Market,Phnom Penh,Tier_1,store,0,0,2026-04-30 10:50:20,2026-09-06T07:09:42.769638+00:00,2026-09-06
13889198,11700.0,9.367429587218957,Toyota,Highlander,2003,23,,1,,1,SUV,,,Silver,used,1,Mass_Market,Phnom Penh,Tier_1,store,0,0,2026-08-15 11:49:45,2026-09-06T07:12:36.764156+00:00,2026-09-06
13640556,20500.0,9.928228944424575,Toyota,Prius,2020,6,,1,,1,Hatchback,,,White,used,0,Mass_Market,Phnom Penh,Tier_1,store,0,0,2026-06-12 16:33:58,2026-09-02T09:55:15.650910+00:00,2026-09-02
13915220,17000.0,9.741027444837728,Toyota,Prius,2014,12,,1,,1,Hatchback,,,White,used,1,Mass_Market,Phnom Penh,Tier_1,individual,0,0,2026-08-22 13:49:11,2026-09-03T09:12:35.509018+00:00,2026-09-03
13931842,12200.0,9.409273194575334,Toyota,Prius,2008,18,,1,,1,Hatchback,,,Grey,used,0,Mass_Market,Phnom Penh,Tier_1,individual,0,0,2026-08-26 15:58:20,2026-09-04T07:20:15.358561+00:00,2026-09-04
13938901,7800.0,8.962007209588313,Toyota,Prius,2004,22,,1,,1,Hatchback,,,Silver,used,1,Mass_Market,Phnom Penh,Tier_1,individual,0,0,2026-08-28 13:22:01,2026-09-04T07:20:31.713349+00:00,2026-09-04
13957809,11900.0,9.38437770918244,Toyota,Camry,2009,17,,1,,1,Sedan,,,Brown,used,0,Mass_Market,Phnom Penh,Tier_1,store,0,1,2026-09-02 13:02:43,2026-09-02T09:55:59.285924+00:00,2026-09-02
13957893,19800.0,9.893487720457795,Toyota,Prius,2012,14,,1,,1,Hatchback,,,White,used,0,Mass_Market,Phnom Penh,Tier_1,store,0,0,2026-09-02 13:20:32,2026-09-02T09:55:29.886724+00:00,2026-09-02
13966630,7600.0,8.936035096566041,Toyota,Corolla,2001,25,,1,,1,Sedan,,,Brown,used,0,Mass_Market,Phnom Penh,Tier_1,store,0,1,2026-09-04 14:10:55,2026-09-04T07:16:26.124526+00:00,2026-09-04
13592354,33900.0,10.431199791458543,Toyota,Fortuner,2017,9,,1,,1,SUV,,,,used,1,Mass_Market,Phnom Penh,Tier_1,individual,0,0,2026-06-01 10:57:07,2026-09-06T07:13:13.641077+00:00,2026-09-06
13426354,49900.0,10.817796321618971,Toyota,Hiace,2026,0,100000,0,,1,,Diesel,Manual,White,new,0,Mass_Market,Phnom Penh,Tier_1,store,0,0,2026-04-22 10:40:52,2026-09-05T07:01:08.260835+00:00,2026-09-05
13705457,12800.0,9.45727857185611,Toyota,Camry,2007,19,,1,,1,Sedan,Hybrid,,Gold,used,1,Mass_Market,Phnom Penh,Tier_1,store,0,0,2026-06-28 15:23:14,2026-09-06T07:10:03.217252+00:00,2026-09-06
13906072,19500.0,9.87822102528824,Toyota,Hilux Vigo,2006,20,,1,,1,Pickup,Diesel,,Silver,used,1,Mass_Market,Ratanakiri,Tier_3,individual,0,0,2026-08-19 22:56:15,2026-09-06T07:12:08.401044+00:00,2026-09-06
13932216,11000.0,9.305741456739435,Toyota,Camry,2007,19,,1,,1,Sedan,Hybrid,,Silver,used,1,Mass_Market,Kandal,Tier_2,individual,0,0,2026-08-26 17:08:29,2026-09-03T09:12:32.983967+00:00,2026-09-03
13955854,9600.0,9.169622538697624,Toyota,Prius,2008,18,,1,,1,SUV,Petrol,,Silver,used,1,Mass_Market,Phnom Penh,Tier_1,store,1,0,2026-09-02 03:16:35,2026-09-05T07:02:54.155030+00:00,2026-09-05
13900459,25900.0,10.16203685698089,Chevrolet,Trailblazer,2019,7,,1,,1,SUV,Diesel,Automatic,White,used,1,Mass_Market,Phnom Penh,Tier_1,store,0,0,2026-08-18 12:23:45,2026-09-06T07:10:31.915564+00:00,2026-09-06
13969256,21500.0,9.975854724662028,Chevrolet,Trailblazer,2022,4,,1,,1,SUV,Petrol,Automatic,Black,used,1,Mass_Market,Phnom Penh,Tier_1,store,0,0,2026-09-05 10:15:16,2026-09-06T07:11:32.477742+00:00,2026-09-06
13942885,7000.0,8.853808274977197,Chevrolet,Spark,2012,14,,1,,1,,Petrol,Automatic,Red,used,0,Mass_Market,Phnom Penh,Tier_1,store,0,0,2026-08-29 13:54:13,2026-09-04T07:18:12.594036+00:00,2026-09-04
13606169,18500.0,9.825580063659602,Jetour,X70,2022,4,,1,,1,SUV,Petrol,Automatic,White,used,1,Chinese_EV,Phnom Penh,Tier_1,individual,0,0,2026-06-04 12:37:55,2026-09-03T09:12:58.281152+00:00,2026-09-03
13352499,79800.0,11.287291314687705,Denza,D9,2025,1,980,0,6700,0,MPV,Hybrid,Automatic,Black,new,0,Chinese_EV,Phnom Penh,Tier_1,store,0,0,2026-03-30 13:55:16,2026-09-06T07:11:32.656340+00:00,2026-09-06
13602703,2500.0,7.824445930877619,Hyundai,Starex,2005,21,,1,,1,MPV,Petrol,Automatic,Silver,used,1,Mass_Market,Phnom Penh,Tier_1,store,0,0,2026-06-03 15:49:21,2026-09-02T09:51:46.328909+00:00,2026-09-02
13685797,7799.0,8.961879012677683,Hyundai,Starex,2009,17,,1,,1,Station Wagon,Diesel,Automatic,Silver,used,1,Mass_Market,Phnom Penh,Tier_1,store,0,0,2026-06-23 21:06:37,2026-09-04T07:21:59.533136+00:00,2026-09-04
13746633,14500.0,9.581972891547895,Hyundai,Santa Fe,2015,11,,1,,1,SUV,Diesel,Automatic,White,used,1,Mass_Market,Phnom Penh,Tier_1,store,0,0,2026-07-09 07:52:58,2026-09-04T07:16:35.273518+00:00,2026-09-04
13922441,30900.0,10.33854382482173,Hyundai,H350,2018,8,,1,,1,MPV,Diesel,Automatic,Black,used,0,Mass_Market,Phnom Penh,Tier_1,store,0,0,2026-08-24 13:41:23,2026-09-04T07:16:34.976293+00:00,2026-09-04
13963164,7500.0,8.922791623969637,Hyundai,Tourism - ទូរីស,2008,18,,1,,1,MPV,Diesel,Automatic,Silver,used,1,Mass_Market,Kandal,Tier_2,individual,0,0,2026-09-03 16:17:26,2026-09-04T07:19:08.489222+00:00,2026-09-04
13973771,21000.0,9.952325334619427,Hyundai,Truck,1999,27,,1,,1,,Diesel,Manual,White,used,1,Mass_Market,Battambang,Tier_2,individual,0,0,2026-09-06 13:55:44,2026-09-06T07:09:45.897576+00:00,2026-09-06
13793913,20800.0,9.942756341456828,Chery,ផ្សេងៗ,2025,1,,1,0,0,SUV,Electric,Automatic,White,new,0,Chinese_EV,Phnom Penh,Tier_1,store,0,0,2026-07-21 11:33:37,2026-09-06T07:12:46.168602+00:00,2026-09-06
13919579,19500.0,9.87822102528824,MG,GT,2022,4,,1,,1,Sedan,Petrol,Automatic,White,used,1,Chinese_EV,Phnom Penh,Tier_1,store,1,0,2026-08-23 17:23:38,2026-09-03T07:15:20.955239+00:00,2026-09-03
13958836,19700.0,9.888424674859083,MG,ZS,2025,1,20000,0,,1,SUV,Petrol,Automatic,White,used,1,Chinese_EV,Phnom Penh,Tier_1,individual,0,0,2026-09-02 16:09:02,2026-09-02T09:52:00.350604+00:00,2026-09-02
13896188,23800.0,10.077482875583607,Deepal,S05,2025,1,,1,0,0,,Electric,Automatic,Blue,new,0,Chinese_EV,Kandal,Tier_2,individual,0,0,2026-08-17 11:33:32,2026-09-06T07:09:19.906014+00:00,2026-09-06
13937743,24999.0,10.126631103850338,Deepal,,2026,0,,1,0,0,SUV,Electric,Automatic,Black,new,0,Chinese_EV,Phnom Penh,Tier_1,store,0,0,2026-08-28 09:42:05,2026-09-04T07:17:10.653291+00:00,2026-09-04
13661816,26900.0,10.199918739620157,Deepal,S05,2026,0,,1,0,0,,,,White,new,0,Chinese_EV,Phnom Penh,Tier_1,store,0,0,2026-06-18 01:13:16,2026-09-06T07:14:16.488753+00:00,2026-09-06
13316766,23200.0,10.05195066017375,GAC,GA4,2026,0,,1,,1,SUV,Petrol,Automatic,Grey,new,0,Chinese_EV,Phnom Penh,Tier_1,store,0,0,2026-03-21 06:29:03,2026-09-03T07:16:59.985482+00:00,2026-09-03
13649693,60800.0,11.015361515187424,GAC,GN8,2026,0,,1,,1,MPV,Petrol,Automatic,Black,new,0,Chinese_EV,Kandal,Tier_2,store,0,0,2026-06-15 09:56:00,2026-09-06T07:12:59.257738+00:00,2026-09-06
13874651,53500.0,10.887455624298198,GAC,GN8,2025,1,,1,,1,SUV,Petrol,Automatic,White,new,0,Chinese_EV,Phnom Penh,Tier_1,store,0,0,2026-08-11 15:05:43,2026-09-05T07:03:11.250505+00:00,2026-09-05
13905286,38500.0,10.55843949396453,GAC,GN8,2024,2,,1,,1,MPV,Diesel,Automatic,White,new,1,Chinese_EV,Phnom Penh,Tier_1,individual,0,0,2026-08-19 16:11:54,2026-09-04T07:19:37.871257+00:00,2026-09-04
13911187,29800.0,10.30229722897745,GAC,GN8,2024,2,,1,,1,MPV,Petrol,Automatic,Black,used,1,Chinese_EV,Phnom Penh,Tier_1,store,0,0,2026-08-21 11:12:06,2026-09-02T09:54:21.851003+00:00,2026-09-02
13922093,20700.0,9.937937287265354,GAC,GS4,2025,1,,1,,1,SUV,Petrol,Automatic,White,used,1,Chinese_EV,Phnom Penh,Tier_1,individual,0,1,2026-08-24 12:26:19,2026-09-05T07:03:22.745715+00:00,2026-09-05
13943398,33900.0,10.431199791458543,GAC,M8,2024,2,,1,,1,,Petrol,,Black,used,1,Chinese_EV,Phnom Penh,Tier_1,store,0,0,2026-08-29 15:54:20,2026-09-05T06:58:19.503606+00:00,2026-09-05
13958792,22999.0,10.043249494911286,Aion,Aion i60,2026,0,,1,0,0,SUV,Electric,,White,new,0,Chinese_EV,Phnom Penh,Tier_1,store,0,0,2026-09-02 15:59:10,2026-09-02T09:52:07.790798+00:00,2026-09-02
13603134,5288.0,8.57338447106598,Audi,A3,2006,20,,1,,1,,Petrol,Automatic,White,used,1,Luxury,Phnom Penh,Tier_1,store,0,0,2026-06-03 17:24:15,2026-09-03T07:17:49.831633+00:00,2026-09-03
13371254,13900.0,9.539716058977092,Lexus,LX470,2004,22,,1,,1,SUV,Petrol,Automatic,White,used,1,Luxury,Phnom Penh,Tier_1,individual,0,0,2026-04-04 00:42:03,2026-09-02T09:53:33.455159+00:00,2026-09-02
13402192,49800.0,10.815790343132422,Lexus,LX570,2011,15,,1,,1,SUV,Petrol,Automatic,Black,used,1,Luxury,Phnom Penh,Tier_1,store,0,0,2026-04-13 07:49:50,2026-09-03T07:12:50.915243+00:00,2026-09-03
13433148,88500.0,11.390769130367211,Lexus,LX570,2018,8,,1,,1,SUV,Petrol,Automatic,White,used,1,Luxury,Phnom Penh,Tier_1,store,0,0,2026-04-23 16:24:17,2026-09-04T07:20:51.569509+00:00,2026-09-04
13449290,22900.0,10.038935856711177,Lexus,RX330,2004,22,,1,,1,SUV,Petrol,Automatic,Grey,used,1,Luxury,Phnom Penh,Tier_1,store,1,0,2026-04-27 15:37:30,2026-09-06T07:10:09.030085+00:00,2026-09-06
13629394,33900.0,10.431199791458543,Lexus,NX200t,2015,11,,1,,1,SUV,Petrol,Automatic,Black,used,1,Luxury,Phnom Penh,Tier_1,store,0,0,2026-06-10 09:36:52,2026-09-06T07:13:16.243575+00:00,2026-09-06
13675172,42900.0,10.666650414667744,Lexus,NX200t,2017,9,,1,,1,SUV,Petrol,Automatic,White,used,0,Luxury,Phnom Penh,Tier_1,store,1,0,2026-06-21 13:19:36,2026-09-05T07:01:15.629972+00:00,2026-09-05
13701402,29800.0,10.30229722897745,Lexus,NX200t,2016,10,,1,,1,SUV,Petrol,Automatic,Black,used,1,Luxury,Phnom Penh,Tier_1,store,0,0,2026-06-27 12:38:39,2026-09-06T07:11:33.124823+00:00,2026-09-06
13723048,18700.0,9.83633227734872,Lexus,RX330,2006,20,,1,,1,SUV,Petrol,Automatic,Grey,used,1,Luxury,Phnom Penh,Tier_1,store,0,0,2026-07-03 08:21:15,2026-09-05T07:01:15.731031+00:00,2026-09-05
13742194,13800.0,9.53249633228804,Lexus,RX300,2002,24,,1,,1,SUV,Petrol,Automatic,White,used,0,Luxury,Phnom Penh,Tier_1,store,0,0,2026-07-08 05:00:54,2026-09-05T07:01:09.751352+00:00,2026-09-05
13920517,9975.0,9.207937487359873,Lexus,RX300,2002,24,,1,3000,0,SUV,Petrol,Automatic,White,used,1,Luxury,Phnom Penh,Tier_1,individual,0,0,2026-08-24 07:19:44,2026-09-06T07:10:58.220472+00:00,2026-09-06
13943729,37500.0,10.53212287826962,Lexus,LX570,2009,17,30000,0,,1,SUV,Petrol,Automatic,White,used,1,Luxury,Phnom Penh,Tier_1,store,0,0,2026-08-29 17:28:33,2026-09-06T07:11:40.995590+00:00,2026-09-06
13964695,18900.0,9.846970109700957,Lexus,RX330,2004,22,,1,,1,SUV,Petrol,Automatic,White,used,1,Luxury,Phnom Penh,Tier_1,individual,1,0,2026-09-04 08:13:37,2026-09-06T07:10:13.389313+00:00,2026-09-06
13964784,9021.0,9.107421317968342,Lexus,RX300,2001,25,,1,,1,SUV,Petrol,Automatic,Black,used,1,Luxury,Phnom Penh,Tier_1,individual,0,0,2026-09-04 08:33:10,2026-09-05T06:58:54.220923+00:00,2026-09-05
13966461,180063.0,12.101067622233005,Lexus,LX600,2023,3,,1,3500,0,SUV,Petrol,Automatic,Black,new,0,Luxury,Phnom Penh,Tier_1,store,0,0,2026-09-04 13:39:20,2026-09-04T07:17:23.349771+00:00,2026-09-04
13494548,15999.0,9.680344001221918,Lexus,CT,2011,15,,1,,1,Hatchback,Hybrid,Automatic,White,used,1,Luxury,Phnom Penh,Tier_1,individual,0,0,2026-05-09 00:49:00,2026-09-03T09:13:05.048921+00:00,2026-09-03
13805812,15288.0,9.634888894560614,Lexus,IS,2006,20,,1,,1,Sedan,Petrol,Automatic,White,used,1,Luxury,Phnom Penh,Tier_1,individual,0,0,2026-07-24 12:51:40,2026-09-06T07:09:51.091557+00:00,2026-09-06
13899403,178888.0,12.094520780742245,Lexus,LM,2025,1,10000,0,,1,MPV,Petrol,Automatic,White,used,1,Luxury,Phnom Penh,Tier_1,individual,0,0,2026-08-18 09:25:21,2026-09-03T09:13:11.925427+00:00,2026-09-03
13905076,26800.0,10.196194479235656,Lexus,ES,2013,13,,1,,1,Hatchback,Hybrid,Automatic,White,used,0,Luxury,Phnom Penh,Tier_1,store,0,0,2026-08-19 15:16:31,2026-09-02T09:53:39.974283+00:00,2026-09-02
13925241,12900.0,9.465060106725137,Lexus,GX470,2003,23,,1,,1,SUV,LPG,Automatic,Gold,used,1,Luxury,Phnom Penh,Tier_1,individual,0,1,2026-08-25 09:12:22,2026-09-05T06:59:01.869503+00:00,2026-09-05
13948980,26000.0,10.165890277802454,Lexus,NX200t,2015,11,,1,,1,SUV,Petrol,Automatic,Gold,used,1,Luxury,Phnom Penh,Tier_1,individual,1,0,2026-08-31 10:12:12,2026-09-06T07:09:51.617968+00:00,2026-09-06
13950252,72500.0,11.19135563385109,Lexus,NX450h+,2023,3,,1,,1,SUV,Hybrid,Automatic,White,new,0,Luxury,Phnom Penh,Tier_1,store,0,0,2026-08-31 14:28:40,2026-09-05T07:04:18.351182+00:00,2026-09-05
13954349,14900.0,9.60918360377546,Lexus,CT,2012,14,,1,,1,Sedan,Hybrid,Automatic,Grey,used,1,Luxury,Phnom Penh,Tier_1,store,0,0,2026-09-01 15:18:01,2026-09-06T07:11:39.420765+00:00,2026-09-06
13958895,48000.0,10.778977123006351,Lexus,ផ្សេងៗ,2023,3,,1,0,0,SUV,Electric,Automatic,White,used,0,Luxury,Phnom Penh,Tier_1,store,0,0,2026-09-02 16:18:56,2026-09-02T09:51:53.493995+00:00,2026-09-02
13961902,32000.0,10.373522431293592,Lexus,NX200t,2017,9,,1,,1,SUV,Petrol,Automatic,Silver,used,1,Luxury,Phnom Penh,Tier_1,individual,1,0,2026-09-03 12:30:48,2026-09-03T07:15:38.125247+00:00,2026-09-03
13958552,18800.0,9.841665338892785,Lexus,RX330,2004,22,,1,,1,SUV,Petrol,Automatic,Grey,used,1,Luxury,Phnom Penh,Tier_1,store,0,0,2026-09-02 15:12:39,2026-09-02T09:52:57.267695+00:00,2026-09-02
13694464,8900.0,9.093918908958932,Lexus,RX300,1999,27,,1,,1,SUV,,Automatic,White,used,1,Luxury,Banteay Meanchey,Tier_3,individual,0,1,2026-06-25 18:29:39,2026-09-05T07:03:28.472837+00:00,2026-09-05
13927004,13500.0,9.510519035757246,Lexus,RX300,2001,25,,1,,1,Sedan,,Automatic,White,used,1,Luxury,Phnom Penh,Tier_1,store,0,0,2026-08-25 14:20:45,2026-09-06T07:13:15.709108+00:00,2026-09-06
13962303,9450.0,9.153875834995056,Lexus,RX300,2001,25,,1,,1,SUV,,Automatic,Gold,used,1,Luxury,Phnom Penh,Tier_1,individual,0,0,2026-09-03 13:56:06,2026-09-03T07:13:09.760157+00:00,2026-09-03
13617357,92000.0,11.429554725537322,Lexus,LX570,2019,7,,1,,1,SUV,Petrol,Automatic,White,used,1,Luxury,,Unknown,store,0,0,2026-06-07 10:24:54,2026-09-06T07:12:58.059871+00:00,2026-09-06
13958999,22800.0,10.034559673629849,Lexus,RX330,2005,21,,1,,1,SUV,,Automatic,White,used,1,Luxury,Phnom Penh,Tier_1,store,0,0,2026-09-02 16:38:18,2026-09-02T09:51:32.287537+00:00,2026-09-02
13961512,20000.0,9.90353755128617,Lexus,LX470,2004,22,,1,,1,SUV,Petrol,Automatic,,used,1,Luxury,Phnom Penh,Tier_1,store,0,0,2026-09-03 11:23:04,2026-09-03T07:18:26.880578+00:00,2026-09-03
13973530,19000.0,9.852246888342531,Lexus,RX330,2004,22,,1,,1,SUV,Petrol,Automatic,,used,1,Luxury,Phnom Penh,Tier_1,store,0,0,2026-09-06 13:14:50,2026-09-06T07:10:51.365477+00:00,2026-09-06
13666778,14500.0,9.581972891547895,Lexus,RX330,2004,22,,1,,1,SUV,,,Black,used,1,Luxury,Phnom Penh,Tier_1,store,0,0,2026-06-19 10:02:17,2026-09-02T09:54:17.995061+00:00,2026-09-02
13295187,18800.0,9.841665338892785,Lexus,RX330,2004,22,,1,,1,SUV,,,Silver,used,1,Luxury,Phnom Penh,Tier_1,store,0,0,2026-03-16 11:16:35,2026-09-02T09:53:04.262346+00:00,2026-09-02
13936302,13000.0,9.472781556562168,Lexus,RX300,2002,24,,1,,1,SUV,,,White,used,1,Luxury,Kandal,Tier_2,individual,0,0,2026-08-27 17:12:42,2026-09-03T09:12:32.482472+00:00,2026-09-03
13970039,22000.0,9.99884318585288,Lexus,HS,2010,16,,1,,1,,Hybrid,Automatic,Blue,used,0,Luxury,Phnom Penh,Tier_1,store,0,1,2026-09-05 13:00:12,2026-09-05T06:59:38.986179+00:00,2026-09-05
13884245,18800.0,9.841665338892785,Lexus,RX400h,2008,18,,1,,1,SUV,Petrol,,,used,1,Luxury,Kandal,Tier_2,individual,0,0,2026-08-14 08:34:31,2026-09-05T07:01:34.526655+00:00,2026-09-05
13677405,29500.0,10.292179440058462,Lexus,NX200t,2015,11,,1,,1,SUV,Petrol,,Black,used,0,Luxury,Phnom Penh,Tier_1,store,1,0,2026-06-22 06:21:14,2026-09-05T07:04:15.346854+00:00,2026-09-05
13862507,17200.0,9.75272280064639,Lexus,CT,2013,13,,1,,1,Hatchback,Hybrid,,White,used,1,Luxury,Phnom Penh,Tier_1,store,0,0,2026-08-08 10:01:44,2026-09-02T09:53:39.285884+00:00,2026-09-02
13593011,10500.0,9.259225769705994,Mercedes-Benz,E 280,2009,17,,1,,1,Sedan,Petrol,Automatic,Black,used,1,Luxury,Phnom Penh,Tier_1,individual,0,0,2026-06-01 13:12:08,2026-09-05T07:03:36.742057+00:00,2026-09-05
13635320,6500.0,8.77971129020447,Mercedes-Benz,E-Class,2003,23,,1,,1,Sedan,LPG,Automatic,Gold,used,1,Luxury,Phnom Penh,Tier_1,individual,0,0,2026-06-11 13:25:57,2026-09-05T07:00:04.296480+00:00,2026-09-05
13721342,28000.0,10.239995502805316,Mercedes-Benz,CLA AMG 45,2014,12,,1,,1,Sedan,Petrol,Automatic,White,used,1,Luxury,Phnom Penh,Tier_1,individual,0,1,2026-07-02 15:34:00,2026-09-02T09:55:48.963875+00:00,2026-09-02
13837820,165000.0,12.013706813470414,Mercedes-Benz,Maybach,2019,7,28000,0,,1,Sedan,Petrol,Automatic,Black,used,1,Luxury,Phnom Penh,Tier_1,store,0,0,2026-08-02 07:31:58,2026-09-03T07:18:21.850102+00:00,2026-09-03
13873313,22000.0,9.99884318585288,Mercedes-Benz,C-Class,2015,11,,1,,1,Sedan,Petrol,Automatic,White,used,1,Luxury,Phnom Penh,Tier_1,store,0,0,2026-08-11 10:29:18,2026-09-04T07:16:33.209070+00:00,2026-09-04
13908160,25500.0,10.146472946063877,Mercedes-Benz,V-Class,2015,11,89888,0,,1,MPV,Diesel,Automatic,Black,used,1,Luxury,Phnom Penh,Tier_1,store,0,0,2026-08-20 13:30:11,2026-09-06T07:12:52.428088+00:00,2026-09-06
13908424,26700.0,10.192456296870509,Mercedes-Benz,C-Class,2015,11,,1,,1,Sedan,Petrol,Automatic,Black,used,0,Luxury,Phnom Penh,Tier_1,individual,0,0,2026-08-20 14:25:13,2026-09-03T09:12:49.063546+00:00,2026-09-03
13936321,39000.0,10.571342565808699,Mercedes-Benz,S-Class,2016,10,128747,0,,1,Sedan,Petrol,Automatic,Black,used,1,Luxury,Phnom Penh,Tier_1,individual,0,0,2026-08-27 17:17:39,2026-09-06T07:09:35.645709+00:00,2026-09-06
13940548,21500.0,9.975854724662028,Mercedes-Benz,C300,2015,11,,1,,1,Sedan,Petrol,Automatic,White,used,1,Luxury,Phnom Penh,Tier_1,store,0,0,2026-08-28 21:16:57,2026-09-06T07:14:16.248679+00:00,2026-09-06
13935853,23300.0,10.056251557087757,Mercedes-Benz,CLA-45,2015,11,,1,,1,SUV,Petrol,,White,used,1,Luxury,Phnom Penh,Tier_1,individual,0,0,2026-08-27 16:01:20,2026-09-03T07:14:24.780832+00:00,2026-09-03
13919495,38888.0,10.568466713268153,Mercedes-Benz,CLS-Class,2015,11,,1,,1,Sedan,,Automatic,Black,used,1,Luxury,Phnom Penh,Tier_1,store,0,0,2026-08-23 16:57:32,2026-09-05T06:59:52.351550+00:00,2026-09-05
13254725,31900.0,10.370392636243981,Mercedes-Benz,C-Class,2015,11,,1,,1,Sedan,,Automatic,Black,used,0,Luxury,Phnom Penh,Tier_1,individual,0,0,2026-03-05 21:39:27,2026-09-03T09:14:25.592233+00:00,2026-09-03
13500415,173500.0,12.063938642041201,Porsche,911,2020,6,,1,3000,0,Coupe,Petrol,Automatic,White,used,0,Luxury,Phnom Penh,Tier_1,store,0,0,2026-05-10 15:48:01,2026-09-03T07:13:56.312668+00:00,2026-09-03
13574445,12900.0,9.465060106725137,HUMMER,H2,2006,20,,1,,1,Pickup,LPG,Automatic,White,used,1,Other,Phnom Penh,Tier_1,store,0,0,2026-05-27 18:34:15,2026-09-02T09:51:16.032961+00:00,2026-09-02
13573874,50000.0,10.819798284210286,Jeep,Rubicon,2018,8,,1,,1,,Petrol,Automatic,Grey,used,1,Mass_Market,Phnom Penh,Tier_1,store,0,0,2026-05-27 15:48:03,2026-09-04T07:18:36.480490+00:00,2026-09-04
13965895,44200.0,10.69650269224425,Jeep,ផ្សេងៗ,2020,6,,1,,1,Pickup,Petrol,Automatic,Black,used,1,Mass_Market,Phnom Penh,Tier_1,individual,0,0,2026-09-04 11:43:09,2026-09-04T07:21:48.192215+00:00,2026-09-04
13931460,49500.0,10.809748150372926,Jeep,Rubicon,2020,6,,1,,1,SUV,Petrol,Automatic,White,used,1,Mass_Market,Phnom Penh,Tier_1,store,0,0,2026-08-26 15:01:35,2026-09-05T06:58:55.338137+00:00,2026-09-05
13809358,54500.0,10.905974329106854,Jeep,Rubicon,2019,7,,1,,1,SUV,Petrol,Automatic,Black,used,1,Mass_Market,Phnom Penh,Tier_1,store,0,0,2026-07-25 12:35:34,2026-09-04T07:20:04.471231+00:00,2026-09-04
13808875,17500.0,9.770013301136158,SsangYong,Rexton,2019,7,,1,,1,Pickup,Diesel,Automatic,Grey,used,0,Other,Phnom Penh,Tier_1,store,0,0,2026-07-25 10:47:22,2026-09-06T07:12:01.295138+00:00,2026-09-06
13932925,16800.0,9.729193687429403,SsangYong,Tivoli,2023,3,20000,0,,1,Hatchback,,Automatic,White,used,1,Other,Phnom Penh,Tier_1,store,0,0,2026-08-26 21:21:52,2026-09-06T07:09:26.355153+00:00,2026-09-06
13953673,23500.0,10.064798252418377,SsangYong,Rexton,2021,5,,1,,1,Pickup,Diesel,Automatic,White,used,1,Other,Phnom Penh,Tier_1,individual,0,0,2026-09-01 13:14:40,2026-09-03T09:13:03.685976+00:00,2026-09-03
13957934,26700.0,10.192456296870509,SsangYong,Rexton,2022,4,,1,,1,Pickup,Diesel,Automatic,White,used,0,Other,Phnom Penh,Tier_1,store,0,0,2026-09-02 13:29:47,2026-09-02T09:55:14.253756+00:00,2026-09-02
13970206,18900.0,9.846970109700957,SsangYong,Rexton,2018,8,,1,,1,Pickup,Diesel,Automatic,Grey,used,0,Other,Phnom Penh,Tier_1,store,0,0,2026-09-05 13:32:52,2026-09-05T06:58:26.537846+00:00,2026-09-05
13922142,28000.0,10.239995502805316,Volvo,XC60,2018,8,,1,,1,SUV,Petrol,Automatic,Black,used,1,Luxury,Phnom Penh,Tier_1,store,0,0,2026-08-24 12:38:51,2026-09-06T07:12:45.653948+00:00,2026-09-06
13914611,2277.0,7.731053144007127,Kia,Visto,2001,25,,1,,1,,Petrol,Automatic,White,used,1,Mass_Market,Phnom Penh,Tier_1,individual,0,0,2026-08-22 11:17:28,2026-09-02T09:52:41.615530+00:00,2026-09-02
13345824,9800.0,9.19023970026918,Kia,Ray,2014,12,,1,,1,,Petrol,Automatic,,used,0,Mass_Market,Phnom Penh,Tier_1,store,0,0,2026-03-28 13:40:48,2026-09-06T07:12:21.567368+00:00,2026-09-06
13947390,7700.0,8.94910546953925,Kia,Morning,2012,14,,1,,1,Sedan,,Automatic,White,used,1,Mass_Market,Phnom Penh,Tier_1,store,0,0,2026-08-30 20:24:12,2026-09-02T09:55:41.742419+00:00,2026-09-02
13384366,5500.0,8.612685172875459,Kia,Carnival,2002,24,,1,,1,SUV,Diesel,Manual,White,used,1,Mass_Market,Phnom Penh,Tier_1,individual,0,0,2026-04-07 12:34:22,2026-09-06T07:11:35.743045+00:00,2026-09-06
13498295,15800.0,9.6678285081515,Kia,Carnival,2016,10,,1,,1,MPV,Petrol,Automatic,Silver,used,1,Mass_Market,Phnom Penh,Tier_1,store,1,0,2026-05-10 06:51:47,2026-09-05T06:57:43.172407+00:00,2026-09-05
13912450,17800.0,9.787009914477434,Kia,Sonet,2024,2,,1,,1,SUV,Petrol,Automatic,Red,used,1,Mass_Market,Phnom Penh,Tier_1,store,0,0,2026-08-21 15:39:08,2026-09-05T07:04:20.902153+00:00,2026-09-05
13954423,21500.0,9.975854724662028,Kia,Carnival,2020,6,,1,,1,MPV,Diesel,Automatic,White,used,1,Mass_Market,Phnom Penh,Tier_1,individual,0,0,2026-09-01 15:36:03,2026-09-05T06:59:50.055566+00:00,2026-09-05
13967920,7700.0,8.94910546953925,Kia,Morning,2012,14,,1,,1,SUV,Petrol,Automatic,White,used,1,Mass_Market,Phnom Penh,Tier_1,store,0,0,2026-09-04 20:08:25,2026-09-05T07:04:03.996169+00:00,2026-09-05
13970284,17900.0,9.792611856190192,Kia,Carnival,2015,11,,1,,1,MPV,Diesel,Automatic,Black,used,0,Mass_Market,Phnom Penh,Tier_1,store,0,0,2026-09-05 13:55:01,2026-09-05T06:58:09.854477+00:00,2026-09-05
13732815,1600.0,7.3783837129967145,Kia,Visto,2000,26,,1,,1,Sedan,Petrol,Automatic,Red,used,0,Mass_Market,Kandal,Tier_2,individual,0,0,2026-07-05 19:30:37,2026-09-04T07:17:08.054307+00:00,2026-09-04
13777580,21000.0,9.952325334619427,Kia,Carnival,2020,6,,1,3300,0,MPV,Petrol,Automatic,White,used,1,Mass_Market,Phnom Penh,Tier_1,store,0,0,2026-07-16 21:47:43,2026-09-04T07:17:30.107362+00:00,2026-09-04
13966149,7200.0,8.881975184248867,Kia,Morning,2013,13,,1,,1,Sedan,,Automatic,White,used,0,Mass_Market,Phnom Penh,Tier_1,individual,0,0,2026-09-04 12:36:31,2026-09-04T07:18:58.687033+00:00,2026-09-04
13958471,1800.0,7.496097345175956,Kia,Visto,2003,23,,1,,1,SUV,Petrol,Automatic,Silver,used,1,Mass_Market,Koh Kong,Tier_3,individual,0,0,2026-09-02 14:57:12,2026-09-02T09:53:23.043140+00:00,2026-09-02
13962219,7300.0,8.895766604056085,Kia,Ray,2013,13,,1,,1,Hatchback,Petrol,Automatic,Green,used,0,Mass_Market,Phnom Penh,Tier_1,individual,0,0,2026-09-03 13:38:25,2026-09-03T07:13:37.258675+00:00,2026-09-03
13965888,8900.0,9.093918908958932,Kia,Truck,1997,29,,1,,1,Sedan,Diesel,Manual,White,used,1,Mass_Market,Phnom Penh,Tier_1,individual,0,0,2026-09-04 11:41:28,2026-09-04T07:21:53.908182+00:00,2026-09-04
13390271,2450.0,7.804251383528112,Kia,Visto,2002,24,,1,,1,,,Automatic,Silver,used,1,Mass_Market,Phnom Penh,Tier_1,store,0,0,2026-04-08 20:07:10,2026-09-04T07:17:01.942643+00:00,2026-09-04
13963847,1950.0,7.576097340623111,Kia,Visto,2001,25,,1,,1,,,Automatic,Yellow,used,1,Mass_Market,Phnom Penh,Tier_1,store,0,0,2026-09-03 19:47:13,2026-09-04T07:17:02.646031+00:00,2026-09-04
13950235,21300.0,9.966509298952284,Kia,Carnival,2017,9,,1,,1,MPV,Diesel,Automatic,White,used,0,Mass_Market,Phnom Penh,Tier_1,individual,1,0,2026-08-31 14:23:32,2026-09-03T09:13:52.683783+00:00,2026-09-03
13953306,17300.0,9.758519582283522,Kia,Carnival,2015,11,,1,,1,MPV,Diesel,Automatic,Silver,used,0,Mass_Market,Phnom Penh,Tier_1,individual,0,0,2026-09-01 12:21:27,2026-09-03T09:13:49.198986+00:00,2026-09-03
13953915,17500.0,9.770013301136158,Kia,Carnival,2015,11,,1,,1,MPV,Diesel,Automatic,Grey,used,0,Mass_Market,Phnom Penh,Tier_1,individual,0,0,2026-09-01 14:03:17,2026-09-03T09:12:40.231953+00:00,2026-09-03
13954171,17700.0,9.781376414141157,Kia,Carnival,2015,11,,1,,1,MPV,Diesel,Automatic,Silver,used,0,Mass_Market,Phnom Penh,Tier_1,individual,0,0,2026-09-01 14:48:18,2026-09-03T09:12:25.296652+00:00,2026-09-03
13940649,22500.0,10.021315031649332,Tesla,Model Y,2021,5,,1,0,0,SUV,Electric,Automatic,White,used,0,Other,Phnom Penh,Tier_1,store,0,0,2026-08-28 22:00:13,2026-09-05T07:03:06.524286+00:00,2026-09-05
13548727,31500.0,10.357774570341576,BYD,ផ្សេងៗ,2025,1,150000,0,0,0,SUV,Electric,Automatic,Black,new,0,Chinese_EV,Phnom Penh,Tier_1,store,0,0,2026-05-21 15:54:30,2026-09-02T09:54:09.915725+00:00,2026-09-02
13789983,49900.0,10.817796321618971,BYD,Ti7,2026,0,1300,0,0,0,SUV,Petrol,Automatic,Black,new,0,Chinese_EV,Phnom Penh,Tier_1,store,0,0,2026-07-20 12:53:50,2026-09-04T07:22:13.841774+00:00,2026-09-04
13811621,25800.0,10.158168529848494,BYD,Sealion5,2025,1,3000,0,0,0,SUV,Hybrid,Automatic,White,new,1,Chinese_EV,Phnom Penh,Tier_1,individual,0,0,2026-07-26 08:49:33,2026-09-02T09:53:27.435334+00:00,2026-09-02
13950016,7007.0,8.854807632616227,Honda,CR-V,2002,24,,1,,1,SUV,Petrol,Automatic,Black,used,1,Mass_Market,Phnom Penh,Tier_1,individual,1,0,2026-08-31 13:35:57,2026-09-04T07:17:09.972014+00:00,2026-09-04
13969898,2800.0,7.937731775260109,Honda,CR-V,1997,29,,1,,1,Sedan,Petrol,Manual,Black,used,1,Mass_Market,Siem Reap,Tier_2,individual,0,0,2026-09-05 12:23:52,2026-09-05T07:00:59.432849+00:00,2026-09-05
13772072,23500.0,10.064798252418377,Honda,eNS2,2025,1,20000,0,0,0,Sedan,Electric,Automatic,Silver,new,0,Mass_Market,Phnom Penh,Tier_1,store,0,0,2026-07-15 13:31:43,2026-09-06T07:12:51.978523+00:00,2026-09-06
13950067,4200.0,8.343077871169383,Honda,CR-V,1998,28,,1,,1,SUV,,,Brown,used,1,Mass_Market,Phnom Penh,Tier_1,individual,0,0,2026-08-31 13:49:46,2026-09-03T07:12:30.082310+00:00,2026-09-03
13464436,22800.0,10.034559673629849,Honda,Civic,2019,7,70000,0,,1,Sedan,,Automatic,White,used,1,Mass_Market,Phnom Penh,Tier_1,individual,0,0,2026-05-01 12:22:14,2026-09-05T06:58:23.818668+00:00,2026-09-05
13837531,6500.0,8.77971129020447,Mitsubishi,Montero,1999,27,,1,,1,SUV,Diesel,Automatic,Green,used,1,Mass_Market,Phnom Penh,Tier_1,individual,0,0,2026-08-01 22:48:09,2026-09-03T09:14:07.550922+00:00,2026-09-03
13958544,8880.0,9.091669442258505,Mitsubishi,Pajero,2001,25,,1,,1,SUV,Petrol,Automatic,Black,used,1,Mass_Market,Phnom Penh,Tier_1,store,0,1,2026-09-02 15:11:13,2026-09-02T09:52:58.678184+00:00,2026-09-02
13437620,19500.0,9.87822102528824,Toyota,Raize,2023,3,21900,0,,1,Hatchback,Petrol,Automatic,White,used,1,Mass_Market,Phnom Penh,Tier_1,store,0,0,2026-04-24 16:49:51,2026-09-06T07:13:17.728589+00:00,2026-09-06
13441850,14500.0,9.581972891547895,Toyota,Highlander,2003,23,,1,,1,SUV,Petrol,Automatic,Gold,used,1,Mass_Market,Phnom Penh,Tier_1,individual,0,0,2026-04-25 18:32:57,2026-09-06T07:13:09.868126+00:00,2026-09-06
13489650,9900.0,9.200391041122515,Toyota,Prius,2007,19,,1,,1,Hatchback,Hybrid,Automatic,Silver,used,1,Mass_Market,Phnom Penh,Tier_1,store,0,0,2026-05-07 20:32:00,2026-09-06T07:10:29.445782+00:00,2026-09-06
13522228,29900.0,10.305647203635566,Toyota,Yaris Cross,2026,0,,1,,1,SUV,Petrol,Automatic,White,new,0,Mass_Market,Phnom Penh,Tier_1,store,0,0,2026-05-15 17:47:36,2026-09-05T07:01:07.352016+00:00,2026-09-05
13589371,28400.0,10.254179634797001,Toyota,Land Cruiser,2008,18,,1,,1,MPV,Petrol,Automatic,White,used,1,Mass_Market,Phnom Penh,Tier_1,individual,0,0,2026-05-31 13:03:29,2026-09-06T07:10:57.833539+00:00,2026-09-06
13617025,23900.0,10.081675578048475,Toyota,Raize,2026,0,100000,0,,1,SUV,Petrol,Automatic,White,new,0,Mass_Market,Phnom Penh,Tier_1,store,0,0,2026-06-07 09:07:48,2026-09-06T07:12:31.483795+00:00,2026-09-06
13642374,31800.0,10.367253014814716,Toyota,Alphard,2015,11,,1,,1,MPV,Petrol,Automatic,White,used,1,Mass_Market,Siem Reap,Tier_2,individual,0,0,2026-06-13 09:31:56,2026-09-03T07:17:10.114795+00:00,2026-09-03
13647244,26000.0,10.165890277802454,Toyota,Prius,2017,9,,1,,1,Hatchback,Petrol,Automatic,White,used,0,Mass_Market,Phnom Penh,Tier_1,store,0,0,2026-06-14 14:05:08,2026-09-05T07:03:08.657942+00:00,2026-09-05
13707279,14300.0,9.568084743872936,Toyota,Camry,2008,18,,1,,1,Sedan,Hybrid,Automatic,White,used,1,Mass_Market,Kandal,Tier_2,individual,1,0,2026-06-29 09:12:56,2026-09-03T07:15:26.074161+00:00,2026-09-03
13716789,15800.0,9.6678285081515,Toyota,Camry,2008,18,,1,,1,SUV,Hybrid,Automatic,White,used,1,Mass_Market,Phnom Penh,Tier_1,individual,0,1,2026-07-01 13:54:32,2026-09-03T07:15:37.271632+00:00,2026-09-03
13730490,29500.0,10.292179440058462,Toyota,Prius,2019,7,,1,,1,Hatchback,Hybrid,Automatic,White,new,0,Mass_Market,Phnom Penh,Tier_1,store,0,0,2026-07-05 07:29:05,2026-09-06T07:14:07.152779+00:00,2026-09-06
13730661,25800.0,10.158168529848494,Toyota,Camry,2012,14,,1,,1,Sedan,Hybrid,Automatic,White,used,0,Mass_Market,Phnom Penh,Tier_1,store,1,0,2026-07-05 08:52:18,2026-09-05T06:59:26.919106+00:00,2026-09-05
13736181,51700.0,10.853232402669228,Toyota,Hilux,2027,0,100000,0,2800,0,Pickup,Diesel,Automatic,White,new,0,Mass_Market,Phnom Penh,Tier_1,store,0,0,2026-07-06 15:13:54,2026-09-06T07:12:28.854050+00:00,2026-09-06
13736193,51100.0,10.841559345471941,Toyota,Hilux,2027,0,100000,0,2800,0,Pickup,Diesel,Automatic,Black,new,0,Mass_Market,Phnom Penh,Tier_1,store,0,0,2026-07-06 15:16:27,2026-09-06T07:12:28.287644+00:00,2026-09-06
13749025,18950.0,9.84961197956681,Toyota,Prius,2014,12,,1,,1,Hatchback,Hybrid,Automatic,Grey,used,0,Mass_Market,Phnom Penh,Tier_1,store,0,0,2026-07-09 15:18:52,2026-09-05T06:59:36.133811+00:00,2026-09-05
13789304,18900.0,9.846970109700957,Toyota,Prius,2012,14,,1,,1,Hatchback,Hybrid,Automatic,Silver,used,0,Mass_Market,Phnom Penh,Tier_1,individual,0,0,2026-07-20 10:29:14,2026-09-04T07:18:24.677848+00:00,2026-09-04
13792516,18500.0,9.825580063659602,Toyota,Prius,2012,14,,1,,1,Hatchback,Hybrid,Automatic,White,used,0,Mass_Market,Phnom Penh,Tier_1,individual,0,0,2026-07-21 08:39:45,2026-09-02T09:55:55.970310+00:00,2026-09-02
13794641,18000.0,9.798182590890704,Toyota,Prius,2013,13,86199,0,,1,Hatchback,Hybrid,Manual,White,used,1,Mass_Market,Phnom Penh,Tier_1,individual,1,0,2026-07-21 14:09:02,2026-09-04T07:16:39.410756+00:00,2026-09-04
13815450,16800.0,9.729193687429403,Toyota,Raize,2021,5,,1,,1,SUV,Petrol,Automatic,Yellow,used,1,Mass_Market,Phnom Penh,Tier_1,store,0,0,2026-07-27 10:45:32,2026-09-02T09:53:41.415149+00:00,2026-09-02
13815763,30800.0,10.335302435967074,Toyota,Alphard,2015,11,,1,,1,MPV,Petrol,Automatic,White,used,1,Mass_Market,Phnom Penh,Tier_1,store,0,0,2026-07-27 11:41:56,2026-09-02T09:55:46.422674+00:00,2026-09-02
13825904,30800.0,10.335302435967074,Toyota,Alphard,2015,11,,1,,1,MPV,Hybrid,Automatic,Black,used,1,Mass_Market,Phnom Penh,Tier_1,store,0,0,2026-07-29 19:00:39,2026-09-06T07:09:20.108433+00:00,2026-09-06
13839010,21500.0,9.975854724662028,Toyota,Fortuner,2013,13,,1,,1,SUV,Diesel,Automatic,Green,used,1,Mass_Market,Siem Reap,Tier_2,store,0,0,2026-08-02 12:18:45,2026-09-06T07:10:37.465278+00:00,2026-09-06
13846194,24500.0,10.106469212026385,Toyota,Tundra,2014,12,,1,,1,Pickup,Petrol,Automatic,Black,used,1,Mass_Market,Phnom Penh,Tier_1,individual,0,0,2026-08-04 10:11:52,2026-09-03T07:14:20.486464+00:00,2026-09-03
13860881,29500.0,10.292179440058462,Toyota,Tundra,2014,12,,1,,1,Pickup,Petrol,Automatic,White,used,0,Mass_Market,Phnom Penh,Tier_1,store,0,0,2026-08-07 18:45:46,2026-09-04T07:17:28.052437+00:00,2026-09-04
13867393,7560.0,8.93075873555827,Toyota,Hilux,2002,24,,1,,1,Pickup,Diesel,Manual,Green,used,1,Mass_Market,Phnom Penh,Tier_1,individual,0,0,2026-08-09 17:35:20,2026-09-06T07:13:20.114970+00:00,2026-09-06
13869535,12500.0,9.433563920090563,Toyota,Prius,2008,18,,1,,1,Hatchback,Petrol,Automatic,White,used,0,Mass_Market,Phnom Penh,Tier_1,individual,0,0,2026-08-10 11:14:50,2026-09-05T07:04:16.675968+00:00,2026-09-05
13877210,10900.0,9.296609807128359,Toyota,Highlander,2001,25,,1,,1,SUV,Petrol,Automatic,Red,used,1,Mass_Market,Phnom Penh,Tier_1,store,0,0,2026-08-12 09:59:56,2026-09-06T07:14:19.826986+00:00,2026-09-06
13880746,13900.0,9.539716058977092,Toyota,Highlander,2003,23,,1,,1,SUV,Petrol,Automatic,Silver,used,1,Mass_Market,Phnom Penh,Tier_1,individual,0,0,2026-08-13 09:00:02,2026-09-03T09:12:44.832045+00:00,2026-09-03
13889232,16000.0,9.680406499268875,Toyota,Prius,2013,13,,1,,1,Hatchback,Hybrid,Automatic,White,used,0,Mass_Market,Siem Reap,Tier_2,store,0,0,2026-08-15 12:00:37,2026-09-03T07:15:16.498048+00:00,2026-09-03
13889951,12900.0,9.465060106725137,Toyota,Tacoma,2005,21,,1,,1,Pickup,LPG,Automatic,White,used,1,Mass_Market,Phnom Penh,Tier_1,store,0,0,2026-08-15 15:12:08,2026-09-06T07:10:26.994120+00:00,2026-09-06
13892345,16900.0,9.735128070758227,Toyota,Tacoma,2006,20,,1,,1,Pickup,Petrol,Automatic,Silver,used,1,Mass_Market,Phnom Penh,Tier_1,store,0,0,2026-08-16 11:24:16,2026-09-02T09:55:40.152875+00:00,2026-09-02
13900140,7900.0,8.974744612722734,Toyota,Prius,2005,21,,1,,1,Sedan,Petrol,Automatic,Silver,used,1,Mass_Market,Phnom Penh,Tier_1,individual,0,0,2026-08-18 11:28:48,2026-09-03T07:15:14.070964+00:00,2026-09-03
13900757,26900.0,10.199918739620157,Toyota,Land Cruiser,2008,18,,1,,1,SUV,Petrol,Automatic,White,used,1,Mass_Market,Phnom Penh,Tier_1,individual,0,0,2026-08-18 13:34:49,2026-09-06T07:10:36.931191+00:00,2026-09-06
13909061,18500.0,9.825580063659602,Toyota,Camry,2017,9,,1,2500,0,Sedan,Petrol,Automatic,Black,used,1,Mass_Market,Phnom Penh,Tier_1,store,0,0,2026-08-20 17:08:09,2026-09-06T07:09:31.141690+00:00,2026-09-06
13913946,25500.0,10.146472946063877,Toyota,Prius,2018,8,,1,,1,Sedan,Hybrid,Automatic,Silver,used,0,Mass_Market,Phnom Penh,Tier_1,individual,0,0,2026-08-22 09:02:46,2026-09-04T07:17:46.966865+00:00,2026-09-04
13915108,23500.0,10.064798252418377,Toyota,Camry,2012,14,,1,,1,Sedan,Hybrid,Automatic,White,used,1,Mass_Market,Phnom Penh,Tier_1,store,1,0,2026-08-22 13:17:19,2026-09-06T07:10:46.521854+00:00,2026-09-06
13917298,39500.0,10.584081267024454,Toyota,Alphard,2019,7,,1,,1,MPV,Hybrid,Automatic,White,used,1,Mass_Market,Phnom Penh,Tier_1,individual,0,0,2026-08-23 08:15:37,2026-09-03T09:13:10.948332+00:00,2026-09-03
13925723,3100.0,8.03947991910045,Toyota,Camry,1996,30,,1,,1,Sedan,Petrol,Automatic,Gold,used,1,Mass_Market,Phnom Penh,Tier_1,individual,0,0,2026-08-25 10:25:47,2026-09-06T07:11:34.634567+00:00,2026-09-06
13928583,17900.0,9.792611856190192,Toyota,Prius,2012,14,,1,0,0,Hatchback,Electric,Automatic,White,used,0,Mass_Market,Phnom Penh,Tier_1,store,0,0,2026-08-25 20:48:09,2026-09-06T07:13:00.342516+00:00,2026-09-06
13929810,9800.0,9.19023970026918,Toyota,Prius,2006,20,,1,,1,Sedan,Hybrid,Automatic,Green,used,1,Mass_Market,Phnom Penh,Tier_1,store,0,0,2026-08-26 10:07:06,2026-09-02T09:51:43.340204+00:00,2026-09-02
13937282,16800.0,9.729193687429403,Toyota,Highlander,2022,4,,1,,1,SUV,Petrol,Automatic,Gold,used,1,Mass_Market,Phnom Penh,Tier_1,store,0,0,2026-08-28 08:00:48,2026-09-03T07:16:03.899259+00:00,2026-09-03
13940516,17950.0,9.79540110267107,Toyota,Prius,2013,13,,1,,1,Hatchback,Hybrid,Automatic,Grey,used,1,Mass_Market,Phnom Penh,Tier_1,individual,1,0,2026-08-28 21:06:49,2026-09-03T09:14:30.517290+00:00,2026-09-03
13942399,7300.0,8.895766604056085,Toyota,Tacoma,2002,24,,1,,1,Pickup,Petrol,Automatic,Silver,used,1,Mass_Market,Phnom Penh,Tier_1,store,0,0,2026-08-29 12:05:33,2026-09-03T07:13:39.567651+00:00,2026-09-03
13945322,10500.0,9.259225769705994,Toyota,Highlander,2001,25,,1,,1,SUV,Petrol,Automatic,Black,used,1,Mass_Market,Phnom Penh,Tier_1,individual,0,0,2026-08-30 10:10:52,2026-09-03T09:12:54.733725+00:00,2026-09-03
13951586,15300.0,9.635673464721814,Toyota,Prius,2012,14,,1,,1,Sedan,Hybrid,Automatic,Grey,used,0,Mass_Market,Phnom Penh,Tier_1,store,0,0,2026-08-31 22:18:51,2026-09-02T09:54:22.663686+00:00,2026-09-02
13951710,11500.0,9.350189267092581,Toyota,Prius,2008,18,,1,,1,Sedan,Petrol,Automatic,White,used,1,Mass_Market,Phnom Penh,Tier_1,store,0,0,2026-08-31 23:47:44,2026-09-02T09:52:29.503036+00:00,2026-09-02
13951852,24500.0,10.106469212026385,Toyota,Prius,2018,8,,1,,1,Sedan,Hybrid,Automatic,Grey,used,0,Mass_Market,Phnom Penh,Tier_1,store,0,0,2026-09-01 07:40:37,2026-09-02T09:51:54.453252+00:00,2026-09-02
13953298,14300.0,9.568084743872936,Toyota,Prius,2011,15,,1,,1,Sedan,Hybrid,Automatic,Silver,used,1,Mass_Market,Phnom Penh,Tier_1,individual,0,0,2026-09-01 12:20:01,2026-09-06T07:09:25.420609+00:00,2026-09-06
13953317,19800.0,9.893487720457795,Toyota,Alphard,2012,14,,1,,1,MPV,Hybrid,Automatic,White,used,1,Mass_Market,Phnom Penh,Tier_1,store,0,0,2026-09-01 12:23:25,2026-09-02T09:55:46.515261+00:00,2026-09-02
13953570,13700.0,9.525224101853109,Toyota,Camry,2007,19,,1,,1,Sedan,Hybrid,Automatic,White,used,1,Mass_Market,Phnom Penh,Tier_1,individual,0,0,2026-09-01 12:52:03,2026-09-03T09:13:18.795848+00:00,2026-09-03
13953911,2800.0,7.937731775260109,Toyota,Corolla,1996,30,,1,,1,Sedan,Petrol,Automatic,Red,used,1,Mass_Market,Phnom Penh,Tier_1,individual,0,0,2026-09-01 14:02:30,2026-09-03T09:12:40.274494+00:00,2026-09-03
13954167,25000.0,10.12667110305036,Toyota,Highlander,2008,18,,1,,1,SUV,Hybrid,Automatic,White,used,1,Mass_Market,Phnom Penh,Tier_1,individual,0,0,2026-09-01 14:47:39,2026-09-03T09:12:26.336719+00:00,2026-09-03
13955400,18000.0,9.798182590890704,Toyota,Tundra,2007,19,,1,,1,Pickup,Petrol,Automatic,White,used,1,Mass_Market,Phnom Penh,Tier_1,store,0,0,2026-09-01 20:44:12,2026-09-06T07:09:55.372661+00:00,2026-09-06
13957819,1600.0,7.3783837129967145,Toyota,Camry,1990,36,,1,,1,Sedan,Petrol,Automatic,White,used,1,Mass_Market,Phnom Penh,Tier_1,individual,0,0,2026-09-02 13:04:15,2026-09-02T09:55:55.630722+00:00,2026-09-02
13957931,1600.0,7.3783837129967145,Toyota,Corolla,1995,31,,1,,1,Hatchback,Petrol,Automatic,Black,used,1,Mass_Market,Phnom Penh,Tier_1,individual,0,0,2026-09-02 13:28:54,2026-09-02T09:55:15.895160+00:00,2026-09-02
13958917,23500.0,10.064798252418377,Toyota,Land Cruiser,2009,17,,1,,1,SUV,Petrol,Automatic,White,used,1,Mass_Market,Phnom Penh,Tier_1,individual,0,0,2026-09-02 16:21:46,2026-09-02T09:51:50.334279+00:00,2026-09-02
13962007,4650.0,8.444837529224097,Toyota,Camry,1998,28,,1,,1,Sedan,Petrol,Automatic,Black,used,1,Mass_Market,Kandal,Tier_2,individual,0,0,2026-09-03 12:55:17,2026-09-03T07:14:45.742366+00:00,2026-09-03
13963400,15800.0,9.6678285081515,Toyota,Prius,2014,12,,1,,1,SUV,Petrol,Automatic,Grey,used,1,Mass_Market,Kampong Cham,Tier_2,individual,0,0,2026-09-03 17:06:48,2026-09-06T07:11:51.425976+00:00,2026-09-06
13965588,11333.0,9.335562336729565,Toyota,Highlander,2002,24,,1,,1,SUV,Petrol,Automatic,Red,used,1,Mass_Market,Phnom Penh,Tier_1,store,0,0,2026-09-04 10:56:14,2026-09-05T06:59:04.866577+00:00,2026-09-05
13965847,24500.0,10.106469212026385,Toyota,Yaris Cross,2024,2,34870,0,,1,SUV,Petrol,Automatic,Silver,used,1,Mass_Market,Phnom Penh,Tier_1,store,0,0,2026-09-04 11:31:19,2026-09-04T07:22:16.782727+00:00,2026-09-04
13965896,12500.0,9.433563920090563,Toyota,Prius,2007,19,,1,,1,Sedan,Hybrid,Automatic,White,used,1,Mass_Market,Phnom Penh,Tier_1,individual,0,0,2026-09-04 11:43:25,2026-09-04T07:21:48.200506+00:00,2026-09-04
13965967,8500.0,9.04793908261736,Toyota,RAV4,2001,25,,1,,1,SUV,Petrol,Automatic,Silver,used,1,Mass_Market,Phnom Penh,Tier_1,individual,0,0,2026-09-04 12:00:08,2026-09-04T07:20:51.442385+00:00,2026-09-04
13966086,14000.0,9.546884034617925,Toyota,Highlander,2003,23,,1,,1,SUV,Petrol,Automatic,Gold,used,1,Mass_Market,Phnom Penh,Tier_1,individual,0,0,2026-09-04 12:19:48,2026-09-04T07:19:50.751349+00:00,2026-09-04
13969757,59000.0,10.985309671896763,Toyota,Land Cruiser,2013,13,,1,,1,SUV,Petrol,Automatic,White,used,0,Mass_Market,Phnom Penh,Tier_1,store,1,0,2026-09-05 11:45:12,2026-09-05T07:03:09.327692+00:00,2026-09-05
13969772,21900.0,9.994287576862567,Toyota,Rush,2019,7,,1,,1,SUV,Petrol,Automatic,White,used,1,Mass_Market,Phnom Penh,Tier_1,store,0,0,2026-09-05 11:48:17,2026-09-05T07:03:00.303476+00:00,2026-09-05
13969891,14800.0,9.60245002503719,Toyota,Tacoma,2005,21,,1,,1,Pickup,Petrol,Automatic,Black,used,1,Mass_Market,Phnom Penh,Tier_1,store,0,0,2026-09-05 12:22:23,2026-09-05T07:01:00.052347+00:00,2026-09-05
13970180,13500.0,9.510519035757246,Toyota,Highlander,2003,23,,1,,1,SUV,Petrol,Automatic,Gold,used,1,Mass_Market,Phnom Penh,Tier_1,store,0,0,2026-09-05 13:28:20,2026-09-05T06:58:56.708760+00:00,2026-09-05
13970294,7200.0,8.881975184248867,Toyota,Prius,2005,21,,1,,1,Sedan,Hybrid,Automatic,Red,used,1,Mass_Market,Kandal,Tier_2,individual,0,0,2026-09-05 13:56:32,2026-09-05T06:58:05.698109+00:00,2026-09-05
13973166,14800.0,9.60245002503719,Toyota,Camry,2007,19,,1,,1,Sedan,Hybrid,Automatic,White,used,1,Mass_Market,Phnom Penh,Tier_1,individual,0,0,2026-09-06 11:49:32,2026-09-06T07:13:16.819690+00:00,2026-09-06
13914463,32800.0,10.39821428171237,Toyota,Hiace,2014,12,,1,,1,Station Wagon,Diesel,Manual,Silver,used,0,Mass_Market,Phnom Penh,Tier_1,store,0,0,2026-08-22 10:51:17,2026-09-02T09:52:37.320446+00:00,2026-09-02
13919085,12900.0,9.465060106725137,Toyota,Matrix,2010,16,,1,,1,Sedan,Petrol,Automatic,White,used,1,Mass_Market,Phnom Penh,Tier_1,individual,0,0,2026-08-23 15:09:48,2026-09-05T06:58:24.524756+00:00,2026-09-05
13953977,38800.0,10.566201298475118,Toyota,Hilux,2021,5,,1,,1,Pickup,Diesel,Automatic,White,used,1,Mass_Market,Phnom Penh,Tier_1,individual,0,0,2026-09-01 14:14:50,2026-09-03T09:12:02.605478+00:00,2026-09-03
13708467,12800.0,9.45727857185611,Toyota,Highlander,2001,25,,1,,1,SUV,Petrol,Automatic,Gold,used,1,Mass_Market,Phnom Penh,Tier_1,store,0,0,2026-06-29 13:14:39,2026-09-06T07:14:02.291460+00:00,2026-09-06
13713573,16800.0,9.729193687429403,Toyota,Prius,2010,16,,1,,1,Hatchback,Hybrid,Automatic,White,used,1,Mass_Market,Phnom Penh,Tier_1,store,0,0,2026-06-30 16:49:06,2026-09-06T07:14:13.378939+00:00,2026-09-06
13787621,13200.0,9.488047863280759,Toyota,Prius,2012,14,,1,1500,0,Hatchback,Hybrid,Automatic,White,used,0,Mass_Market,Phnom Penh,Tier_1,store,0,0,2026-07-19 18:08:59,2026-09-06T07:10:24.621148+00:00,2026-09-06
13936153,11781.0,9.374328222081633,Toyota,Highlander,2001,25,,1,,1,SUV,Petrol,Automatic,Gold,used,1,Mass_Market,Phnom Penh,Tier_1,store,0,0,2026-08-27 16:38:04,2026-09-02T09:56:03.065688+00:00,2026-09-02
13940491,16850.0,9.732165281200542,Toyota,Camry,2007,19,,1,,1,Sedan,Petrol,Automatic,White,used,1,Mass_Market,Phnom Penh,Tier_1,individual,0,0,2026-08-28 20:55:01,2026-09-03T09:14:32.115652+00:00,2026-09-03
13953557,8100.0,8.999742789830492,Toyota,Highlander,2001,25,,1,,1,SUV,Petrol,Automatic,Blue,used,1,Mass_Market,Phnom Penh,Tier_1,individual,0,0,2026-09-01 12:49:42,2026-09-03T09:13:22.088171+00:00,2026-09-03
13953823,15500.0,9.648659816955295,Toyota,Highlander,2004,22,,1,,1,SUV,Petrol,Automatic,Silver,used,1,Mass_Market,Phnom Penh,Tier_1,individual,0,0,2026-09-01 13:44:28,2026-09-03T09:12:48.247977+00:00,2026-09-03
13887736,16300.0,9.69898173460629,Toyota,Prius,2012,14,,1,,1,Hatchback,,,Black,used,0,Mass_Market,Phnom Penh,Tier_1,store,1,0,2026-08-14 21:53:35,2026-09-02T09:51:13.434009+00:00,2026-09-02
13958906,7000.0,8.853808274977197,Toyota,Camry,2003,23,,1,,1,Sedan,,,Silver,used,1,Mass_Market,,Unknown,individual,0,0,2026-09-02 16:19:50,2026-09-02T09:51:52.824956+00:00,2026-09-02
13856829,18000.0,9.798182590890704,Toyota,Prius,2012,14,86345,0,,1,Sedan,Hybrid,,Silver,used,1,Mass_Market,Phnom Penh,Tier_1,individual,0,0,2026-08-06 18:33:58,2026-09-04T07:18:47.831861+00:00,2026-09-04
13922772,11700.0,9.367429587218957,Toyota,Prius,2006,20,,1,,1,Sedan,Hybrid,,White,used,0,Mass_Market,Phnom Penh,Tier_1,store,1,0,2026-08-24 14:42:38,2026-09-02T09:52:42.812343+00:00,2026-09-02
13949478,18200.0,9.809231816610408,Toyota,Prius,2017,9,,1,0,0,Sedan,Electric,,Grey,used,0,Mass_Market,Phnom Penh,Tier_1,store,0,0,2026-08-31 11:41:49,2026-09-05T07:03:07.776820+00:00,2026-09-05
13952615,13900.0,9.539716058977092,Toyota,Highlander,2003,23,,1,,1,SUV,Petrol,,Grey,used,1,Mass_Market,Phnom Penh,Tier_1,individual,0,1,2026-09-01 10:28:19,2026-09-03T07:13:42.755035+00:00,2026-09-03
13958307,12500.0,9.433563920090563,Toyota,Tacoma,2006,20,,1,,1,Pickup,Petrol,,Black,used,1,Mass_Market,Phnom Penh,Tier_1,store,0,0,2026-09-02 14:32:47,2026-09-02T09:53:42.266201+00:00,2026-09-02
13964240,16500.0,9.711176264112805,Toyota,Alphard,2010,16,,1,,1,MPV,Petrol,,White,used,1,Mass_Market,Phnom Penh,Tier_1,store,0,0,2026-09-03 23:10:41,2026-09-04T07:22:09.128087+00:00,2026-09-04
13945029,16700.0,9.723223876851618,Toyota,Highlander,2003,23,,1,,1,SUV,,Automatic,Gold,used,1,Mass_Market,Takeo,Tier_3,individual,0,0,2026-08-30 09:07:02,2026-09-03T09:12:38.653245+00:00,2026-09-03
13949275,12200.0,9.409273194575334,Toyota,Prius,2008,18,,1,,1,Hatchback,,Automatic,Silver,used,0,Mass_Market,Phnom Penh,Tier_1,store,0,0,2026-08-31 10:58:13,2026-09-04T07:18:45.807910+00:00,2026-09-04
13966186,18900.0,9.846970109700957,Toyota,Prius,2012,14,,1,,1,Hatchback,,Automatic,White,used,0,Mass_Market,Phnom Penh,Tier_1,store,1,0,2026-09-04 12:43:46,2026-09-04T07:18:46.385251+00:00,2026-09-04
13966477,2400.0,7.783640596221253,Toyota,Corolla,1995,31,,1,,1,Hatchback,Petrol,,Black,used,1,Mass_Market,Phnom Penh,Tier_1,individual,0,0,2026-09-04 13:42:21,2026-09-04T07:17:10.443188+00:00,2026-09-04
13556782,3500.0,8.160803920954665,Toyota,Camry,1995,31,,1,,1,Sedan,Petrol,,Green,used,1,Mass_Market,Phnom Penh,Tier_1,store,0,0,2026-05-23 13:24:32,2026-09-06T07:09:39.652381+00:00,2026-09-06
13711515,9200.0,9.127067452782361,Toyota,Prius,2007,19,,1,,1,Hatchback,,Automatic,Blue,used,1,Mass_Market,Phnom Penh,Tier_1,individual,0,0,2026-06-30 10:03:09,2026-09-04T07:17:10.936796+00:00,2026-09-04
13731926,8600.0,9.059633754551479,Toyota,Camry,2002,24,,1,,1,Sedan,,Automatic,Gold,used,1,Mass_Market,Phnom Penh,Tier_1,individual,0,0,2026-07-05 14:08:54,2026-09-03T07:17:16.799343+00:00,2026-09-03
13875716,35000.0,10.463131911491967,Toyota,Alphard,2015,11,,1,,1,MPV,,Automatic,Black,used,1,Mass_Market,Phnom Penh,Tier_1,individual,0,0,2026-08-11 20:12:00,2026-09-03T09:12:53.626920+00:00,2026-09-03
13907966,3900.0,8.268988209506656,Toyota,Corolla,1998,28,,1,,1,Sedan,,Automatic,Gold,used,1,Mass_Market,Phnom Penh,Tier_1,individual,0,0,2026-08-20 12:51:39,2026-09-03T07:13:47.546795+00:00,2026-09-03
13960664,12300.0,9.417435838868785,Toyota,Prius,2007,19,15,0,,1,Hatchback,,Automatic,Grey,used,0,Mass_Market,Phnom Penh,Tier_1,individual,0,0,2026-09-03 08:41:14,2026-09-04T07:19:51.976605+00:00,2026-09-04
13966324,7700.0,8.94910546953925,Toyota,RAV4,2001,25,,1,,1,SUV,,Automatic,Silver,used,1,Mass_Market,Phnom Penh,Tier_1,store,0,0,2026-09-04 13:19:36,2026-09-04T07:17:46.257055+00:00,2026-09-04
13967234,7500.0,8.922791623969637,Toyota,Vitz,2012,14,,1,,1,,,Automatic,Grey,used,1,Mass_Market,Phnom Penh,Tier_1,individual,1,0,2026-09-04 16:04:29,2026-09-06T07:09:37.039142+00:00,2026-09-06
13737088,17500.0,9.770013301136158,Toyota,Prius,2012,14,,1,,1,Hatchback,,,White,used,0,Mass_Market,Phnom Penh,Tier_1,individual,0,0,2026-07-06 19:10:33,2026-09-05T07:02:26.252065+00:00,2026-09-05
13822421,42500.0,10.657282884047461,Toyota,Land Cruiser,2011,15,,1,,1,SUV,,,White,used,1,Mass_Market,Siem Reap,Tier_2,store,0,0,2026-07-28 20:23:54,2026-09-06T07:14:14.526230+00:00,2026-09-06
13949270,17500.0,9.770013301136158,Toyota,Prius,2010,16,,1,,1,Hatchback,,,White,used,0,Mass_Market,Phnom Penh,Tier_1,store,0,0,2026-08-31 10:57:29,2026-09-03T07:13:29.952319+00:00,2026-09-03
13957471,18000.0,9.798182590890704,Toyota,Alphard,2013,13,,1,,1,MPV,,,White,used,1,Mass_Market,Banteay Meanchey,Tier_3,individual,0,0,2026-09-02 11:52:39,2026-09-05T07:01:21.698893+00:00,2026-09-05
13961889,20500.0,9.928228944424575,Toyota,Rush,2019,7,,1,,1,SUV,,,White,used,1,Mass_Market,Phnom Penh,Tier_1,store,0,0,2026-09-03 12:27:58,2026-09-03T07:15:46.719314+00:00,2026-09-03
13962255,9300.0,9.137877200242468,Toyota,Prius,2007,19,,1,,1,Hatchback,,,Grey,used,1,Mass_Market,Phnom Penh,Tier_1,store,0,1,2026-09-03 13:47:13,2026-09-03T07:13:28.143058+00:00,2026-09-03
13963786,55900.0,10.93133754807084,Toyota,Fortuner,2026,0,,1,,1,SUV,,,White,used,1,Mass_Market,Phnom Penh,Tier_1,store,0,0,2026-09-03 19:22:31,2026-09-04T07:21:22.881161+00:00,2026-09-04
13966569,7600.0,8.936035096566041,Toyota,RAV4,2001,25,,1,,1,SUV,,,Orange,used,0,Mass_Market,Phnom Penh,Tier_1,store,0,0,2026-09-04 14:02:28,2026-09-04T07:16:35.791606+00:00,2026-09-04
13969663,9399.0,9.148464968258095,Toyota,Corolla,2004,22,,1,,1,Sedan,,,White,used,1,Mass_Market,Phnom Penh,Tier_1,individual,0,0,2026-09-05 11:26:14,2026-09-05T07:04:01.706069+00:00,2026-09-05
13970212,7400.0,8.909370405197466,Toyota,Corolla,2003,23,,1,,1,Sedan,,,Brown,used,0,Mass_Market,Phnom Penh,Tier_1,store,0,1,2026-09-05 13:34:09,2026-09-05T06:58:25.778048+00:00,2026-09-05
13973365,12300.0,9.417435838868785,Toyota,Vitz,2012,14,,1,,1,,,,White,used,1,Mass_Market,Phnom Penh,Tier_1,individual,0,0,2026-09-06 12:34:42,2026-09-06T07:11:48.837986+00:00,2026-09-06
13587851,10800.0,9.287394001418473,Toyota,Belta,2010,16,,1,,1,,,,White,used,0,Mass_Market,Phnom Penh,Tier_1,store,0,0,2026-05-30 23:34:11,2026-09-06T07:13:20.142460+00:00,2026-09-06
13973172,10800.0,9.287394001418473,Toyota,Vios,2014,12,,1,,1,,,,Grey,used,1,Mass_Market,Phnom Penh,Tier_1,store,0,0,2026-09-06 11:50:44,2026-09-06T07:13:13.306740+00:00,2026-09-06
13585533,34500.0,10.448743588106625,Ford,Ranger Wildtrak,2021,5,,1,,1,Pickup,Diesel,Automatic,Black,used,1,Mass_Market,Phnom Penh,Tier_1,individual,0,0,2026-05-30 11:24:04,2026-09-02T09:55:49.090354+00:00,2026-09-02
13721761,44800.0,10.709985739582528,Ford,Ranger Raptor,2022,4,,1,2000,0,Pickup,Diesel,Automatic,White,used,1,Mass_Market,Phnom Penh,Tier_1,store,0,0,2026-07-02 17:28:58,2026-09-02T09:54:21.914136+00:00,2026-09-02
13809051,51900.0,10.857093336791094,Ford,Everest,2023,3,30000,0,,1,SUV,Diesel,Automatic,Black,used,1,Mass_Market,Phnom Penh,Tier_1,store,0,0,2026-07-25 11:28:08,2026-09-06T07:12:03.462262+00:00,2026-09-06
13809065,40500.0,10.609081944147828,Ford,Ranger Wildtrak,2023,3,60000,0,,1,Pickup,Diesel,Automatic,Black,used,1,Mass_Market,Phnom Penh,Tier_1,individual,0,1,2026-07-25 11:32:00,2026-09-04T07:20:32.267915+00:00,2026-09-04
13816642,19500.0,9.87822102528824,Ford,Explorer,2015,11,,1,,1,SUV,Petrol,Automatic,White,used,1,Mass_Market,Phnom Penh,Tier_1,individual,0,0,2026-07-27 14:30:12,2026-09-03T07:17:21.332384+00:00,2026-09-03
13821221,20900.0,9.94755228369823,Ford,Everest,2017,9,,1,,1,SUV,Diesel,Automatic,Red,used,1,Mass_Market,Phnom Penh,Tier_1,store,0,1,2026-07-28 14:47:59,2026-09-06T07:11:42.768516+00:00,2026-09-06
13846597,38800.0,10.566201298475118,Ford,Ranger,2025,1,18000,0,,1,Pickup,Diesel,Automatic,White,used,1,Mass_Market,Phnom Penh,Tier_1,store,0,0,2026-08-04 11:19:44,2026-09-06T07:09:26.846135+00:00,2026-09-06
13915996,17800.0,9.787009914477434,Ford,Mustang,2015,11,,1,,1,Hatchback,Petrol,Automatic,Yellow,used,1,Mass_Market,Phnom Penh,Tier_1,store,0,0,2026-08-22 17:02:17,2026-09-03T07:15:23.314576+00:00,2026-09-03
13929936,23800.0,10.077482875583607,Ford,Territory,2021,5,,1,,1,SUV,Petrol,Automatic,White,used,1,Mass_Market,Phnom Penh,Tier_1,store,0,0,2026-08-26 10:31:18,2026-09-04T07:22:04.769299+00:00,2026-09-04
13958108,42800.0,10.664316745782925,Ford,Ranger Wildtrak,2023,3,,1,,1,Pickup,Diesel,Automatic,White,used,1,Mass_Market,Phnom Penh,Tier_1,store,1,0,2026-09-02 14:08:23,2026-09-02T09:54:19.719603+00:00,2026-09-02
13966985,29999.0,10.308952660644293,Ford,Ranger Wildtrak,2016,10,,1,,1,Pickup,Diesel,Automatic,White,used,1,Mass_Market,Phnom Penh,Tier_1,store,0,0,2026-09-04 15:19:02,2026-09-05T06:59:58.483602+00:00,2026-09-05
13969951,14800.0,9.60245002503719,Ford,Ranger,2013,13,,1,,1,Pickup,Diesel,Automatic,Black,used,1,Mass_Market,Phnom Penh,Tier_1,store,0,0,2026-09-05 12:39:14,2026-09-05T07:00:25.231927+00:00,2026-09-05
13973379,63000.0,11.050905878263567,Ford,Everest,2026,0,7300,0,,1,SUV,Diesel,Automatic,Black,new,1,Mass_Market,Phnom Penh,Tier_1,individual,0,0,2026-09-06 12:37:28,2026-09-06T07:11:45.562012+00:00,2026-09-06
13642478,38700.0,10.563620718477313,Ford,F-150,2015,11,,1,,1,Pickup,Petrol,Automatic,White,used,0,Mass_Market,Phnom Penh,Tier_1,store,1,0,2026-06-13 09:46:58,2026-09-02T09:52:21.419451+00:00,2026-09-02
13730056,43500.0,10.680539205318292,Ford,Ranger Raptor,2018,8,,1,,1,Pickup,Petrol,Automatic,White,used,1,Mass_Market,Phnom Penh,Tier_1,store,0,0,2026-07-04 21:55:56,2026-09-06T07:12:46.244059+00:00,2026-09-06
13749377,54500.0,10.905974329106854,Ford,Ranger Raptor,2020,6,,1,,1,Pickup,Petrol,Automatic,Grey,used,1,Mass_Market,Phnom Penh,Tier_1,store,0,0,2026-07-09 16:35:20,2026-09-06T07:09:31.457299+00:00,2026-09-06
13966401,48900.0,10.797553125151618,Ford,Ranger Raptor,2023,3,70000,0,,1,Pickup,Petrol,Automatic,Orange,used,1,Mass_Market,Phnom Penh,Tier_1,store,0,0,2026-09-04 13:30:25,2026-09-04T07:17:39.016811+00:00,2026-09-04
13969336,15800.0,9.6678285081515,Ford,Ecosport,2022,4,,1,,1,SUV,Petrol,Automatic,White,used,1,Mass_Market,Phnom Penh,Tier_1,individual,0,0,2026-09-05 10:26:54,2026-09-06T07:09:16.073870+00:00,2026-09-06
13961844,27800.0,10.2328272702548,Ford,Ranger,2022,4,22,0,,1,Pickup,,,Grey,used,1,Mass_Market,Phnom Penh,Tier_1,store,0,0,2026-09-03 12:20:58,2026-09-03T07:16:02.106078+00:00,2026-09-03
13365494,26800.0,10.196194479235656,BMW,X5,2014,12,,1,,1,SUV,Petrol,Automatic,White,used,1,Luxury,Phnom Penh,Tier_1,store,1,0,2026-04-02 15:06:36,2026-09-06T07:10:48.419703+00:00,2026-09-06
13966818,16800.0,9.729193687429403,BMW,7 Series,2011,15,,1,,1,Sedan,Petrol,Automatic,White,used,1,Luxury,Phnom Penh,Tier_1,individual,0,0,2026-09-04 14:46:56,2026-09-06T07:09:57.232063+00:00,2026-09-06
13970106,129900.0,11.774527900858468,BMW,X7,2023,3,18000,0,,1,SUV,Petrol,Automatic,White,used,1,Luxury,Phnom Penh,Tier_1,store,0,0,2026-09-05 13:13:54,2026-09-05T06:59:06.118154+00:00,2026-09-05
13364950,24500.0,10.106469212026385,BMW,4 Series,2014,12,,1,,1,Coupe,Petrol,Automatic,White,used,1,Luxury,Phnom Penh,Tier_1,individual,0,0,2026-04-02 13:32:42,2026-09-05T07:01:15.230191+00:00,2026-09-05
13958016,31800.0,10.367253014814716,BMW,MINI,2024,2,,1,0,0,Hatchback,Electric,Automatic,White,new,0,Luxury,Phnom Penh,Tier_1,store,0,0,2026-09-02 13:53:03,2026-09-02T09:54:44.182706+00:00,2026-09-02
13269350,46800.0,10.753659849198824,Land Rover,Range Rover Sport,2018,8,50000,0,3000,0,SUV,Petrol,Automatic,Black,used,1,Luxury,Phnom Penh,Tier_1,store,1,0,2026-03-09 20:34:35,2026-09-06T07:10:43.953447+00:00,2026-09-06
13568132,22000.0,9.99884318585288,Land Rover,Range Rover Vogue,2015,11,,1,,1,SUV,Petrol,Automatic,White,used,1,Luxury,Phnom Penh,Tier_1,store,0,1,2026-05-26 11:16:13,2026-09-02T09:52:50.165939+00:00,2026-09-02
13911725,19500.0,9.87822102528824,Land Rover,Range Rover Sport,2014,12,,1,,1,SUV,Petrol,Automatic,Black,used,1,Luxury,Phnom Penh,Tier_1,individual,0,0,2026-08-21 13:15:16,2026-09-05T06:59:20.906933+00:00,2026-09-05
13969707,37500.0,10.53212287826962,Land Rover,Range Rover Vogue,2015,11,70000,0,,1,SUV,Petrol,Automatic,White,used,1,Luxury,Phnom Penh,Tier_1,store,0,0,2026-09-05 11:35:34,2026-09-05T07:03:35.457825+00:00,2026-09-05
13880092,15000.0,9.61587214452889,Land Rover,Range Rover Vogue,2011,15,60000,0,,1,,Petrol,Automatic,Black,used,1,Luxury,Phnom Penh,Tier_1,store,0,0,2026-08-13 00:37:58,2026-09-02T09:51:41.166355+00:00,2026-09-02
13934879,8900.0,9.093918908958932,Land Rover,Range Rover,2007,19,,1,,1,SUV,Diesel,,Black,used,1,Luxury,Phnom Penh,Tier_1,individual,0,1,2026-08-27 12:52:26,2026-09-02T09:54:37.376992+00:00,2026-09-02
13561091,7500.0,8.922791623969637,ផ្សេងៗ,,2002,24,,1,,1,,Petrol,Automatic,Grey,used,1,Other,Phnom Penh,Tier_1,individual,0,0,2026-05-24 18:18:59,2026-09-05T07:01:09.628524+00:00,2026-09-05
13828705,113000.0,11.635151947212842,Cadillac,Escalade,2021,5,,1,6200,0,SUV,Petrol,Automatic,Black,used,1,Luxury,Phnom Penh,Tier_1,individual,0,0,2026-07-30 13:01:39,2026-09-03T09:13:48.998460+00:00,2026-09-03
13667347,29500.0,10.292179440058462,Mazda,BT-50,2020,6,,1,,1,Pickup,Diesel,Automatic,White,used,1,Mass_Market,Phnom Penh,Tier_1,store,0,1,2026-06-19 11:34:50,2026-09-02T09:51:40.693815+00:00,2026-09-02
13836790,22500.0,10.021315031649332,Mazda,BT-50,2015,11,,1,3200,0,Pickup,Diesel,Automatic,Silver,used,1,Mass_Market,Phnom Penh,Tier_1,individual,0,0,2026-08-01 16:41:53,2026-09-06T07:10:23.559452+00:00,2026-09-06
13922467,28977.0,10.274292200380668,Mazda,BT-50,2019,7,40000,0,3200,0,Pickup,Diesel,Automatic,White,used,1,Mass_Market,Phnom Penh,Tier_1,store,0,0,2026-08-24 13:44:40,2026-09-05T07:01:42.240949+00:00,2026-09-05
13924045,25800.0,10.158168529848494,Mazda,BT-50,2015,11,,1,,1,Pickup,Diesel,Automatic,Black,used,1,Mass_Market,Kandal,Tier_2,store,1,0,2026-08-24 19:48:29,2026-09-06T07:13:44.510364+00:00,2026-09-06
13962165,31800.0,10.367253014814716,Mazda,BT-50,2022,4,,1,,1,Pickup,Diesel,Automatic,Grey,used,0,Mass_Market,Siem Reap,Tier_2,store,0,0,2026-09-03 13:24:31,2026-09-05T07:01:26.263400+00:00,2026-09-05
13501398,21500.0,9.975854724662028,Mazda,Mazda6,2016,10,,1,,1,Sedan,Petrol,Automatic,White,used,1,Mass_Market,Phnom Penh,Tier_1,individual,0,0,2026-05-11 00:46:13,2026-09-03T07:15:30.249330+00:00,2026-09-03
13921549,33800.0,10.428245666832275,Mazda,EZ-60,2025,1,,1,0,0,SUV,Electric,Automatic,,used,0,Mass_Market,Phnom Penh,Tier_1,store,0,0,2026-08-24 10:39:44,2026-09-05T06:58:17.877959+00:00,2026-09-05
13900306,28999.0,10.275051108968611,Mazda,BT-50,2019,7,40000,0,3200,0,Pickup,,Automatic,White,used,1,Mass_Market,Phnom Penh,Tier_1,store,1,0,2026-08-18 11:54:25,2026-09-03T07:15:47.972744+00:00,2026-09-03
13929813,31500.0,10.357774570341576,Mazda,EZ-60,2025,1,,1,,1,SUV,,Automatic,White,used,1,Mass_Market,Phnom Penh,Tier_1,store,1,0,2026-08-26 10:07:35,2026-09-06T07:14:17.112067+00:00,2026-09-06
13943673,39800.0,10.591647316585027,Nissan,ផ្សេងៗ,2026,0,150000,0,0,0,SUV,Electric,Automatic,White,new,0,Mass_Market,Phnom Penh,Tier_1,store,0,0,2026-08-29 17:07:02,2026-09-05T06:58:09.451016+00:00,2026-09-05
13849112,16500.0,9.711176264112805,Nissan,Navara,2018,8,,1,,1,Pickup,Diesel,Manual,Black,used,1,Mass_Market,Siem Reap,Tier_2,store,0,0,2026-08-04 21:32:09,2026-09-02T09:55:55.030502+00:00,2026-09-02
13731714,10499.0,9.259130536145614,Nissan,Frontier,2007,19,,1,,1,Pickup,Diesel,Automatic,Silver,used,1,Mass_Market,Phnom Penh,Tier_1,store,0,0,2026-07-05 13:02:23,2026-09-06T07:10:47.272881+00:00,2026-09-06
13891971,11500.0,9.350189267092581,Nissan,ផ្សេងៗ,2007,19,,1,,1,MPV,Diesel,Manual,Gold,used,1,Mass_Market,Phnom Penh,Tier_1,individual,0,0,2026-08-16 10:01:38,2026-09-03T07:13:46.638177+00:00,2026-09-03
13935338,8900.0,9.093918908958932,Nissan,Frontier,2005,21,,1,,1,Pickup,Petrol,Automatic,Grey,used,1,Mass_Market,Kampong Cham,Tier_2,individual,0,0,2026-08-27 14:18:10,2026-09-04T07:17:37.568088+00:00,2026-09-04
13958331,8500.0,9.04793908261736,Nissan,Frontier,2004,22,,1,,1,Pickup,Diesel,Automatic,Silver,used,1,Mass_Market,Battambang,Tier_2,individual,0,0,2026-09-02 14:36:55,2026-09-02T09:53:36.480470+00:00,2026-09-02
13486101,3500.0,8.160803920954665,Nissan,March,1998,28,,1,,1,SUV,Petrol,Automatic,,used,1,Mass_Market,Phnom Penh,Tier_1,individual,0,0,2026-05-07 08:30:46,2026-09-06T07:09:47.905497+00:00,2026-09-06
13829028,20700.0,9.937937287265354,Volkswagen,Multivan,2018,8,,1,,1,MPV,Diesel,Automatic,White,used,1,Mass_Market,Phnom Penh,Tier_1,store,0,0,2026-07-30 14:03:38,2026-09-03T07:12:51.322855+00:00,2026-09-03
13966105,20500.0,9.928228944424575,Volkswagen,Jetta,2023,3,2023,0,,1,,,,White,used,1,Mass_Market,Phnom Penh,Tier_1,store,0,0,2026-09-04 12:23:39,2026-09-04T07:19:34.972331+00:00,2026-09-04
13966032,23800.0,10.077482875583607,Chevrolet,Tracker,2024,2,,1,,1,,,,White,used,1,Mass_Market,Phnom Penh,Tier_1,individual,1,0,2026-09-04 12:11:09,2026-09-04T07:20:10.069755+00:00,2026-09-04
13458763,21000.0,9.952325334619427,Chevrolet,Colorado,2018,8,,1,,1,Pickup,Diesel,,Red,used,1,Mass_Market,Phnom Penh,Tier_1,store,0,0,2026-04-29 21:00:27,2026-09-06T07:14:16.847595+00:00,2026-09-06
13973175,49000.0,10.799595985047786,Denza,D9,2024,2,6600,0,,1,MPV,Hybrid,Automatic,Black,used,1,Chinese_EV,Phnom Penh,Tier_1,store,0,0,2026-09-06 11:51:30,2026-09-06T07:13:10.531986+00:00,2026-09-06
13560565,30888.0,10.338155412452387,Hyundai,Staria,2023,3,,1,,1,MPV,Diesel,Automatic,Black,used,1,Mass_Market,Phnom Penh,Tier_1,store,0,0,2026-05-24 14:54:28,2026-09-02T09:52:18.037777+00:00,2026-09-02
13953822,25000.0,10.12667110305036,Hyundai,Staria,2022,4,,1,,1,MPV,Diesel,Automatic,Black,used,1,Mass_Market,Phnom Penh,Tier_1,individual,1,0,2026-09-01 13:44:17,2026-09-03T09:12:48.362493+00:00,2026-09-03
13687638,16200.0,9.692828247710418,Hyundai,Starex,2015,11,,1,,1,MPV,,,Silver,used,0,Mass_Market,Phnom Penh,Tier_1,store,0,0,2026-06-24 11:30:03,2026-09-03T07:18:05.523029+00:00,2026-09-03
13958207,14880.0,9.60784051043005,Hyundai,Truck,2017,9,,1,,1,,Diesel,Manual,Blue,used,1,Mass_Market,Phnom Penh,Tier_1,store,0,0,2026-09-02 14:19:47,2026-09-02T09:54:05.878373+00:00,2026-09-02
13958447,1600.0,7.3783837129967145,Hyundai,Atoz,1997,29,,1,,1,,Petrol,Automatic,White,used,1,Mass_Market,Koh Kong,Tier_3,individual,0,0,2026-09-02 14:53:47,2026-09-02T09:53:26.894835+00:00,2026-09-02
13958484,12500.0,9.433563920090563,Hyundai,Starex,2017,9,,1,,1,MPV,Diesel,Automatic,Black,used,1,Mass_Market,Preah Sihanouk,Tier_2,store,0,0,2026-09-02 14:59:48,2026-09-02T09:53:19.287757+00:00,2026-09-02
13841783,23500.0,10.064798252418377,Changan,UNI-T,2023,3,40000,0,1500,0,SUV,Petrol,Automatic,Green,used,1,Chinese_EV,Phnom Penh,Tier_1,individual,0,0,2026-08-03 09:26:17,2026-09-04T07:19:26.605504+00:00,2026-09-04
13622552,22800.0,10.034559673629849,Changan,Q05,2026,0,150000,0,0,0,SUV,Electric,Automatic,Grey,new,0,Chinese_EV,Phnom Penh,Tier_1,store,0,0,2026-06-08 14:49:05,2026-09-02T09:51:31.011651+00:00,2026-09-02
13560905,23900.0,10.081675578048475,Changan,ផ្សេងៗ,2026,0,,1,0,0,SUV,Electric,Automatic,Black,new,0,Chinese_EV,Phnom Penh,Tier_1,store,0,0,2026-05-24 16:55:06,2026-09-04T07:16:14.444858+00:00,2026-09-04
13758159,25999.0,10.165851817003619,MG,RX8,2020,6,41020,0,,1,SUV,Petrol,Automatic,Black,used,1,Chinese_EV,Phnom Penh,Tier_1,individual,0,0,2026-07-11 20:31:53,2026-09-05T07:02:59.063197+00:00,2026-09-05
13797861,475000.0,13.07107218827772,Rolls-Royce,Cullinan,2021,5,20000,0,,1,SUV,Petrol,Automatic,Black,used,1,Luxury,Phnom Penh,Tier_1,individual,0,0,2026-07-22 11:33:01,2026-09-05T07:04:03.404154+00:00,2026-09-05
13953289,31800.0,10.367253014814716,Xpeng,ផ្សេងៗ,2026,0,,1,0,0,SUV,Electric,Automatic,Black,new,0,Chinese_EV,Phnom Penh,Tier_1,individual,0,0,2026-09-01 12:17:48,2026-09-03T09:13:55.047786+00:00,2026-09-03
13938656,24999.0,10.126631103850338,Deepal,,2026,0,,1,0,0,SUV,Electric,Automatic,White,new,0,Chinese_EV,Phnom Penh,Tier_1,store,0,0,2026-08-28 12:38:07,2026-09-04T07:17:51.017376+00:00,2026-09-04
13946188,53800.0,10.893047333337728,GAC,GN8,2024,2,,1,,1,MPV,Hybrid,Automatic,Black,new,0,Chinese_EV,Phnom Penh,Tier_1,store,0,0,2026-08-30 13:40:08,2026-09-05T07:00:08.074286+00:00,2026-09-05
13946945,29600.0,10.295563423525277,GAC,GN8,2024,2,,1,,1,MPV,Petrol,Automatic,Black,used,1,Chinese_EV,Phnom Penh,Tier_1,store,0,0,2026-08-30 17:09:14,2026-09-05T06:58:10.117384+00:00,2026-09-05
13953668,23000.0,10.043292972227004,GAC,GS4,2024,2,,1,,1,SUV,Petrol,Automatic,Black,new,0,Chinese_EV,Phnom Penh,Tier_1,individual,0,0,2026-09-01 13:13:44,2026-09-03T09:13:04.592801+00:00,2026-09-03
13958021,53800.0,10.893047333337728,GAC,GN8,2025,1,,1,,1,MPV,Petrol,Automatic,Black,new,0,Chinese_EV,Phnom Penh,Tier_1,store,0,0,2026-09-02 13:53:27,2026-09-02T09:54:43.456693+00:00,2026-09-02
13393808,22300.0,10.012386799492118,GAC,GS3,2027,0,,1,,1,SUV,Petrol,Automatic,,new,0,Chinese_EV,Phnom Penh,Tier_1,store,0,0,2026-04-09 18:20:17,2026-09-02T09:54:45.206375+00:00,2026-09-02
13922733,39000.0,10.571342565808699,GAC,GN8,2024,2,,1,,1,MPV,Petrol,Automatic,,used,1,Chinese_EV,Phnom Penh,Tier_1,individual,0,0,2026-08-24 14:34:31,2026-09-03T09:13:12.801115+00:00,2026-09-03
13734762,22800.0,10.034559673629849,Aion,Aion i60,2026,0,,1,0,0,SUV,Electric,Automatic,White,new,0,Chinese_EV,Phnom Penh,Tier_1,store,0,0,2026-07-06 11:07:40,2026-09-05T07:04:16.826617+00:00,2026-09-05
13498960,23500.0,10.064798252418377,Aion,Aion i60,2026,0,1240,0,0,0,SUV,Hybrid,Automatic,White,new,0,Chinese_EV,Phnom Penh,Tier_1,individual,0,0,2026-05-10 10:14:21,2026-09-03T09:13:12.995513+00:00,2026-09-03
13478629,22500.0,10.021315031649332,Aion,Aion i60,2026,0,,1,0,0,SUV,Electric,Automatic,Silver,new,0,Chinese_EV,Phnom Penh,Tier_1,store,0,0,2026-05-05 10:48:06,2026-09-06T07:12:58.568354+00:00,2026-09-06
13511818,21900.0,9.994287576862567,Audi,Q7,2015,11,5000,0,,1,SUV,Petrol,Automatic,White,used,1,Luxury,Phnom Penh,Tier_1,store,0,0,2026-05-13 10:53:19,2026-09-06T07:10:45.151793+00:00,2026-09-06
13576887,38000.0,10.545367754151743,Audi,A7,2016,10,,1,,1,Sedan,Diesel,Automatic,Silver,used,1,Luxury,Phnom Penh,Tier_1,store,1,0,2026-05-28 11:51:06,2026-09-02T09:52:48.602925+00:00,2026-09-02
13970044,35800.0,10.485731104959568,Audi,Q7,2017,9,69000,0,,1,SUV,Petrol,Automatic,White,used,1,Luxury,Phnom Penh,Tier_1,store,0,0,2026-09-05 13:01:43,2026-09-05T06:59:34.081752+00:00,2026-09-05
13357697,22900.0,10.038935856711177,Lexus,RX330,2004,22,,1,,1,Sedan,Petrol,Automatic,White,used,1,Luxury,Phnom Penh,Tier_1,store,0,0,2026-03-31 17:52:39,2026-09-03T07:13:31.125035+00:00,2026-09-03
13379754,79000.0,11.277215789596893,Lexus,LX570,2016,10,,1,,1,SUV,Petrol,Automatic,Black,used,1,Luxury,Phnom Penh,Tier_1,store,1,0,2026-04-06 11:14:40,2026-09-05T06:57:40.975815+00:00,2026-09-05
13592867,68500.0,11.134603622683905,Lexus,LX570,2008,18,,1,,1,SUV,Petrol,Automatic,Black,used,1,Luxury,Phnom Penh,Tier_1,store,0,0,2026-06-01 12:46:05,2026-09-05T06:58:19.850337+00:00,2026-09-05
13674989,17800.0,9.787009914477434,Lexus,RX330,2004,22,,1,,1,SUV,Petrol,Automatic,Black,used,1,Luxury,Phnom Penh,Tier_1,store,1,0,2026-06-21 12:43:35,2026-09-02T09:53:56.168640+00:00,2026-09-02
13773032,16500.0,9.711176264112805,Lexus,RX330,2004,22,,1,,1,SUV,Petrol,Automatic,Silver,used,1,Luxury,Phnom Penh,Tier_1,individual,0,0,2026-07-15 16:44:33,2026-09-03T09:13:15.766138+00:00,2026-09-03
13784002,27500.0,10.221977646629885,Lexus,RX350,2009,17,,1,,1,SUV,Petrol,Automatic,White,used,1,Luxury,Phnom Penh,Tier_1,individual,0,0,2026-07-18 15:43:54,2026-09-03T09:13:16.125218+00:00,2026-09-03
13819350,16500.0,9.711176264112805,Lexus,RX330,2004,22,,1,,1,SUV,Petrol,Automatic,Gold,used,1,Luxury,Phnom Penh,Tier_1,store,0,0,2026-07-28 08:52:35,2026-09-06T07:13:41.766345+00:00,2026-09-06
13830078,26000.0,10.165890277802454,Lexus,RX350,2011,15,,1,,1,SUV,Petrol,Automatic,White,used,1,Luxury,Phnom Penh,Tier_1,store,1,0,2026-07-30 17:36:09,2026-09-05T06:59:56.386121+00:00,2026-09-05
13880544,19500.0,9.87822102528824,Lexus,RX330,2005,21,,1,,1,SUV,Petrol,Automatic,White,used,1,Luxury,Phnom Penh,Tier_1,store,0,1,2026-08-13 08:20:19,2026-09-02T09:55:45.801017+00:00,2026-09-02
13893443,16800.0,9.729193687429403,Lexus,RX330,2004,22,,1,,1,SUV,Petrol,Automatic,Blue,used,1,Luxury,Phnom Penh,Tier_1,store,0,0,2026-08-16 16:04:19,2026-09-04T07:18:06.384582+00:00,2026-09-04
13928840,66800.0,11.109473329472568,Lexus,LX570,2016,10,,1,,1,SUV,Petrol,Automatic,White,used,1,Luxury,Phnom Penh,Tier_1,store,0,0,2026-08-25 23:16:46,2026-09-02T09:52:27.071083+00:00,2026-09-02
13938250,6168.0,8.72729202920964,Lexus,LX470,2000,26,,1,,1,SUV,Petrol,Automatic,Black,used,1,Luxury,Siem Reap,Tier_2,individual,0,0,2026-08-28 11:15:58,2026-09-03T07:15:22.110813+00:00,2026-09-03
13945028,26800.0,10.196194479235656,Lexus,RX350,2010,16,,1,,1,SUV,Petrol,Automatic,White,used,1,Luxury,Phnom Penh,Tier_1,store,0,0,2026-08-30 09:05:42,2026-09-02T09:53:22.773578+00:00,2026-09-02
13952872,89800.0,11.405351390085748,Lexus,LX570,2017,9,,1,5700,0,SUV,Petrol,Automatic,White,used,1,Luxury,Phnom Penh,Tier_1,store,1,0,2026-09-01 11:11:23,2026-09-05T07:01:16.421518+00:00,2026-09-05
13953784,178000.0,12.08954444723597,Lexus,LX600,2022,4,,1,,1,SUV,Petrol,Automatic,White,new,0,Luxury,Phnom Penh,Tier_1,individual,1,0,2026-09-01 13:35:26,2026-09-03T09:12:54.983490+00:00,2026-09-03
13954276,24900.0,10.122663242288953,Lexus,NX200t,2015,11,,1,,1,SUV,Petrol,Automatic,Black,used,1,Luxury,Phnom Penh,Tier_1,individual,0,0,2026-09-01 15:04:39,2026-09-03T07:16:46.331416+00:00,2026-09-03
13958082,23600.0,10.069044362997353,Lexus,RX200t,2016,10,,1,,1,SUV,Petrol,Automatic,Silver,used,1,Luxury,Phnom Penh,Tier_1,store,0,0,2026-09-02 14:03:22,2026-09-02T09:54:28.300399+00:00,2026-09-02
13958120,17900.0,9.792611856190192,Lexus,RX330,2004,22,,1,,1,SUV,Petrol,Automatic,Grey,used,1,Luxury,Phnom Penh,Tier_1,store,0,1,2026-09-02 14:10:16,2026-09-03T07:12:49.447518+00:00,2026-09-03
13962308,27700.0,10.229223792606835,Lexus,RX450h,2010,16,,1,,1,SUV,Hybrid,Automatic,White,used,1,Luxury,Phnom Penh,Tier_1,store,0,0,2026-09-03 13:56:50,2026-09-03T07:13:09.833147+00:00,2026-09-03
13965938,9950.0,9.205428327615163,Lexus,LX470,1999,27,,1,,1,SUV,Petrol,Automatic,Black,used,1,Luxury,Phnom Penh,Tier_1,individual,0,0,2026-09-04 11:53:34,2026-09-04T07:21:23.074544+00:00,2026-09-04
13970121,118000.0,11.678448377988165,Lexus,LX570,2019,7,70000,0,,1,SUV,Petrol,Automatic,White,used,1,Luxury,Phnom Penh,Tier_1,store,0,0,2026-09-05 13:15:52,2026-09-05T06:59:23.137930+00:00,2026-09-05
13973262,112000.0,11.626263078808801,Lexus,LX570,2019,7,40000,0,5700,0,SUV,Petrol,Automatic,Black,used,1,Luxury,Phnom Penh,Tier_1,store,0,0,2026-09-06 12:07:34,2026-09-06T07:12:18.848451+00:00,2026-09-06
13563646,36800.0,10.513280297700861,Lexus,UX,2019,7,,1,2000,0,SUV,Petrol,Automatic,Black,used,0,Luxury,Phnom Penh,Tier_1,store,1,0,2026-05-25 12:07:33,2026-09-02T09:51:13.538582+00:00,2026-09-02
13574507,15750.0,9.664659134301736,Lexus,CT,2013,13,,1,,1,SUV,Hybrid,Automatic,Black,used,1,Luxury,Phnom Penh,Tier_1,individual,0,0,2026-05-27 18:55:40,2026-09-04T07:21:58.127220+00:00,2026-09-04
13631585,145000.0,11.884495917930655,Lexus,RX500h,2026,0,,1,2400,0,SUV,Hybrid,Automatic,Black,new,0,Luxury,Phnom Penh,Tier_1,store,1,0,2026-06-10 15:57:51,2026-09-06T07:12:41.456777+00:00,2026-09-06
13649667,239000.0,12.384223015005313,Lexus,LM,2026,0,,1,,1,MPV,Hybrid,Automatic,Black,new,0,Luxury,Phnom Penh,Tier_1,store,0,0,2026-06-15 09:53:04,2026-09-06T07:12:53.707810+00:00,2026-09-06
13671486,14000.0,9.546884034617925,Lexus,GX470,2003,23,,1,,1,SUV,Petrol,Automatic,White,used,1,Luxury,Phnom Penh,Tier_1,store,1,0,2026-06-20 12:23:53,2026-09-02T09:54:15.704480+00:00,2026-09-02
13721885,11000.0,9.305741456739435,Lexus,GX470,2003,23,,1,,1,SUV,LPG,Automatic,Black,used,1,Luxury,Phnom Penh,Tier_1,individual,0,0,2026-07-02 18:03:46,2026-09-06T07:10:52.350408+00:00,2026-09-06
13787560,22700.0,10.030164255362632,Lexus,RX400h,2006,20,,1,,1,Sedan,Petrol,Automatic,White,used,1,Luxury,Phnom Penh,Tier_1,individual,0,0,2026-07-19 17:37:58,2026-09-03T09:13:25.554677+00:00,2026-09-03
13918498,173000.0,12.06105265381003,Lexus,LM,2025,1,22000,0,,1,MPV,Hybrid,Automatic,Black,used,1,Luxury,Phnom Penh,Tier_1,store,0,0,2026-08-23 12:45:44,2026-09-06T07:12:14.575544+00:00,2026-09-06
13923284,156000.0,11.957617696467539,Lexus,LM,2024,2,,1,,1,MPV,Petrol,Automatic,White,used,1,Luxury,Phnom Penh,Tier_1,store,0,0,2026-08-24 16:08:44,2026-09-02T09:51:49.762010+00:00,2026-09-02
13953686,32000.0,10.373522431293592,Lexus,NX200t,2015,11,,1,,1,SUV,Petrol,Automatic,Grey,used,1,Luxury,Kandal,Tier_2,individual,1,0,2026-09-01 13:17:13,2026-09-02T09:51:46.945204+00:00,2026-09-02
13958185,28500.0,10.25769445336048,Lexus,NX200t,2015,11,,1,,1,SUV,Petrol,Automatic,Black,used,1,Luxury,Phnom Penh,Tier_1,store,1,0,2026-09-02 14:17:42,2026-09-04T07:21:14.741090+00:00,2026-09-04
13961634,13000.0,9.472781556562168,Lexus,GX470,2004,22,,1,,1,SUV,Petrol,Automatic,White,used,1,Luxury,Kampong Cham,Tier_2,individual,0,0,2026-09-03 11:44:08,2026-09-03T07:17:21.406853+00:00,2026-09-03
13966485,168000.0,12.031725210748633,Lexus,LM,2025,1,,1,,1,MPV,Petrol,Automatic,Black,used,1,Luxury,Phnom Penh,Tier_1,store,0,0,2026-09-04 13:43:36,2026-09-04T07:17:09.507212+00:00,2026-09-04
13428394,105000.0,11.561725152903833,Lexus,LX570,2018,8,,1,,1,SUV,Petrol,Automatic,Grey,used,1,Luxury,Phnom Penh,Tier_1,store,0,0,2026-04-22 16:43:32,2026-09-02T09:51:14.181102+00:00,2026-09-02
13889186,26999.0,10.203592144986466,Lexus,NX200t,2015,11,,1,,1,SUV,Petrol,Automatic,White,used,1,Luxury,Phnom Penh,Tier_1,individual,1,0,2026-08-15 11:47:33,2026-09-03T09:12:28.762505+00:00,2026-09-03
13899890,12900.0,9.465060106725137,Lexus,RX300,2001,25,,1,,1,SUV,Petrol,Automatic,White,used,1,Luxury,Phnom Penh,Tier_1,individual,0,0,2026-08-18 10:42:52,2026-09-02T09:55:17.017108+00:00,2026-09-02
13603192,18500.0,9.825580063659602,Lexus,LX470,2004,22,,1,,1,SUV,Petrol,Automatic,White,used,1,Luxury,,Unknown,store,1,0,2026-06-03 17:41:19,2026-09-06T07:11:14.485513+00:00,2026-09-06
13824250,18500.0,9.825580063659602,Lexus,LX470,2004,22,,1,,1,SUV,Petrol,Automatic,White,used,1,Luxury,,Unknown,store,1,0,2026-07-29 12:32:32,2026-09-02T09:52:39.264405+00:00,2026-09-02
13585423,22800.0,10.034559673629849,Lexus,RX330,2005,21,,1,,1,SUV,Petrol,Automatic,,used,1,Luxury,Phnom Penh,Tier_1,store,0,0,2026-05-30 11:06:46,2026-09-04T07:18:05.516616+00:00,2026-09-04
13634802,20500.0,9.928228944424575,Lexus,RX330,2004,22,,1,,1,Convertible,Petrol,Automatic,,used,1,Luxury,Phnom Penh,Tier_1,individual,0,0,2026-06-11 11:44:12,2026-09-03T09:13:35.288541+00:00,2026-09-03
13823772,26800.0,10.196194479235656,Lexus,NX200t,2016,10,,1,2000,0,SUV,Petrol,Automatic,,used,1,Luxury,Phnom Penh,Tier_1,store,1,0,2026-07-29 10:49:56,2026-09-06T07:14:13.880314+00:00,2026-09-06
13966213,9500.0,9.15915233520675,Lexus,RX300,2003,23,,1,,1,SUV,Petrol,,Blue,used,1,Luxury,Phnom Penh,Tier_1,store,0,0,2026-09-04 12:49:08,2026-09-04T07:18:37.297329+00:00,2026-09-04
13632517,16000.0,9.680406499268875,Lexus,LX470,2004,22,,1,,1,SUV,,Automatic,White,used,1,Luxury,Phnom Penh,Tier_1,individual,0,0,2026-06-10 20:36:20,2026-09-06T07:13:53.273240+00:00,2026-09-06
13911049,11900.0,9.38437770918244,Lexus,RX300,2002,24,,1,,1,SUV,,Automatic,White,used,1,Luxury,Phnom Penh,Tier_1,individual,0,0,2026-08-21 10:49:50,2026-09-02T09:54:06.413167+00:00,2026-09-02
13885106,32800.0,10.39821428171237,Lexus,NX200t,2015,11,,1,,1,SUV,Petrol,,Grey,used,0,Luxury,Phnom Penh,Tier_1,store,1,0,2026-08-14 10:50:35,2026-09-06T07:09:59.391942+00:00,2026-09-06
13654445,14000.0,9.546884034617925,Lexus,GX470,2003,23,,1,,1,SUV,,Automatic,White,used,1,Luxury,Phnom Penh,Tier_1,store,1,0,2026-06-16 10:19:51,2026-09-02T09:51:59.456494+00:00,2026-09-02
13890867,28800.0,10.268165387743457,Lexus,RX450h,2012,14,,1,,1,SUV,,Automatic,White,used,1,Luxury,Phnom Penh,Tier_1,store,0,0,2026-08-15 20:53:42,2026-09-06T07:09:45.001090+00:00,2026-09-06
13953237,22500.0,10.021315031649332,Lexus,RX330,2005,21,,1,,1,SUV,,Automatic,White,used,1,Luxury,Phnom Penh,Tier_1,individual,0,0,2026-09-01 12:07:26,2026-09-03T09:14:03.505720+00:00,2026-09-03
13969292,16800.0,9.729193687429403,Lexus,RX330,2004,22,,1,,1,SUV,,Automatic,Black,used,1,Luxury,Phnom Penh,Tier_1,individual,0,0,2026-09-05 10:19:59,2026-09-06T07:13:30.292294+00:00,2026-09-06
13859982,75000.0,11.225256725762893,Lexus,LX570,2016,10,,1,,1,SUV,,,Black,used,1,Luxury,Phnom Penh,Tier_1,store,0,0,2026-08-07 14:42:37,2026-09-04T07:18:49.623946+00:00,2026-09-04
13964775,8900.0,9.093918908958932,Lexus,RX300,2000,26,,1,,1,SUV,,,Brown,used,0,Luxury,Phnom Penh,Tier_1,store,0,0,2026-09-04 08:30:57,2026-09-06T07:09:45.526975+00:00,2026-09-06
13966053,17800.0,9.787009914477434,Lexus,ផ្សេងៗ,2012,14,,1,,1,,Hybrid,,White,used,1,Luxury,Phnom Penh,Tier_1,individual,1,0,2026-09-04 12:14:25,2026-09-04T07:19:58.287502+00:00,2026-09-04
13973610,29700.0,10.298935994257638,Lexus,NX200t,2015,11,128747,0,,1,SUV,Diesel,,White,used,1,Luxury,Battambang,Tier_2,individual,1,0,2026-09-06 13:22:04,2026-09-06T07:10:37.629638+00:00,2026-09-06
13961983,29500.0,10.292179440058462,Lexus,NX200t F Sport,2015,11,,1,,1,,,Automatic,White,used,1,Luxury,Phnom Penh,Tier_1,store,1,0,2026-09-03 12:47:25,2026-09-03T07:14:58.218940+00:00,2026-09-03
13822393,19500.0,9.87822102528824,Lexus,RX400h,2006,20,,1,,1,,,,Grey,used,0,Luxury,Siem Reap,Tier_2,store,0,0,2026-07-28 20:09:10,2026-09-06T07:13:15.690769+00:00,2026-09-06
13919590,20000.0,9.90353755128617,Lexus,CT,2015,11,,1,,1,,,,Grey,used,1,Luxury,Phnom Penh,Tier_1,individual,0,0,2026-08-23 17:24:55,2026-09-02T09:52:52.505538+00:00,2026-09-02
13961878,31800.0,10.367253014814716,Lexus,NX200t,2015,11,,1,,1,SUV,,,Grey,used,1,Luxury,Phnom Penh,Tier_1,store,1,0,2026-09-03 12:26:31,2026-09-03T07:15:50.438435+00:00,2026-09-03
13969786,38999.0,10.571316925111784,Lexus,NX200t,2016,10,,1,,1,SUV,,,White,used,0,Luxury,Phnom Penh,Tier_1,store,1,0,2026-09-05 11:53:18,2026-09-05T07:02:39.526987+00:00,2026-09-05
13948145,14400.0,9.575052927597383,Isuzu,D-Max,2007,19,,1,,1,Pickup,Diesel,Automatic,White,used,1,Mass_Market,Battambang,Tier_2,store,0,0,2026-08-31 07:35:39,2026-09-04T07:21:52.853788+00:00,2026-09-04
13636689,33000.0,10.404293143019792,Mercedes-Benz,S-Class,2015,11,,1,3000,0,Sedan,Petrol,Automatic,White,used,1,Luxury,Phnom Penh,Tier_1,store,0,0,2026-06-11 19:04:02,2026-09-04T07:17:30.438333+00:00,2026-09-04
13644965,35800.0,10.485731104959568,Mercedes-Benz,GLC,2016,10,,1,,1,SUV,Petrol,Automatic,White,used,0,Luxury,Phnom Penh,Tier_1,individual,0,0,2026-06-13 19:15:20,2026-09-03T09:12:48.858856+00:00,2026-09-03
13798947,22500.0,10.021315031649332,Mercedes-Benz,C-Class,2015,11,,1,,1,Sedan,Petrol,Automatic,Black,used,1,Luxury,Phnom Penh,Tier_1,store,0,0,2026-07-22 15:11:30,2026-09-02T09:52:58.884580+00:00,2026-09-02
13912072,149000.0,11.91170829631447,Mercedes-Benz,G-Class,2020,6,,1,,1,SUV,Petrol,Automatic,Black,used,1,Luxury,Phnom Penh,Tier_1,store,0,0,2026-08-21 14:23:22,2026-09-02T09:54:04.054661+00:00,2026-09-02
13931495,23500.0,10.064798252418377,Mercedes-Benz,S350,2015,11,,1,,1,SUV,Diesel,Automatic,White,used,0,Luxury,Phnom Penh,Tier_1,store,0,0,2026-08-26 15:05:50,2026-09-02T09:53:08.115909+00:00,2026-09-02
13953189,35000.0,10.463131911491967,Mercedes-Benz,C-Class,2016,10,,1,,1,Sedan,Petrol,Automatic,White,used,1,Luxury,Phnom Penh,Tier_1,individual,0,0,2026-09-01 11:59:02,2026-09-03T09:14:29.560233+00:00,2026-09-03
13969991,100000.0,11.51293546492023,Mercedes-Benz,GT AMG,2020,6,40000,0,,1,Sedan,Petrol,Automatic,Blue,used,1,Luxury,Phnom Penh,Tier_1,store,0,0,2026-09-05 12:49:39,2026-09-05T06:59:50.855626+00:00,2026-09-05
13807682,40900.0,10.61890979160975,Mercedes-Benz,S350,2015,11,,1,3000,0,,Diesel,Automatic,Black,used,1,Luxury,Phnom Penh,Tier_1,store,0,0,2026-07-24 22:25:41,2026-09-06T07:13:29.666749+00:00,2026-09-06
13958470,48000.0,10.778977123006351,Mercedes-Benz,Maybach,2015,11,,1,,1,Sedan,Petrol,Automatic,,used,1,Luxury,Phnom Penh,Tier_1,store,0,0,2026-09-02 14:57:05,2026-09-02T09:53:24.927381+00:00,2026-09-02
13394593,31688.0,10.363724896491272,Porsche,Macan,2015,11,,1,3600,0,SUV,Petrol,Automatic,Black,used,1,Luxury,Phnom Penh,Tier_1,individual,0,0,2026-04-10 08:07:39,2026-09-02T09:54:49.539587+00:00,2026-09-02
13905699,82500.0,11.320565693461432,Porsche,Panamera,2017,9,,1,,1,Sedan,Petrol,Automatic,White,used,0,Luxury,Phnom Penh,Tier_1,store,0,0,2026-08-19 18:42:44,2026-09-03T07:15:33.047935+00:00,2026-09-03
13885861,14500.0,9.581972891547895,HUMMER,H2,2005,21,,1,,1,Pickup,LPG,Automatic,White,used,1,Other,Siem Reap,Tier_2,store,0,0,2026-08-14 13:18:27,2026-09-06T07:10:38.162296+00:00,2026-09-06
13873783,39999.0,10.596634733096073,Jeep,Wrangler,2018,8,,1,,1,SUV,Petrol,Automatic,Grey,used,1,Mass_Market,Phnom Penh,Tier_1,individual,0,0,2026-08-11 12:03:53,2026-09-04T07:22:36.248060+00:00,2026-09-04
13755712,17000.0,9.741027444837728,SsangYong,Rexton,2018,8,,1,,1,Pickup,Diesel,Automatic,Blue,used,0,Other,Phnom Penh,Tier_1,store,1,0,2026-07-11 10:02:04,2026-09-06T07:12:01.248036+00:00,2026-09-06
13970187,23800.0,10.077482875583607,SsangYong,Torres,2025,1,,1,,1,SUV,Petrol,Automatic,White,used,1,Other,Phnom Penh,Tier_1,store,0,1,2026-09-05 13:29:14,2026-09-06T07:10:21.664086+00:00,2026-09-06
13970079,27000.0,10.203629181337648,SsangYong,ផ្សេងៗ,2023,3,,1,,1,Pickup,Diesel,Automatic,Silver,used,1,Other,Phnom Penh,Tier_1,individual,0,0,2026-09-05 13:09:26,2026-09-05T06:59:13.034861+00:00,2026-09-05
13887900,24000.0,10.085850775128717,SsangYong,Torres,2023,3,,1,,1,SUV,Petrol,Automatic,Grey,used,1,Other,Phnom Penh,Tier_1,individual,0,0,2026-08-15 00:18:26,2026-09-03T09:12:57.458480+00:00,2026-09-03
13314098,8800.0,9.082620630373812,Kia,Morning,2012,14,,1,,1,Sedan,Petrol,Automatic,Grey,used,1,Mass_Market,Phnom Penh,Tier_1,store,0,0,2026-03-20 12:01:16,2026-09-06T07:12:28.215087+00:00,2026-09-06
13443959,22200.0,10.007892611890918,Kia,Carnival,2018,8,80000,0,,1,MPV,Petrol,Automatic,White,used,1,Mass_Market,Phnom Penh,Tier_1,store,1,0,2026-04-26 11:27:37,2026-09-02T09:53:58.837074+00:00,2026-09-02
13826088,15850.0,9.670987868797893,Kia,Carnival,2016,10,,1,,1,MPV,Petrol,Automatic,Grey,used,0,Mass_Market,Phnom Penh,Tier_1,store,0,0,2026-07-29 20:20:39,2026-09-02T09:52:08.178450+00:00,2026-09-02
13830676,36000.0,10.491301994830229,Kia,Carnival,2023,3,,1,2200,0,SUV,Diesel,Automatic,White,used,1,Mass_Market,Phnom Penh,Tier_1,store,0,0,2026-07-30 21:10:51,2026-09-02T09:54:04.335827+00:00,2026-09-02
13856381,13300.0,9.495594499353297,Kia,Morning,2018,8,,1,,1,Sedan,Petrol,Automatic,Grey,used,0,Mass_Market,Phnom Penh,Tier_1,store,0,0,2026-08-06 16:15:36,2026-09-02T09:51:54.229186+00:00,2026-09-02
13933548,4200.0,8.343077871169383,Kia,Morning,2006,20,,1,,1,Hatchback,Petrol,Automatic,White,used,1,Mass_Market,Kampong Chhnang,Tier_3,individual,0,0,2026-08-27 08:05:52,2026-09-03T07:12:35.991302+00:00,2026-09-03
13939043,5700.0,8.648396877031582,Kia,Morning,2009,17,,1,,1,Hatchback,Petrol,Automatic,White,used,1,Mass_Market,Phnom Penh,Tier_1,individual,0,0,2026-08-28 13:53:09,2026-09-05T06:59:49.894120+00:00,2026-09-05
13674019,15999.0,9.680344001221918,Kia,Picanto,2027,0,,1,,1,SUV,Petrol,Automatic,Green,new,0,Mass_Market,Phnom Penh,Tier_1,individual,0,0,2026-06-21 08:55:44,2026-09-02T09:53:59.661682+00:00,2026-09-02
13951713,24444.0,10.104180975012746,Kia,EV5,2024,2,,1,0,0,SUV,Electric,Automatic,White,used,1,Mass_Market,Phnom Penh,Tier_1,individual,0,0,2026-08-31 23:53:55,2026-09-06T07:10:36.863932+00:00,2026-09-06
13961493,9400.0,9.148571345578551,Kia,Ray,2016,10,,1,,1,Sedan,Petrol,Automatic,Black,used,1,Mass_Market,Phnom Penh,Tier_1,store,1,0,2026-09-03 11:20:31,2026-09-03T07:18:34.574254+00:00,2026-09-03
13816948,18800.0,9.841665338892785,Kia,Carnival,2016,10,,1,,1,MPV,Diesel,Automatic,White,used,0,Mass_Market,Phnom Penh,Tier_1,store,1,0,2026-07-27 15:23:27,2026-09-06T07:14:07.863278+00:00,2026-09-06
13878056,5550.0,8.621733370690162,Kia,Morning,2008,18,,1,,1,Sedan,Petrol,Automatic,Silver,used,1,Mass_Market,Phnom Penh,Tier_1,store,0,0,2026-08-12 12:38:51,2026-09-02T09:54:02.173612+00:00,2026-09-02
13953820,21900.0,9.994287576862567,Kia,Carnival,2015,11,,1,,1,MPV,Diesel,Automatic,White,used,0,Mass_Market,Phnom Penh,Tier_1,individual,1,0,2026-09-01 13:43:16,2026-09-03T09:12:49.089287+00:00,2026-09-03
13970032,11900.0,9.38437770918244,Kia,Morning,2017,9,,1,,1,Sedan,Petrol,Automatic,Grey,used,0,Mass_Market,Phnom Penh,Tier_1,store,0,0,2026-09-05 12:59:39,2026-09-05T06:59:44.795606+00:00,2026-09-05
13511136,19900.0,9.898525260706313,Kia,Ray,2023,3,,1,,1,,Petrol,Automatic,White,used,0,Mass_Market,Phnom Penh,Tier_1,store,1,0,2026-05-13 09:17:55,2026-09-06T07:09:46.042305+00:00,2026-09-06
13601016,3580.0,8.183397369998433,Kia,Morning,2005,21,,1,,1,Sedan,Petrol,,Yellow,used,1,Mass_Market,Phnom Penh,Tier_1,individual,0,0,2026-06-03 10:51:41,2026-09-03T07:15:56.457651+00:00,2026-09-03
13718821,2100.0,7.650168700845001,Kia,Visto,2001,25,,1,,1,,,,Red,used,0,Mass_Market,Phnom Penh,Tier_1,individual,0,0,2026-07-02 07:59:58,2026-09-03T09:13:40.883611+00:00,2026-09-03
13887755,17500.0,9.770013301136158,Tesla,Model 3,2021,5,,1,0,0,Sedan,Electric,Automatic,White,new,0,Other,Siem Reap,Tier_2,store,0,0,2026-08-14 22:02:20,2026-09-03T07:15:15.197582+00:00,2026-09-03
13687037,63800.0,11.063524143191238,BYD,ផ្សេងៗ,2025,1,150000,0,0,0,MPV,Hybrid,Automatic,White,new,0,Chinese_EV,Phnom Penh,Tier_1,individual,0,0,2026-06-24 09:59:44,2026-09-03T09:13:22.516614+00:00,2026-09-03
13836901,36500.0,10.505094936455558,Mitsubishi,Triton,2023,3,,1,,1,Pickup,Diesel,Automatic,White,used,1,Mass_Market,Kandal,Tier_2,store,1,0,2026-08-01 17:24:54,2026-09-02T09:53:34.345173+00:00,2026-09-02
13969764,5699.05,8.648230225713993,Mitsubishi,Montero,2002,24,,1,,1,SUV,Diesel,Automatic,White,used,1,Mass_Market,Phnom Penh,Tier_1,individual,0,0,2026-09-05 11:46:44,2026-09-05T07:03:07.250066+00:00,2026-09-05
13865998,4500.0,8.412054873292933,WULING,Truck,2016,10,,1,,1,,,,White,used,1,Other,Phnom Penh,Tier_1,individual,0,0,2026-08-09 10:42:49,2026-09-04T07:18:48.064588+00:00,2026-09-04
13942838,24560.0,10.108915098044557,Toyota,Hilux Vigo,2008,18,,1,,1,Pickup,,Automatic,Black,used,1,Mass_Market,Phnom Penh,Tier_1,individual,0,0,2026-08-29 13:43:47,2026-09-03T09:13:09.681024+00:00,2026-09-03
13953981,16000.0,9.680406499268875,Toyota,Prius,2014,12,,1,,1,Hatchback,,Automatic,Grey,used,1,Mass_Market,Phnom Penh,Tier_1,individual,0,0,2026-09-01 14:15:03,2026-09-03T09:12:01.149151+00:00,2026-09-03
13848601,15500.0,9.648659816955295,Toyota,Camry,2007,19,,1,,1,Sedan,,Automatic,White,used,1,Mass_Market,,Unknown,store,0,0,2026-08-04 18:09:28,2026-09-06T07:09:38.555025+00:00,2026-09-06
13816416,9800.0,9.19023970026918,Toyota,Prius,2008,18,,1,,1,Hatchback,Hybrid,Automatic,,used,1,Mass_Market,Phnom Penh,Tier_1,individual,0,0,2026-07-27 13:48:23,2026-09-04T07:16:39.537515+00:00,2026-09-04
13973472,6800.0,8.824824939175638,Toyota,Celica,2000,26,,1,,1,Coupe,,,Orange,used,1,Mass_Market,Siem Reap,Tier_2,individual,0,0,2026-09-06 12:59:46,2026-09-06T07:11:19.939821+00:00,2026-09-06
13952546,16900.0,9.735128070758227,Toyota,Prius,2012,14,,1,,1,Hatchback,Hybrid,,White,used,1,Mass_Market,Phnom Penh,Tier_1,individual,0,0,2026-09-01 10:16:36,2026-09-06T07:09:30.600421+00:00,2026-09-06
13843609,34500.0,10.448743588106625,Toyota,Fortuner,2017,9,,1,,1,SUV,,,White,used,1,Mass_Market,Phnom Penh,Tier_1,individual,0,0,2026-08-03 14:57:35,2026-09-02T09:55:26.968439+00:00,2026-09-02
13958091,11900.0,9.38437770918244,Toyota,Camry,2009,17,,1,,1,Sedan,,,Silver,used,0,Mass_Market,Phnom Penh,Tier_1,store,0,1,2026-09-02 14:05:20,2026-09-02T09:54:23.101965+00:00,2026-09-02
13969990,20500.0,9.928228944424575,Toyota,Rush,2019,7,2019,0,,1,SUV,,,White,used,1,Mass_Market,Phnom Penh,Tier_1,store,0,0,2026-09-05 12:49:28,2026-09-05T06:59:52.664447+00:00,2026-09-05
13969981,10800.0,9.287394001418473,Toyota,Vios,2014,12,,1,,1,,,,Grey,used,1,Mass_Market,Phnom Penh,Tier_1,store,0,0,2026-09-05 12:47:54,2026-09-05T06:59:57.152829+00:00,2026-09-05
13396964,31900.0,10.370392636243981,Ford,Ranger,2023,3,,1,,1,Pickup,Diesel,Automatic,Grey,used,1,Mass_Market,Phnom Penh,Tier_1,store,0,0,2026-04-10 18:54:24,2026-09-06T07:10:59.694268+00:00,2026-09-06
13730866,50800.0,10.835671318412196,Ford,Ranger Raptor,2023,3,,1,,1,Pickup,Petrol,Automatic,Blue,used,1,Mass_Market,Phnom Penh,Tier_1,store,1,0,2026-07-05 09:43:37,2026-09-05T06:59:15.136883+00:00,2026-09-05
13759871,34500.0,10.448743588106625,Ford,Ranger Raptor,2025,1,,1,,1,Pickup,Diesel,Automatic,White,used,1,Mass_Market,Phnom Penh,Tier_1,store,0,1,2026-07-12 11:23:37,2026-09-06T07:14:21.410445+00:00,2026-09-06
13799352,43800.0,10.687411927154141,Ford,Ranger Wildtrak,2023,3,,1,,1,Pickup,Diesel,Automatic,White,used,1,Mass_Market,Phnom Penh,Tier_1,store,0,0,2026-07-22 16:40:15,2026-09-06T07:14:13.296369+00:00,2026-09-06
13849072,18900.0,9.846970109700957,Ford,Ranger,2016,10,,1,,1,Pickup,Diesel,Manual,White,used,1,Mass_Market,Phnom Penh,Tier_1,store,0,0,2026-08-04 21:11:50,2026-09-06T07:11:42.944108+00:00,2026-09-06
13849081,20900.0,9.94755228369823,Ford,Everest,2017,9,,1,,1,SUV,Diesel,Automatic,Red,used,1,Mass_Market,Phnom Penh,Tier_1,individual,0,1,2026-08-04 21:17:21,2026-09-03T09:13:32.928881+00:00,2026-09-03
13891680,47500.0,10.768506042432708,Ford,Ranger Wildtrak,2025,1,,1,,1,Pickup,Diesel,Automatic,White,used,1,Mass_Market,Phnom Penh,Tier_1,store,0,0,2026-08-16 08:45:28,2026-09-02T09:56:02.045044+00:00,2026-09-02
13912105,38500.0,10.55843949396453,Ford,Ranger Raptor,2021,5,30000,0,,1,Pickup,Diesel,Automatic,White,used,1,Mass_Market,Phnom Penh,Tier_1,store,0,0,2026-08-21 14:29:42,2026-09-04T07:18:58.512651+00:00,2026-09-04
13933069,46900.0,10.75579427616868,Ford,Ranger Wildtrak,2025,1,,1,,1,Pickup,Diesel,Automatic,White,used,1,Mass_Market,Phnom Penh,Tier_1,individual,0,1,2026-08-26 22:35:40,2026-09-04T07:20:22.226964+00:00,2026-09-04
13958584,34500.0,10.448743588106625,Ford,Ranger Wildtrak,2020,6,60000,0,,1,Pickup,Diesel,Automatic,White,used,1,Mass_Market,Phnom Penh,Tier_1,store,0,0,2026-09-02 15:17:15,2026-09-02T09:52:54.561757+00:00,2026-09-02
13970197,35500.0,10.477316144080852,Ford,Ranger,2023,3,30000,0,,1,Pickup,Diesel,Automatic,Black,used,1,Mass_Market,Phnom Penh,Tier_1,store,0,0,2026-09-05 13:30:49,2026-09-05T06:58:28.235423+00:00,2026-09-05
13388025,15400.0,9.642187721358466,Ford,Ecosport,2019,7,,1,,1,Hatchback,Petrol,Automatic,Silver,used,1,Mass_Market,Phnom Penh,Tier_1,store,1,0,2026-04-08 11:06:00,2026-09-04T07:19:25.879462+00:00,2026-09-04
13969154,14800.0,9.60245002503719,Ford,Ecosport,2022,4,,1,,1,SUV,Petrol,Automatic,White,used,1,Mass_Market,Phnom Penh,Tier_1,store,0,0,2026-09-05 09:55:55,2026-09-06T07:11:31.044379+00:00,2026-09-06
13926035,27500.0,10.221977646629885,Ford,F-150,2017,9,,1,,1,Pickup,Petrol,,Black,used,1,Mass_Market,Phnom Penh,Tier_1,individual,0,0,2026-08-25 11:36:12,2026-09-06T07:13:40.917772+00:00,2026-09-06
13953284,27800.0,10.2328272702548,Ford,Ranger,2022,4,,1,,1,Pickup,,,,used,1,Mass_Market,Phnom Penh,Tier_1,individual,0,0,2026-09-01 12:16:48,2026-09-03T09:13:55.536040+00:00,2026-09-03
13942855,24560.0,10.108915098044557,Ford,ផ្សេងៗ,2015,11,,1,,1,Pickup,,Automatic,White,used,1,Mass_Market,Phnom Penh,Tier_1,store,0,0,2026-08-29 13:47:53,2026-09-02T09:55:37.078367+00:00,2026-09-02
13311758,13900.0,9.539716058977092,Ford,Ecosport,2019,7,,1,,1,,,,Silver,used,1,Mass_Market,Phnom Penh,Tier_1,store,0,0,2026-03-19 20:17:06,2026-09-02T09:54:20.542658+00:00,2026-09-02
13692227,55800.0,10.929547069355774,Ram,1500,2022,4,60000,0,5700,0,Pickup,Petrol,Automatic,Black,used,1,Other,Phnom Penh,Tier_1,store,0,0,2026-06-25 10:15:56,2026-09-05T07:00:19.889439+00:00,2026-09-05
13953790,45000.0,10.714439990727769,Ram,1500,2022,4,,1,,1,Pickup,,Automatic,Black,used,1,Other,Phnom Penh,Tier_1,individual,0,0,2026-09-01 13:37:01,2026-09-03T09:12:53.419292+00:00,2026-09-03
13958793,60888.0,11.016807813409786,BMW,X7,2020,6,,1,,1,SUV,Petrol,Automatic,White,used,1,Luxury,Phnom Penh,Tier_1,store,0,1,2026-09-02 15:59:16,2026-09-02T09:52:07.785868+00:00,2026-09-02
13676922,53000.0,10.87806606028079,BMW,ផ្សេងៗ,2024,2,,1,0,0,Sedan,Electric,Automatic,Grey,used,0,Luxury,Phnom Penh,Tier_1,store,0,0,2026-06-21 22:13:24,2026-09-02T09:54:45.212236+00:00,2026-09-02
13951464,19500.0,9.87822102528824,BMW,X4,2015,11,70000,0,,1,SUV,Petrol,Automatic,White,used,1,Luxury,Phnom Penh,Tier_1,store,1,0,2026-08-31 21:09:41,2026-09-06T07:14:25.685174+00:00,2026-09-06
13969925,9500.0,9.15915233520675,BMW,I3,2015,11,,1,,1,Sedan,Hybrid,Automatic,Grey,used,1,Luxury,Phnom Penh,Tier_1,individual,0,0,2026-09-05 12:31:17,2026-09-05T07:00:37.712965+00:00,2026-09-05
13846893,26800.0,10.196194479235656,BMW,5 Series,2023,3,50000,0,,1,Sedan,Petrol,,Black,new,0,Luxury,Phnom Penh,Tier_1,store,0,0,2026-08-04 12:17:02,2026-09-02T09:54:48.450817+00:00,2026-09-02
13593356,19999.0,9.903487552536127,BMW,X5,2015,11,,1,,1,SUV,Diesel,Automatic,Brown,used,1,Luxury,Phnom Penh,Tier_1,store,0,0,2026-06-01 14:19:18,2026-09-02T09:51:41.744171+00:00,2026-09-02
13454715,250000.0,12.429220196836383,Lamborghini,Urus,2019,7,,1,,1,SUV,Petrol,Automatic,Green,used,0,Luxury,Phnom Penh,Tier_1,store,0,0,2026-04-29 00:33:57,2026-09-05T06:57:40.233589+00:00,2026-09-05
13404272,19500.0,9.87822102528824,Land Rover,Range Rover Vogue,2014,12,,1,,1,SUV,Petrol,Automatic,Black,used,1,Luxury,Phnom Penh,Tier_1,individual,0,0,2026-04-14 14:47:01,2026-09-03T09:13:33.660152+00:00,2026-09-03
13801365,26800.0,10.196194479235656,Land Rover,Range Rover Vogue,2014,12,,1,,1,SUV,Petrol,Automatic,Black,used,1,Luxury,Phnom Penh,Tier_1,store,0,0,2026-07-23 10:29:38,2026-09-03T07:17:50.729262+00:00,2026-09-03
13833949,53500.0,10.887455624298198,Land Rover,Range Rover Sport,2019,7,,1,,1,SUV,Petrol,Automatic,White,used,1,Luxury,Kandal,Tier_2,individual,0,0,2026-07-31 17:00:32,2026-09-03T09:13:18.694186+00:00,2026-09-03
13914007,68000.0,11.127277689932466,Land Rover,Defender 110,2020,6,,1,,1,SUV,Diesel,Automatic,Black,used,1,Luxury,Phnom Penh,Tier_1,individual,1,0,2026-08-22 09:16:43,2026-09-03T09:13:49.688542+00:00,2026-09-03
13563162,25999.0,10.165851817003619,ផ្សេងៗ,,2026,0,,1,0,0,,Electric,Automatic,White,new,0,Other,Phnom Penh,Tier_1,individual,0,0,2026-05-25 11:11:41,2026-09-03T07:14:27.379833+00:00,2026-09-03
13558586,65800.0,11.094390314766315,AVATR,AVATR 11,2025,1,815,0,0,0,SUV,Electric,Automatic,White,new,0,Chinese_EV,Phnom Penh,Tier_1,store,0,0,2026-05-23 22:20:53,2026-09-06T07:13:44.260707+00:00,2026-09-06
13413885,37900.0,10.542732775946709,AVATR,AVATR 07,2026,0,,1,0,0,SUV,Electric,Automatic,Black,new,0,Chinese_EV,Phnom Penh,Tier_1,store,0,0,2026-04-19 10:43:00,2026-09-04T07:16:04.309436+00:00,2026-09-04
13954010,99900.0,11.511934974596555,Cadillac,Escalade ESV,2021,5,,1,,1,,Petrol,Automatic,White,used,1,Luxury,Phnom Penh,Tier_1,individual,0,0,2026-09-01 14:19:34,2026-09-03T09:12:36.497760+00:00,2026-09-03
13646474,195000.0,12.180759965737863,Cadillac,Escalade ESV,2025,1,,1,6200,0,SUV,Petrol,Automatic,Black,new,0,Luxury,Phnom Penh,Tier_1,store,0,0,2026-06-14 11:12:30,2026-09-06T07:13:34.523770+00:00,2026-09-06
13603877,28500.0,10.25769445336048,Mazda,BT-50,2022,4,,1,,1,Pickup,Diesel,Automatic,Black,used,1,Mass_Market,Phnom Penh,Tier_1,store,0,1,2026-06-03 22:01:13,2026-09-06T07:11:42.407126+00:00,2026-09-06
13929748,5300.0,8.575650760987806,Mazda,Mazda 2,2019,7,,1,,1,Sedan,Petrol,Automatic,Grey,used,1,Mass_Market,Battambang,Tier_2,store,0,0,2026-08-26 09:55:32,2026-09-04T07:21:52.446057+00:00,2026-09-04
13953757,12500.0,9.433563920090563,Mazda,Mazda 2,2019,7,,1,,1,Sedan,Petrol,Automatic,White,used,1,Mass_Market,Phnom Penh,Tier_1,individual,0,1,2026-09-01 13:28:46,2026-09-03T09:12:56.756457+00:00,2026-09-03
13961633,36500.0,10.505094936455558,Mazda,EZ-60,2025,1,,1,0,0,SUV,Electric,Automatic,Grey,new,0,Mass_Market,Phnom Penh,Tier_1,individual,0,0,2026-09-03 11:44:06,2026-09-03T07:17:22.013880+00:00,2026-09-03
13873477,38800.0,10.566201298475118,Nissan,ផ្សេងៗ,2026,0,150000,0,0,0,SUV,Electric,Automatic,,new,0,Mass_Market,Phnom Penh,Tier_1,store,0,0,2026-08-11 10:57:58,2026-09-02T09:55:09.062437+00:00,2026-09-02
13889163,18000.0,9.798182590890704,Nissan,Navara,2013,13,,1,,1,Pickup,,Automatic,Grey,used,1,Mass_Market,Oddar Meanchey,Tier_3,individual,0,0,2026-08-15 11:40:43,2026-09-03T09:13:17.995357+00:00,2026-09-03
13824497,35800.0,10.485731104959568,Nissan,Navara,2026,0,,1,,1,Pickup,Petrol,Automatic,Black,new,0,Mass_Market,Phnom Penh,Tier_1,store,0,0,2026-07-29 13:36:54,2026-09-06T07:14:10.281656+00:00,2026-09-06
13947408,20900.0,9.94755228369823,Nissan,Navara,2015,11,,1,,1,Pickup,Diesel,Automatic,White,used,1,Mass_Market,Phnom Penh,Tier_1,store,0,1,2026-08-30 20:30:53,2026-09-06T07:11:42.198844+00:00,2026-09-06
13648408,1800.0,7.496097345175956,Nissan,March,2002,24,,1,,1,Hatchback,Petrol,Automatic,Red,used,1,Mass_Market,Phnom Penh,Tier_1,individual,0,0,2026-06-14 20:39:01,2026-09-05T06:59:32.780590+00:00,2026-09-05
13270234,29000.0,10.275085591132715,Toyota,Highlander,2015,11,,1,,1,Pickup,Petrol,Automatic,Black,used,0,Mass_Market,Phnom Penh,Tier_1,store,0,0,2026-03-10 08:41:30,2026-09-05T07:01:08.948505+00:00,2026-09-05
13324105,10900.0,9.296609807128359,Toyota,Prius,2006,20,,1,,1,Sedan,Hybrid,Automatic,Green,used,1,Mass_Market,Phnom Penh,Tier_1,individual,0,0,2026-03-23 08:26:10,2026-09-06T07:12:03.467693+00:00,2026-09-06
13375095,26800.0,10.196194479235656,Toyota,Hilux Vigo,2012,14,,1,,1,Pickup,Diesel,Automatic,Silver,used,1,Mass_Market,Siem Reap,Tier_2,store,0,0,2026-04-05 06:21:15,2026-09-05T07:01:25.093723+00:00,2026-09-05
13406929,19500.0,9.87822102528824,Toyota,Prius,2013,13,,1,,1,Hatchback,Diesel,Automatic,White,used,1,Mass_Market,Phnom Penh,Tier_1,store,0,0,2026-04-16 18:20:42,2026-09-06T07:10:23.986722+00:00,2026-09-06
13428987,62500.0,11.042937835596494,Toyota,Fortuner,2026,0,,1,,1,SUV,Diesel,Automatic,White,new,0,Mass_Market,Phnom Penh,Tier_1,store,0,0,2026-04-22 20:15:45,2026-09-02T09:52:35.028428+00:00,2026-09-02
13443618,33500.0,10.419330568113901,Toyota,Alphard,2015,11,,1,,1,MPV,Hybrid,Automatic,Black,used,1,Mass_Market,Phnom Penh,Tier_1,store,0,0,2026-04-26 10:22:37,2026-09-05T06:58:25.837366+00:00,2026-09-05
13445144,32000.0,10.373522431293592,Toyota,Land Cruiser,2011,15,,1,,1,SUV,Petrol,Automatic,White,used,1,Mass_Market,Phnom Penh,Tier_1,individual,0,0,2026-04-26 15:56:38,2026-09-02T09:52:30.136849+00:00,2026-09-02
13475794,22500.0,10.021315031649332,Toyota,Prius,2016,10,,1,,1,Hatchback,Hybrid,Automatic,White,used,1,Mass_Market,Phnom Penh,Tier_1,store,0,0,2026-05-04 14:52:02,2026-09-02T09:52:50.165939+00:00,2026-09-02
13512232,36500.0,10.505094936455558,Toyota,Tacoma,2016,10,,1,,1,Pickup,Petrol,Automatic,Black,used,0,Mass_Market,Phnom Penh,Tier_1,store,0,0,2026-05-13 12:21:30,2026-09-05T07:01:07.522007+00:00,2026-09-05
13517321,8400.0,9.036106025364846,Toyota,Prius,2005,21,,1,,1,Hatchback,Hybrid,Automatic,Silver,used,1,Mass_Market,Phnom Penh,Tier_1,store,0,0,2026-05-14 15:35:58,2026-09-02T09:51:52.477350+00:00,2026-09-02
13552792,45000.0,10.714439990727769,Toyota,Vellfire,2015,11,,1,,1,MPV,Hybrid,Automatic,Black,used,0,Mass_Market,Phnom Penh,Tier_1,store,1,0,2026-05-22 14:17:55,2026-09-06T07:14:00.678702+00:00,2026-09-06
13572540,48500.0,10.789339695269716,Toyota,Land Cruiser,2013,13,140000,0,,1,SUV,Diesel,Automatic,Black,used,1,Mass_Market,Phnom Penh,Tier_1,individual,0,0,2026-05-27 11:12:38,2026-09-03T09:13:34.312209+00:00,2026-09-03
13575979,25500.0,10.146472946063877,Toyota,Alphard,2013,13,,1,,1,MPV,Petrol,Automatic,Black,used,1,Mass_Market,Phnom Penh,Tier_1,store,0,0,2026-05-28 09:36:48,2026-09-03T07:18:21.137593+00:00,2026-09-03
13622630,17500.0,9.770013301136158,Toyota,Prius,2013,13,,1,1800,0,SUV,Hybrid,Automatic,White,used,0,Mass_Market,Phnom Penh,Tier_1,store,1,0,2026-06-08 15:06:57,2026-09-05T06:59:16.540763+00:00,2026-09-05
13626832,19900.0,9.898525260706313,Toyota,Prius,2013,13,,1,,1,Hatchback,Hybrid,Automatic,White,used,0,Mass_Market,Phnom Penh,Tier_1,store,1,0,2026-06-09 14:43:22,2026-09-02T09:53:44.394875+00:00,2026-09-02
13677954,8350.0,9.03013657115323,Toyota,Corolla,2003,23,,1,,1,SUV,Petrol,Automatic,Gold,used,1,Mass_Market,Phnom Penh,Tier_1,individual,0,1,2026-06-22 09:29:46,2026-09-06T07:11:26.615145+00:00,2026-09-06
13704460,24000.0,10.085850775128717,Toyota,Tacoma,2014,12,,1,,1,Pickup,Petrol,Automatic,White,used,0,Mass_Market,Phnom Penh,Tier_1,store,0,0,2026-06-28 11:35:11,2026-09-06T07:10:46.699761+00:00,2026-09-06
13719453,11500.0,9.350189267092581,Toyota,Highlander,2003,23,,1,,1,SUV,Petrol,Automatic,Grey,used,1,Mass_Market,Phnom Penh,Tier_1,individual,0,1,2026-07-02 10:00:32,2026-09-03T09:12:43.114057+00:00,2026-09-03
13731532,15300.0,9.635673464721814,Toyota,Highlander,2002,24,,1,,1,SUV,Diesel,Automatic,White,used,1,Mass_Market,Phnom Penh,Tier_1,store,0,0,2026-07-05 12:22:47,2026-09-06T07:13:50.894086+00:00,2026-09-06
13776329,9200.0,9.127067452782361,Toyota,Yaris,2007,19,,1,,1,Sedan,Petrol,Automatic,White,used,1,Mass_Market,Kandal,Tier_2,individual,0,0,2026-07-16 14:41:22,2026-09-05T07:01:34.461681+00:00,2026-09-05
13788894,11300.0,9.332646496360152,Toyota,Prius,2007,19,,1,,1,Hatchback,Hybrid,Automatic,White,used,1,Mass_Market,Phnom Penh,Tier_1,individual,0,1,2026-07-20 09:18:46,2026-09-03T09:14:12.415123+00:00,2026-09-03
13793942,31500.0,10.357774570341576,Toyota,Sienna,2011,15,,1,,1,MPV,Petrol,Automatic,White,used,0,Mass_Market,Phnom Penh,Tier_1,store,0,0,2026-07-21 11:38:03,2026-09-06T07:13:44.382053+00:00,2026-09-06
13796885,2550.0,7.844240718141811,Toyota,Corolla,1995,31,,1,,1,Sedan,Petrol,Automatic,White,used,1,Mass_Market,Phnom Penh,Tier_1,store,0,0,2026-07-22 08:39:09,2026-09-04T07:19:08.457935+00:00,2026-09-04
13797892,11800.0,9.375939552625749,Toyota,Prius,2008,18,,1,,1,Hatchback,Hybrid,Automatic,Green,used,1,Mass_Market,Phnom Penh,Tier_1,store,0,0,2026-07-22 11:38:31,2026-09-06T07:13:11.170668+00:00,2026-09-06
13815695,29800.0,10.30229722897745,Toyota,Vellfire,2015,11,,1,,1,MPV,Petrol,Automatic,White,used,1,Mass_Market,Phnom Penh,Tier_1,store,1,0,2026-07-27 11:30:57,2026-09-02T09:55:46.028399+00:00,2026-09-02
13815800,32222.0,10.380435762266156,Toyota,Alphard,2017,9,,1,,1,MPV,Petrol,Automatic,White,used,1,Mass_Market,Phnom Penh,Tier_1,store,0,0,2026-07-27 11:46:40,2026-09-02T09:55:45.994914+00:00,2026-09-02
13822306,17968.0,9.796403329926454,Toyota,Prius,2014,12,,1,,1,Sedan,Hybrid,Automatic,White,used,1,Mass_Market,Phnom Penh,Tier_1,individual,0,0,2026-07-28 19:26:51,2026-09-06T07:11:22.590654+00:00,2026-09-06
13856941,22300.0,10.012386799492118,Toyota,Raize,2026,0,100000,0,1000,0,SUV,Petrol,Automatic,Blue,new,0,Mass_Market,Phnom Penh,Tier_1,store,0,0,2026-08-06 19:21:18,2026-09-02T09:53:46.504062+00:00,2026-09-02
13858773,10000.0,9.210440366976517,Toyota,Highlander,2001,25,,1,,1,SUV,Petrol,Automatic,Gold,used,1,Mass_Market,Kandal,Tier_2,individual,0,0,2026-08-07 10:46:32,2026-09-02T09:54:10.388770+00:00,2026-09-02
13868544,12500.0,9.433563920090563,Toyota,Highlander,2003,23,,1,,1,SUV,Petrol,Automatic,Silver,used,1,Mass_Market,Phnom Penh,Tier_1,individual,0,0,2026-08-10 08:32:02,2026-09-06T07:10:53.355189+00:00,2026-09-06
13871188,30500.0,10.32551474894327,Toyota,Land Cruiser,2021,5,,1,,1,SUV,Petrol,Automatic,Black,used,1,Mass_Market,Siem Reap,Tier_2,store,0,0,2026-08-10 16:57:40,2026-09-06T07:10:37.995557+00:00,2026-09-06
13881189,22000.0,9.99884318585288,Toyota,Hilux Vigo,2008,18,,1,,1,Pickup,Diesel,Automatic,Silver,used,1,Mass_Market,Phnom Penh,Tier_1,individual,0,0,2026-08-13 10:12:06,2026-09-03T09:12:41.420126+00:00,2026-09-03
13884124,7350.0,8.902591637374087,Toyota,Prius,2004,22,,1,,1,SUV,Hybrid,Automatic,Silver,used,1,Mass_Market,Phnom Penh,Tier_1,individual,1,0,2026-08-14 07:59:26,2026-09-03T07:16:10.238957+00:00,2026-09-03
13923043,42500.0,10.657282884047461,Toyota,Land Cruiser,2013,13,,1,,1,SUV,Petrol,Automatic,White,used,1,Mass_Market,Phnom Penh,Tier_1,store,0,0,2026-08-24 15:27:03,2026-09-02T09:52:33.374870+00:00,2026-09-02
13925200,35000.0,10.463131911491967,Toyota,Land Cruiser,2009,17,,1,,1,SUV,Petrol,Automatic,White,used,1,Mass_Market,Phnom Penh,Tier_1,store,0,0,2026-08-25 09:05:12,2026-09-03T07:15:23.917086+00:00,2026-09-03
13927918,7950.0,8.981052985901483,Toyota,Prius,2005,21,,1,,1,SUV,Petrol,Automatic,Silver,used,1,Mass_Market,Phnom Penh,Tier_1,store,0,0,2026-08-25 17:06:29,2026-09-03T07:12:48.647490+00:00,2026-09-03
13933636,21500.0,9.975854724662028,Toyota,Alphard,2014,12,,1,,1,MPV,Petrol,Automatic,Black,used,1,Mass_Market,Phnom Penh,Tier_1,individual,0,0,2026-08-27 08:34:05,2026-09-06T07:13:28.993196+00:00,2026-09-06
13934321,9300.0,9.137877200242468,Toyota,Prius,2006,20,,1,,1,Sedan,Hybrid,Automatic,Gold,used,1,Mass_Market,Siem Reap,Tier_2,store,0,0,2026-08-27 10:52:33,2026-09-05T07:03:38.146901+00:00,2026-09-05
13937448,11800.0,9.375939552625749,Toyota,Tacoma,2001,25,,1,,1,Pickup,Petrol,Automatic,Silver,used,1,Mass_Market,Phnom Penh,Tier_1,store,0,0,2026-08-28 08:51:43,2026-09-05T06:59:57.939671+00:00,2026-09-05
13940234,4700.0,8.45553053102413,Toyota,RAV4,1997,29,,1,,1,SUV,Petrol,Automatic,Green,used,1,Mass_Market,Phnom Penh,Tier_1,store,0,0,2026-08-28 18:57:41,2026-09-05T06:59:57.143709+00:00,2026-09-05
13942787,29000.0,10.275085591132715,Toyota,Vellfire,2015,11,,1,,1,MPV,Petrol,Automatic,White,used,1,Mass_Market,Phnom Penh,Tier_1,store,0,0,2026-08-29 13:31:39,2026-09-02T09:52:41.076771+00:00,2026-09-02
13943181,26200.0,10.173552856959743,Toyota,Prius,2019,7,,1,,1,Hatchback,Hybrid,Automatic,White,used,0,Mass_Market,Phnom Penh,Tier_1,store,0,0,2026-08-29 15:04:11,2026-09-04T07:20:19.510045+00:00,2026-09-04
13943191,28500.0,10.25769445336048,Toyota,Alphard,2016,10,,1,,1,SUV,Petrol,Automatic,White,used,0,Mass_Market,Phnom Penh,Tier_1,store,0,1,2026-08-29 15:06:35,2026-09-02T09:53:05.330148+00:00,2026-09-02
13943671,9800.0,9.19023970026918,Toyota,Prius,2006,20,,1,,1,Sedan,Hybrid,Automatic,Silver,used,1,Mass_Market,Phnom Penh,Tier_1,individual,1,0,2026-08-29 17:06:30,2026-09-06T07:11:52.948258+00:00,2026-09-06
13945093,15500.0,9.648659816955295,Toyota,Prius,2010,16,,1,,1,Hatchback,Hybrid,Automatic,White,used,1,Mass_Market,Phnom Penh,Tier_1,individual,0,0,2026-08-30 09:15:21,2026-09-06T07:14:24.239230+00:00,2026-09-06
13953769,8600.0,9.059633754551479,Toyota,Prius,2005,21,,1,,1,Sedan,Hybrid,Automatic,Grey,used,1,Mass_Market,Phnom Penh,Tier_1,individual,0,0,2026-09-01 13:32:13,2026-09-03T09:12:56.093084+00:00,2026-09-03
13957840,15000.0,9.61587214452889,Toyota,Prius,2011,15,,1,,1,Sedan,Petrol,Automatic,Grey,used,1,Mass_Market,Phnom Penh,Tier_1,individual,0,0,2026-09-02 13:08:11,2026-09-02T09:55:49.395291+00:00,2026-09-02
13958643,18500.0,9.825580063659602,Toyota,Prius,2016,10,,1,,1,Sedan,Hybrid,Automatic,White,used,1,Mass_Market,Kampot,Tier_3,individual,1,0,2026-09-02 15:27:19,2026-09-02T09:52:41.597393+00:00,2026-09-02
13961888,26500.0,10.184937747111391,Toyota,Prius,2017,9,,1,,1,Sedan,Petrol,Automatic,Silver,used,0,Mass_Market,Phnom Penh,Tier_1,store,0,0,2026-09-03 12:27:54,2026-09-03T07:15:46.795832+00:00,2026-09-03
13961968,23000.0,10.043292972227004,Toyota,Alphard,2013,13,,1,,1,MPV,Petrol,Automatic,Black,used,0,Mass_Market,Phnom Penh,Tier_1,store,0,0,2026-09-03 12:44:24,2026-09-03T07:15:05.618282+00:00,2026-09-03
13961977,23000.0,10.043292972227004,Toyota,Alphard,2013,13,,1,,1,MPV,Petrol,Automatic,White,used,0,Mass_Market,Phnom Penh,Tier_1,store,0,0,2026-09-03 12:46:44,2026-09-03T07:15:00.666644+00:00,2026-09-03
13962024,22000.0,9.99884318585288,Toyota,Alphard,2012,14,,1,,1,MPV,Petrol,Automatic,White,used,0,Mass_Market,Phnom Penh,Tier_1,store,1,0,2026-09-03 12:59:35,2026-09-03T07:14:42.965459+00:00,2026-09-03
13962281,10300.0,9.239996256883693,Toyota,Tacoma,2004,22,,1,,1,Pickup,Petrol,Automatic,White,used,1,Mass_Market,Phnom Penh,Tier_1,store,0,0,2026-09-03 13:51:57,2026-09-03T07:13:14.996329+00:00,2026-09-03
13966054,38450.0,10.557139982397933,Toyota,Alphard,2015,11,,1,,1,MPV,Hybrid,Automatic,White,used,1,Mass_Market,Phnom Penh,Tier_1,individual,0,0,2026-09-04 12:14:38,2026-09-04T07:19:58.346583+00:00,2026-09-04
13966104,10300.0,9.239996256883693,Toyota,Tacoma,2004,22,,1,,1,Pickup,Petrol,Automatic,White,used,1,Mass_Market,Phnom Penh,Tier_1,store,0,0,2026-09-04 12:23:12,2026-09-04T07:19:34.339630+00:00,2026-09-04
13966122,2900.0,7.972810784121404,Toyota,Corolla,1996,30,,1,,1,Sedan,Petrol,Automatic,White,used,1,Mass_Market,Phnom Penh,Tier_1,individual,0,0,2026-09-04 12:29:23,2026-09-05T07:01:07.699797+00:00,2026-09-05
13966984,24500.0,10.106469212026385,Toyota,Prius,2018,8,,1,,1,Sedan,Hybrid,Automatic,Grey,used,0,Mass_Market,Phnom Penh,Tier_1,store,0,0,2026-09-04 15:18:54,2026-09-06T07:09:53.310547+00:00,2026-09-06
13969798,10500.0,9.259225769705994,Toyota,Prius,2007,19,,1,,1,Sedan,Petrol,Automatic,Grey,used,1,Mass_Market,Phnom Penh,Tier_1,store,0,0,2026-09-05 11:55:43,2026-09-05T07:02:30.290368+00:00,2026-09-05
13969914,21500.0,9.975854724662028,Toyota,Raize,2026,0,,1,,1,SUV,Petrol,Automatic,Red,used,1,Mass_Market,Phnom Penh,Tier_1,store,0,0,2026-09-05 12:29:12,2026-09-05T07:00:48.273157+00:00,2026-09-05
13970164,13500.0,9.510519035757246,Toyota,Highlander,2003,23,,1,,1,SUV,Petrol,Automatic,Silver,used,1,Mass_Market,Phnom Penh,Tier_1,store,0,0,2026-09-05 13:25:03,2026-09-05T06:58:48.211632+00:00,2026-09-05
13970268,51000.0,10.839600519357369,Toyota,Land Cruiser,2019,7,,1,,1,SUV,Petrol,Automatic,White,used,1,Mass_Market,Phnom Penh,Tier_1,individual,0,0,2026-09-05 13:50:03,2026-09-06T07:09:28.436435+00:00,2026-09-06
13970905,15000.0,9.61587214452889,Toyota,Prius,2013,13,,1,,1,Sedan,Hybrid,Automatic,Blue,used,1,Mass_Market,Phnom Penh,Tier_1,store,0,0,2026-09-05 16:55:06,2026-09-06T07:14:16.322866+00:00,2026-09-06
13973240,34500.0,10.448743588106625,Toyota,Tacoma,2016,10,20000,0,,1,Pickup,Petrol,Automatic,White,used,1,Mass_Market,Phnom Penh,Tier_1,store,1,0,2026-09-06 12:03:38,2026-09-06T07:12:27.188308+00:00,2026-09-06
13973616,28500.0,10.25769445336048,Toyota,Alphard,2015,11,,1,,1,MPV,Petrol,Automatic,White,used,1,Mass_Market,Phnom Penh,Tier_1,store,0,0,2026-09-06 13:22:57,2026-09-06T07:10:36.206481+00:00,2026-09-06
13435056,46200.0,10.740756721857226,Toyota,Hilux Revo,2026,0,,1,,1,Pickup,Diesel,Automatic,White,new,0,Mass_Market,Phnom Penh,Tier_1,store,0,0,2026-04-24 08:43:52,2026-09-06T07:11:39.618787+00:00,2026-09-06
13700723,37500.0,10.53212287826962,Toyota,Hilux Rally,2021,5,52500,0,,1,Pickup,Diesel,Automatic,White,used,1,Mass_Market,Phnom Penh,Tier_1,individual,0,0,2026-06-27 10:27:31,2026-09-03T07:17:13.542322+00:00,2026-09-03
13855470,15900.0,9.674137279312397,Toyota,Wigo,2026,0,100000,0,1000,0,Hatchback,Petrol,Automatic,Red,new,0,Mass_Market,Phnom Penh,Tier_1,store,0,0,2026-08-06 13:18:48,2026-09-02T09:53:48.495573+00:00,2026-09-02
13857036,28400.0,10.254179634797001,Toyota,Veloz,2026,0,100000,0,1500,0,MPV,Petrol,Automatic,Red,new,0,Mass_Market,Phnom Penh,Tier_1,store,0,0,2026-08-06 20:03:45,2026-09-02T09:53:45.432547+00:00,2026-09-02
13898097,2250.0,7.719129840906732,Toyota,BZ3,2024,2,,1,0,0,Sedan,Electric,Automatic,White,new,0,Mass_Market,Phnom Penh,Tier_1,store,1,0,2026-08-17 19:38:32,2026-09-04T07:18:47.185946+00:00,2026-09-04
13951073,3150.0,8.055475141757274,Toyota,Avalon,2000,26,,1,,1,Sedan,Petrol,Automatic,Black,used,1,Mass_Market,Phnom Penh,Tier_1,individual,0,1,2026-08-31 17:55:38,2026-09-03T07:15:21.947420+00:00,2026-09-03
13559662,11500.0,9.350189267092581,Toyota,Tacoma,2002,24,,1,,1,Pickup,Petrol,,Gold,used,1,Mass_Market,Phnom Penh,Tier_1,store,0,0,2026-05-24 11:30:27,2026-09-06T07:14:01.371495+00:00,2026-09-06
13606084,16900.0,9.735128070758227,Toyota,Prius,2010,16,,1,,1,Hatchback,Hybrid,,Grey,used,0,Mass_Market,Phnom Penh,Tier_1,individual,0,0,2026-06-04 12:22:44,2026-09-05T06:58:19.931423+00:00,2026-09-05
13839532,16500.0,9.711176264112805,Toyota,Prius,2013,13,,1,,1,Hatchback,Hybrid,,White,used,0,Mass_Market,Phnom Penh,Tier_1,store,0,0,2026-08-02 14:11:17,2026-09-05T07:03:07.968494+00:00,2026-09-05
13853332,23900.0,10.081675578048475,Toyota,Prius,2018,8,,1,0,0,Hatchback,Electric,,Blue,used,0,Mass_Market,Phnom Penh,Tier_1,store,0,0,2026-08-05 21:36:10,2026-09-02T09:55:08.551577+00:00,2026-09-02
13901305,11500.0,9.350189267092581,Toyota,Prius,2007,19,,1,,1,Sedan,Petrol,,White,used,1,Mass_Market,Kandal,Tier_2,individual,0,0,2026-08-18 15:23:44,2026-09-05T07:03:37.481058+00:00,2026-09-05
13925910,33000.0,10.404293143019792,Toyota,Alphard,2015,11,,1,,1,MPV,Petrol,,White,used,1,Mass_Market,Phnom Penh,Tier_1,individual,0,0,2026-08-25 11:01:31,2026-09-03T09:12:24.728795+00:00,2026-09-03
13936265,13500.0,9.510519035757246,Toyota,Prius,2010,16,,1,,1,Sedan,Hybrid,,Gold,used,1,Mass_Market,Kandal,Tier_2,individual,1,0,2026-08-27 17:03:59,2026-09-03T09:12:33.521099+00:00,2026-09-03
13953481,15950.0,9.677276802172448,Toyota,Camry,2007,19,,1,,1,Sedan,Petrol,,White,used,1,Mass_Market,Phnom Penh,Tier_1,store,0,0,2026-09-01 12:39:35,2026-09-05T07:02:15.329117+00:00,2026-09-05
13953650,18000.0,9.798182590890704,Toyota,Alphard,2010,16,,1,,1,MPV,Petrol,,Black,used,1,Mass_Market,Siem Reap,Tier_2,individual,0,0,2026-09-01 13:09:49,2026-09-03T09:13:06.430141+00:00,2026-09-03
13966183,17800.0,9.787009914477434,Toyota,Prius,2013,13,,1,,1,Sedan,Hybrid,,White,used,0,Mass_Market,Phnom Penh,Tier_1,individual,0,0,2026-09-04 12:43:07,2026-09-04T07:18:47.486221+00:00,2026-09-04
13971087,17800.0,9.787009914477434,Toyota,Prius,2014,12,,1,,1,Sedan,Hybrid,,White,used,0,Mass_Market,Phnom Penh,Tier_1,individual,0,0,2026-09-05 17:50:54,2026-09-06T07:11:51.865385+00:00,2026-09-06
13556804,14800.0,9.60245002503719,Toyota,Sienna,2004,22,,1,,1,MPV,Petrol,Automatic,White,used,1,Mass_Market,Phnom Penh,Tier_1,store,0,0,2026-05-23 13:27:45,2026-09-06T07:11:17.404363+00:00,2026-09-06
13726444,17799.0,9.786953736280177,Toyota,Prius,2011,15,,1,,1,Hatchback,Hybrid,Automatic,White,used,1,Mass_Market,Phnom Penh,Tier_1,individual,0,0,2026-07-03 21:52:07,2026-09-03T09:13:05.169854+00:00,2026-09-03
13761469,10500.0,9.259225769705994,Toyota,Prius,2009,17,,1,,1,Hatchback,Hybrid,Automatic,Green,used,1,Mass_Market,Phnom Penh,Tier_1,individual,0,0,2026-07-12 18:45:34,2026-09-02T09:51:52.877358+00:00,2026-09-02
13785991,27650.0,10.227417172661774,Toyota,Land Cruiser,2009,17,,1,,1,SUV,Petrol,Automatic,Gold,used,1,Mass_Market,Phnom Penh,Tier_1,store,0,0,2026-07-19 10:39:46,2026-09-06T07:12:44.672477+00:00,2026-09-06
13799460,12900.0,9.465060106725137,Toyota,Prius,2007,19,,1,,1,Hatchback,Hybrid,Automatic,White,used,0,Mass_Market,Phnom Penh,Tier_1,store,1,0,2026-07-22 17:07:50,2026-09-06T07:14:11.345857+00:00,2026-09-06
13953687,19200.0,9.862717639992917,Toyota,Prius,2014,12,,1,,1,Hatchback,Hybrid,Automatic,White,used,0,Mass_Market,Phnom Penh,Tier_1,individual,0,0,2026-09-01 13:17:19,2026-09-03T09:13:02.644768+00:00,2026-09-03
13958289,16300.0,9.69898173460629,Toyota,Prius,2012,14,,1,,1,Hatchback,Hybrid,Automatic,White,used,0,Mass_Market,Phnom Penh,Tier_1,store,0,0,2026-09-02 14:28:55,2026-09-02T09:53:56.784841+00:00,2026-09-02
13962144,18000.0,9.798182590890704,Toyota,Prius,2014,12,,1,,1,Hatchback,Hybrid,Automatic,Grey,used,0,Mass_Market,Phnom Penh,Tier_1,store,0,0,2026-09-03 13:20:49,2026-09-03T07:13:51.351289+00:00,2026-09-03
13962159,12800.0,9.45727857185611,Toyota,Prius,2009,17,209214,0,,1,Hatchback,Hybrid,Automatic,Gold,used,0,Mass_Market,Phnom Penh,Tier_1,store,0,0,2026-09-03 13:23:41,2026-09-03T07:13:58.571258+00:00,2026-09-03
13876232,6600.0,8.79497643168877,Chevrolet,Spark,2011,15,,1,,1,,Petrol,Automatic,Silver,used,0,Mass_Market,Phnom Penh,Tier_1,store,0,0,2026-08-12 02:06:06,2026-09-06T07:13:54.384531+00:00,2026-09-06
13888264,6500.0,8.77971129020447,Chevrolet,Spark,2012,14,,1,,1,Sedan,Petrol,Automatic,White,used,1,Mass_Market,Kandal,Tier_2,individual,0,0,2026-08-15 08:30:30,2026-09-04T07:19:22.582874+00:00,2026-09-04
13954630,17396.0,9.764053056544551,Chevrolet,Tracker,2022,4,20000,0,,1,SUV,Petrol,Automatic,Silver,used,1,Mass_Market,Phnom Penh,Tier_1,store,0,0,2026-09-01 16:13:51,2026-09-03T07:15:48.790728+00:00,2026-09-03
13967435,22900.0,10.038935856711177,Chevrolet,Colorado,2020,6,,1,,1,Pickup,Diesel,Automatic,Black,used,1,Mass_Market,Phnom Penh,Tier_1,store,0,0,2026-09-04 16:52:25,2026-09-05T06:59:59.732151+00:00,2026-09-05
13951975,21800.0,9.989711119284745,Chevrolet,Tracker,2024,2,19600,0,,1,,Diesel,Automatic,Silver,used,1,Mass_Market,Phnom Penh,Tier_1,individual,0,0,2026-09-01 08:42:45,2026-09-03T09:12:02.089696+00:00,2026-09-03
13969734,22000.0,9.99884318585288,Chevrolet,Colorado,2016,10,,1,,1,Pickup,Diesel,,Silver,used,1,Mass_Market,Phnom Penh,Tier_1,individual,0,0,2026-09-05 11:41:25,2026-09-05T07:03:21.391924+00:00,2026-09-05
13643088,91900.0,11.428467189677395,Denza,N9,2025,1,,1,,1,SUV,Hybrid,Automatic,Black,used,1,Chinese_EV,Phnom Penh,Tier_1,store,0,0,2026-06-13 11:25:37,2026-09-06T07:10:16.594524+00:00,2026-09-06
13568052,20800.0,9.942756341456828,GTV,ផ្សេងៗ,2026,0,,1,,1,Sedan,Hybrid,Automatic,White,new,0,Chinese_EV,Phnom Penh,Tier_1,individual,0,0,2026-05-26 10:59:59,2026-09-03T09:13:07.063010+00:00,2026-09-03
13568061,20800.0,9.942756341456828,GTV,ផ្សេងៗ,2026,0,,1,,1,Sedan,Hybrid,Automatic,Black,new,0,Chinese_EV,Phnom Penh,Tier_1,store,0,0,2026-05-26 11:01:29,2026-09-02T09:51:43.045796+00:00,2026-09-02
13475590,15500.0,9.648659816955295,Hyundai,Starex,2013,13,,1,,1,MPV,Diesel,Automatic,Silver,used,0,Mass_Market,Phnom Penh,Tier_1,store,0,0,2026-05-04 14:10:47,2026-09-06T07:12:28.824576+00:00,2026-09-06
13879648,28800.0,10.268165387743457,Hyundai,Staria,2022,4,,1,,1,MPV,Diesel,Automatic,White,used,1,Mass_Market,Phnom Penh,Tier_1,store,0,0,2026-08-12 20:13:34,2026-09-06T07:12:52.600368+00:00,2026-09-06
13911899,15200.0,9.62911649414402,Hyundai,Starex,2016,10,,1,,1,MPV,Diesel,Automatic,Black,used,1,Mass_Market,Phnom Penh,Tier_1,individual,0,0,2026-08-21 13:46:10,2026-09-06T07:11:26.426628+00:00,2026-09-06
13966161,10700.0,9.278092474027002,Hyundai,Starex,2012,14,,1,,1,MPV,,Automatic,Black,used,1,Mass_Market,Phnom Penh,Tier_1,individual,1,0,2026-09-04 12:39:15,2026-09-04T07:18:54.979813+00:00,2026-09-04
13865651,26800.0,10.196194479235656,Hyundai,Starex,2022,4,,1,,1,MPV,Diesel,Automatic,,used,1,Mass_Market,Phnom Penh,Tier_1,store,0,0,2026-08-09 09:06:58,2026-09-02T09:54:45.101411+00:00,2026-09-02
13899990,3600.0,8.188966863648876,Hyundai,Starex,2001,25,,1,,1,MPV,Diesel,,White,used,1,Mass_Market,Phnom Penh,Tier_1,store,0,0,2026-08-18 11:01:12,2026-09-04T07:16:58.786344+00:00,2026-09-04
13931649,21800.0,9.989711119284745,Changan,Q05,2026,0,,1,0,0,SUV,Electric,Automatic,,new,0,Chinese_EV,Phnom Penh,Tier_1,individual,0,0,2026-08-26 15:25:37,2026-09-05T07:03:58.754699+00:00,2026-09-05
13654435,24999.0,10.126631103850338,Changan,ផ្សេងៗ,2026,0,,1,0,0,SUV,Electric,Automatic,Silver,new,0,Chinese_EV,Phnom Penh,Tier_1,individual,0,0,2026-06-16 10:18:05,2026-09-03T07:16:47.726475+00:00,2026-09-03
13873611,21100.0,9.957075711706057,MG,GS,2025,1,,1,,1,SUV,Petrol,Automatic,White,used,1,Chinese_EV,Phnom Penh,Tier_1,individual,0,1,2026-08-11 11:23:32,2026-09-03T09:12:33.377340+00:00,2026-09-03
13426205,575000.0,13.26212705890841,Rolls-Royce,Cullinan,2020,6,,1,,1,SUV,Petrol,Automatic,Black,new,0,Luxury,Phnom Penh,Tier_1,store,0,0,2026-04-22 10:27:43,2026-09-06T07:12:51.189097+00:00,2026-09-06
13383616,38580.0,10.560515206289688,GAC,GN8,2025,1,,1,,1,MPV,Petrol,Automatic,Black,used,1,Chinese_EV,Phnom Penh,Tier_1,store,0,0,2026-04-07 10:15:41,2026-09-03T07:16:59.333868+00:00,2026-09-03
13660358,25500.0,10.146472946063877,GAC,M6,2025,1,,1,,1,MPV,Petrol,Automatic,Black,new,0,Chinese_EV,Phnom Penh,Tier_1,store,0,0,2026-06-17 15:57:20,2026-09-02T09:52:05.220280+00:00,2026-09-02
13914456,29800.0,10.30229722897745,GAC,GS8,2025,1,,1,,1,SUV,Petrol,Automatic,White,used,1,Chinese_EV,Phnom Penh,Tier_1,store,0,0,2026-08-22 10:50:02,2026-09-03T07:17:50.698034+00:00,2026-09-03
13953165,20500.0,9.928228944424575,GAC,GS4,2025,1,,1,,1,SUV,Petrol,Automatic,Black,new,0,Chinese_EV,Phnom Penh,Tier_1,individual,0,0,2026-09-01 11:55:21,2026-09-03T09:14:34.249416+00:00,2026-09-03
13810635,49990.0,10.819598268208338,GAC,GA8,2024,2,,1,,1,MPV,Hybrid,Automatic,,new,0,Chinese_EV,Phnom Penh,Tier_1,store,0,0,2026-07-25 18:15:37,2026-09-02T09:54:44.352229+00:00,2026-09-02
13958788,22999.0,10.043249494911286,Aion,Aion i60,2026,0,,1,0,0,SUV,Electric,,White,new,0,Chinese_EV,Phnom Penh,Tier_1,store,0,0,2026-09-02 15:58:15,2026-09-02T09:52:11.938394+00:00,2026-09-02
13734717,22800.0,10.034559673629849,Aion,Aion i60,2026,0,,1,0,0,SUV,Electric,Automatic,White,new,0,Chinese_EV,Phnom Penh,Tier_1,store,0,0,2026-07-06 11:00:03,2026-09-06T07:13:40.171401+00:00,2026-09-06
13302527,6200.0,8.732465848349879,Suzuki,Celerio,2013,13,,1,,1,,Petrol,Automatic,White,used,1,Mass_Market,Phnom Penh,Tier_1,individual,0,0,2026-03-17 21:03:56,2026-09-04T07:22:18.503512+00:00,2026-09-04
13456358,31000.0,10.34177474101152,Audi,Q7,2017,9,,1,,1,SUV,Petrol,Automatic,White,used,1,Luxury,Phnom Penh,Tier_1,store,0,0,2026-04-29 11:24:42,2026-09-06T07:14:19.806118+00:00,2026-09-06
13856234,3500.0,8.160803920954665,Audi,A7,2013,13,,1,,1,Sedan,Petrol,Automatic,Black,used,0,Luxury,Phnom Penh,Tier_1,individual,0,0,2026-08-06 15:39:01,2026-09-03T07:13:12.511704+00:00,2026-09-03
13885577,12000.0,9.392745258631441,Audi,Q7,2013,13,,1,,1,SUV,Diesel,,White,used,1,Luxury,Phnom Penh,Tier_1,individual,0,0,2026-08-14 12:17:04,2026-09-06T07:10:36.836949+00:00,2026-09-06
13278369,49800.0,10.815790343132422,Lexus,RX300,2017,9,,1,2000,0,SUV,Petrol,Automatic,Blue,used,0,Luxury,Phnom Penh,Tier_1,store,0,0,2026-03-12 00:36:29,2026-09-02T09:54:44.647000+00:00,2026-09-02
13359939,18500.0,9.825580063659602,Lexus,RX330,2004,22,,1,,1,SUV,Petrol,Automatic,Gold,used,1,Luxury,Phnom Penh,Tier_1,store,0,0,2026-04-01 10:57:27,2026-09-06T07:13:00.849448+00:00,2026-09-06
13374547,49800.0,10.815790343132422,Lexus,LX570,2011,15,,1,,1,SUV,Petrol,Automatic,Black,used,1,Luxury,Phnom Penh,Tier_1,store,0,0,2026-04-04 20:44:54,2026-09-02T09:51:16.857732+00:00,2026-09-02
13374575,58500.0,10.97679912709094,Lexus,LX570,2014,12,70000,0,,1,SUV,Petrol,Automatic,Black,used,1,Luxury,Phnom Penh,Tier_1,store,0,0,2026-04-04 20:55:13,2026-09-05T07:04:18.656696+00:00,2026-09-05
13440428,98700.0,11.499850357082506,Lexus,LX570,2016,10,,1,,1,SUV,Petrol,Automatic,White,used,1,Luxury,Phnom Penh,Tier_1,store,1,0,2026-04-25 12:53:21,2026-09-02T09:52:21.287188+00:00,2026-09-02
13541697,27800.0,10.2328272702548,Lexus,RX350,2010,16,,1,,1,SUV,Petrol,Automatic,Gold,used,1,Luxury,Phnom Penh,Tier_1,store,1,0,2026-05-20 09:25:50,2026-09-06T07:14:20.334716+00:00,2026-09-06
13559006,23800.0,10.077482875583607,Lexus,RX330,2007,19,,1,,1,SUV,Petrol,Automatic,White,used,1,Luxury,Phnom Penh,Tier_1,individual,0,0,2026-05-24 08:53:23,2026-09-04T07:18:14.624902+00:00,2026-09-04
13573912,33500.0,10.419330568113901,Lexus,NX200t,2015,11,,1,,1,SUV,Petrol,Automatic,White,used,1,Luxury,Phnom Penh,Tier_1,store,1,0,2026-05-27 15:53:58,2026-09-06T07:11:20.134618+00:00,2026-09-06
13614894,66000.0,11.097425172408931,Lexus,RX350,2017,9,,1,,1,SUV,Petrol,Automatic,Grey,used,1,Luxury,Phnom Penh,Tier_1,store,1,0,2026-06-06 13:57:54,2026-09-06T07:10:10.744810+00:00,2026-09-06
13649647,68000.0,11.127277689932466,Lexus,RX450h,2019,7,,1,,1,SUV,Hybrid,Automatic,White,used,0,Luxury,Phnom Penh,Tier_1,store,0,0,2026-06-15 09:47:42,2026-09-06T07:12:44.208801+00:00,2026-09-06
13677071,16900.0,9.735128070758227,Lexus,RX330,2004,22,,1,,1,SUV,Petrol,Automatic,Gold,used,1,Luxury,Phnom Penh,Tier_1,store,1,0,2026-06-22 00:02:46,2026-09-06T07:11:53.582698+00:00,2026-09-06
13747676,205000.0,12.230770136157428,Lexus,LX600,2024,2,10000,0,,1,SUV,Petrol,Automatic,Black,used,1,Luxury,Phnom Penh,Tier_1,store,1,0,2026-07-09 11:05:21,2026-09-03T07:13:21.864939+00:00,2026-09-03
13772043,28900.0,10.27163147557801,Lexus,NX200t,2016,10,,1,,1,SUV,Petrol,Automatic,Black,used,1,Luxury,Phnom Penh,Tier_1,store,1,0,2026-07-15 13:25:42,2026-09-05T06:58:46.976316+00:00,2026-09-05
13838605,34800.0,10.457401400981889,Lexus,LX570,2008,18,,1,,1,SUV,Petrol,Automatic,Gold,used,1,Luxury,Phnom Penh,Tier_1,store,0,0,2026-08-02 10:38:49,2026-09-02T09:53:21.982989+00:00,2026-09-02
13872933,16500.0,9.711176264112805,Lexus,RX350,2007,19,,1,,1,Hatchback,Petrol,Manual,Silver,used,1,Luxury,Phnom Penh,Tier_1,individual,0,0,2026-08-11 09:25:18,2026-09-03T07:14:46.923588+00:00,2026-09-03
13898046,32000.0,10.373522431293592,Lexus,NX200t,2016,10,30000,0,,1,SUV,Petrol,Automatic,White,used,1,Luxury,Phnom Penh,Tier_1,individual,1,0,2026-08-17 19:09:27,2026-09-02T09:52:30.739227+00:00,2026-09-02
13909517,18900.0,9.846970109700957,Lexus,RX330,2004,22,,1,,1,SUV,Petrol,Automatic,White,used,1,Luxury,Phnom Penh,Tier_1,store,1,0,2026-08-20 20:41:29,2026-09-02T09:51:25.530663+00:00,2026-09-02
13950999,9900.0,9.200391041122515,Lexus,RX300,2002,24,,1,,1,SUV,Petrol,Automatic,White,used,1,Luxury,Phnom Penh,Tier_1,store,0,0,2026-08-31 17:25:01,2026-09-02T09:55:44.047146+00:00,2026-09-02
13955605,61500.0,11.026808713825016,Lexus,RX350,2016,10,,1,,1,SUV,Petrol,Automatic,Black,used,0,Luxury,Phnom Penh,Tier_1,store,1,0,2026-09-01 22:20:59,2026-09-06T07:13:09.480386+00:00,2026-09-06
13959358,24500.0,10.106469212026385,Lexus,RX350,2013,13,,1,,1,SUV,Petrol,Automatic,White,used,1,Luxury,Kampong Cham,Tier_2,individual,0,0,2026-09-02 18:26:15,2026-09-03T07:14:19.345458+00:00,2026-09-03
13961984,16800.0,9.729193687429403,Lexus,RX330,2004,22,,1,,1,SUV,Petrol,Automatic,White,used,1,Luxury,Phnom Penh,Tier_1,individual,0,0,2026-09-03 12:47:34,2026-09-03T07:14:57.370702+00:00,2026-09-03
13963132,65500.0,11.089820688682373,Lexus,RX450h,2018,8,,1,,1,SUV,Hybrid,Automatic,White,used,0,Luxury,Phnom Penh,Tier_1,store,1,0,2026-09-03 16:12:16,2026-09-06T07:12:52.634655+00:00,2026-09-06
13970747,22800.0,10.034559673629849,Lexus,RX350,2010,16,,1,,1,SUV,Petrol,Automatic,White,used,1,Luxury,Phnom Penh,Tier_1,individual,0,0,2026-09-05 16:02:22,2026-09-06T07:12:44.283380+00:00,2026-09-06
13370999,275000.0,12.524530013005734,Lexus,LM,2026,0,,1,,1,MPV,Hybrid,Automatic,White,new,0,Luxury,Phnom Penh,Tier_1,store,0,0,2026-04-03 21:46:24,2026-09-02T09:51:55.344984+00:00,2026-09-02
13617730,27600.0,10.225607282932941,Lexus,NX200t,2015,11,,1,,1,SUV,Petrol,Automatic,Grey,used,1,Luxury,Phnom Penh,Tier_1,store,1,0,2026-06-07 11:46:26,2026-09-05T07:02:41.770809+00:00,2026-09-05
13798890,29500.0,10.292179440058462,Lexus,IS,2016,10,,1,,1,Sedan,Petrol,Automatic,White,used,0,Luxury,Phnom Penh,Tier_1,store,1,0,2026-07-22 15:00:38,2026-09-02T09:53:17.436557+00:00,2026-09-02
13843711,115000.0,11.652696102959753,Lexus,LM,2022,4,,1,,1,MPV,Hybrid,Automatic,Black,used,1,Luxury,Phnom Penh,Tier_1,store,0,0,2026-08-03 15:07:12,2026-09-05T06:59:51.617159+00:00,2026-09-05
13860152,15700.0,9.661479683575521,Lexus,HS,2010,16,,1,,1,Sedan,Hybrid,Automatic,Blue,used,1,Luxury,Phnom Penh,Tier_1,individual,0,1,2026-08-07 15:12:54,2026-09-03T07:17:02.285944+00:00,2026-09-03
13911887,240000.0,12.388398368982115,Lexus,LM,2026,0,,1,2500,0,MPV,Hybrid,Automatic,Silver,new,0,Luxury,Phnom Penh,Tier_1,individual,0,0,2026-08-21 13:43:01,2026-09-05T06:58:39.390575+00:00,2026-09-05
13928353,23500.0,10.064798252418377,Lexus,IS,2016,10,,1,,1,Sedan,Petrol,Automatic,White,used,1,Luxury,Phnom Penh,Tier_1,store,0,0,2026-08-25 19:22:08,2026-09-04T07:17:19.419311+00:00,2026-09-04
13935770,24500.0,10.106469212026385,Lexus,IS,2016,10,,1,,1,Sedan,Petrol,Automatic,Grey,used,1,Luxury,Phnom Penh,Tier_1,individual,1,1,2026-08-27 15:52:40,2026-09-02T09:52:50.969396+00:00,2026-09-02
13958410,14200.0,9.561067663645012,Lexus,GS,2006,20,,1,,1,Sedan,Petrol,Automatic,White,used,1,Luxury,Phnom Penh,Tier_1,store,1,0,2026-09-02 14:47:01,2026-09-02T09:53:33.176964+00:00,2026-09-02
13958464,77680.0,11.260365976208814,Lexus,NX450h+,2022,4,,1,,1,SUV,Hybrid,Automatic,White,new,0,Luxury,Phnom Penh,Tier_1,individual,1,0,2026-09-02 14:56:22,2026-09-02T09:53:25.561485+00:00,2026-09-02
13970108,14500.0,9.581972891547895,Lexus,IS,2006,20,,1,,1,Sedan,Petrol,Automatic,White,used,1,Luxury,Phnom Penh,Tier_1,store,0,0,2026-09-05 13:14:04,2026-09-05T06:59:06.111215+00:00,2026-09-05
13865387,9900.0,9.200391041122515,Lexus,LX470,2002,24,,1,,1,Coupe,LPG,,White,used,1,Luxury,Phnom Penh,Tier_1,individual,0,0,2026-08-09 06:53:35,2026-09-06T07:13:53.733604+00:00,2026-09-06
13666287,9500.0,9.15915233520675,Lexus,LX470,1998,28,,1,,1,SUV,,Automatic,Gold,used,1,Luxury,Phnom Penh,Tier_1,store,0,0,2026-06-19 08:40:19,2026-09-02T09:54:09.111693+00:00,2026-09-02
13927432,34800.0,10.457401400981889,Lexus,NX200t,2016,10,128747,0,,1,SUV,,,White,used,0,Luxury,Phnom Penh,Tier_1,store,0,0,2026-08-25 15:28:16,2026-09-06T07:09:15.197236+00:00,2026-09-06
13955269,19300.0,9.867912187022208,Lexus,HS,2010,16,,1,,1,,Hybrid,Automatic,Red,used,1,Luxury,Phnom Penh,Tier_1,store,0,0,2026-09-01 19:24:47,2026-09-06T07:09:31.240774+00:00,2026-09-06
13420435,22500.0,10.021315031649332,Lexus,RC,2016,10,,1,,1,,,Automatic,Silver,used,1,Luxury,Phnom Penh,Tier_1,store,1,0,2026-04-21 01:40:15,2026-09-06T07:10:41.181794+00:00,2026-09-06
13716161,19500.0,9.87822102528824,Lexus,RX330,2004,22,,1,,1,SUV,,Automatic,White,used,1,Luxury,Phnom Penh,Tier_1,store,0,0,2026-07-01 12:15:10,2026-09-06T07:13:07.109388+00:00,2026-09-06
13714359,30200.0,10.315630315397533,Lexus,NX200t,2015,11,,1,,1,SUV,Petrol,,White,used,1,Luxury,Phnom Penh,Tier_1,individual,1,1,2026-06-30 21:40:49,2026-09-06T07:13:03.119205+00:00,2026-09-06
13948952,12500.0,9.433563920090563,Lexus,GS,2006,20,,1,,1,,Petrol,,White,used,1,Luxury,Phnom Penh,Tier_1,individual,0,0,2026-08-31 10:06:49,2026-09-04T07:19:25.872023+00:00,2026-09-04
13904769,57800.0,10.96476135554887,Geely,ផ្សេងៗ,2026,0,1300,0,0,0,SUV,Electric,,Black,new,0,Chinese_EV,Phnom Penh,Tier_1,store,0,0,2026-08-19 14:17:20,2026-09-02T09:54:08.378225+00:00,2026-09-02
13864033,23999.0,10.085809109330082,Geely,Starray,2026,0,,1,,1,SUV,Petrol,Automatic,White,used,1,Chinese_EV,Phnom Penh,Tier_1,individual,0,0,2026-08-08 15:33:59,2026-09-03T09:12:24.693988+00:00,2026-09-03
13695636,36000.0,10.491301994830229,Dodge,Viper RT/10,2016,10,,1,,1,Coupe,Petrol,Automatic,Blue,used,1,Other,Phnom Penh,Tier_1,store,0,0,2026-06-26 08:04:42,2026-09-06T07:12:18.816446+00:00,2026-09-06
13341309,22888.0,10.038411724792649,Mercedes-Benz,Maybach,2015,11,,1,3000,0,Sedan,Petrol,Automatic,Silver,used,1,Luxury,Phnom Penh,Tier_1,store,0,0,2026-03-27 10:14:44,2026-09-04T07:16:01.857842+00:00,2026-09-04
13345717,58000.0,10.968215530759236,Mercedes-Benz,Maybach,2014,12,,1,4600,0,Sedan,Petrol,Automatic,Black,used,1,Luxury,Phnom Penh,Tier_1,store,0,0,2026-03-28 13:12:22,2026-09-06T07:12:37.449636+00:00,2026-09-06
13414068,230000.0,12.345838935721968,Mercedes-Benz,G-Class,2020,6,,1,,1,SUV,Petrol,Automatic,Black,used,0,Luxury,Phnom Penh,Tier_1,store,0,0,2026-04-19 11:36:55,2026-09-04T07:15:58.080326+00:00,2026-09-04
13652547,18500.0,9.825580063659602,Mercedes-Benz,ML350,2012,14,,1,,1,SUV,Diesel,Automatic,Black,used,1,Luxury,Phnom Penh,Tier_1,individual,0,0,2026-06-15 18:38:43,2026-09-06T07:12:07.401536+00:00,2026-09-06
13850865,88500.0,11.390769130367211,Mercedes-Benz,GLS-Class,2020,6,,1,,1,SUV,Petrol,Automatic,Black,used,1,Luxury,Kandal,Tier_2,individual,0,0,2026-08-05 11:57:33,2026-09-03T09:13:18.389099+00:00,2026-09-03
13901851,38800.0,10.566201298475118,Mercedes-Benz,G-Class,2000,26,,1,3200,0,SUV,Petrol,Automatic,Blue,used,1,Luxury,Phnom Penh,Tier_1,individual,0,0,2026-08-18 17:16:39,2026-09-03T09:13:47.670577+00:00,2026-09-03
13932696,2500.0,7.824445930877619,Mercedes-Benz,S350,1995,31,,1,,1,Sedan,LPG,Automatic,Silver,used,1,Luxury,Phnom Penh,Tier_1,individual,0,0,2026-08-26 20:05:37,2026-09-02T09:51:33.556311+00:00,2026-09-02
13958439,100000.0,11.51293546492023,Mercedes-Benz,GT AMG,2020,6,40000,0,,1,Sedan,Petrol,Automatic,Blue,used,1,Luxury,Phnom Penh,Tier_1,store,0,0,2026-09-02 14:52:52,2026-09-02T09:53:27.048742+00:00,2026-09-02
13966177,48000.0,10.778977123006351,Mercedes-Benz,Maybach,2015,11,,1,,1,Sedan,Petrol,Automatic,Black,used,1,Luxury,Phnom Penh,Tier_1,individual,0,0,2026-09-04 12:42:09,2026-09-04T07:18:47.963043+00:00,2026-09-04
13970102,85000.0,11.350418300109132,Mercedes-Benz,GLS-Class,2020,6,,1,,1,SUV,Petrol,Automatic,White,used,1,Luxury,Phnom Penh,Tier_1,store,0,0,2026-09-05 13:13:00,2026-09-06T07:12:13.092222+00:00,2026-09-06
13275106,49800.0,10.815790343132422,Mercedes-Benz,S-Class,2015,11,,1,,1,Sedan,Petrol,Automatic,Black,used,0,Luxury,Phnom Penh,Tier_1,store,0,0,2026-03-11 10:02:12,2026-09-05T07:04:19.169203+00:00,2026-09-05
13889423,31000.0,10.34177474101152,Mercedes-Benz,G-Class,2004,22,,1,,1,,Petrol,Automatic,Grey,used,1,Luxury,Phnom Penh,Tier_1,store,0,0,2026-08-15 13:00:18,2026-09-04T07:18:47.054715+00:00,2026-09-04
13953594,3300.0,8.101980731853192,Mercedes-Benz,2000,2000,26,,1,,1,Sedan,Petrol,,Gold,used,1,Luxury,Phnom Penh,Tier_1,individual,0,0,2026-09-01 12:55:14,2026-09-02T09:54:39.407333+00:00,2026-09-02
13553053,21000.0,9.952325334619427,Mercedes-Benz,C-Class,2015,11,,1,,1,Sedan,,Automatic,Black,used,1,Luxury,Phnom Penh,Tier_1,individual,1,0,2026-05-22 15:00:30,2026-09-03T09:12:46.415850+00:00,2026-09-03
13903876,28900.0,10.27163147557801,Mercedes-Benz,C-Class,2015,11,,1,,1,Sedan,,Automatic,White,used,1,Luxury,Phnom Penh,Tier_1,store,0,0,2026-08-19 10:48:29,2026-09-06T07:10:44.666994+00:00,2026-09-06
13538595,195000.0,12.180759965737863,Porsche,911,2020,6,81,0,,1,Convertible,Petrol,Automatic,Grey,used,0,Luxury,Phnom Penh,Tier_1,store,0,0,2026-05-19 12:59:17,2026-09-03T07:14:42.363691+00:00,2026-09-03
13936527,28500.0,10.25769445336048,Porsche,Panamera,2014,12,,1,,1,Coupe,,,White,used,1,Luxury,Phnom Penh,Tier_1,store,0,1,2026-08-27 18:34:16,2026-09-06T07:10:06.313758+00:00,2026-09-06
13436562,42900.0,10.666650414667744,Jeep,Wrangler,2019,7,,1,,1,SUV,Petrol,Automatic,Grey,used,0,Mass_Market,Phnom Penh,Tier_1,store,0,0,2026-04-24 13:36:51,2026-09-03T07:13:22.778150+00:00,2026-09-03
13878824,56500.0,10.942013616092948,Jeep,Wrangler,2021,5,,1,,1,SUV,Petrol,Automatic,Black,used,1,Mass_Market,Phnom Penh,Tier_1,store,0,0,2026-08-12 15:31:37,2026-09-02T09:53:08.247057+00:00,2026-09-02
13908667,45000.0,10.714439990727769,Jeep,Rubicon,2020,6,,1,,1,SUV,Petrol,Automatic,Grey,used,0,Mass_Market,Phnom Penh,Tier_1,store,1,0,2026-08-20 15:14:25,2026-09-06T07:14:05.255306+00:00,2026-09-06
13913055,36500.0,10.505094936455558,Jeep,Wrangler,2018,8,,1,,1,SUV,Petrol,Automatic,Black,used,1,Mass_Market,Phnom Penh,Tier_1,store,0,0,2026-08-21 18:50:23,2026-09-04T07:17:28.023486+00:00,2026-09-04
13931485,59500.0,10.993748398115178,Jeep,Rubicon,2021,5,,1,,1,SUV,Petrol,Automatic,Black,used,1,Mass_Market,Phnom Penh,Tier_1,store,1,0,2026-08-26 15:04:21,2026-09-05T06:58:55.329327+00:00,2026-09-05
13938396,37500.0,10.53212287826962,Jeep,Wrangler,2018,8,,1,,1,SUV,Petrol,Automatic,Black,used,1,Mass_Market,Phnom Penh,Tier_1,individual,0,0,2026-08-28 11:38:46,2026-09-05T07:01:14.416415+00:00,2026-09-05
13946683,49800.0,10.815790343132422,Jeep,Rubicon,2020,6,,1,,1,SUV,Petrol,Automatic,White,used,1,Mass_Market,Phnom Penh,Tier_1,store,1,0,2026-08-30 15:53:47,2026-09-04T07:16:28.614474+00:00,2026-09-04
13957341,49000.0,10.799595985047786,Jeep,Wrangler,2021,5,80467,0,,1,,,,Black,used,0,Mass_Market,Phnom Penh,Tier_1,individual,0,0,2026-09-02 11:27:28,2026-09-05T07:02:38.783149+00:00,2026-09-05
13712376,13500.0,9.510519035757246,SsangYong,Istana - ធូរីស,2003,23,,1,,1,Station Wagon,Diesel,Manual,White,used,1,Other,Phnom Penh,Tier_1,store,0,0,2026-06-30 12:46:01,2026-09-06T07:13:32.484985+00:00,2026-09-06
13722924,17000.0,9.741027444837728,SsangYong,Rexton,2018,8,,1,,1,Pickup,Diesel,Automatic,Blue,used,0,Other,Phnom Penh,Tier_1,store,1,0,2026-07-03 07:34:58,2026-09-06T07:12:00.357318+00:00,2026-09-06
13896825,9500.0,9.15915233520675,SsangYong,Istana - ធូរីស,1999,27,,1,,1,MPV,Diesel,Manual,White,used,1,Other,Banteay Meanchey,Tier_3,individual,0,0,2026-08-17 13:46:12,2026-09-06T07:13:20.128357+00:00,2026-09-06
13973400,18800.0,9.841665338892785,SsangYong,Rexton,2018,8,,1,,1,Pickup,Diesel,Automatic,Black,used,0,Other,Phnom Penh,Tier_1,store,1,0,2026-09-06 12:42:40,2026-09-06T07:11:35.455331+00:00,2026-09-06
13883020,12500.0,9.433563920090563,SsangYong,Tivoli,2023,3,,1,,1,MPV,,Automatic,White,used,0,Other,Phnom Penh,Tier_1,individual,0,0,2026-08-13 16:39:12,2026-09-03T07:12:38.167797+00:00,2026-09-03
13945607,28100.0,10.243560441877241,Volvo,XC90,2016,10,63000,0,2000,0,SUV,Petrol,Automatic,,used,1,Luxury,Phnom Penh,Tier_1,individual,0,0,2026-08-30 11:17:39,2026-09-03T09:13:11.526593+00:00,2026-09-03
13344723,9600.0,9.169622538697624,Kia,Morning,2014,12,,1,,1,Sedan,Petrol,Automatic,White,used,0,Mass_Market,Phnom Penh,Tier_1,store,1,0,2026-03-28 09:29:35,2026-09-06T07:12:04.152150+00:00,2026-09-06
13560992,39500.0,10.584081267024454,Kia,Carnival,2021,5,,1,,1,MPV,Diesel,Automatic,Black,used,0,Mass_Market,Phnom Penh,Tier_1,individual,0,0,2026-05-24 17:26:13,2026-09-05T06:59:13.733829+00:00,2026-09-05
13613700,8700.0,9.071193240566025,Kia,Morning,2012,14,,1,,1,Sedan,Petrol,Automatic,Grey,used,0,Mass_Market,Phnom Penh,Tier_1,store,1,0,2026-06-06 09:41:36,2026-09-05T06:59:16.189043+00:00,2026-09-05
13655202,9800.0,9.19023970026918,Kia,Morning,2015,11,,1,,1,Sedan,Petrol,Automatic,White,used,0,Mass_Market,Siem Reap,Tier_2,store,1,0,2026-06-16 13:03:58,2026-09-06T07:10:38.564453+00:00,2026-09-06
13806114,24999.0,10.126631103850338,Kia,Seltos,2025,1,81,0,,1,SUV,Petrol,Automatic,White,used,1,Mass_Market,Phnom Penh,Tier_1,individual,0,0,2026-07-24 14:03:09,2026-09-02T09:53:07.557472+00:00,2026-09-02
13919273,7900.0,8.974744612722734,Kia,Morning,2012,14,,1,,1,Sedan,Petrol,Automatic,Grey,used,0,Mass_Market,Phnom Penh,Tier_1,store,0,0,2026-08-23 15:52:34,2026-09-04T07:17:54.128167+00:00,2026-09-04
13937394,44800.0,10.709985739582528,Kia,Carnival,2025,1,,1,,1,MPV,Petrol,Automatic,Grey,used,1,Mass_Market,Phnom Penh,Tier_1,store,1,0,2026-08-28 08:37:44,2026-09-02T09:56:01.596923+00:00,2026-09-02
13957913,7700.0,8.94910546953925,Kia,Morning,2012,14,,1,,1,SUV,Petrol,Automatic,White,used,1,Mass_Market,Phnom Penh,Tier_1,store,0,0,2026-09-02 13:24:27,2026-09-02T09:55:21.281169+00:00,2026-09-02
13973563,7700.0,8.94910546953925,Kia,Morning,2012,14,,1,,1,SUV,Petrol,Automatic,White,used,1,Mass_Market,Phnom Penh,Tier_1,store,0,0,2026-09-06 13:17:48,2026-09-06T07:10:43.960666+00:00,2026-09-06
13959201,1500.0,7.313886831633462,Kia,Visto,1999,27,,1,,1,Sedan,Petrol,Automatic,Black,used,1,Mass_Market,Kandal,Tier_2,individual,0,0,2026-09-02 17:32:00,2026-09-03T07:17:34.423821+00:00,2026-09-03
13953424,19500.0,9.87822102528824,Kia,Carnival,2015,11,,1,,1,MPV,Diesel,Automatic,White,used,0,Mass_Market,Phnom Penh,Tier_1,individual,0,0,2026-09-01 12:33:03,2026-09-03T09:13:34.068159+00:00,2026-09-03
13953854,17500.0,9.770013301136158,Kia,Carnival,2015,11,,1,,1,MPV,Diesel,Automatic,Grey,used,0,Mass_Market,Phnom Penh,Tier_1,individual,0,0,2026-09-01 13:52:05,2026-09-03T09:12:44.292840+00:00,2026-09-03
13958539,3250.0,8.086717920303906,Kia,Morning,2004,22,,1,,1,Sedan,Petrol,Automatic,,used,1,Mass_Market,Phnom Penh,Tier_1,individual,0,0,2026-09-02 15:10:16,2026-09-02T09:52:59.264588+00:00,2026-09-02
13806757,9000.0,9.105090961257085,Kia,Ray,2012,14,,1,,1,,,,,used,0,Mass_Market,Phnom Penh,Tier_1,individual,0,0,2026-07-24 16:09:50,2026-09-03T09:14:00.804354+00:00,2026-09-03
13855703,1650.0,7.409136443920128,Kia,Visto,1999,27,,1,,1,,,Automatic,Red,used,1,Mass_Market,Phnom Penh,Tier_1,store,0,0,2026-08-06 14:02:39,2026-09-04T07:17:00.405808+00:00,2026-09-04
13807126,25500.0,10.146472946063877,Tesla,Model Y,2020,6,80467,0,0,0,SUV,Electric,Automatic,White,used,0,Other,Phnom Penh,Tier_1,store,0,0,2026-07-24 17:58:50,2026-09-05T07:01:08.731676+00:00,2026-09-05
13966109,17400.0,9.76428295481558,Tesla,Model 3,2018,8,,1,0,0,Sedan,Electric,Automatic,White,used,1,Other,Phnom Penh,Tier_1,individual,0,0,2026-09-04 12:25:20,2026-09-04T07:19:29.844508+00:00,2026-09-04
13715715,17900.0,9.792611856190192,Tesla,Model 3,2019,7,300,0,0,0,,,,Grey,used,0,Other,Phnom Penh,Tier_1,store,0,0,2026-07-01 10:44:16,2026-09-02T09:55:15.785575+00:00,2026-09-02
13870407,46666.0,10.750792555754964,BYD,XIA,2025,1,16000,0,0,0,MPV,Hybrid,Automatic,Black,used,1,Chinese_EV,Phnom Penh,Tier_1,individual,1,0,2026-08-10 14:00:19,2026-09-03T09:12:53.900925+00:00,2026-09-03
13941450,3990.0,8.291797105048733,Toyota,Camry,2007,19,,1,,1,Sedan,Petrol,Automatic,White,used,1,Mass_Market,Phnom Penh,Tier_1,individual,0,1,2026-08-29 09:08:36,2026-09-05T06:58:16.519589+00:00,2026-09-05
13315285,8800.0,9.082620630373812,Honda,Accord,2008,18,,1,,1,Sedan,Petrol,Automatic,Black,used,1,Mass_Market,Phnom Penh,Tier_1,store,0,0,2026-03-20 16:08:52,2026-09-02T09:51:16.812973+00:00,2026-09-02
13955266,4200.0,8.343077871169383,Honda,Fit,2013,13,,1,,1,Sedan,Petrol,Automatic,Grey,used,1,Mass_Market,Phnom Penh,Tier_1,individual,0,1,2026-09-01 19:23:18,2026-09-03T07:12:32.091699+00:00,2026-09-03
13949321,22900.0,10.038935856711177,Mitsubishi,Xpander,2023,3,,1,1500,0,,,,White,used,1,Mass_Market,Phnom Penh,Tier_1,store,0,0,2026-08-31 11:09:23,2026-09-06T07:11:48.157303+00:00,2026-09-06
13970086,5500.0,8.612685172875459,WULING,ផ្សេងៗ,2015,11,,1,,1,MPV,Petrol,Manual,Silver,used,1,Other,Phnom Penh,Tier_1,store,0,0,2026-09-05 13:10:13,2026-09-05T06:59:11.647351+00:00,2026-09-05
13500874,41500.0,10.633472802314019,Ford,Ranger Wildtrak,2023,3,,1,2000,0,Pickup,Diesel,Automatic,Grey,used,0,Mass_Market,Phnom Penh,Tier_1,individual,0,0,2026-05-10 18:53:37,2026-09-05T07:01:41.443576+00:00,2026-09-05
13514126,44900.0,10.712215345197256,Ford,Ranger Wildtrak,2023,3,,1,,1,Pickup,Diesel,Automatic,Black,used,1,Mass_Market,Phnom Penh,Tier_1,individual,0,0,2026-05-13 18:13:30,2026-09-04T07:21:19.023813+00:00,2026-09-04
13766273,22500.0,10.021315031649332,Ford,Ranger,2017,9,,1,,1,Pickup,Diesel,Automatic,Silver,used,1,Mass_Market,Phnom Penh,Tier_1,store,0,0,2026-07-14 07:15:41,2026-09-02T09:55:25.459222+00:00,2026-09-02
13809894,12888.0,9.46412951340478,Ford,Everest,2011,15,,1,,1,SUV,Diesel,Automatic,Silver,used,1,Mass_Market,Phnom Penh,Tier_1,individual,0,0,2026-07-25 14:31:41,2026-09-05T07:00:32.268484+00:00,2026-09-05
13830774,44500.0,10.703266939811954,Ford,Ranger Raptor,2022,4,,1,,1,Pickup,Diesel,Automatic,Black,used,1,Mass_Market,Phnom Penh,Tier_1,individual,0,0,2026-07-30 21:51:46,2026-09-03T09:13:18.587932+00:00,2026-09-03
13953902,55000.0,10.915106645867503,Ford,Ranger Raptor,2023,3,28000,0,,1,Pickup,Petrol,Automatic,Black,used,1,Mass_Market,Phnom Penh,Tier_1,individual,0,0,2026-09-01 14:00:24,2026-09-04T07:16:51.371373+00:00,2026-09-04
13954710,39888.0,10.593855875645637,Ford,Ranger Raptor,2022,4,,1,,1,Pickup,Diesel,Automatic,White,used,1,Mass_Market,Phnom Penh,Tier_1,store,0,0,2026-09-01 16:29:20,2026-09-05T07:01:41.452513+00:00,2026-09-05
13955665,40900.0,10.61890979160975,Ford,Ranger Raptor,2022,4,,1,,1,Pickup,Diesel,Automatic,White,used,1,Mass_Market,Phnom Penh,Tier_1,store,0,0,2026-09-01 23:06:50,2026-09-06T07:10:45.997198+00:00,2026-09-06
13969864,38999.0,10.571316925111784,Ford,Ranger Raptor,2022,4,,1,,1,Pickup,Diesel,Automatic,White,used,1,Mass_Market,Phnom Penh,Tier_1,store,0,0,2026-09-05 12:16:59,2026-09-05T07:01:15.080378+00:00,2026-09-05
13516550,16500.0,9.711176264112805,Ford,F350,2008,18,,1,,1,Pickup,Diesel,Automatic,Blue,used,1,Mass_Market,Phnom Penh,Tier_1,store,1,0,2026-05-14 12:27:43,2026-09-04T07:19:21.543663+00:00,2026-09-04
13547446,14700.0,9.595670797663967,Ford,Ecosport,2019,7,,1,,1,SUV,Petrol,Automatic,White,used,1,Mass_Market,Phnom Penh,Tier_1,individual,0,1,2026-05-21 12:08:15,2026-09-03T07:17:33.749637+00:00,2026-09-03
13641060,13500.0,9.510519035757246,Ford,Ecosport,2020,6,,1,,1,SUV,Petrol,Automatic,White,used,1,Mass_Market,Preah Sihanouk,Tier_2,individual,0,0,2026-06-12 19:17:24,2026-09-06T07:10:46.130609+00:00,2026-09-06
13969239,13500.0,9.510519035757246,Ford,Ecosport,2019,7,,1,,1,SUV,Petrol,Automatic,White,used,1,Mass_Market,Phnom Penh,Tier_1,store,0,0,2026-09-05 10:11:44,2026-09-06T07:11:32.249422+00:00,2026-09-06
13892191,41900.0,10.643064971973882,Ford,Ranger Raptor,2022,4,,1,,1,Pickup,Diesel,Automatic,White,used,1,Mass_Market,Phnom Penh,Tier_1,individual,0,0,2026-08-16 10:48:21,2026-09-03T09:13:28.836548+00:00,2026-09-03
13862655,27500.0,10.221977646629885,Ford,Ranger Wildtrak,2017,9,,1,3200,0,Pickup,Diesel,Automatic,,used,1,Mass_Market,Phnom Penh,Tier_1,store,0,0,2026-08-08 10:35:29,2026-09-03T07:17:57.984497+00:00,2026-09-03
13648100,50500.0,10.829748417047593,Ford,Ranger Raptor,2023,3,,1,3000,0,Pickup,Petrol,,Black,used,1,Mass_Market,Phnom Penh,Tier_1,store,0,0,2026-06-14 18:19:31,2026-09-03T07:13:57.759538+00:00,2026-09-03
13812350,55000.0,10.915106645867503,Ford,Everest,2023,3,,1,,1,SUV,Diesel,,White,used,1,Mass_Market,Kandal,Tier_2,individual,0,0,2026-07-26 12:03:49,2026-09-05T07:02:44.915645+00:00,2026-09-05
13895904,59000.0,10.985309671896763,Ford,Ranger Raptor,2023,3,,1,,1,Pickup,Petrol,,White,used,1,Mass_Market,Kampong Cham,Tier_2,individual,0,0,2026-08-17 10:40:09,2026-09-06T07:09:17.936687+00:00,2026-09-06
13970193,31800.0,10.367253014814716,Ford,Ranger,2021,5,,1,,1,Pickup,Diesel,,White,used,1,Mass_Market,Phnom Penh,Tier_1,store,0,0,2026-09-05 13:30:25,2026-09-05T06:58:28.635314+00:00,2026-09-05
13738215,32500.0,10.389026137075234,Ford,Aerostar,2020,6,,1,,1,,,,Grey,used,1,Mass_Market,Phnom Penh,Tier_1,store,0,0,2026-07-07 08:24:36,2026-09-06T07:13:21.368952+00:00,2026-09-06
13870495,75500.0,11.231901180182515,Ram,1500,2025,1,,1,,1,Pickup,Petrol,Automatic,Black,used,1,Other,Phnom Penh,Tier_1,individual,0,0,2026-08-10 14:18:40,2026-09-03T09:13:11.533096+00:00,2026-09-03
13798626,78500.0,11.270866642542865,Ram,TRX,2021,5,,1,,1,Pickup,Petrol,,Black,used,1,Other,Phnom Penh,Tier_1,store,0,0,2026-07-22 14:09:17,2026-09-04T07:20:52.258790+00:00,2026-09-04
13512147,21900.0,9.994287576862567,BMW,X5,2015,11,,1,,1,SUV,Diesel,Automatic,White,used,1,Luxury,Phnom Penh,Tier_1,store,0,0,2026-05-13 11:56:52,2026-09-04T07:16:25.409063+00:00,2026-09-04
13301679,11500.0,9.350189267092581,BMW,I3,2015,11,,1,0,0,Hatchback,Electric,Automatic,Grey,used,0,Luxury,Phnom Penh,Tier_1,store,0,0,2026-03-17 16:50:28,2026-09-02T09:52:27.996399+00:00,2026-09-02
13909833,26000.0,10.165890277802454,BMW,4 Series,2015,11,,1,,1,,,Automatic,Black,used,1,Luxury,Phnom Penh,Tier_1,individual,0,0,2026-08-20 23:46:27,2026-09-03T07:16:49.021940+00:00,2026-09-03
13935661,288000.0,12.570719231334277,Lamborghini,Urus,2020,6,,1,4000,0,SUV,Petrol,Automatic,Black,used,0,Luxury,Phnom Penh,Tier_1,individual,1,0,2026-08-27 15:21:27,2026-09-03T09:13:48.445266+00:00,2026-09-03
13349349,39800.0,10.591647316585027,Land Rover,Range Rover Vogue,2014,12,,1,,1,SUV,Diesel,Automatic,White,used,1,Luxury,Phnom Penh,Tier_1,store,1,0,2026-03-29 16:06:41,2026-09-02T09:54:22.245190+00:00,2026-09-02
13607747,18900.0,9.846970109700957,Land Rover,Range Rover Vogue,2014,12,,1,,1,SUV,Diesel,Automatic,White,used,1,Luxury,Phnom Penh,Tier_1,store,0,0,2026-06-04 17:19:02,2026-09-04T07:16:28.582390+00:00,2026-09-04
13957951,25000.0,10.12667110305036,Land Rover,Range Rover,2015,11,,1,,1,SUV,Petrol,Manual,Black,used,1,Luxury,Phnom Penh,Tier_1,store,0,0,2026-09-02 13:36:11,2026-09-02T09:55:02.178717+00:00,2026-09-02
13958393,25500.0,10.146472946063877,Land Rover,Range Rover Vogue,2014,12,,1,,1,SUV,Petrol,Automatic,Black,used,1,Luxury,Phnom Penh,Tier_1,store,0,0,2026-09-02 14:45:26,2026-09-02T09:53:33.745063+00:00,2026-09-02
13669358,35000.0,10.463131911491967,Land Rover,Discovery,2017,9,,1,,1,,Diesel,Automatic,White,used,1,Luxury,Phnom Penh,Tier_1,store,0,0,2026-06-19 19:29:05,2026-09-02T09:51:41.726339+00:00,2026-09-02
13953747,13500.0,9.510519035757246,Land Rover,Range Rover Vogue,2014,12,,1,,1,,Petrol,Automatic,Silver,used,1,Luxury,Phnom Penh,Tier_1,individual,0,0,2026-09-01 13:26:13,2026-09-03T09:12:57.159638+00:00,2026-09-03
13763264,58000.0,10.968215530759236,Land Rover,Defender 110,2021,5,,1,,1,SUV,Petrol,,Grey,used,1,Luxury,Phnom Penh,Tier_1,store,0,0,2026-07-13 11:33:15,2026-09-04T07:20:52.187396+00:00,2026-09-04
13471658,23500.0,10.064798252418377,Land Rover,Range Rover Vogue,2013,13,,1,,1,,,,White,used,1,Luxury,Phnom Penh,Tier_1,store,0,0,2026-05-03 12:09:00,2026-09-06T07:12:12.553397+00:00,2026-09-06
13747200,25800.0,10.158168529848494,ផ្សេងៗ,Deepal S05,2026,0,,1,0,0,SUV,Electric,Automatic,Black,new,0,Other,Phnom Penh,Tier_1,individual,0,0,2026-07-09 09:41:36,2026-09-03T09:12:52.185428+00:00,2026-09-03
13938829,29800.0,10.30229722897745,ផ្សេងៗ,,2025,1,,1,,1,SUV,Hybrid,Automatic,Black,used,1,Other,Phnom Penh,Tier_1,store,0,0,2026-08-28 13:05:46,2026-09-05T07:00:06.483980+00:00,2026-09-05
13961292,25500.0,10.146472946063877,ផ្សេងៗ,,2026,0,120000,0,0,0,SUV,Electric,Automatic,Black,new,0,Other,Phnom Penh,Tier_1,store,0,0,2026-09-03 10:35:55,2026-09-05T06:58:07.509284+00:00,2026-09-05
13330347,36999.0,10.51867319162636,ផ្សេងៗ,,2025,1,,1,0,0,,Electric,Automatic,White,new,0,Other,Phnom Penh,Tier_1,individual,0,0,2026-03-24 15:20:55,2026-09-03T07:14:27.312844+00:00,2026-09-03
13773254,13900.0,9.539716058977092,ផ្សេងៗ,,2026,0,,1,0,0,,Electric,Automatic,White,new,0,Other,Phnom Penh,Tier_1,store,0,0,2026-07-15 17:24:25,2026-09-06T07:14:19.185831+00:00,2026-09-06
13899684,43000.0,10.668978650219241,AVATR,AVATR 11,2025,1,8000,0,0,0,SUV,Electric,Automatic,Black,used,1,Chinese_EV,Phnom Penh,Tier_1,store,0,0,2026-08-18 10:07:15,2026-09-05T07:00:26.817198+00:00,2026-09-05
13572780,42300.0,10.652566005416872,AVATR,AVATR 07,2026,0,,1,0,0,SUV,Electric,Automatic,Black,new,0,Chinese_EV,Phnom Penh,Tier_1,store,0,0,2026-05-27 11:52:08,2026-09-06T07:09:35.211656+00:00,2026-09-06
13692990,42500.0,10.657282884047461,AVATR,AVATR 07,2026,0,,1,0,0,SUV,Electric,Manual,Black,new,0,Chinese_EV,Phnom Penh,Tier_1,store,0,0,2026-06-25 12:40:56,2026-09-06T07:11:52.005086+00:00,2026-09-06
13797460,38900.0,10.568775236216993,AVATR,AVATR 07,2026,0,,1,0,0,SUV,Electric,Automatic,Black,new,0,Chinese_EV,Phnom Penh,Tier_1,store,0,0,2026-07-22 10:20:22,2026-09-06T07:12:35.965537+00:00,2026-09-06
13958763,99900.0,11.511934974596555,Cadillac,Escalade ESV,2021,5,,1,6200,0,SUV,Petrol,Automatic,White,used,1,Luxury,Phnom Penh,Tier_1,store,0,0,2026-09-02 15:53:30,2026-09-02T09:52:18.334492+00:00,2026-09-02
13902158,49500.0,10.809748150372926,Cadillac,Escalade,2015,11,,1,,1,SUV,Petrol,Automatic,White,used,1,Luxury,Phnom Penh,Tier_1,store,1,0,2026-08-18 19:09:02,2026-09-03T07:16:54.350529+00:00,2026-09-03
13549844,19000.0,9.852246888342531,FORTHING,T5 EVO,2025,1,,1,,1,SUV,Petrol,Automatic,Orange,used,1,Other,Phnom Penh,Tier_1,individual,0,0,2026-05-21 21:46:44,2026-09-03T09:13:56.589159+00:00,2026-09-03
13399969,28900.0,10.27163147557801,Mazda,BT-50,2022,4,,1,,1,Pickup,Diesel,Automatic,Black,used,1,Mass_Market,Phnom Penh,Tier_1,store,0,1,2026-04-11 20:13:38,2026-09-06T07:13:51.666060+00:00,2026-09-06
13736901,30312.0,10.31933194238916,Mazda,BT-50,2022,4,,1,,1,Pickup,Diesel,Automatic,White,used,1,Mass_Market,Phnom Penh,Tier_1,store,0,0,2026-07-06 18:13:01,2026-09-06T07:12:59.209605+00:00,2026-09-06
13909557,23800.0,10.077482875583607,Mazda,BT-50,2019,7,,1,3200,0,Pickup,Diesel,Automatic,White,used,1,Mass_Market,Phnom Penh,Tier_1,store,0,0,2026-08-20 21:05:12,2026-09-05T07:00:52.167767+00:00,2026-09-05
13940685,28977.0,10.274292200380668,Mazda,BT-50,2019,7,40000,0,3200,0,Pickup,Diesel,Automatic,White,used,1,Mass_Market,Phnom Penh,Tier_1,store,0,0,2026-08-28 22:13:10,2026-09-02T09:54:38.078467+00:00,2026-09-02
13917546,36500.0,10.505094936455558,Mazda,EZ-60,2025,1,,1,,1,SUV,Hybrid,Automatic,Grey,used,1,Mass_Market,Phnom Penh,Tier_1,store,0,0,2026-08-23 09:17:54,2026-09-02T09:56:02.170678+00:00,2026-09-02
13961852,43800.0,10.687411927154141,Mazda,EZ-60,2025,1,1200,0,,1,SUV,Hybrid,Automatic,White,used,1,Mass_Market,Phnom Penh,Tier_1,store,0,0,2026-09-03 12:22:37,2026-09-03T07:15:56.091445+00:00,2026-09-03
13836855,22900.0,10.038935856711177,Mazda,Mazda6,2018,8,90000,0,,1,Sedan,,Automatic,White,used,1,Mass_Market,Phnom Penh,Tier_1,individual,1,0,2026-08-01 17:01:59,2026-09-06T07:11:01.273195+00:00,2026-09-06
13680583,5500.0,8.612685172875459,Nissan,ផ្សេងៗ,2005,21,,1,,1,,Petrol,Automatic,Black,used,1,Mass_Market,Phnom Penh,Tier_1,store,0,0,2026-06-22 17:56:34,2026-09-03T07:17:49.849400+00:00,2026-09-03
13922652,17500.0,9.770013301136158,Volkswagen,Multivan,2018,8,,1,2000,0,MPV,Diesel,Automatic,Grey,used,1,Mass_Market,Kandal,Tier_2,individual,0,0,2026-08-24 14:22:25,2026-09-03T09:13:18.483313+00:00,2026-09-03
13969974,20500.0,9.928228944424575,Volkswagen,Jetta,2023,3,2023,0,,1,,,,White,used,1,Mass_Market,Phnom Penh,Tier_1,store,0,0,2026-09-05 12:45:08,2026-09-05T07:00:06.971124+00:00,2026-09-05
13370600,18500.0,9.825580063659602,Toyota,Tundra,2007,19,,1,,1,Pickup,Petrol,Automatic,White,used,1,Mass_Market,Phnom Penh,Tier_1,store,0,0,2026-04-03 18:49:25,2026-09-05T06:57:47.268865+00:00,2026-09-05
13435107,23100.0,10.047631185616188,Toyota,Raize,2026,0,,1,,1,SUV,Petrol,Automatic,White,new,0,Mass_Market,Phnom Penh,Tier_1,store,0,0,2026-04-24 09:01:04,2026-09-05T07:01:06.740799+00:00,2026-09-05
13475069,19900.0,9.898525260706313,Toyota,Highlander,2006,20,,1,,1,SUV,Petrol,Automatic,White,used,1,Mass_Market,Phnom Penh,Tier_1,store,0,0,2026-05-04 12:02:22,2026-09-06T07:13:13.931232+00:00,2026-09-06
13559743,8700.0,9.071193240566025,Toyota,Tacoma,1999,27,,1,,1,Pickup,Petrol,Automatic,Black,used,1,Mass_Market,Phnom Penh,Tier_1,store,0,0,2026-05-24 11:48:20,2026-09-06T07:12:35.645489+00:00,2026-09-06
13569911,59800.0,10.998777662206932,Toyota,Land Cruiser,2016,10,,1,,1,SUV,Petrol,Automatic,White,used,1,Mass_Market,Phnom Penh,Tier_1,store,0,0,2026-05-26 17:13:33,2026-09-06T07:10:17.669594+00:00,2026-09-06
13642834,16500.0,9.711176264112805,Toyota,Highlander,2002,24,,1,,1,SUV,Petrol,Manual,White,used,1,Mass_Market,Phnom Penh,Tier_1,store,0,0,2026-06-13 10:39:47,2026-09-04T07:18:05.628725+00:00,2026-09-04
13724150,18800.0,9.841665338892785,Toyota,Prius,2014,12,,1,,1,Hatchback,Hybrid,Automatic,Grey,used,0,Mass_Market,Phnom Penh,Tier_1,store,0,0,2026-07-03 11:30:30,2026-09-06T07:10:41.869322+00:00,2026-09-06
13735963,29999.0,10.308952660644293,Toyota,Hilux Revo,2016,10,,1,,1,Pickup,Diesel,Automatic,Black,used,1,Mass_Market,Phnom Penh,Tier_1,store,0,0,2026-07-06 14:25:18,2026-09-06T07:10:28.905271+00:00,2026-09-06
13736365,51100.0,10.841559345471941,Toyota,Hilux Revo,2027,0,,1,,1,Pickup,Diesel,Automatic,Black,new,0,Mass_Market,Phnom Penh,Tier_1,store,0,0,2026-07-06 15:54:44,2026-09-05T06:58:49.656925+00:00,2026-09-05
13753060,39900.0,10.594156665220533,Toyota,Hilux,2027,0,100000,0,2800,0,Pickup,Diesel,Automatic,Grey,new,0,Mass_Market,Phnom Penh,Tier_1,store,0,0,2026-07-10 14:49:22,2026-09-06T07:11:15.948252+00:00,2026-09-06
13797868,11500.0,9.350189267092581,Toyota,Prius,2009,17,,1,,1,Hatchback,Hybrid,Automatic,Silver,used,1,Mass_Market,Phnom Penh,Tier_1,store,0,0,2026-07-22 11:34:11,2026-09-06T07:09:38.580835+00:00,2026-09-06
13804528,14000.0,9.546884034617925,Toyota,Highlander,2002,24,,1,,1,SUV,Petrol,Automatic,Gold,used,1,Mass_Market,Phnom Penh,Tier_1,store,0,0,2026-07-24 08:52:32,2026-09-05T07:04:18.105149+00:00,2026-09-05
13805881,13500.0,9.510519035757246,Toyota,Prius,2010,16,,1,,1,Hatchback,Hybrid,Automatic,Silver,used,1,Mass_Market,Phnom Penh,Tier_1,individual,1,0,2026-07-24 13:11:00,2026-09-03T09:13:25.541675+00:00,2026-09-03
13848058,8700.0,9.071193240566025,Toyota,Prius,2006,20,,1,,1,Hatchback,Hybrid,Automatic,Silver,used,1,Mass_Market,Phnom Penh,Tier_1,store,0,0,2026-08-04 15:46:44,2026-09-04T07:18:56.150583+00:00,2026-09-04
13849572,16700.0,9.723223876851618,Toyota,Highlander,2005,21,,1,,1,SUV,Petrol,Automatic,White,used,1,Mass_Market,Kandal,Tier_2,individual,0,0,2026-08-05 06:26:02,2026-09-05T06:59:57.806835+00:00,2026-09-05
13855486,21900.0,9.994287576862567,Toyota,Raize,2026,0,100000,0,1000,0,SUV,Petrol,Automatic,White,new,0,Mass_Market,Phnom Penh,Tier_1,store,0,0,2026-08-06 13:23:21,2026-09-02T09:53:48.590656+00:00,2026-09-02
13856842,21900.0,9.994287576862567,Toyota,Raize,2026,0,100000,0,1000,0,SUV,Petrol,Automatic,Grey,new,0,Mass_Market,Phnom Penh,Tier_1,store,0,0,2026-08-06 18:41:20,2026-09-02T09:53:47.341564+00:00,2026-09-02
13856911,22300.0,10.012386799492118,Toyota,Raize,2026,0,100000,0,1000,0,SUV,Petrol,Automatic,White,new,0,Mass_Market,Phnom Penh,Tier_1,store,0,0,2026-08-06 19:11:34,2026-09-02T09:53:45.600027+00:00,2026-09-02
13865982,19500.0,9.87822102528824,Toyota,Raize,2023,3,30000,0,,1,Hatchback,Petrol,Automatic,White,used,1,Mass_Market,Phnom Penh,Tier_1,store,0,0,2026-08-09 10:39:06,2026-09-06T07:09:53.574400+00:00,2026-09-06
13868416,26800.0,10.196194479235656,Toyota,Prius,2021,5,,1,,1,Hatchback,Hybrid,Automatic,White,used,0,Mass_Market,Phnom Penh,Tier_1,store,0,0,2026-08-10 07:39:30,2026-09-03T07:13:50.680565+00:00,2026-09-03
13886644,27500.0,10.221977646629885,Toyota,Land Cruiser,2011,15,,1,,1,SUV,Petrol,Automatic,White,used,1,Mass_Market,Phnom Penh,Tier_1,individual,0,0,2026-08-14 15:34:29,2026-09-02T09:53:34.447943+00:00,2026-09-02
13889240,17500.0,9.770013301136158,Toyota,Prius,2015,11,,1,,1,Hatchback,Hybrid,Automatic,White,used,0,Mass_Market,Siem Reap,Tier_2,store,0,0,2026-08-15 12:03:31,2026-09-03T07:15:16.620473+00:00,2026-09-03
13889775,11500.0,9.350189267092581,Toyota,Prius,2007,19,,1,,1,Sedan,Hybrid,Automatic,Grey,used,0,Mass_Market,Phnom Penh,Tier_1,individual,0,0,2026-08-15 14:34:43,2026-09-03T07:17:14.320023+00:00,2026-09-03
13901403,16000.0,9.680406499268875,Toyota,Prius,2014,12,,1,,1,Hatchback,Hybrid,Automatic,Grey,used,1,Mass_Market,Phnom Penh,Tier_1,individual,0,0,2026-08-18 15:43:02,2026-09-03T07:16:07.299240+00:00,2026-09-03
13906636,8950.0,9.099520536870939,Toyota,RAV4,2002,24,,1,,1,SUV,Petrol,Automatic,White,used,1,Mass_Market,Phnom Penh,Tier_1,store,0,0,2026-08-20 08:46:58,2026-09-06T07:12:08.580068+00:00,2026-09-06
13910692,10900.0,9.296609807128359,Toyota,Camry,2003,23,,1,,1,Sedan,Diesel,Automatic,Gold,used,1,Mass_Market,Phnom Penh,Tier_1,individual,0,1,2026-08-21 09:42:32,2026-09-04T07:17:09.477544+00:00,2026-09-04
13914233,8699.0,9.071078304642676,Toyota,Prius,2005,21,,1,,1,SUV,Hybrid,Automatic,Silver,used,1,Mass_Market,Phnom Penh,Tier_1,store,1,0,2026-08-22 10:08:14,2026-09-05T07:00:47.219207+00:00,2026-09-05
13915936,17100.0,9.746892220313054,Toyota,Prius,2011,15,,1,,1,Hatchback,Hybrid,Automatic,White,used,0,Mass_Market,Phnom Penh,Tier_1,store,1,0,2026-08-22 16:40:10,2026-09-04T07:20:20.994583+00:00,2026-09-04
13923277,15300.0,9.635673464721814,Toyota,Prius,2012,14,,1,,1,Sedan,Hybrid,Automatic,Blue,used,0,Mass_Market,Phnom Penh,Tier_1,store,0,0,2026-08-24 16:07:17,2026-09-02T09:52:45.563871+00:00,2026-09-02
13925830,10900.0,9.296609807128359,Toyota,Prius,2006,20,,1,,1,Sedan,Hybrid,Automatic,White,used,1,Mass_Market,Phnom Penh,Tier_1,individual,1,0,2026-08-25 10:46:36,2026-09-02T09:55:03.078345+00:00,2026-09-02
13927517,12800.0,9.45727857185611,Toyota,Hilux,1994,32,,1,,1,Pickup,Petrol,Automatic,Red,used,1,Mass_Market,Phnom Penh,Tier_1,store,0,0,2026-08-25 15:42:48,2026-09-03T07:13:39.002042+00:00,2026-09-03
13939480,26500.0,10.184937747111391,Toyota,Prius,2017,9,,1,,1,Hatchback,Hybrid,Automatic,Grey,used,1,Mass_Market,Phnom Penh,Tier_1,individual,0,0,2026-08-28 15:11:37,2026-09-05T06:58:48.219422+00:00,2026-09-05
13940485,17600.0,9.77571099759397,Toyota,Land Cruiser Prado,2004,22,,1,,1,SUV,Diesel,Automatic,Black,used,1,Mass_Market,Phnom Penh,Tier_1,individual,0,1,2026-08-28 20:50:43,2026-09-03T09:14:32.288490+00:00,2026-09-03
13942067,39900.0,10.594156665220533,Toyota,Alphard,2018,8,,1,,1,MPV,Petrol,Automatic,Black,used,1,Mass_Market,Phnom Penh,Tier_1,store,0,0,2026-08-29 10:52:29,2026-09-02T09:53:25.729971+00:00,2026-09-02
13943077,16200.0,9.692828247710418,Toyota,Camry,2007,19,,1,,1,Sedan,Hybrid,Automatic,White,used,1,Mass_Market,Phnom Penh,Tier_1,individual,0,0,2026-08-29 14:40:40,2026-09-05T06:59:59.748534+00:00,2026-09-05
13944710,11850.0,9.380167531188448,Toyota,Prius,2008,18,,1,,1,Sedan,Hybrid,Automatic,Grey,used,0,Mass_Market,Phnom Penh,Tier_1,store,0,0,2026-08-30 06:49:14,2026-09-02T09:51:31.623132+00:00,2026-09-02
13948341,14000.0,9.546884034617925,Toyota,Highlander,2002,24,,1,,1,SUV,Petrol,Automatic,White,used,1,Mass_Market,Phnom Penh,Tier_1,store,0,0,2026-08-31 08:32:44,2026-09-02T09:54:14.063139+00:00,2026-09-02
13951556,14200.0,9.561067663645012,Toyota,Prius,2010,16,,1,,1,Sedan,Hybrid,Automatic,White,used,0,Mass_Market,Phnom Penh,Tier_1,store,0,0,2026-08-31 22:02:55,2026-09-02T09:52:03.537737+00:00,2026-09-02
13951800,10950.0,9.301186055275759,Toyota,Highlander,2003,23,,1,,1,SUV,Petrol,Automatic,Gold,used,1,Mass_Market,Phnom Penh,Tier_1,store,0,0,2026-09-01 06:33:29,2026-09-03T07:18:33.885092+00:00,2026-09-03
13952928,46000.0,10.736418414365376,Toyota,Fortuner,2022,4,,1,,1,SUV,Diesel,Automatic,Grey,used,1,Mass_Market,Phnom Penh,Tier_1,individual,0,0,2026-09-01 11:20:14,2026-09-03T07:17:13.605792+00:00,2026-09-03
13953214,11111.0,9.31578088443418,Toyota,Highlander,2002,24,,1,,1,SUV,Petrol,Automatic,Red,used,1,Mass_Market,Phnom Penh,Tier_1,individual,0,0,2026-09-01 12:02:57,2026-09-03T09:14:07.469143+00:00,2026-09-03
13953744,4700.0,8.45553053102413,Toyota,Corolla,1999,27,,1,,1,Sedan,Petrol,Automatic,Silver,used,1,Mass_Market,Phnom Penh,Tier_1,individual,0,0,2026-09-01 13:25:49,2026-09-03T09:12:57.779047+00:00,2026-09-03
13955036,18800.0,9.841665338892785,Toyota,Prius,2015,11,,1,,1,Hatchback,Hybrid,Automatic,White,used,1,Mass_Market,Phnom Penh,Tier_1,store,0,0,2026-09-01 17:48:09,2026-09-06T07:13:16.735149+00:00,2026-09-06
13958046,29500.0,10.292179440058462,Toyota,Land Cruiser,2010,16,,1,,1,SUV,Petrol,Automatic,White,used,1,Mass_Market,Phnom Penh,Tier_1,individual,0,0,2026-09-02 13:59:53,2026-09-02T09:54:34.774921+00:00,2026-09-02
13960407,13200.0,9.488047863280759,Toyota,Highlander,2003,23,,1,,1,SUV,Petrol,Automatic,Silver,used,1,Mass_Market,Phnom Penh,Tier_1,individual,0,0,2026-09-03 07:00:36,2026-09-04T07:21:21.894887+00:00,2026-09-04
13961573,16800.0,9.729193687429403,Toyota,Camry,2007,19,,1,,1,Sedan,Hybrid,Automatic,White,used,1,Mass_Market,Phnom Penh,Tier_1,store,0,0,2026-09-03 11:34:34,2026-09-03T07:17:43.693735+00:00,2026-09-03
13961959,22800.0,10.034559673629849,Toyota,Alphard,2013,13,,1,,1,MPV,Petrol,Automatic,White,used,0,Mass_Market,Phnom Penh,Tier_1,store,0,0,2026-09-03 12:41:56,2026-09-03T07:15:09.120071+00:00,2026-09-03
13961974,7850.0,8.968396191198256,Toyota,Prius,2006,20,,1,,1,Sedan,Hybrid,Automatic,White,used,1,Mass_Market,Phnom Penh,Tier_1,individual,0,0,2026-09-03 12:46:22,2026-09-03T07:15:00.462025+00:00,2026-09-03
13963606,16800.0,9.729193687429403,Toyota,Prius,2010,16,,1,,1,Hatchback,Petrol,Automatic,White,used,0,Mass_Market,Phnom Penh,Tier_1,individual,0,0,2026-09-03 18:07:14,2026-09-04T07:17:22.907376+00:00,2026-09-04
13966619,13300.0,9.495594499353297,Toyota,Highlander,2001,25,,1,,1,SUV,Petrol,Automatic,Silver,used,1,Mass_Market,Phnom Penh,Tier_1,individual,0,0,2026-09-04 14:09:57,2026-09-04T07:16:29.233625+00:00,2026-09-04
13967926,15500.0,9.648659816955295,Toyota,Highlander,2004,22,,1,,1,SUV,Petrol,Automatic,Silver,used,1,Mass_Market,Phnom Penh,Tier_1,store,0,0,2026-09-04 20:10:33,2026-09-05T07:04:04.038411+00:00,2026-09-05
13969693,13990.0,9.546169544733285,Toyota,Highlander,2002,24,,1,,1,SUV,Petrol,Automatic,Silver,used,1,Mass_Market,Phnom Penh,Tier_1,store,0,0,2026-09-05 11:31:17,2026-09-05T07:03:42.905322+00:00,2026-09-05
13969782,15500.0,9.648659816955295,Toyota,Prius,2010,16,,1,,1,SUV,Petrol,Automatic,Silver,used,1,Mass_Market,Phnom Penh,Tier_1,store,0,0,2026-09-05 11:50:37,2026-09-05T07:02:46.111751+00:00,2026-09-05
13969840,2700.0,7.901377353792616,Toyota,Corolla,1996,30,,1,,1,Sedan,Petrol,Automatic,Red,used,1,Mass_Market,Phnom Penh,Tier_1,individual,0,0,2026-09-05 12:06:49,2026-09-05T07:01:38.189159+00:00,2026-09-05
13970048,15500.0,9.648659816955295,Toyota,Prius,2010,16,,1,,1,Sedan,Hybrid,Automatic,Grey,used,1,Mass_Market,Phnom Penh,Tier_1,store,0,0,2026-09-05 13:02:10,2026-09-05T06:59:33.123028+00:00,2026-09-05
13970201,11200.0,9.32375833901174,Toyota,Highlander,2002,24,,1,,1,SUV,Petrol,Automatic,Red,used,1,Mass_Market,Phnom Penh,Tier_1,store,0,0,2026-09-05 13:31:55,2026-09-05T06:58:27.389600+00:00,2026-09-05
13973077,28500.0,10.25769445336048,Toyota,Hilux Revo,2016,10,80000,0,3000,0,Pickup,Diesel,Automatic,White,used,1,Mass_Market,Phnom Penh,Tier_1,store,0,0,2026-09-06 11:25:45,2026-09-06T07:14:17.402301+00:00,2026-09-06
13973118,10500.0,9.259225769705994,Toyota,Highlander,2002,24,,1,,1,SUV,Petrol,Automatic,Silver,used,1,Mass_Market,Phnom Penh,Tier_1,individual,0,0,2026-09-06 11:36:48,2026-09-06T07:13:46.148263+00:00,2026-09-06
13973547,16500.0,9.711176264112805,Toyota,Prius,2012,14,,1,,1,Sedan,Hybrid,Automatic,Silver,used,1,Mass_Market,Phnom Penh,Tier_1,store,0,0,2026-09-06 13:16:50,2026-09-06T07:10:47.154789+00:00,2026-09-06
13973678,13500.0,9.510519035757246,Toyota,Highlander,2003,23,,1,,1,SUV,Petrol,Automatic,Gold,used,1,Mass_Market,Phnom Penh,Tier_1,store,0,0,2026-09-06 13:34:26,2026-09-06T07:10:06.081712+00:00,2026-09-06
13680127,44300.0,10.698762529141884,Toyota,Hilux,2023,3,,1,,1,Pickup,Diesel,Automatic,White,used,1,Mass_Market,Kandal,Tier_2,store,0,0,2026-06-22 16:06:49,2026-09-02T09:52:28.898276+00:00,2026-09-02
13720575,37500.0,10.53212287826962,Toyota,Hilux Revo,2020,6,,1,,1,Pickup,Diesel,Automatic,Black,used,1,Mass_Market,Phnom Penh,Tier_1,store,0,1,2026-07-02 12:54:27,2026-09-06T07:10:59.288283+00:00,2026-09-06
13881234,7100.0,8.867990898182093,Toyota,Scion,2006,20,,1,,1,Hatchback,Petrol,Automatic,Red,used,1,Mass_Market,Phnom Penh,Tier_1,individual,0,0,2026-08-13 10:20:18,2026-09-05T07:00:40.722072+00:00,2026-09-05
13933228,25500.0,10.146472946063877,Toyota,Plate Number,2025,1,19000,0,0,0,SUV,Electric,Manual,Black,used,1,Mass_Market,Preah Sihanouk,Tier_2,individual,0,0,2026-08-27 01:51:10,2026-09-05T07:00:52.025880+00:00,2026-09-05
13455499,13900.0,9.539716058977092,Toyota,Highlander,2001,25,,1,,1,SUV,,Automatic,Silver,used,0,Mass_Market,Phnom Penh,Tier_1,store,0,0,2026-04-29 09:21:25,2026-09-06T07:14:03.415016+00:00,2026-09-06
13551334,13300.0,9.495594499353297,Toyota,Prius,2008,18,,1,,1,Hatchback,,Automatic,White,used,1,Mass_Market,Phnom Penh,Tier_1,store,0,0,2026-05-22 10:19:31,2026-09-06T07:09:51.192217+00:00,2026-09-06
13932805,9500.0,9.15915233520675,Toyota,RAV4,2002,24,,1,,1,SUV,,Automatic,Silver,used,1,Mass_Market,Phnom Penh,Tier_1,store,0,0,2026-08-26 20:38:06,2026-09-06T07:09:50.446621+00:00,2026-09-06
13965636,17300.0,9.758519582283522,Toyota,Prius,2013,13,,1,,1,Hatchback,,Automatic,Grey,used,1,Mass_Market,Phnom Penh,Tier_1,store,0,0,2026-09-04 11:04:58,2026-09-06T07:09:48.553726+00:00,2026-09-06
13693888,11500.0,9.350189267092581,Toyota,Camry,2003,23,,1,,1,Sedan,,,Silver,used,1,Mass_Market,Phnom Penh,Tier_1,store,0,0,2026-06-25 15:45:33,2026-09-03T07:17:57.965091+00:00,2026-09-03
13861187,14300.0,9.568084743872936,Toyota,Sienna,2004,22,,1,,1,MPV,,,White,used,1,Mass_Market,Prey Veng,Tier_3,individual,0,0,2026-08-07 20:47:33,2026-09-05T06:58:36.803863+00:00,2026-09-05
13943104,17500.0,9.770013301136158,Toyota,Alphard,2010,16,,1,,1,MPV,,,White,used,1,Mass_Market,Banteay Meanchey,Tier_3,individual,0,0,2026-08-29 14:46:36,2026-09-03T07:14:12.074110+00:00,2026-09-03
13969986,9800.0,9.19023970026918,Toyota,Prius,2008,18,,1,,1,Hatchback,,,Grey,used,1,Mass_Market,Kandal,Tier_2,store,0,0,2026-09-05 12:48:56,2026-09-05T06:59:55.866728+00:00,2026-09-05
13973224,3300.0,8.101980731853192,Toyota,Corolla,1993,33,,1,,1,Sedan,,,Gold,used,1,Mass_Market,Phnom Penh,Tier_1,individual,0,0,2026-09-06 12:00:36,2026-09-06T07:12:33.414701+00:00,2026-09-06
13480692,10500.0,9.259225769705994,Toyota,RAV4,2002,24,,1,,1,SUV,Petrol,Automatic,White,used,1,Mass_Market,Phnom Penh,Tier_1,store,0,0,2026-05-05 18:52:44,2026-09-06T07:13:06.697049+00:00,2026-09-06
13666919,12800.0,9.45727857185611,Toyota,Highlander,2001,25,,1,,1,SUV,Petrol,Automatic,Gold,used,1,Mass_Market,Phnom Penh,Tier_1,store,0,0,2026-06-19 10:16:56,2026-09-06T07:10:10.164785+00:00,2026-09-06
13864949,40800.0,10.616461869895815,Toyota,Fortuner,2020,6,,1,,1,SUV,Diesel,Automatic,White,used,1,Mass_Market,Phnom Penh,Tier_1,individual,0,0,2026-08-08 21:33:44,2026-09-03T09:13:16.617664+00:00,2026-09-03
13939862,16300.0,9.69898173460629,Toyota,Prius,2010,16,,1,,1,Hatchback,Hybrid,Automatic,Grey,used,1,Mass_Market,Phnom Penh,Tier_1,individual,0,0,2026-08-28 16:27:53,2026-09-02T09:52:52.009436+00:00,2026-09-02
13953371,11299.0,9.332558004700433,Toyota,Prius,2007,19,,1,,1,Hatchback,Hybrid,Automatic,White,used,1,Mass_Market,Phnom Penh,Tier_1,individual,0,0,2026-09-01 12:30:12,2026-09-03T09:13:37.064254+00:00,2026-09-03
13953464,13900.0,9.539716058977092,Toyota,Highlander,2002,24,,1,,1,SUV,Petrol,Automatic,Silver,used,1,Mass_Market,Phnom Penh,Tier_1,individual,0,0,2026-09-01 12:37:50,2026-09-03T09:13:29.187091+00:00,2026-09-03
13962016,8700.0,9.071193240566025,Toyota,Camry,2002,24,,1,,1,Sedan,Petrol,Automatic,Gold,used,1,Mass_Market,Phnom Penh,Tier_1,individual,0,0,2026-09-03 12:56:56,2026-09-03T07:14:28.049896+00:00,2026-09-03
13965288,10500.0,9.259225769705994,Toyota,Prius,2008,18,,1,,1,Hatchback,Petrol,Automatic,White,used,1,Mass_Market,Phnom Penh,Tier_1,store,0,0,2026-09-04 10:12:05,2026-09-06T07:11:09.583954+00:00,2026-09-06
13961899,3900.0,8.268988209506656,Toyota,Camry,1999,27,,1,,1,Sedan,,,,used,1,Mass_Market,Phnom Penh,Tier_1,individual,0,0,2026-09-03 12:30:29,2026-09-03T07:15:38.666385+00:00,2026-09-03
13909196,6100.0,8.716207971151853,Toyota,Scion,2004,22,,1,,1,,Petrol,Automatic,Silver,used,1,Mass_Market,Phnom Penh,Tier_1,individual,0,0,2026-08-20 18:01:19,2026-09-02T09:51:52.938815+00:00,2026-09-02
13276569,11500.0,9.350189267092581,Toyota,Vios,2014,12,,1,,1,,,,Grey,used,1,Mass_Market,Phnom Penh,Tier_1,store,0,0,2026-03-11 13:55:51,2026-09-02T09:53:56.753470+00:00,2026-09-02
13508840,11900.0,9.38437770918244,Toyota,Prius,2009,17,,1,,1,Hatchback,Hybrid,,White,used,0,Mass_Market,Phnom Penh,Tier_1,store,0,0,2026-05-12 15:50:42,2026-09-06T07:11:09.578234+00:00,2026-09-06
13606809,14600.0,9.588845298501564,Toyota,Prius,2011,15,,1,,1,Hatchback,Hybrid,,Grey,used,0,Mass_Market,Phnom Penh,Tier_1,store,0,0,2026-06-04 14:08:11,2026-09-06T07:12:52.496461+00:00,2026-09-06
13951529,13800.0,9.53249633228804,Toyota,Highlander,2002,24,,1,,1,SUV,Petrol,,Gold,used,1,Mass_Market,Battambang,Tier_2,individual,0,0,2026-08-31 21:51:13,2026-09-03T09:12:32.969911+00:00,2026-09-03
13962126,25500.0,10.146472946063877,Toyota,Prius,2020,6,,1,,1,Sedan,Petrol,,White,used,1,Mass_Market,Phnom Penh,Tier_1,individual,1,0,2026-09-03 13:17:00,2026-09-05T07:03:19.169966+00:00,2026-09-05
13590768,7500.0,8.922791623969637,Toyota,RAV4,2002,24,,1,,1,SUV,,Automatic,Gold,used,1,Mass_Market,Phnom Penh,Tier_1,store,0,0,2026-05-31 20:32:57,2026-09-02T09:52:08.965842+00:00,2026-09-02
13891821,25800.0,10.158168529848494,Toyota,Highlander,2009,17,,1,,1,SUV,,Automatic,White,used,1,Mass_Market,Phnom Penh,Tier_1,individual,0,0,2026-08-16 09:27:28,2026-09-03T07:17:42.346868+00:00,2026-09-03
13921958,16800.0,9.729193687429403,Toyota,Prius,2013,13,,1,,1,Sedan,,Automatic,Grey,used,0,Mass_Market,Phnom Penh,Tier_1,individual,0,0,2026-08-24 12:03:24,2026-09-03T09:13:43.814742+00:00,2026-09-03
13941042,11500.0,9.350189267092581,Toyota,Highlander,2002,24,,1,,1,SUV,,Automatic,Grey,used,0,Mass_Market,Phnom Penh,Tier_1,individual,0,0,2026-08-29 07:26:27,2026-09-06T07:13:37.963507+00:00,2026-09-06
13954064,19500.0,9.87822102528824,Toyota,Prius,2013,13,,1,1800,0,MPV,,,White,used,0,Mass_Market,Phnom Penh,Tier_1,individual,1,0,2026-09-01 14:28:55,2026-09-03T09:12:35.259388+00:00,2026-09-03
13962256,7800.0,8.962007209588313,Toyota,Prius,2005,21,,1,,1,Sedan,,,Black,used,1,Mass_Market,Kampong Cham,Tier_2,individual,0,0,2026-09-03 13:47:14,2026-09-03T07:13:25.924575+00:00,2026-09-03
13965874,6800.0,8.824824939175638,Toyota,Celica,2000,26,,1,,1,Coupe,,,Orange,used,1,Mass_Market,Siem Reap,Tier_2,individual,0,0,2026-09-04 11:36:50,2026-09-04T07:22:04.778204+00:00,2026-09-04
13303591,20800.0,9.942756341456828,Toyota,Venza,2010,16,,1,,1,,,,White,used,1,Mass_Market,Phnom Penh,Tier_1,store,0,0,2026-03-18 08:35:51,2026-09-02T09:51:32.140358+00:00,2026-09-02
13863457,12000.0,9.392745258631441,Chevrolet,Tahoe,2011,15,,1,,1,,,,Black,used,1,Mass_Market,Phnom Penh,Tier_1,store,0,0,2026-08-08 13:21:09,2026-09-02T09:55:22.776081+00:00,2026-09-02
13295004,6500.0,8.77971129020447,Chevrolet,Spark,2015,11,,1,,1,Hatchback,,Automatic,Red,used,1,Mass_Market,Phnom Penh,Tier_1,individual,0,0,2026-03-16 10:44:58,2026-09-03T09:12:58.813096+00:00,2026-09-03
13907045,79800.0,11.287291314687705,Denza,N9,2025,1,,1,,1,SUV,Hybrid,Manual,Black,used,1,Chinese_EV,Phnom Penh,Tier_1,store,0,0,2026-08-20 09:57:51,2026-09-04T07:16:09.977635+00:00,2026-09-04
13910896,58000.0,10.968215530759236,Denza,D9,2025,1,13000,0,,1,MPV,Hybrid,Automatic,Black,used,1,Chinese_EV,Phnom Penh,Tier_1,store,0,0,2026-08-21 10:22:10,2026-09-05T07:04:17.449891+00:00,2026-09-05
13603008,88500.0,11.390769130367211,Denza,N9,2025,1,4000,0,,1,SUV,,,Black,used,1,Chinese_EV,Phnom Penh,Tier_1,store,0,0,2026-06-03 16:49:47,2026-09-05T07:01:05.070150+00:00,2026-09-05
13661124,19800.0,9.893487720457795,GTV,ផ្សេងៗ,2026,0,1310,0,,1,Sedan,Hybrid,Automatic,Black,new,0,Chinese_EV,Phnom Penh,Tier_1,store,0,0,2026-06-17 19:03:42,2026-09-06T07:12:36.118636+00:00,2026-09-06
13661126,20800.0,9.942756341456828,GTV,ផ្សេងៗ,2026,0,1310,0,,1,Sedan,Hybrid,Automatic,White,new,0,Chinese_EV,Phnom Penh,Tier_1,individual,0,0,2026-06-17 19:05:24,2026-09-03T09:13:07.762123+00:00,2026-09-03
13862449,24500.0,10.106469212026385,GTV,KAIN,2026,0,,1,,1,SUV,Petrol,Automatic,White,new,0,Chinese_EV,Phnom Penh,Tier_1,individual,0,0,2026-08-08 09:49:52,2026-09-03T09:13:06.629937+00:00,2026-09-03
13385082,33500.0,10.419330568113901,GTV,KAIN,2026,0,1200,0,,1,SUV,Hybrid,,Black,new,0,Chinese_EV,Phnom Penh,Tier_1,store,0,0,2026-04-07 14:42:48,2026-09-06T07:12:41.463828+00:00,2026-09-06
13961376,12500.0,9.433563920090563,Hyundai,Starex,2012,14,,1,,1,MPV,Diesel,Automatic,White,used,1,Mass_Market,Phnom Penh,Tier_1,store,0,0,2026-09-03 10:53:57,2026-09-05T06:59:30.531717+00:00,2026-09-05
13958607,13500.0,9.510519035757246,Hyundai,H1,2015,11,,1,,1,Station Wagon,Diesel,Automatic,Black,used,1,Mass_Market,Phnom Penh,Tier_1,store,0,1,2026-09-02 15:20:50,2026-09-02T09:52:50.378330+00:00,2026-09-02
13961495,19500.0,9.87822102528824,Hyundai,Starex,2019,7,,1,,1,SUV,Diesel,Automatic,White,used,1,Mass_Market,Phnom Penh,Tier_1,store,0,0,2026-09-03 11:21:01,2026-09-03T07:18:33.856643+00:00,2026-09-03
13524918,14500.0,9.581972891547895,Hyundai,Starex,2013,13,,1,,1,MPV,Diesel,,White,used,0,Mass_Market,Phnom Penh,Tier_1,store,0,0,2026-05-16 13:55:50,2026-09-06T07:12:14.555161+00:00,2026-09-06
13553443,15500.0,9.648659816955295,Hyundai,Starex,2012,14,,1,,1,MPV,,,Silver,used,0,Mass_Market,Phnom Penh,Tier_1,store,0,0,2026-05-22 16:18:14,2026-09-03T07:17:56.821050+00:00,2026-09-03
13949888,62800.0,11.047726275896391,Xiaomi,YU7,2026,0,9000,0,0,0,SUV,Electric,Automatic,Grey,used,1,Other,Phnom Penh,Tier_1,store,0,0,2026-08-31 13:17:01,2026-09-04T07:19:42.819950+00:00,2026-09-04
13468813,25200.0,10.134638955251866,Changan,ផ្សេងៗ,2026,0,,1,0,0,SUV,Electric,Automatic,White,new,0,Chinese_EV,Phnom Penh,Tier_1,store,0,0,2026-05-02 14:01:06,2026-09-06T07:09:37.778250+00:00,2026-09-06
13973422,25500.0,10.146472946063877,Changan,ផ្សេងៗ,2024,2,,1,0,0,Sedan,Electric,Automatic,Silver,used,1,Chinese_EV,Phnom Penh,Tier_1,store,0,0,2026-09-06 12:47:12,2026-09-06T07:11:27.319086+00:00,2026-09-06
13794841,25000.0,10.12667110305036,Changan,ផ្សេងៗ,2026,0,,1,0,0,SUV,Electric,Manual,Black,new,0,Chinese_EV,Phnom Penh,Tier_1,store,0,0,2026-07-21 14:43:27,2026-09-02T09:52:09.897201+00:00,2026-09-02
13827570,22000.0,9.99884318585288,MG,GT,2022,4,,1,,1,Sedan,Petrol,Automatic,Blue,used,1,Chinese_EV,Phnom Penh,Tier_1,individual,0,0,2026-07-30 09:49:18,2026-09-03T07:17:19.222487+00:00,2026-09-03
13955725,17500.0,9.770013301136158,MG,ZS,2022,4,,1,,1,SUV,Petrol,Automatic,White,used,1,Chinese_EV,Phnom Penh,Tier_1,individual,1,0,2026-09-01 23:57:46,2026-09-06T07:10:17.205034+00:00,2026-09-06
13338098,38800.0,10.566201298475118,GAC,GN8,2024,2,2100,0,,1,MPV,Petrol,Automatic,Black,used,1,Chinese_EV,Phnom Penh,Tier_1,store,0,0,2026-03-26 12:57:13,2026-09-06T07:09:37.247949+00:00,2026-09-06
13945363,32800.0,10.39821428171237,GAC,GN8,2025,1,,1,,1,MPV,Petrol,Automatic,Black,used,1,Chinese_EV,Phnom Penh,Tier_1,store,0,0,2026-08-30 10:20:29,2026-09-04T07:21:14.393430+00:00,2026-09-04
13953540,27500.0,10.221977646629885,GAC,GS8,2025,1,,1,,1,SUV,Petrol,Automatic,Black,used,1,Chinese_EV,Phnom Penh,Tier_1,individual,0,0,2026-09-01 12:44:05,2026-09-03T09:13:25.049862+00:00,2026-09-03
13959665,42800.0,10.664316745782925,GAC,GN8,2024,2,,1,,1,MPV,Petrol,Automatic,Black,used,1,Chinese_EV,Phnom Penh,Tier_1,store,0,0,2026-09-02 20:18:28,2026-09-06T07:11:24.666512+00:00,2026-09-06
13961874,28800.0,10.268165387743457,GAC,GN8,2024,2,20000,0,,1,MPV,Petrol,Automatic,White,used,1,Chinese_EV,Phnom Penh,Tier_1,store,0,0,2026-09-03 12:25:59,2026-09-03T07:15:54.044134+00:00,2026-09-03
13457981,11500.0,9.350189267092581,Audi,Q7,2011,15,,1,,1,SUV,Petrol,Automatic,White,used,1,Luxury,Phnom Penh,Tier_1,individual,0,0,2026-04-29 16:42:49,2026-09-02T09:53:11.556657+00:00,2026-09-02
13719219,27900.0,10.236417809461043,Audi,A8L,2015,11,70000,0,3000,0,Sedan,Petrol,Automatic,Black,used,1,Luxury,Phnom Penh,Tier_1,store,1,0,2026-07-02 09:25:05,2026-09-02T09:51:50.000129+00:00,2026-09-02
13958934,16800.0,9.729193687429403,Audi,A6,2013,13,,1,,1,Sedan,Petrol,Automatic,Black,used,1,Luxury,Phnom Penh,Tier_1,store,0,1,2026-09-02 16:24:18,2026-09-02T09:51:47.755345+00:00,2026-09-02
13961840,35800.0,10.485731104959568,Audi,Q7,2017,9,69000,0,,1,SUV,Petrol,Automatic,White,used,1,Luxury,Phnom Penh,Tier_1,store,0,0,2026-09-03 12:20:25,2026-09-03T07:16:02.672882+00:00,2026-09-03
13966626,49900.0,10.817796321618971,Audi,Q3,2020,6,60000,0,2000,0,SUV,Petrol,Automatic,Blue,used,1,Luxury,Phnom Penh,Tier_1,store,0,0,2026-09-04 14:10:31,2026-09-04T07:16:26.915004+00:00,2026-09-04
13955051,7800.0,8.962007209588313,Audi,Q7,2011,15,,1,,1,SUV,Diesel,Automatic,White,used,1,Luxury,Phnom Penh,Tier_1,store,0,0,2026-09-01 17:52:56,2026-09-02T09:54:57.911770+00:00,2026-09-02
13547948,178000.0,12.08954444723597,Lexus,LX600,2023,3,,1,,1,SUV,Petrol,Automatic,White,new,0,Luxury,Phnom Penh,Tier_1,store,1,0,2026-05-21 13:35:48,2026-09-05T07:00:20.014346+00:00,2026-09-05
13561571,21900.0,9.994287576862567,Lexus,RX330,2004,22,,1,,1,SUV,Petrol,Automatic,Grey,used,1,Luxury,Phnom Penh,Tier_1,store,1,0,2026-05-24 23:03:17,2026-09-06T07:14:05.241188+00:00,2026-09-06
13610877,34500.0,10.448743588106625,Lexus,NX200t,2016,10,,1,,1,SUV,Petrol,Automatic,White,used,0,Luxury,Phnom Penh,Tier_1,store,1,0,2026-06-05 13:47:28,2026-09-05T06:58:17.615640+00:00,2026-09-05
13786339,109000.0,11.599112335481124,Lexus,LX570,2019,7,,1,,1,SUV,Petrol,Automatic,White,used,1,Luxury,Phnom Penh,Tier_1,store,0,0,2026-07-19 12:08:54,2026-09-04T07:20:09.202358+00:00,2026-09-04
13816507,18900.0,9.846970109700957,Lexus,RX330,2004,22,,1,,1,SUV,Petrol,Automatic,White,used,1,Luxury,Phnom Penh,Tier_1,individual,0,0,2026-07-27 14:06:08,2026-09-06T07:13:06.555132+00:00,2026-09-06
13868459,29000.0,10.275085591132715,Lexus,RX450h,2010,16,,1,,1,SUV,Hybrid,Automatic,White,used,1,Luxury,Phnom Penh,Tier_1,store,0,0,2026-08-10 07:56:53,2026-09-05T06:59:57.206937+00:00,2026-09-05
13899429,208800.0,12.249136924251182,Lexus,LX600,2024,2,,1,,1,SUV,Petrol,Automatic,White,used,1,Luxury,Phnom Penh,Tier_1,individual,0,0,2026-08-18 09:28:05,2026-09-03T09:13:12.362829+00:00,2026-09-03
13925267,8900.0,9.093918908958932,Lexus,LX470,1999,27,,1,,1,SUV,LPG,Automatic,Black,used,1,Luxury,Siem Reap,Tier_2,individual,0,0,2026-08-25 09:17:11,2026-09-03T09:14:11.009086+00:00,2026-09-03
13940466,19150.0,9.860110212566559,Lexus,RX330,2005,21,,1,,1,SUV,Petrol,Automatic,White,used,1,Luxury,Phnom Penh,Tier_1,individual,0,1,2026-08-28 20:40:13,2026-09-03T09:14:31.718927+00:00,2026-09-03
13946050,31800.0,10.367253014814716,Lexus,NX200t,2015,11,,1,,1,SUV,Petrol,Automatic,White,used,1,Luxury,Phnom Penh,Tier_1,individual,0,0,2026-08-30 13:06:57,2026-09-03T09:12:45.458323+00:00,2026-09-03
13953382,6850.0,8.832149906002899,Lexus,RX300,1999,27,,1,,1,SUV,Petrol,Automatic,White,used,1,Luxury,Phnom Penh,Tier_1,individual,0,0,2026-09-01 12:30:38,2026-09-03T09:13:36.645638+00:00,2026-09-03
13953788,7400.0,8.909370405197466,Lexus,RX300,2000,26,,1,,1,SUV,Petrol,Automatic,Black,used,1,Luxury,Phnom Penh,Tier_1,individual,0,0,2026-09-01 13:36:33,2026-09-03T09:12:53.753616+00:00,2026-09-03
13958526,99900.0,11.511934974596555,Lexus,LX570,2019,7,40000,0,,1,SUV,Petrol,Automatic,Black,used,1,Luxury,Phnom Penh,Tier_1,store,1,0,2026-09-02 15:07:23,2026-09-02T09:53:03.646663+00:00,2026-09-02
13961499,18500.0,9.825580063659602,Lexus,RX300,2016,10,,1,,1,Sedan,Hybrid,Automatic,White,used,1,Luxury,Kampot,Tier_3,individual,1,0,2026-09-03 11:21:15,2026-09-03T07:18:32.823208+00:00,2026-09-03
13966521,26000.0,10.165890277802454,Lexus,NX200t,2016,10,,1,,1,SUV,Petrol,Automatic,White,used,1,Luxury,Phnom Penh,Tier_1,store,0,0,2026-09-04 13:53:20,2026-09-06T07:09:50.994737+00:00,2026-09-06
13973658,17500.0,9.770013301136158,Lexus,RX330,2005,21,,1,,1,SUV,Petrol,Automatic,Gold,used,1,Luxury,Kampot,Tier_3,individual,0,0,2026-09-06 13:30:04,2026-09-06T07:10:16.891385+00:00,2026-09-06
13289043,17900.0,9.792611856190192,Lexus,CT,2012,14,,1,,1,Hatchback,Hybrid,Automatic,Silver,used,0,Luxury,Phnom Penh,Tier_1,store,1,0,2026-03-14 14:59:55,2026-09-02T09:53:16.115254+00:00,2026-09-02
13561581,17500.0,9.770013301136158,Lexus,CT,2015,11,,1,,1,Sedan,Hybrid,Automatic,White,used,1,Luxury,Phnom Penh,Tier_1,store,1,0,2026-05-24 23:06:56,2026-09-04T07:17:29.654905+00:00,2026-09-04
13640558,31000.0,10.34177474101152,Lexus,NX200t,2015,11,,1,,1,SUV,Petrol,Automatic,Grey,used,1,Luxury,Kampong Cham,Tier_2,individual,1,0,2026-06-12 16:34:30,2026-09-02T09:54:58.803990+00:00,2026-09-02
13645774,32500.0,10.389026137075234,Lexus,NX200t,2015,11,,1,,1,SUV,Petrol,Automatic,White,used,1,Luxury,Phnom Penh,Tier_1,store,1,0,2026-06-14 08:23:26,2026-09-06T07:12:47.917031+00:00,2026-09-06
13674523,19999.0,9.903487552536127,Lexus,CT,2012,14,,1,,1,Sedan,Hybrid,Automatic,White,used,0,Luxury,Phnom Penh,Tier_1,store,0,0,2026-06-21 10:49:56,2026-09-06T07:14:00.952795+00:00,2026-09-06
13750136,195000.0,12.180759965737863,Lexus,LM,2025,1,,1,,1,MPV,Petrol,Automatic,White,used,1,Luxury,Phnom Penh,Tier_1,store,0,0,2026-07-09 20:30:08,2026-09-03T07:15:31.573961+00:00,2026-09-03
13808479,39800.0,10.591647316585027,Lexus,NX200t,2017,9,64374,0,,1,SUV,Petrol,Automatic,White,used,0,Luxury,Phnom Penh,Tier_1,store,1,0,2026-07-25 09:45:16,2026-09-06T07:10:51.270423+00:00,2026-09-06
13871484,175001.0,12.072552681411773,Lexus,LM,2025,1,,1,,1,MPV,Hybrid,Automatic,White,used,1,Luxury,Phnom Penh,Tier_1,store,0,0,2026-08-10 18:46:08,2026-09-04T07:16:31.724391+00:00,2026-09-04
13886097,33000.0,10.404293143019792,Lexus,NX200t,2016,10,,1,,1,SUV,Petrol,Automatic,White,used,1,Luxury,Phnom Penh,Tier_1,individual,1,0,2026-08-14 13:59:31,2026-09-06T07:09:31.964205+00:00,2026-09-06
13889035,13400.0,9.503084610020228,Lexus,CT,2012,14,,1,,1,SUV,Hybrid,Automatic,Grey,used,0,Luxury,Phnom Penh,Tier_1,store,0,0,2026-08-15 11:19:36,2026-09-02T09:54:11.736202+00:00,2026-09-02
13909117,27500.0,10.221977646629885,Lexus,NX200t,2015,11,,1,,1,SUV,Petrol,Automatic,Grey,used,1,Luxury,Phnom Penh,Tier_1,individual,1,0,2026-08-20 17:28:21,2026-09-03T09:12:31.693135+00:00,2026-09-03
13929302,22770.0,10.033243075528665,Lexus,RX400h,2006,20,,1,,1,SUV,Petrol,Automatic,White,used,1,Luxury,Phnom Penh,Tier_1,individual,0,0,2026-08-26 08:23:16,2026-09-02T09:52:40.657995+00:00,2026-09-02
13924319,9300.0,9.137877200242468,Lexus,RX300,2002,24,,1,,1,SUV,,Automatic,White,used,1,Luxury,Phnom Penh,Tier_1,individual,0,0,2026-08-24 21:54:28,2026-09-02T09:54:34.134286+00:00,2026-09-02
13959503,22500.0,10.021315031649332,Lexus,RX330,2005,21,,1,,1,SUV,,Automatic,White,used,1,Luxury,Phnom Penh,Tier_1,store,0,0,2026-09-02 19:14:18,2026-09-06T07:09:44.964620+00:00,2026-09-06
13958302,9900.0,9.200391041122515,Lexus,LX470,2000,26,,1,,1,SUV,,,Gold,used,0,Luxury,Phnom Penh,Tier_1,store,0,1,2026-09-02 14:31:43,2026-09-02T09:53:48.174720+00:00,2026-09-02
13970103,20000.0,9.90353755128617,Lexus,LX470,2004,22,,1,,1,SUV,Petrol,Automatic,,used,1,Luxury,Phnom Penh,Tier_1,store,0,0,2026-09-05 13:13:02,2026-09-05T06:59:06.994262+00:00,2026-09-05
13953658,26555.0,10.18701098983905,Lexus,RX330,2015,11,,1,,1,Sedan,Diesel,,,used,1,Luxury,Kampong Speu,Tier_3,individual,0,0,2026-09-01 13:11:21,2026-09-03T09:13:06.089131+00:00,2026-09-03
13851976,185500.0,12.130815551850676,Lexus,LX600,2024,2,3188,0,3500,0,SUV,,Automatic,Black,used,0,Luxury,Phnom Penh,Tier_1,store,0,0,2026-08-05 15:21:03,2026-09-03T07:17:33.735073+00:00,2026-09-03
13929171,10600.0,9.268703615273097,Lexus,LX470,2000,26,,1,,1,SUV,,,Gold,used,1,Luxury,Kandal,Tier_2,individual,0,0,2026-08-26 07:30:13,2026-09-03T07:17:55.866965+00:00,2026-09-03
13953310,10300.0,9.239996256883693,Lexus,RX300,2000,26,,1,,1,SUV,,,White,used,1,Luxury,Phnom Penh,Tier_1,individual,0,1,2026-09-01 12:22:05,2026-09-03T09:13:47.328901+00:00,2026-09-03
13801779,17000.0,9.741027444837728,Lexus,HS,2010,16,,1,,1,Sedan,Petrol,,White,used,1,Luxury,Phnom Penh,Tier_1,individual,0,0,2026-07-23 11:38:55,2026-09-02T09:55:49.266655+00:00,2026-09-02
13942144,29500.0,10.292179440058462,Lexus,NX200t,2015,11,,1,,1,SUV,Petrol,,Black,used,1,Luxury,Phnom Penh,Tier_1,individual,1,0,2026-08-29 11:10:39,2026-09-02T09:54:03.290372+00:00,2026-09-02
13833060,43000.0,10.668978650219241,Lexus,UX,2019,7,,1,,1,,Petrol,,White,new,0,Luxury,Phnom Penh,Tier_1,store,1,0,2026-07-31 13:48:34,2026-09-06T07:12:35.628008+00:00,2026-09-06
13818367,22500.0,10.021315031649332,iCar,ផ្សេងៗ,2025,1,,1,0,0,SUV,Electric,Automatic,Black,new,0,Chinese_EV,Phnom Penh,Tier_1,store,0,0,2026-07-27 21:33:28,2026-09-06T07:12:46.399559+00:00,2026-09-06
13957328,25500.0,10.146472946063877,Mercedes-Benz,C-Class,2015,11,,1,,1,Sedan,Petrol,Automatic,White,used,1,Luxury,Phnom Penh,Tier_1,store,0,0,2026-09-02 11:26:13,2026-09-06T07:10:29.071516+00:00,2026-09-06
13957956,25000.0,10.12667110305036,Mercedes-Benz,S-Class,2015,11,,1,,1,Sedan,Petrol,Automatic,Black,used,1,Luxury,Phnom Penh,Tier_1,individual,0,0,2026-09-02 13:37:02,2026-09-03T07:15:30.110376+00:00,2026-09-03
13961604,25555.0,10.148627401722234,Mercedes-Benz,CLA,2015,11,,1,,1,Coupe,Petrol,Automatic,White,used,0,Luxury,Phnom Penh,Tier_1,store,0,0,2026-09-03 11:38:54,2026-09-03T07:17:36.202634+00:00,2026-09-03
13962295,18900.0,9.846970109700957,Mercedes-Benz,S350,2012,14,,1,,1,Sedan,Petrol,Automatic,White,used,1,Luxury,Phnom Penh,Tier_1,store,0,0,2026-09-03 13:54:43,2026-09-03T07:13:13.194056+00:00,2026-09-03
13973609,34500.0,10.448743588106625,Mercedes-Benz,Maybach,2014,12,,1,,1,Station Wagon,Petrol,Automatic,White,used,1,Luxury,Phnom Penh,Tier_1,store,0,0,2026-09-06 13:21:56,2026-09-06T07:10:38.716938+00:00,2026-09-06
13958812,28000.0,10.239995502805316,Mercedes-Benz,S400L,2015,11,,1,,1,,Petrol,Automatic,Black,used,1,Luxury,Phnom Penh,Tier_1,individual,0,0,2026-09-02 16:03:40,2026-09-02T09:52:04.097413+00:00,2026-09-02
13293091,29500.0,10.292179440058462,Mercedes-Benz,S400L,2015,11,,1,3000,0,Sedan,Petrol,Automatic,Black,used,1,Luxury,,Unknown,store,0,0,2026-03-15 18:14:02,2026-09-06T07:12:44.849634+00:00,2026-09-06
13966641,90000.0,11.407576060361786,Mercedes-Benz,Vito,2025,1,,1,,1,MPV,,,Black,used,1,Luxury,Phnom Penh,Tier_1,individual,0,0,2026-09-04 14:13:12,2026-09-04T07:16:26.290098+00:00,2026-09-04
13456663,24500.0,10.106469212026385,Mercedes-Benz,C-Class,2015,11,300,0,,1,Sedan,Petrol,Automatic,White,used,1,Luxury,Phnom Penh,Tier_1,store,0,0,2026-04-29 12:21:30,2026-09-02T09:53:55.306811+00:00,2026-09-02
13730071,27500.0,10.221977646629885,Mercedes-Benz,C-Class,2015,11,,1,,1,Sedan,Petrol,Automatic,Black,used,0,Luxury,Phnom Penh,Tier_1,store,0,0,2026-07-04 22:04:58,2026-09-06T07:13:01.645743+00:00,2026-09-06
13735054,189000.0,12.149507585033072,Mercedes-Benz,Tax Paper,2025,1,3219,0,,1,SUV,Petrol,Automatic,Black,used,0,Luxury,Phnom Penh,Tier_1,store,0,0,2026-07-06 11:48:27,2026-09-06T07:10:30.558654+00:00,2026-09-06
13798537,79000.0,11.277215789596893,Mercedes-Benz,CLA-45,2020,6,8000,0,,1,Sedan,Petrol,Automatic,Grey,new,0,Luxury,Phnom Penh,Tier_1,store,1,0,2026-07-22 13:45:10,2026-09-02T09:54:46.822558+00:00,2026-09-02
13799016,24888.0,10.122181217776706,Mercedes-Benz,C-Class,2015,11,,1,,1,Sedan,Petrol,Automatic,Black,used,1,Luxury,Phnom Penh,Tier_1,store,0,0,2026-07-22 15:23:49,2026-09-06T07:11:33.860776+00:00,2026-09-06
13864076,189500.0,12.15214958053555,Mercedes-Benz,G-Class,2020,6,,1,,1,SUV,Petrol,Automatic,Green,used,1,Luxury,Koh Kong,Tier_3,store,0,0,2026-08-08 15:48:42,2026-09-06T07:12:58.561635+00:00,2026-09-06
13880083,39999.0,10.596634733096073,Mercedes-Benz,GLS-Class,2016,10,,1,,1,SUV,Petrol,Automatic,White,used,1,Luxury,Phnom Penh,Tier_1,store,0,0,2026-08-13 00:32:19,2026-09-02T09:51:42.330325+00:00,2026-09-02
13889674,17500.0,9.770013301136158,Mercedes-Benz,C300,2015,11,,1,,1,Sedan,Petrol,Automatic,White,used,1,Luxury,Phnom Penh,Tier_1,store,0,0,2026-08-15 14:05:58,2026-09-02T09:55:25.931965+00:00,2026-09-02
13901309,74800.0,11.222586532857163,Mercedes-Benz,CLA AMG 45,2021,5,,1,,1,Sedan,Petrol,Automatic,Black,used,1,Luxury,Phnom Penh,Tier_1,individual,0,0,2026-08-18 15:24:43,2026-09-06T07:14:20.397123+00:00,2026-09-06
13917789,29500.0,10.292179440058462,Mercedes-Benz,C-Class,2015,11,,1,,1,Sedan,Petrol,Automatic,Black,used,0,Luxury,Phnom Penh,Tier_1,store,0,0,2026-08-23 10:10:38,2026-09-06T07:11:12.425200+00:00,2026-09-06
13612149,13500.0,9.510519035757246,Porsche,Cayenne,2012,14,,1,,1,,Hybrid,Automatic,Black,used,1,Luxury,Phnom Penh,Tier_1,store,0,1,2026-06-05 17:35:25,2026-09-03T07:17:49.214631+00:00,2026-09-03
13938826,17000.0,9.741027444837728,Porsche,Panamera,2013,13,,1,,1,Sedan,Petrol,Automatic,White,used,1,Luxury,Phnom Penh,Tier_1,store,0,1,2026-08-28 13:05:09,2026-09-03T07:15:50.394173+00:00,2026-09-03
13357070,52500.0,10.868587496017359,Porsche,Cayenne,2016,10,,1,,1,SUV,Petrol,,White,used,1,Luxury,Phnom Penh,Tier_1,store,0,0,2026-03-31 15:08:22,2026-09-06T07:09:43.998969+00:00,2026-09-06
13632437,52500.0,10.868587496017359,Jeep,Wrangler,2020,6,,1,,1,SUV,,,Black,used,0,Mass_Market,Phnom Penh,Tier_1,store,1,0,2026-06-10 20:08:18,2026-09-06T07:12:12.566302+00:00,2026-09-06
13966859,66500.0,11.104972264124868,Jeep,Wrangler,2023,3,,1,,1,SUV,Petrol,Automatic,White,used,1,Mass_Market,Phnom Penh,Tier_1,store,0,0,2026-09-04 14:55:45,2026-09-06T07:12:08.407275+00:00,2026-09-06
13958805,66000.0,11.097425172408931,Jeep,Wrangler,2023,3,20000,0,,1,SUV,Petrol,Automatic,White,used,1,Mass_Market,Phnom Penh,Tier_1,store,0,0,2026-09-02 16:02:04,2026-09-04T07:18:59.161278+00:00,2026-09-04
13858524,24900.0,10.122663242288953,SsangYong,Rexton,2022,4,,1,,1,Pickup,Diesel,Automatic,Green,used,0,Other,Phnom Penh,Tier_1,store,1,0,2026-08-07 10:04:46,2026-09-06T07:12:02.837111+00:00,2026-09-06
13491983,17800.0,9.787009914477434,KAIYI,e5,2025,1,,1,0,0,SUV,Electric,Automatic,White,new,0,Other,Phnom Penh,Tier_1,store,0,0,2026-05-08 11:54:49,2026-09-06T07:12:46.631629+00:00,2026-09-06
13771953,7300.0,8.895766604056085,Kia,Morning,2012,14,,1,,1,Sedan,,,,used,0,Mass_Market,Phnom Penh,Tier_1,store,0,0,2026-07-15 13:00:50,2026-09-06T07:13:22.989801+00:00,2026-09-06
13887993,7999.0,8.987196820661973,Kia,Soluto,2020,6,,1,,1,,Petrol,Automatic,White,used,1,Mass_Market,Siem Reap,Tier_2,individual,0,0,2026-08-15 04:24:23,2026-09-06T07:11:45.417010+00:00,2026-09-06
13953641,9890.0,9.199380531739841,Kia,Ray,2014,12,,1,,1,,Diesel,Manual,White,used,1,Mass_Market,Phnom Penh,Tier_1,individual,0,0,2026-09-01 13:07:55,2026-09-03T09:13:09.267788+00:00,2026-09-03
13959020,1300.0,7.170888478512505,Kia,Visto,2020,6,,1,,1,Sedan,,Automatic,White,used,0,Mass_Market,Phnom Penh,Tier_1,individual,0,1,2026-09-02 16:43:25,2026-09-02T09:51:35.824545+00:00,2026-09-02
13953840,8600.0,9.059633754551479,Kia,Ray,2013,13,,1,,1,,,Automatic,Red,used,1,Mass_Market,Phnom Penh,Tier_1,individual,0,0,2026-09-01 13:47:48,2026-09-03T09:12:47.285059+00:00,2026-09-03
13457365,24900.0,10.122663242288953,Kia,EV5,2024,2,,1,0,0,SUV,Electric,,White,used,1,Mass_Market,Phnom Penh,Tier_1,store,0,0,2026-04-29 14:48:33,2026-09-02T09:53:32.417580+00:00,2026-09-02
13970178,17000.0,9.741027444837728,Kia,Carnival,2015,11,,1,,1,MPV,Diesel,Automatic,White,used,0,Mass_Market,Phnom Penh,Tier_1,store,0,0,2026-09-05 13:27:43,2026-09-05T06:58:58.844721+00:00,2026-09-05
13432725,20600.0,9.933094897288786,Kia,Carnival,2020,6,50000,0,3300,0,MPV,Petrol,Automatic,White,used,1,Mass_Market,Phnom Penh,Tier_1,store,0,0,2026-04-23 15:14:44,2026-09-06T07:10:57.133524+00:00,2026-09-06
13953927,19500.0,9.87822102528824,Kia,Carnival,2015,11,,1,,1,MPV,Diesel,Automatic,Silver,used,0,Mass_Market,Phnom Penh,Tier_1,individual,1,0,2026-09-01 14:06:15,2026-09-03T09:12:39.059729+00:00,2026-09-03
13954091,20500.0,9.928228944424575,Kia,Carnival,2017,9,,1,,1,MPV,Diesel,Automatic,Silver,used,0,Mass_Market,Phnom Penh,Tier_1,individual,1,0,2026-09-01 14:32:45,2026-09-03T09:12:31.534210+00:00,2026-09-03
13963342,7800.0,8.962007209588313,Kia,Morning,2013,13,,1,,1,SUV,,Automatic,White,used,1,Mass_Market,Phnom Penh,Tier_1,individual,0,1,2026-09-03 16:57:17,2026-09-06T07:13:53.826810+00:00,2026-09-06
13515858,15500.0,9.648659816955295,Kia,Carnival,2015,11,,1,,1,MPV,,Automatic,Grey,used,1,Mass_Market,Phnom Penh,Tier_1,individual,0,0,2026-05-14 10:38:32,2026-09-03T07:16:47.013324+00:00,2026-09-03
13691523,4650.0,8.444837529224097,Kia,Morning,2005,21,,1,,1,Sedan,,Automatic,White,used,0,Mass_Market,Phnom Penh,Tier_1,individual,0,0,2026-06-25 08:27:22,2026-09-06T07:09:15.647357+00:00,2026-09-06
13860149,18300.0,9.814710982145282,Maserati,Ghibli,2015,11,,1,,1,Sedan,Petrol,Automatic,White,used,1,Luxury,Phnom Penh,Tier_1,store,0,0,2026-08-07 15:12:18,2026-09-02T09:54:39.922490+00:00,2026-09-02
13882326,17500.0,9.770013301136158,Tesla,Model 3,2020,6,,1,0,0,Sedan,Electric,Automatic,White,used,0,Other,Phnom Penh,Tier_1,individual,0,0,2026-08-13 13:51:49,2026-09-02T09:55:32.034075+00:00,2026-09-02
13973511,20500.0,9.928228944424575,Tesla,Model 3,2019,7,110000,0,0,0,Hatchback,Electric,Automatic,White,used,0,Other,Phnom Penh,Tier_1,store,0,0,2026-09-06 13:10:24,2026-09-06T07:10:54.503497+00:00,2026-09-06
13793791,14800.0,9.60245002503719,BYD,Dolphin,2023,3,,1,0,0,Sedan,Electric,Automatic,White,used,0,Chinese_EV,Phnom Penh,Tier_1,store,0,0,2026-07-21 11:16:09,2026-09-06T07:12:50.725944+00:00,2026-09-06
13460774,110800.0,11.61549107852535,BYD,ផ្សេងៗ,2025,1,,1,0,0,MPV,Hybrid,Automatic,Black,new,0,Chinese_EV,Phnom Penh,Tier_1,store,0,0,2026-04-30 12:16:55,2026-09-06T07:14:08.420496+00:00,2026-09-06
13889188,49800.0,10.815790343132422,BYD,Ti7,2026,0,,1,0,0,SUV,Hybrid,Automatic,Black,new,0,Chinese_EV,Phnom Penh,Tier_1,individual,0,0,2026-08-15 11:47:52,2026-09-03T09:12:49.543761+00:00,2026-09-03
13958791,4200.0,8.343077871169383,Honda,CR-V,1998,28,,1,,1,SUV,Petrol,Automatic,Green,used,1,Mass_Market,Phnom Penh,Tier_1,store,0,0,2026-09-02 15:59:00,2026-09-02T09:52:12.044206+00:00,2026-09-02
13962371,5700.0,8.648396877031582,Honda,Civic,2003,23,,1,,1,Sedan,Petrol,Automatic,Silver,used,0,Mass_Market,Preah Sihanouk,Tier_2,individual,0,0,2026-09-03 14:05:49,2026-09-03T07:12:49.071719+00:00,2026-09-03
13883536,5700.0,8.648396877031582,Honda,CR-V,2002,24,,1,,1,SUV,,Automatic,Silver,used,1,Mass_Market,Phnom Penh,Tier_1,individual,0,0,2026-08-13 19:47:09,2026-09-03T09:12:36.556834+00:00,2026-09-03
13756242,4950.0,8.507344855361422,Honda,CR-V,1999,27,,1,,1,SUV,Petrol,Automatic,Silver,used,1,Mass_Market,Phnom Penh,Tier_1,individual,0,0,2026-07-11 11:44:12,2026-09-06T07:13:58.145525+00:00,2026-09-06
13969791,3300.0,8.101980731853192,Honda,CR-V,1999,27,,1,,1,SUV,Petrol,Manual,Blue,used,1,Mass_Market,Takeo,Tier_3,individual,0,0,2026-09-05 11:54:09,2026-09-05T07:02:37.511050+00:00,2026-09-05
13892515,22900.0,10.038935856711177,Infiniti,QX56,2011,15,,1,,1,SUV,Petrol,Automatic,Black,used,1,Other,Phnom Penh,Tier_1,store,0,0,2026-08-16 12:06:01,2026-09-06T07:10:43.941555+00:00,2026-09-06
13815315,16999.0,9.740968623038354,Mitsubishi,Triton,2012,14,,1,,1,Pickup,Diesel,Automatic,Silver,used,1,Mass_Market,Phnom Penh,Tier_1,store,0,0,2026-07-27 10:33:30,2026-09-02T09:51:36.478487+00:00,2026-09-02
13967433,26500.0,10.184937747111391,Mitsubishi,Triton,2022,4,,1,,1,Pickup,Diesel,Automatic,White,used,1,Mass_Market,Phnom Penh,Tier_1,store,1,0,2026-09-04 16:51:21,2026-09-05T07:00:56.048399+00:00,2026-09-05
13965996,23500.0,10.064798252418377,Mitsubishi,Xpander,2023,3,40000,0,,1,,Petrol,Automatic,White,used,1,Mass_Market,Phnom Penh,Tier_1,store,1,0,2026-09-04 12:05:44,2026-09-04T07:20:25.146894+00:00,2026-09-04
13407856,6300.0,8.748463629942055,Toyota,Camry,1999,27,,1,,1,Sedan,Petrol,Automatic,Grey,used,1,Mass_Market,Kampot,Tier_3,individual,0,0,2026-04-17 10:36:39,2026-09-03T07:15:47.306794+00:00,2026-09-03
13498681,58800.0,10.981914140544825,Toyota,Fortuner,2025,1,20000,0,,1,SUV,Diesel,Automatic,White,used,1,Mass_Market,Phnom Penh,Tier_1,store,0,0,2026-05-10 09:09:10,2026-09-06T07:14:13.953592+00:00,2026-09-06
13500455,10700.0,9.278092474027002,Toyota,Vitz,2013,13,,1,,1,Sedan,Petrol,Automatic,White,used,0,Mass_Market,Siem Reap,Tier_2,store,0,0,2026-05-10 16:01:27,2026-09-03T07:14:33.949829+00:00,2026-09-03
13526233,19999.0,9.903487552536127,Toyota,Prius,2013,13,,1,,1,Hatchback,Hybrid,Automatic,White,used,0,Mass_Market,Phnom Penh,Tier_1,store,0,0,2026-05-16 21:07:35,2026-09-02T09:52:56.873509+00:00,2026-09-02
13531746,16500.0,9.711176264112805,Toyota,Camry,2008,18,,1,,1,Sedan,Hybrid,Automatic,White,used,1,Mass_Market,Phnom Penh,Tier_1,store,1,0,2026-05-18 09:30:27,2026-09-06T07:09:54.155193+00:00,2026-09-06
13555721,47900.0,10.776891660007811,Toyota,Corolla Cross,2026,0,100000,0,,1,SUV,Petrol,Automatic,White,new,0,Mass_Market,Phnom Penh,Tier_1,store,0,0,2026-05-23 10:03:34,2026-09-06T07:12:31.326517+00:00,2026-09-06
13581247,33500.0,10.419330568113901,Toyota,Fortuner,2016,10,,1,,1,SUV,Diesel,Automatic,Blue,used,1,Mass_Market,Kandal,Tier_2,store,1,0,2026-05-29 10:51:41,2026-09-06T07:13:10.475388+00:00,2026-09-06
13603950,5800.0,8.665785595466064,Toyota,Camry,1998,28,,1,,1,Sedan,Petrol,Automatic,Grey,used,1,Mass_Market,Phnom Penh,Tier_1,individual,0,0,2026-06-03 22:40:26,2026-09-02T09:51:41.753304+00:00,2026-09-02
13630407,18700.0,9.83633227734872,Toyota,Prius,2015,11,,1,,1,Hatchback,Hybrid,Automatic,White,used,0,Mass_Market,Phnom Penh,Tier_1,individual,0,0,2026-06-10 12:31:07,2026-09-03T09:13:25.037465+00:00,2026-09-03
13671492,59000.0,10.985309671896763,Toyota,Alphard,2017,9,,1,,1,MPV,Petrol,Automatic,White,used,1,Mass_Market,Phnom Penh,Tier_1,individual,0,0,2026-06-20 12:25:06,2026-09-03T07:13:21.679779+00:00,2026-09-03
13696192,14000.0,9.546884034617925,Toyota,Highlander,2002,24,,1,,1,SUV,Petrol,Automatic,Gold,used,1,Mass_Market,Phnom Penh,Tier_1,store,1,0,2026-06-26 10:06:50,2026-09-02T09:51:58.724004+00:00,2026-09-02
13718274,38000.0,10.545367754151743,Toyota,Land Cruiser,2011,15,,1,,1,SUV,Diesel,Automatic,Black,used,1,Mass_Market,Phnom Penh,Tier_1,store,0,0,2026-07-01 21:32:02,2026-09-02T09:51:48.618463+00:00,2026-09-02
13719893,12348.0,9.421330367117822,Toyota,Highlander,2002,24,,1,,1,Sedan,Petrol,Automatic,Gold,used,1,Mass_Market,Phnom Penh,Tier_1,individual,0,0,2026-07-02 11:02:58,2026-09-05T07:03:00.318832+00:00,2026-09-05
13728925,14900.0,9.60918360377546,Toyota,Prius,2011,15,,1,,1,Hatchback,Hybrid,Automatic,White,used,0,Mass_Market,Phnom Penh,Tier_1,store,0,0,2026-07-04 15:06:33,2026-09-02T09:53:04.784882+00:00,2026-09-02
13731131,17000.0,9.741027444837728,Toyota,Prius,2013,13,,1,,1,Hatchback,Hybrid,Automatic,White,used,0,Mass_Market,Phnom Penh,Tier_1,store,0,0,2026-07-05 10:54:46,2026-09-02T09:51:32.073339+00:00,2026-09-02
13750784,4700.0,8.45553053102413,Toyota,Corolla,1998,28,,1,,1,Sedan,Petrol,Automatic,Gold,used,1,Mass_Market,Kep,Tier_3,individual,0,0,2026-07-10 06:53:01,2026-09-03T07:15:47.451275+00:00,2026-09-03
13773805,13900.0,9.539716058977092,Toyota,Prius,2012,14,,1,,1,Hatchback,Hybrid,Automatic,Black,used,0,Mass_Market,Phnom Penh,Tier_1,individual,0,0,2026-07-15 20:47:15,2026-09-03T09:12:48.932918+00:00,2026-09-03
13788157,42500.0,10.657282884047461,Toyota,Alphard,2017,9,,1,,1,MPV,Petrol,Automatic,Black,used,1,Mass_Market,Phnom Penh,Tier_1,individual,0,0,2026-07-19 23:10:47,2026-09-03T09:13:48.849393+00:00,2026-09-03
13817859,16700.0,9.723223876851618,Toyota,Prius,2014,12,,1,,1,Hatchback,Hybrid,Automatic,Grey,used,1,Mass_Market,Phnom Penh,Tier_1,store,0,0,2026-07-27 19:44:22,2026-09-02T09:53:58.337165+00:00,2026-09-02
13821155,27900.0,10.236417809461043,Toyota,Land Cruiser,2009,17,,1,,1,SUV,Petrol,Automatic,White,used,1,Mass_Market,Phnom Penh,Tier_1,store,0,1,2026-07-28 14:33:02,2026-09-06T07:11:42.380815+00:00,2026-09-06
13832733,12600.0,9.441531454869693,Toyota,Highlander,2003,23,,1,,1,SUV,Petrol,Automatic,Gold,used,1,Mass_Market,Phnom Penh,Tier_1,store,0,0,2026-07-31 12:17:56,2026-09-06T07:12:30.610450+00:00,2026-09-06
13856928,22300.0,10.012386799492118,Toyota,Raize,2026,0,100000,0,1000,0,SUV,Petrol,Automatic,Silver,new,0,Mass_Market,Phnom Penh,Tier_1,store,0,0,2026-08-06 19:16:50,2026-09-02T09:53:47.378026+00:00,2026-09-02
13859834,17900.0,9.792611856190192,Toyota,Prius,2017,9,,1,,1,Hatchback,Hybrid,Automatic,Blue,used,0,Mass_Market,Phnom Penh,Tier_1,individual,0,0,2026-08-07 14:13:17,2026-09-03T09:12:48.707155+00:00,2026-09-03
13860346,16700.0,9.723223876851618,Toyota,Tundra,2007,19,,1,,1,SUV,LPG,Automatic,White,used,1,Mass_Market,Kampong Speu,Tier_3,individual,0,0,2026-08-07 16:01:54,2026-09-03T09:14:12.162474+00:00,2026-09-03
13868424,26700.0,10.192456296870509,Toyota,Prius,2020,6,,1,,1,Hatchback,Hybrid,Automatic,Grey,used,0,Mass_Market,Phnom Penh,Tier_1,store,0,0,2026-08-10 07:42:08,2026-09-02T09:51:54.911768+00:00,2026-09-02
13871022,26300.0,10.177362240256695,Toyota,Camry,2013,13,,1,,1,Sedan,Hybrid,Automatic,White,used,0,Mass_Market,Phnom Penh,Tier_1,store,1,0,2026-08-10 16:11:38,2026-09-02T09:53:14.368525+00:00,2026-09-02
13878977,18600.0,9.83097062169695,Toyota,Prius,2012,14,,1,,1,Sedan,Hybrid,Automatic,White,used,1,Mass_Market,Phnom Penh,Tier_1,individual,0,0,2026-08-12 16:07:53,2026-09-04T07:17:08.581254+00:00,2026-09-04
13883142,15800.0,9.6678285081515,Toyota,Highlander,2003,23,,1,,1,SUV,Petrol,Automatic,Silver,used,1,Mass_Market,Phnom Penh,Tier_1,store,0,0,2026-08-13 17:13:23,2026-09-04T07:18:04.916177+00:00,2026-09-04
13885050,48900.0,10.797553125151618,Toyota,Alphard,2016,10,,1,,1,MPV,Petrol,Automatic,White,used,1,Mass_Market,Phnom Penh,Tier_1,individual,0,0,2026-08-14 10:42:07,2026-09-03T07:18:32.365108+00:00,2026-09-03
13895287,9000.0,9.105090961257085,Toyota,Prius,2006,20,,1,,1,Sedan,Petrol,Automatic,Silver,used,1,Mass_Market,Phnom Penh,Tier_1,individual,1,1,2026-08-17 09:30:44,2026-09-06T07:13:09.691637+00:00,2026-09-06
13899258,13999.0,9.546812608597396,Toyota,Hilux Vigo,2006,20,,1,,1,Pickup,Diesel,Automatic,Silver,used,1,Mass_Market,Phnom Penh,Tier_1,store,0,0,2026-08-18 08:58:11,2026-09-02T09:51:36.405358+00:00,2026-09-02
13904790,12000.0,9.392745258631441,Toyota,Camry,2007,19,,1,,1,Sedan,Petrol,Automatic,White,used,1,Mass_Market,Kandal,Tier_2,individual,0,0,2026-08-19 14:22:01,2026-09-02T09:51:59.649239+00:00,2026-09-02
13906040,35500.0,10.477316144080852,Toyota,Fortuner,2017,9,,1,,1,SUV,Diesel,Automatic,White,used,1,Mass_Market,Phnom Penh,Tier_1,individual,0,0,2026-08-19 22:25:51,2026-09-03T09:12:39.425192+00:00,2026-09-03
13907106,52000.0,10.859018228147887,Toyota,Alphard,2021,5,,1,,1,MPV,Petrol,Automatic,Black,used,1,Mass_Market,Phnom Penh,Tier_1,store,0,0,2026-08-20 10:08:03,2026-09-05T07:00:59.674244+00:00,2026-09-05
13912789,25800.0,10.158168529848494,Toyota,Prius,2018,8,112654,0,0,0,Hatchback,Electric,Automatic,Grey,used,0,Mass_Market,Phnom Penh,Tier_1,store,1,0,2026-08-21 16:55:23,2026-09-05T07:02:54.698445+00:00,2026-09-05
13914960,16800.0,9.729193687429403,Toyota,Alphard,2013,13,,1,,1,MPV,LPG,Automatic,White,used,1,Mass_Market,Phnom Penh,Tier_1,individual,0,0,2026-08-22 12:38:26,2026-09-05T07:02:45.313606+00:00,2026-09-05
13915618,8400.0,9.036106025364846,Toyota,Prius,2006,20,,1,,1,Hatchback,Hybrid,Automatic,Silver,used,1,Mass_Market,Phnom Penh,Tier_1,individual,1,0,2026-08-22 15:26:15,2026-09-03T09:12:29.264236+00:00,2026-09-03
13921224,12700.0,9.44943600950432,Toyota,Highlander,2001,25,,1,,1,SUV,Petrol,Automatic,White,used,1,Mass_Market,Takeo,Tier_3,individual,0,0,2026-08-24 09:42:54,2026-09-03T09:13:08.625660+00:00,2026-09-03
13921816,7400.0,8.909370405197466,Toyota,Prius,2004,22,,1,,1,SUV,Hybrid,Automatic,Gold,used,1,Mass_Market,Kandal,Tier_2,individual,0,0,2026-08-24 11:37:27,2026-09-02T09:54:40.306128+00:00,2026-09-02
13933507,27500.0,10.221977646629885,Toyota,Prius,2020,6,,1,,1,Sedan,Hybrid,Automatic,Grey,used,0,Mass_Market,Phnom Penh,Tier_1,store,0,0,2026-08-27 07:55:36,2026-09-02T09:51:54.754485+00:00,2026-09-02
13933993,18800.0,9.841665338892785,Toyota,Prius,2018,8,,1,,1,Hatchback,Hybrid,Automatic,Red,used,0,Mass_Market,Phnom Penh,Tier_1,store,0,0,2026-08-27 09:46:15,2026-09-02T09:55:43.965333+00:00,2026-09-02
13934516,10600.0,9.268703615273097,Toyota,Highlander,2001,25,,1,,1,SUV,Petrol,Automatic,Grey,used,1,Mass_Market,Kandal,Tier_2,individual,0,0,2026-08-27 11:36:49,2026-09-06T07:12:22.189622+00:00,2026-09-06
13936434,7900.0,8.974744612722734,Toyota,Prius,2005,21,,1,,1,Sedan,Hybrid,Automatic,Red,used,1,Mass_Market,Kandal,Tier_2,individual,0,0,2026-08-27 17:58:11,2026-09-02T09:52:57.961851+00:00,2026-09-02
13938601,5800.0,8.665785595466064,Toyota,Vitz,2008,18,,1,,1,Sedan,Petrol,Automatic,Grey,used,1,Mass_Market,Phnom Penh,Tier_1,individual,0,0,2026-08-28 12:26:48,2026-09-04T07:19:59.124857+00:00,2026-09-04
13940553,15500.0,9.648659816955295,Toyota,Prius,2010,16,,1,,1,Sedan,Hybrid,Automatic,White,used,1,Mass_Market,Battambang,Tier_2,individual,0,0,2026-08-28 21:18:26,2026-09-03T09:12:49.470605+00:00,2026-09-03
13940750,16977.0,9.739673667297913,Toyota,Raize,2022,4,20000,0,,1,SUV,Petrol,Automatic,Silver,used,1,Mass_Market,Phnom Penh,Tier_1,store,0,0,2026-08-28 22:41:47,2026-09-05T07:01:42.812725+00:00,2026-09-05
13944286,15900.0,9.674137279312397,Toyota,Prius,2010,16,,1,,1,Hatchback,Hybrid,Automatic,Silver,used,0,Mass_Market,Phnom Penh,Tier_1,store,0,0,2026-08-29 21:45:48,2026-09-02T09:55:21.418871+00:00,2026-09-02
13951907,25600.0,10.150386692204734,Toyota,Camry,2012,14,,1,,1,Sedan,Hybrid,Automatic,White,used,0,Mass_Market,Phnom Penh,Tier_1,store,1,0,2026-09-01 08:07:22,2026-09-05T07:00:57.810957+00:00,2026-09-05
13953897,9950.0,9.205428327615163,Toyota,Vitz,2015,11,,1,,1,Sedan,Petrol,Automatic,Silver,used,1,Mass_Market,Phnom Penh,Tier_1,individual,0,0,2026-09-01 13:59:20,2026-09-03T09:12:42.712964+00:00,2026-09-03
13957864,12500.0,9.433563920090563,Toyota,Prius,2008,18,,1,,1,Sedan,Hybrid,Automatic,White,used,0,Mass_Market,Phnom Penh,Tier_1,store,0,0,2026-09-02 13:13:17,2026-09-02T09:55:44.403828+00:00,2026-09-02
13958430,31500.0,10.357774570341576,Toyota,Land Cruiser,2010,16,,1,,1,SUV,Petrol,Automatic,White,used,1,Mass_Market,Phnom Penh,Tier_1,individual,0,0,2026-09-02 14:51:05,2026-09-02T09:53:29.769401+00:00,2026-09-02
13958644,11500.0,9.350189267092581,Toyota,Prius,2008,18,,1,,1,Sedan,Petrol,Automatic,White,used,1,Mass_Market,Phnom Penh,Tier_1,individual,0,0,2026-09-02 15:27:25,2026-09-02T09:52:41.058937+00:00,2026-09-02
13958829,8999.0,9.104979856318357,Toyota,RAV4,2002,24,,1,,1,SUV,Petrol,Automatic,White,used,1,Mass_Market,Phnom Penh,Tier_1,store,0,0,2026-09-02 16:07:39,2026-09-02T09:52:00.961561+00:00,2026-09-02
13961520,11900.0,9.38437770918244,Toyota,Prius,2009,17,305775,0,,1,Sedan,Hybrid,Automatic,Grey,used,0,Mass_Market,Phnom Penh,Tier_1,store,0,0,2026-09-03 11:24:13,2026-09-03T07:18:24.862371+00:00,2026-09-03
13961610,10900.0,9.296609807128359,Toyota,Camry,2003,23,,1,,1,Sedan,Petrol,Automatic,Gold,used,1,Mass_Market,Phnom Penh,Tier_1,individual,0,1,2026-09-03 11:40:51,2026-09-03T07:17:30.202225+00:00,2026-09-03
13963187,19800.0,9.893487720457795,Toyota,Alphard,2012,14,,1,,1,MPV,Petrol,Automatic,Black,used,1,Mass_Market,Phnom Penh,Tier_1,individual,0,0,2026-09-03 16:22:50,2026-09-06T07:10:03.945067+00:00,2026-09-06
13964964,37000.0,10.518700218288165,Toyota,Fortuner,2020,6,,1,,1,SUV,Diesel,Automatic,White,used,1,Mass_Market,Phnom Penh,Tier_1,individual,0,0,2026-09-04 09:11:38,2026-09-06T07:13:30.711643+00:00,2026-09-06
13966425,19500.0,9.87822102528824,Toyota,Alphard,2012,14,,1,,1,MPV,Hybrid,Automatic,Black,used,1,Mass_Market,Phnom Penh,Tier_1,individual,0,0,2026-09-04 13:34:06,2026-09-04T07:17:29.358214+00:00,2026-09-04
13973076,14200.0,9.561067663645012,Toyota,Tacoma,2006,20,,1,,1,Pickup,Petrol,Automatic,Silver,used,1,Mass_Market,Phnom Penh,Tier_1,individual,0,0,2026-09-06 11:25:44,2026-09-06T07:14:17.396238+00:00,2026-09-06
13973222,21200.0,9.961803629358965,Toyota,Rush,2021,5,40000,0,1500,0,MPV,Petrol,Automatic,White,used,1,Mass_Market,Phnom Penh,Tier_1,store,0,0,2026-09-06 11:59:50,2026-09-06T07:12:42.334243+00:00,2026-09-06
13973234,40500.0,10.609081944147828,Toyota,Alphard,2015,11,30000,0,,1,MPV,Hybrid,Automatic,Black,used,1,Mass_Market,Phnom Penh,Tier_1,store,0,0,2026-09-06 12:01:46,2026-09-06T07:12:29.551710+00:00,2026-09-06
13973643,1600.0,7.3783837129967145,Toyota,Corolla,1995,31,,1,,1,Hatchback,Petrol,Automatic,Black,used,1,Mass_Market,Phnom Penh,Tier_1,individual,0,0,2026-09-06 13:27:52,2026-09-06T07:10:22.829304+00:00,2026-09-06
13973664,16500.0,9.711176264112805,Toyota,Hilux Vigo,2007,19,,1,,1,Pickup,Diesel,Automatic,Gold,used,1,Mass_Market,Phnom Penh,Tier_1,store,0,0,2026-09-06 13:31:15,2026-09-06T07:10:08.114874+00:00,2026-09-06
13973751,15800.0,9.6678285081515,Toyota,RAV4,2008,18,,1,,1,SUV,Petrol,Automatic,White,used,0,Mass_Market,Phnom Penh,Tier_1,individual,0,0,2026-09-06 13:50:38,2026-09-06T07:09:54.071557+00:00,2026-09-06
13716626,38500.0,10.55843949396453,Toyota,Hilux Rally,2021,5,,1,,1,Pickup,Diesel,Automatic,White,used,1,Mass_Market,Phnom Penh,Tier_1,store,0,0,2026-07-01 13:23:16,2026-09-06T07:14:19.757339+00:00,2026-09-06
13895717,31888.0,10.370016401720026,Toyota,BZ3X,2026,0,,1,0,0,SUV,Electric,Automatic,White,new,0,Mass_Market,Phnom Penh,Tier_1,individual,0,0,2026-08-17 10:18:31,2026-09-03T03:45:21.877093+00:00,2026-09-03
13919542,13900.0,9.539716058977092,Toyota,ផ្លាកលេខ,2007,19,,1,,1,SUV,Petrol,Automatic,Black,used,1,Mass_Market,Phnom Penh,Tier_1,individual,0,0,2026-08-23 17:17:34,2026-09-03T09:13:27.095940+00:00,2026-09-03
13943563,48500.0,10.789339695269716,Toyota,Granvia,2020,6,,1,,1,MPV,Diesel,Automatic,White,used,1,Mass_Market,Phnom Penh,Tier_1,individual,0,0,2026-08-29 16:34:31,2026-09-02T09:55:28.320274+00:00,2026-09-02
13952343,29999.0,10.308952660644293,Toyota,bZ5,2025,1,,1,0,0,SUV,Electric,Automatic,Black,new,0,Mass_Market,Phnom Penh,Tier_1,store,0,0,2026-09-01 09:42:57,2026-09-06T07:09:42.161527+00:00,2026-09-06
13958931,21500.0,9.975854724662028,Toyota,Veloz,2024,2,115000,0,,1,MPV,Petrol,Automatic,White,used,1,Mass_Market,Phnom Penh,Tier_1,individual,0,0,2026-09-02 16:23:37,2026-09-02T09:51:48.267424+00:00,2026-09-02
13965446,34500.0,10.448743588106625,Toyota,Hilux,2020,6,,1,,1,Pickup,Diesel,Automatic,White,used,1,Mass_Market,Phnom Penh,Tier_1,store,0,0,2026-09-04 10:38:17,2026-09-06T07:14:09.180180+00:00,2026-09-06
13969859,13500.0,9.510519035757246,Toyota,Wigo,2024,2,10000,0,,1,SUV,Petrol,Automatic,White,used,1,Mass_Market,Phnom Penh,Tier_1,store,0,0,2026-09-05 12:15:47,2026-09-05T07:01:17.235173+00:00,2026-09-05
13830234,9000.0,9.105090961257085,Toyota,Camry,2003,23,,1,,1,Sedan,Diesel,Automatic,Grey,used,1,Mass_Market,Kandal,Tier_2,individual,0,0,2026-07-30 18:20:37,2026-09-06T07:13:44.701703+00:00,2026-09-06
13856790,4500.0,8.412054873292933,Toyota,Camry,1998,28,,1,,1,Sedan,Petrol,Automatic,Gold,used,1,Mass_Market,Phnom Penh,Tier_1,store,0,0,2026-08-06 18:20:48,2026-09-02T09:54:51.703270+00:00,2026-09-02
13905036,11800.0,9.375939552625749,Toyota,Camry,2008,18,,1,,1,Sedan,Petrol,Automatic,Black,used,1,Mass_Market,Phnom Penh,Tier_1,store,0,0,2026-08-19 15:11:05,2026-09-06T07:11:02.678192+00:00,2026-09-06
13953749,18800.0,9.841665338892785,Toyota,Prius,2013,13,257494,0,,1,Hatchback,Hybrid,Automatic,White,used,0,Mass_Market,Phnom Penh,Tier_1,individual,0,0,2026-09-01 13:26:39,2026-09-03T09:12:57.105936+00:00,2026-09-03
13966838,12000.0,9.392745258631441,Toyota,Alphard,2004,22,,1,,1,MPV,Petrol,Automatic,White,used,1,Mass_Market,Phnom Penh,Tier_1,individual,0,0,2026-09-04 14:51:19,2026-09-05T07:03:42.188400+00:00,2026-09-05
13970124,17200.0,9.75272280064639,Toyota,Prius,2013,13,,1,,1,Hatchback,Hybrid,Automatic,White,used,1,Mass_Market,Phnom Penh,Tier_1,store,0,0,2026-09-05 13:16:16,2026-09-05T06:59:22.698345+00:00,2026-09-05
13879126,14600.0,9.588845298501564,Toyota,Prius,2012,14,,1,,1,Sedan,,Automatic,White,used,0,Mass_Market,Phnom Penh,Tier_1,store,0,1,2026-08-12 16:44:21,2026-09-02T09:51:31.203128+00:00,2026-09-02
13910841,7900.0,8.974744612722734,Toyota,Prius,2004,22,,1,,1,Sedan,,Automatic,Green,used,1,Mass_Market,Phnom Penh,Tier_1,individual,0,0,2026-08-21 10:12:14,2026-09-04T07:19:11.356131+00:00,2026-09-04
13914277,24900.0,10.122663242288953,Toyota,Highlander,2009,17,,1,,1,SUV,,Automatic,White,used,1,Mass_Market,Phnom Penh,Tier_1,store,0,0,2026-08-22 10:18:15,2026-09-06T07:09:58.764565+00:00,2026-09-06
13951939,21800.0,9.989711119284745,Toyota,Prius,2012,14,,1,,1,Sedan,,Automatic,White,used,0,Mass_Market,Phnom Penh,Tier_1,store,0,0,2026-09-01 08:26:59,2026-09-03T07:16:03.104650+00:00,2026-09-03
13969968,17300.0,9.758519582283522,Toyota,Raize,2022,4,,1,,1,SUV,,Automatic,White,used,1,Mass_Market,Phnom Penh,Tier_1,individual,0,0,2026-09-05 12:42:12,2026-09-05T07:00:10.403705+00:00,2026-09-05
13909458,13800.0,9.53249633228804,Toyota,Highlander,2003,23,,1,,1,SUV,,Automatic,Gold,used,1,Mass_Market,Phnom Penh,Tier_1,store,1,0,2026-08-20 20:13:36,2026-09-02T09:52:31.133986+00:00,2026-09-02
13951970,16950.0,9.738082108118487,Toyota,Highlander,2004,22,,1,,1,SUV,,Automatic,Gold,used,1,Mass_Market,Phnom Penh,Tier_1,store,0,0,2026-09-01 08:39:12,2026-09-05T07:01:00.170522+00:00,2026-09-05
13866182,25000.0,10.12667110305036,Toyota,Fortuner,2014,12,,1,,1,SUV,,,Silver,used,1,Mass_Market,Phnom Penh,Tier_1,store,0,0,2026-08-09 11:35:16,2026-09-06T07:13:31.055200+00:00,2026-09-06
13966317,6950.0,8.846640813100485,Toyota,Prius,2004,22,,1,,1,Sedan,,,Silver,used,1,Mass_Market,Takeo,Tier_3,individual,1,0,2026-09-04 13:18:17,2026-09-06T07:11:32.810914+00:00,2026-09-06
13567788,9800.0,9.19023970026918,Toyota,Vitz,2014,12,,1,,1,,,,,used,0,Mass_Market,Phnom Penh,Tier_1,store,0,0,2026-05-26 10:16:57,2026-09-06T07:13:15.473502+00:00,2026-09-06
13954008,16600.0,9.717218213494077,Toyota,Highlander,2004,22,,1,,1,SUV,,,,used,1,Mass_Market,Phnom Penh,Tier_1,individual,0,0,2026-09-01 14:19:21,2026-09-03T09:12:35.902943+00:00,2026-09-03
13959009,12500.0,9.433563920090563,Toyota,Previa,2007,19,,1,,1,,Petrol,Automatic,Black,used,1,Mass_Market,Phnom Penh,Tier_1,store,0,1,2026-09-02 16:41:10,2026-09-02T09:51:37.961636+00:00,2026-09-02
13564155,6400.0,8.764209507142004,Toyota,Scion,2005,21,,1,,1,,,Automatic,Black,used,1,Mass_Market,Phnom Penh,Tier_1,store,0,0,2026-05-25 13:35:04,2026-09-05T07:00:30.285170+00:00,2026-09-05
13940199,11500.0,9.350189267092581,Toyota,RAV4,2003,23,,1,,1,SUV,,,White,used,1,Mass_Market,Phnom Penh,Tier_1,individual,0,0,2026-08-28 18:37:15,2026-09-03T09:12:42.235147+00:00,2026-09-03
13949172,17100.0,9.746892220313054,Toyota,Prius,2012,14,,1,,1,Hatchback,,,Silver,used,0,Mass_Market,Phnom Penh,Tier_1,store,0,0,2026-08-31 10:44:16,2026-09-03T07:13:30.079932+00:00,2026-09-03
13957837,17900.0,9.792611856190192,Toyota,Prius,2014,12,,1,,1,Hatchback,,,Grey,used,0,Mass_Market,Phnom Penh,Tier_1,store,1,0,2026-09-02 13:07:47,2026-09-02T09:55:51.342775+00:00,2026-09-02
13961592,11800.0,9.375939552625749,Toyota,Camry,2009,17,,1,,1,Sedan,,,Green,used,0,Mass_Market,Phnom Penh,Tier_1,store,0,0,2026-09-03 11:37:16,2026-09-03T07:17:40.124816+00:00,2026-09-03
13966640,5800.0,8.665785595466064,Toyota,RAV4,2004,22,,1,,1,SUV,,,Green,used,0,Mass_Market,Phnom Penh,Tier_1,store,0,1,2026-09-04 14:13:06,2026-09-04T07:16:26.072642+00:00,2026-09-04
13899875,14600.0,9.588845298501564,Toyota,Prius,2012,14,,1,,1,Hatchback,,,Green,used,0,Mass_Market,Phnom Penh,Tier_1,individual,1,0,2026-08-18 10:40:27,2026-09-05T07:02:22.910045+00:00,2026-09-05
13950857,7350.0,8.902591637374087,Toyota,Prius,2004,22,,1,,1,Sedan,Hybrid,,Silver,used,1,Mass_Market,Phnom Penh,Tier_1,individual,1,0,2026-08-31 16:34:08,2026-09-04T07:20:11.820773+00:00,2026-09-04
13969648,8350.0,9.03013657115323,Toyota,Prius,2005,21,,1,,1,Sedan,Hybrid,,White,used,1,Mass_Market,Phnom Penh,Tier_1,individual,0,0,2026-09-05 11:22:20,2026-09-05T07:04:10.539931+00:00,2026-09-05
13973216,16200.0,9.692828247710418,Toyota,Tacoma,2006,20,,1,,1,Pickup,Petrol,,White,used,0,Mass_Market,Kampong Cham,Tier_2,individual,0,0,2026-09-06 11:57:51,2026-09-06T07:12:59.473858+00:00,2026-09-06
13973793,2750.0,7.919719760924575,Toyota,Corolla,1995,31,,1,,1,Sedan,Petrol,,Gold,used,1,Mass_Market,Phnom Penh,Tier_1,individual,0,0,2026-09-06 13:59:41,2026-09-06T07:09:42.298707+00:00,2026-09-06
13527179,32500.0,10.389026137075234,Ford,Everest,2018,8,70000,0,,1,SUV,Diesel,Automatic,Black,used,1,Mass_Market,Phnom Penh,Tier_1,store,0,0,2026-05-17 09:17:15,2026-09-06T07:11:09.972557+00:00,2026-09-06
13528287,53900.0,10.894904309600681,Ford,Ranger Wildtrak,2026,0,,1,3000,0,Pickup,Diesel,Automatic,Silver,new,0,Mass_Market,Phnom Penh,Tier_1,store,0,0,2026-05-17 12:53:36,2026-09-06T07:13:32.712516+00:00,2026-09-06
13528310,79900.0,11.288543647320601,Ford,Ranger Raptor,2026,0,,1,,1,Pickup,Petrol,Automatic,Blue,new,0,Mass_Market,Phnom Penh,Tier_1,store,0,0,2026-05-17 12:58:48,2026-09-06T07:13:34.606435+00:00,2026-09-06
13646497,53000.0,10.87806606028079,Ford,F-150,2018,8,,1,3500,0,Pickup,Petrol,Automatic,White,used,1,Mass_Market,Phnom Penh,Tier_1,store,0,0,2026-06-14 11:16:57,2026-09-06T07:13:32.510482+00:00,2026-09-06
13662981,36000.0,10.491301994830229,Ford,Ranger,2020,6,,1,,1,Pickup,Diesel,Automatic,Grey,used,1,Mass_Market,Phnom Penh,Tier_1,store,0,0,2026-06-18 10:43:45,2026-09-06T07:11:49.307185+00:00,2026-09-06
13852859,19500.0,9.87822102528824,Ford,Mustang,2015,11,,1,,1,Coupe,Petrol,Automatic,White,used,1,Mass_Market,Phnom Penh,Tier_1,store,1,0,2026-08-05 19:03:37,2026-09-06T07:12:16.261229+00:00,2026-09-06
13877536,24300.0,10.098272780745283,Ford,Territory,2022,4,,1,,1,SUV,Diesel,Automatic,White,used,1,Mass_Market,Phnom Penh,Tier_1,store,0,0,2026-08-12 10:57:04,2026-09-06T07:11:59.338470+00:00,2026-09-06
13920792,41500.0,10.633472802314019,Ford,Ranger Wildtrak,2023,3,,1,,1,Pickup,Diesel,Automatic,Black,used,1,Mass_Market,Phnom Penh,Tier_1,store,0,0,2026-08-24 08:41:47,2026-09-06T07:10:08.824287+00:00,2026-09-06
13925258,37500.0,10.53212287826962,Ford,F-150,2020,6,,1,,1,Pickup,Petrol,Automatic,Black,used,1,Mass_Market,Phnom Penh,Tier_1,store,0,0,2026-08-25 09:16:11,2026-09-03T07:15:25.854957+00:00,2026-09-03
13954715,39777.0,10.591069274623191,Ford,Ranger Raptor,2022,4,,1,,1,Pickup,Diesel,Automatic,White,used,1,Mass_Market,Phnom Penh,Tier_1,store,0,0,2026-09-01 16:31:40,2026-09-05T07:01:41.955134+00:00,2026-09-05
13967072,36500.0,10.505094936455558,Ford,Ranger Wildtrak,2023,3,40000,0,,1,Pickup,Diesel,Automatic,Silver,used,1,Mass_Market,Phnom Penh,Tier_1,store,0,0,2026-09-04 15:36:02,2026-09-06T07:13:30.843928+00:00,2026-09-06
13958427,16000.0,9.680406499268875,Ford,Edge,2015,11,,1,,1,MPV,Petrol,Automatic,White,used,1,Mass_Market,Phnom Penh,Tier_1,individual,0,0,2026-09-02 14:50:06,2026-09-02T09:53:30.914686+00:00,2026-09-02
13970298,22550.0,10.023534689845578,Ford,Ecosport,2023,3,,1,,1,SUV,Petrol,Automatic,White,used,1,Mass_Market,Phnom Penh,Tier_1,store,0,0,2026-09-05 13:57:06,2026-09-05T06:58:05.056966+00:00,2026-09-05
13953965,48900.0,10.797553125151618,Ford,Ranger Raptor,2023,3,,1,,1,Pickup,Petrol,Automatic,Orange,used,1,Mass_Market,Phnom Penh,Tier_1,individual,0,0,2026-09-01 14:13:27,2026-09-03T09:12:23.147483+00:00,2026-09-03
13352941,42300.0,10.652566005416872,Ford,Ranger Wildtrak,2022,4,,1,,1,Pickup,,Automatic,White,used,1,Mass_Market,Phnom Penh,Tier_1,store,0,0,2026-03-30 15:35:19,2026-09-06T07:13:43.698974+00:00,2026-09-06
13966049,14700.0,9.595670797663967,Ford,Ecosport,2019,7,,1,,1,,Petrol,Automatic,White,used,1,Mass_Market,Phnom Penh,Tier_1,store,1,0,2026-09-04 12:13:30,2026-09-04T07:19:59.869664+00:00,2026-09-04
13896460,22678.0,10.029194665158862,Ford,Windstar,2016,10,,1,,1,,,Automatic,Black,used,1,Mass_Market,Phnom Penh,Tier_1,store,0,0,2026-08-17 12:21:51,2026-09-02T09:55:35.620010+00:00,2026-09-02
13973201,27800.0,10.2328272702548,Ford,Ranger,2022,4,22,0,,1,Pickup,,,Grey,used,1,Mass_Market,Phnom Penh,Tier_1,store,0,0,2026-09-06 11:55:24,2026-09-06T07:13:04.973350+00:00,2026-09-06
13611148,25300.0,10.138599199626192,Ford,Ranger,2014,12,,1,3200,0,Pickup,Diesel,,White,used,1,Mass_Market,Phnom Penh,Tier_1,store,0,0,2026-06-05 14:27:45,2026-09-06T07:10:22.752378+00:00,2026-09-06
13948778,26900.0,10.199918739620157,BMW,Z4,2014,12,,1,,1,Sedan,Diesel,Manual,White,used,1,Luxury,Phnom Penh,Tier_1,individual,0,0,2026-08-31 09:38:35,2026-09-03T09:14:08.295674+00:00,2026-09-03
13966542,109595.0,11.60455615647968,BMW,X7,2023,3,,1,,1,SUV,Petrol,Automatic,White,used,0,Luxury,Phnom Penh,Tier_1,store,0,0,2026-09-04 13:57:21,2026-09-04T07:16:50.058159+00:00,2026-09-04
13493570,39800.0,10.591647316585027,BMW,I3,2024,2,,1,0,0,,Electric,Automatic,Blue,new,0,Luxury,Phnom Penh,Tier_1,store,0,0,2026-05-08 17:22:48,2026-09-02T09:54:44.899644+00:00,2026-09-02
13694533,27500.0,10.221977646629885,BMW,4 Series,2014,12,30000,0,,1,Coupe,Petrol,Automatic,,used,0,Luxury,Phnom Penh,Tier_1,store,0,0,2026-06-25 18:47:50,2026-09-04T07:21:42.414754+00:00,2026-09-04
13407188,10999.0,9.305650551780507,BMW,5 Series,2006,20,,1,,1,Sedan,Petrol,Automatic,White,used,1,Luxury,Phnom Penh,Tier_1,individual,0,0,2026-04-17 00:26:09,2026-09-06T07:09:17.936033+00:00,2026-09-06
13761208,11500.0,9.350189267092581,BMW,I3,2015,11,250,0,,1,Hatchback,Hybrid,Automatic,Grey,used,0,Luxury,Phnom Penh,Tier_1,store,1,0,2026-07-12 17:02:20,2026-09-03T07:13:10.391020+00:00,2026-09-03
13969958,135000.0,11.813037464800539,Land Rover,Range Rover Sport,2023,3,,1,,1,SUV,Petrol,Automatic,Red,used,1,Luxury,Phnom Penh,Tier_1,store,1,0,2026-09-05 12:40:30,2026-09-05T07:00:18.718629+00:00,2026-09-05
13970177,28500.0,10.25769445336048,Land Rover,Range Rover Vogue,2014,12,,1,,1,SUV,Petrol,Automatic,White,used,1,Luxury,Phnom Penh,Tier_1,store,0,0,2026-09-05 13:27:19,2026-09-05T06:58:58.879636+00:00,2026-09-05
13973693,28500.0,10.25769445336048,Land Rover,Range Rover Vogue,2014,12,,1,,1,SUV,Petrol,Automatic,White,used,1,Luxury,Phnom Penh,Tier_1,store,0,0,2026-09-06 13:36:27,2026-09-06T07:10:00.831516+00:00,2026-09-06
13931094,47000.0,10.757924157061597,Land Rover,Range Rover Vogue,2015,11,,1,,1,SUV,Diesel,,White,used,1,Luxury,Phnom Penh,Tier_1,store,0,0,2026-08-26 13:54:23,2026-09-04T07:20:03.419232+00:00,2026-09-04
13600522,41500.0,10.633472802314019,Land Rover,Range Rover Vogue,2015,11,,1,,1,SUV,Petrol,Automatic,Black,used,1,Luxury,Phnom Penh,Tier_1,individual,0,0,2026-06-03 09:42:32,2026-09-03T07:16:57.864454+00:00,2026-09-03
13670959,25000.0,10.12667110305036,Land Rover,Discovery,2012,14,,1,,1,SUV,Diesel,Automatic,White,used,1,Luxury,Phnom Penh,Tier_1,store,0,0,2026-06-20 10:39:50,2026-09-02T09:52:29.930669+00:00,2026-09-02
13829323,23800.0,10.077482875583607,Land Rover,Range Rover,2015,11,,1,,1,SUV,Diesel,Automatic,White,used,1,Luxury,Phnom Penh,Tier_1,store,0,0,2026-07-30 14:47:46,2026-09-05T07:00:05.489903+00:00,2026-09-05
13421408,23000.0,10.043292972227004,ផ្សេងៗ,,2026,0,,1,,1,,Diesel,Manual,White,new,0,Other,Phnom Penh,Tier_1,individual,0,0,2026-04-21 10:02:58,2026-09-03T07:14:27.358934+00:00,2026-09-03
13847044,25999.0,10.165851817003619,ផ្សេងៗ,,2025,1,,1,,1,,Diesel,Manual,White,new,0,Other,Phnom Penh,Tier_1,individual,0,0,2026-08-04 12:48:25,2026-09-03T07:14:27.723835+00:00,2026-09-03
13973254,32500.0,10.389026137075234,Mazda,EZ-60,2025,1,620,0,0,0,SUV,Electric,Automatic,,new,1,Mass_Market,Phnom Penh,Tier_1,store,0,0,2026-09-06 12:06:17,2026-09-06T07:12:20.239296+00:00,2026-09-06
13918360,26500.0,10.184937747111391,Mazda,BT-50,2019,7,,1,,1,Pickup,Diesel,Automatic,White,used,0,Mass_Market,Siem Reap,Tier_2,store,0,0,2026-08-23 12:17:58,2026-09-04T07:18:13.212028+00:00,2026-09-04
13953704,26500.0,10.184937747111391,Mazda,BT-50,2020,6,,1,,1,Pickup,Diesel,Automatic,White,used,1,Mass_Market,Phnom Penh,Tier_1,individual,0,0,2026-09-01 13:20:09,2026-09-03T09:13:01.528064+00:00,2026-09-03
13966036,17500.0,9.770013301136158,Mazda,CX-5,2014,12,,1,,1,SUV,Petrol,Automatic,White,used,1,Mass_Market,Phnom Penh,Tier_1,store,0,0,2026-09-04 12:11:59,2026-09-04T07:20:04.795421+00:00,2026-09-04
13969265,12500.0,9.433563920090563,Mazda,Mazda 2,2018,8,,1,,1,Hatchback,Petrol,Automatic,Red,used,1,Mass_Market,Phnom Penh,Tier_1,store,1,0,2026-09-05 10:16:32,2026-09-06T07:11:32.544415+00:00,2026-09-06
13973151,32800.0,10.39821428171237,Mazda,BT-50,2022,4,,1,,1,Pickup,Diesel,Automatic,White,used,1,Mass_Market,Phnom Penh,Tier_1,store,0,0,2026-09-06 11:46:30,2026-09-06T07:13:22.442833+00:00,2026-09-06
13847417,37000.0,10.518700218288165,Nissan,Paladin,2025,1,,1,,1,SUV,Petrol,Automatic,White,new,0,Mass_Market,Battambang,Tier_2,store,0,0,2026-08-04 13:56:19,2026-09-06T07:09:42.845823+00:00,2026-09-06
13933397,9500.0,9.15915233520675,Nissan,Frontier,2008,18,,1,,1,Pickup,Petrol,Automatic,White,used,1,Mass_Market,Siem Reap,Tier_2,store,0,0,2026-08-27 06:46:22,2026-09-02T09:55:55.058963+00:00,2026-09-02
13966073,17700.0,9.781376414141157,Nissan,Juke,2018,8,,1,,1,SUV,Petrol,Automatic,White,used,1,Mass_Market,Phnom Penh,Tier_1,store,1,0,2026-09-04 12:17:51,2026-09-04T07:19:51.407739+00:00,2026-09-04
13689889,35800.0,10.485731104959568,Nissan,NX,2026,0,,1,0,0,SUV,Electric,Automatic,Black,new,0,Mass_Market,Phnom Penh,Tier_1,store,0,0,2026-06-24 15:51:51,2026-09-03T07:14:25.442120+00:00,2026-09-03
13843997,11300.0,9.332646496360152,Nissan,Frontier,2006,20,,1,,1,Pickup,Petrol,Automatic,Silver,used,1,Mass_Market,Phnom Penh,Tier_1,individual,0,0,2026-08-03 16:03:25,2026-09-03T07:17:25.715409+00:00,2026-09-03
13418010,22900.0,10.038935856711177,Chevrolet,Colorado,2018,8,90000,0,2800,0,Pickup,Diesel,Automatic,White,used,1,Mass_Market,Phnom Penh,Tier_1,individual,1,0,2026-04-20 11:57:11,2026-09-04T07:21:58.236641+00:00,2026-09-04
13875170,27500.0,10.221977646629885,Chevrolet,Colorado,2020,6,20000,0,,1,Pickup,Diesel,Automatic,White,used,1,Mass_Market,Phnom Penh,Tier_1,store,0,0,2026-08-11 16:54:33,2026-09-02T09:53:27.040558+00:00,2026-09-02
13881728,28500.0,10.25769445336048,Chevrolet,Colorado,2020,6,,1,,1,Pickup,Diesel,Automatic,White,used,1,Mass_Market,Phnom Penh,Tier_1,store,1,0,2026-08-13 11:47:52,2026-09-03T07:16:54.328273+00:00,2026-09-03
13680659,21500.0,9.975854724662028,Hyundai,Starex,2018,8,,1,,1,MPV,Diesel,Automatic,White,used,1,Mass_Market,Phnom Penh,Tier_1,store,0,0,2026-06-22 18:16:41,2026-09-06T07:12:20.407054+00:00,2026-09-06
13555893,1300.0,7.170888478512505,Hyundai,Atoz,1997,29,,1,,1,SUV,Petrol,Automatic,Grey,used,1,Mass_Market,Phnom Penh,Tier_1,individual,0,0,2026-05-23 10:32:06,2026-09-06T07:12:10.686193+00:00,2026-09-06
13771991,15800.0,9.6678285081515,Hyundai,Starex,2015,11,,1,,1,MPV,Diesel,Automatic,White,used,0,Mass_Market,Phnom Penh,Tier_1,store,0,0,2026-07-15 13:10:17,2026-09-04T07:17:54.136478+00:00,2026-09-04
13405447,2500.0,7.824445930877619,Hyundai,ផ្សេងៗ,1999,27,,1,,1,,Diesel,Manual,White,used,1,Mass_Market,Kampong Speu,Tier_3,individual,0,0,2026-04-15 14:39:35,2026-09-02T09:54:28.537559+00:00,2026-09-02
13919269,32900.0,10.401258331428318,Hyundai,Staria,2022,4,,1,,1,,Diesel,Automatic,Black,used,1,Mass_Market,Phnom Penh,Tier_1,individual,0,0,2026-08-23 15:52:08,2026-09-03T09:13:19.063487+00:00,2026-09-03
13764420,13200.0,9.488047863280759,Hyundai,Starex,2011,15,,1,,1,MPV,Diesel,Automatic,Black,used,0,Mass_Market,Phnom Penh,Tier_1,store,0,1,2026-07-13 15:18:13,2026-09-06T07:12:20.564116+00:00,2026-09-06
13888964,59000.0,10.985309671896763,Xiaomi,YU7,2025,1,,1,0,0,SUV,Electric,Automatic,Green,used,0,Other,Phnom Penh,Tier_1,store,0,0,2026-08-15 11:08:04,2026-09-02T09:53:16.041154+00:00,2026-09-02
13889777,39800.0,10.591647316585027,li,L6,2025,1,10000,0,,1,SUV,Hybrid,Automatic,White,used,1,Other,Phnom Penh,Tier_1,store,0,0,2026-08-15 14:34:53,2026-09-02T09:53:30.730173+00:00,2026-09-02
13961846,16800.0,9.729193687429403,Changan,CS75 PLUS,2022,4,,1,,1,,Petrol,Automatic,Grey,used,1,Chinese_EV,Phnom Penh,Tier_1,individual,0,0,2026-09-03 12:21:17,2026-09-03T07:15:59.767225+00:00,2026-09-03
13739204,26990.0,10.203258756085228,Chery,ផ្សេងៗ,2026,0,,1,,1,SUV,Petrol,Automatic,White,new,0,Chinese_EV,Phnom Penh,Tier_1,store,0,0,2026-07-07 11:27:55,2026-09-02T09:53:19.263678+00:00,2026-09-02
13656946,26500.0,10.184937747111391,Deepal,ផ្សេងៗ,2026,0,,1,0,0,Station Wagon,Electric,Automatic,Silver,new,0,Chinese_EV,Phnom Penh,Tier_1,individual,0,0,2026-06-16 20:14:28,2026-09-03T09:12:51.136929+00:00,2026-09-03
13907015,27500.0,10.221977646629885,GAC,GN8,2024,2,,1,,1,MPV,Petrol,Automatic,Black,used,1,Chinese_EV,Phnom Penh,Tier_1,store,1,0,2026-08-20 09:53:59,2026-09-02T09:55:41.669036+00:00,2026-09-02
13914494,27888.0,10.23598762483351,GAC,M8,2024,2,,1,,1,MPV,Petrol,Automatic,Black,used,1,Chinese_EV,Phnom Penh,Tier_1,store,0,0,2026-08-22 10:54:31,2026-09-03T07:17:50.067921+00:00,2026-09-03
13445862,14888.0,9.608377964255551,BESTUNE,E05,2025,1,,1,0,0,MPV,Electric,Automatic,White,new,0,Other,Phnom Penh,Tier_1,store,0,0,2026-04-26 20:15:03,2026-09-05T06:58:37.253813+00:00,2026-09-05
13928061,11900.0,9.38437770918244,Audi,Q7,2011,15,,1,,1,SUV,Petrol,Automatic,White,used,1,Luxury,Phnom Penh,Tier_1,individual,0,0,2026-08-25 17:50:09,2026-09-06T07:09:54.866204+00:00,2026-09-06
13301409,37200.0,10.524090921620362,Lexus,NX200t,2015,11,,1,,1,SUV,Petrol,Automatic,Yellow,used,0,Luxury,Phnom Penh,Tier_1,store,1,0,2026-03-17 15:58:37,2026-09-06T07:09:57.873834+00:00,2026-09-06
13422731,22500.0,10.021315031649332,Lexus,RX330,2005,21,,1,,1,SUV,Petrol,Automatic,White,used,1,Luxury,Phnom Penh,Tier_1,store,0,0,2026-04-21 14:01:15,2026-09-06T07:12:30.604162+00:00,2026-09-06
13440433,32900.0,10.401258331428318,Lexus,NX200t,2016,10,,1,,1,SUV,Petrol,Automatic,White,used,1,Luxury,Phnom Penh,Tier_1,store,1,0,2026-04-25 12:54:40,2026-09-06T07:10:45.397377+00:00,2026-09-06
13503117,41800.0,10.640675541671662,Lexus,LX570,2009,17,,1,,1,SUV,Petrol,Automatic,Black,used,1,Luxury,Phnom Penh,Tier_1,individual,0,1,2026-05-11 12:05:42,2026-09-04T07:19:45.364321+00:00,2026-09-04
13724233,18500.0,9.825580063659602,Lexus,RX330,2024,2,,1,,1,SUV,Petrol,Automatic,Gold,used,1,Luxury,Phnom Penh,Tier_1,individual,0,0,2026-07-03 11:46:24,2026-09-06T07:13:37.054588+00:00,2026-09-06
13738464,16500.0,9.711176264112805,Lexus,LX470,2003,23,,1,,1,SUV,Petrol,Automatic,White,used,1,Luxury,Phnom Penh,Tier_1,individual,0,0,2026-07-07 09:17:32,2026-09-03T09:13:16.018791+00:00,2026-09-03
13756700,16500.0,9.711176264112805,Lexus,RX330,2004,22,,1,,1,SUV,Petrol,Automatic,Grey,used,1,Luxury,Phnom Penh,Tier_1,store,0,0,2026-07-11 12:50:44,2026-09-06T07:11:10.151956+00:00,2026-09-06
13843699,95000.0,11.461642696843066,Lexus,LX570,2019,7,,1,,1,SUV,Petrol,Automatic,Black,used,1,Luxury,Phnom Penh,Tier_1,store,0,0,2026-08-03 15:05:51,2026-09-05T06:59:52.308673+00:00,2026-09-05
13870175,17500.0,9.770013301136158,Lexus,RX330,2004,22,,1,,1,SUV,Petrol,Automatic,Blue,used,1,Luxury,Phnom Penh,Tier_1,store,0,0,2026-08-10 13:15:03,2026-09-04T07:18:06.650147+00:00,2026-09-04
13887472,85800.0,11.359785940419789,Lexus,LX570,2021,5,73000,0,,1,SUV,Petrol,Automatic,White,used,1,Luxury,Phnom Penh,Tier_1,store,0,0,2026-08-14 19:59:09,2026-09-02T09:52:21.800074+00:00,2026-09-02
13905866,29500.0,10.292179440058462,Lexus,NX200t,2015,11,,1,,1,SUV,Petrol,Automatic,White,used,1,Luxury,Siem Reap,Tier_2,individual,0,0,2026-08-19 20:32:41,2026-09-06T07:13:48.086355+00:00,2026-09-06
13913320,9500.0,9.15915233520675,Lexus,RX300,2003,23,,1,,1,SUV,Petrol,Automatic,Silver,used,1,Luxury,Phnom Penh,Tier_1,individual,0,0,2026-08-21 21:11:44,2026-09-03T09:12:34.387647+00:00,2026-09-03
13915528,55000.0,10.915106645867503,Lexus,RX450h,2016,10,,1,,1,SUV,Hybrid,Automatic,White,used,1,Luxury,Phnom Penh,Tier_1,individual,1,0,2026-08-22 15:06:40,2026-09-06T07:13:54.636740+00:00,2026-09-06
13920803,11500.0,9.350189267092581,Lexus,RX300,2001,25,,1,,1,SUV,LPG,Automatic,White,used,1,Luxury,Siem Reap,Tier_2,individual,0,0,2026-08-24 08:43:06,2026-09-03T09:14:12.492733+00:00,2026-09-03
13926512,10500.0,9.259225769705994,Lexus,RX300,2001,25,,1,,1,SUV,LPG,Automatic,White,used,1,Luxury,Phnom Penh,Tier_1,individual,0,0,2026-08-25 13:14:36,2026-09-03T07:18:17.286888+00:00,2026-09-03
13948990,12500.0,9.433563920090563,Lexus,RX300,2002,24,,1,,1,SUV,Petrol,Automatic,White,used,1,Luxury,Phnom Penh,Tier_1,individual,0,0,2026-08-31 10:14:07,2026-09-06T07:13:57.751978+00:00,2026-09-06
13953226,10111.0,9.221478116386638,Lexus,RX300,2001,25,,1,,1,SUV,Petrol,Automatic,Gold,used,1,Luxury,Phnom Penh,Tier_1,individual,0,0,2026-09-01 12:05:04,2026-09-03T09:14:05.521596+00:00,2026-09-03
13953265,12500.0,9.433563920090563,Lexus,RX300,2002,24,,1,3000,0,SUV,Diesel,Manual,White,used,0,Luxury,Phnom Penh,Tier_1,individual,0,0,2026-09-01 12:13:24,2026-09-03T09:13:57.912112+00:00,2026-09-03
13953302,9900.0,9.200391041122515,Lexus,RX300,2001,25,,1,,1,Sedan,Petrol,Automatic,Grey,used,1,Luxury,Phnom Penh,Tier_1,individual,0,0,2026-09-01 12:20:47,2026-09-03T09:13:51.462100+00:00,2026-09-03
13955053,31500.0,10.357774570341576,Lexus,RX200t,2015,11,,1,,1,SUV,Petrol,Automatic,White,used,1,Luxury,Kampong Speu,Tier_3,individual,0,1,2026-09-01 17:53:20,2026-09-04T07:19:04.697226+00:00,2026-09-04
13957532,32800.0,10.39821428171237,Lexus,RX450h,2011,15,,1,,1,SUV,Hybrid,Automatic,White,used,0,Luxury,Phnom Penh,Tier_1,store,1,0,2026-09-02 12:07:59,2026-09-06T07:12:27.517027+00:00,2026-09-06
13961532,19600.0,9.883335864325275,Lexus,RX330,2005,21,,1,,1,SUV,Petrol,Automatic,Gold,used,1,Luxury,Phnom Penh,Tier_1,store,0,0,2026-09-03 11:26:03,2026-09-03T07:18:19.007142+00:00,2026-09-03
13967063,16800.0,9.729193687429403,Lexus,RX330,2005,21,,1,,1,SUV,Petrol,Automatic,White,used,1,Luxury,Phnom Penh,Tier_1,individual,1,1,2026-09-04 15:33:34,2026-09-06T07:10:14.408699+00:00,2026-09-06
13970071,19500.0,9.87822102528824,Lexus,RX350,2012,14,,1,,1,SUV,Petrol,Automatic,White,used,0,Luxury,Phnom Penh,Tier_1,store,0,0,2026-09-05 13:07:09,2026-09-05T06:59:15.945947+00:00,2026-09-05
13970125,81000.0,11.302216779257382,Lexus,LX570,2016,10,,1,,1,SUV,Petrol,Automatic,Black,used,1,Luxury,Phnom Penh,Tier_1,store,0,0,2026-09-05 13:16:17,2026-09-05T06:59:22.391250+00:00,2026-09-05
13973635,19500.0,9.87822102528824,Lexus,LX470,2004,22,,1,,1,SUV,Petrol,Automatic,White,used,1,Luxury,Phnom Penh,Tier_1,store,0,0,2026-09-06 13:26:03,2026-09-06T07:10:23.808814+00:00,2026-09-06
13973641,81000.0,11.302216779257382,Lexus,LX570,2016,10,,1,,1,SUV,Petrol,Automatic,Black,used,1,Luxury,Phnom Penh,Tier_1,store,0,0,2026-09-06 13:27:21,2026-09-06T07:10:22.962645+00:00,2026-09-06
13468191,115500.0,11.657034466915164,Lexus,NX350h,2026,0,,1,2500,0,SUV,Hybrid,Automatic,White,new,0,Luxury,Phnom Penh,Tier_1,store,1,0,2026-05-02 11:43:18,2026-09-06T07:13:39.127571+00:00,2026-09-06
13663036,35000.0,10.463131911491967,Lexus,NX200t,2017,9,,1,,1,SUV,Petrol,Automatic,Black,used,1,Luxury,Phnom Penh,Tier_1,individual,1,0,2026-06-18 10:55:45,2026-09-04T07:21:41.045299+00:00,2026-09-04
13672931,22800.0,10.034559673629849,Lexus,GS,2016,10,,1,,1,Sedan,Petrol,Automatic,Black,used,1,Luxury,Phnom Penh,Tier_1,store,0,0,2026-06-20 17:53:08,2026-09-02T09:52:22.207667+00:00,2026-09-02
13768261,31800.0,10.367253014814716,Lexus,GS,2016,10,,1,,1,Sedan,Petrol,Automatic,White,used,0,Luxury,Phnom Penh,Tier_1,store,0,0,2026-07-14 13:19:27,2026-09-04T07:17:12.376072+00:00,2026-09-04
13770841,14300.0,9.568084743872936,Lexus,GX470,2003,23,,1,,1,SUV,Petrol,Automatic,White,used,1,Luxury,Siem Reap,Tier_2,individual,0,0,2026-07-15 09:21:36,2026-09-03T09:13:23.109124+00:00,2026-09-03
13780056,21500.0,9.975854724662028,Lexus,RX400h,2006,20,,1,,1,SUV,Hybrid,Automatic,White,used,1,Luxury,Battambang,Tier_2,individual,0,0,2026-07-17 14:35:02,2026-09-06T07:10:39.154990+00:00,2026-09-06
13815626,27500.0,10.221977646629885,Lexus,ES,2013,13,,1,,1,Sedan,Hybrid,Automatic,White,used,0,Luxury,Phnom Penh,Tier_1,store,0,0,2026-07-27 11:19:05,2026-09-02T09:53:38.028827+00:00,2026-09-02
13935438,14377.0,9.573454539543818,Lexus,GS,2006,20,,1,,1,Sedan,Petrol,Manual,White,used,1,Luxury,Phnom Penh,Tier_1,individual,0,0,2026-08-27 14:37:34,2026-09-02T09:52:56.397582+00:00,2026-09-02
13937360,26500.0,10.184937747111391,Lexus,HS,2010,16,,1,,1,Sedan,Hybrid,Automatic,White,used,0,Luxury,Phnom Penh,Tier_1,store,0,0,2026-08-28 08:30:38,2026-09-03T07:16:03.373728+00:00,2026-09-03
13945951,28999.0,10.275051108968611,Lexus,RC,2016,10,,1,,1,Coupe,Petrol,Automatic,White,used,0,Luxury,Phnom Penh,Tier_1,store,1,0,2026-08-30 12:43:20,2026-09-02T09:53:38.520442+00:00,2026-09-02
13953212,21000.0,9.952325334619427,Lexus,HS,2010,16,,1,,1,Sedan,Petrol,Automatic,White,used,1,Luxury,Phnom Penh,Tier_1,individual,0,0,2026-09-01 12:02:43,2026-09-03T09:14:07.898998+00:00,2026-09-03
13961037,34600.0,10.451637862362272,Lexus,NX200t,2015,11,130000,0,,1,SUV,Petrol,Automatic,White,used,0,Luxury,Phnom Penh,Tier_1,individual,1,0,2026-09-03 09:49:17,2026-09-06T07:09:55.047143+00:00,2026-09-06
13962231,14900.0,9.60918360377546,Lexus,CT,2011,15,,1,,1,Hatchback,Petrol,Automatic,Black,used,1,Luxury,Phnom Penh,Tier_1,individual,0,0,2026-09-03 13:40:17,2026-09-03T07:13:35.850976+00:00,2026-09-03
13969816,15900.0,9.674137279312397,Lexus,CT,2012,14,,1,,1,Hatchback,Hybrid,Automatic,Silver,used,1,Luxury,Phnom Penh,Tier_1,store,1,0,2026-09-05 12:02:12,2026-09-05T07:01:46.596190+00:00,2026-09-05
13927200,6400.0,8.764209507142004,Lexus,RX300,1999,27,,1,,1,SUV,LPG,Automatic,Black,used,1,Luxury,Phnom Penh,Tier_1,individual,0,0,2026-08-25 14:53:32,2026-09-05T06:58:50.800997+00:00,2026-09-05
13966519,13900.0,9.539716058977092,Lexus,RX300,2003,23,,1,,1,SUV,Petrol,Automatic,White,used,1,Luxury,Phnom Penh,Tier_1,store,0,0,2026-09-04 13:52:54,2026-09-04T07:16:53.382872+00:00,2026-09-04
13311389,14000.0,9.546884034617925,Lexus,RX330,2004,22,,1,,1,SUV,,Automatic,Gold,used,1,Luxury,Phnom Penh,Tier_1,individual,0,0,2026-03-19 17:35:13,2026-09-06T07:09:52.433671+00:00,2026-09-06
13926625,14000.0,9.546884034617925,Lexus,LX470,2003,23,,1,,1,SUV,Petrol,,,used,1,Luxury,Phnom Penh,Tier_1,individual,0,1,2026-08-25 13:34:55,2026-09-04T07:17:09.565302+00:00,2026-09-04
13960003,15800.0,9.6678285081515,Lexus,RX400h,2006,20,,1,,1,,,Automatic,Gold,used,1,Luxury,Phnom Penh,Tier_1,store,0,0,2026-09-02 22:52:02,2026-09-06T07:13:28.493745+00:00,2026-09-06
13970095,19500.0,9.87822102528824,Lexus,HS,2010,16,,1,,1,Sedan,Hybrid,Automatic,,used,1,Luxury,Phnom Penh,Tier_1,store,0,0,2026-09-05 13:11:42,2026-09-05T06:59:27.012065+00:00,2026-09-05
13949585,9000.0,9.105090961257085,Lexus,RX300,2000,26,,1,,1,SUV,,,Green,used,0,Luxury,Phnom Penh,Tier_1,store,0,0,2026-08-31 12:03:32,2026-09-03T07:13:43.430266+00:00,2026-09-03
13958295,9900.0,9.200391041122515,Lexus,LX470,2000,26,,1,,1,SUV,,,Gold,used,0,Luxury,Phnom Penh,Tier_1,store,0,1,2026-09-02 14:30:19,2026-09-02T09:53:53.061677+00:00,2026-09-02
13961854,19200.0,9.862717639992917,Lexus,RX330,2005,21,,1,,1,SUV,,,Grey,used,1,Luxury,Phnom Penh,Tier_1,store,0,0,2026-09-03 12:22:40,2026-09-03T07:15:55.986714+00:00,2026-09-03
13768209,33999.0,10.4341158035983,Lexus,NX200t,2016,10,,1,,1,SUV,,,White,used,1,Luxury,Phnom Penh,Tier_1,individual,1,0,2026-07-14 13:06:35,2026-09-02T09:54:22.669565+00:00,2026-09-02
13958113,49800.0,10.815790343132422,Lexus,RX200t,2016,10,,1,,1,SUV,Petrol,,White,used,0,Luxury,Phnom Penh,Tier_1,store,1,0,2026-09-02 14:08:50,2026-09-02T09:54:19.320444+00:00,2026-09-02
13854935,40000.0,10.596659732783579,Lexus,NX200t F Sport,2016,10,,1,,1,,Petrol,,White,used,0,Luxury,Phnom Penh,Tier_1,store,0,0,2026-08-06 11:26:10,2026-09-06T07:12:36.500954+00:00,2026-09-06
13906001,16900.0,9.735128070758227,Geely,Coolray,2024,2,,1,,1,SUV,Petrol,Automatic,Red,used,1,Chinese_EV,Phnom Penh,Tier_1,individual,1,0,2026-08-19 21:53:10,2026-09-04T07:18:54.989530+00:00,2026-09-04
13711874,59800.0,10.998777662206932,Geely,ផ្សេងៗ,2025,1,150000,0,5500,0,SUV,Hybrid,Automatic,Black,new,0,Chinese_EV,Phnom Penh,Tier_1,store,0,0,2026-06-30 11:04:31,2026-09-02T09:53:56.269811+00:00,2026-09-02
13834544,49500.0,10.809748150372926,Isuzu,MU-X,2025,1,,1,3000,0,SUV,Diesel,Automatic,White,new,0,Mass_Market,Phnom Penh,Tier_1,store,1,0,2026-07-31 22:07:50,2026-09-03T07:13:56.189651+00:00,2026-09-03
13960160,11900.0,9.38437770918244,Isuzu,D-Max,2007,19,,1,,1,Pickup,Diesel,Manual,Black,used,1,Mass_Market,Battambang,Tier_2,individual,0,0,2026-09-03 00:37:00,2026-09-04T07:17:23.556702+00:00,2026-09-04
13733131,16800.0,9.729193687429403,Mercedes-Benz,S-Class,2010,16,,1,,1,Sedan,Petrol,Automatic,White,used,1,Luxury,Phnom Penh,Tier_1,store,0,0,2026-07-05 22:02:48,2026-09-02T09:52:21.795310+00:00,2026-09-02
13778896,199000.0,12.201065128819632,Mercedes-Benz,G-Class,2020,6,,1,,1,SUV,Petrol,Automatic,Black,used,1,Luxury,Phnom Penh,Tier_1,individual,0,0,2026-07-17 10:27:00,2026-09-05T07:04:03.347757+00:00,2026-09-05
13805835,27000.0,10.203629181337648,Mercedes-Benz,S350,2016,10,,1,,1,Sedan,Diesel,Automatic,Black,used,1,Luxury,Phnom Penh,Tier_1,individual,0,0,2026-07-24 12:58:10,2026-09-02T09:55:02.735871+00:00,2026-09-02
13878109,22900.0,10.038935856711177,Mercedes-Benz,C-Class,2015,11,,1,,1,Sedan,Petrol,Automatic,Black,used,0,Luxury,Phnom Penh,Tier_1,store,0,0,2026-08-12 12:49:41,2026-09-05T06:58:47.567960+00:00,2026-09-05
13878117,27500.0,10.221977646629885,Mercedes-Benz,C-Class,2015,11,,1,,1,Sedan,Petrol,Automatic,White,used,0,Luxury,Phnom Penh,Tier_1,store,0,0,2026-08-12 12:52:50,2026-09-06T07:10:48.867547+00:00,2026-09-06
13883700,23800.0,10.077482875583607,Mercedes-Benz,C-Class,2015,11,,1,,1,Sedan,Petrol,Automatic,White,used,1,Luxury,Phnom Penh,Tier_1,store,0,0,2026-08-13 21:19:18,2026-09-04T07:16:32.249374+00:00,2026-09-04
13936922,23800.0,10.077482875583607,Mercedes-Benz,C-Class,2016,10,,1,,1,SUV,Petrol,Automatic,White,used,1,Luxury,Phnom Penh,Tier_1,store,0,0,2026-08-27 21:56:48,2026-09-02T09:52:26.676781+00:00,2026-09-02
13937794,27000.0,10.203629181337648,Mercedes-Benz,C-Class,2016,10,,1,,1,SUV,Petrol,Automatic,White,used,1,Luxury,Phnom Penh,Tier_1,individual,0,0,2026-08-28 09:48:23,2026-09-02T09:55:40.195795+00:00,2026-09-02
13941960,78500.0,11.270866642542865,Mercedes-Benz,GLS-Class,2020,6,,1,,1,SUV,Petrol,Automatic,White,used,1,Luxury,Phnom Penh,Tier_1,store,0,0,2026-08-29 10:29:36,2026-09-06T07:14:13.859461+00:00,2026-09-06
13947567,320000.0,12.676079399771027,Mercedes-Benz,Maybach,2025,1,,1,,1,Sedan,Petrol,Automatic,Black,new,0,Luxury,Phnom Penh,Tier_1,individual,0,0,2026-08-30 21:55:51,2026-09-02T09:53:58.925997+00:00,2026-09-02
13954252,33000.0,10.404293143019792,Mercedes-Benz,S-Class,2015,11,110000,0,,1,Sedan,Petrol,Automatic,Black,used,1,Luxury,Phnom Penh,Tier_1,individual,0,0,2026-09-01 14:59:51,2026-09-04T07:17:48.414471+00:00,2026-09-04
13961621,25500.0,10.146472946063877,Mercedes-Benz,C-Class,2015,11,,1,,1,Sedan,Petrol,Automatic,White,used,1,Luxury,Phnom Penh,Tier_1,store,0,0,2026-09-03 11:42:05,2026-09-06T07:11:33.952523+00:00,2026-09-06
13970156,23500.0,10.064798252418377,Mercedes-Benz,C-Class,2015,11,,1,,1,Sedan,Petrol,Automatic,White,used,1,Luxury,Phnom Penh,Tier_1,store,0,0,2026-09-05 13:23:18,2026-09-05T06:58:50.808804+00:00,2026-09-05
13973605,34500.0,10.448743588106625,Mercedes-Benz,Maybach,2016,10,,1,,1,Station Wagon,Diesel,Automatic,Black,used,1,Luxury,Phnom Penh,Tier_1,store,0,0,2026-09-06 13:20:25,2026-09-06T07:10:29.676797+00:00,2026-09-06
13954177,65000.0,11.082157933374816,Mercedes-Benz,S-Class,2018,8,,1,,1,Sedan,Petrol,Automatic,Black,used,1,Luxury,Phnom Penh,Tier_1,individual,0,0,2026-09-01 14:48:50,2026-09-03T09:12:25.327784+00:00,2026-09-03
13745400,45000.0,10.714439990727769,Mercedes-Benz,S-Class,2014,12,49500,0,,1,Sedan,Petrol,Automatic,White,used,1,Luxury,,Unknown,store,0,0,2026-07-08 17:44:37,2026-09-06T07:12:44.142981+00:00,2026-09-06
13751171,23500.0,10.064798252418377,Mercedes-Benz,V-Class,2015,11,,1,,1,MPV,Diesel,Automatic,White,used,1,Luxury,,Unknown,store,0,0,2026-07-10 08:56:54,2026-09-06T07:12:47.179093+00:00,2026-09-06
13966202,79000.0,11.277215789596893,Mercedes-Benz,CLA AMG 45,2020,6,,1,,1,,,Automatic,Grey,used,0,Luxury,Phnom Penh,Tier_1,store,0,0,2026-09-04 12:47:39,2026-09-04T07:18:37.428442+00:00,2026-09-04
13377249,35000.0,10.463131911491967,Mercedes-Benz,S-Class,2015,11,,1,,1,Sedan,,,White,used,1,Luxury,Phnom Penh,Tier_1,store,0,0,2026-04-05 16:20:43,2026-09-06T07:13:22.758381+00:00,2026-09-06
13950124,31500.0,10.357774570341576,Mercedes-Benz,S-Class,2014,12,,1,,1,Sedan,Petrol,Automatic,Black,used,1,Luxury,Phnom Penh,Tier_1,individual,0,0,2026-08-31 14:00:34,2026-09-03T09:13:53.712456+00:00,2026-09-03
13461944,36666.0,10.509632446974212,Mercedes-Benz,S-Class,2015,11,,1,,1,Sedan,,,Black,used,1,Luxury,Phnom Penh,Tier_1,store,0,0,2026-04-30 16:24:56,2026-09-02T09:52:34.806523+00:00,2026-09-02
13909242,68000.0,11.127277689932466,Mercedes-Benz,ផ្សេងៗ,2007,19,,1,,1,Sedan,Petrol,,,used,1,Luxury,Phnom Penh,Tier_1,store,0,0,2026-08-20 18:20:39,2026-09-02T09:52:24.515206+00:00,2026-09-02
13451003,4950.0,8.507344855361422,Mercedes-Benz,S350,2002,24,,1,,1,,,,,used,1,Luxury,Phnom Penh,Tier_1,individual,0,0,2026-04-28 08:28:05,2026-09-03T09:13:26.265021+00:00,2026-09-03
13510641,26500.0,10.184937747111391,Mercedes-Benz,C-Class,2015,11,,1,,1,Sedan,Petrol,Automatic,White,used,1,Luxury,Phnom Penh,Tier_1,store,0,0,2026-05-13 07:22:02,2026-09-06T07:11:13.820007+00:00,2026-09-06
13537225,4850.0,8.486940148245216,Mercedes-Benz,C-Class,1998,28,,1,,1,Sedan,LPG,Automatic,White,used,1,Luxury,Phnom Penh,Tier_1,individual,0,0,2026-05-19 09:59:42,2026-09-05T07:00:04.276851+00:00,2026-09-05
13603106,25500.0,10.146472946063877,Mercedes-Benz,C-Class,2015,11,,1,,1,Sedan,Petrol,Manual,White,used,1,Luxury,Phnom Penh,Tier_1,store,0,0,2026-06-03 17:15:43,2026-09-02T09:54:09.907933+00:00,2026-09-02
13892716,59000.0,10.985309671896763,Porsche,ផ្សេងៗ,2015,11,,1,,1,Coupe,Petrol,Automatic,Grey,used,0,Luxury,Phnom Penh,Tier_1,individual,1,0,2026-08-16 12:54:24,2026-09-06T07:09:32.833369+00:00,2026-09-06
13402566,195000.0,12.180759965737863,Porsche,911,2020,6,17000,0,,1,Convertible,Petrol,Automatic,Grey,used,0,Luxury,Phnom Penh,Tier_1,store,0,0,2026-04-13 11:23:14,2026-09-03T07:14:42.489098+00:00,2026-09-03
13508397,70000.0,11.156264806643742,Porsche,Cayenne,2019,7,,1,,1,SUV,Petrol,Automatic,Black,used,1,Luxury,Phnom Penh,Tier_1,individual,0,0,2026-05-12 14:24:18,2026-09-02T09:55:05.555192+00:00,2026-09-02
13623619,13300.0,9.495594499353297,Porsche,Cayenne,2011,15,,1,,1,SUV,Hybrid,Automatic,White,used,1,Luxury,Phnom Penh,Tier_1,individual,0,0,2026-06-08 19:37:39,2026-09-03T09:12:52.972744+00:00,2026-09-03
13674583,82500.0,11.320565693461432,Porsche,Panamera,2017,9,,1,,1,Sedan,Petrol,Automatic,White,used,0,Luxury,Phnom Penh,Tier_1,store,0,0,2026-06-21 11:05:07,2026-09-05T06:58:16.927505+00:00,2026-09-05
13722198,245000.0,12.409017571151187,Porsche,Panamera,2025,1,,1,2900,0,Sedan,Petrol,Automatic,White,new,0,Luxury,Phnom Penh,Tier_1,store,0,0,2026-07-02 20:28:08,2026-09-05T07:00:19.483821+00:00,2026-09-05
13573453,52500.0,10.868587496017359,Jeep,Rubicon,2020,6,15000,0,3600,0,SUV,Petrol,Automatic,Black,used,0,Mass_Market,Phnom Penh,Tier_1,individual,0,0,2026-05-27 14:23:27,2026-09-04T07:20:00.976648+00:00,2026-09-04
13798929,45500.0,10.725489582719506,Jeep,Wrangler,2019,7,,1,,1,SUV,Petrol,Automatic,Black,used,0,Mass_Market,Phnom Penh,Tier_1,store,0,0,2026-07-22 15:07:33,2026-09-02T09:53:04.269612+00:00,2026-09-02
13827670,6800.0,8.824824939175638,SsangYong,ផ្សេងៗ,1999,27,,1,,1,,Diesel,Manual,White,used,1,Other,Phnom Penh,Tier_1,individual,0,0,2026-07-30 10:09:11,2026-09-03T09:12:50.862900+00:00,2026-09-03
13682544,18800.0,9.841665338892785,Foton,ផ្សេងៗ,2025,1,,1,0,0,MPV,Electric,Automatic,Grey,used,0,Other,Phnom Penh,Tier_1,store,0,0,2026-06-23 09:53:12,2026-09-06T07:12:47.583699+00:00,2026-09-06
13954083,16800.0,9.729193687429403,Kia,Carnival,2015,11,,1,,1,MPV,Diesel,Automatic,Silver,used,0,Mass_Market,Phnom Penh,Tier_1,individual,0,0,2026-09-01 14:31:00,2026-09-03T09:12:31.479575+00:00,2026-09-03
13954116,20900.0,9.94755228369823,Kia,Carnival,2018,8,,1,,1,MPV,Diesel,Automatic,White,used,0,Mass_Market,Phnom Penh,Tier_1,individual,1,0,2026-09-01 14:37:00,2026-09-03T09:12:30.363966+00:00,2026-09-03
13954203,19500.0,9.87822102528824,Kia,Carnival,2015,11,,1,,1,MPV,Diesel,Automatic,White,used,0,Mass_Market,Phnom Penh,Tier_1,individual,1,0,2026-09-01 14:51:05,2026-09-03T09:12:24.985168+00:00,2026-09-03
13545197,31999.0,10.373491181781864,Kia,Sorento,2023,3,20000,0,,1,SUV,Petrol,Automatic,White,used,1,Mass_Market,Phnom Penh,Tier_1,store,0,0,2026-05-20 21:44:09,2026-09-02T09:51:17.330229+00:00,2026-09-02
13867473,21000.0,9.952325334619427,Kia,Carnival,2020,6,,1,,1,MPV,Petrol,Automatic,White,used,1,Mass_Market,Phnom Penh,Tier_1,store,1,0,2026-08-09 17:56:01,2026-09-04T07:17:31.196690+00:00,2026-09-04
13756862,11900.0,9.38437770918244,Kia,Carnival,2010,16,,1,,1,MPV,,Automatic,Black,used,1,Mass_Market,Phnom Penh,Tier_1,individual,0,0,2026-07-11 13:35:15,2026-09-06T07:11:28.158784+00:00,2026-09-06
13929974,8250.0,9.018089684104343,Kia,Morning,2012,14,,1,,1,Sedan,,Automatic,White,used,0,Mass_Market,Phnom Penh,Tier_1,individual,1,0,2026-08-26 10:37:24,2026-09-04T07:19:11.398914+00:00,2026-09-04
13910197,23800.0,10.077482875583607,Kia,Carnival,2020,6,150000,0,,1,MPV,,,White,used,1,Mass_Market,Phnom Penh,Tier_1,store,0,0,2026-08-21 07:41:08,2026-09-02T09:54:15.800071+00:00,2026-09-02
13945630,17000.0,9.741027444837728,Kia,Borrego,2020,6,,1,,1,,Diesel,Manual,White,used,0,Mass_Market,Phnom Penh,Tier_1,individual,0,0,2026-08-30 11:24:53,2026-09-06T07:09:24.457466+00:00,2026-09-06
13918820,8750.0,9.076923258535832,Kia,Morning,2014,12,30000,0,,1,Hatchback,Petrol,Automatic,Grey,used,1,Mass_Market,Phnom Penh,Tier_1,individual,0,0,2026-08-23 14:05:45,2026-09-03T09:12:38.478961+00:00,2026-09-03
13940544,3450.0,8.146419323098003,Kia,Morning,2005,21,,1,,1,Sedan,Petrol,Automatic,Silver,used,1,Mass_Market,Battambang,Tier_2,individual,0,0,2026-08-28 21:15:55,2026-09-06T07:10:58.437005+00:00,2026-09-06
13959878,21800.0,9.989711119284745,Kia,Seltos,2023,3,,1,,1,SUV,Petrol,Automatic,Black,used,1,Mass_Market,Phnom Penh,Tier_1,store,0,0,2026-09-02 21:47:14,2026-09-06T07:11:31.956850+00:00,2026-09-06
13970259,34000.0,10.434145214930487,Kia,Carnival,2023,3,,1,,1,MPV,Petrol,Automatic,White,used,0,Mass_Market,Phnom Penh,Tier_1,store,0,0,2026-09-05 13:46:52,2026-09-05T06:58:17.910635+00:00,2026-09-05
13896922,44800.0,10.709985739582528,BYD,XIA,2025,1,,1,0,0,MPV,Electric,Automatic,Black,used,1,Chinese_EV,Phnom Penh,Tier_1,store,0,0,2026-08-17 14:05:57,2026-09-05T06:58:18.873806+00:00,2026-09-05
13827883,26800.0,10.196194479235656,BYD,Qin L,2024,2,,1,0,0,Sedan,Hybrid,Automatic,White,new,0,Chinese_EV,Phnom Penh,Tier_1,store,0,0,2026-07-30 10:37:57,2026-09-02T09:51:31.620430+00:00,2026-09-02
13970228,3400.0,8.131824785007195,Honda,CR-V,1997,29,,1,,1,SUV,Petrol,Manual,Grey,used,1,Mass_Market,Phnom Penh,Tier_1,individual,0,1,2026-09-05 13:38:23,2026-09-05T06:58:39.927773+00:00,2026-09-05
13901023,26300.0,10.177362240256695,Honda,City,2026,0,,1,,1,Sedan,Petrol,Automatic,Black,new,0,Mass_Market,Phnom Penh,Tier_1,individual,1,0,2026-08-18 14:28:40,2026-09-05T07:01:17.162640+00:00,2026-09-05
13962260,12500.0,9.433563920090563,Honda,element,2006,20,,1,,1,MPV,Petrol,Automatic,White,used,1,Mass_Market,Phnom Penh,Tier_1,store,0,0,2026-09-03 13:48:00,2026-09-03T07:13:24.916822+00:00,2026-09-03
13687470,4200.0,8.343077871169383,Honda,CR-V,1999,27,,1,,1,SUV,,Automatic,Silver,used,1,Mass_Market,Siem Reap,Tier_2,individual,0,0,2026-06-24 11:08:45,2026-09-03T07:12:31.267458+00:00,2026-09-03
13548466,36500.0,10.505094936455558,Ford,Ranger Wildtrak,2020,6,,1,,1,Pickup,Diesel,Automatic,White,used,1,Mass_Market,Phnom Penh,Tier_1,store,0,0,2026-05-21 15:01:17,2026-09-02T09:53:25.067106+00:00,2026-09-02
13612136,27800.0,10.2328272702548,Ford,Ranger Wildtrak,2017,9,,1,3200,0,Pickup,Diesel,Automatic,Silver,used,1,Mass_Market,Phnom Penh,Tier_1,store,0,0,2026-06-05 17:30:49,2026-09-02T09:52:49.600392+00:00,2026-09-02
13643968,29700.0,10.298935994257638,Ford,Ranger,2021,5,,1,,1,Pickup,Diesel,Automatic,White,used,1,Mass_Market,Phnom Penh,Tier_1,store,0,0,2026-06-13 14:30:24,2026-09-06T07:10:08.404294+00:00,2026-09-06
13702394,32700.0,10.39516093745751,Ford,Ranger Wildtrak,2019,7,97765,0,,1,Pickup,Diesel,Automatic,Silver,used,1,Mass_Market,Kandal,Tier_2,store,1,0,2026-06-27 16:27:33,2026-09-02T09:52:22.628309+00:00,2026-09-02
13718072,35000.0,10.463131911491967,Ford,Ranger,2023,3,,1,,1,Pickup,Diesel,Automatic,White,used,1,Mass_Market,Phnom Penh,Tier_1,store,0,0,2026-07-01 19:51:56,2026-09-05T06:59:13.305323+00:00,2026-09-05
13732297,23999.0,10.085809109330082,Ford,Ranger,2013,13,,1,,1,Pickup,Diesel,Automatic,Black,used,1,Mass_Market,Phnom Penh,Tier_1,store,0,0,2026-07-05 15:54:21,2026-09-02T09:51:37.436997+00:00,2026-09-02
13769111,39500.0,10.584081267024454,Ford,Ranger Wildtrak,2023,3,,1,,1,Pickup,Diesel,Automatic,Black,used,1,Mass_Market,Phnom Penh,Tier_1,individual,0,0,2026-07-14 16:02:32,2026-09-04T07:21:07.087518+00:00,2026-09-04
13816482,49000.0,10.799595985047786,Ford,Everest,2023,3,,1,,1,SUV,Petrol,Automatic,Grey,used,1,Mass_Market,Phnom Penh,Tier_1,store,0,0,2026-07-27 14:01:25,2026-09-06T07:13:47.430555+00:00,2026-09-06
13966045,27500.0,10.221977646629885,Ford,Ranger,2024,2,35000,0,2000,0,Pickup,Diesel,Automatic,Grey,used,1,Mass_Market,Phnom Penh,Tier_1,store,0,0,2026-09-04 12:12:43,2026-09-04T07:20:00.485220+00:00,2026-09-04
13871820,55000.0,10.915106645867503,Ford,F-150 Raptor,2019,7,,1,,1,Pickup,Petrol,Automatic,Black,used,1,Mass_Market,Phnom Penh,Tier_1,store,0,0,2026-08-10 20:59:51,2026-09-04T07:22:10.287028+00:00,2026-09-04
13886009,36500.0,10.505094936455558,Ford,Ranger Wildtrak,2021,5,,1,,1,Pickup,Petrol,,White,used,1,Mass_Market,Phnom Penh,Tier_1,individual,0,0,2026-08-14 13:45:49,2026-09-04T07:18:59.419181+00:00,2026-09-04
13966052,14700.0,9.595670797663967,Ford,Ecosport,2019,7,,1,,1,,Petrol,Automatic,White,used,1,Mass_Market,Phnom Penh,Tier_1,store,1,0,2026-09-04 12:14:15,2026-09-04T07:19:58.501233+00:00,2026-09-04
13414691,39500.0,10.584081267024454,BMW,7 Series,2016,10,,1,,1,Sedan,Petrol,Automatic,White,used,1,Luxury,Phnom Penh,Tier_1,store,0,0,2026-04-19 13:57:10,2026-09-06T07:12:22.778457+00:00,2026-09-06
13630983,10900.0,9.296609807128359,BMW,I3,2014,12,,1,0,0,Sedan,Electric,Automatic,Grey,used,1,Luxury,Phnom Penh,Tier_1,store,0,0,2026-06-10 14:18:40,2026-09-05T06:59:57.798479+00:00,2026-09-05
13958019,54000.0,10.896757843893464,BMW,ផ្សេងៗ,2024,2,,1,0,0,Sedan,Electric,Automatic,White,new,0,Luxury,Phnom Penh,Tier_1,store,0,0,2026-09-02 13:53:22,2026-09-02T09:54:43.879446+00:00,2026-09-02
13936923,26800.0,10.196194479235656,BMW,7 Series,2016,10,86000,0,,1,Sedan,Petrol,,Black,used,1,Luxury,Phnom Penh,Tier_1,store,0,0,2026-08-27 21:58:40,2026-09-02T09:52:26.272975+00:00,2026-09-02
13403563,31800.0,10.367253014814716,Land Rover,Range Rover Vogue,2014,12,,1,,1,SUV,Petrol,Automatic,White,used,1,Luxury,Phnom Penh,Tier_1,store,0,0,2026-04-14 01:24:41,2026-09-02T09:53:08.561454+00:00,2026-09-02
13458823,33500.0,10.419330568113901,Land Rover,Range Rover Vogue,2016,10,,1,,1,SUV,Diesel,Automatic,White,used,1,Luxury,Phnom Penh,Tier_1,store,0,0,2026-04-29 21:26:38,2026-09-02T09:54:21.829479+00:00,2026-09-02
13567174,36800.0,10.513280297700861,Land Rover,Range Rover Vogue,2016,10,,1,,1,SUV,Petrol,Automatic,White,used,1,Luxury,Phnom Penh,Tier_1,store,0,0,2026-05-26 08:52:15,2026-09-06T07:10:17.909689+00:00,2026-09-06
13969298,31800.0,10.367253014814716,Land Rover,Range Rover Vogue,2014,12,,1,,1,SUV,Petrol,Automatic,White,used,1,Luxury,Phnom Penh,Tier_1,store,1,0,2026-09-05 10:20:14,2026-09-06T07:09:21.276640+00:00,2026-09-06
13970054,25000.0,10.12667110305036,Land Rover,Range Rover Vogue,2014,12,,1,,1,SUV,Petrol,Automatic,Black,used,1,Luxury,Phnom Penh,Tier_1,store,0,0,2026-09-05 13:03:15,2026-09-05T06:59:31.229306+00:00,2026-09-05
13973473,71000.0,11.170449240431308,Land Rover,Range Rover Vogue,2018,8,,1,,1,SUV,Diesel,Automatic,Black,used,1,Luxury,Phnom Penh,Tier_1,store,0,0,2026-09-06 13:00:06,2026-09-06T07:11:17.972477+00:00,2026-09-06
13943051,31500.0,10.357774570341576,Land Rover,Range Rover,2015,11,,1,,1,,,Automatic,White,used,1,Luxury,Phnom Penh,Tier_1,store,0,0,2026-08-29 14:34:28,2026-09-02T09:55:39.755915+00:00,2026-09-02
13966526,144526.0,11.881221620291184,Land Rover,Range Rover,2023,3,,1,,1,,Hybrid,Automatic,White,used,0,Luxury,Phnom Penh,Tier_1,store,0,0,2026-09-04 13:55:02,2026-09-04T07:16:52.057743+00:00,2026-09-04
13552573,37900.0,10.542732775946709,AVATR,AVATR 07,2026,0,,1,0,0,SUV,Electric,Automatic,Black,new,0,Chinese_EV,Phnom Penh,Tier_1,store,0,0,2026-05-22 13:47:57,2026-09-06T07:11:55.101073+00:00,2026-09-06
13924035,49500.0,10.809748150372926,AVATR,AVATR 12,2025,1,,1,0,0,Sedan,Electric,,Black,new,0,Chinese_EV,Phnom Penh,Tier_1,store,0,0,2026-08-24 19:43:22,2026-09-02T09:53:53.571736+00:00,2026-09-02
13865769,11800.0,9.375939552625749,Mazda,Mazda 2,2015,11,,1,,1,Sedan,Diesel,Automatic,Red,used,1,Mass_Market,Phnom Penh,Tier_1,individual,0,0,2026-08-09 09:42:36,2026-09-03T09:13:15.991203+00:00,2026-09-03
13958724,30500.0,10.32551474894327,Mazda,EZ-60,2025,1,,1,0,0,SUV,Electric,Automatic,Black,new,1,Mass_Market,Phnom Penh,Tier_1,individual,0,0,2026-09-02 15:46:40,2026-09-02T09:52:28.700945+00:00,2026-09-02
13829561,32800.0,10.39821428171237,Nissan,NX,2026,0,,1,0,0,SUV,Electric,Automatic,Black,new,0,Mass_Market,Phnom Penh,Tier_1,store,0,0,2026-07-30 15:31:05,2026-09-02T09:51:52.471652+00:00,2026-09-02
13836136,39800.0,10.591647316585027,Nissan,ផ្សេងៗ,2026,0,150000,0,0,0,Hatchback,Electric,Automatic,Black,new,0,Mass_Market,Phnom Penh,Tier_1,store,0,0,2026-08-01 13:54:03,2026-09-06T07:09:50.408939+00:00,2026-09-06
13517441,2997.0,8.005700678662542,Nissan,March,1996,30,,1,,1,,,,Blue,used,1,Mass_Market,Phnom Penh,Tier_1,individual,0,0,2026-05-14 16:03:54,2026-09-05T06:59:04.839314+00:00,2026-09-05
13595663,28800.0,10.268165387743457,Volkswagen,Caravelle,2018,8,,1,,1,MPV,Petrol,Automatic,Black,used,1,Mass_Market,Phnom Penh,Tier_1,store,0,0,2026-06-02 08:15:46,2026-09-06T07:10:20.773162+00:00,2026-09-06
13908865,33333.0,10.414333176102122,Volkswagen,Jetta,2025,1,,1,,1,SUV,Petrol,Automatic,White,new,0,Mass_Market,Phnom Penh,Tier_1,store,0,0,2026-08-20 16:07:48,2026-09-02T09:53:03.387713+00:00,2026-09-02
13708568,20900.0,9.94755228369823,Volkswagen,Jetta,2023,3,2023,0,,1,,,,White,used,1,Mass_Market,Phnom Penh,Tier_1,store,0,0,2026-06-29 13:37:23,2026-09-02T09:52:35.913758+00:00,2026-09-02
13343729,13000.0,9.472781556562168,Toyota,Prius,2009,17,140000,0,,1,Hatchback,Hybrid,Automatic,Silver,used,0,Mass_Market,Phnom Penh,Tier_1,store,0,0,2026-03-27 20:08:07,2026-09-02T09:51:32.504541+00:00,2026-09-02
13359061,23000.0,10.043292972227004,Toyota,Prius,2017,9,,1,,1,Hatchback,Hybrid,Automatic,Gold,used,1,Mass_Market,Phnom Penh,Tier_1,store,0,0,2026-04-01 08:26:00,2026-09-02T09:51:18.756688+00:00,2026-09-02
13388068,19400.0,9.873079890114703,Toyota,Prius,2013,13,,1,,1,Hatchback,Hybrid,Automatic,White,used,1,Mass_Market,Phnom Penh,Tier_1,store,1,0,2026-04-08 11:15:36,2026-09-04T07:19:24.772480+00:00,2026-09-04
13392806,9400.0,9.148571345578551,Toyota,Corolla,2003,23,,1,,1,Sedan,Petrol,Automatic,White,used,1,Mass_Market,Phnom Penh,Tier_1,store,0,0,2026-04-09 13:41:06,2026-09-02T09:52:53.176540+00:00,2026-09-02
13428395,16900.0,9.735128070758227,Toyota,Prius,2014,12,,1,,1,Hatchback,Hybrid,Automatic,Grey,used,1,Mass_Market,Phnom Penh,Tier_1,individual,1,1,2026-04-22 16:43:41,2026-09-04T07:21:19.737354+00:00,2026-09-04
13443915,17000.0,9.741027444837728,Toyota,Prius,2012,14,,1,,1,Hatchback,Hybrid,Automatic,Silver,used,0,Mass_Market,Phnom Penh,Tier_1,store,0,0,2026-04-26 11:20:49,2026-09-02T09:53:41.250176+00:00,2026-09-02
13480732,10900.0,9.296609807128359,Toyota,Tacoma,2003,23,,1,,1,Pickup,Petrol,Automatic,Black,used,1,Mass_Market,Phnom Penh,Tier_1,store,0,0,2026-05-05 19:07:24,2026-09-02T09:51:59.465386+00:00,2026-09-02
13555418,4200.0,8.343077871169383,Toyota,Corolla,1998,28,,1,,1,Sedan,Petrol,Manual,Gold,used,1,Mass_Market,Phnom Penh,Tier_1,store,0,0,2026-05-23 09:09:04,2026-09-05T07:02:55.377951+00:00,2026-09-05
13555601,18000.0,9.798182590890704,Toyota,Prius,2012,14,202709,0,,1,Hatchback,Hybrid,Automatic,Black,used,0,Mass_Market,Phnom Penh,Tier_1,individual,0,0,2026-05-23 09:41:53,2026-09-03T09:13:24.727843+00:00,2026-09-03
13561919,16800.0,9.729193687429403,Toyota,Prius,2012,14,,1,,1,Hatchback,Petrol,Automatic,White,used,1,Mass_Market,Phnom Penh,Tier_1,store,0,0,2026-05-25 07:10:54,2026-09-02T09:54:49.820223+00:00,2026-09-02
13571844,43800.0,10.687411927154141,Toyota,Fortuner,2020,6,,1,,1,SUV,Diesel,Automatic,White,used,1,Mass_Market,Phnom Penh,Tier_1,store,0,0,2026-05-27 09:37:51,2026-09-04T07:22:06.250570+00:00,2026-09-04
13608593,33500.0,10.419330568113901,Toyota,Hilux Revo,2017,9,,1,,1,Pickup,Diesel,Automatic,White,used,1,Mass_Market,Phnom Penh,Tier_1,store,0,0,2026-06-04 23:25:53,2026-09-02T09:52:47.952541+00:00,2026-09-02
13612134,65800.0,11.094390314766315,Toyota,Alphard,2018,8,,1,3500,0,MPV,Petrol,Automatic,Black,used,1,Mass_Market,Phnom Penh,Tier_1,store,1,0,2026-06-05 17:30:36,2026-09-02T09:52:48.837814+00:00,2026-09-02
13763328,29999.0,10.308952660644293,Toyota,Alphard,2015,11,,1,,1,Pickup,Petrol,Automatic,White,used,0,Mass_Market,Phnom Penh,Tier_1,store,0,0,2026-07-13 11:46:45,2026-09-02T09:51:37.429165+00:00,2026-09-02
13781028,13300.0,9.495594499353297,Toyota,Highlander,2005,21,,1,,1,SUV,Petrol,Automatic,White,used,1,Mass_Market,Phnom Penh,Tier_1,store,0,0,2026-07-17 19:06:53,2026-09-05T07:03:44.283627+00:00,2026-09-05
13792071,10300.0,9.239996256883693,Toyota,Prius,2008,18,,1,,1,Hatchback,Hybrid,Automatic,Black,used,1,Mass_Market,Phnom Penh,Tier_1,individual,0,0,2026-07-21 00:43:21,2026-09-03T09:13:05.691546+00:00,2026-09-03
13797814,65000.0,11.082157933374816,Toyota,Land Cruiser,2016,10,,1,,1,SUV,Diesel,Automatic,White,used,1,Mass_Market,Phnom Penh,Tier_1,store,0,0,2026-07-22 11:22:42,2026-09-06T07:10:38.052755+00:00,2026-09-06
13808389,9900.0,9.200391041122515,Toyota,Prius,2006,20,,1,,1,Hatchback,Hybrid,Automatic,Silver,used,1,Mass_Market,Phnom Penh,Tier_1,store,1,0,2026-07-25 09:27:09,2026-09-04T07:19:25.841122+00:00,2026-09-04
13817635,10500.0,9.259225769705994,Toyota,Camry,2003,23,,1,,1,Sedan,Petrol,Automatic,White,used,1,Mass_Market,Phnom Penh,Tier_1,store,0,0,2026-07-27 18:14:10,2026-09-06T07:09:52.657510+00:00,2026-09-06
13830359,18999.0,9.852194258148577,Toyota,Camry,2012,14,,1,2500,0,Sedan,Petrol,Automatic,Gold,used,1,Mass_Market,Phnom Penh,Tier_1,store,0,0,2026-07-30 19:10:10,2026-09-05T07:01:17.075893+00:00,2026-09-05
13845068,9800.0,9.19023970026918,Toyota,Highlander,2001,25,,1,,1,Sedan,Petrol,Automatic,Silver,used,1,Mass_Market,Phnom Penh,Tier_1,individual,0,1,2026-08-03 22:08:58,2026-09-06T07:09:42.691982+00:00,2026-09-06
13848052,8900.0,9.093918908958932,Toyota,Prius,2007,19,,1,,1,Hatchback,Hybrid,Automatic,Blue,used,1,Mass_Market,Phnom Penh,Tier_1,store,0,0,2026-08-04 15:45:20,2026-09-04T07:18:55.727589+00:00,2026-09-04
13853714,8200.0,9.012011377036412,Toyota,Prius,2006,20,,1,,1,Hatchback,Petrol,Automatic,Green,used,1,Mass_Market,Phnom Penh,Tier_1,individual,0,0,2026-08-06 04:33:31,2026-09-03T07:13:58.902509+00:00,2026-09-03
13855776,21900.0,9.994287576862567,Toyota,Raize,2026,0,100000,0,1000,0,SUV,Petrol,Automatic,Black,new,0,Mass_Market,Phnom Penh,Tier_1,store,0,0,2026-08-06 14:18:46,2026-09-02T09:53:44.728262+00:00,2026-09-02
13863156,26900.0,10.199918739620157,Toyota,bZ4X,2023,3,,1,0,0,SUV,Electric,Automatic,White,used,1,Mass_Market,Phnom Penh,Tier_1,individual,0,0,2026-08-08 12:09:35,2026-09-05T06:58:58.607712+00:00,2026-09-05
13875191,9000.0,9.105090961257085,Toyota,Prius,2007,19,,1,,1,Hatchback,Hybrid,Automatic,Silver,used,1,Mass_Market,Phnom Penh,Tier_1,individual,1,0,2026-08-11 17:00:02,2026-09-05T07:00:08.082577+00:00,2026-09-05
13881680,25500.0,10.146472946063877,Toyota,Land Cruiser,2004,22,,1,,1,SUV,Diesel,Automatic,Silver,used,1,Mass_Market,Phnom Penh,Tier_1,individual,0,0,2026-08-13 11:40:04,2026-09-05T06:58:20.127758+00:00,2026-09-05
13881980,16900.0,9.735128070758227,Toyota,Prius,2014,12,,1,,1,Sedan,Hybrid,Automatic,Brown,used,1,Mass_Market,Phnom Penh,Tier_1,individual,0,0,2026-08-13 12:41:31,2026-09-02T09:51:47.153502+00:00,2026-09-02
13882435,33000.0,10.404293143019792,Toyota,Fortuner,2017,9,,1,,1,SUV,Diesel,Automatic,White,used,1,Mass_Market,Phnom Penh,Tier_1,store,0,0,2026-08-13 14:16:00,2026-09-06T07:09:36.245587+00:00,2026-09-06
13884655,39500.0,10.584081267024454,Toyota,Alphard,2017,9,,1,,1,SUV,Petrol,Automatic,White,used,1,Mass_Market,Phnom Penh,Tier_1,store,0,0,2026-08-14 09:48:01,2026-09-02T09:53:25.778578+00:00,2026-09-02
13887000,23500.0,10.064798252418377,Toyota,Alphard,2014,12,,1,,1,MPV,Petrol,Automatic,Black,used,0,Mass_Market,Phnom Penh,Tier_1,store,0,0,2026-08-14 16:50:18,2026-09-04T07:17:03.530491+00:00,2026-09-04
13901194,9500.0,9.15915233520675,Toyota,Vitz,2014,12,,1,,1,Sedan,Petrol,Automatic,Brown,used,1,Mass_Market,Kandal,Tier_2,individual,0,0,2026-08-18 15:01:09,2026-09-03T09:12:30.193866+00:00,2026-09-03
13906056,17600.0,9.77571099759397,Toyota,Prius,2013,13,,1,0,0,Hatchback,Electric,Automatic,White,used,1,Mass_Market,Phnom Penh,Tier_1,store,0,0,2026-08-19 22:37:32,2026-09-02T09:52:37.561689+00:00,2026-09-02
13908434,6950.0,8.846640813100485,Toyota,Prius,2005,21,2005,0,,1,Hatchback,Hybrid,Automatic,Gold,used,1,Mass_Market,Phnom Penh,Tier_1,store,0,0,2026-08-20 14:27:25,2026-09-02T09:52:42.104183+00:00,2026-09-02
13913008,13100.0,9.48044384215367,Toyota,Camry,2003,23,,1,,1,Sedan,Petrol,Automatic,White,used,1,Mass_Market,Svay Rieng,Tier_3,individual,0,0,2026-08-21 18:26:16,2026-09-06T07:12:18.912767+00:00,2026-09-06
13916907,18500.0,9.825580063659602,Toyota,Camry,2007,19,,1,,1,Sedan,Hybrid,Automatic,White,used,1,Mass_Market,Phnom Penh,Tier_1,store,0,0,2026-08-22 23:53:20,2026-09-03T07:18:17.475822+00:00,2026-09-03
13922039,14500.0,9.581972891547895,Toyota,Highlander,2003,23,,1,,1,SUV,Petrol,Automatic,Gold,used,1,Mass_Market,Battambang,Tier_2,individual,0,0,2026-08-24 12:20:12,2026-09-06T07:11:39.076283+00:00,2026-09-06
13922752,23900.0,10.081675578048475,Toyota,Prius,2018,8,,1,,1,Sedan,Hybrid,Automatic,Grey,used,0,Mass_Market,Phnom Penh,Tier_1,store,0,0,2026-08-24 14:37:39,2026-09-02T09:51:55.019046+00:00,2026-09-02
13922892,18900.0,9.846970109700957,Toyota,Prius,2013,13,,1,,1,Sedan,Hybrid,Automatic,Green,used,0,Mass_Market,Phnom Penh,Tier_1,store,0,0,2026-08-24 15:02:21,2026-09-02T09:53:13.943114+00:00,2026-09-02
13924220,11200.0,9.32375833901174,Toyota,Prius,2007,19,,1,,1,Hatchback,Hybrid,Automatic,White,used,1,Mass_Market,Phnom Penh,Tier_1,store,1,0,2026-08-24 21:11:28,2026-09-06T07:09:55.040954+00:00,2026-09-06
13931104,17900.0,9.792611856190192,Toyota,Raize,2023,3,40000,0,,1,SUV,Petrol,Automatic,Grey,used,1,Mass_Market,Siem Reap,Tier_2,store,0,0,2026-08-26 13:56:39,2026-09-06T07:10:37.430585+00:00,2026-09-06
13937597,30500.0,10.32551474894327,Toyota,Prius,2023,3,,1,,1,Hatchback,Hybrid,Automatic,White,used,0,Mass_Market,Phnom Penh,Tier_1,store,0,0,2026-08-28 09:18:47,2026-09-05T06:59:31.462722+00:00,2026-09-05
13943608,28500.0,10.25769445336048,Toyota,Prius,2019,7,,1,,1,Sedan,Hybrid,Automatic,White,used,0,Mass_Market,Phnom Penh,Tier_1,store,0,0,2026-08-29 16:46:02,2026-09-03T07:16:03.558172+00:00,2026-09-03
13944832,6950.0,8.846640813100485,Toyota,Prius,2004,22,,1,,1,Sedan,Hybrid,Automatic,Silver,used,1,Mass_Market,Preah Sihanouk,Tier_2,individual,0,0,2026-08-30 08:08:40,2026-09-06T07:13:44.912104+00:00,2026-09-06
13945778,18900.0,9.846970109700957,Toyota,Prius,2013,13,,1,,1,Sedan,Hybrid,Automatic,White,used,0,Mass_Market,Phnom Penh,Tier_1,store,0,0,2026-08-30 12:00:33,2026-09-06T07:12:36.184851+00:00,2026-09-06
13950173,12900.0,9.465060106725137,Toyota,Prius,2009,17,,1,,1,Hatchback,Hybrid,Automatic,Green,used,1,Mass_Market,Phnom Penh,Tier_1,individual,1,1,2026-08-31 14:06:46,2026-09-03T07:13:42.148291+00:00,2026-09-03
13951506,16800.0,9.729193687429403,Toyota,Camry,2007,19,,1,,1,Sedan,Petrol,Automatic,White,used,1,Mass_Market,Phnom Penh,Tier_1,individual,0,1,2026-08-31 21:35:35,2026-09-03T09:14:31.706642+00:00,2026-09-03
13952058,15500.0,9.648659816955295,Toyota,Prius,2010,16,,1,,1,Hatchback,Hybrid,Automatic,White,used,1,Mass_Market,Phnom Penh,Tier_1,individual,0,0,2026-09-01 08:56:49,2026-09-03T07:14:28.738424+00:00,2026-09-03
13953843,11800.0,9.375939552625749,Toyota,Camry,2007,19,,1,,1,Sedan,Petrol,Automatic,White,used,1,Mass_Market,Phnom Penh,Tier_1,individual,0,0,2026-09-01 13:49:43,2026-09-03T09:12:46.259327+00:00,2026-09-03
13953860,10900.0,9.296609807128359,Toyota,Highlander,2002,24,,1,,1,SUV,Petrol,Automatic,Black,used,1,Mass_Market,Phnom Penh,Tier_1,individual,0,0,2026-09-01 13:53:03,2026-09-03T09:12:43.869445+00:00,2026-09-03
13955402,11900.0,9.38437770918244,Toyota,Tacoma,2003,23,,1,,1,Pickup,Petrol,Automatic,White,used,1,Mass_Market,Phnom Penh,Tier_1,store,0,0,2026-09-01 20:44:33,2026-09-03T07:13:38.923700+00:00,2026-09-03
13958083,17600.0,9.77571099759397,Toyota,Land Cruiser Prado,2004,22,,1,,1,SUV,Diesel,Automatic,Black,used,1,Mass_Market,Phnom Penh,Tier_1,store,0,1,2026-09-02 14:03:41,2026-09-03T07:12:50.000884+00:00,2026-09-03
13958265,22700.0,10.030164255362632,Toyota,Prius,2020,6,,1,,1,Sedan,Petrol,Automatic,White,used,0,Mass_Market,Phnom Penh,Tier_1,store,0,0,2026-09-02 14:25:27,2026-09-02T09:54:02.178500+00:00,2026-09-02
13961741,3850.0,8.25608813381491,Toyota,Corolla,1999,27,,1,,1,Sedan,Petrol,Automatic,Silver,used,1,Mass_Market,Phnom Penh,Tier_1,individual,0,0,2026-09-03 12:01:36,2026-09-03T07:16:14.698707+00:00,2026-09-03
13962337,6900.0,8.839421607620602,Toyota,Prius,2005,21,,1,,1,SUV,Hybrid,Automatic,Silver,used,1,Mass_Market,Siem Reap,Tier_2,individual,1,0,2026-09-03 14:01:24,2026-09-03T07:13:04.687049+00:00,2026-09-03
13967340,15200.0,9.62911649414402,Toyota,Prius,2010,16,,1,,1,SUV,Hybrid,Automatic,Silver,used,1,Mass_Market,Phnom Penh,Tier_1,individual,1,0,2026-09-04 16:23:22,2026-09-05T06:58:51.442947+00:00,2026-09-05
13967765,14800.0,9.60245002503719,Toyota,Camry,2007,19,,1,,1,Sedan,Hybrid,Automatic,Silver,used,1,Mass_Market,Phnom Penh,Tier_1,store,1,0,2026-09-04 19:08:55,2026-09-05T07:02:02.729800+00:00,2026-09-05
13969168,7950.0,8.981052985901483,Toyota,Prius,2005,21,,1,,1,Sedan,Hybrid,Automatic,Silver,used,1,Mass_Market,Phnom Penh,Tier_1,individual,0,0,2026-09-05 09:58:28,2026-09-06T07:11:35.434835+00:00,2026-09-06
13969312,16500.0,9.711176264112805,Toyota,Camry,2007,19,,1,,1,Sedan,Petrol,Automatic,White,used,1,Mass_Market,Kampong Chhnang,Tier_3,individual,0,0,2026-09-05 10:23:18,2026-09-06T07:09:17.633978+00:00,2026-09-06
13970168,25000.0,10.12667110305036,Toyota,Hilux Revo,2019,7,,1,,1,Pickup,Diesel,Automatic,White,used,1,Mass_Market,Phnom Penh,Tier_1,store,0,0,2026-09-05 13:26:06,2026-09-05T06:58:44.626835+00:00,2026-09-05
13973225,7200.0,8.881975184248867,Toyota,Prius,2005,21,,1,,1,Sedan,Hybrid,Automatic,Red,used,1,Mass_Market,Kandal,Tier_2,individual,1,0,2026-09-06 12:00:37,2026-09-06T07:12:33.436733+00:00,2026-09-06
13973249,34500.0,10.448743588106625,Toyota,Land Cruiser,2010,16,,1,,1,SUV,Petrol,Automatic,White,used,1,Mass_Market,Phnom Penh,Tier_1,store,1,0,2026-09-06 12:04:56,2026-09-06T07:12:22.105818+00:00,2026-09-06
13491969,32800.0,10.39821428171237,Toyota,bZ5,2025,1,,1,0,0,Sedan,Electric,Automatic,White,new,0,Mass_Market,Phnom Penh,Tier_1,store,0,0,2026-05-08 11:51:48,2026-09-06T07:12:47.905798+00:00,2026-09-06
13595733,56800.0,10.947309210188068,Toyota,Granvia,2020,6,,1,,1,MPV,Petrol,Automatic,White,used,1,Mass_Market,Phnom Penh,Tier_1,store,0,0,2026-06-02 08:31:51,2026-09-06T07:10:20.033489+00:00,2026-09-06
13617022,39900.0,10.594156665220533,Toyota,Hiace,2026,0,,1,,1,MPV,Diesel,Automatic,White,new,0,Mass_Market,Phnom Penh,Tier_1,store,0,0,2026-06-07 09:07:30,2026-09-06T07:12:30.056551+00:00,2026-09-06
13855449,15900.0,9.674137279312397,Toyota,Wigo,2026,0,100000,0,1000,0,Hatchback,Petrol,Automatic,Orange,new,0,Mass_Market,Phnom Penh,Tier_1,store,0,0,2026-08-06 13:14:56,2026-09-02T09:53:49.128148+00:00,2026-09-02
13962318,5900.0,8.682877107057168,Toyota,Scion,2006,20,,1,,1,Sedan,Petrol,Automatic,White,used,1,Mass_Market,Kandal,Tier_2,individual,0,0,2026-09-03 13:58:05,2026-09-03T07:12:58.877059+00:00,2026-09-03
13351080,28800.0,10.268165387743457,Toyota,Highlander,2012,14,,1,,1,SUV,Petrol,Automatic,White,used,0,Mass_Market,Phnom Penh,Tier_1,store,0,0,2026-03-30 09:40:19,2026-09-05T06:57:45.415970+00:00,2026-09-05
13896875,33000.0,10.404293143019792,Toyota,Land Cruiser,2009,17,,1,,1,SUV,Petrol,Automatic,White,used,1,Mass_Market,Phnom Penh,Tier_1,store,0,0,2026-08-17 13:55:25,2026-09-02T09:55:36.378517+00:00,2026-09-02
13943109,16600.0,9.717218213494077,Toyota,Corolla,2020,6,,1,,1,Sedan,Petrol,Automatic,White,used,1,Mass_Market,Phnom Penh,Tier_1,individual,0,0,2026-08-29 14:48:34,2026-09-03T09:13:11.336927+00:00,2026-09-03
13945080,2900.0,7.972810784121404,Toyota,Corolla,1996,30,,1,,1,Sedan,Petrol,Automatic,Green,used,1,Mass_Market,Phnom Penh,Tier_1,individual,0,0,2026-08-30 09:14:03,2026-09-06T07:13:31.711067+00:00,2026-09-06
13953676,17600.0,9.77571099759397,Toyota,Prius,2010,16,,1,,1,Hatchback,Hybrid,Automatic,White,used,0,Mass_Market,Phnom Penh,Tier_1,individual,0,0,2026-09-01 13:14:46,2026-09-03T09:13:03.984552+00:00,2026-09-03
13953789,13500.0,9.510519035757246,Toyota,Highlander,2003,23,,1,,1,SUV,Petrol,Automatic,Silver,used,1,Mass_Market,Phnom Penh,Tier_1,individual,0,0,2026-09-01 13:36:45,2026-09-03T09:12:53.503613+00:00,2026-09-03
13964589,8500.0,9.04793908261736,Toyota,Prius,2006,20,,1,,1,Hatchback,Hybrid,Automatic,Green,used,1,Mass_Market,Kandal,Tier_2,individual,0,0,2026-09-04 07:34:47,2026-09-05T07:01:43.709145+00:00,2026-09-05
13966019,14700.0,9.595670797663967,Toyota,Camry,2007,19,,1,,1,Sedan,Petrol,Automatic,White,used,1,Mass_Market,Phnom Penh,Tier_1,store,1,0,2026-09-04 12:09:09,2026-09-04T07:20:16.121239+00:00,2026-09-04
13966308,18800.0,9.841665338892785,Toyota,Prius,2013,13,,1,,1,Hatchback,Hybrid,Automatic,White,used,0,Mass_Market,Phnom Penh,Tier_1,store,0,0,2026-09-04 13:16:15,2026-09-04T07:17:59.090340+00:00,2026-09-04
13449577,28800.0,10.268165387743457,Toyota,Alphard,2016,10,,1,,1,MPV,,Automatic,White,used,1,Mass_Market,Phnom Penh,Tier_1,store,0,0,2026-04-27 16:44:59,2026-09-03T07:17:00.876287+00:00,2026-09-03
13969907,18500.0,9.825580063659602,Toyota,Tacoma,2009,17,,1,,1,Pickup,,Automatic,Silver,used,1,Mass_Market,Phnom Penh,Tier_1,individual,0,0,2026-09-05 12:27:00,2026-09-05T07:00:51.030637+00:00,2026-09-05
13962254,22000.0,9.99884318585288,Toyota,Alphard,2014,12,,1,,1,MPV,,,White,used,1,Mass_Market,Phnom Penh,Tier_1,individual,0,0,2026-09-03 13:47:12,2026-09-03T07:13:28.026537+00:00,2026-09-03
13868466,7950.0,8.981052985901483,Toyota,Prius,2005,21,,1,,1,Hatchback,,Automatic,Silver,used,1,Mass_Market,Phnom Penh,Tier_1,store,0,0,2026-08-10 08:01:21,2026-09-05T07:00:31.504191+00:00,2026-09-05
13617548,19500.0,9.87822102528824,Toyota,Alphard,2010,16,,1,,1,MPV,,,Black,used,0,Mass_Market,Phnom Penh,Tier_1,store,0,0,2026-06-07 11:07:30,2026-09-06T07:13:37.752789+00:00,2026-09-06
13722332,29500.0,10.292179440058462,Toyota,Alphard,2015,11,,1,,1,MPV,,,Black,used,1,Mass_Market,Phnom Penh,Tier_1,individual,0,0,2026-07-02 21:37:56,2026-09-06T07:13:13.320517+00:00,2026-09-06
13897146,16900.0,9.735128070758227,Toyota,Highlander,2002,24,,1,,1,SUV,,,White,used,1,Mass_Market,Phnom Penh,Tier_1,store,0,0,2026-08-17 14:57:01,2026-09-04T07:18:46.506305+00:00,2026-09-04
13900595,9700.0,9.179984251961283,Toyota,RAV4,2003,23,,1,,1,SUV,,,Silver,used,1,Mass_Market,Phnom Penh,Tier_1,individual,0,0,2026-08-18 12:54:26,2026-09-03T09:12:41.921516+00:00,2026-09-03
13900616,14350.0,9.571574905170932,Toyota,Highlander,2002,24,,1,,1,SUV,,,Gold,used,1,Mass_Market,Phnom Penh,Tier_1,individual,0,0,2026-08-18 12:59:19,2026-09-03T09:12:41.630648+00:00,2026-09-03
13952432,10500.0,9.259225769705994,Toyota,Prius,2008,18,,1,,1,Hatchback,,,Grey,used,1,Mass_Market,Phnom Penh,Tier_1,store,0,1,2026-09-01 09:56:33,2026-09-03T07:15:47.466772+00:00,2026-09-03
13969979,19500.0,9.87822102528824,Toyota,Venza,2010,16,,1,,1,,,,White,used,1,Mass_Market,Phnom Penh,Tier_1,store,1,0,2026-09-05 12:46:40,2026-09-05T06:59:59.740827+00:00,2026-09-05
13723128,12800.0,9.45727857185611,Toyota,Prius,2008,18,,1,,1,Sedan,Hybrid,,Grey,used,0,Mass_Market,Phnom Penh,Tier_1,individual,0,0,2026-07-03 08:39:31,2026-09-02T09:51:52.307725+00:00,2026-09-02
13899929,11200.0,9.32375833901174,Toyota,Camry,2007,19,,1,,1,Sedan,Hybrid,,Black,used,1,Mass_Market,Kampong Cham,Tier_2,individual,0,0,2026-08-18 10:51:19,2026-09-06T07:14:21.955813+00:00,2026-09-06
13953358,17900.0,9.792611856190192,Toyota,Prius,2013,13,,1,,1,Sedan,Hybrid,,White,used,0,Mass_Market,Phnom Penh,Tier_1,individual,0,0,2026-09-01 12:28:16,2026-09-03T09:13:41.886784+00:00,2026-09-03
13970179,18900.0,9.846970109700957,Toyota,Prius,2012,14,,1,,1,Sedan,Hybrid,,White,used,0,Mass_Market,Phnom Penh,Tier_1,store,1,0,2026-09-05 13:27:43,2026-09-05T06:58:59.541794+00:00,2026-09-05
13962242,20900.0,9.94755228369823,Chevrolet,Colorado,2018,8,,1,,1,Pickup,Diesel,Automatic,Red,used,1,Mass_Market,Phnom Penh,Tier_1,store,0,0,2026-09-03 13:43:23,2026-09-05T07:04:17.357657+00:00,2026-09-05
13858707,5200.0,8.556606193773073,Chevrolet,Spark,2013,13,,1,,1,Hatchback,Petrol,Automatic,Blue,used,1,Mass_Market,Phnom Penh,Tier_1,individual,0,1,2026-08-07 10:32:23,2026-09-03T09:12:32.875309+00:00,2026-09-03
13966158,59800.0,10.998777662206932,Denza,D9,2025,1,,1,,1,MPV,Petrol,Automatic,Black,used,1,Chinese_EV,Phnom Penh,Tier_1,store,1,0,2026-09-04 12:38:13,2026-09-05T07:00:18.649773+00:00,2026-09-05
13839135,23500.0,10.064798252418377,GTV,KAIN,2025,1,10000,0,,1,SUV,Petrol,Automatic,,new,1,Chinese_EV,Phnom Penh,Tier_1,store,0,0,2026-08-02 12:53:46,2026-09-05T07:03:10.042092+00:00,2026-09-05
13862479,24500.0,10.106469212026385,GTV,KAIN,2026,0,,1,,1,SUV,Petrol,Automatic,White,new,0,Chinese_EV,Phnom Penh,Tier_1,individual,0,0,2026-08-08 09:55:01,2026-09-03T09:13:07.238104+00:00,2026-09-03
13760066,12500.0,9.433563920090563,Hyundai,Starex,2012,14,,1,,1,MPV,Diesel,Automatic,White,used,1,Mass_Market,Phnom Penh,Tier_1,individual,0,0,2026-07-12 12:21:19,2026-09-03T09:13:03.244566+00:00,2026-09-03
13736004,20500.0,9.928228944424575,Hyundai,Santa Fe,2019,7,,1,,1,SUV,Diesel,Automatic,Black,used,1,Mass_Market,Phnom Penh,Tier_1,individual,0,0,2026-07-06 14:33:28,2026-09-03T09:13:27.448580+00:00,2026-09-03
13958814,16500.0,9.711176264112805,Hyundai,Starex,2013,13,,1,,1,MPV,Diesel,Automatic,Black,used,0,Mass_Market,Phnom Penh,Tier_1,store,0,0,2026-09-02 16:03:59,2026-09-03T07:14:19.204392+00:00,2026-09-03
13966493,14200.0,9.561067663645012,Hyundai,Starex,2009,17,,1,,1,MPV,Diesel,Automatic,Black,used,0,Mass_Market,Phnom Penh,Tier_1,store,0,1,2026-09-04 13:45:46,2026-09-04T07:17:08.096636+00:00,2026-09-04
13551579,20300.0,9.918425424900335,Hyundai,Stargazer,2024,2,,1,,1,SUV,Petrol,Automatic,White,used,1,Mass_Market,Phnom Penh,Tier_1,store,0,0,2026-05-22 10:59:56,2026-09-05T06:59:15.144737+00:00,2026-09-05
13786098,19500.0,9.87822102528824,Hyundai,Staria,2022,4,,1,,1,SUV,Diesel,Automatic,Grey,used,1,Mass_Market,Phnom Penh,Tier_1,store,1,0,2026-07-19 11:07:31,2026-09-05T07:00:33.642362+00:00,2026-09-05
13883147,1580.0,7.365812837209472,Hyundai,H1,2018,8,,1,,1,MPV,,Automatic,Silver,used,1,Mass_Market,Phnom Penh,Tier_1,store,0,0,2026-08-13 17:14:26,2026-09-06T07:12:07.010119+00:00,2026-09-06
13958879,30999.0,10.341742483467284,Hyundai,Staria,2022,4,58000,0,,1,MPV,Diesel,Automatic,Black,used,1,Mass_Market,Phnom Penh,Tier_1,individual,0,0,2026-09-02 16:17:30,2026-09-06T07:13:21.098838+00:00,2026-09-06
13687501,15300.0,9.635673464721814,Hyundai,Starex,2012,14,,1,,1,MPV,,,Black,used,0,Mass_Market,Phnom Penh,Tier_1,store,0,0,2026-06-24 11:15:08,2026-09-03T07:17:57.297490+00:00,2026-09-03
13690310,15300.0,9.635673464721814,Hyundai,Starex,2012,14,,1,,1,MPV,,,Black,used,0,Mass_Market,Phnom Penh,Tier_1,store,0,0,2026-06-24 17:41:50,2026-09-03T07:17:55.848319+00:00,2026-09-03
13966513,31500.0,10.357774570341576,Hyundai,Staria,2022,4,,1,,1,MPV,Diesel,Automatic,White,used,1,Mass_Market,Phnom Penh,Tier_1,store,0,0,2026-09-04 13:50:57,2026-09-04T07:17:03.523809+00:00,2026-09-04
13739657,19500.0,9.87822102528824,Hyundai,H1,2020,6,,1,0,0,MPV,Electric,,White,used,1,Mass_Market,Phnom Penh,Tier_1,individual,0,0,2026-07-07 12:51:42,2026-09-03T07:15:38.183622+00:00,2026-09-03
13882021,20000.0,9.90353755128617,MAXUS,D60,2022,4,100000,0,,1,SUV,Petrol,Automatic,Black,used,1,Other,Phnom Penh,Tier_1,individual,0,0,2026-08-13 12:51:23,2026-09-04T07:19:24.009379+00:00,2026-09-04
13880076,62000.0,11.034905792929415,Xiaomi,YU7,2025,1,,1,0,0,SUV,Electric,Automatic,Grey,used,0,Other,Phnom Penh,Tier_1,individual,0,0,2026-08-13 00:21:21,2026-09-03T09:12:54.869613+00:00,2026-09-03
13675226,23000.0,10.043292972227004,Changan,CS55 PLUS,2025,1,,1,,1,SUV,Petrol,Automatic,White,used,0,Chinese_EV,Phnom Penh,Tier_1,individual,0,0,2026-06-21 13:33:27,2026-09-05T07:03:34.392824+00:00,2026-09-05
13747343,22800.0,10.034559673629849,Chery,ផ្សេងៗ,2025,1,,1,0,0,SUV,Electric,Automatic,Green,new,0,Chinese_EV,Phnom Penh,Tier_1,store,0,0,2026-07-09 10:04:26,2026-09-06T07:12:53.776273+00:00,2026-09-06
13932867,23500.0,10.064798252418377,MG,RX5,2024,2,18000,0,,1,,,Automatic,White,used,1,Chinese_EV,Kandal,Tier_2,individual,0,0,2026-08-26 21:01:02,2026-09-06T07:13:53.820618+00:00,2026-09-06
13627342,26800.0,10.196194479235656,GAC,GS4,2026,0,,1,5900,0,SUV,Petrol,Manual,White,new,0,Chinese_EV,Phnom Penh,Tier_1,store,1,0,2026-06-09 16:14:28,2026-09-04T07:17:10.974668+00:00,2026-09-04
13816277,29000.0,10.275085591132715,GAC,GN8,2024,2,,1,,1,MPV,Petrol,Automatic,Black,used,1,Chinese_EV,Phnom Penh,Tier_1,store,0,0,2026-07-27 13:21:05,2026-09-02T09:55:25.602258+00:00,2026-09-02
13904908,17500.0,9.770013301136158,GAC,GS3,2025,1,,1,,1,SUV,Petrol,Automatic,White,used,1,Chinese_EV,Phnom Penh,Tier_1,store,0,0,2026-08-19 14:44:00,2026-09-03T07:14:25.388310+00:00,2026-09-03
13908127,22500.0,10.021315031649332,GAC,GS3,2026,0,,1,1500,0,SUV,Petrol,Automatic,Silver,new,0,Chinese_EV,Phnom Penh,Tier_1,store,0,0,2026-08-20 13:24:43,2026-09-04T07:16:27.962464+00:00,2026-09-04
13941247,29600.0,10.295563423525277,GAC,GN8,2024,2,,1,,1,MPV,Petrol,Automatic,Black,used,1,Chinese_EV,Kandal,Tier_2,individual,0,0,2026-08-29 08:32:26,2026-09-03T03:45:02.889083+00:00,2026-09-03
13953662,23000.0,10.043292972227004,GAC,GS3,2026,0,,1,,1,SUV,Petrol,Automatic,Grey,new,0,Chinese_EV,Phnom Penh,Tier_1,individual,0,0,2026-09-01 13:12:58,2026-09-03T09:13:05.377518+00:00,2026-09-03
13969945,18900.0,9.846970109700957,GAC,GS4,2025,1,,1,,1,SUV,Petrol,Automatic,White,used,1,Chinese_EV,Phnom Penh,Tier_1,store,0,0,2026-09-05 12:37:14,2026-09-05T07:00:27.035067+00:00,2026-09-05
13973645,29500.0,10.292179440058462,GAC,GN8,2024,2,,1,,1,MPV,Petrol,Automatic,Black,used,1,Chinese_EV,Phnom Penh,Tier_1,individual,0,0,2026-09-06 13:28:26,2026-09-06T07:10:22.229519+00:00,2026-09-06
13961734,17500.0,9.770013301136158,GAC,GS4,2025,1,,1,,1,SUV,,Automatic,Black,used,0,Chinese_EV,Phnom Penh,Tier_1,individual,0,0,2026-09-03 12:00:48,2026-09-03T07:16:17.363850+00:00,2026-09-03
13829040,7999.0,8.987196820661973,BESTUNE,PONY,2026,0,,1,0,0,,Electric,,Blue,new,0,Other,Phnom Penh,Tier_1,store,0,0,2026-07-30 14:05:40,2026-09-04T07:16:35.181918+00:00,2026-09-04
13953948,21000.0,9.952325334619427,Peugeot,2008,2022,4,,1,,1,,,Automatic,Black,used,0,Mass_Market,Phnom Penh,Tier_1,individual,0,0,2026-09-01 14:10:11,2026-09-06T07:09:30.357339+00:00,2026-09-06
13953367,7800.0,8.962007209588313,Audi,Q7,2008,18,,1,,1,,Diesel,,White,used,1,Luxury,Phnom Penh,Tier_1,individual,0,0,2026-09-01 12:29:52,2026-09-03T09:13:40.333862+00:00,2026-09-03
13663662,68000.0,11.127277689932466,Audi,A8,2018,8,,1,,1,Station Wagon,Petrol,Automatic,Black,used,1,Luxury,Phnom Penh,Tier_1,store,0,0,2026-06-18 13:01:08,2026-09-06T07:13:33.217542+00:00,2026-09-06
13722202,55500.0,10.92415631759022,Audi,Quattro,2025,1,,1,0,0,Sedan,Electric,Automatic,Grey,new,0,Luxury,Phnom Penh,Tier_1,store,1,0,2026-07-02 20:30:11,2026-09-05T07:00:18.677250+00:00,2026-09-05
13946165,10800.0,9.287394001418473,Audi,Q7,2011,15,,1,,1,SUV,Diesel,Automatic,White,used,1,Luxury,Phnom Penh,Tier_1,store,0,0,2026-08-30 13:34:23,2026-09-05T07:00:06.859171+00:00,2026-09-05
13958456,31500.0,10.357774570341576,Audi,Q7,2017,9,69000,0,3000,0,SUV,Petrol,Automatic,Black,used,1,Luxury,Phnom Penh,Tier_1,store,0,0,2026-09-02 14:55:05,2026-09-02T09:53:25.902469+00:00,2026-09-02
13961996,31500.0,10.357774570341576,Audi,Q7,2017,9,69000,0,3000,0,SUV,Petrol,Automatic,Black,used,1,Luxury,Phnom Penh,Tier_1,store,0,0,2026-09-03 12:51:56,2026-09-03T07:14:53.678183+00:00,2026-09-03
13618128,39800.0,10.591647316585027,Lexus,RX350,2015,11,,1,,1,SUV,Petrol,Automatic,White,used,0,Luxury,Phnom Penh,Tier_1,store,1,0,2026-06-07 13:02:58,2026-09-05T06:59:31.022219+00:00,2026-09-05
13830365,55800.0,10.929547069355774,Lexus,RX350,2016,10,,1,3500,0,SUV,LPG,Automatic,White,used,1,Luxury,Phnom Penh,Tier_1,store,1,0,2026-07-30 19:12:59,2026-09-05T07:01:16.548558+00:00,2026-09-05
13850972,23800.0,10.077482875583607,Lexus,NX200t,2015,11,,1,2500,0,SUV,Petrol,Automatic,Grey,used,1,Luxury,Phnom Penh,Tier_1,store,1,0,2026-08-05 12:19:23,2026-09-06T07:14:20.773044+00:00,2026-09-06
13857908,24599.0,10.110501721920453,Lexus,NX200t,2015,11,,1,,1,SUV,Petrol,Automatic,Blue,used,1,Luxury,Phnom Penh,Tier_1,individual,0,0,2026-08-07 07:54:26,2026-09-06T07:09:35.730395+00:00,2026-09-06
13873033,9700.0,9.179984251961283,Lexus,RX300,2002,24,,1,,1,SUV,Petrol,Automatic,Gold,used,1,Luxury,Phnom Penh,Tier_1,individual,0,0,2026-08-11 09:37:57,2026-09-06T07:11:51.217918+00:00,2026-09-06
13919052,11200.0,9.32375833901174,Lexus,RX300,2001,25,,1,,1,SUV,Petrol,Automatic,White,used,1,Luxury,Phnom Penh,Tier_1,individual,0,0,2026-08-23 15:01:47,2026-09-02T09:53:22.852543+00:00,2026-09-02
13930464,13800.0,9.53249633228804,Lexus,RX300,2001,25,,1,,1,SUV,Petrol,Automatic,White,used,1,Luxury,Phnom Penh,Tier_1,store,1,0,2026-08-26 11:38:25,2026-09-06T07:13:55.096562+00:00,2026-09-06
13955434,24200.0,10.094149233605084,Lexus,RX330,2005,21,,1,,1,SUV,Petrol,Automatic,White,used,1,Luxury,Phnom Penh,Tier_1,store,0,0,2026-09-01 21:05:07,2026-09-06T07:12:06.567096+00:00,2026-09-06
13969830,11500.0,9.350189267092581,Lexus,RX300,2003,23,,1,,1,SUV,Petrol,Automatic,Gold,used,1,Luxury,Phnom Penh,Tier_1,store,0,0,2026-09-05 12:04:48,2026-09-05T07:01:40.896426+00:00,2026-09-05
13912088,14500.0,9.581972891547895,Lexus,LX470,2003,23,,1,,1,SUV,Petrol,,Black,used,0,Luxury,Phnom Penh,Tier_1,store,0,1,2026-08-21 14:27:09,2026-09-06T07:13:07.551125+00:00,2026-09-06
13940509,19600.0,9.883335864325275,Lexus,RX330,2005,21,,1,,1,SUV,,Automatic,White,used,1,Luxury,Phnom Penh,Tier_1,individual,0,0,2026-08-28 21:03:07,2026-09-03T09:14:30.684420+00:00,2026-09-03
13949566,9500.0,9.15915233520675,Lexus,LX470,2000,26,,1,,1,SUV,,Automatic,Gold,used,1,Luxury,Phnom Penh,Tier_1,individual,0,0,2026-08-31 12:00:48,2026-09-05T07:02:24.459371+00:00,2026-09-05
13915652,13500.0,9.510519035757246,Lexus,GS,2006,20,,1,,1,Sedan,,Automatic,White,used,1,Luxury,Phnom Penh,Tier_1,individual,0,0,2026-08-22 15:30:41,2026-09-03T09:12:28.309707+00:00,2026-09-03
13947400,9900.0,9.200391041122515,Lexus,RX300,2001,25,,1,,1,SUV,,Automatic,Gold,used,1,Luxury,Phnom Penh,Tier_1,store,0,0,2026-08-30 20:27:28,2026-09-02T09:55:42.297090+00:00,2026-09-02
13947755,31800.0,10.367253014814716,Lexus,NX200t F Sport,2016,10,,1,,1,,,,Black,used,1,Luxury,Phnom Penh,Tier_1,individual,0,1,2026-08-31 00:11:55,2026-09-06T07:09:19.582576+00:00,2026-09-06
13949122,19500.0,9.87822102528824,Lexus,HS,2010,16,,1,,1,,,,Grey,used,1,Luxury,Phnom Penh,Tier_1,individual,0,0,2026-08-31 10:36:39,2026-09-03T09:14:06.362763+00:00,2026-09-03
13477194,78500.0,11.270866642542865,Lexus,LX570,2018,8,,1,,1,SUV,Petrol,,Grey,used,1,Luxury,Phnom Penh,Tier_1,store,0,0,2026-05-04 21:48:40,2026-09-02T09:55:50.278372+00:00,2026-09-02
13556803,10500.0,9.259225769705994,Lexus,RX300,2000,26,,1,,1,SUV,Petrol,,White,used,1,Luxury,Battambang,Tier_2,individual,0,0,2026-05-23 13:27:37,2026-09-02T09:52:56.378419+00:00,2026-09-02
13810951,24300.0,10.098272780745283,Lexus,RX330,2005,21,,1,,1,SUV,Petrol,,White,used,1,Luxury,Phnom Penh,Tier_1,individual,1,0,2026-07-25 20:44:54,2026-09-04T07:19:58.432245+00:00,2026-09-04
13937234,16300.0,9.69898173460629,Lexus,RX330,2004,22,,1,,1,SUV,Petrol,,White,used,1,Luxury,Phnom Penh,Tier_1,store,0,0,2026-08-28 07:32:22,2026-09-06T07:09:42.925714+00:00,2026-09-06
13958811,14500.0,9.581972891547895,Lexus,RX330,2004,22,,1,,1,SUV,Petrol,,Gold,used,1,Luxury,Phnom Penh,Tier_1,individual,0,0,2026-09-02 16:03:28,2026-09-02T09:52:04.469046+00:00,2026-09-02
13705917,19700.0,9.888424674859083,Lexus,RX400h,2006,20,,1,,1,,Petrol,Automatic,Grey,used,1,Luxury,Kampong Chhnang,Tier_3,individual,0,0,2026-06-28 17:44:09,2026-09-05T07:03:28.464462+00:00,2026-09-05
13958524,19500.0,9.87822102528824,Lexus,HS,2010,16,,1,,1,Sedan,Hybrid,Automatic,,used,1,Luxury,Phnom Penh,Tier_1,store,0,0,2026-09-02 15:07:15,2026-09-02T09:53:03.961754+00:00,2026-09-02
13428802,14500.0,9.581972891547895,Lexus,GX470,2007,19,,1,,1,SUV,,,,used,1,Luxury,Phnom Penh,Tier_1,store,0,0,2026-04-22 19:07:06,2026-09-06T07:09:53.457228+00:00,2026-09-06
13966925,18900.0,9.846970109700957,Lexus,RX330,2005,21,,1,,1,SUV,Petrol,Automatic,White,used,1,Luxury,Phnom Penh,Tier_1,store,0,1,2026-09-04 15:10:57,2026-09-05T07:00:32.933656+00:00,2026-09-05
13965870,65000.0,11.082157933374816,Lexus,RX300,2020,6,80467,0,,1,SUV,Petrol,Automatic,White,used,1,Luxury,Phnom Penh,Tier_1,individual,1,0,2026-09-04 11:36:26,2026-09-04T07:22:04.760873+00:00,2026-09-04
13471349,36500.0,10.505094936455558,Lexus,NX200t,2017,9,,1,,1,SUV,Petrol,Automatic,White,used,1,Luxury,Phnom Penh,Tier_1,store,1,0,2026-05-03 10:58:03,2026-09-04T07:17:31.282802+00:00,2026-09-04
13941795,11000.0,9.305741456739435,Lexus,GS,2006,20,,1,,1,Sedan,Petrol,Automatic,Silver,used,1,Luxury,Phnom Penh,Tier_1,individual,0,0,2026-08-29 10:00:58,2026-09-02T09:52:27.686740+00:00,2026-09-02
13958572,14500.0,9.581972891547895,Lexus,LX470,2003,23,,1,,1,SUV,LPG,Automatic,Black,used,1,Luxury,Phnom Penh,Tier_1,store,0,0,2026-09-02 15:15:02,2026-09-02T09:52:56.388285+00:00,2026-09-02
13816526,18500.0,9.825580063659602,Lexus,CT,2013,13,,1,,1,Sedan,Hybrid,Automatic,White,used,0,Luxury,Phnom Penh,Tier_1,store,0,0,2026-07-27 14:08:55,2026-09-06T07:11:44.824628+00:00,2026-09-06
13931588,34500.0,10.448743588106625,Lexus,NX200t,2015,11,,1,,1,SUV,Petrol,Automatic,White,used,0,Luxury,Phnom Penh,Tier_1,individual,1,0,2026-08-26 15:19:58,2026-09-03T09:12:35.700721+00:00,2026-09-03
13882360,32800.0,10.39821428171237,Lexus,NX200t,2016,10,,1,,1,SUV,Petrol,Automatic,White,used,1,Luxury,Phnom Penh,Tier_1,individual,1,0,2026-08-13 13:58:03,2026-09-05T07:02:56.247040+00:00,2026-09-05
13886256,240000.0,12.388398368982115,Lexus,LM,2026,0,,1,,1,MPV,Hybrid,Automatic,Silver,new,0,Luxury,Phnom Penh,Tier_1,individual,0,0,2026-08-14 14:22:57,2026-09-03T07:12:49.966706+00:00,2026-09-03
13954093,42300.0,10.652566005416872,Lexus,LS,2013,13,,1,,1,Sedan,Hybrid,Automatic,Grey,used,1,Luxury,Phnom Penh,Tier_1,individual,1,0,2026-09-01 14:33:07,2026-09-03T09:12:31.377285+00:00,2026-09-03
13923783,16800.0,9.729193687429403,Lexus,LS,2007,19,,1,,1,Sedan,Petrol,Automatic,Black,used,1,Luxury,Phnom Penh,Tier_1,store,0,0,2026-08-24 18:24:02,2026-09-02T09:53:20.746159+00:00,2026-09-02
13963075,72500.0,11.19135563385109,Lexus,NX450h+,2023,3,,1,,1,SUV,Hybrid,Automatic,White,new,0,Luxury,Phnom Penh,Tier_1,store,0,0,2026-09-03 16:02:09,2026-09-06T07:14:16.893748+00:00,2026-09-06
13515926,23800.0,10.077482875583607,iCar,ផ្សេងៗ,2025,1,,1,0,0,SUV,Electric,Automatic,White,used,0,Chinese_EV,Phnom Penh,Tier_1,store,0,0,2026-05-14 10:48:50,2026-09-06T07:09:37.799108+00:00,2026-09-06
13969964,258000.0,12.460718739865236,AITO,ផ្សេងៗ,2025,1,1333,0,,1,Sedan,Hybrid,Automatic,,new,0,Other,Phnom Penh,Tier_1,store,0,0,2026-09-05 12:41:43,2026-09-05T07:00:10.995331+00:00,2026-09-05
13699339,21500.0,9.975854724662028,Isuzu,MU-X,2015,11,,1,,1,SUV,Diesel,Automatic,White,used,1,Mass_Market,Phnom Penh,Tier_1,store,0,1,2026-06-26 22:16:43,2026-09-06T07:10:30.044611+00:00,2026-09-06
13339706,29500.0,10.292179440058462,Mercedes-Benz,C-Class,2015,11,,1,,1,Sedan,Petrol,Automatic,Black,used,0,Luxury,Phnom Penh,Tier_1,individual,0,0,2026-03-26 18:25:09,2026-09-03T09:12:47.712554+00:00,2026-09-03
13529518,26500.0,10.184937747111391,Mercedes-Benz,GL-Class,2013,13,350,0,,1,SUV,Diesel,Automatic,White,used,1,Luxury,Phnom Penh,Tier_1,store,0,0,2026-05-17 18:32:07,2026-09-02T09:53:08.648534+00:00,2026-09-02
13603110,23500.0,10.064798252418377,Mercedes-Benz,C-Class,2015,11,,1,,1,Sedan,Petrol,Automatic,White,used,1,Luxury,Phnom Penh,Tier_1,store,0,0,2026-06-03 17:17:54,2026-09-02T09:53:55.014816+00:00,2026-09-02
13649810,38700.0,10.563620718477313,Mercedes-Benz,C-Class,2017,9,,1,,1,Coupe,Petrol,Automatic,White,used,0,Luxury,Phnom Penh,Tier_1,individual,0,0,2026-06-15 10:18:11,2026-09-03T09:12:21.856447+00:00,2026-09-03
13807089,79800.0,11.287291314687705,Mercedes-Benz,Maybach,2015,11,,1,4663,0,Sedan,Petrol,Automatic,Black,used,1,Luxury,Phnom Penh,Tier_1,store,1,0,2026-07-24 17:44:02,2026-09-06T07:12:42.088793+00:00,2026-09-06
13846928,25800.0,10.158168529848494,Mercedes-Benz,C-Class,2015,11,,1,,1,Sedan,Petrol,Automatic,Silver,used,0,Luxury,Phnom Penh,Tier_1,store,0,0,2026-08-04 12:24:04,2026-09-02T09:54:48.464470+00:00,2026-09-02
13956894,18800.0,9.841665338892785,Mercedes-Benz,CLA,2014,12,80000,0,,1,Sedan,Petrol,Automatic,Grey,used,1,Luxury,Phnom Penh,Tier_1,individual,0,0,2026-09-02 10:16:36,2026-09-04T07:21:13.153954+00:00,2026-09-04
13962287,105000.0,11.561725152903833,Mercedes-Benz,Vito,2025,1,89888,0,,1,MPV,Petrol,Automatic,Black,used,1,Luxury,Phnom Penh,Tier_1,store,0,0,2026-09-03 13:52:22,2026-09-03T07:13:14.130334+00:00,2026-09-03
13969978,169000.0,12.037659911047468,Mercedes-Benz,GLE 53 AMG,2025,1,5000,0,,1,SUV,Petrol,Automatic,Black,used,1,Luxury,Phnom Penh,Tier_1,store,0,0,2026-09-05 12:46:35,2026-09-05T06:59:59.756260+00:00,2026-09-05
13917792,38500.0,10.55843949396453,Mercedes-Benz,C-Class,2017,9,,1,,1,Coupe,,Automatic,White,used,0,Luxury,Phnom Penh,Tier_1,store,1,0,2026-08-23 10:10:47,2026-09-06T07:11:13.243991+00:00,2026-09-06
13756265,159000.0,11.976665770490767,Mercedes-Benz,G-Class,2019,7,,1,4000,0,SUV,Petrol,,Black,used,1,Luxury,Phnom Penh,Tier_1,store,0,0,2026-07-11 11:46:55,2026-09-05T07:03:15.243851+00:00,2026-09-05
13763374,24000.0,10.085850775128717,Mercedes-Benz,C-Class,2015,11,,1,,1,Sedan,Petrol,,White,used,1,Luxury,Phnom Penh,Tier_1,individual,1,0,2026-07-13 11:54:27,2026-09-05T06:58:01.179807+00:00,2026-09-05
13939175,23000.0,10.043292972227004,Mercedes-Benz,GL350,2014,12,,1,,1,SUV,Diesel,,Black,used,1,Luxury,Phnom Penh,Tier_1,individual,0,0,2026-08-28 14:19:24,2026-09-02T09:51:53.994926+00:00,2026-09-02
13593354,35000.0,10.463131911491967,Mercedes-Benz,S-Class,2015,11,,1,,1,Sedan,Petrol,Automatic,Black,used,1,Luxury,Phnom Penh,Tier_1,store,0,0,2026-06-01 14:19:05,2026-09-02T09:51:41.209154+00:00,2026-09-02
13254732,31000.0,10.34177474101152,Mercedes-Benz,CLA45,2014,12,,1,,1,,,,,used,0,Luxury,Phnom Penh,Tier_1,individual,0,0,2026-03-05 21:42:14,2026-09-03T09:13:45.428911+00:00,2026-09-03
13934430,39000.0,10.571342565808699,Jeep,Wrangler,2018,8,,1,,1,SUV,Petrol,Automatic,Black,used,1,Mass_Market,Phnom Penh,Tier_1,store,0,0,2026-08-27 11:20:38,2026-09-03T07:15:23.662914+00:00,2026-09-03
13809304,19500.0,9.87822102528824,SsangYong,Rexton,2018,8,,1,,1,,,Automatic,White,used,0,Other,Phnom Penh,Tier_1,store,0,0,2026-07-25 12:23:33,2026-09-06T07:14:21.417260+00:00,2026-09-06
13950042,18800.0,9.841665338892785,SsangYong,Rexton,2018,8,,1,,1,,Diesel,Automatic,Black,used,0,Other,Phnom Penh,Tier_1,individual,1,0,2026-08-31 13:42:32,2026-09-03T09:13:54.218429+00:00,2026-09-03
13950086,18800.0,9.841665338892785,SsangYong,Rexton,2018,8,,1,,1,,Diesel,Automatic,Blue,used,0,Other,Phnom Penh,Tier_1,individual,0,0,2026-08-31 13:53:33,2026-09-03T09:13:54.162576+00:00,2026-09-03
13953994,33500.0,10.419330568113901,SsangYong,Rexton,2024,2,,1,,1,,Diesel,Automatic,Grey,used,1,Other,Phnom Penh,Tier_1,individual,0,0,2026-09-01 14:16:28,2026-09-03T09:12:36.927851+00:00,2026-09-03
13715932,20900.0,9.94755228369823,Kia,Carnival,2018,8,150000,0,,1,MPV,Diesel,Automatic,White,used,0,Mass_Market,Phnom Penh,Tier_1,store,1,0,2026-07-01 11:28:30,2026-09-05T06:59:31.905103+00:00,2026-09-05
13743025,10500.0,9.259225769705994,Kia,Morning,2016,10,,1,,1,Sedan,Petrol,Automatic,White,used,0,Mass_Market,Siem Reap,Tier_2,store,1,0,2026-07-08 10:06:17,2026-09-06T07:10:38.575370+00:00,2026-09-06
13761222,17500.0,9.770013301136158,Kia,Carnival,2019,7,,1,0,0,MPV,Electric,Automatic,Black,used,1,Mass_Market,Phnom Penh,Tier_1,store,0,0,2026-07-12 17:10:01,2026-09-02T09:52:09.071158+00:00,2026-09-02
13965579,22900.0,10.038935856711177,Kia,Carnival,2019,7,,1,,1,MPV,Petrol,Automatic,White,used,1,Mass_Market,Phnom Penh,Tier_1,individual,1,0,2026-09-04 10:54:18,2026-09-05T07:02:30.326122+00:00,2026-09-05
13973384,19500.0,9.87822102528824,Kia,Carnival,2015,11,,1,,1,SUV,Diesel,Automatic,Silver,used,0,Mass_Market,Phnom Penh,Tier_1,store,1,0,2026-09-06 12:38:12,2026-09-06T07:11:44.831992+00:00,2026-09-06
13973394,23500.0,10.064798252418377,Kia,Carnival,2019,7,,1,,1,SUV,Diesel,Automatic,Black,used,0,Mass_Market,Phnom Penh,Tier_1,store,0,0,2026-09-06 12:41:06,2026-09-06T07:11:38.198236+00:00,2026-09-06
13894336,15750.0,9.664659134301736,Kia,Carnival,2015,11,,1,,1,MPV,Diesel,Automatic,Grey,used,1,Mass_Market,Phnom Penh,Tier_1,individual,1,0,2026-08-16 21:59:36,2026-09-05T06:58:33.373806+00:00,2026-09-05
13882058,13800.0,9.53249633228804,Kia,Morning,2018,8,,1,,1,Sedan,Petrol,Automatic,,used,0,Mass_Market,Phnom Penh,Tier_1,store,0,0,2026-08-13 12:59:27,2026-09-06T07:11:20.589339+00:00,2026-09-06
13953264,8500.0,9.04793908261736,Kia,Morning,2012,14,,1,,1,Sedan,,,,used,1,Mass_Market,Phnom Penh,Tier_1,individual,1,0,2026-09-01 12:13:08,2026-09-03T09:13:58.493699+00:00,2026-09-03
13466988,23800.0,10.077482875583607,Kia,Carnival,2019,7,,1,,1,MPV,,Automatic,White,used,1,Mass_Market,Phnom Penh,Tier_1,store,0,0,2026-05-02 07:54:56,2026-09-04T07:21:18.119204+00:00,2026-09-04
13954134,8900.0,9.093918908958932,Kia,Ray,2012,14,,1,,1,,Petrol,Automatic,Silver,used,0,Mass_Market,Phnom Penh,Tier_1,individual,1,0,2026-09-01 14:40:41,2026-09-03T09:12:26.864065+00:00,2026-09-03
13958827,1200.0,7.0909098220799835,Kia,Truck,1991,35,,1,,1,,Diesel,Manual,Blue,used,1,Mass_Market,Pailin,Tier_3,individual,0,0,2026-09-02 16:06:44,2026-09-02T09:52:02.676813+00:00,2026-09-02
13856390,13800.0,9.53249633228804,Kia,Ray,2018,8,,1,,1,MPV,Petrol,,,used,0,Mass_Market,Phnom Penh,Tier_1,store,0,0,2026-08-06 16:16:43,2026-09-02T09:51:54.092714+00:00,2026-09-02
13716598,18400.0,9.820160289946374,Tesla,Model 3,2018,8,,1,0,0,Sedan,Electric,Automatic,Black,used,1,Other,Phnom Penh,Tier_1,store,0,0,2026-07-01 13:17:22,2026-09-05T07:04:11.836940+00:00,2026-09-05
13921026,31500.0,10.357774570341576,Tesla,Model Y,2024,2,,1,0,0,SUV,Electric,Automatic,White,used,0,Other,Phnom Penh,Tier_1,individual,0,0,2026-08-24 09:15:26,2026-09-03T09:12:31.868302+00:00,2026-09-03
13966091,21000.0,9.952325334619427,BYD,Destroyer 05,2025,1,,1,0,0,,Petrol,Automatic,White,used,1,Chinese_EV,Phnom Penh,Tier_1,individual,0,0,2026-09-04 12:20:29,2026-09-04T07:19:44.982832+00:00,2026-09-04
13568582,15900.0,9.674137279312397,Honda,Accord,2014,12,,1,2400,0,Sedan,Petrol,Automatic,White,used,1,Mass_Market,Phnom Penh,Tier_1,individual,0,0,2026-05-26 12:36:12,2026-09-03T09:12:39.813484+00:00,2026-09-03
13969838,19999.0,9.903487552536127,Honda,eNS2,2025,1,19000,0,0,0,SUV,Electric,Automatic,Black,used,1,Mass_Market,Phnom Penh,Tier_1,individual,0,0,2026-09-05 12:06:20,2026-09-06T07:09:32.309295+00:00,2026-09-06
13743131,11800.0,9.375939552625749,Honda,Accord,2012,14,,1,,1,Sedan,Petrol,Automatic,Grey,used,1,Mass_Market,Phnom Penh,Tier_1,store,0,1,2026-07-08 10:23:06,2026-09-03T07:17:50.524344+00:00,2026-09-03
13896126,4500.0,8.412054873292933,Honda,CR-V,1999,27,,1,,1,SUV,Petrol,Automatic,Silver,used,1,Mass_Market,Phnom Penh,Tier_1,individual,0,0,2026-08-17 11:23:26,2026-09-03T09:14:29.767023+00:00,2026-09-03
13662265,37800.0,10.540090836284206,Ford,Everest,2021,5,,1,,1,SUV,Diesel,Automatic,White,used,1,Mass_Market,Phnom Penh,Tier_1,store,0,0,2026-06-18 08:35:03,2026-09-06T07:10:20.026232+00:00,2026-09-06
13674737,49900.0,10.817796321618971,Ford,Ranger Wildtrak,2026,0,9000,0,,1,Pickup,Diesel,Automatic,Grey,used,1,Mass_Market,Phnom Penh,Tier_1,store,0,0,2026-06-21 11:42:59,2026-09-06T07:13:34.818399+00:00,2026-09-06
13677755,40000.0,10.596659732783579,Ford,Ranger Raptor,2021,5,,1,,1,Pickup,Diesel,Automatic,Black,used,1,Mass_Market,Phnom Penh,Tier_1,individual,0,0,2026-06-22 08:56:50,2026-09-02T09:56:00.386197+00:00,2026-09-02
13732024,37900.0,10.542732775946709,Ford,Ranger,2023,3,,1,,1,Pickup,Diesel,Automatic,White,used,1,Mass_Market,Phnom Penh,Tier_1,store,0,0,2026-07-05 14:40:37,2026-09-06T07:13:55.700879+00:00,2026-09-06
13775453,33800.0,10.428245666832275,Ford,Ranger Wildtrak,2019,7,,1,3200,0,Pickup,Diesel,Automatic,White,used,1,Mass_Market,Phnom Penh,Tier_1,store,0,0,2026-07-16 11:19:17,2026-09-03T07:18:13.661427+00:00,2026-09-03
13866425,49500.0,10.809748150372926,Ford,Ranger Raptor,2023,3,50000,0,,1,Pickup,Petrol,Automatic,Black,used,1,Mass_Market,Phnom Penh,Tier_1,store,0,0,2026-08-09 12:57:05,2026-09-06T07:09:41.587042+00:00,2026-09-06
13909083,42000.0,10.645448706505872,Ford,Ranger Wildtrak,2023,3,,1,,1,Pickup,Diesel,Automatic,White,used,1,Mass_Market,Phnom Penh,Tier_1,store,0,0,2026-08-20 17:15:14,2026-09-02T09:56:01.928141+00:00,2026-09-02
13931970,31688.0,10.363724896491272,Ford,Ranger,2025,1,1000,0,,1,Pickup,Diesel,Automatic,White,used,1,Mass_Market,Phnom Penh,Tier_1,store,0,0,2026-08-26 16:22:22,2026-09-06T07:09:50.396408+00:00,2026-09-06
13932054,34400.0,10.445840912706414,Ford,Ranger,2023,3,40000,0,,1,Pickup,Diesel,Automatic,White,used,1,Mass_Market,Siem Reap,Tier_2,individual,0,0,2026-08-26 16:35:52,2026-09-06T07:14:23.190218+00:00,2026-09-06
13953750,32500.0,10.389026137075234,Ford,Territory,2024,2,,1,,1,SUV,Petrol,Automatic,White,used,1,Mass_Market,Phnom Penh,Tier_1,individual,0,0,2026-09-01 13:26:58,2026-09-03T09:12:57.105400+00:00,2026-09-03
13872130,34500.0,10.448743588106625,Ford,ផ្សេងៗ,2026,0,,1,,1,Pickup,Diesel,Automatic,White,used,1,Mass_Market,Phnom Penh,Tier_1,individual,0,0,2026-08-10 23:58:47,2026-09-05T07:01:18.429124+00:00,2026-09-05
13925185,39000.0,10.571342565808699,Ford,Ranger Raptor,2017,9,,1,,1,Pickup,Petrol,Automatic,Black,used,1,Mass_Market,Phnom Penh,Tier_1,store,0,0,2026-08-25 09:02:28,2026-09-03T07:15:23.225084+00:00,2026-09-03
13936879,36800.0,10.513280297700861,Ford,Ranger,2023,3,,1,,1,Pickup,,Automatic,White,used,1,Mass_Market,Phnom Penh,Tier_1,individual,0,0,2026-08-27 21:29:58,2026-09-02T09:52:33.780341+00:00,2026-09-02
13969849,36500.0,10.505094936455558,Ford,Ranger Wildtrak,2023,3,,1,,1,Pickup,,Automatic,White,used,1,Mass_Market,Phnom Penh,Tier_1,individual,0,0,2026-09-05 12:11:43,2026-09-05T07:01:22.298368+00:00,2026-09-05
13973470,38000.0,10.545367754151743,Ford,F-150,2017,9,,1,,1,Pickup,,,Black,used,1,Mass_Market,Phnom Penh,Tier_1,individual,0,0,2026-09-06 12:59:15,2026-09-06T07:11:19.933976+00:00,2026-09-06
13744277,29900.0,10.305647203635566,Ford,Ranger Wildtrak,2016,10,97765,0,3200,0,Pickup,Diesel,,White,used,1,Mass_Market,Kandal,Tier_2,store,1,0,2026-07-08 13:48:04,2026-09-05T06:58:20.798312+00:00,2026-09-05
13917818,46000.0,10.736418414365376,Ford,F-150,2019,7,,1,3500,0,Pickup,Petrol,,Black,used,1,Mass_Market,Phnom Penh,Tier_1,individual,0,1,2026-08-23 10:17:55,2026-09-03T09:12:24.357190+00:00,2026-09-03
13896499,23500.0,10.064798252418377,Ford,Windstar,2014,12,,1,,1,,Diesel,Automatic,Silver,used,1,Mass_Market,Phnom Penh,Tier_1,store,0,0,2026-08-17 12:28:33,2026-09-01T07:59:59.789990+00:00,2026-09-01
13701736,49500.0,10.809748150372926,Ford,Ranger Raptor,2017,9,,1,,1,Pickup,Petrol,Automatic,,used,1,Mass_Market,Phnom Penh,Tier_1,store,1,0,2026-06-27 13:45:07,2026-09-05T06:58:57.268196+00:00,2026-09-05
13799137,72500.0,11.19135563385109,Ram,TRX,2021,5,,1,,1,SUV,Petrol,Automatic,White,used,1,Other,Phnom Penh,Tier_1,store,0,0,2026-07-22 15:48:47,2026-09-04T07:20:51.615823+00:00,2026-09-04
13852974,28500.0,10.25769445336048,BMW,i8,2014,12,,1,,1,Sedan,Hybrid,Automatic,Grey,used,1,Luxury,Phnom Penh,Tier_1,store,0,0,2026-08-05 19:40:16,2026-09-02T09:52:00.750813+00:00,2026-09-02
13399818,36000.0,10.491301994830229,BMW,X4 M,2016,10,,1,2000,0,,,,White,used,1,Luxury,Phnom Penh,Tier_1,individual,0,0,2026-04-11 18:23:08,2026-09-04T07:21:38.324545+00:00,2026-09-04
13263411,53000.0,10.87806606028079,Land Rover,Range Rover Sport,2018,8,,1,3000,0,SUV,Petrol,Automatic,Black,used,1,Luxury,Phnom Penh,Tier_1,store,1,0,2026-03-08 10:19:33,2026-09-04T07:17:30.537096+00:00,2026-09-04
13609265,68000.0,11.127277689932466,Land Rover,Range Rover Vogue,2018,8,2018,0,,1,SUV,Diesel,Automatic,Black,used,1,Luxury,Phnom Penh,Tier_1,store,0,0,2026-06-05 08:59:23,2026-09-02T09:53:09.689487+00:00,2026-09-02
13635754,49500.0,10.809748150372926,Land Rover,Range Rover Vogue,2019,7,50000,0,,1,SUV,Petrol,Automatic,White,used,1,Luxury,Phnom Penh,Tier_1,store,0,0,2026-06-11 14:51:23,2026-09-06T07:11:08.256662+00:00,2026-09-06
13844249,11800.0,9.375939552625749,Mazda,Mazda 3,2015,11,,1,,1,Hatchback,Petrol,Automatic,Red,used,1,Mass_Market,Phnom Penh,Tier_1,individual,0,0,2026-08-03 17:01:58,2026-09-06T07:09:16.863162+00:00,2026-09-06
13872653,58500.0,10.97679912709094,Land Rover,Rangerover Velar,2022,4,,1,,1,SUV,Petrol,Automatic,White,used,1,Luxury,Phnom Penh,Tier_1,store,0,0,2026-08-11 08:34:24,2026-09-04T07:16:33.039216+00:00,2026-09-04
13918774,12870.0,9.462731997649378,Land Rover,Range Rover Evoque,2012,14,,1,,1,SUV,Petrol,Automatic,White,used,0,Luxury,Banteay Meanchey,Tier_3,individual,0,0,2026-08-23 13:51:22,2026-09-06T07:12:44.167526+00:00,2026-09-06
13932013,29900.0,10.305647203635566,Land Rover,Range Rover Vogue,2015,11,,1,,1,SUV,Diesel,Automatic,White,used,1,Luxury,Phnom Penh,Tier_1,store,0,0,2026-08-26 16:28:45,2026-09-05T07:02:56.878449+00:00,2026-09-05
13942368,19500.0,9.87822102528824,Land Rover,Range Rover Vogue,2014,12,100000,0,,1,SUV,Petrol,Automatic,Black,used,1,Luxury,Phnom Penh,Tier_1,store,0,0,2026-08-29 11:59:44,2026-09-06T07:09:35.230288+00:00,2026-09-06
13959021,5200.0,8.556606193773073,Land Rover,Range Rover,2005,21,,1,,1,SUV,Diesel,Automatic,Black,used,1,Luxury,Phnom Penh,Tier_1,individual,0,0,2026-09-02 16:43:56,2026-09-02T09:51:35.866156+00:00,2026-09-02
13966647,135000.0,11.813037464800539,Land Rover,Range Rover Sport,2023,3,,1,,1,SUV,Petrol,Automatic,Red,used,1,Luxury,Phnom Penh,Tier_1,store,0,0,2026-09-04 14:14:32,2026-09-04T07:16:25.380859+00:00,2026-09-04
13432506,40999.0,10.621327345686446,Land Rover,Rangerover Velar,2018,8,,1,,1,,,Automatic,White,used,1,Luxury,Phnom Penh,Tier_1,store,0,0,2026-04-23 14:36:30,2026-09-02T09:51:42.940885+00:00,2026-09-02
13914275,32500.0,10.389026137075234,Land Rover,Range Rover,2015,11,,1,,1,,,Automatic,White,used,1,Luxury,Phnom Penh,Tier_1,store,0,0,2026-08-22 10:17:47,2026-09-02T09:55:37.545343+00:00,2026-09-02
13961942,37500.0,10.53212287826962,ផ្សេងៗ,,2026,0,,1,,1,,,Automatic,White,new,1,Other,Phnom Penh,Tier_1,individual,0,0,2026-09-03 12:39:09,2026-09-03T07:15:17.570870+00:00,2026-09-03
13836581,253000.0,12.441148720271016,Cadillac,Escalade ESV,2026,0,,1,,1,MPV,Petrol,Automatic,Black,new,0,Luxury,Phnom Penh,Tier_1,store,0,0,2026-08-01 15:34:29,2026-09-03T07:18:21.816386+00:00,2026-09-03
13879619,196900.0,12.190456343334482,Cadillac,Escalade ESV,2025,1,7000,0,,1,,Petrol,Automatic,Black,used,0,Luxury,Phnom Penh,Tier_1,store,0,0,2026-08-12 19:56:22,2026-09-06T07:11:34.577373+00:00,2026-09-06
13697861,26000.0,10.165890277802454,Mazda,BT-50,2020,6,,1,,1,Pickup,Diesel,Automatic,Silver,used,1,Mass_Market,Phnom Penh,Tier_1,store,0,0,2026-06-26 14:34:43,2026-09-02T09:51:46.430544+00:00,2026-09-02
13419804,17777.0,9.78571701680162,Mazda,RX-8,2011,15,,1,,1,Coupe,Petrol,Automatic,Black,used,1,Mass_Market,Phnom Penh,Tier_1,individual,0,0,2026-04-20 19:12:28,2026-09-06T07:10:54.823825+00:00,2026-09-06
13511973,18799.2,9.841622787059327,Mazda,RX-8,2008,18,,1,1300,0,Coupe,Petrol,Automatic,Grey,used,1,Mass_Market,Phnom Penh,Tier_1,store,0,0,2026-05-13 11:21:23,2026-09-06T07:12:48.444032+00:00,2026-09-06
13363149,9700.0,9.179984251961283,Nissan,ផ្សេងៗ,2005,21,,1,,1,Pickup,Petrol,Automatic,Black,used,1,Mass_Market,Phnom Penh,Tier_1,store,0,0,2026-04-02 07:39:48,2026-09-06T07:14:00.538268+00:00,2026-09-06
13503244,11500.0,9.350189267092581,Nissan,Frontier,2005,21,,1,,1,Pickup,Petrol,Automatic,Silver,used,1,Mass_Market,Siem Reap,Tier_2,individual,0,1,2026-05-11 12:28:01,2026-09-05T07:02:45.980285+00:00,2026-09-05
13961906,20500.0,9.928228944424575,Volkswagen,Jetta,2023,3,2023,0,,1,,,,White,used,1,Mass_Market,Phnom Penh,Tier_1,store,0,0,2026-09-03 12:31:19,2026-09-03T07:15:37.206173+00:00,2026-09-03
13953231,20500.0,9.928228944424575,Volkswagen,ឡានម្ចាស់ដើមជិះបាន៣ម៉ឺនគីឡូជាងទេ នៅថ្មីណាស់ ទឹកថ្នាំស្រីនម៉ាជុំ,2023,3,,1,,1,,,,,used,1,Mass_Market,Phnom Penh,Tier_1,individual,0,0,2026-09-01 12:05:42,2026-09-03T09:14:04.962359+00:00,2026-09-03
13693303,45000.0,10.714439990727769,Bentley,Flying Spur,2020,6,79806,0,4000,0,Sedan,Petrol,Automatic,Blue,used,1,Luxury,Phnom Penh,Tier_1,store,0,0,2026-06-25 13:41:42,2026-09-06T07:13:45.563988+00:00,2026-09-06
13701645,47000.0,10.757924157061597,Bentley,Flying Spur,2015,11,,1,4000,0,Sedan,,,White,used,1,Luxury,Phnom Penh,Tier_1,store,0,0,2026-06-27 13:28:40,2026-09-06T07:11:58.474941+00:00,2026-09-06
13408270,13900.0,9.539716058977092,Toyota,Highlander,2003,23,,1,,1,SUV,Petrol,Automatic,Silver,used,1,Mass_Market,Phnom Penh,Tier_1,store,0,0,2026-04-17 12:56:24,2026-09-06T07:10:41.795797+00:00,2026-09-06
13416632,33800.0,10.428245666832275,Toyota,Fortuner,2017,9,,1,,1,SUV,Diesel,Automatic,White,used,1,Mass_Market,Phnom Penh,Tier_1,individual,0,0,2026-04-20 08:46:27,2026-09-04T07:17:28.221940+00:00,2026-09-04
13443981,16200.0,9.692828247710418,Toyota,Prius,2010,16,,1,,1,Hatchback,Hybrid,Automatic,White,used,1,Mass_Market,Phnom Penh,Tier_1,store,1,0,2026-04-26 11:31:27,2026-09-02T09:53:58.961563+00:00,2026-09-02
13450957,22500.0,10.021315031649332,Toyota,Land Cruiser,2004,22,,1,,1,SUV,Diesel,Automatic,Black,used,1,Mass_Market,Phnom Penh,Tier_1,store,0,0,2026-04-28 08:21:55,2026-09-06T07:11:59.326313+00:00,2026-09-06
13612429,13700.0,9.525224101853109,Toyota,Prius,2010,16,,1,,1,Hatchback,Hybrid,Automatic,Blue,used,1,Mass_Market,Phnom Penh,Tier_1,store,1,0,2026-06-05 19:11:34,2026-09-06T07:12:22.869707+00:00,2026-09-06
13674484,49800.0,10.815790343132422,Toyota,Fortuner,2022,4,,1,,1,SUV,Diesel,Automatic,White,used,1,Mass_Market,Phnom Penh,Tier_1,store,0,0,2026-06-21 10:41:17,2026-09-04T07:22:05.833946+00:00,2026-09-04
13675807,28500.0,10.25769445336048,Toyota,Highlander,2013,13,,1,2700,0,SUV,Petrol,Automatic,White,used,0,Mass_Market,Phnom Penh,Tier_1,store,0,0,2026-06-21 15:39:07,2026-09-06T07:12:26.717873+00:00,2026-09-06
13687076,38500.0,10.55843949396453,Toyota,Land Cruiser,2011,15,,1,,1,SUV,Diesel,Automatic,White,used,1,Mass_Market,Phnom Penh,Tier_1,store,0,0,2026-06-24 10:03:49,2026-09-02T09:55:26.495195+00:00,2026-09-02
13704669,6800.0,8.824824939175638,Toyota,Corolla,2003,23,,1,,1,Sedan,Petrol,Automatic,Black,used,1,Mass_Market,Phnom Penh,Tier_1,store,0,0,2026-06-28 12:21:32,2026-09-05T06:59:56.475002+00:00,2026-09-05
13721602,26700.0,10.192456296870509,Toyota,Highlander,2010,16,,1,,1,SUV,Petrol,Automatic,White,used,1,Mass_Market,Phnom Penh,Tier_1,store,0,0,2026-07-02 16:41:54,2026-09-06T07:11:17.948537+00:00,2026-09-06
13724295,25100.0,10.130662964963708,Toyota,Raize,2026,0,100000,0,,1,SUV,Petrol,Automatic,White,new,0,Mass_Market,Phnom Penh,Tier_1,store,0,0,2026-07-03 12:00:03,2026-09-06T07:10:41.232641+00:00,2026-09-06
13724328,67000.0,11.112462823634855,Toyota,Fortuner,2026,0,100000,0,,1,SUV,Diesel,Automatic,Black,new,0,Mass_Market,Phnom Penh,Tier_1,store,0,0,2026-07-03 12:03:14,2026-09-06T07:10:30.172260+00:00,2026-09-06
13724334,21900.0,9.994287576862567,Toyota,Raize,2026,0,100000,0,,1,SUV,Petrol,Automatic,White,new,0,Mass_Market,Phnom Penh,Tier_1,store,0,0,2026-07-03 12:04:06,2026-09-06T07:10:30.856079+00:00,2026-09-06
13726360,8700.0,9.071193240566025,Toyota,Highlander,2001,25,,1,,1,SUV,Petrol,Automatic,Blue,used,1,Mass_Market,Phnom Penh,Tier_1,store,0,0,2026-07-03 21:21:25,2026-09-02T09:51:43.764503+00:00,2026-09-02
13735681,45900.0,10.734242182303689,Toyota,Hilux,2027,0,100000,0,,1,Pickup,Diesel,Automatic,Orange,new,0,Mass_Market,Phnom Penh,Tier_1,store,0,0,2026-07-06 13:32:47,2026-09-06T07:10:06.954582+00:00,2026-09-06
13736202,51100.0,10.841559345471941,Toyota,Hilux,2027,0,100000,0,2800,0,Pickup,Diesel,Automatic,Orange,new,0,Mass_Market,Phnom Penh,Tier_1,store,0,0,2026-07-06 15:18:46,2026-09-06T07:12:28.230571+00:00,2026-09-06
13747889,16000.0,9.680406499268875,Toyota,Camry,2007,19,,1,,1,SUV,Petrol,Automatic,White,used,1,Mass_Market,Phnom Penh,Tier_1,store,0,0,2026-07-09 11:43:52,2026-09-02T09:52:20.778091+00:00,2026-09-02
13767664,19500.0,9.87822102528824,Toyota,Prius,2013,13,,1,,1,Hatchback,Hybrid,Automatic,Grey,used,0,Mass_Market,Phnom Penh,Tier_1,store,0,0,2026-07-14 11:18:12,2026-09-02T09:52:56.758054+00:00,2026-09-02
13774142,17900.0,9.792611856190192,Toyota,Highlander,2004,22,,1,,1,SUV,Petrol,Automatic,Gold,used,1,Mass_Market,Phnom Penh,Tier_1,store,0,0,2026-07-16 00:00:55,2026-09-03T07:12:54.215557+00:00,2026-09-03
13796349,33000.0,10.404293143019792,Toyota,Alphard,2015,11,,1,,1,MPV,Petrol,Automatic,Black,used,0,Mass_Market,Phnom Penh,Tier_1,store,0,0,2026-07-21 23:25:45,2026-09-02T09:52:44.055729+00:00,2026-09-02
13799719,16000.0,9.680406499268875,Toyota,Prius,2012,14,,1,,1,Hatchback,Hybrid,Automatic,Black,used,1,Mass_Market,Phnom Penh,Tier_1,individual,0,0,2026-07-22 18:35:44,2026-09-03T09:12:41.077615+00:00,2026-09-03
13815720,42500.0,10.657282884047461,Toyota,Alphard,2016,10,,1,,1,MPV,Petrol,Automatic,White,used,1,Mass_Market,Phnom Penh,Tier_1,store,0,0,2026-07-27 11:34:21,2026-09-02T09:55:46.345695+00:00,2026-09-02
13821174,26900.0,10.199918739620157,Toyota,Land Cruiser,2008,18,,1,,1,SUV,Petrol,Automatic,White,used,1,Mass_Market,Phnom Penh,Tier_1,store,0,1,2026-07-28 14:37:22,2026-09-06T07:11:41.553560+00:00,2026-09-06
13823869,20500.0,9.928228944424575,Toyota,Prius,2014,12,,1,,1,Hatchback,Hybrid,Automatic,White,used,0,Mass_Market,Phnom Penh,Tier_1,store,0,0,2026-07-29 11:12:20,2026-09-06T07:13:59.367457+00:00,2026-09-06
13825422,17800.0,9.787009914477434,Toyota,Prius,2010,16,,1,,1,Hatchback,Hybrid,Automatic,White,used,0,Mass_Market,Phnom Penh,Tier_1,individual,1,0,2026-07-29 16:21:10,2026-09-03T07:12:58.650647+00:00,2026-09-03
13835887,9990.0,9.209439966733019,Toyota,Prius,2006,20,,1,,1,Hatchback,Hybrid,Automatic,Silver,used,1,Mass_Market,Phnom Penh,Tier_1,individual,0,1,2026-08-01 12:57:31,2026-09-03T07:18:34.598110+00:00,2026-09-03
13847603,8900.0,9.093918908958932,Toyota,Prius,2007,19,,1,,1,Hatchback,Hybrid,Automatic,Red,used,1,Mass_Market,Phnom Penh,Tier_1,store,0,0,2026-08-04 14:13:46,2026-09-04T07:18:55.014764+00:00,2026-09-04
13852709,23800.0,10.077482875583607,Toyota,Hilux Vigo,2011,15,,1,,1,Pickup,Diesel,Automatic,Silver,used,1,Mass_Market,Banteay Meanchey,Tier_3,individual,0,0,2026-08-05 17:56:24,2026-09-02T09:53:15.119148+00:00,2026-09-02
13854114,7000.0,8.853808274977197,Toyota,Prius,2004,22,,1,,1,Hatchback,Petrol,Automatic,Red,used,1,Mass_Market,Phnom Penh,Tier_1,individual,1,0,2026-08-06 08:43:59,2026-09-03T07:14:54.050354+00:00,2026-09-03
13854759,20200.0,9.913487387114461,Toyota,Prius,2013,13,257494,0,,1,Sedan,Hybrid,Automatic,White,used,0,Mass_Market,Phnom Penh,Tier_1,individual,0,0,2026-08-06 10:49:59,2026-09-06T07:11:18.066648+00:00,2026-09-06
13856856,21900.0,9.994287576862567,Toyota,Raize,2026,0,100000,0,1000,0,SUV,Petrol,Automatic,Blue,new,0,Mass_Market,Phnom Penh,Tier_1,store,0,0,2026-08-06 18:49:30,2026-09-02T09:53:42.266201+00:00,2026-09-02
13876449,43800.0,10.687411927154141,Toyota,Alphard,2019,7,,1,,1,MPV,Hybrid,Automatic,White,used,1,Mass_Market,Phnom Penh,Tier_1,store,0,0,2026-08-12 07:17:51,2026-09-06T07:11:40.732199+00:00,2026-09-06
13887776,19500.0,9.87822102528824,Toyota,Prius,2016,10,,1,,1,Sedan,Hybrid,Automatic,White,used,1,Mass_Market,Siem Reap,Tier_2,store,1,0,2026-08-14 22:12:18,2026-09-03T07:15:14.762964+00:00,2026-09-03
13895605,17900.0,9.792611856190192,Toyota,Prius,2013,13,,1,,1,Hatchback,Hybrid,Automatic,Silver,used,0,Mass_Market,Phnom Penh,Tier_1,store,0,0,2026-08-17 09:57:30,2026-09-02T09:54:36.949187+00:00,2026-09-02
13906745,24800.0,10.118639253920785,Toyota,bZ4X,2023,3,20000,0,0,0,SUV,Electric,Automatic,Black,new,0,Mass_Market,Phnom Penh,Tier_1,individual,0,0,2026-08-20 09:05:47,2026-09-03T07:15:13.695794+00:00,2026-09-03
13907816,21600.0,9.980494888896912,Toyota,Alphard,2014,12,,1,,1,MPV,Petrol,Automatic,Black,used,1,Mass_Market,Phnom Penh,Tier_1,individual,0,0,2026-08-20 12:11:14,2026-09-06T07:13:24.198539+00:00,2026-09-06
13908399,14000.0,9.546884034617925,Toyota,Highlander,2024,2,,1,,1,SUV,Petrol,Automatic,Gold,used,1,Mass_Market,Phnom Penh,Tier_1,individual,0,0,2026-08-20 14:21:20,2026-09-02T09:52:33.469961+00:00,2026-09-02
13909502,11000.0,9.305741456739435,Toyota,Camry,2003,23,,1,,1,Sedan,Petrol,Automatic,White,used,1,Mass_Market,Takeo,Tier_3,individual,0,0,2026-08-20 20:35:49,2026-09-05T07:00:10.300927+00:00,2026-09-05
13910227,20900.0,9.94755228369823,Toyota,Prius,2021,5,,1,0,0,Hatchback,Electric,Automatic,Grey,used,0,Mass_Market,Phnom Penh,Tier_1,store,0,0,2026-08-21 07:50:18,2026-09-02T09:55:43.909442+00:00,2026-09-02
13910489,14150.0,9.557540571952371,Toyota,Prius,2011,15,,1,,1,Hatchback,Hybrid,Automatic,Black,used,1,Mass_Market,Phnom Penh,Tier_1,individual,0,0,2026-08-21 09:03:02,2026-09-04T07:21:37.506304+00:00,2026-09-04
13912241,14500.0,9.581972891547895,Toyota,Camry,2007,19,,1,,1,Sedan,Petrol,Automatic,Gold,used,1,Mass_Market,Phnom Penh,Tier_1,store,0,0,2026-08-21 14:54:39,2026-09-06T07:12:26.611568+00:00,2026-09-06
13919709,36000.0,10.491301994830229,Toyota,Fortuner,2019,7,,1,,1,SUV,Diesel,Automatic,White,used,1,Mass_Market,Phnom Penh,Tier_1,store,0,0,2026-08-23 18:02:09,2026-09-06T07:13:53.169181+00:00,2026-09-06
13924025,17900.0,9.792611856190192,Toyota,Prius,2012,14,,1,,1,Hatchback,Hybrid,Automatic,White,used,0,Mass_Market,Phnom Penh,Tier_1,store,1,0,2026-08-24 19:36:24,2026-09-04T07:19:32.505615+00:00,2026-09-04
13926999,8800.0,9.082620630373812,Toyota,Tacoma,2003,23,,1,,1,Pickup,Petrol,Automatic,Silver,used,1,Mass_Market,Phnom Penh,Tier_1,store,0,0,2026-08-25 14:19:32,2026-09-06T07:09:26.870376+00:00,2026-09-06
13931064,10200.0,9.23024103368252,Toyota,Highlander,2001,25,,1,,1,SUV,Petrol,Automatic,Gold,used,1,Mass_Market,Phnom Penh,Tier_1,store,0,0,2026-08-26 13:47:03,2026-09-02T09:52:47.952541+00:00,2026-09-02
13931813,29500.0,10.292179440058462,Toyota,Land Cruiser,2008,18,,1,,1,SUV,Petrol,Automatic,White,used,1,Mass_Market,Phnom Penh,Tier_1,store,1,0,2026-08-26 15:52:17,2026-09-02T09:52:20.145022+00:00,2026-09-02
13940474,14800.0,9.60245002503719,Toyota,Prius,2010,16,,1,,1,Hatchback,Hybrid,Automatic,White,used,1,Mass_Market,Phnom Penh,Tier_1,individual,1,1,2026-08-28 20:43:40,2026-09-03T09:14:31.915565+00:00,2026-09-03
13940480,16950.0,9.738082108118487,Toyota,Camry,2007,19,,1,,1,Sedan,Petrol,Automatic,White,used,1,Mass_Market,Phnom Penh,Tier_1,individual,0,0,2026-08-28 20:47:15,2026-09-03T09:14:32.195822+00:00,2026-09-03
13943475,30500.0,10.32551474894327,Toyota,Camry,2020,6,,1,,1,Sedan,Petrol,Automatic,Black,used,1,Mass_Market,Phnom Penh,Tier_1,individual,0,0,2026-08-29 16:13:57,2026-09-05T06:57:43.910697+00:00,2026-09-05
13946250,10300.0,9.239996256883693,Toyota,Highlander,2003,23,,1,,1,SUV,Petrol,Automatic,Red,used,1,Mass_Market,Phnom Penh,Tier_1,store,0,0,2026-08-30 13:57:22,2026-09-06T07:10:58.752860+00:00,2026-09-06
13946360,27000.0,10.203629181337648,Toyota,Alphard,2016,10,,1,,1,MPV,Petrol,Automatic,Black,used,1,Mass_Market,Phnom Penh,Tier_1,store,0,0,2026-08-30 14:24:16,2026-09-02T09:55:26.384767+00:00,2026-09-02
13946469,42800.0,10.664316745782925,Toyota,Prius,2023,3,,1,,1,Hatchback,Hybrid,Automatic,White,used,0,Mass_Market,Phnom Penh,Tier_1,store,1,0,2026-08-30 14:52:28,2026-09-02T09:52:17.017512+00:00,2026-09-02
13947331,16500.0,9.711176264112805,Toyota,Prius,2013,13,241401,0,,1,Hatchback,Hybrid,Automatic,White,used,0,Mass_Market,Phnom Penh,Tier_1,store,1,0,2026-08-30 19:57:07,2026-09-04T07:19:32.517846+00:00,2026-09-04
13947503,14400.0,9.575052927597383,Toyota,Prius,2011,15,,1,,1,Sedan,Hybrid,Automatic,Silver,used,0,Mass_Market,Phnom Penh,Tier_1,store,0,0,2026-08-30 21:16:01,2026-09-06T07:12:21.574491+00:00,2026-09-06
13949863,10800.0,9.287394001418473,Toyota,Camry,2003,23,,1,,1,Sedan,Petrol,Automatic,White,used,1,Mass_Market,Phnom Penh,Tier_1,individual,0,0,2026-08-31 13:11:23,2026-09-04T07:17:12.367630+00:00,2026-09-04
13953664,16500.0,9.711176264112805,Toyota,Prius,2010,16,,1,,1,SUV,Hybrid,Automatic,White,used,1,Mass_Market,Phnom Penh,Tier_1,individual,0,1,2026-09-01 13:13:24,2026-09-04T07:19:59.782899+00:00,2026-09-04
13957855,20500.0,9.928228944424575,Toyota,Prius,2017,9,,1,,1,Sedan,Hybrid,Automatic,White,used,0,Mass_Market,Phnom Penh,Tier_1,store,0,0,2026-09-02 13:11:51,2026-09-02T09:55:45.544826+00:00,2026-09-02
13957907,15500.0,9.648659816955295,Toyota,Highlander,2004,22,,1,,1,SUV,Petrol,Automatic,Silver,used,1,Mass_Market,Phnom Penh,Tier_1,store,0,0,2026-09-02 13:22:36,2026-09-02T09:55:26.934828+00:00,2026-09-02
13958018,28800.0,10.268165387743457,Toyota,Highlander,2015,11,,1,2000,0,SUV,Petrol,Automatic,Black,used,0,Mass_Market,Phnom Penh,Tier_1,store,0,0,2026-09-02 13:53:18,2026-09-02T09:54:43.884797+00:00,2026-09-02
13960753,19500.0,9.87822102528824,Toyota,Hilux Vigo,2013,13,,1,3000,0,Pickup,Diesel,Automatic,White,used,1,Mass_Market,Phnom Penh,Tier_1,store,0,0,2026-09-03 08:56:29,2026-09-04T07:18:40.168239+00:00,2026-09-04
13961568,14300.0,9.568084743872936,Toyota,Highlander,2003,23,,1,,1,SUV,Petrol,Automatic,Gold,used,1,Mass_Market,Phnom Penh,Tier_1,store,0,0,2026-09-03 11:32:53,2026-09-03T07:17:49.147433+00:00,2026-09-03
13961751,65800.0,11.094390314766315,Toyota,Alphard,2019,7,,1,,1,MPV,Petrol,Automatic,White,used,1,Mass_Market,Phnom Penh,Tier_1,individual,0,0,2026-09-03 12:03:46,2026-09-03T07:16:09.510943+00:00,2026-09-03
13961892,2600.0,7.8636512654486515,Toyota,Corolla,1997,29,,1,,1,Sedan,Petrol,Automatic,White,used,1,Mass_Market,Kandal,Tier_2,individual,0,0,2026-09-03 12:28:36,2026-09-03T07:15:46.013541+00:00,2026-09-03
13961989,23500.0,10.064798252418377,Toyota,Alphard,2012,14,,1,,1,MPV,Petrol,Automatic,White,used,0,Mass_Market,Phnom Penh,Tier_1,store,0,0,2026-09-03 12:49:22,2026-09-03T07:14:56.578475+00:00,2026-09-03
13962279,18200.0,9.809231816610408,Toyota,Hilux Vigo,2015,11,,1,,1,Pickup,Diesel,Automatic,White,used,0,Mass_Market,Phnom Penh,Tier_1,store,0,0,2026-09-03 13:51:48,2026-09-03T07:13:15.604771+00:00,2026-09-03
13966021,11300.0,9.332646496360152,Toyota,Highlander,2002,24,,1,,1,SUV,Petrol,Automatic,Red,used,1,Mass_Market,Phnom Penh,Tier_1,store,0,0,2026-09-04 12:09:17,2026-09-05T06:59:32.631298+00:00,2026-09-05
13966172,9999.0,9.210340371976184,Toyota,Camry,2002,24,,1,,1,Sedan,Petrol,Automatic,White,used,1,Mass_Market,Phnom Penh,Tier_1,individual,0,1,2026-09-04 12:41:34,2026-09-04T07:18:48.174041+00:00,2026-09-04
13966405,13500.0,9.510519035757246,Toyota,Camry,2007,19,,1,,1,Sedan,Hybrid,Automatic,White,used,1,Mass_Market,Phnom Penh,Tier_1,individual,0,0,2026-09-04 13:31:20,2026-09-04T07:17:38.314756+00:00,2026-09-04
13968768,27500.0,10.221977646629885,Toyota,Land Cruiser,2008,18,,1,,1,SUV,Petrol,Automatic,White,used,1,Mass_Market,Phnom Penh,Tier_1,individual,0,0,2026-09-05 08:47:31,2026-09-06T07:10:20.722100+00:00,2026-09-06
13969178,9850.0,9.19532825185568,Toyota,Prius,2005,21,,1,,1,Sedan,Hybrid,Automatic,White,used,1,Mass_Market,Phnom Penh,Tier_1,store,0,0,2026-09-05 10:02:05,2026-09-06T07:10:41.834031+00:00,2026-09-06
13970195,35500.0,10.477316144080852,Toyota,Alphard,2016,10,,1,,1,MPV,Petrol,Automatic,Black,used,1,Mass_Market,Phnom Penh,Tier_1,store,0,0,2026-09-05 13:30:46,2026-09-05T06:58:28.409551+00:00,2026-09-05
13973270,18300.0,9.814710982145282,Toyota,Alphard,2011,15,,1,,1,MPV,Petrol,Automatic,White,used,1,Mass_Market,Phnom Penh,Tier_1,store,1,0,2026-09-06 12:08:55,2026-09-06T07:12:13.857874+00:00,2026-09-06
13847049,15900.0,9.674137279312397,Toyota,Wigo,2026,0,100000,0,1000,0,Hatchback,Petrol,Automatic,Black,new,0,Mass_Market,Phnom Penh,Tier_1,store,0,0,2026-08-04 12:49:23,2026-09-04T07:18:09.040841+00:00,2026-09-04
13437151,31500.0,10.357774570341576,Toyota,Alphard,2015,11,,1,,1,MPV,Petrol,Automatic,Black,used,1,Mass_Market,Phnom Penh,Tier_1,store,0,0,2026-04-24 15:03:57,2026-09-06T07:09:37.562852+00:00,2026-09-06
13757446,32000.0,10.373522431293592,Toyota,Land Cruiser,2011,15,,1,,1,SUV,Petrol,Automatic,White,used,1,Mass_Market,Phnom Penh,Tier_1,individual,0,0,2026-07-11 15:58:59,2026-09-05T07:03:38.185714+00:00,2026-09-05
13775706,13600.0,9.517898598432753,Toyota,Prius,2008,18,,1,,1,Hatchback,Hybrid,Automatic,White,used,0,Mass_Market,Phnom Penh,Tier_1,store,0,1,2026-07-16 12:17:21,2026-09-06T07:14:11.405507+00:00,2026-09-06
13846838,15300.0,9.635673464721814,Toyota,Tacoma,2005,21,,1,,1,Pickup,Petrol,Automatic,Gold,used,1,Mass_Market,Phnom Penh,Tier_1,store,0,0,2026-08-04 12:00:30,2026-09-04T07:18:24.700780+00:00,2026-09-04
13942891,13500.0,9.510519035757246,Toyota,Hilux Vigo,2006,20,,1,,1,Pickup,Diesel,Manual,Gold,used,1,Mass_Market,Phnom Penh,Tier_1,store,0,0,2026-08-29 13:55:04,2026-09-02T09:55:37.082584+00:00,2026-09-02
13953695,18800.0,9.841665338892785,Toyota,Prius,2013,13,,1,,1,Hatchback,Hybrid,Automatic,White,used,0,Mass_Market,Phnom Penh,Tier_1,individual,0,0,2026-09-01 13:19:07,2026-09-03T09:13:02.646271+00:00,2026-09-03
13953718,18200.0,9.809231816610408,Toyota,Prius,2013,13,209214,0,0,0,Hatchback,Electric,Automatic,Grey,used,0,Mass_Market,Phnom Penh,Tier_1,individual,0,0,2026-09-01 13:22:02,2026-09-03T09:12:59.703588+00:00,2026-09-03
13953728,12800.0,9.45727857185611,Toyota,Prius,2009,17,209214,0,,1,Hatchback,Hybrid,Automatic,Gold,used,0,Mass_Market,Phnom Penh,Tier_1,individual,0,0,2026-09-01 13:23:22,2026-09-03T09:12:59.587636+00:00,2026-09-03
13965919,12700.0,9.44943600950432,Toyota,Prius,2009,17,,1,,1,Hatchback,Hybrid,Automatic,Grey,used,0,Mass_Market,Kampot,Tier_3,store,1,0,2026-09-04 11:49:05,2026-09-04T07:21:38.559324+00:00,2026-09-04
13947219,18900.0,9.846970109700957,Toyota,Prius,2021,5,,1,,1,Hatchback,,,Grey,used,0,Mass_Market,Phnom Penh,Tier_1,store,0,0,2026-08-30 19:09:34,2026-09-02T09:55:15.026074+00:00,2026-09-02
13878702,7700.0,8.94910546953925,Toyota,Camry,2002,24,,1,,1,Sedan,,Automatic,Silver,used,1,Mass_Market,Oddar Meanchey,Tier_3,individual,1,0,2026-08-12 15:02:21,2026-09-04T07:19:07.589670+00:00,2026-09-04
13932321,5800.0,8.665785595466064,Toyota,Tacoma,1999,27,,1,,1,Pickup,,Automatic,Green,used,1,Mass_Market,Siem Reap,Tier_2,store,0,0,2026-08-26 17:32:00,2026-09-02T09:55:55.069326+00:00,2026-09-02
13953767,12468.0,9.431000842996585,Toyota,Prius,2008,18,,1,,1,Hatchback,,Automatic,White,used,0,Mass_Market,Phnom Penh,Tier_1,individual,0,0,2026-09-01 13:31:19,2026-09-03T09:12:56.247984+00:00,2026-09-03
13756887,8888.0,9.092569836241674,Toyota,Prius,2006,20,,1,,1,Hatchback,,Automatic,Red,used,1,Mass_Market,Phnom Penh,Tier_1,individual,0,0,2026-07-11 13:41:54,2026-09-03T07:18:15.563848+00:00,2026-09-03
13820317,9200.0,9.127067452782361,Toyota,Camry,2002,24,,1,,1,Sedan,,Automatic,Silver,used,1,Mass_Market,Takeo,Tier_3,individual,0,0,2026-07-28 11:34:55,2026-09-03T09:13:04.455078+00:00,2026-09-03
13820385,17500.0,9.770013301136158,Toyota,Land Cruiser Prado,2007,19,,1,,1,SUV,,Automatic,Black,used,1,Mass_Market,Phnom Penh,Tier_1,individual,0,0,2026-07-28 11:46:49,2026-09-03T07:15:14.676236+00:00,2026-09-03
13839849,15000.0,9.61587214452889,Toyota,Prius,2010,16,,1,,1,Hatchback,,Automatic,Grey,used,1,Mass_Market,Phnom Penh,Tier_1,store,0,0,2026-08-02 15:26:05,2026-09-05T07:00:30.480539+00:00,2026-09-05
13909535,13800.0,9.53249633228804,Toyota,Highlander,2003,23,,1,,1,SUV,,Automatic,Gold,used,1,Mass_Market,Phnom Penh,Tier_1,store,1,0,2026-08-20 20:52:53,2026-09-06T07:09:50.388881+00:00,2026-09-06
13951988,14950.0,9.612533466213927,Toyota,Highlander,2003,23,,1,,1,SUV,,Automatic,Silver,used,1,Mass_Market,Phnom Penh,Tier_1,store,0,0,2026-09-01 08:44:26,2026-09-05T07:01:00.043795+00:00,2026-09-05
13271950,14000.0,9.546884034617925,Toyota,Highlander,2004,22,,1,,1,SUV,,,Red,used,1,Mass_Market,Phnom Penh,Tier_1,store,0,0,2026-03-10 13:56:21,2026-09-06T07:10:21.732228+00:00,2026-09-06
13587849,10800.0,9.287394001418473,Toyota,Vitz,2015,11,,1,,1,,,,Blue,used,1,Mass_Market,Phnom Penh,Tier_1,store,0,0,2026-05-30 23:32:58,2026-09-06T07:12:53.619996+00:00,2026-09-06
13916148,16800.0,9.729193687429403,Toyota,Prius,2011,15,,1,,1,Hatchback,,,White,used,1,Mass_Market,Phnom Penh,Tier_1,store,0,0,2026-08-22 18:10:57,2026-09-02T09:54:18.466221+00:00,2026-09-02
13938353,11000.0,9.305741456739435,Toyota,RAV4,2003,23,,1,,1,SUV,,,White,used,1,Mass_Market,Phnom Penh,Tier_1,individual,0,0,2026-08-28 11:31:53,2026-09-03T09:12:42.062325+00:00,2026-09-03
13966090,20500.0,9.928228944424575,Toyota,Rush,2019,7,2019,0,,1,SUV,,,White,used,1,Mass_Market,Phnom Penh,Tier_1,store,0,0,2026-09-04 12:20:02,2026-09-04T07:19:48.921140+00:00,2026-09-04
13399314,17600.0,9.77571099759397,Toyota,Prius,2011,15,,1,,1,Hatchback,Hybrid,,Red,used,0,Mass_Market,Phnom Penh,Tier_1,individual,0,0,2026-04-11 15:10:38,2026-09-06T07:12:23.268625+00:00,2026-09-06
13614375,18300.0,9.814710982145282,Toyota,Prius,2010,16,,1,,1,Coupe,Hybrid,,White,used,0,Mass_Market,Phnom Penh,Tier_1,store,1,0,2026-06-06 12:06:28,2026-09-02T09:53:15.825364+00:00,2026-09-02
13953526,15800.0,9.6678285081515,Toyota,Prius,2010,16,,1,,1,Sedan,Hybrid,,White,used,1,Mass_Market,Phnom Penh,Tier_1,individual,1,0,2026-09-01 12:42:13,2026-09-03T09:13:26.149614+00:00,2026-09-03
13958645,17800.0,9.787009914477434,Toyota,Prius,2014,12,,1,,1,SUV,Hybrid,,Blue,used,0,Mass_Market,Phnom Penh,Tier_1,individual,0,0,2026-09-02 15:27:43,2026-09-02T09:52:41.364979+00:00,2026-09-02
13958985,6900.0,8.839421607620602,Toyota,Corolla,2003,23,,1,,1,Sedan,Petrol,,White,used,1,Mass_Market,Phnom Penh,Tier_1,individual,0,0,2026-09-02 16:34:58,2026-09-02T09:51:33.425567+00:00,2026-09-02
13932360,37200.0,10.524090921620362,Toyota,,2026,0,,1,0,0,SUV,Electric,,,new,0,Mass_Market,Phnom Penh,Tier_1,store,0,0,2026-08-26 17:42:31,2026-09-06T07:11:01.613079+00:00,2026-09-06
13966097,24900.0,10.122663242288953,Chevrolet,Colorado,2020,6,,1,,1,Pickup,Diesel,Automatic,Black,used,1,Mass_Market,Phnom Penh,Tier_1,store,0,0,2026-09-04 12:21:41,2026-09-04T07:19:41.006820+00:00,2026-09-04
13909021,18500.0,9.825580063659602,Chevrolet,Tracker,2020,6,,1,,1,SUV,,Automatic,Black,used,0,Mass_Market,Phnom Penh,Tier_1,individual,0,0,2026-08-20 16:47:53,2026-09-03T09:12:49.983681+00:00,2026-09-03
13769613,37500.0,10.53212287826962,Hyundai,Palisade,2022,4,,1,,1,SUV,Petrol,Automatic,White,used,1,Mass_Market,Phnom Penh,Tier_1,store,0,0,2026-07-14 18:12:14,2026-09-05T07:00:16.801151+00:00,2026-09-05
13833437,4800.0,8.476579508530941,Hyundai,Starex,2005,21,,1,,1,MPV,Diesel,Automatic,Silver,used,1,Mass_Market,Phnom Penh,Tier_1,individual,0,0,2026-07-31 15:02:00,2026-09-05T07:02:29.639554+00:00,2026-09-05
13915048,13800.0,9.53249633228804,Hyundai,Starex,2011,15,,1,,1,MPV,Diesel,Automatic,White,used,0,Mass_Market,Phnom Penh,Tier_1,store,0,0,2026-08-22 13:03:59,2026-09-04T07:17:54.678937+00:00,2026-09-04
13427706,49490.0,10.809546113844034,Hyundai,Staria,2026,0,100000,0,,1,MPV,Diesel,Automatic,Black,new,0,Mass_Market,Phnom Penh,Tier_1,store,0,0,2026-04-22 14:27:33,2026-09-06T07:12:53.088574+00:00,2026-09-06
13591423,18000.0,9.798182590890704,Hyundai,Starex,2018,8,,1,,1,MPV,Diesel,Automatic,White,used,1,Mass_Market,Phnom Penh,Tier_1,store,0,0,2026-06-01 08:22:24,2026-09-04T07:21:18.691864+00:00,2026-09-04
13745126,13500.0,9.510519035757246,Hyundai,Tourism - ទូរីស,2014,12,,1,,1,MPV,Diesel,Automatic,Black,used,1,Mass_Market,Phnom Penh,Tier_1,individual,0,0,2026-07-08 16:41:02,2026-09-02T09:55:49.335092+00:00,2026-09-02
13726133,61800.0,11.031674824544641,Xiaomi,YU7,2025,1,,1,0,0,Sedan,Electric,Automatic,Blue,used,0,Other,Phnom Penh,Tier_1,store,0,0,2026-07-03 19:48:03,2026-09-02T09:52:04.957627+00:00,2026-09-02
13880079,60900.0,11.017004873924424,Xiaomi,YU7,2025,1,,1,0,0,SUV,Electric,Automatic,White,used,0,Other,Phnom Penh,Tier_1,individual,0,0,2026-08-13 00:26:07,2026-09-03T09:12:54.166870+00:00,2026-09-03
13961721,29800.0,10.30229722897745,MG,7,2025,1,,1,,1,Sedan,Petrol,Automatic,Grey,used,1,Chinese_EV,Phnom Penh,Tier_1,individual,0,0,2026-09-03 11:58:09,2026-09-03T07:16:46.338939+00:00,2026-09-03
13267603,26800.0,10.196194479235656,GAC,GS4,2025,1,,1,,1,SUV,Petrol,Automatic,White,new,0,Chinese_EV,Phnom Penh,Tier_1,store,0,0,2026-03-09 13:22:01,2026-09-05T07:01:57.659648+00:00,2026-09-05
13383263,35800.0,10.485731104959568,GAC,GN8,2025,1,,1,,1,MPV,Petrol,Automatic,White,used,1,Chinese_EV,Phnom Penh,Tier_1,store,0,0,2026-04-07 09:24:02,2026-09-03T07:17:01.012380+00:00,2026-09-03
13739322,49800.0,10.815790343132422,GAC,Others,2024,2,,1,,1,MPV,Hybrid,Automatic,White,new,0,Chinese_EV,Phnom Penh,Tier_1,store,0,0,2026-07-07 11:49:03,2026-09-02T09:54:44.795031+00:00,2026-09-02
13919696,27500.0,10.221977646629885,GAC,GN8,2024,2,19000,0,,1,MPV,Petrol,Automatic,Black,used,1,Chinese_EV,Phnom Penh,Tier_1,store,1,0,2026-08-23 17:58:43,2026-09-06T07:11:05.130965+00:00,2026-09-06
13927250,45000.0,10.714439990727769,GAC,GN8,2024,2,,1,2000,0,MPV,Petrol,Manual,Black,used,1,Chinese_EV,Phnom Penh,Tier_1,store,0,0,2026-08-25 15:00:38,2026-09-05T07:00:20.354934+00:00,2026-09-05
13966629,27400.0,10.21833478806055,GAC,GN8,2024,2,,1,,1,MPV,Petrol,Automatic,Black,used,1,Chinese_EV,Phnom Penh,Tier_1,store,0,1,2026-09-04 14:10:54,2026-09-04T07:16:27.035347+00:00,2026-09-04
13970304,19800.0,9.893487720457795,GAC,GS4,2025,1,,1,,1,SUV,Petrol,Automatic,White,used,1,Chinese_EV,Phnom Penh,Tier_1,store,0,0,2026-09-05 13:59:14,2026-09-06T07:11:05.372427+00:00,2026-09-06
13747789,23200.0,10.05195066017375,Aion,Aion i60,2026,0,,1,0,0,SUV,Electric,Automatic,Black,new,0,Chinese_EV,Phnom Penh,Tier_1,individual,0,0,2026-07-09 11:24:09,2026-09-03T09:12:51.714278+00:00,2026-09-03
13962261,13500.0,9.510519035757246,Audi,A8,2013,13,,1,,1,Sedan,Petrol,Automatic,Black,used,1,Luxury,Phnom Penh,Tier_1,individual,0,0,2026-09-03 13:48:02,2026-09-03T07:13:24.593632+00:00,2026-09-03
13492266,18900.0,9.846970109700957,BAIC,x55,2021,5,,1,,1,SUV,Petrol,Automatic,White,used,1,Other,Phnom Penh,Tier_1,individual,0,0,2026-05-08 12:53:52,2026-09-02T09:52:57.897682+00:00,2026-09-02
13851673,19000.0,9.852246888342531,Jaguar,XJ Series,2013,13,,1,2000,0,Sedan,Petrol,Automatic,Silver,used,1,Other,Phnom Penh,Tier_1,store,0,0,2026-08-05 14:31:51,2026-09-02T09:53:42.579188+00:00,2026-09-02
13885851,9900.0,9.200391041122515,Lexus,RX300,2001,25,,1,,1,SUV,Petrol,Automatic,Gold,used,1,Luxury,Siem Reap,Tier_2,store,0,0,2026-08-14 13:15:24,2026-09-06T07:10:37.449343+00:00,2026-09-06
13901164,79900.0,11.288543647320601,Lexus,RX300,2022,4,,1,,1,SUV,Petrol,Automatic,White,used,1,Luxury,Phnom Penh,Tier_1,store,1,0,2026-08-18 14:53:43,2026-09-06T07:09:58.199049+00:00,2026-09-06
13911455,25500.0,10.146472946063877,Lexus,RX350,2010,16,,1,,1,SUV,Petrol,Automatic,Gold,used,1,Luxury,Phnom Penh,Tier_1,store,0,0,2026-08-21 12:00:15,2026-09-06T07:11:20.493872+00:00,2026-09-06
13932376,10500.0,9.259225769705994,Lexus,RX300,2002,24,,1,,1,SUV,Petrol,Automatic,White,used,1,Luxury,Phnom Penh,Tier_1,individual,0,0,2026-08-26 17:52:16,2026-09-06T07:09:48.215720+00:00,2026-09-06
13942556,15950.0,9.677276802172448,Lexus,LX470,2004,22,,1,,1,SUV,Petrol,Automatic,White,used,1,Luxury,Svay Rieng,Tier_3,individual,0,0,2026-08-29 12:40:26,2026-09-03T07:13:38.321377+00:00,2026-09-03
13958533,20000.0,9.90353755128617,Lexus,LX470,2004,22,,1,,1,SUV,Petrol,Automatic,White,used,1,Luxury,Phnom Penh,Tier_1,store,0,0,2026-09-02 15:09:22,2026-09-02T09:53:00.003130+00:00,2026-09-02
13966115,27700.0,10.229223792606835,Lexus,RX450h,2010,16,,1,,1,SUV,Hybrid,Automatic,White,used,1,Luxury,Phnom Penh,Tier_1,store,0,0,2026-09-04 12:26:28,2026-09-04T07:19:26.612716+00:00,2026-09-04
13969794,67500.0,11.119897691565697,Lexus,LX570,2008,18,,1,,1,SUV,Petrol,Automatic,Black,used,1,Luxury,Phnom Penh,Tier_1,individual,0,0,2026-09-05 11:54:34,2026-09-05T07:02:38.378361+00:00,2026-09-05
13973655,19500.0,9.87822102528824,Lexus,RX330,2005,21,,1,,1,SUV,Petrol,Automatic,White,used,1,Luxury,Phnom Penh,Tier_1,store,0,0,2026-09-06 13:29:54,2026-09-06T07:10:18.081872+00:00,2026-09-06
13309349,48000.0,10.778977123006351,Lexus,RZ450e,2023,3,,1,0,0,SUV,Electric,Automatic,White,new,0,Luxury,Phnom Penh,Tier_1,store,0,0,2026-03-19 11:24:03,2026-09-06T07:11:55.954733+00:00,2026-09-06
13535443,275000.0,12.524530013005734,Lexus,LX700h,2026,0,,1,3500,0,SUV,Hybrid,Automatic,Black,new,0,Luxury,Phnom Penh,Tier_1,store,1,0,2026-05-18 19:04:52,2026-09-02T09:53:18.649420+00:00,2026-09-02
13538750,19500.0,9.87822102528824,Lexus,CT,2011,15,,1,,1,Hatchback,Hybrid,Automatic,White,used,0,Luxury,Phnom Penh,Tier_1,store,0,1,2026-05-19 13:36:02,2026-09-04T07:17:20.104654+00:00,2026-09-04
13618033,25500.0,10.146472946063877,Lexus,ES,2013,13,,1,,1,Sedan,Hybrid,Automatic,Silver,used,0,Luxury,Phnom Penh,Tier_1,store,0,0,2026-06-07 12:47:08,2026-09-02T09:53:39.905475+00:00,2026-09-02
13639806,253000.0,12.441148720271016,Lexus,LX700h,2025,1,,1,,1,SUV,Petrol,Automatic,Black,new,0,Luxury,Phnom Penh,Tier_1,store,0,0,2026-06-12 14:02:44,2026-09-05T06:59:33.294993+00:00,2026-09-05
13884039,23655.0,10.071372061532314,Lexus,RX400h,2006,20,,1,,1,SUV,Hybrid,Automatic,Gold,used,1,Luxury,Phnom Penh,Tier_1,individual,0,0,2026-08-14 06:56:36,2026-09-03T07:13:35.124666+00:00,2026-09-03
13940542,11500.0,9.350189267092581,Lexus,GS,2006,20,,1,,1,Sedan,Petrol,Automatic,Gold,used,1,Luxury,Phnom Penh,Tier_1,store,0,0,2026-08-28 21:15:14,2026-09-06T07:14:15.672136+00:00,2026-09-06
13950223,63500.0,11.05881093278828,Lexus,NX450h+,2022,4,,1,,1,SUV,Hybrid,Automatic,White,new,0,Luxury,Phnom Penh,Tier_1,store,0,0,2026-08-31 14:20:18,2026-09-06T07:14:02.818891+00:00,2026-09-06
13954832,16900.0,9.735128070758227,Lexus,CT,2012,14,,1,,1,Sedan,Hybrid,Automatic,White,used,0,Luxury,Phnom Penh,Tier_1,store,0,0,2026-09-01 16:54:09,2026-09-06T07:09:59.234969+00:00,2026-09-06
13958562,14300.0,9.568084743872936,Lexus,IS,2006,20,,1,,1,Sedan,Petrol,Automatic,White,used,1,Luxury,Phnom Penh,Tier_1,store,0,0,2026-09-02 15:14:05,2026-09-02T09:52:57.060277+00:00,2026-09-02
13965877,20600.0,9.933094897288786,Lexus,HS,2010,16,,1,,1,Sedan,Hybrid,Automatic,Grey,used,1,Luxury,Phnom Penh,Tier_1,individual,0,0,2026-09-04 11:38:11,2026-09-04T07:21:59.622192+00:00,2026-09-04
13967687,14499.0,9.581903928408666,Lexus,CT,2011,15,273588,0,,1,Hatchback,Hybrid,Automatic,Red,used,1,Luxury,Phnom Penh,Tier_1,store,0,0,2026-09-04 18:34:46,2026-09-05T07:03:29.856673+00:00,2026-09-05
13805682,79000.0,11.277215789596893,Lexus,LX570,2017,9,,1,,1,SUV,Petrol,Automatic,White,used,1,Luxury,Phnom Penh,Tier_1,store,0,0,2026-07-24 12:20:49,2026-09-06T07:09:19.856297+00:00,2026-09-06
13809330,18400.0,9.820160289946374,Lexus,RX330,2004,22,,1,,1,Hatchback,,,Grey,used,1,Luxury,Phnom Penh,Tier_1,store,0,0,2026-07-25 12:29:03,2026-09-06T07:11:48.698247+00:00,2026-09-06
13951658,16500.0,9.711176264112805,Lexus,RX330,2004,22,,1,,1,SUV,Petrol,,White,used,1,Luxury,Kandal,Tier_2,individual,0,0,2026-08-31 23:06:24,2026-09-03T09:12:33.491964+00:00,2026-09-03
13958536,18800.0,9.841665338892785,Lexus,RX330,2005,21,,1,,1,SUV,,Automatic,White,used,1,Luxury,Phnom Penh,Tier_1,store,0,0,2026-09-02 15:09:59,2026-09-02T09:52:59.698314+00:00,2026-09-02
13973653,11100.0,9.314790473332646,Lexus,RX300,2002,24,,1,,1,Sedan,,Automatic,White,used,1,Luxury,Phnom Penh,Tier_1,individual,0,0,2026-09-06 13:29:08,2026-09-06T07:10:21.657150+00:00,2026-09-06
13868148,11900.0,9.38437770918244,Lexus,GS,2006,20,,1,,1,Hatchback,,Automatic,Silver,used,0,Luxury,Phnom Penh,Tier_1,individual,0,0,2026-08-09 23:44:07,2026-09-03T07:13:15.912087+00:00,2026-09-03
13953230,19800.0,9.893487720457795,Lexus,RX330,2006,20,,1,,1,SUV,,Automatic,White,used,1,Luxury,Phnom Penh,Tier_1,individual,0,0,2026-09-01 12:05:33,2026-09-03T09:14:05.098075+00:00,2026-09-03
13953939,11700.0,9.367429587218957,Lexus,RX300,2002,24,,1,,1,SUV,,Automatic,White,used,1,Luxury,Prey Veng,Tier_3,individual,0,0,2026-09-01 14:08:47,2026-09-03T09:12:01.259227+00:00,2026-09-03
13958771,9900.0,9.200391041122515,Lexus,RX300,2001,25,,1,,1,SUV,,Automatic,Grey,used,1,Luxury,Phnom Penh,Tier_1,individual,0,0,2026-09-02 15:55:31,2026-09-03T07:15:30.750839+00:00,2026-09-03
13961367,112000.0,11.626263078808801,Lexus,LX570,2021,5,,1,,1,SUV,,Automatic,Black,used,1,Luxury,Phnom Penh,Tier_1,individual,0,0,2026-09-03 10:52:01,2026-09-06T07:09:16.650374+00:00,2026-09-06
13961494,6300.0,8.748463629942055,Lexus,RX300,1999,27,,1,,1,SUV,,Automatic,Gold,used,1,Luxury,Phnom Penh,Tier_1,individual,0,0,2026-09-03 11:20:49,2026-09-03T07:18:33.913114+00:00,2026-09-03
13900642,15350.0,9.638935897473202,Lexus,LX470,2001,25,,1,,1,SUV,,,White,used,1,Luxury,Phnom Penh,Tier_1,individual,0,0,2026-08-18 13:05:46,2026-09-03T09:12:41.516098+00:00,2026-09-03
13949148,9300.0,9.137877200242468,Lexus,RX330,2002,24,,1,,1,SUV,,,Black,used,1,Luxury,Phnom Penh,Tier_1,individual,0,0,2026-08-31 10:41:01,2026-09-06T07:09:51.848883+00:00,2026-09-06
13567656,11200.0,9.32375833901174,Lexus,RX300,2001,25,,1,,1,SUV,Petrol,,Grey,used,1,Luxury,Phnom Penh,Tier_1,individual,0,0,2026-05-26 09:59:05,2026-09-03T09:13:10.821423+00:00,2026-09-03
13619490,38900.0,10.568775236216993,Lexus,NX200t,2015,11,,1,,1,SUV,Petrol,,White,used,0,Luxury,Phnom Penh,Tier_1,store,1,0,2026-06-07 19:57:05,2026-09-06T07:12:15.189605+00:00,2026-09-06
13437102,12500.0,9.433563920090563,Lexus,GS,2006,20,,1,,1,,Petrol,,White,used,1,Luxury,Phnom Penh,Tier_1,individual,1,0,2026-04-24 14:58:30,2026-09-05T06:57:41.738290+00:00,2026-09-05
13787181,22500.0,10.021315031649332,Lexus,RX400h,2006,20,,1,,1,SUV,Petrol,Automatic,,used,1,Luxury,Phnom Penh,Tier_1,store,1,0,2026-07-19 15:31:04,2026-09-02T09:51:36.292354+00:00,2026-09-02
13794224,17500.0,9.770013301136158,Lexus,LX470,2004,22,,1,,1,SUV,Petrol,Automatic,White,used,1,Luxury,Phnom Penh,Tier_1,store,0,0,2026-07-21 12:45:01,2026-09-06T07:12:42.082207+00:00,2026-09-06
13825276,32800.0,10.39821428171237,Lexus,RX450h,2010,16,,1,3500,0,SUV,Hybrid,Automatic,White,used,0,Luxury,Phnom Penh,Tier_1,store,0,0,2026-07-29 15:46:27,2026-09-06T07:10:53.169883+00:00,2026-09-06
13843989,26800.0,10.196194479235656,Lexus,RX450h,2010,16,,1,,1,SUV,Hybrid,Automatic,White,used,1,Luxury,Phnom Penh,Tier_1,store,1,0,2026-08-03 16:01:44,2026-09-04T07:19:25.151399+00:00,2026-09-04
13863853,95000.0,11.461642696843066,Lexus,LX570,2021,5,,1,,1,SUV,Petrol,Automatic,White,used,1,Luxury,Phnom Penh,Tier_1,store,0,0,2026-08-08 14:46:28,2026-09-02T09:52:25.978146+00:00,2026-09-02
13357474,86500.0,11.367911253546788,Lexus,LX570,2016,10,,1,,1,SUV,Petrol,Automatic,Gold,used,1,Luxury,Phnom Penh,Tier_1,store,0,0,2026-03-31 16:36:35,2026-09-03T07:13:23.260777+00:00,2026-09-03
13854345,34000.0,10.434145214930487,Lexus,NX200t,2015,11,,1,,1,SUV,Petrol,Automatic,White,used,1,Luxury,Phnom Penh,Tier_1,individual,0,0,2026-08-06 09:28:59,2026-09-05T06:58:37.683121+00:00,2026-09-05
13856039,7300.0,8.895766604056085,Lexus,RX300,1999,27,,1,,1,SUV,LPG,Automatic,Gold,used,1,Luxury,Phnom Penh,Tier_1,store,0,0,2026-08-06 14:59:34,2026-09-04T07:18:56.398748+00:00,2026-09-04
13428827,39500.0,10.584081267024454,Lexus,NX300,2015,11,,1,,1,SUV,Hybrid,Automatic,White,used,0,Luxury,Phnom Penh,Tier_1,store,0,0,2026-04-22 19:11:55,2026-09-02T09:52:44.065337+00:00,2026-09-02
13447294,197000.0,12.190964083849375,Lexus,LX600,2024,2,,1,,1,SUV,Petrol,Automatic,White,used,0,Luxury,Phnom Penh,Tier_1,store,1,0,2026-04-27 09:57:05,2026-09-06T07:11:08.536267+00:00,2026-09-06
13670990,59500.0,10.993748398115178,Lexus,LX570,2015,11,,1,,1,SUV,Petrol,Automatic,White,used,1,Luxury,Phnom Penh,Tier_1,individual,0,0,2026-06-20 10:45:30,2026-09-03T09:12:52.416309+00:00,2026-09-03
13735130,44500.0,10.703266939811954,Lexus,RX350,2017,9,,1,,1,SUV,Petrol,Automatic,Black,used,1,Luxury,Phnom Penh,Tier_1,store,1,0,2026-07-06 12:00:24,2026-09-06T07:09:26.846007+00:00,2026-09-06
13756029,12500.0,9.433563920090563,Lexus,RX300,2002,24,,1,,1,MPV,Petrol,Automatic,White,used,1,Luxury,Phnom Penh,Tier_1,store,0,0,2026-07-11 11:02:36,2026-09-02T09:52:30.528167+00:00,2026-09-02
13281164,13500.0,9.510519035757246,Lexus,LX470,2001,25,,1,,1,SUV,Petrol,Automatic,Black,used,1,Luxury,Kandal,Tier_2,store,0,0,2026-03-12 15:57:55,2026-09-04T07:17:03.381754+00:00,2026-09-04
13337058,19500.0,9.87822102528824,Lexus,RX330,2005,21,,1,,1,Hatchback,Petrol,Automatic,Gold,used,1,Luxury,Phnom Penh,Tier_1,store,1,0,2026-03-26 09:51:15,2026-09-03T07:18:16.179067+00:00,2026-09-03
13585669,21500.0,9.975854724662028,Hongqi,HS3,2023,3,,1,,1,SUV,Petrol,Automatic,Black,used,1,Chinese_EV,Phnom Penh,Tier_1,individual,0,0,2026-05-30 11:43:55,2026-09-03T09:12:58.707526+00:00,2026-09-03
13511563,28500.0,10.25769445336048,Mercedes-Benz,S-Class,2014,12,,1,,1,Sedan,Petrol,Automatic,White,used,1,Luxury,Phnom Penh,Tier_1,individual,0,0,2026-05-13 10:11:31,2026-09-03T09:13:18.000852+00:00,2026-09-03
13595676,28800.0,10.268165387743457,Mercedes-Benz,V-Class,2015,11,,1,,1,MPV,Diesel,Automatic,Black,used,1,Luxury,Phnom Penh,Tier_1,store,0,0,2026-06-02 08:19:45,2026-09-06T07:10:20.621668+00:00,2026-09-06
13889981,28500.0,10.25769445336048,Mercedes-Benz,C-Class,2015,11,,1,,1,Sedan,Petrol,Automatic,White,used,0,Luxury,Phnom Penh,Tier_1,store,0,0,2026-08-15 15:20:26,2026-09-04T07:17:12.543510+00:00,2026-09-04
13899015,23999.0,10.085809109330082,Mercedes-Benz,C-Class,2015,11,,1,,1,Sedan,Petrol,Automatic,White,used,1,Luxury,Phnom Penh,Tier_1,individual,0,0,2026-08-18 08:11:33,2026-09-03T07:18:26.823855+00:00,2026-09-03
13922103,26500.0,10.184937747111391,Mercedes-Benz,C-Class,2015,11,128747,0,,1,Sedan,Petrol,Automatic,Black,used,0,Luxury,Phnom Penh,Tier_1,store,0,0,2026-08-24 12:27:28,2026-09-06T07:11:59.333227+00:00,2026-09-06
13951544,25288.0,10.138124797561552,Mercedes-Benz,C-Class,2015,11,,1,,1,Sedan,Petrol,Automatic,White,used,1,Luxury,Phnom Penh,Tier_1,store,0,0,2026-08-31 21:58:26,2026-09-06T07:11:33.597058+00:00,2026-09-06
13958697,168000.0,12.031725210748633,Mercedes-Benz,Maybach,2023,3,,1,,1,SUV,Petrol,Automatic,Black,used,1,Luxury,Phnom Penh,Tier_1,store,0,0,2026-09-02 15:41:11,2026-09-02T09:52:33.371806+00:00,2026-09-02
13966107,18900.0,9.846970109700957,Mercedes-Benz,S-Class,2012,14,,1,,1,Sedan,Petrol,Automatic,White,used,1,Luxury,Phnom Penh,Tier_1,store,0,0,2026-09-04 12:24:49,2026-09-04T07:19:31.258101+00:00,2026-09-04
13969767,53500.0,10.887455624298198,Mercedes-Benz,Maybach,2015,11,,1,,1,Sedan,Petrol,Automatic,Black,used,1,Luxury,Phnom Penh,Tier_1,store,0,0,2026-09-05 11:47:00,2026-09-06T07:12:13.205963+00:00,2026-09-06
13969982,210000.0,12.25486757159303,Mercedes-Benz,G-Class,2020,6,,1,,1,SUV,Petrol,Automatic,Blue,used,1,Luxury,Phnom Penh,Tier_1,store,0,0,2026-09-05 12:48:11,2026-09-05T06:59:56.457515+00:00,2026-09-05
13958485,35500.0,10.477316144080852,Mercedes-Benz,S400,2016,10,,1,,1,,Petrol,Automatic,Black,used,1,Luxury,Phnom Penh,Tier_1,store,0,1,2026-09-02 15:00:06,2026-09-02T09:53:20.218757+00:00,2026-09-02
13819516,27900.0,10.236417809461043,Mercedes-Benz,C-Class,2015,11,,1,,1,Sedan,,Automatic,White,used,0,Luxury,Phnom Penh,Tier_1,store,0,0,2026-07-28 09:23:18,2026-09-06T07:11:13.238308+00:00,2026-09-06
13554284,28500.0,10.25769445336048,Mercedes-Benz,C-Class,2015,11,,1,,1,Sedan,,Automatic,White,used,0,Luxury,Phnom Penh,Tier_1,store,0,0,2026-05-22 20:42:43,2026-09-06T07:13:31.852669+00:00,2026-09-06
13586493,10000.0,9.210440366976517,Mercedes-Benz,E-Class,2009,17,105000,0,,1,Sedan,Petrol,,Black,used,1,Luxury,Phnom Penh,Tier_1,individual,0,0,2026-05-30 14:43:44,2026-09-03T09:13:28.370135+00:00,2026-09-03
13771912,26800.0,10.196194479235656,Mercedes-Benz,C-Class,2015,11,,1,,1,Sedan,Petrol,,Black,used,0,Luxury,Phnom Penh,Tier_1,store,0,0,2026-07-15 12:47:54,2026-09-06T07:11:16.897726+00:00,2026-09-06
13682477,82500.0,11.320565693461432,Porsche,Panamera,2017,9,,1,,1,Sedan,Petrol,Automatic,White,used,0,Luxury,Phnom Penh,Tier_1,store,0,0,2026-06-23 09:43:14,2026-09-03T07:15:32.264637+00:00,2026-09-03
13942709,57500.0,10.959557617938563,Jeep,Rubicon,2023,3,,1,,1,SUV,Hybrid,Automatic,Grey,used,0,Mass_Market,Phnom Penh,Tier_1,store,0,0,2026-08-29 13:10:47,2026-09-03T07:13:23.799904+00:00,2026-09-03
13973615,21800.0,9.989711119284745,SsangYong,Torres,2023,3,,1,,1,SUV,Petrol,Automatic,Green,used,1,Other,Phnom Penh,Tier_1,individual,1,0,2026-09-06 13:22:40,2026-09-06T07:10:36.257111+00:00,2026-09-06
13958549,33500.0,10.419330568113901,SsangYong,Rexton,2024,2,,1,,1,SUV,Diesel,Automatic,,used,1,Other,Phnom Penh,Tier_1,individual,0,0,2026-09-02 15:12:07,2026-09-02T09:52:57.467906+00:00,2026-09-02
13729027,32000.0,10.373522431293592,Kia,Carnival,2022,4,,1,,1,MPV,Diesel,Automatic,Black,used,1,Mass_Market,Phnom Penh,Tier_1,individual,1,0,2026-07-04 15:32:18,2026-09-03T09:12:57.916582+00:00,2026-09-03
13919602,16500.0,9.711176264112805,Kia,Carnival,2015,11,,1,,1,MPV,Diesel,Automatic,Black,used,1,Mass_Market,Phnom Penh,Tier_1,individual,0,0,2026-08-23 17:25:57,2026-09-03T09:12:59.935548+00:00,2026-09-03
13961582,21900.0,9.994287576862567,Kia,Carnival,2015,11,,1,,1,SUV,Diesel,Automatic,White,used,0,Mass_Market,Phnom Penh,Tier_1,store,1,0,2026-09-03 11:35:52,2026-09-03T07:17:41.832215+00:00,2026-09-03
13973386,17500.0,9.770013301136158,Kia,Carnival,2015,11,,1,,1,SUV,Diesel,Automatic,Grey,used,0,Mass_Market,Phnom Penh,Tier_1,store,1,0,2026-09-06 12:39:32,2026-09-06T07:11:40.158841+00:00,2026-09-06
13723248,12800.0,9.45727857185611,Kia,Picanto,2019,7,,1,,1,Sedan,Petrol,Automatic,White,used,1,Mass_Market,Phnom Penh,Tier_1,individual,0,0,2026-07-03 08:58:09,2026-09-03T09:12:51.312066+00:00,2026-09-03
13909065,7850.0,8.968396191198256,Kia,Ray,2012,14,,1,,1,Sedan,Diesel,Automatic,White,used,1,Mass_Market,Phnom Penh,Tier_1,individual,0,0,2026-08-20 17:09:13,2026-09-03T09:13:09.678878+00:00,2026-09-03
13760253,8750.0,9.076923258535832,Kia,Morning,2014,12,,1,,1,Sedan,Petrol,Automatic,Grey,used,1,Mass_Market,Phnom Penh,Tier_1,store,0,0,2026-07-12 13:03:04,2026-09-06T07:10:24.627017+00:00,2026-09-06
13952417,5550.0,8.621733370690162,Kia,Morning,2010,16,,1,,1,Sedan,Petrol,Automatic,White,used,1,Mass_Market,Phnom Penh,Tier_1,store,0,0,2026-09-01 09:54:06,2026-09-03T07:17:43.359369+00:00,2026-09-03
13954121,21300.0,9.966509298952284,Kia,Carnival,2017,9,,1,,1,MPV,Diesel,Automatic,White,used,0,Mass_Market,Phnom Penh,Tier_1,individual,1,0,2026-09-01 14:38:55,2026-09-03T09:12:28.929935+00:00,2026-09-03
13958578,5800.0,8.665785595466064,Kia,Morning,2009,17,,1,,1,Sedan,Petrol,Automatic,White,used,1,Mass_Market,Phnom Penh,Tier_1,individual,0,0,2026-09-02 15:16:05,2026-09-02T09:52:55.736389+00:00,2026-09-02
13855635,7700.0,8.94910546953925,Kia,Morning,2012,14,,1,,1,Hatchback,,Automatic,White,used,1,Mass_Market,Phnom Penh,Tier_1,individual,0,0,2026-08-06 13:48:13,2026-09-04T07:20:25.408599+00:00,2026-09-04
13973207,8500.0,9.04793908261736,Kia,Morning,2012,14,,1,,1,Sedan,,,White,used,1,Mass_Market,Phnom Penh,Tier_1,store,1,0,2026-09-06 11:56:35,2026-09-06T07:13:01.028423+00:00,2026-09-06
13953477,3800.0,8.24301946898925,Kia,Morning,2005,21,,1,,1,Sedan,Petrol,,,used,1,Mass_Market,Kandal,Tier_2,individual,1,0,2026-09-01 12:39:18,2026-09-03T09:13:28.426454+00:00,2026-09-03
13502511,25500.0,10.146472946063877,Kia,Carnival,2021,5,,1,,1,MPV,LPG,Automatic,White,new,0,Mass_Market,Phnom Penh,Tier_1,store,0,0,2026-05-11 10:56:30,2026-09-06T07:14:19.269094+00:00,2026-09-06
13953391,9400.0,9.148571345578551,Kia,Ray,2016,10,,1,,1,,Petrol,Automatic,Black,used,1,Mass_Market,Phnom Penh,Tier_1,individual,1,0,2026-09-01 12:31:05,2026-09-03T09:13:36.167850+00:00,2026-09-03
13966059,8500.0,9.04793908261736,Kia,Ray,2013,13,,1,,1,,Petrol,Automatic,White,used,1,Mass_Market,Phnom Penh,Tier_1,store,1,0,2026-09-04 12:15:33,2026-09-04T07:19:55.880332+00:00,2026-09-04
13910182,9900.0,9.200391041122515,Kia,Ray,2016,10,,1,,1,,,Automatic,White,used,0,Mass_Market,Phnom Penh,Tier_1,store,0,0,2026-08-21 07:35:54,2026-09-05T06:59:24.622859+00:00,2026-09-05
13948741,7300.0,8.895766604056085,Kia,ផ្សេងៗ,2006,20,,1,,1,,,Manual,Blue,used,1,Mass_Market,Phnom Penh,Tier_1,individual,0,0,2026-08-31 09:32:35,2026-09-03T09:13:21.159351+00:00,2026-09-03
13776510,5500.0,8.612685172875459,Kia,ផ្សេងៗ,1999,27,,1,,1,,,,White,used,1,Mass_Market,,Unknown,store,0,0,2026-07-16 15:17:17,2026-09-02T09:52:38.852123+00:00,2026-09-02
13945239,27500.0,10.221977646629885,Kia,EV5,2024,2,30000,0,0,0,SUV,Electric,,White,used,1,Mass_Market,Phnom Penh,Tier_1,individual,1,0,2026-08-30 09:49:37,2026-09-03T07:14:41.823255+00:00,2026-09-03
13777527,47000.0,10.757924157061597,Tesla,Model X,2020,6,,1,0,0,SUV,Electric,Automatic,White,used,0,Other,Phnom Penh,Tier_1,individual,0,0,2026-07-16 21:13:23,2026-09-03T09:12:47.700093+00:00,2026-09-03
13267597,57500.0,10.959557617938563,BYD,ផ្សេងៗ,2025,1,,1,0,0,SUV,Hybrid,Automatic,Black,new,0,Chinese_EV,Phnom Penh,Tier_1,store,0,0,2026-03-09 13:21:33,2026-09-05T07:02:02.510216+00:00,2026-09-05
13931694,17599.0,9.775654181026242,Honda,City,2023,3,15000,0,,1,Sedan,Petrol,Automatic,Red,used,1,Mass_Market,Siem Reap,Tier_2,individual,0,0,2026-08-26 15:31:18,2026-09-03T09:12:28.217564+00:00,2026-09-03
13947031,19500.0,9.87822102528824,Honda,eNP2,2025,1,20000,0,0,0,Sedan,Electric,Automatic,Silver,used,1,Mass_Market,Phnom Penh,Tier_1,store,0,1,2026-08-30 17:48:22,2026-09-06T07:13:50.920743+00:00,2026-09-06
13959713,9200.0,9.127067452782361,Mitsubishi,Pajero,2007,19,,1,,1,SUV,Diesel,Automatic,Black,used,1,Mass_Market,Phnom Penh,Tier_1,store,0,0,2026-09-02 20:44:25,2026-09-04T07:19:21.005684+00:00,2026-09-04
13412218,11000.0,9.305741456739435,Ford,Ranger Wildtrak,2008,18,,1,,1,Pickup,Diesel,Manual,Gold,used,1,Mass_Market,Phnom Penh,Tier_1,individual,0,0,2026-04-18 17:59:29,2026-09-02T09:53:29.270225+00:00,2026-09-02
13505247,48500.0,10.789339695269716,Ford,Ranger Wildtrak,2023,3,,1,,1,Pickup,Petrol,Automatic,Red,used,1,Mass_Market,Phnom Penh,Tier_1,store,0,0,2026-05-11 20:22:03,2026-09-02T09:55:21.104542+00:00,2026-09-02
13598937,32500.0,10.389026137075234,Ford,Territory,2024,2,,1,1500,0,SUV,Petrol,Automatic,Black,used,1,Mass_Market,Phnom Penh,Tier_1,store,0,0,2026-06-02 18:46:38,2026-09-06T07:10:45.990973+00:00,2026-09-06
13680834,35900.0,10.488520429241627,Ford,Ranger Wildtrak,2021,5,,1,,1,Pickup,Diesel,Automatic,White,used,1,Mass_Market,Phnom Penh,Tier_1,store,0,0,2026-06-22 19:23:49,2026-09-05T07:01:06.800128+00:00,2026-09-05
13755565,30800.0,10.335302435967074,Ford,Ranger Wildtrak,2019,7,,1,,1,Pickup,Diesel,Automatic,White,used,1,Mass_Market,Phnom Penh,Tier_1,store,0,0,2026-07-11 09:39:36,2026-09-06T07:11:24.723335+00:00,2026-09-06
13808653,58800.0,10.981914140544825,Ford,Everest,2023,3,,1,,1,SUV,Diesel,Automatic,Grey,used,1,Mass_Market,Phnom Penh,Tier_1,store,0,0,2026-07-25 10:10:39,2026-09-04T07:22:05.528128+00:00,2026-09-04
13905236,44000.0,10.691967639914864,Ford,F-150,2018,8,96560,0,,1,Pickup,Diesel,Automatic,White,used,1,Mass_Market,Phnom Penh,Tier_1,store,0,0,2026-08-19 15:56:06,2026-09-06T07:13:47.807555+00:00,2026-09-06
13931497,36500.0,10.505094936455558,Ford,Ranger,2022,4,60000,0,,1,Pickup,Diesel,Automatic,White,used,1,Mass_Market,Phnom Penh,Tier_1,store,0,0,2026-08-26 15:06:37,2026-09-02T09:54:24.619089+00:00,2026-09-02
13954424,29500.0,10.292179440058462,Ford,Territory,2023,3,,1,,1,SUV,Petrol,Automatic,White,used,1,Mass_Market,Phnom Penh,Tier_1,individual,0,0,2026-09-01 15:36:07,2026-09-02T09:54:49.170101+00:00,2026-09-02
13966469,32000.0,10.373522431293592,Ford,Everest,2019,7,,1,,1,SUV,Diesel,Automatic,Black,used,1,Mass_Market,Phnom Penh,Tier_1,individual,0,0,2026-09-04 13:40:44,2026-09-04T07:17:11.791848+00:00,2026-09-04
13973698,20000.0,9.90353755128617,Ford,Mustang,2015,11,,1,,1,Coupe,Petrol,Automatic,White,used,1,Mass_Market,Phnom Penh,Tier_1,store,0,0,2026-09-06 13:37:32,2026-09-06T07:09:59.707173+00:00,2026-09-06
13738368,58500.0,10.97679912709094,Ford,Ranger Raptor,2023,3,20000,0,,1,Pickup,Petrol,,Black,used,1,Mass_Market,Phnom Penh,Tier_1,individual,0,0,2026-07-07 08:57:49,2026-09-03T09:13:24.432520+00:00,2026-09-03
13593358,23000.0,10.043292972227004,BMW,7 Series,2017,9,,1,,1,Sedan,Diesel,Automatic,Black,used,1,Luxury,Phnom Penh,Tier_1,store,0,0,2026-06-01 14:19:24,2026-09-02T09:51:41.555489+00:00,2026-09-02
13940093,96800.0,11.480412603789821,BMW,X5,2026,0,97486,0,3000,0,SUV,Petrol,Automatic,Black,used,1,Luxury,Phnom Penh,Tier_1,store,0,0,2026-08-28 17:44:43,2026-09-04T07:18:09.703846+00:00,2026-09-04
13537438,54000.0,10.896757843893464,BMW,ផ្សេងៗ,2024,2,,1,0,0,Sedan,Electric,Automatic,White,new,0,Luxury,Phnom Penh,Tier_1,store,0,0,2026-05-19 10:19:13,2026-09-06T07:12:10.507792+00:00,2026-09-06
13365515,28500.0,10.25769445336048,BMW,X5,2015,11,,1,,1,SUV,Petrol,Automatic,White,used,1,Luxury,Phnom Penh,Tier_1,store,1,0,2026-04-02 15:11:07,2026-09-06T07:11:16.398969+00:00,2026-09-06
13951729,289000.0,12.574185427296195,Lamborghini,Urus,2019,7,,1,4000,0,SUV,Petrol,Automatic,Yellow,new,0,Luxury,Phnom Penh,Tier_1,store,0,0,2026-09-01 00:37:26,2026-09-03T07:13:56.966809+00:00,2026-09-03
13768072,88500.0,11.390769130367211,Land Rover,Range Rover,2020,6,,1,,1,SUV,Diesel,Automatic,White,used,1,Luxury,Phnom Penh,Tier_1,store,0,0,2026-07-14 12:38:30,2026-09-06T07:10:09.437162+00:00,2026-09-06
13921285,20800.0,9.942756341456828,Land Rover,Range Rover Vogue,2015,11,,1,,1,SUV,Petrol,Automatic,Black,used,1,Luxury,Phnom Penh,Tier_1,store,0,0,2026-08-24 09:52:35,2026-09-06T07:09:22.681335+00:00,2026-09-06
13958981,26800.0,10.196194479235656,Land Rover,Range Rover Vogue,2014,12,,1,,1,SUV,Petrol,Automatic,Black,used,1,Luxury,Phnom Penh,Tier_1,store,0,1,2026-09-02 16:34:22,2026-09-02T09:51:40.697005+00:00,2026-09-02
13970160,20000.0,9.90353755128617,Land Rover,Range Rover Sport,2014,12,,1,,1,SUV,Diesel,Automatic,White,used,1,Luxury,Phnom Penh,Tier_1,store,0,0,2026-09-05 13:24:02,2026-09-05T06:58:49.280268+00:00,2026-09-05
13659873,7800.0,8.962007209588313,Land Rover,Range Rover Sport,2006,20,,1,,1,SUV,Diesel,Automatic,Black,used,1,Luxury,Kandal,Tier_2,store,1,0,2026-06-17 14:31:47,2026-09-06T07:11:25.756774+00:00,2026-09-06
13703769,89000.0,11.39640288460621,Land Rover,Defender,2023,3,40000,0,3000,0,SUV,Petrol,Automatic,Green,used,0,Luxury,Phnom Penh,Tier_1,store,0,0,2026-06-28 09:14:24,2026-09-03T07:13:57.565461+00:00,2026-09-03
13938350,48800.0,10.795506083434564,ផ្សេងៗ,,2025,1,,1,,1,,Petrol,Automatic,White,used,1,Other,Phnom Penh,Tier_1,store,0,0,2026-08-28 11:31:16,2026-09-06T07:11:01.293408+00:00,2026-09-06
13667322,51800.0,10.85516473308054,AVATR,AVATR 12,2025,1,,1,0,0,Sedan,Electric,Automatic,Black,new,0,Chinese_EV,Phnom Penh,Tier_1,store,0,0,2026-06-19 11:29:53,2026-09-06T07:14:08.552917+00:00,2026-09-06
13916318,37200.0,10.524090921620362,AVATR,AVATR 07,2026,0,,1,0,0,SUV,Electric,Automatic,Black,new,0,Chinese_EV,Phnom Penh,Tier_1,store,0,0,2026-08-22 19:40:02,2026-09-05T06:58:18.604663+00:00,2026-09-05
13882098,32500.0,10.389026137075234,AVATR,AVATR 07,2025,1,7000,0,0,0,SUV,Electric,,Black,used,1,Chinese_EV,Phnom Penh,Tier_1,individual,0,0,2026-08-13 13:08:49,2026-09-03T07:18:30.867399+00:00,2026-09-03
13445793,35200.0,10.468829770273567,AVATR,AVATR 07,2025,1,,1,0,0,SUV,Electric,Automatic,White,used,1,Chinese_EV,Phnom Penh,Tier_1,store,0,0,2026-04-26 19:42:41,2026-09-06T07:11:13.940201+00:00,2026-09-06
13538886,36800.0,10.513280297700861,AVATR,AVATR 07,2026,0,,1,0,0,SUV,Electric,Automatic,Grey,new,0,Chinese_EV,Phnom Penh,Tier_1,store,0,0,2026-05-19 14:02:07,2026-09-04T07:16:35.956475+00:00,2026-09-04
13895677,37200.0,10.524090921620362,AVATR,AVATR 07,2026,0,,1,0,0,SUV,Electric,Automatic,Black,new,0,Chinese_EV,Phnom Penh,Tier_1,individual,0,0,2026-08-17 10:14:22,2026-09-03T03:45:21.773013+00:00,2026-09-03
13676052,49000.0,10.799595985047786,Cadillac,Escalade ESV,2015,11,,1,,1,,Petrol,Automatic,Black,used,1,Luxury,Phnom Penh,Tier_1,store,0,0,2026-06-21 16:39:43,2026-09-02T09:51:40.713153+00:00,2026-09-02
13535682,16000.0,9.680406499268875,Cadillac,Escalade,2008,18,,1,,1,,,Automatic,Black,used,1,Luxury,Phnom Penh,Tier_1,store,0,0,2026-05-18 20:50:30,2026-09-02T09:51:41.103673+00:00,2026-09-02
13904921,30800.0,10.335302435967074,Mazda,BT-50,2021,5,,1,3200,0,Hatchback,Diesel,Automatic,White,used,1,Mass_Market,Phnom Penh,Tier_1,individual,0,0,2026-08-19 14:47:19,2026-09-04T07:20:01.672917+00:00,2026-09-04
13932446,14500.0,9.581972891547895,Mazda,BT-50,2013,13,,1,,1,Pickup,Diesel,Automatic,White,used,1,Mass_Market,Siem Reap,Tier_2,store,0,0,2026-08-26 18:18:21,2026-09-02T09:55:54.841670+00:00,2026-09-02
13969811,37800.0,10.540090836284206,Mazda,CX-8,2025,1,,1,,1,SUV,Petrol,Automatic,Grey,used,1,Mass_Market,Phnom Penh,Tier_1,store,1,0,2026-09-05 11:59:33,2026-09-05T07:02:02.717431+00:00,2026-09-05
13954081,24300.0,10.098272780745283,Mazda,white,2025,1,,1,0,0,Sedan,Electric,Automatic,Red,used,1,Mass_Market,Phnom Penh,Tier_1,individual,1,0,2026-09-01 14:30:49,2026-09-03T09:12:31.965041+00:00,2026-09-03
13647935,16500.0,9.711176264112805,Mazda,Mazda 2,2021,5,,1,,1,Sedan,Petrol,Automatic,White,used,1,Mass_Market,Phnom Penh,Tier_1,store,0,0,2026-06-14 17:14:23,2026-09-02T09:55:59.914976+00:00,2026-09-02
13970036,26800.0,10.196194479235656,Mazda,EZ-6,2025,1,,1,0,0,Sedan,Electric,Automatic,Grey,new,1,Mass_Market,Phnom Penh,Tier_1,store,0,0,2026-09-05 12:59:59,2026-09-05T06:59:44.786501+00:00,2026-09-05
13952463,19500.0,9.87822102528824,Mazda,CX-9,2014,12,,1,,1,,,Automatic,White,used,1,Mass_Market,Phnom Penh,Tier_1,individual,0,0,2026-09-01 10:00:50,2026-09-04T07:20:15.900206+00:00,2026-09-04
13813526,13500.0,9.510519035757246,Nissan,Juke,2013,13,30000,0,,1,SUV,Petrol,Automatic,White,used,1,Mass_Market,Phnom Penh,Tier_1,individual,0,0,2026-07-26 17:16:01,2026-09-06T07:13:28.477308+00:00,2026-09-06
13950390,37500.0,10.53212287826962,Nissan,ផ្សេងៗ,2026,0,,1,,1,Pickup,Diesel,Automatic,White,new,0,Mass_Market,Battambang,Tier_2,store,0,0,2026-08-31 14:58:51,2026-09-02T09:53:20.219502+00:00,2026-09-02
13965873,19500.0,9.87822102528824,Volkswagen,Multivan,2018,8,,1,,1,Station Wagon,Petrol,Automatic,Black,used,1,Mass_Market,Phnom Penh,Tier_1,store,0,1,2026-09-04 11:36:46,2026-09-06T07:13:47.087669+00:00,2026-09-06
13434904,21900.0,9.994287576862567,Toyota,Raize,2026,0,100000,0,,1,SUV,Petrol,Automatic,White,new,0,Mass_Market,Phnom Penh,Tier_1,store,0,0,2026-04-24 08:23:21,2026-09-05T07:01:06.356431+00:00,2026-09-05
13470711,19500.0,9.87822102528824,Toyota,Prius,2014,12,,1,,1,Hatchback,Hybrid,Automatic,Grey,used,1,Mass_Market,Kandal,Tier_2,individual,0,1,2026-05-03 08:25:45,2026-09-06T07:11:48.766280+00:00,2026-09-06
13477267,8900.0,9.093918908958932,Toyota,Prius,2004,22,,1,,1,Hatchback,Hybrid,Automatic,White,used,1,Mass_Market,Phnom Penh,Tier_1,store,0,0,2026-05-04 22:25:00,2026-09-06T07:13:29.720934+00:00,2026-09-06
13510948,7900.0,8.974744612722734,Toyota,Prius,2007,19,,1,,1,MPV,Petrol,Automatic,Red,used,1,Mass_Market,Kandal,Tier_2,individual,1,0,2026-05-13 08:41:44,2026-09-06T07:11:45.483164+00:00,2026-09-06
13546469,21500.0,9.975854724662028,Toyota,Tundra,2007,19,,1,,1,Pickup,LPG,Automatic,Black,used,1,Mass_Market,Phnom Penh,Tier_1,store,0,0,2026-05-21 09:51:43,2026-09-06T07:13:47.328528+00:00,2026-09-06
13551856,22500.0,10.021315031649332,Toyota,Tundra,2008,18,,1,,1,Pickup,Diesel,Automatic,Grey,used,1,Mass_Market,Phnom Penh,Tier_1,store,0,0,2026-05-22 11:43:57,2026-09-06T07:13:49.053214+00:00,2026-09-06
13572522,36500.0,10.505094936455558,Toyota,Land Cruiser,2008,18,,1,,1,SUV,Diesel,Automatic,White,used,1,Mass_Market,Phnom Penh,Tier_1,individual,0,0,2026-05-27 11:08:27,2026-09-03T09:13:31.495040+00:00,2026-09-03
13593286,9800.0,9.19023970026918,Toyota,RAV4,2002,24,,1,2000,0,SUV,Petrol,Automatic,White,used,1,Mass_Market,Phnom Penh,Tier_1,individual,0,0,2026-06-01 14:07:17,2026-09-06T07:10:57.168148+00:00,2026-09-06
13643507,13500.0,9.510519035757246,Toyota,Highlander,2003,23,,1,,1,SUV,Petrol,Automatic,Black,used,1,Mass_Market,Phnom Penh,Tier_1,store,0,0,2026-06-13 12:51:59,2026-09-06T07:11:10.157890+00:00,2026-09-06
13650162,2300.0,7.741099090035366,Toyota,Camry,1992,34,,1,,1,Sedan,LPG,Automatic,White,used,1,Mass_Market,Phnom Penh,Tier_1,individual,0,0,2026-06-15 11:17:50,2026-09-03T09:13:59.421880+00:00,2026-09-03
13657543,18800.0,9.841665338892785,Toyota,Prius,2014,12,,1,0,0,Hatchback,Electric,Automatic,Grey,used,0,Mass_Market,Phnom Penh,Tier_1,store,0,0,2026-06-17 05:23:37,2026-09-02T09:54:03.917096+00:00,2026-09-02
13657913,11900.0,9.38437770918244,Toyota,Vitz,2014,12,,1,,1,Hatchback,Petrol,Automatic,Red,used,0,Mass_Market,Siem Reap,Tier_2,store,0,0,2026-06-17 08:52:04,2026-09-03T07:14:34.110226+00:00,2026-09-03
13658699,65000.0,11.082157933374816,Toyota,Alphard,2020,6,30000,0,3500,0,MPV,Petrol,Automatic,Black,used,1,Mass_Market,Phnom Penh,Tier_1,store,1,0,2026-06-17 11:01:48,2026-09-05T07:00:18.684795+00:00,2026-09-05
13677067,17500.0,9.770013301136158,Toyota,Highlander,2004,22,,1,,1,SUV,Petrol,Automatic,Gold,used,1,Mass_Market,Phnom Penh,Tier_1,store,0,0,2026-06-21 23:57:59,2026-09-02T09:52:07.159060+00:00,2026-09-02
13724298,22300.0,10.012386799492118,Toyota,Raize,2026,0,100000,0,,1,SUV,Petrol,Automatic,White,new,0,Mass_Market,Phnom Penh,Tier_1,store,0,0,2026-07-03 12:00:19,2026-09-06T07:10:33.987820+00:00,2026-09-06
13732321,14900.0,9.60918360377546,Toyota,Prius,2010,16,,1,,1,Hatchback,Hybrid,Automatic,White,used,0,Mass_Market,Phnom Penh,Tier_1,store,1,0,2026-07-05 16:01:30,2026-09-05T06:59:38.950320+00:00,2026-09-05
13734721,19200.0,9.862717639992917,Toyota,Raize,2023,3,,1,,1,SUV,Petrol,Automatic,White,used,1,Mass_Market,Phnom Penh,Tier_1,individual,0,1,2026-07-06 11:00:51,2026-09-03T07:15:31.423287+00:00,2026-09-03
13735536,36500.0,10.505094936455558,Toyota,Land Cruiser,2012,14,,1,,1,SUV,Diesel,Automatic,Gold,used,1,Mass_Market,Phnom Penh,Tier_1,individual,0,0,2026-07-06 13:02:19,2026-09-03T09:13:11.121958+00:00,2026-09-03
13736157,39900.0,10.594156665220533,Toyota,Hilux Revo,2027,0,,1,,1,Pickup,Diesel,Automatic,White,new,0,Mass_Market,Phnom Penh,Tier_1,store,0,0,2026-07-06 15:10:06,2026-09-02T09:51:47.854921+00:00,2026-09-02
13738771,17900.0,9.792611856190192,Toyota,Prius,2013,13,,1,,1,Sedan,Hybrid,Automatic,Grey,used,0,Mass_Market,Phnom Penh,Tier_1,individual,1,0,2026-07-07 10:10:16,2026-09-05T07:02:55.480341+00:00,2026-09-05
13741269,10950.0,9.301186055275759,Toyota,Prius,2008,18,,1,,1,Sedan,Diesel,Automatic,Red,used,1,Mass_Market,Phnom Penh,Tier_1,individual,0,0,2026-07-07 18:15:17,2026-09-03T07:13:25.303223+00:00,2026-09-03
13747319,8800.0,9.082620630373812,Toyota,Camry,2002,24,,1,,1,Sedan,Petrol,Automatic,Silver,used,1,Mass_Market,Phnom Penh,Tier_1,store,0,0,2026-07-09 10:00:43,2026-09-04T07:16:34.613130+00:00,2026-09-04
13752106,13800.0,9.53249633228804,Toyota,Highlander,2003,23,,1,,1,SUV,Petrol,Automatic,Silver,used,1,Mass_Market,Phnom Penh,Tier_1,individual,0,0,2026-07-10 11:40:03,2026-09-03T07:14:28.349941+00:00,2026-09-03
13757762,7500.0,8.922791623969637,Toyota,Camry,2002,24,,1,,1,Sedan,Petrol,Automatic,Silver,used,1,Mass_Market,Battambang,Tier_2,individual,0,0,2026-07-11 17:48:00,2026-09-05T07:03:18.437681+00:00,2026-09-05
13774896,17500.0,9.770013301136158,Toyota,Prius,2015,11,,1,,1,Hatchback,Petrol,Automatic,Grey,used,1,Mass_Market,Phnom Penh,Tier_1,individual,0,0,2026-07-16 09:42:17,2026-09-06T07:13:10.652550+00:00,2026-09-06
13775458,17850.0,9.789814808047552,Toyota,Tacoma,2005,21,,1,4000,0,Pickup,Petrol,Automatic,White,used,1,Mass_Market,Phnom Penh,Tier_1,individual,0,0,2026-07-16 11:19:48,2026-09-04T07:21:29.359796+00:00,2026-09-04
13778363,15800.0,9.6678285081515,Toyota,Prius,2010,16,,1,,1,Hatchback,Hybrid,Automatic,Grey,used,1,Mass_Market,Phnom Penh,Tier_1,individual,1,0,2026-07-17 09:08:23,2026-09-05T07:02:39.143665+00:00,2026-09-05
13784836,40900.0,10.61890979160975,Toyota,Corolla Cross,2024,2,,1,,1,SUV,Hybrid,Automatic,White,used,1,Mass_Market,Phnom Penh,Tier_1,store,0,0,2026-07-18 20:58:52,2026-09-04T07:18:42.566474+00:00,2026-09-04
13787013,17800.0,9.787009914477434,Toyota,Camry,2007,19,,1,,1,Sedan,Petrol,Automatic,White,used,1,Mass_Market,Phnom Penh,Tier_1,store,0,0,2026-07-19 14:37:50,2026-09-06T07:12:10.390853+00:00,2026-09-06
13791475,35500.0,10.477316144080852,Toyota,Land Cruiser,2010,16,,1,,1,Sedan,Petrol,Automatic,White,used,1,Mass_Market,Phnom Penh,Tier_1,individual,1,0,2026-07-20 19:01:18,2026-09-03T09:13:26.154738+00:00,2026-09-03
13804230,9650.0,9.174816815907135,Toyota,Prius,2007,19,,1,,1,Sedan,Hybrid,Automatic,Green,used,1,Mass_Market,Phnom Penh,Tier_1,individual,0,0,2026-07-24 08:04:53,2026-09-05T07:01:17.818953+00:00,2026-09-05
13804232,8150.0,9.005895898094458,Toyota,Prius,2005,21,,1,,1,Sedan,Hybrid,Automatic,Blue,used,1,Mass_Market,Phnom Penh,Tier_1,individual,0,0,2026-07-24 08:05:10,2026-09-05T07:01:17.749865+00:00,2026-09-05
13815987,14000.0,9.546884034617925,Toyota,Highlander,2002,24,,1,,1,SUV,Petrol,Automatic,Gold,used,1,Mass_Market,Phnom Penh,Tier_1,store,0,0,2026-07-27 12:23:16,2026-09-06T07:14:01.215691+00:00,2026-09-06
13819652,19700.0,9.888424674859083,Toyota,Prius,2013,13,,1,,1,MPV,Hybrid,Automatic,White,used,1,Mass_Market,Phnom Penh,Tier_1,individual,1,0,2026-07-28 09:47:19,2026-09-02T09:55:05.802822+00:00,2026-09-02
13833551,22500.0,10.021315031649332,Toyota,Alphard,2012,14,,1,,1,MPV,Hybrid,Automatic,White,used,1,Mass_Market,Phnom Penh,Tier_1,store,0,0,2026-07-31 15:30:07,2026-09-02T09:55:45.916144+00:00,2026-09-02
13835593,49900.0,10.817796321618971,Toyota,Alphard,2019,7,,1,,1,MPV,Petrol,Automatic,Black,used,1,Mass_Market,Phnom Penh,Tier_1,store,0,0,2026-08-01 11:35:21,2026-09-02T09:52:13.361755+00:00,2026-09-02
13837170,16800.0,9.729193687429403,Toyota,Prius,2012,14,,1,0,0,Hatchback,Electric,Automatic,Silver,used,0,Mass_Market,Phnom Penh,Tier_1,store,0,0,2026-08-01 19:19:20,2026-09-05T07:02:54.948510+00:00,2026-09-05
13839275,8500.0,9.04793908261736,Toyota,Prius,2006,20,,1,,1,Hatchback,Petrol,Automatic,Blue,used,1,Mass_Market,Phnom Penh,Tier_1,individual,0,0,2026-08-02 13:21:47,2026-09-03T07:15:54.584485+00:00,2026-09-03
13852148,19500.0,9.87822102528824,Toyota,Prius,2014,12,,1,,1,Hatchback,Hybrid,Automatic,White,used,0,Mass_Market,Phnom Penh,Tier_1,store,0,0,2026-08-05 15:48:01,2026-09-02T09:54:02.842112+00:00,2026-09-02
13855838,16200.0,9.692828247710418,Toyota,Prius,2012,14,,1,,1,Hatchback,Hybrid,Automatic,Grey,used,0,Mass_Market,Phnom Penh,Tier_1,store,0,0,2026-08-06 14:29:14,2026-09-02T09:52:42.918308+00:00,2026-09-02
13856938,22300.0,10.012386799492118,Toyota,Raize,2026,0,100000,0,1000,0,SUV,Petrol,Automatic,Yellow,new,0,Mass_Market,Phnom Penh,Tier_1,store,0,0,2026-08-06 19:19:50,2026-09-02T09:53:46.781845+00:00,2026-09-02
13862997,36800.0,10.513280297700861,Toyota,Hilux Revo,2026,0,,1,,1,Pickup,Diesel,Automatic,White,used,1,Mass_Market,Preah Sihanouk,Tier_2,store,0,0,2026-08-08 11:31:21,2026-09-02T09:52:31.952304+00:00,2026-09-02
13871446,34888.0,10.459926872262475,Toyota,Land Cruiser,2011,15,,1,,1,SUV,Petrol,Automatic,White,used,1,Mass_Market,Phnom Penh,Tier_1,store,0,0,2026-08-10 18:32:31,2026-09-04T07:16:31.568097+00:00,2026-09-04
13873162,52500.0,10.868587496017359,Toyota,Fortuner,2025,1,,1,,1,SUV,Diesel,Automatic,White,used,1,Mass_Market,Phnom Penh,Tier_1,store,0,0,2026-08-11 09:59:15,2026-09-05T07:04:18.148616+00:00,2026-09-05
13875174,49900.0,10.817796321618971,Toyota,Alphard,2018,8,,1,,1,MPV,Petrol,Automatic,Black,used,1,Mass_Market,Phnom Penh,Tier_1,store,1,0,2026-08-11 16:55:36,2026-09-05T06:58:56.102941+00:00,2026-09-05
13879511,25000.0,10.12667110305036,Toyota,Tundra,2014,12,,1,,1,Pickup,Petrol,Automatic,White,used,1,Mass_Market,Phnom Penh,Tier_1,individual,0,1,2026-08-12 19:07:11,2026-09-03T09:13:17.066248+00:00,2026-09-03
13885958,14900.0,9.60918360377546,Toyota,Highlander,2002,24,,1,,1,SUV,Petrol,Automatic,Gold,used,1,Mass_Market,Phnom Penh,Tier_1,individual,0,0,2026-08-14 13:39:09,2026-09-05T07:01:09.420202+00:00,2026-09-05
13903078,12900.0,9.465060106725137,Toyota,Camry,2007,19,,1,,1,Sedan,Petrol,Automatic,Gold,used,1,Mass_Market,Prey Veng,Tier_3,individual,0,0,2026-08-19 08:11:50,2026-09-06T07:14:14.431046+00:00,2026-09-06
13908045,23900.0,10.081675578048475,Toyota,Camry,2013,13,,1,,1,Sedan,Hybrid,Automatic,Grey,used,0,Mass_Market,Phnom Penh,Tier_1,store,1,0,2026-08-20 13:06:13,2026-09-02T09:53:13.478924+00:00,2026-09-02
13910003,15500.0,9.648659816955295,Toyota,Tacoma,2005,21,,1,,1,Pickup,Petrol,Automatic,Gold,used,1,Mass_Market,Phnom Penh,Tier_1,individual,0,0,2026-08-21 03:30:07,2026-09-04T07:21:47.173777+00:00,2026-09-04
13918720,15500.0,9.648659816955295,Toyota,Prius,2012,14,,1,,1,SUV,Petrol,Automatic,White,used,1,Mass_Market,Kandal,Tier_2,individual,0,0,2026-08-23 13:35:27,2026-09-02T09:55:19.952960+00:00,2026-09-02
13929867,12600.0,9.441531454869693,Toyota,Camry,2007,19,,1,,1,Sedan,Hybrid,Automatic,Silver,used,1,Mass_Market,Kandal,Tier_2,store,0,0,2026-08-26 10:17:06,2026-09-05T07:01:17.539985+00:00,2026-09-05
13937217,23800.0,10.077482875583607,Toyota,Camry,2013,13,,1,,1,Sedan,Hybrid,Automatic,Grey,used,0,Mass_Market,Phnom Penh,Tier_1,store,1,0,2026-08-28 07:10:31,2026-09-05T07:00:58.237859+00:00,2026-09-05
13937404,35500.0,10.477316144080852,Toyota,Hilux Revo,2025,1,,1,,1,Pickup,Diesel,Automatic,White,used,1,Mass_Market,Phnom Penh,Tier_1,store,0,0,2026-08-28 08:40:44,2026-09-02T09:56:01.621646+00:00,2026-09-02
13944283,18500.0,9.825580063659602,Toyota,Prius,2014,12,,1,,1,Hatchback,Hybrid,Automatic,White,used,0,Mass_Market,Phnom Penh,Tier_1,store,0,0,2026-08-29 21:43:23,2026-09-02T09:55:22.064228+00:00,2026-09-02
13948576,19000.0,9.852246888342531,Toyota,Hilux Vigo,2015,11,,1,,1,Pickup,Diesel,Automatic,White,used,0,Mass_Market,Phnom Penh,Tier_1,store,0,0,2026-08-31 09:01:55,2026-09-02T09:54:11.125978+00:00,2026-09-02
13949329,8200.0,9.012011377036412,Toyota,RAV4,2001,25,,1,,1,SUV,Petrol,Automatic,Silver,used,1,Mass_Market,Kandal,Tier_2,individual,0,0,2026-08-31 11:11:11,2026-09-03T09:12:43.475071+00:00,2026-09-03
13952993,25500.0,10.146472946063877,Toyota,Prius,2018,8,,1,,1,Sedan,Hybrid,Automatic,Grey,used,1,Mass_Market,Kampong Speu,Tier_3,individual,0,0,2026-09-01 11:30:43,2026-09-02T09:52:18.355117+00:00,2026-09-02
13956592,13800.0,9.53249633228804,Toyota,Prius,2010,16,,1,,1,SUV,Hybrid,Automatic,White,used,1,Mass_Market,Phnom Penh,Tier_1,store,1,0,2026-09-02 09:36:08,2026-09-04T07:17:10.264160+00:00,2026-09-04
13956774,9800.0,9.19023970026918,Toyota,Prius,2006,20,,1,,1,Hatchback,Hybrid,Automatic,Grey,used,1,Mass_Market,Kandal,Tier_2,individual,1,0,2026-09-02 09:59:02,2026-09-04T07:16:36.888315+00:00,2026-09-04
13958320,13800.0,9.53249633228804,Toyota,Alphard,2005,21,,1,,1,SUV,Petrol,Automatic,White,used,1,Mass_Market,Phnom Penh,Tier_1,store,0,0,2026-09-02 14:35:37,2026-09-02T09:53:38.694974+00:00,2026-09-02
13961220,19500.0,9.87822102528824,Toyota,Prius,2020,6,,1,,1,Hatchback,Hybrid,Automatic,Red,used,0,Mass_Market,Phnom Penh,Tier_1,store,0,0,2026-09-03 10:20:10,2026-09-05T06:59:31.828555+00:00,2026-09-05
13961225,29500.0,10.292179440058462,Toyota,Hiace,2013,13,,1,,1,MPV,Diesel,Automatic,Silver,used,1,Mass_Market,Phnom Penh,Tier_1,individual,0,0,2026-09-03 10:20:42,2026-09-06T07:09:21.481224+00:00,2026-09-06
13961662,29500.0,10.292179440058462,Toyota,Land Cruiser,2010,16,,1,,1,SUV,Petrol,Automatic,White,used,1,Mass_Market,Phnom Penh,Tier_1,individual,0,0,2026-09-03 11:48:42,2026-09-04T07:20:30.331196+00:00,2026-09-04
13961969,23800.0,10.077482875583607,Toyota,Alphard,2014,12,,1,,1,MPV,Petrol,Automatic,White,used,0,Mass_Market,Phnom Penh,Tier_1,store,0,0,2026-09-03 12:44:30,2026-09-03T07:15:05.697869+00:00,2026-09-03
13962118,29000.0,10.275085591132715,Toyota,Land Cruiser,2008,18,,1,,1,SUV,Petrol,Automatic,White,used,1,Mass_Market,Phnom Penh,Tier_1,store,0,0,2026-09-03 13:13:52,2026-09-03T07:14:06.759701+00:00,2026-09-03
13966119,11900.0,9.38437770918244,Toyota,Camry,2007,19,,1,,1,Hatchback,Hybrid,Automatic,Gold,used,1,Mass_Market,Kandal,Tier_2,individual,0,0,2026-09-04 12:28:54,2026-09-04T07:19:20.715437+00:00,2026-09-04
13966281,13800.0,9.53249633228804,Toyota,Highlander,2003,23,,1,,1,SUV,Petrol,Automatic,White,used,1,Mass_Market,Phnom Penh,Tier_1,individual,0,0,2026-09-04 13:08:25,2026-09-04T07:18:18.614508+00:00,2026-09-04
13967636,38868.0,10.56795229673375,Toyota,Alphard,2018,8,,1,,1,MPV,Hybrid,Automatic,Black,used,1,Mass_Market,Phnom Penh,Tier_1,store,0,0,2026-09-04 18:08:16,2026-09-06T07:11:33.041705+00:00,2026-09-06
13969861,3877.0,8.263074835802596,Toyota,Land Cruiser Prado,2007,19,,1,,1,SUV,Diesel,Automatic,Silver,used,1,Mass_Market,Phnom Penh,Tier_1,individual,0,0,2026-09-05 12:16:27,2026-09-05T07:01:16.031940+00:00,2026-09-05
13969966,24500.0,10.106469212026385,Toyota,Yaris Cross,2024,2,,1,,1,SUV,Petrol,Automatic,Silver,used,1,Mass_Market,Phnom Penh,Tier_1,store,0,0,2026-09-05 12:41:58,2026-09-05T07:00:10.944202+00:00,2026-09-05
13969985,29000.0,10.275085591132715,Toyota,Highlander,2012,14,,1,,1,SUV,Petrol,Automatic,White,used,0,Mass_Market,Phnom Penh,Tier_1,store,0,0,2026-09-05 12:48:23,2026-09-05T06:59:55.818617+00:00,2026-09-05
13970075,10000.0,9.210440366976517,Toyota,Highlander,2001,25,,1,,1,SUV,Petrol,Automatic,Gold,used,1,Mass_Market,Phnom Penh,Tier_1,store,0,0,2026-09-05 13:08:20,2026-09-05T06:59:13.922934+00:00,2026-09-05
13970115,56500.0,10.942013616092948,Toyota,Prius,2024,2,,1,,1,Hatchback,Hybrid,Automatic,White,used,0,Mass_Market,Phnom Penh,Tier_1,store,0,0,2026-09-05 13:14:52,2026-09-05T06:59:04.131324+00:00,2026-09-05
13973194,37500.0,10.53212287826962,Toyota,Fortuner,2018,8,70000,0,2800,0,SUV,Petrol,Automatic,White,used,1,Mass_Market,Phnom Penh,Tier_1,store,1,0,2026-09-06 11:54:48,2026-09-06T07:13:06.561425+00:00,2026-09-06
13973514,2800.0,7.937731775260109,Toyota,Hilux Vigo,1991,35,,1,,1,SUV,Diesel,Automatic,Green,used,1,Mass_Market,Kampong Thom,Tier_3,individual,0,0,2026-09-06 13:10:58,2026-09-06T07:10:54.299292+00:00,2026-09-06
13973537,10000.0,9.210440366976517,Toyota,Highlander,2001,25,,1,,1,SUV,Petrol,Automatic,Gold,used,1,Mass_Market,Phnom Penh,Tier_1,store,0,0,2026-09-06 13:16:03,2026-09-06T07:10:47.744415+00:00,2026-09-06
13724289,15900.0,9.674137279312397,Toyota,Wigo,2026,0,100000,0,,1,Hatchback,Petrol,Automatic,White,new,0,Mass_Market,Phnom Penh,Tier_1,store,0,0,2026-07-03 11:59:36,2026-09-06T07:10:41.201015+00:00,2026-09-06
13887833,51100.0,10.841559345471941,Toyota,Hilux,2027,0,,1,,1,Pickup,Diesel,Automatic,Grey,new,0,Mass_Market,Phnom Penh,Tier_1,individual,0,0,2026-08-14 22:52:18,2026-09-03T07:13:32.188440+00:00,2026-09-03
13950313,16800.0,9.729193687429403,Toyota,Vios,2018,8,30000,0,,1,Sedan,Petrol,Automatic,White,used,1,Mass_Market,Phnom Penh,Tier_1,individual,0,0,2026-08-31 14:41:10,2026-09-03T07:18:32.789683+00:00,2026-09-03
13969771,59500.0,10.993748398115178,Toyota,Hiace,2023,3,,1,,1,MPV,Petrol,Automatic,White,used,1,Mass_Market,Phnom Penh,Tier_1,individual,0,0,2026-09-05 11:48:15,2026-09-05T07:02:59.094369+00:00,2026-09-05
13305033,17500.0,9.770013301136158,Toyota,Prius,2012,14,,1,,1,Hatchback,Hybrid,Automatic,Silver,used,0,Mass_Market,Phnom Penh,Tier_1,store,1,1,2026-03-18 12:22:32,2026-09-04T07:17:20.680850+00:00,2026-09-04
13870263,11900.0,9.38437770918244,Toyota,Prius,2007,19,,1,,1,Hatchback,Hybrid,Automatic,Silver,used,0,Mass_Market,Phnom Penh,Tier_1,store,1,0,2026-08-10 13:30:23,2026-09-06T07:14:09.248215+00:00,2026-09-06
13879418,15000.0,9.61587214452889,Toyota,Highlander,2002,24,,1,,1,SUV,Petrol,Automatic,Silver,used,1,Mass_Market,Phnom Penh,Tier_1,individual,0,0,2026-08-12 18:25:10,2026-09-02T09:54:17.872530+00:00,2026-09-02
13915902,4200.0,8.343077871169383,Toyota,Prius,2002,24,,1,,1,Hatchback,Hybrid,Automatic,Silver,used,1,Mass_Market,Kampong Chhnang,Tier_3,individual,0,0,2026-08-22 16:33:15,2026-09-03T07:12:31.362179+00:00,2026-09-03
13956040,16100.0,9.686636660844938,Toyota,Highlander,2004,22,,1,,1,SUV,Petrol,Automatic,Gold,used,1,Mass_Market,Phnom Penh,Tier_1,individual,0,0,2026-09-02 07:22:26,2026-09-03T07:14:02.875312+00:00,2026-09-03
13957838,25800.0,10.158168529848494,Toyota,Vellfire,2015,11,,1,,1,MPV,Petrol,Automatic,White,used,1,Mass_Market,Phnom Penh,Tier_1,store,0,0,2026-09-02 13:07:48,2026-09-02T09:55:50.794867+00:00,2026-09-02
13959012,23500.0,10.064798252418377,Toyota,Prius,2018,8,,1,,1,Hatchback,Petrol,Automatic,White,used,0,Mass_Market,Phnom Penh,Tier_1,store,0,0,2026-09-02 16:42:25,2026-09-02T09:51:37.994850+00:00,2026-09-02
13966311,18000.0,9.798182590890704,Toyota,Prius,2014,12,,1,,1,Hatchback,Hybrid,Automatic,Grey,used,0,Mass_Market,Phnom Penh,Tier_1,store,0,0,2026-09-04 13:17:24,2026-09-04T07:17:58.178106+00:00,2026-09-04
13955287,13999.0,9.546812608597396,Toyota,Highlander,2001,25,,1,,1,SUV,,Automatic,White,used,1,Mass_Market,Kampot,Tier_3,individual,0,0,2026-09-01 19:33:01,2026-09-05T06:59:39.946909+00:00,2026-09-05
13968674,27500.0,10.221977646629885,Toyota,Alphard,2015,11,,1,,1,Station Wagon,,Automatic,White,used,1,Mass_Market,Phnom Penh,Tier_1,individual,0,0,2026-09-05 08:18:59,2026-09-06T07:09:32.069620+00:00,2026-09-06
13401914,18499.0,9.825526011066415,Toyota,Tacoma,2008,18,,1,,1,Pickup,,Automatic,Silver,used,1,Mass_Market,Kampong Chhnang,Tier_3,individual,0,0,2026-04-12 20:50:34,2026-09-04T07:18:38.232832+00:00,2026-09-04
13812433,11200.0,9.32375833901174,Toyota,Prius,2007,19,,1,,1,Hatchback,,Automatic,White,used,1,Mass_Market,Phnom Penh,Tier_1,individual,1,0,2026-07-26 12:30:20,2026-09-05T07:01:25.853488+00:00,2026-09-05
13865774,2900.0,7.972810784121404,Toyota,Tacoma,1996,30,,1,,1,Pickup,,Manual,Green,used,1,Mass_Market,Kandal,Tier_2,individual,0,0,2026-08-09 09:44:05,2026-09-03T09:12:57.300201+00:00,2026-09-03
13907240,9950.0,9.205428327615163,Toyota,Prius,2005,21,,1,,1,Hatchback,,Automatic,White,used,1,Mass_Market,Phnom Penh,Tier_1,individual,0,0,2026-08-20 10:30:33,2026-09-03T09:12:56.527834+00:00,2026-09-03
13928089,9500.0,9.15915233520675,Toyota,RAV4,2002,24,,1,,1,SUV,,Automatic,Silver,used,1,Mass_Market,Phnom Penh,Tier_1,individual,0,0,2026-08-25 18:05:44,2026-09-03T09:13:08.625660+00:00,2026-09-03
13969342,10600.0,9.268703615273097,Toyota,Raize,2007,19,,1,,1,SUV,,Automatic,White,used,1,Mass_Market,Phnom Penh,Tier_1,individual,0,0,2026-09-05 10:27:36,2026-09-06T07:09:20.318533+00:00,2026-09-06
13970242,9900.0,9.200391041122515,Toyota,RAV4,2002,24,,1,,1,SUV,,Automatic,White,used,1,Mass_Market,Phnom Penh,Tier_1,store,0,0,2026-09-05 13:40:56,2026-09-06T07:09:44.123175+00:00,2026-09-06
13948626,7700.0,8.94910546953925,Toyota,Prius,2004,22,,1,,1,Hatchback,Petrol,Automatic,Silver,used,1,Mass_Market,,Unknown,individual,0,0,2026-08-31 09:15:14,2026-09-02T09:52:47.229192+00:00,2026-09-02
13719839,16500.0,9.711176264112805,Toyota,Camry,2007,19,,1,,1,Sedan,Petrol,,White,used,1,Mass_Market,Phnom Penh,Tier_1,store,1,0,2026-07-02 10:54:55,2026-09-06T07:13:59.602164+00:00,2026-09-06
13790213,9500.0,9.15915233520675,Toyota,Prius,2008,18,,1,,1,Hatchback,Petrol,,Red,used,1,Mass_Market,Kandal,Tier_2,individual,0,0,2026-07-20 13:51:38,2026-09-02T09:54:35.628948+00:00,2026-09-02
13966114,15800.0,9.6678285081515,Toyota,Prius,2013,13,,1,,1,Hatchback,Hybrid,Automatic,,used,0,Mass_Market,Phnom Penh,Tier_1,store,1,0,2026-09-04 12:26:11,2026-09-04T07:19:26.574751+00:00,2026-09-04
13373197,30000.0,10.308985993422082,Toyota,Land Cruiser,2009,17,,1,,1,SUV,,,White,used,1,Mass_Market,Phnom Penh,Tier_1,store,0,0,2026-04-04 13:27:39,2026-09-05T06:57:43.111409+00:00,2026-09-05
13574937,10800.0,9.287394001418473,Toyota,Vitz,2015,11,,1,,1,,,,Black,used,0,Mass_Market,Phnom Penh,Tier_1,store,0,0,2026-05-27 22:28:25,2026-09-06T07:13:13.915485+00:00,2026-09-06
13927045,23500.0,10.064798252418377,Toyota,Prius,2017,9,,1,,1,Hatchback,,,Grey,used,0,Mass_Market,Phnom Penh,Tier_1,store,0,0,2026-08-25 14:26:37,2026-09-03T07:15:48.128176+00:00,2026-09-03
13949869,18900.0,9.846970109700957,Toyota,Prius,2019,7,,1,,1,Hatchback,,,Grey,used,0,Mass_Market,Phnom Penh,Tier_1,store,0,0,2026-08-31 13:12:39,2026-09-02T09:55:14.474810+00:00,2026-09-02
13969652,12800.0,9.45727857185611,Toyota,Alphard,2007,19,,1,,1,MPV,,,Grey,used,1,Mass_Market,Phnom Penh,Tier_1,individual,0,0,2026-09-05 11:23:55,2026-09-05T07:04:09.828151+00:00,2026-09-05
13970162,12500.0,9.433563920090563,Toyota,Prius,2010,16,,1,,1,Hatchback,,,Silver,used,1,Mass_Market,Phnom Penh,Tier_1,individual,0,0,2026-09-05 13:24:30,2026-09-05T06:58:48.382061+00:00,2026-09-05
13950586,6799.0,8.824677891164198,Toyota,Scion,2005,21,,1,,1,,Petrol,Automatic,White,used,1,Mass_Market,Phnom Penh,Tier_1,individual,0,0,2026-08-31 15:45:09,2026-09-03T07:17:41.039370+00:00,2026-09-03
13780447,17000.0,9.741027444837728,Toyota,Prius,2012,14,,1,,1,Hatchback,Hybrid,,Blue,used,0,Mass_Market,Phnom Penh,Tier_1,store,0,0,2026-07-17 16:07:41,2026-09-04T07:20:20.332866+00:00,2026-09-04
13944812,10900.0,9.296609807128359,Toyota,Prius,2008,18,,1,,1,Sedan,Hybrid,,Silver,used,1,Mass_Market,Phnom Penh,Tier_1,store,0,0,2026-08-30 08:01:18,2026-09-06T07:14:03.143778+00:00,2026-09-06
13793771,17700.0,9.781376414141157,Toyota,Prius,2013,13,,1,,1,Hatchback,Hybrid,,Silver,used,0,Mass_Market,Phnom Penh,Tier_1,store,0,0,2026-07-21 11:12:50,2026-09-06T07:11:15.942303+00:00,2026-09-06
13863836,21999.0,9.998797732340453,Toyota,Prius,2017,9,,1,,1,Hatchback,Hybrid,,Silver,used,1,Mass_Market,Phnom Penh,Tier_1,individual,0,0,2026-08-08 14:43:45,2026-09-06T07:11:05.925219+00:00,2026-09-06
13872473,12000.0,9.392745258631441,Toyota,Prius,2008,18,,1,,1,Hatchback,Hybrid,,Silver,used,0,Mass_Market,Phnom Penh,Tier_1,individual,0,1,2026-08-11 07:41:23,2026-09-05T07:02:56.021885+00:00,2026-09-05
13958865,4000.0,8.294299608857235,Toyota,Veloz,1998,28,,1,,1,MPV,Petrol,,Silver,used,1,Mass_Market,Phnom Penh,Tier_1,individual,0,1,2026-09-02 16:14:41,2026-09-02T09:51:56.972009+00:00,2026-09-02
13957871,12950.0,9.468928284223587,Toyota,Prius,2008,18,,1,,1,Sedan,Hybrid,,White,used,0,Mass_Market,Phnom Penh,Tier_1,store,0,0,2026-09-02 13:15:01,2026-09-02T09:55:39.829252+00:00,2026-09-02
13961934,23000.0,10.043292972227004,Toyota,Alphard,2013,13,,1,,1,MPV,Petrol,,White,used,0,Mass_Market,Phnom Penh,Tier_1,store,0,0,2026-09-03 12:36:50,2026-09-03T07:15:22.582434+00:00,2026-09-03
13964745,8300.0,9.024131268455035,Toyota,Prius,2006,20,,1,,1,Sedan,Petrol,,Red,used,1,Mass_Market,Phnom Penh,Tier_1,individual,0,1,2026-09-04 08:22:42,2026-09-05T07:01:15.764717+00:00,2026-09-05
13925246,18500.0,9.825580063659602,Chevrolet,Camaro,2017,9,,1,,1,Hatchback,Petrol,Automatic,Black,used,1,Mass_Market,Phnom Penh,Tier_1,store,0,0,2026-08-25 09:13:19,2026-09-03T07:15:24.503528+00:00,2026-09-03
13962274,25500.0,10.146472946063877,Chevrolet,Colorado,2020,6,,1,,1,Pickup,Diesel,Automatic,Black,used,1,Mass_Market,Phnom Penh,Tier_1,store,0,0,2026-09-03 13:50:05,2026-09-03T07:13:20.480011+00:00,2026-09-03
13606183,15900.0,9.674137279312397,Jetour,X70,2022,4,,1,,1,SUV,Petrol,Automatic,White,used,1,Chinese_EV,Phnom Penh,Tier_1,individual,0,0,2026-06-04 12:40:08,2026-09-03T09:12:58.337628+00:00,2026-09-03
13973460,55800.0,10.929547069355774,Denza,D9,2025,1,,1,,1,MPV,Hybrid,Automatic,Black,used,1,Chinese_EV,Phnom Penh,Tier_1,store,0,0,2026-09-06 12:56:18,2026-09-06T07:10:59.059577+00:00,2026-09-06
13565827,20800.0,9.942756341456828,GTV,ផ្សេងៗ,2026,0,,1,,1,Sedan,Hybrid,Automatic,Black,new,0,Chinese_EV,Phnom Penh,Tier_1,individual,0,0,2026-05-25 19:12:45,2026-09-03T09:13:07.380614+00:00,2026-09-03
13492929,9900.0,9.200391041122515,Hyundai,Starex,2009,17,,1,,1,MPV,Diesel,Automatic,Silver,used,1,Mass_Market,Phnom Penh,Tier_1,store,1,0,2026-05-08 14:56:12,2026-09-04T07:16:34.837672+00:00,2026-09-04
13787496,10800.0,9.287394001418473,Hyundai,Starex,2011,15,,1,,1,MPV,Diesel,Automatic,Silver,used,1,Mass_Market,Phnom Penh,Tier_1,store,1,0,2026-07-19 17:14:13,2026-09-06T07:13:06.012033+00:00,2026-09-06
13916007,32000.0,10.373522431293592,Hyundai,Staria,2022,4,,1,,1,MPV,Diesel,Automatic,Black,used,1,Mass_Market,Phnom Penh,Tier_1,store,0,0,2026-08-22 17:05:51,2026-09-03T07:15:23.048323+00:00,2026-09-03
13950939,15500.0,9.648659816955295,Hyundai,Venue,2021,5,,1,,1,SUV,Petrol,Automatic,White,used,1,Mass_Market,Phnom Penh,Tier_1,individual,0,0,2026-08-31 17:00:55,2026-09-04T07:20:21.906037+00:00,2026-09-04
13973138,20000.0,9.90353755128617,Hyundai,Truck,1997,29,,1,,1,SUV,Diesel,Manual,White,used,1,Mass_Market,Phnom Penh,Tier_1,individual,0,0,2026-09-06 11:43:23,2026-09-06T07:13:30.330801+00:00,2026-09-06
13973442,20300.0,9.918425424900335,Hyundai,Stargazer,2021,5,,1,,1,SUV,Petrol,Automatic,White,used,1,Mass_Market,Phnom Penh,Tier_1,store,0,0,2026-09-06 12:51:17,2026-09-06T07:11:06.717072+00:00,2026-09-06
13948809,16800.0,9.729193687429403,Hyundai,Starex,2017,9,,1,,1,MPV,,,White,used,1,Mass_Market,Phnom Penh,Tier_1,individual,0,0,2026-08-31 09:43:21,2026-09-06T07:13:05.027776+00:00,2026-09-06
13967641,27500.0,10.221977646629885,Hyundai,Staria,2023,3,,1,,1,,,,Black,used,1,Mass_Market,Phnom Penh,Tier_1,individual,0,1,2026-09-04 18:11:17,2026-09-06T07:13:28.444646+00:00,2026-09-06
13392346,34800.0,10.457401400981889,Changan,Q07,2025,1,150000,0,1500,0,SUV,Hybrid,Automatic,Black,new,0,Chinese_EV,Phnom Penh,Tier_1,store,0,0,2026-04-09 11:43:41,2026-09-06T07:10:48.595445+00:00,2026-09-06
13724941,25500.0,10.146472946063877,Deepal,,2026,0,120000,0,0,0,SUV,Electric,Automatic,White,new,0,Chinese_EV,Phnom Penh,Tier_1,store,0,0,2026-07-03 14:14:49,2026-09-06T07:11:54.876722+00:00,2026-09-06
13267596,38800.0,10.566201298475118,GAC,GS8,2025,1,,1,,1,SUV,Petrol,Automatic,Black,new,0,Chinese_EV,Phnom Penh,Tier_1,store,0,0,2026-03-09 13:21:29,2026-09-05T07:01:55.489192+00:00,2026-09-05
13882557,29500.0,10.292179440058462,GAC,GN8,2025,1,,1,,1,MPV,Petrol,Automatic,Black,new,1,Chinese_EV,Phnom Penh,Tier_1,individual,0,0,2026-08-13 14:41:35,2026-09-03T09:13:11.341590+00:00,2026-09-03
13911173,40800.0,10.616461869895815,GAC,GN8,2024,2,20000,0,,1,MPV,Petrol,Automatic,Black,used,1,Chinese_EV,Phnom Penh,Tier_1,store,0,0,2026-08-21 11:09:56,2026-09-04T07:16:28.093635+00:00,2026-09-04
13936962,21600.0,9.980494888896912,GAC,EMKOO,2025,1,14000,0,,1,SUV,Petrol,Automatic,White,used,1,Chinese_EV,Phnom Penh,Tier_1,individual,0,0,2026-08-27 22:15:21,2026-09-06T07:13:17.739459+00:00,2026-09-06
13678096,22800.0,10.034559673629849,Aion,Aion i60,2026,0,,1,0,0,SUV,Electric,Automatic,Black,new,0,Chinese_EV,Phnom Penh,Tier_1,individual,0,0,2026-06-22 10:01:17,2026-09-03T09:12:51.144332+00:00,2026-09-03
13886450,22800.0,10.034559673629849,Aion,Aion i60,2026,0,,1,0,0,SUV,Electric,Automatic,Black,new,0,Chinese_EV,Phnom Penh,Tier_1,store,0,0,2026-08-14 15:00:46,2026-09-05T06:58:07.235332+00:00,2026-09-05
13784172,25800.0,10.158168529848494,Aion,Aion i60,2026,0,1240,0,0,0,,,Automatic,Black,new,0,Chinese_EV,Phnom Penh,Tier_1,store,0,0,2026-07-18 16:32:32,2026-09-06T07:13:45.682188+00:00,2026-09-06
13937663,25500.0,10.146472946063877,Mini,Countryman,2017,9,32000,0,,1,Hatchback,Petrol,Automatic,Blue,used,1,Other,Phnom Penh,Tier_1,individual,0,0,2026-08-28 09:32:31,2026-09-05T07:00:35.163315+00:00,2026-09-05
13275048,98000.0,11.49273296168228,Audi,R8,2014,12,,1,,1,Coupe,Petrol,Automatic,Orange,used,0,Luxury,Phnom Penh,Tier_1,store,0,0,2026-03-11 09:54:57,2026-09-02T09:52:44.047092+00:00,2026-09-02
13900701,16800.0,9.729193687429403,Audi,A6,2013,13,,1,,1,Sedan,Petrol,Automatic,Black,used,1,Luxury,Phnom Penh,Tier_1,store,0,0,2026-08-18 13:21:54,2026-09-02T09:51:53.374888+00:00,2026-09-02
13954074,35800.0,10.485731104959568,Audi,Q7,2017,9,,1,,1,,Petrol,Automatic,White,used,1,Luxury,Phnom Penh,Tier_1,individual,0,0,2026-09-01 14:30:02,2026-09-03T09:12:32.583054+00:00,2026-09-03
13264084,130000.0,11.775297421715827,Lexus,LX570,2021,5,,1,,1,SUV,Petrol,Automatic,White,used,1,Luxury,Phnom Penh,Tier_1,store,0,0,2026-03-08 13:03:45,2026-09-04T07:20:45.166724+00:00,2026-09-04
13552093,28800.0,10.268165387743457,Lexus,RX350,2010,16,,1,,1,SUV,Petrol,Automatic,White,used,1,Luxury,Phnom Penh,Tier_1,store,0,0,2026-05-22 12:27:52,2026-09-05T06:59:33.895645+00:00,2026-09-05
13553445,22900.0,10.038935856711177,Lexus,RX330,2004,22,,1,,1,SUV,Petrol,Automatic,White,used,1,Luxury,Phnom Penh,Tier_1,store,0,0,2026-05-22 16:19:04,2026-09-06T07:10:47.891205+00:00,2026-09-06
13622173,23000.0,10.043292972227004,Lexus,LX470,2004,22,,1,,1,MPV,Diesel,Automatic,Gold,used,1,Luxury,Phnom Penh,Tier_1,store,0,0,2026-06-08 13:40:15,2026-09-06T07:13:38.223765+00:00,2026-09-06
13665279,29800.0,10.30229722897745,Lexus,RX450h,2011,15,,1,,1,SUV,Hybrid,Automatic,White,used,1,Luxury,Phnom Penh,Tier_1,store,0,0,2026-06-18 19:43:40,2026-09-06T07:09:58.479597+00:00,2026-09-06
13669394,10800.0,9.287394001418473,Lexus,RX300,2000,26,,1,,1,SUV,Petrol,Automatic,White,used,1,Luxury,Phnom Penh,Tier_1,individual,0,0,2026-06-19 19:46:14,2026-09-03T09:13:16.167092+00:00,2026-09-03
13692682,12900.0,9.465060106725137,Lexus,RX300,2002,24,,1,,1,SUV,Petrol,Automatic,White,used,1,Luxury,Phnom Penh,Tier_1,individual,0,0,2026-06-25 11:39:39,2026-09-03T09:14:01.195804+00:00,2026-09-03
13875527,75555.0,11.23262938215171,Lexus,LX570,2017,9,70000,0,,1,SUV,Petrol,Automatic,White,used,1,Luxury,Koh Kong,Tier_3,store,0,0,2026-08-11 18:54:24,2026-09-06T07:12:47.340554+00:00,2026-09-06
13876563,65000.0,11.082157933374816,Lexus,RX350,2019,7,,1,3500,0,SUV,Petrol,Automatic,White,used,1,Luxury,Phnom Penh,Tier_1,individual,1,0,2026-08-12 08:10:35,2026-09-06T07:13:58.995142+00:00,2026-09-06
13940499,17950.0,9.79540110267107,Lexus,RX330,2004,22,,1,,1,SUV,Petrol,Automatic,Grey,used,1,Luxury,Phnom Penh,Tier_1,individual,0,0,2026-08-28 20:58:28,2026-09-03T09:14:30.672141+00:00,2026-09-03
13949577,14500.0,9.581972891547895,Lexus,LX470,2003,23,,1,,1,SUV,Petrol,Automatic,Black,used,1,Luxury,Phnom Penh,Tier_1,individual,0,0,2026-08-31 12:02:15,2026-09-05T07:01:18.632943+00:00,2026-09-05
13958642,17700.0,9.781376414141157,Lexus,RX330,2004,22,,1,,1,SUV,Petrol,Automatic,Gold,used,1,Luxury,Phnom Penh,Tier_1,store,0,0,2026-09-02 15:27:09,2026-09-02T09:52:41.895031+00:00,2026-09-02
13965861,75500.0,11.231901180182515,Lexus,RX450h,2020,6,,1,,1,SUV,Hybrid,Automatic,White,new,0,Luxury,Phnom Penh,Tier_1,store,1,0,2026-09-04 11:34:41,2026-09-04T07:22:10.261463+00:00,2026-09-04
13973227,17500.0,9.770013301136158,Lexus,RX300,2004,22,,1,,1,Sedan,Petrol,Automatic,Gold,used,1,Luxury,Phnom Penh,Tier_1,individual,0,0,2026-09-06 12:00:38,2026-09-06T07:12:33.427478+00:00,2026-09-06
13608242,13900.0,9.539716058977092,Lexus,GS,2006,20,,1,,1,Sedan,Petrol,Automatic,White,used,1,Luxury,Phnom Penh,Tier_1,individual,1,0,2026-06-04 20:33:14,2026-09-03T09:13:10.227623+00:00,2026-09-03
13611864,26900.0,10.199918739620157,Lexus,ES,2013,13,,1,,1,Sedan,Hybrid,Automatic,Grey,used,0,Luxury,Phnom Penh,Tier_1,store,0,0,2026-06-05 16:23:43,2026-09-02T09:53:39.502971+00:00,2026-09-02
13622376,310000.0,12.644330802262578,Lexus,LX700h,2026,0,,1,3500,0,SUV,Hybrid,Automatic,Silver,new,0,Luxury,Phnom Penh,Tier_1,store,0,0,2026-06-08 14:19:13,2026-09-06T07:14:02.879522+00:00,2026-09-06
13645783,18200.0,9.809231816610408,Lexus,RX400h,2006,20,,1,,1,SUV,Hybrid,Automatic,Gold,used,1,Luxury,Phnom Penh,Tier_1,store,0,0,2026-06-14 08:26:57,2026-09-06T07:12:53.635559+00:00,2026-09-06
13695755,14800.0,9.60245002503719,Lexus,CT,2013,13,,1,,1,Hatchback,Hybrid,Automatic,White,used,1,Luxury,Phnom Penh,Tier_1,individual,1,0,2026-06-26 08:37:24,2026-09-05T07:00:04.334265+00:00,2026-09-05
13763991,18700.0,9.83633227734872,Lexus,CT,2012,14,,1,,1,Hatchback,Hybrid,Automatic,Grey,used,0,Luxury,Phnom Penh,Tier_1,store,0,0,2026-07-13 13:57:22,2026-09-06T07:13:00.072083+00:00,2026-09-06
13778365,3650.0,8.202756381655638,Lexus,NX200t,2016,10,70000,0,,1,SUV,Petrol,Automatic,White,used,1,Luxury,Phnom Penh,Tier_1,individual,1,0,2026-07-17 09:08:27,2026-09-05T07:02:39.189482+00:00,2026-09-05
13839813,14000.0,9.546884034617925,Lexus,CT,2012,14,,1,,1,Hatchback,Hybrid,Automatic,Silver,used,1,Luxury,Phnom Penh,Tier_1,individual,1,0,2026-08-02 15:18:41,2026-09-02T09:53:32.283677+00:00,2026-09-02
13931263,31500.0,10.357774570341576,Lexus,NX200t,2015,11,,1,,1,SUV,Petrol,Automatic,White,used,1,Luxury,Phnom Penh,Tier_1,individual,1,0,2026-08-26 14:24:58,2026-09-05T07:01:13.670586+00:00,2026-09-05
13958428,31500.0,10.357774570341576,Lexus,NX200t,2017,9,,1,,1,SUV,Petrol,Automatic,White,used,1,Luxury,Phnom Penh,Tier_1,store,1,0,2026-09-02 14:50:30,2026-09-02T09:53:30.109477+00:00,2026-09-02
13966071,11200.0,9.32375833901174,Lexus,GS,2006,20,,1,,1,Sedan,Petrol,Automatic,White,used,1,Luxury,Phnom Penh,Tier_1,individual,0,0,2026-09-04 12:17:30,2026-09-04T07:19:51.419606+00:00,2026-09-04
13970155,17000.0,9.741027444837728,Lexus,CT,2011,15,,1,,1,Sedan,Hybrid,Automatic,White,used,1,Luxury,Phnom Penh,Tier_1,store,0,0,2026-09-05 13:22:47,2026-09-05T06:58:51.231090+00:00,2026-09-05
13973412,36000.0,10.491301994830229,Lexus,NX200t,2016,10,,1,,1,SUV,Petrol,Automatic,Black,used,0,Luxury,Phnom Penh,Tier_1,individual,1,0,2026-09-06 12:45:53,2026-09-06T07:11:28.699805+00:00,2026-09-06
13592075,10800.0,9.287394001418473,Lexus,LX570,1999,27,,1,,1,SUV,LPG,Automatic,Gold,used,1,Luxury,Phnom Penh,Tier_1,store,0,0,2026-06-01 10:13:48,2026-09-06T07:13:23.534443+00:00,2026-09-06
13957831,32222.0,10.380435762266156,Lexus,RX450h,2013,13,,1,,1,SUV,Petrol,Automatic,Black,used,0,Luxury,Phnom Penh,Tier_1,individual,0,0,2026-09-02 13:06:51,2026-09-02T09:55:51.897424+00:00,2026-09-02
13814403,49000.0,10.799595985047786,Lexus,LX570,2011,15,,1,,1,SUV,,Manual,White,used,1,Luxury,Phnom Penh,Tier_1,store,0,0,2026-07-27 07:30:00,2026-09-06T07:12:00.471942+00:00,2026-09-06
13893162,22500.0,10.021315031649332,Lexus,RX330,2005,21,,1,,1,SUV,,Automatic,White,used,1,Luxury,Phnom Penh,Tier_1,store,0,0,2026-08-16 14:49:08,2026-09-06T07:13:28.325665+00:00,2026-09-06
13918037,11350.0,9.337061124755339,Lexus,RX300,2002,24,,1,,1,SUV,Petrol,,Gold,used,1,Luxury,Phnom Penh,Tier_1,individual,0,0,2026-08-23 11:04:22,2026-09-04T07:18:20.655205+00:00,2026-09-04
13953923,34000.0,10.434145214930487,Lexus,RX450h,2013,13,,1,,1,SUV,Hybrid,,White,used,0,Luxury,Phnom Penh,Tier_1,individual,0,0,2026-09-01 14:04:57,2026-09-03T09:12:39.511278+00:00,2026-09-03
13356322,48000.0,10.778977123006351,Lexus,LX570,2011,15,,1,,1,SUV,,,Black,used,1,Luxury,Phnom Penh,Tier_1,store,0,0,2026-03-31 13:06:22,2026-09-06T07:13:23.461591+00:00,2026-09-06
13634812,10950.0,9.301186055275759,Lexus,RX300,2002,24,,1,,1,SUV,,,Grey,used,1,Luxury,Phnom Penh,Tier_1,individual,0,0,2026-06-11 11:47:02,2026-09-05T07:01:42.944164+00:00,2026-09-05
13953882,14950.0,9.612533466213927,Lexus,RX300,2004,22,,1,,1,SUV,Petrol,,Grey,used,1,Luxury,Phnom Penh,Tier_1,individual,0,0,2026-09-01 13:57:32,2026-09-03T09:12:42.840654+00:00,2026-09-03
13963479,45000.0,10.714439990727769,Lexus,LX570,2014,12,,1,,1,SUV,Petrol,,Gold,used,1,Luxury,Preah Sihanouk,Tier_2,individual,1,0,2026-09-03 17:17:19,2026-09-04T07:15:59.067649+00:00,2026-09-04
13966581,98000.0,11.49273296168228,Lexus,LX570,2020,6,,1,,1,SUV,Petrol,,White,used,1,Luxury,Phnom Penh,Tier_1,individual,0,0,2026-09-04 14:04:16,2026-09-04T07:16:32.365682+00:00,2026-09-04
13973395,30000.0,10.308985993422082,Lexus,NX200t,2016,10,,1,,1,SUV,Petrol,,White,used,1,Luxury,Phnom Penh,Tier_1,individual,0,1,2026-09-06 12:41:38,2026-09-06T07:11:37.616760+00:00,2026-09-06
13811253,57000.0,10.950824090522445,Geely,ផ្សេងៗ,2026,0,1500,0,,1,SUV,Hybrid,Automatic,Black,new,0,Chinese_EV,Phnom Penh,Tier_1,store,0,0,2026-07-25 23:19:16,2026-09-04T07:18:47.306382+00:00,2026-09-04
13856995,23500.0,10.064798252418377,iCar,ផ្សេងៗ,2025,1,,1,0,0,Pickup,Electric,,White,new,0,Chinese_EV,Phnom Penh,Tier_1,individual,0,0,2026-08-06 19:43:43,2026-09-03T09:12:27.246255+00:00,2026-09-03
13788687,42800.0,10.664316745782925,Isuzu,MU-X,2024,2,,1,3000,0,SUV,Diesel,Automatic,White,used,1,Mass_Market,Phnom Penh,Tier_1,individual,0,0,2026-07-20 08:38:29,2026-09-04T07:20:34.314554+00:00,2026-09-04
13603096,28500.0,10.25769445336048,Mercedes-Benz,C-Class,2015,11,,1,,1,Sedan,Petrol,Automatic,White,used,0,Luxury,Phnom Penh,Tier_1,store,0,0,2026-06-03 17:13:18,2026-09-02T09:53:56.058689+00:00,2026-09-02
13654873,47000.0,10.757924157061597,Mercedes-Benz,S-Class,2015,11,,1,,1,Sedan,Petrol,Automatic,Black,used,1,Luxury,Phnom Penh,Tier_1,store,0,0,2026-06-16 11:44:53,2026-09-04T07:20:04.636396+00:00,2026-09-04
13761140,85800.0,11.359785940419789,Mercedes-Benz,GLS-Class,2020,6,,1,,1,SUV,Petrol,Automatic,Black,used,1,Luxury,Phnom Penh,Tier_1,store,0,0,2026-07-12 16:36:11,2026-09-02T09:52:23.435985+00:00,2026-09-02
13772473,33888.0,10.43084575693648,Mercedes-Benz,C-Class,2015,11,,1,,1,Sedan,Petrol,Automatic,Grey,used,0,Luxury,Phnom Penh,Tier_1,store,0,0,2026-07-15 14:49:51,2026-09-02T09:54:40.928165+00:00,2026-09-02
13802067,33575.0,10.421566805013427,Mercedes-Benz,C-Class,2015,11,,1,,1,Sedan,Petrol,Automatic,White,used,1,Luxury,Phnom Penh,Tier_1,individual,0,0,2026-07-23 12:57:03,2026-09-04T07:19:55.886956+00:00,2026-09-04
13805979,79000.0,11.277215789596893,Mercedes-Benz,Maybach,2015,11,,1,4663,0,Sedan,Petrol,Automatic,Black,used,1,Luxury,Phnom Penh,Tier_1,individual,0,0,2026-07-24 13:36:42,2026-09-03T09:12:30.571345+00:00,2026-09-03
13812034,295000.0,12.59473402514672,Mercedes-Benz,Maybach,2021,5,,1,,1,Coupe,Petrol,Automatic,Black,used,0,Luxury,Phnom Penh,Tier_1,store,1,0,2026-07-26 10:47:03,2026-09-06T07:14:06.155485+00:00,2026-09-06
13920343,39500.0,10.584081267024454,Mercedes-Benz,S-Class,2015,11,,1,,1,Sedan,Hybrid,Automatic,Black,used,0,Luxury,Phnom Penh,Tier_1,store,0,0,2026-08-23 23:49:05,2026-09-02T09:53:09.847237+00:00,2026-09-02
13948205,32500.0,10.389026137075234,Mercedes-Benz,S-Class,2015,11,30000,0,3000,0,Sedan,Petrol,Automatic,White,used,1,Luxury,Phnom Penh,Tier_1,store,0,0,2026-08-31 08:06:20,2026-09-04T07:16:13.358875+00:00,2026-09-04
13962025,100000.0,11.51293546492023,Mercedes-Benz,GT AMG,2020,6,40000,0,,1,Sedan,Petrol,Automatic,Blue,used,1,Luxury,Phnom Penh,Tier_1,store,0,0,2026-09-03 12:59:57,2026-09-03T07:14:41.601522+00:00,2026-09-03
13323169,29000.0,10.275085591132715,Mercedes-Benz,C-Class,2016,10,,1,2000,0,SUV,Petrol,,White,used,1,Luxury,Phnom Penh,Tier_1,store,0,0,2026-03-22 19:29:01,2026-09-02T09:51:51.761420+00:00,2026-09-02
13652441,21900.0,9.994287576862567,Porsche,Cayenne,2013,13,,1,,1,SUV,Diesel,Automatic,White,used,1,Luxury,Phnom Penh,Tier_1,store,0,0,2026-06-15 18:13:31,2026-09-05T07:02:57.654458+00:00,2026-09-05
13947704,28500.0,10.25769445336048,Porsche,Panamera,2011,15,,1,,1,Sedan,Petrol,Automatic,White,used,1,Luxury,Phnom Penh,Tier_1,store,0,0,2026-08-30 23:18:04,2026-09-02T09:53:09.611552+00:00,2026-09-02
13915044,13500.0,9.510519035757246,Porsche,Taycan,2011,15,,1,,1,,Petrol,Automatic,White,used,1,Luxury,Phnom Penh,Tier_1,individual,0,0,2026-08-22 13:03:39,2026-09-05T07:00:58.522737+00:00,2026-09-05
13393525,18000.0,9.798182590890704,Porsche,Cayenne,2013,13,,1,,1,,Diesel,,White,used,1,Luxury,Phnom Penh,Tier_1,store,0,0,2026-04-09 16:33:40,2026-09-02T09:51:41.135464+00:00,2026-09-02
13822382,39500.0,10.584081267024454,Jeep,Rubicon,2018,8,,1,,1,SUV,Petrol,Automatic,White,used,0,Mass_Market,Phnom Penh,Tier_1,store,0,0,2026-07-28 20:04:37,2026-09-03T07:13:23.656326+00:00,2026-09-03
13970159,19000.0,9.852246888342531,SsangYong,Rexton,2019,7,,1,,1,Pickup,Diesel,Automatic,Black,used,0,Other,Phnom Penh,Tier_1,store,0,0,2026-09-05 13:23:58,2026-09-05T06:58:50.210919+00:00,2026-09-05
13950053,18800.0,9.841665338892785,SsangYong,Rexton,2018,8,,1,,1,,Diesel,Automatic,Grey,used,0,Other,Phnom Penh,Tier_1,individual,0,0,2026-08-31 13:44:28,2026-09-03T09:13:54.162576+00:00,2026-09-03
13667351,8300.0,9.024131268455035,SsangYong,ផ្សេងៗ,2001,25,,1,,1,,Diesel,Manual,White,used,1,Other,Phnom Penh,Tier_1,store,0,0,2026-06-19 11:35:28,2026-09-02T09:54:10.170959+00:00,2026-09-02
13901390,138800.0,11.840796531639839,Zeekr,ZEEKR X,2026,0,,1,0,0,SUV,Hybrid,Automatic,Black,new,0,Chinese_EV,Phnom Penh,Tier_1,individual,0,0,2026-08-18 15:41:36,2026-09-03T09:12:50.104803+00:00,2026-09-03
13421485,20900.0,9.94755228369823,Kia,Carnival,2015,11,150000,0,,1,SUV,Diesel,Automatic,White,used,0,Mass_Market,Phnom Penh,Tier_1,store,0,0,2026-04-21 10:18:43,2026-09-05T07:04:18.857293+00:00,2026-09-05
13871808,14555.0,9.585758558732051,Kia,Carnival,2015,11,,1,,1,MPV,Diesel,Automatic,Black,used,1,Mass_Market,Phnom Penh,Tier_1,individual,0,0,2026-08-10 20:52:29,2026-09-03T07:13:02.581714+00:00,2026-09-03
13875738,13800.0,9.53249633228804,Kia,Morning,2026,0,3000,0,,1,Hatchback,Petrol,Automatic,White,used,1,Mass_Market,Phnom Penh,Tier_1,store,0,0,2026-08-11 20:22:53,2026-09-02T09:53:01.528484+00:00,2026-09-02
13908804,10750.0,9.282754052485227,Kia,Morning,2017,9,,1,,1,Sedan,Petrol,Automatic,White,used,1,Mass_Market,Phnom Penh,Tier_1,individual,0,0,2026-08-20 15:55:06,2026-09-05T07:04:03.417810+00:00,2026-09-05
13953598,3600.0,8.188966863648876,Kia,Morning,2005,21,,1,,1,Sedan,Petrol,Automatic,Silver,used,1,Mass_Market,Phnom Penh,Tier_1,individual,1,0,2026-09-01 12:56:33,2026-09-03T07:13:34.473984+00:00,2026-09-03
13973466,17500.0,9.770013301136158,Kia,Carnival,2015,11,,1,,1,SUV,Diesel,Automatic,Grey,used,0,Mass_Market,Phnom Penh,Tier_1,store,0,0,2026-09-06 12:58:27,2026-09-06T07:10:57.195643+00:00,2026-09-06
13709510,8500.0,9.04793908261736,Kia,Ray,2013,13,,1,,1,Sedan,Petrol,Automatic,White,used,1,Mass_Market,Siem Reap,Tier_2,store,0,0,2026-06-29 16:45:29,2026-09-03T07:14:33.987867+00:00,2026-09-03
13947976,11500.0,9.350189267092581,Kia,Picanto,2022,4,,1,,1,Hatchback,Petrol,Automatic,Grey,used,1,Mass_Market,Phnom Penh,Tier_1,individual,0,0,2026-08-31 06:30:00,2026-09-02T09:54:08.303524+00:00,2026-09-02
13918301,16500.0,9.711176264112805,Kia,Carnival,2017,9,,1,,1,MPV,Petrol,,White,used,1,Mass_Market,Phnom Penh,Tier_1,store,1,0,2026-08-23 12:07:47,2026-09-03T07:16:54.967469+00:00,2026-09-03
13973288,8880.0,9.091669442258505,Kia,Morning,2014,12,,1,,1,Sedan,Petrol,Automatic,Grey,used,1,Mass_Market,Phnom Penh,Tier_1,store,1,0,2026-09-06 12:13:30,2026-09-06T07:12:05.949792+00:00,2026-09-06
13904109,8800.0,9.082620630373812,Kia,Morning,2015,11,,1,,1,Sedan,Petrol,Automatic,,used,0,Mass_Market,Phnom Penh,Tier_1,store,0,0,2026-08-19 11:32:15,2026-09-06T07:12:19.569396+00:00,2026-09-06
13928763,8250.0,9.018089684104343,Kia,Morning,2012,14,,1,,1,Sedan,,Automatic,,used,0,Mass_Market,Phnom Penh,Tier_1,individual,1,0,2026-08-25 22:19:53,2026-09-04T07:19:12.255281+00:00,2026-09-04
13879578,36500.0,10.505094936455558,Kia,Carnival,2022,4,,1,,1,MPV,,,White,used,1,Mass_Market,Phnom Penh,Tier_1,individual,0,0,2026-08-12 19:41:37,2026-09-06T07:10:57.087922+00:00,2026-09-06
13950302,8900.0,9.093918908958932,Kia,Ray,2012,14,,1,,1,,Petrol,Automatic,Silver,used,0,Mass_Market,Phnom Penh,Tier_1,individual,1,0,2026-08-31 14:38:55,2026-09-03T09:13:52.295776+00:00,2026-09-03
13428895,2222.0,7.706612913964197,Kia,Visto,2001,25,,1,,1,,,Automatic,White,used,1,Mass_Market,Phnom Penh,Tier_1,store,0,0,2026-04-22 19:38:17,2026-09-04T07:17:00.263315+00:00,2026-09-04
13339059,8600.0,9.059633754551479,Kia,Ray,2013,13,,1,,1,SUV,Petrol,,White,used,1,Mass_Market,Phnom Penh,Tier_1,individual,0,0,2026-03-26 15:33:32,2026-09-02T09:54:04.766211+00:00,2026-09-02
13836559,16500.0,9.711176264112805,Tesla,Model 3,2018,8,,1,0,0,Sedan,Electric,Automatic,Blue,used,1,Other,Phnom Penh,Tier_1,store,0,0,2026-08-01 15:28:18,2026-09-02T09:52:52.670221+00:00,2026-09-02
13940634,21900.0,9.994287576862567,Tesla,Model Y,2021,5,,1,0,0,SUV,Electric,Automatic,White,used,0,Other,Phnom Penh,Tier_1,store,0,0,2026-08-28 21:57:22,2026-09-05T07:03:07.074033+00:00,2026-09-05
13957865,12900.0,9.465060106725137,Tesla,Model 3,2018,8,,1,0,0,Sedan,Electric,Automatic,Black,used,0,Other,Phnom Penh,Tier_1,store,0,0,2026-09-02 13:13:30,2026-09-02T09:55:44.343033+00:00,2026-09-02
13936925,26700.0,10.192456296870509,BYD,Seal,2024,2,,1,0,0,SUV,Hybrid,Automatic,White,used,1,Chinese_EV,Phnom Penh,Tier_1,store,0,0,2026-08-27 21:59:00,2026-09-02T09:53:08.799625+00:00,2026-09-02
13810284,27000.0,10.203629181337648,BYD,ផ្សេងៗ,2025,1,,1,0,0,SUV,Electric,Automatic,White,used,0,Chinese_EV,Phnom Penh,Tier_1,store,0,0,2026-07-25 16:06:26,2026-09-02T09:52:03.527329+00:00,2026-09-02
13446589,4350.0,8.37816098272068,Honda,CR-V,1997,29,,1,,1,MPV,Petrol,Automatic,Black,used,1,Mass_Market,Phnom Penh,Tier_1,individual,0,0,2026-04-27 08:07:51,2026-09-03T09:13:51.456152+00:00,2026-09-03
13655571,19800.0,9.893487720457795,Honda,Civic,2017,9,,1,,1,Sedan,Petrol,Automatic,White,used,1,Mass_Market,Phnom Penh,Tier_1,store,0,0,2026-06-16 14:20:20,2026-09-05T06:57:44.610430+00:00,2026-09-05
13928809,8300.0,9.024131268455035,Honda,City,2010,16,,1,,1,Sedan,Petrol,Automatic,Red,used,0,Mass_Market,Kampong Speu,Tier_3,individual,0,0,2026-08-25 22:51:16,2026-09-05T06:59:30.358202+00:00,2026-09-05
13870321,26800.0,10.196194479235656,Mitsubishi,Triton,2020,6,,1,,1,Pickup,Diesel,Automatic,White,used,1,Mass_Market,Phnom Penh,Tier_1,individual,1,0,2026-08-10 13:42:30,2026-09-06T07:09:25.408848+00:00,2026-09-06
13961897,24500.0,10.106469212026385,Mitsubishi,Triton,2018,8,,1,,1,Pickup,Diesel,,White,used,1,Mass_Market,Phnom Penh,Tier_1,individual,0,0,2026-09-03 12:30:05,2026-09-03T07:15:38.821957+00:00,2026-09-03
13949307,23900.0,10.081675578048475,Mitsubishi,Xpander,2023,3,,1,1500,0,,,,White,used,1,Mass_Market,Phnom Penh,Tier_1,store,0,0,2026-08-31 11:06:42,2026-09-06T07:11:48.045919+00:00,2026-09-06
13734623,17800.0,9.787009914477434,WULING,ផ្សេងៗ,2026,0,200000,0,0,0,SUV,Electric,Automatic,,new,0,Other,Phnom Penh,Tier_1,individual,0,0,2026-07-06 10:41:23,2026-09-02T09:53:09.658695+00:00,2026-09-02
13486680,20500.0,9.928228944424575,Toyota,Land Cruiser,2003,23,,1,,1,SUV,Diesel,Automatic,Blue,used,1,Mass_Market,Phnom Penh,Tier_1,store,0,0,2026-05-07 10:22:06,2026-09-05T07:04:11.871548+00:00,2026-09-05
13881046,7450.0,8.916103530553727,Toyota,RAV4,2001,25,,1,,1,SUV,Petrol,Automatic,Gold,used,1,Mass_Market,Banteay Meanchey,Tier_3,individual,0,0,2026-08-13 09:47:32,2026-09-02T09:55:16.801164+00:00,2026-09-02
13896365,8600.0,9.059633754551479,Toyota,Prius,2006,20,,1,,1,Hatchback,Petrol,Manual,Blue,used,1,Mass_Market,Kandal,Tier_2,individual,1,0,2026-08-17 12:04:33,2026-09-02T09:51:24.820646+00:00,2026-09-02
13902592,16600.0,9.717218213494077,Toyota,Prius,2012,14,,1,,1,Hatchback,Petrol,Automatic,Grey,used,0,Mass_Market,Phnom Penh,Tier_1,store,0,0,2026-08-18 22:40:22,2026-09-02T09:53:58.531621+00:00,2026-09-02
13940240,11900.0,9.38437770918244,Toyota,Tacoma,2003,23,,1,,1,Pickup,Petrol,Automatic,White,used,1,Mass_Market,Phnom Penh,Tier_1,individual,0,0,2026-08-28 19:00:42,2026-09-03T09:12:35.502780+00:00,2026-09-03
13953753,14200.0,9.561067663645012,Toyota,Prius,2008,18,,1,,1,Hatchback,Hybrid,Automatic,Grey,used,0,Mass_Market,Phnom Penh,Tier_1,individual,0,0,2026-09-01 13:27:36,2026-09-03T09:12:56.818899+00:00,2026-09-03
13954103,6000.0,8.699681400989514,Toyota,Prius,2024,2,,1,,1,Hatchback,Hybrid,Automatic,White,used,1,Mass_Market,Phnom Penh,Tier_1,individual,0,0,2026-09-01 14:34:27,2026-09-03T09:12:30.815942+00:00,2026-09-03
13962153,18200.0,9.809231816610408,Toyota,Prius,2013,13,209214,0,0,0,Hatchback,Electric,Automatic,Grey,used,0,Mass_Market,Phnom Penh,Tier_1,store,0,0,2026-09-03 13:22:14,2026-09-03T07:13:50.028513+00:00,2026-09-03
13966328,12800.0,9.45727857185611,Toyota,Prius,2009,17,209214,0,,1,Hatchback,Hybrid,Automatic,Gold,used,0,Mass_Market,Phnom Penh,Tier_1,store,0,0,2026-09-04 13:19:53,2026-09-04T07:17:46.325869+00:00,2026-09-04
13969867,23000.0,10.043292972227004,Toyota,Tacoma,2013,13,,1,,1,Pickup,Hybrid,Automatic,White,used,0,Mass_Market,Phnom Penh,Tier_1,store,0,1,2026-09-05 12:17:34,2026-09-05T07:01:14.545111+00:00,2026-09-05
13913661,9200.0,9.127067452782361,Toyota,Camry,2002,24,,1,,1,Sedan,,Automatic,Gold,used,1,Mass_Market,Mondulkiri,Tier_3,individual,0,0,2026-08-22 07:51:05,2026-09-05T06:58:25.956631+00:00,2026-09-05
13936349,25500.0,10.146472946063877,Toyota,Prius,2019,7,,1,,1,Hatchback,,Automatic,Silver,used,0,Mass_Market,Phnom Penh,Tier_1,store,0,1,2026-08-27 17:28:57,2026-09-02T09:55:16.078143+00:00,2026-09-02
13771405,3500.0,8.160803920954665,Toyota,Prius,2007,19,,1,,1,Hatchback,Petrol,Automatic,,used,1,Mass_Market,Phnom Penh,Tier_1,individual,0,0,2026-07-15 10:58:42,2026-09-06T07:11:35.179692+00:00,2026-09-06
13587840,10800.0,9.287394001418473,Toyota,Vitz,2015,11,,1,,1,,,,,used,0,Mass_Market,Phnom Penh,Tier_1,store,0,0,2026-05-30 23:25:10,2026-09-06T07:13:58.313878+00:00,2026-09-06
13969890,15500.0,9.648659816955295,Toyota,Land Cruiser Prado,2008,18,,1,,1,SUV,Petrol,Automatic,Gold,used,1,Mass_Market,Phnom Penh,Tier_1,individual,0,1,2026-09-05 12:21:50,2026-09-05T07:01:05.905256+00:00,2026-09-05
13638032,14000.0,9.546884034617925,Toyota,Highlander,2002,24,,1,,1,SUV,,Automatic,Gold,used,1,Mass_Market,Phnom Penh,Tier_1,store,1,0,2026-06-12 09:11:13,2026-09-02T09:54:15.969833+00:00,2026-09-02
13942558,14500.0,9.581972891547895,Toyota,Prius,2012,14,,1,,1,Sedan,,Automatic,Grey,used,1,Mass_Market,Phnom Penh,Tier_1,store,0,0,2026-08-29 12:40:50,2026-09-06T07:11:40.143058+00:00,2026-09-06
13957942,9700.0,9.179984251961283,Toyota,Camry,2003,23,,1,,1,Coupe,,Automatic,White,used,1,Mass_Market,Phnom Penh,Tier_1,individual,0,0,2026-09-02 13:33:53,2026-09-02T09:55:06.119995+00:00,2026-09-02
13965408,16800.0,9.729193687429403,Toyota,Prius,2010,16,,1,,1,Sedan,,Automatic,White,used,1,Mass_Market,Phnom Penh,Tier_1,store,0,0,2026-09-04 10:30:47,2026-09-06T07:13:31.704629+00:00,2026-09-06
13945378,13500.0,9.510519035757246,Toyota,Tacoma,2006,20,,1,,1,Pickup,LPG,,Blue,used,1,Mass_Market,Kampong Thom,Tier_3,individual,0,0,2026-08-30 10:25:32,2026-09-03T09:12:38.342807+00:00,2026-09-03
13693920,11500.0,9.350189267092581,Toyota,Camry,2003,23,,1,,1,Sedan,,,Silver,used,1,Mass_Market,Phnom Penh,Tier_1,store,0,0,2026-06-25 15:53:08,2026-09-03T07:18:13.866306+00:00,2026-09-03
13932813,7500.0,8.922791623969637,Toyota,RAV4,2001,25,,1,,1,SUV,,,Silver,used,1,Mass_Market,Phnom Penh,Tier_1,store,0,1,2026-08-26 20:39:13,2026-09-02T09:55:40.050115+00:00,2026-09-02
13970216,11800.0,9.375939552625749,Toyota,Camry,2009,17,,1,,1,Sedan,,,Green,used,0,Mass_Market,Phnom Penh,Tier_1,store,0,1,2026-09-05 13:36:00,2026-09-05T06:58:24.451705+00:00,2026-09-05
13287245,33800.0,10.428245666832275,Ford,Ranger Wildtrak,2019,7,,1,3200,0,Pickup,Diesel,Automatic,White,used,1,Mass_Market,Phnom Penh,Tier_1,store,0,0,2026-03-14 09:56:01,2026-09-03T07:17:58.177309+00:00,2026-09-03
13722064,55555.0,10.92514680003611,Ford,Ranger Raptor,2023,3,,1,,1,Pickup,Petrol,Automatic,Grey,used,1,Mass_Market,Phnom Penh,Tier_1,store,0,0,2026-07-02 19:27:50,2026-09-02T09:53:18.134261+00:00,2026-09-02
13730832,42500.0,10.657282884047461,Ford,Ranger Wildtrak,2023,3,,1,,1,Pickup,Diesel,Automatic,Black,used,1,Mass_Market,Phnom Penh,Tier_1,store,0,0,2026-07-05 09:31:43,2026-09-06T07:12:00.823600+00:00,2026-09-06
13773379,34300.0,10.442929787247998,Ford,Ranger Wildtrak,2020,6,,1,,1,Pickup,Diesel,Automatic,White,used,1,Mass_Market,Phnom Penh,Tier_1,individual,0,0,2026-07-15 17:56:59,2026-09-04T07:20:10.724388+00:00,2026-09-04
13775482,30500.0,10.32551474894327,Ford,Ranger Wildtrak,2020,6,,1,,1,Pickup,Diesel,Automatic,Orange,used,1,Mass_Market,Phnom Penh,Tier_1,store,0,0,2026-07-16 11:25:12,2026-09-02T09:53:54.883636+00:00,2026-09-02
13779360,35000.0,10.463131911491967,Ford,Ranger,2024,2,,1,,1,Pickup,Diesel,Automatic,Grey,used,1,Mass_Market,Phnom Penh,Tier_1,store,0,0,2026-07-17 11:49:34,2026-09-03T07:12:55.061779+00:00,2026-09-03
13807309,41500.0,10.633472802314019,Ford,Ranger Wildtrak,2023,3,,1,,1,Pickup,Diesel,Automatic,Black,used,1,Mass_Market,Phnom Penh,Tier_1,store,0,0,2026-07-24 19:22:34,2026-09-02T09:56:02.348885+00:00,2026-09-02
13920817,52800.0,10.874285408908944,Ford,Everest,2023,3,,1,,1,SUV,Diesel,Automatic,Silver,used,1,Mass_Market,Phnom Penh,Tier_1,store,0,0,2026-08-24 08:45:28,2026-09-06T07:13:57.762308+00:00,2026-09-06
13937379,41500.0,10.633472802314019,Ford,Ranger Wildtrak,2023,3,,1,,1,Pickup,Diesel,Automatic,Black,used,1,Mass_Market,Phnom Penh,Tier_1,store,0,0,2026-08-28 08:35:30,2026-09-02T09:56:01.782661+00:00,2026-09-02
13947096,33500.0,10.419330568113901,Ford,Ranger,2023,3,,1,,1,Pickup,Diesel,Automatic,White,used,1,Mass_Market,Kampong Cham,Tier_2,individual,0,0,2026-08-30 18:09:50,2026-09-03T09:12:37.148897+00:00,2026-09-03
13952371,38999.0,10.571316925111784,Ford,Ranger Wildtrak,2021,5,30000,0,,1,Pickup,Diesel,Automatic,White,used,1,Mass_Market,Phnom Penh,Tier_1,store,0,0,2026-09-01 09:46:51,2026-09-02T09:54:04.482981+00:00,2026-09-02
13953421,31800.0,10.367253014814716,Ford,Ranger Wildtrak,2019,7,,1,,1,Pickup,Diesel,Automatic,White,used,1,Mass_Market,Phnom Penh,Tier_1,individual,0,0,2026-09-01 12:32:39,2026-09-03T09:13:34.752318+00:00,2026-09-03
13338112,18900.0,9.846970109700957,Ford,Kuga,2014,12,30000,0,,1,SUV,Petrol,Automatic,White,used,1,Mass_Market,Phnom Penh,Tier_1,store,1,0,2026-03-26 13:00:25,2026-09-06T07:14:08.434033+00:00,2026-09-06
13460653,55000.0,10.915106645867503,Ford,Ranger Raptor,2018,8,,1,,1,Pickup,Petrol,Automatic,White,used,0,Mass_Market,Phnom Penh,Tier_1,store,0,0,2026-04-30 11:47:54,2026-09-03T07:13:23.945173+00:00,2026-09-03
13892431,15500.0,9.648659816955295,Ford,Ecosport,2020,6,,1,,1,SUV,Petrol,Automatic,White,used,1,Mass_Market,Phnom Penh,Tier_1,store,0,0,2026-08-16 11:44:52,2026-09-03T07:15:20.987575+00:00,2026-09-03
13344949,38200.0,10.5506169722625,Ford,Ranger Wildtrak,2020,6,,1,,1,Pickup,Diesel,,White,used,1,Mass_Market,Phnom Penh,Tier_1,store,0,0,2026-03-28 10:14:50,2026-09-03T07:18:33.067312+00:00,2026-09-03
13869846,38900.0,10.568775236216993,Ford,Ranger,2026,0,,1,,1,Pickup,Diesel,,White,new,0,Mass_Market,Phnom Penh,Tier_1,store,0,0,2026-08-10 11:57:48,2026-09-06T07:09:41.603646+00:00,2026-09-06
13967064,28500.0,10.25769445336048,Ford,Ranger Wildtrak,2017,9,120000,0,,1,Pickup,Diesel,,Silver,used,1,Mass_Market,Phnom Penh,Tier_1,store,0,0,2026-09-04 15:33:44,2026-09-05T07:00:33.510032+00:00,2026-09-05
13934180,29500.0,10.292179440058462,Ford,Ranger,2019,7,,1,,1,Pickup,Diesel,Automatic,White,used,1,Mass_Market,Phnom Penh,Tier_1,individual,0,0,2026-08-27 10:21:29,2026-09-03T09:12:48.247977+00:00,2026-09-03
13819740,30000.0,10.308985993422082,Ford,Everest,2016,10,,1,,1,SUV,Diesel,,White,used,1,Mass_Market,Siem Reap,Tier_2,store,0,0,2026-07-28 10:01:56,2026-09-06T07:11:07.143077+00:00,2026-09-06
13966157,29900.0,10.305647203635566,Ford,Territory,2023,3,,1,,1,SUV,,,White,used,1,Mass_Market,Phnom Penh,Tier_1,individual,0,0,2026-09-04 12:37:57,2026-09-04T07:18:57.292243+00:00,2026-09-04
13872828,12000.0,9.392745258631441,BMW,7 Series,2013,13,,1,,1,Sedan,Hybrid,Automatic,White,used,1,Luxury,Phnom Penh,Tier_1,individual,0,0,2026-08-11 09:08:27,2026-09-05T07:03:21.620581+00:00,2026-09-05
13816189,62900.0,11.049317340813348,BMW,4 Series,2021,5,,1,,1,Sedan,Petrol,Automatic,Black,new,0,Luxury,Phnom Penh,Tier_1,individual,0,0,2026-07-27 13:07:15,2026-09-03T07:15:01.591575+00:00,2026-09-03
13952564,35800.0,10.485731104959568,BMW,IX,2024,2,,1,0,0,Sedan,Electric,Automatic,White,used,0,Luxury,Phnom Penh,Tier_1,store,0,0,2026-09-01 10:19:36,2026-09-06T07:12:45.607472+00:00,2026-09-06
13369470,37500.0,10.53212287826962,Land Rover,Range Rover Vogue,2014,12,95434,0,,1,SUV,Petrol,Automatic,White,used,0,Luxury,Phnom Penh,Tier_1,individual,0,0,2026-04-03 14:06:00,2026-09-03T09:13:23.855071+00:00,2026-09-03
13487519,39500.0,10.584081267024454,Land Rover,Range Rover Vogue,2016,10,,1,,1,SUV,Diesel,Automatic,White,used,1,Luxury,Phnom Penh,Tier_1,store,1,0,2026-05-07 12:25:54,2026-09-06T07:12:53.225021+00:00,2026-09-06
13528123,128000.0,11.759793355371237,Land Rover,Defender,2023,3,,1,,1,SUV,Petrol,Automatic,Black,new,0,Luxury,Phnom Penh,Tier_1,store,0,0,2026-05-17 12:13:35,2026-09-06T07:12:41.801472+00:00,2026-09-06
13772120,34900.0,10.460270761075149,Land Rover,Range Rover Vogue,2015,11,,1,,1,SUV,Petrol,Automatic,White,used,1,Luxury,Phnom Penh,Tier_1,store,0,0,2026-07-15 13:38:09,2026-09-06T07:09:57.858847+00:00,2026-09-06
13577449,126000.0,11.744045122410057,Land Rover,Defender,2023,3,,1,,1,SUV,Diesel,,Black,used,1,Luxury,Phnom Penh,Tier_1,store,0,0,2026-05-28 13:19:50,2026-09-02T09:54:02.848120+00:00,2026-09-02
13973634,14800.0,9.60245002503719,ផ្សេងៗ,,2002,24,,1,,1,,Diesel,Manual,White,used,1,Other,Phnom Penh,Tier_1,store,0,0,2026-09-06 13:25:44,2026-09-06T07:10:24.679502+00:00,2026-09-06
13817753,37500.0,10.53212287826962,AVATR,AVATR 07,2026,0,650,0,0,0,SUV,Electric,Automatic,Black,new,0,Chinese_EV,Phnom Penh,Tier_1,store,1,0,2026-07-27 19:03:08,2026-09-04T07:16:21.402645+00:00,2026-09-04
13732284,49600.0,10.811766273800105,AVATR,AVATR 12,2025,1,90000,0,0,0,Sedan,Electric,Automatic,Black,used,0,Chinese_EV,Phnom Penh,Tier_1,store,0,0,2026-07-05 15:48:23,2026-09-02T09:52:05.133660+00:00,2026-09-02
13497378,44000.0,10.691967639914864,AVATR,AVATR 11,2025,1,,1,0,0,SUV,Electric,Automatic,White,new,0,Chinese_EV,Phnom Penh,Tier_1,store,0,0,2026-05-09 17:37:50,2026-09-06T07:09:39.639884+00:00,2026-09-06
13794156,255000.0,12.449022745701502,Cadillac,Escalade ESV,2026,0,,1,,1,SUV,Petrol,Automatic,Black,new,0,Luxury,Phnom Penh,Tier_1,store,0,0,2026-07-21 12:22:47,2026-09-05T07:01:05.207999+00:00,2026-09-05
13961421,96000.0,11.472113887062386,Cadillac,Escalade ESV,2021,5,,1,,1,Station Wagon,Petrol,Automatic,Black,used,1,Luxury,Phnom Penh,Tier_1,store,0,0,2026-09-03 11:04:30,2026-09-06T07:12:14.769617+00:00,2026-09-06
13744665,25800.0,10.158168529848494,FORTHING,T5 EVO,2025,1,,1,,1,SUV,Petrol,Automatic,Black,new,0,Other,Phnom Penh,Tier_1,individual,0,0,2026-07-08 15:14:44,2026-09-06T07:10:33.340862+00:00,2026-09-06
13960931,25000.0,10.12667110305036,Mazda,EZ-6,2025,1,10000,0,0,0,Sedan,Electric,Automatic,Grey,used,1,Mass_Market,Phnom Penh,Tier_1,individual,1,0,2026-09-03 09:28:52,2026-09-04T07:18:19.789132+00:00,2026-09-04
13966076,15500.0,9.648659816955295,Mazda,Cx-3,2015,11,,1,,1,,Petrol,Automatic,Red,used,1,Mass_Market,Phnom Penh,Tier_1,store,1,0,2026-09-04 12:18:35,2026-09-04T07:19:51.182432+00:00,2026-09-04
13896532,24890.0,10.122261571332395,Mazda,BT50 Pro,2016,10,,1,,1,,,Automatic,Silver,used,1,Mass_Market,Phnom Penh,Tier_1,store,0,0,2026-08-17 12:36:00,2026-09-02T09:55:35.714818+00:00,2026-09-02
13655794,32900.0,10.401258331428318,Mazda,EZ-60,2025,1,7000,0,0,0,SUV,Electric,Automatic,,used,1,Mass_Market,Phnom Penh,Tier_1,store,0,0,2026-06-16 15:03:20,2026-09-02T09:53:17.620468+00:00,2026-09-02
13768223,18900.0,9.846970109700957,Mazda,Mazda 3,2019,7,,1,,1,Sedan,Petrol,Automatic,White,used,1,Mass_Market,Phnom Penh,Tier_1,store,0,0,2026-07-14 13:10:06,2026-09-06T07:10:46.587065+00:00,2026-09-06
13970128,28988.0,10.274671726667417,Mazda,BT-50,2019,7,40000,0,3200,0,Pickup,Diesel,Automatic,White,used,1,Mass_Market,Phnom Penh,Tier_1,store,0,0,2026-09-05 13:17:13,2026-09-05T06:59:21.660029+00:00,2026-09-05
13973144,32800.0,10.39821428171237,Mazda,BT-50,2022,4,50000,0,,1,Pickup,Diesel,Automatic,White,used,1,Mass_Market,Phnom Penh,Tier_1,store,0,0,2026-09-06 11:45:21,2026-09-06T07:13:25.015720+00:00,2026-09-06
13648956,25900.0,10.16203685698089,Mazda,BT50 Pro,2015,11,,1,3200,0,Pickup,Diesel,Automatic,White,used,1,Mass_Market,Phnom Penh,Tier_1,store,0,0,2026-06-15 06:25:17,2026-09-02T09:52:37.927421+00:00,2026-09-02
13821138,11500.0,9.350189267092581,Nissan,NV350,2014,12,,1,,1,MPV,Diesel,Manual,White,used,1,Mass_Market,Phnom Penh,Tier_1,store,0,1,2026-07-28 14:29:15,2026-09-06T07:10:55.080348+00:00,2026-09-06
13849120,11500.0,9.350189267092581,Nissan,NV350,2014,12,,1,,1,MPV,Diesel,Manual,White,used,1,Mass_Market,Phnom Penh,Tier_1,store,0,1,2026-08-04 21:35:53,2026-09-06T07:11:41.662703+00:00,2026-09-06
13874272,36000.0,10.491301994830229,Nissan,NX,2026,0,,1,0,0,SUV,Electric,Automatic,Black,new,0,Mass_Market,Phnom Penh,Tier_1,store,0,0,2026-08-11 13:54:50,2026-09-05T07:03:10.616444+00:00,2026-09-05
13915832,8500.0,9.04793908261736,Nissan,Frontier,2005,21,,1,,1,Pickup,LPG,Automatic,Black,used,1,Mass_Market,Phnom Penh,Tier_1,store,0,0,2026-08-22 16:12:45,2026-09-04T07:18:56.477824+00:00,2026-09-04
13957999,9300.0,9.137877200242468,Nissan,Frontier,2005,21,,1,,1,Pickup,Petrol,Automatic,White,used,1,Mass_Market,Phnom Penh,Tier_1,individual,0,0,2026-09-02 13:47:16,2026-09-02T09:54:48.954288+00:00,2026-09-02
13662920,39800.0,10.591647316585027,Nissan,ផ្សេងៗ,2026,0,150000,0,0,0,SUV,Electric,Automatic,White,new,0,Mass_Market,Phnom Penh,Tier_1,store,0,0,2026-06-18 10:33:40,2026-09-06T07:13:04.998826+00:00,2026-09-06
13466636,33000.0,10.404293143019792,Volkswagen,Caravelle,2018,8,,1,,1,,,,White,used,1,Mass_Market,Phnom Penh,Tier_1,store,0,0,2026-05-02 00:23:07,2026-09-06T07:13:23.637747+00:00,2026-09-06
13266968,18000.0,9.798182590890704,Toyota,Prius,2014,12,,1,,1,Hatchback,Hybrid,Automatic,Green,used,0,Mass_Market,Phnom Penh,Tier_1,store,0,0,2026-03-09 11:15:34,2026-09-02T09:51:53.444845+00:00,2026-09-02
13328980,48000.0,10.778977123006351,Toyota,Alphard,2019,7,,1,,1,MPV,Petrol,Automatic,Black,used,1,Mass_Market,Phnom Penh,Tier_1,individual,0,0,2026-03-24 10:41:45,2026-09-04T07:18:46.602461+00:00,2026-09-04
13379377,10800.0,9.287394001418473,Toyota,Vitz,2012,14,,1,,1,Sedan,Petrol,Automatic,White,used,0,Mass_Market,Siem Reap,Tier_2,store,0,0,2026-04-06 10:06:26,2026-09-03T07:14:33.301307+00:00,2026-09-03
13392954,8900.0,9.093918908958932,Toyota,Prius,2006,20,,1,,1,Hatchback,Hybrid,Automatic,Red,used,1,Mass_Market,Phnom Penh,Tier_1,store,0,0,2026-04-09 14:19:04,2026-09-02T09:51:35.384548+00:00,2026-09-02
13514559,62500.0,11.042937835596494,Toyota,Land Cruiser,2016,10,,1,,1,SUV,Diesel,Automatic,White,used,1,Mass_Market,Phnom Penh,Tier_1,store,1,0,2026-05-13 21:25:08,2026-09-06T07:12:13.732785+00:00,2026-09-06
13606491,27500.0,10.221977646629885,Toyota,Prius,2016,10,,1,,1,Hatchback,Hybrid,Automatic,Green,used,0,Mass_Market,Phnom Penh,Tier_1,store,1,0,2026-06-04 13:08:48,2026-09-04T07:17:21.905386+00:00,2026-09-04
13630582,13700.0,9.525224101853109,Toyota,Prius,2008,18,,1,,1,Coupe,Hybrid,Automatic,White,used,0,Mass_Market,Phnom Penh,Tier_1,store,1,0,2026-06-10 12:57:19,2026-09-02T09:53:20.211913+00:00,2026-09-02
13658341,19200.0,9.862717639992917,Toyota,Highlander,2005,21,,1,,1,SUV,Petrol,Automatic,White,used,1,Mass_Market,Phnom Penh,Tier_1,store,0,0,2026-06-17 10:13:21,2026-09-06T07:12:48.499616+00:00,2026-09-06
13664648,6800.0,8.824824939175638,Toyota,Prius,2004,22,,1,,1,Hatchback,Petrol,Automatic,Red,used,1,Mass_Market,Kampong Chhnang,Tier_3,individual,1,1,2026-06-18 16:36:11,2026-09-05T07:01:23.303674+00:00,2026-09-05
13664764,35500.0,10.477316144080852,Toyota,Prius,2023,3,,1,,1,Hatchback,Hybrid,Automatic,Black,used,0,Mass_Market,Phnom Penh,Tier_1,store,0,0,2026-06-18 17:11:33,2026-09-02T09:55:44.235336+00:00,2026-09-02
13674591,19900.0,9.898525260706313,Toyota,Prius,2012,14,,1,,1,Hatchback,Hybrid,Automatic,White,used,0,Mass_Market,Phnom Penh,Tier_1,store,1,0,2026-06-21 11:07:34,2026-09-06T07:10:37.989127+00:00,2026-09-06
13689881,21500.0,9.975854724662028,Toyota,Tacoma,2013,13,,1,,1,Pickup,Petrol,Automatic,Grey,used,0,Mass_Market,Phnom Penh,Tier_1,store,0,0,2026-06-24 15:49:35,2026-09-02T09:51:37.852114+00:00,2026-09-02
13693429,35500.0,10.477316144080852,Toyota,Land Cruiser Prado,2012,14,,1,2700,0,SUV,Petrol,Automatic,Black,used,1,Mass_Market,Phnom Penh,Tier_1,store,0,0,2026-06-25 14:04:17,2026-09-02T09:52:48.466649+00:00,2026-09-02
13724308,49900.0,10.817796321618971,Toyota,Corolla,2026,0,100000,0,,1,SUV,Hybrid,Automatic,White,new,0,Mass_Market,Phnom Penh,Tier_1,store,0,0,2026-07-03 12:01:20,2026-09-06T07:10:32.263264+00:00,2026-09-06
13724317,64500.0,11.07443600653965,Toyota,Fortuner,2026,0,100000,0,,1,SUV,Diesel,Automatic,Black,new,0,Mass_Market,Phnom Penh,Tier_1,store,0,0,2026-07-03 12:02:23,2026-09-06T07:10:32.582249+00:00,2026-09-06
13732715,14800.0,9.60245002503719,Toyota,Camry,2008,18,,1,,1,Sedan,Petrol,Automatic,Grey,used,1,Mass_Market,Phnom Penh,Tier_1,store,0,0,2026-07-05 18:42:04,2026-09-05T06:59:30.756751+00:00,2026-09-05
13736033,39900.0,10.594156665220533,Toyota,Hilux,2027,0,100000,0,2800,0,Pickup,Diesel,Automatic,Orange,new,0,Mass_Market,Phnom Penh,Tier_1,store,0,0,2026-07-06 14:43:22,2026-09-06T07:12:30.261999+00:00,2026-09-06
13751730,11800.0,9.375939552625749,Toyota,Camry,2007,19,,1,,1,Sedan,Hybrid,Automatic,Silver,used,1,Mass_Market,Phnom Penh,Tier_1,store,0,0,2026-07-10 10:23:37,2026-09-06T07:09:39.016085+00:00,2026-09-06
13777579,12800.0,9.45727857185611,Toyota,Alphard,2004,22,,1,,1,MPV,Petrol,Automatic,White,used,1,Mass_Market,Phnom Penh,Tier_1,store,0,0,2026-07-16 21:47:38,2026-09-04T07:17:29.708644+00:00,2026-09-04
13795159,4000.0,8.294299608857235,Toyota,Corolla,1998,28,,1,,1,Sedan,Petrol,Automatic,White,used,1,Mass_Market,Kandal,Tier_2,individual,0,0,2026-07-21 15:48:52,2026-09-03T09:12:44.856633+00:00,2026-09-03
13796539,7850.0,8.968396191198256,Toyota,Prius,2005,21,,1,,1,Hatchback,Petrol,Automatic,Red,used,1,Mass_Market,Phnom Penh,Tier_1,individual,1,0,2026-07-22 07:16:12,2026-09-02T09:53:13.080629+00:00,2026-09-02
13833925,17700.0,9.781376414141157,Toyota,Prius,2010,16,,1,,1,Hatchback,Hybrid,Automatic,White,used,0,Mass_Market,Phnom Penh,Tier_1,store,1,0,2026-07-31 16:53:57,2026-09-06T07:09:57.971134+00:00,2026-09-06
13835600,9300.0,9.137877200242468,Toyota,Prius,2007,19,,1,,1,Hatchback,Petrol,Automatic,Silver,used,1,Mass_Market,Phnom Penh,Tier_1,individual,0,0,2026-08-01 11:36:09,2026-09-03T09:13:30.942389+00:00,2026-09-03
13851257,28500.0,10.25769445336048,Toyota,Land Cruiser,2009,17,,1,,1,Station Wagon,Petrol,Automatic,White,used,1,Mass_Market,Phnom Penh,Tier_1,individual,0,0,2026-08-05 13:21:02,2026-09-05T06:59:10.974440+00:00,2026-09-05
13852746,13500.0,9.510519035757246,Toyota,Highlander,2001,25,,1,,1,SUV,Petrol,Automatic,White,used,1,Mass_Market,Phnom Penh,Tier_1,individual,0,0,2026-08-05 18:13:10,2026-09-03T09:13:03.139411+00:00,2026-09-03
13856840,21900.0,9.994287576862567,Toyota,Raize,2026,0,100000,0,1000,0,SUV,Petrol,Automatic,Silver,new,0,Mass_Market,Phnom Penh,Tier_1,store,0,0,2026-08-06 18:38:59,2026-09-02T09:53:47.165098+00:00,2026-09-02
13856847,21900.0,9.994287576862567,Toyota,Raize,2026,0,100000,0,1000,0,SUV,Petrol,Automatic,Yellow,new,0,Mass_Market,Phnom Penh,Tier_1,store,0,0,2026-08-06 18:44:28,2026-09-02T09:53:47.713673+00:00,2026-09-02
13870170,29500.0,10.292179440058462,Toyota,Land Cruiser,2009,17,,1,,1,SUV,Petrol,Automatic,White,used,1,Mass_Market,Phnom Penh,Tier_1,store,0,0,2026-08-10 13:13:49,2026-09-06T07:10:51.974420+00:00,2026-09-06
13875435,42800.0,10.664316745782925,Toyota,Alphard,2018,8,,1,,1,MPV,Hybrid,Automatic,Black,used,1,Mass_Market,Phnom Penh,Tier_1,store,0,0,2026-08-11 18:11:16,2026-09-04T07:18:21.562042+00:00,2026-09-04
13879630,11150.0,9.319284458965361,Toyota,Prius,2008,18,,1,,1,Sedan,Hybrid,Automatic,White,used,0,Mass_Market,Phnom Penh,Tier_1,store,0,1,2026-08-12 20:03:14,2026-09-02T09:51:30.936243+00:00,2026-09-02
13896383,14900.0,9.60918360377546,Toyota,Camry,2007,19,,1,,1,Sedan,Petrol,Automatic,White,used,1,Mass_Market,Phnom Penh,Tier_1,individual,0,0,2026-08-17 12:08:26,2026-09-04T07:21:22.585567+00:00,2026-09-04
13896576,19300.0,9.867912187022208,Toyota,Prius,2013,13,,1,,1,SUV,Hybrid,Automatic,Grey,used,0,Mass_Market,Phnom Penh,Tier_1,individual,0,1,2026-08-17 12:47:08,2026-09-05T06:59:24.629652+00:00,2026-09-05
13902452,46500.0,10.747229096720554,Toyota,Fortuner,2022,4,,1,,1,SUV,Diesel,Automatic,White,used,1,Mass_Market,Siem Reap,Tier_2,store,0,0,2026-08-18 21:28:50,2026-09-03T07:15:14.515882+00:00,2026-09-03
13910633,8000.0,8.987321812850125,Toyota,Prius,2005,21,,1,,1,Sedan,Hybrid,Automatic,Silver,used,1,Mass_Market,Phnom Penh,Tier_1,individual,1,0,2026-08-21 09:29:40,2026-09-02T09:51:54.160877+00:00,2026-09-02
13914486,26700.0,10.192456296870509,Toyota,Prius,2020,6,,1,,1,Sedan,Hybrid,Automatic,Grey,new,0,Mass_Market,Phnom Penh,Tier_1,store,0,0,2026-08-22 10:53:35,2026-09-03T07:13:50.673277+00:00,2026-09-03
13916074,14800.0,9.60245002503719,Toyota,Prius,2013,13,,1,,1,Sedan,Hybrid,Automatic,Black,used,1,Mass_Market,Phnom Penh,Tier_1,individual,1,0,2026-08-22 17:35:09,2026-09-03T07:13:59.244386+00:00,2026-09-03
13924189,17500.0,9.770013301136158,Toyota,Tacoma,2007,19,,1,,1,Pickup,Petrol,Automatic,Silver,used,1,Mass_Market,Phnom Penh,Tier_1,store,0,0,2026-08-24 20:54:11,2026-09-02T09:51:25.323886+00:00,2026-09-02
13931240,9900.0,9.200391041122515,Toyota,Highlander,2002,24,,1,,1,SUV,Petrol,Automatic,Black,used,1,Mass_Market,Phnom Penh,Tier_1,individual,0,1,2026-08-26 14:20:15,2026-09-02T09:55:02.728941+00:00,2026-09-02
13931915,17800.0,9.787009914477434,Toyota,Prius,2013,13,,1,,1,Hatchback,Hybrid,Automatic,White,used,1,Mass_Market,Phnom Penh,Tier_1,individual,0,0,2026-08-26 16:12:31,2026-09-03T07:15:02.126254+00:00,2026-09-03
13932557,17500.0,9.770013301136158,Toyota,Raize,2023,3,,1,,1,Hatchback,Petrol,Automatic,Green,used,1,Mass_Market,Phnom Penh,Tier_1,individual,0,0,2026-08-26 19:02:10,2026-09-02T09:55:59.369934+00:00,2026-09-02
13933765,2000.0,7.601402334583733,Toyota,Camry,2000,26,,1,,1,Sedan,Petrol,Automatic,Grey,used,1,Mass_Market,Phnom Penh,Tier_1,individual,0,1,2026-08-27 09:03:22,2026-09-03T07:16:08.543776+00:00,2026-09-03
13933772,17000.0,9.741027444837728,Toyota,Prius,2013,13,,1,,1,Sedan,Hybrid,Automatic,Grey,used,0,Mass_Market,Phnom Penh,Tier_1,individual,1,0,2026-08-27 09:04:31,2026-09-03T07:15:34.223208+00:00,2026-09-03
13934249,6800.0,8.824824939175638,Toyota,Land Cruiser,1996,30,,1,,1,SUV,Diesel,Automatic,Black,used,1,Mass_Market,Siem Reap,Tier_2,store,0,0,2026-08-27 10:36:32,2026-09-05T07:03:38.843472+00:00,2026-09-05
13934332,9500.0,9.15915233520675,Toyota,Highlander,2001,25,,1,,1,SUV,Petrol,Automatic,Red,used,1,Mass_Market,Phnom Penh,Tier_1,store,0,0,2026-08-27 10:55:57,2026-09-06T07:09:18.496374+00:00,2026-09-06
13936586,19000.0,9.852246888342531,Toyota,Hilux Vigo,2011,15,,1,,1,Pickup,Diesel,Automatic,Black,used,1,Mass_Market,Phnom Penh,Tier_1,individual,0,0,2026-08-27 19:06:27,2026-09-04T07:16:04.559168+00:00,2026-09-04
13937559,33500.0,10.419330568113901,Toyota,Hilux,2016,10,,1,,1,Pickup,Diesel,Automatic,White,used,1,Mass_Market,Phnom Penh,Tier_1,store,0,0,2026-08-28 09:13:14,2026-09-05T06:59:58.013364+00:00,2026-09-05
13942279,16200.0,9.692828247710418,Toyota,Prius,2012,14,,1,,1,Sedan,Hybrid,Automatic,Silver,used,1,Mass_Market,Phnom Penh,Tier_1,store,0,0,2026-08-29 11:40:12,2026-09-06T07:13:40.567102+00:00,2026-09-06
13943925,11500.0,9.350189267092581,Toyota,Highlander,2002,24,,1,,1,SUV,LPG,Automatic,Silver,used,1,Mass_Market,Phnom Penh,Tier_1,individual,0,0,2026-08-29 18:57:26,2026-09-04T07:18:12.537126+00:00,2026-09-04
13944829,39000.0,10.571342565808699,Toyota,Land Cruiser,2009,17,,1,,1,SUV,Petrol,Automatic,White,used,0,Mass_Market,Phnom Penh,Tier_1,store,1,0,2026-08-30 08:07:36,2026-09-06T07:14:07.965976+00:00,2026-09-06
13951909,25900.0,10.16203685698089,Toyota,Camry,2013,13,,1,,1,Sedan,Hybrid,Automatic,White,used,0,Mass_Market,Phnom Penh,Tier_1,store,1,0,2026-09-01 08:08:37,2026-09-05T07:00:57.553477+00:00,2026-09-05
13953287,12500.0,9.433563920090563,Toyota,Prius,2007,19,,1,,1,Sedan,Hybrid,Automatic,White,used,1,Mass_Market,Phnom Penh,Tier_1,individual,0,0,2026-09-01 12:17:32,2026-09-03T09:13:55.093970+00:00,2026-09-03
13953305,12800.0,9.45727857185611,Toyota,Prius,2008,18,,1,,1,Sedan,Hybrid,Automatic,White,used,1,Mass_Market,Phnom Penh,Tier_1,store,0,0,2026-09-01 12:20:57,2026-09-06T07:11:17.435293+00:00,2026-09-06
13957072,8500.0,9.04793908261736,Toyota,Prius,2005,21,,1,,1,Sedan,Petrol,Automatic,Grey,used,1,Mass_Market,Phnom Penh,Tier_1,store,0,0,2026-09-02 10:48:14,2026-09-05T07:03:08.019437+00:00,2026-09-05
13957695,14800.0,9.60245002503719,Toyota,Camry,2007,19,,1,,1,Sedan,Petrol,Automatic,White,used,1,Mass_Market,Phnom Penh,Tier_1,individual,0,0,2026-09-02 12:35:23,2026-09-03T07:13:42.761850+00:00,2026-09-03
13958276,17300.0,9.758519582283522,Toyota,Prius,2013,13,,1,,1,Coupe,Hybrid,Automatic,White,used,1,Mass_Market,Phnom Penh,Tier_1,individual,0,0,2026-09-02 14:26:56,2026-09-02T09:53:58.126317+00:00,2026-09-02
13958840,31900.0,10.370392636243981,Toyota,Corolla Cross,2023,3,78562,0,,1,SUV,Petrol,Automatic,White,used,1,Mass_Market,Phnom Penh,Tier_1,store,0,0,2026-09-02 16:09:58,2026-09-02T09:51:59.936094+00:00,2026-09-02
13959287,26800.0,10.196194479235656,Toyota,Vellfire,2017,9,,1,,1,MPV,Petrol,Automatic,White,used,1,Mass_Market,Phnom Penh,Tier_1,store,0,0,2026-09-02 17:59:30,2026-09-05T07:00:05.482781+00:00,2026-09-05
13960445,16500.0,9.711176264112805,Toyota,Camry,2007,19,,1,,1,Sedan,Hybrid,Automatic,White,used,1,Mass_Market,Phnom Penh,Tier_1,individual,0,0,2026-09-03 07:31:00,2026-09-04T07:18:35.693590+00:00,2026-09-04
13961556,9300.0,9.137877200242468,Toyota,Camry,2002,24,,1,,1,Sedan,Petrol,Automatic,Silver,used,1,Mass_Market,Phnom Penh,Tier_1,individual,0,0,2026-09-03 11:30:28,2026-09-03T07:17:55.962307+00:00,2026-09-03
13962335,8999.0,9.104979856318357,Toyota,Vitz,2013,13,70000,0,,1,Sedan,Petrol,Automatic,White,used,0,Mass_Market,Phnom Penh,Tier_1,store,0,0,2026-09-03 14:00:51,2026-09-03T07:13:05.334791+00:00,2026-09-03
13965705,14300.0,9.568084743872936,Toyota,Highlander,2002,24,,1,,1,SUV,Petrol,Manual,White,used,1,Mass_Market,Phnom Penh,Tier_1,individual,0,0,2026-09-04 11:16:38,2026-09-06T07:11:40.628686+00:00,2026-09-06
13965961,15800.0,9.6678285081515,Toyota,Prius,2010,16,,1,,1,Hatchback,Petrol,Automatic,Grey,used,1,Mass_Market,Phnom Penh,Tier_1,individual,0,0,2026-09-04 11:58:35,2026-09-04T07:21:12.803785+00:00,2026-09-04
13969740,5350.0,8.585038738311304,Toyota,Camry,1998,28,,1,,1,Sedan,Petrol,Automatic,Gold,used,1,Mass_Market,Phnom Penh,Tier_1,individual,0,0,2026-09-05 11:42:17,2026-09-05T07:03:19.224522+00:00,2026-09-05
13970223,10999.0,9.305650551780507,Toyota,Camry,2003,23,,1,,1,Sedan,Petrol,Automatic,Silver,used,1,Mass_Market,Phnom Penh,Tier_1,individual,1,0,2026-09-05 13:37:06,2026-09-05T06:58:33.458665+00:00,2026-09-05
13973208,11000.0,9.305741456739435,Toyota,Prius,2007,19,,1,,1,Sedan,Diesel,Automatic,White,used,1,Mass_Market,Kandal,Tier_2,individual,0,0,2026-09-06 11:56:40,2026-09-06T07:13:01.099026+00:00,2026-09-06
13973215,13800.0,9.53249633228804,Toyota,Camry,2007,19,,1,,1,Sedan,Hybrid,Automatic,White,used,1,Mass_Market,Phnom Penh,Tier_1,individual,0,0,2026-09-06 11:57:44,2026-09-06T07:12:59.772119+00:00,2026-09-06
13973687,7800.0,8.962007209588313,Toyota,Prius,2006,20,,1,,1,Sedan,Hybrid,Automatic,Blue,used,1,Mass_Market,Phnom Penh,Tier_1,individual,0,0,2026-09-06 13:35:42,2026-09-06T07:10:02.173070+00:00,2026-09-06
13973754,8850.0,9.088285725968877,Toyota,Prius,2006,20,,1,,1,Sedan,Hybrid,Automatic,Green,used,1,Mass_Market,Phnom Penh,Tier_1,individual,0,0,2026-09-06 13:51:23,2026-09-06T07:09:53.014274+00:00,2026-09-06
13973761,17400.0,9.76428295481558,Toyota,Prius,2010,16,,1,,1,Hatchback,Hybrid,Automatic,White,used,0,Mass_Market,Phnom Penh,Tier_1,store,0,0,2026-09-06 13:53:48,2026-09-06T07:09:51.276687+00:00,2026-09-06
13541221,15950.0,9.677276802172448,Toyota,Wigo,2025,1,4500,0,,1,Hatchback,Petrol,Automatic,White,used,1,Mass_Market,Phnom Penh,Tier_1,individual,0,0,2026-05-20 08:14:28,2026-09-03T07:18:23.517155+00:00,2026-09-03
13724302,28400.0,10.254179634797001,Toyota,Veloz,2026,0,100000,0,,1,MPV,Petrol,Automatic,White,new,0,Mass_Market,Phnom Penh,Tier_1,store,0,0,2026-07-03 12:00:32,2026-09-06T07:10:34.411413+00:00,2026-09-06
13393120,10200.0,9.23024103368252,Toyota,Prius,2008,18,,1,,1,Hatchback,Hybrid,,Blue,used,1,Mass_Market,Phnom Penh,Tier_1,store,0,0,2026-04-09 15:01:01,2026-09-06T07:12:29.692054+00:00,2026-09-06
13601763,37800.0,10.540090836284206,Toyota,Highlander,2014,12,,1,,1,SUV,Hybrid,,White,used,0,Mass_Market,Phnom Penh,Tier_1,store,0,0,2026-06-03 12:48:12,2026-09-06T07:09:44.439135+00:00,2026-09-06
13697940,26000.0,10.165890277802454,Toyota,Land Cruiser,2008,18,,1,,1,SUV,Petrol,,White,used,1,Mass_Market,Phnom Penh,Tier_1,store,0,0,2026-06-26 14:42:39,2026-09-02T09:52:40.974280+00:00,2026-09-02
13712474,26500.0,10.184937747111391,Toyota,Prius,2017,9,,1,,1,Hatchback,Hybrid,,Grey,used,0,Mass_Market,Phnom Penh,Tier_1,store,0,0,2026-06-30 13:05:59,2026-09-04T07:18:21.569127+00:00,2026-09-04
13878563,20500.0,9.928228944424575,Toyota,Hilux Vigo,2006,20,,1,,1,Pickup,Diesel,,Gold,used,1,Mass_Market,Siem Reap,Tier_2,store,0,0,2026-08-12 14:30:28,2026-09-06T07:14:15.127261+00:00,2026-09-06
13958751,33000.0,10.404293143019792,Toyota,Alphard,2016,10,,1,,1,MPV,Hybrid,,White,used,0,Mass_Market,Phnom Penh,Tier_1,store,0,0,2026-09-02 15:51:55,2026-09-02T09:52:20.063063+00:00,2026-09-02
13965987,12900.0,9.465060106725137,Toyota,Prius,2008,18,,1,,1,Hatchback,Hybrid,,White,used,1,Mass_Market,Phnom Penh,Tier_1,individual,0,0,2026-09-04 12:05:04,2026-09-04T07:20:28.954196+00:00,2026-09-04
13973103,17700.0,9.781376414141157,Toyota,Prius,2014,12,,1,,1,Sedan,Hybrid,,White,used,0,Mass_Market,Phnom Penh,Tier_1,individual,0,0,2026-09-06 11:32:19,2026-09-06T07:13:54.979338+00:00,2026-09-06
13973247,9100.0,9.116139576577355,Toyota,Vitz,2014,12,,1,,1,Sedan,Petrol,,Brown,used,1,Mass_Market,Kandal,Tier_2,individual,0,0,2026-09-06 12:04:46,2026-09-06T07:12:22.514135+00:00,2026-09-06
13527298,16800.0,9.729193687429403,Toyota,Prius,2012,14,,1,,1,Hatchback,,,Red,used,0,Mass_Market,Phnom Penh,Tier_1,store,1,0,2026-05-17 09:38:50,2026-09-04T07:17:19.481134+00:00,2026-09-04
13921723,11000.0,9.305741456739435,Toyota,Prius,2009,17,10000,0,,1,Sedan,,,Silver,used,1,Mass_Market,Phnom Penh,Tier_1,individual,0,0,2026-08-24 11:19:34,2026-09-02T09:55:51.292136+00:00,2026-09-02
13953062,15900.0,9.674137279312397,Toyota,Prius,2010,16,,1,,1,Sedan,,,White,used,1,Mass_Market,Phnom Penh,Tier_1,individual,1,0,2026-09-01 11:41:33,2026-09-03T07:16:09.615336+00:00,2026-09-03
13973212,22500.0,10.021315031649332,Chevrolet,Tracker,2024,2,86,0,,1,SUV,Petrol,Automatic,White,new,1,Mass_Market,Phnom Penh,Tier_1,store,0,0,2026-09-06 11:57:39,2026-09-06T07:12:59.778101+00:00,2026-09-06
13953985,58900.0,10.983613347424248,Jetour,ផ្សេងៗ,2025,1,,1,2000,0,SUV,Petrol,Automatic,Grey,new,0,Chinese_EV,Phnom Penh,Tier_1,individual,0,0,2026-09-01 14:15:40,2026-09-03T09:12:38.658667+00:00,2026-09-03
13629952,41000.0,10.62135173563291,Jetour,T2,2025,1,20000,0,,1,SUV,Petrol,Automatic,White,used,1,Chinese_EV,Phnom Penh,Tier_1,store,1,0,2026-06-10 11:08:49,2026-09-04T07:20:08.624194+00:00,2026-09-04
13932148,58900.0,10.983613347424248,Denza,D9,2025,1,,1,,1,MPV,Hybrid,Automatic,Black,used,1,Chinese_EV,Phnom Penh,Tier_1,individual,0,0,2026-08-26 16:56:32,2026-09-03T09:12:54.401037+00:00,2026-09-03
13265236,33500.0,10.419330568113901,GTV,KAIN,2026,0,,1,,1,SUV,Hybrid,Automatic,Black,new,0,Chinese_EV,Phnom Penh,Tier_1,individual,0,0,2026-03-08 19:39:15,2026-09-03T09:13:07.478944+00:00,2026-09-03
13862434,24500.0,10.106469212026385,GTV,KAIN,2026,0,,1,,1,SUV,Petrol,Automatic,White,new,0,Chinese_EV,Phnom Penh,Tier_1,individual,0,0,2026-08-08 09:46:07,2026-09-03T09:13:06.870637+00:00,2026-09-03
13953992,23000.0,10.043292972227004,GTV,KAIN,2026,0,6500,0,2000,0,SUV,Petrol,Automatic,Grey,used,1,Chinese_EV,Banteay Meanchey,Tier_3,individual,0,1,2026-09-01 14:16:23,2026-09-03T09:12:37.153871+00:00,2026-09-03
13290888,15999.0,9.680344001221918,Hyundai,Starex,2015,11,,1,,1,MPV,Diesel,Automatic,Silver,used,0,Mass_Market,Phnom Penh,Tier_1,store,0,0,2026-03-15 09:41:13,2026-09-05T07:01:08.375258+00:00,2026-09-05
13543908,11700.0,9.367429587218957,Hyundai,Starex,2012,14,,1,,1,MPV,Petrol,Automatic,Black,used,1,Mass_Market,Phnom Penh,Tier_1,store,0,0,2026-05-20 15:04:25,2026-09-02T09:51:51.938740+00:00,2026-09-02
13725226,15500.0,9.648659816955295,Hyundai,Starex,2014,12,,1,,1,MPV,Diesel,Automatic,Silver,used,0,Mass_Market,Phnom Penh,Tier_1,store,0,0,2026-07-03 15:12:05,2026-09-06T07:13:29.968837+00:00,2026-09-06
13958170,18800.0,9.841665338892785,Hyundai,Stargazer,2023,3,,1,,1,SUV,Petrol,Automatic,White,used,1,Mass_Market,Phnom Penh,Tier_1,individual,0,0,2026-09-02 14:16:44,2026-09-02T09:54:08.388051+00:00,2026-09-02
13970169,20000.0,9.90353755128617,Hyundai,Starex,2019,7,,1,,1,SUV,Diesel,Automatic,White,used,1,Mass_Market,Phnom Penh,Tier_1,store,0,0,2026-09-05 13:26:07,2026-09-05T06:58:44.968354+00:00,2026-09-05
13690173,15300.0,9.635673464721814,Hyundai,Starex,2012,14,,1,,1,MPV,,,Silver,used,0,Mass_Market,Phnom Penh,Tier_1,store,0,0,2026-06-24 17:00:54,2026-09-03T07:17:56.635557+00:00,2026-09-03
13341873,19800.0,9.893487720457795,Changan,Q05,2026,0,405,0,0,0,SUV,Electric,Automatic,White,new,0,Chinese_EV,Phnom Penh,Tier_1,store,0,0,2026-03-27 12:00:32,2026-09-06T07:11:16.891379+00:00,2026-09-06
13765837,22500.0,10.021315031649332,Changan,UNI-T,2023,3,,1,,1,SUV,Petrol,Automatic,Grey,used,1,Chinese_EV,Phnom Penh,Tier_1,individual,0,0,2026-07-13 22:31:41,2026-09-03T09:12:57.824285+00:00,2026-09-03
13464082,34800.0,10.457401400981889,Changan,Q07,2025,1,150000,0,,1,SUV,Hybrid,Automatic,Black,new,0,Chinese_EV,Phnom Penh,Tier_1,store,0,0,2026-05-01 11:07:41,2026-09-02T09:51:31.983403+00:00,2026-09-02
13921695,14500.0,9.581972891547895,MG,6,2022,4,,1,,1,Sedan,Petrol,Automatic,White,used,1,Chinese_EV,Phnom Penh,Tier_1,individual,0,0,2026-08-24 11:13:23,2026-09-05T07:04:00.110722+00:00,2026-09-05
13755659,20500.0,9.928228944424575,MG,ZS,2025,1,,1,,1,SUV,Petrol,Automatic,White,used,1,Chinese_EV,Kandal,Tier_2,individual,0,0,2026-07-11 09:52:42,2026-09-03T07:15:27.847613+00:00,2026-09-03
13270078,39600.0,10.586609649448985,GAC,GN8,2024,2,,1,,1,MPV,Petrol,Automatic,White,new,0,Chinese_EV,Phnom Penh,Tier_1,individual,0,0,2026-03-10 08:00:55,2026-09-03T09:13:16.912412+00:00,2026-09-03
13875147,32500.0,10.389026137075234,GAC,GN8,2024,2,,1,,1,MPV,Petrol,Automatic,White,used,1,Chinese_EV,Phnom Penh,Tier_1,store,0,0,2026-08-11 16:49:36,2026-09-04T07:16:32.425764+00:00,2026-09-04
13881776,29000.0,10.275085591132715,GAC,GN8,2024,2,,1,,1,MPV,Petrol,Manual,White,used,1,Chinese_EV,Phnom Penh,Tier_1,store,0,0,2026-08-13 11:59:49,2026-09-03T07:14:25.553041+00:00,2026-09-03
13892967,21900.0,9.994287576862567,GAC,GS3,2025,1,,1,,1,Sedan,Petrol,Automatic,White,new,0,Chinese_EV,Phnom Penh,Tier_1,store,0,0,2026-08-16 13:52:15,2026-09-06T07:11:28.215921+00:00,2026-09-06
13962109,19600.0,9.883335864325275,GAC,GS4,2025,1,6000,0,,1,SUV,Petrol,Automatic,Black,used,1,Chinese_EV,Phnom Penh,Tier_1,store,0,0,2026-09-03 13:11:53,2026-09-03T07:14:11.761928+00:00,2026-09-03
13958017,45800.0,10.732061203925053,GAC,GN8,2024,2,,1,,1,MPV,Petrol,Automatic,,new,0,Chinese_EV,Phnom Penh,Tier_1,store,0,0,2026-09-02 13:53:13,2026-09-02T09:54:43.775857+00:00,2026-09-02
13629991,32800.0,10.39821428171237,GAC,GS8,2025,1,,1,,1,SUV,,Automatic,Black,used,1,Chinese_EV,Phnom Penh,Tier_1,individual,0,0,2026-06-10 11:14:01,2026-09-03T09:13:12.731798+00:00,2026-09-03
13493309,19000.0,9.852246888342531,BESTUNE,ផ្សេងៗ,2025,1,,1,,1,SUV,Petrol,Automatic,Silver,used,1,Other,Phnom Penh,Tier_1,store,0,0,2026-05-08 16:11:18,2026-09-06T07:12:38.517964+00:00,2026-09-06
13830371,23500.0,10.064798252418377,Mini,Cooper Countryman,2018,8,,1,1500,0,SUV,Petrol,Automatic,Grey,used,1,Other,Phnom Penh,Tier_1,store,0,0,2026-07-30 19:16:34,2026-09-05T07:01:16.764055+00:00,2026-09-05
13825763,25900.0,10.16203685698089,Audi,Q7,2016,10,,1,,1,SUV,Petrol,Automatic,Black,used,1,Luxury,Phnom Penh,Tier_1,store,0,0,2026-07-29 17:59:41,2026-09-05T07:02:57.922209+00:00,2026-09-05
13829035,34000.0,10.434145214930487,Audi,A8L,2015,11,,1,,1,Sedan,Petrol,Automatic,Black,used,1,Luxury,Phnom Penh,Tier_1,store,0,0,2026-07-30 14:05:10,2026-09-03T07:12:51.110998+00:00,2026-09-03
13361332,56800.0,10.947309210188068,Lexus,LX570,2015,11,,1,,1,SUV,Petrol,Automatic,White,used,1,Luxury,Phnom Penh,Tier_1,store,0,0,2026-04-01 15:14:03,2026-09-06T07:10:20.244299+00:00,2026-09-06
13463477,56800.0,10.947309210188068,Lexus,LX570,2015,11,,1,,1,SUV,Petrol,Automatic,Black,used,1,Luxury,Phnom Penh,Tier_1,store,0,0,2026-05-01 09:01:26,2026-09-03T07:17:01.702652+00:00,2026-09-03
13804328,12200.0,9.409273194575334,Lexus,LX470,2001,25,,1,,1,SUV,LPG,Automatic,Black,used,1,Luxury,Phnom Penh,Tier_1,store,0,0,2026-07-24 08:22:49,2026-09-02T09:55:07.932687+00:00,2026-09-02
13817983,28900.0,10.27163147557801,Lexus,RX450h,2010,16,,1,,1,SUV,Hybrid,Automatic,White,used,1,Luxury,Phnom Penh,Tier_1,individual,0,1,2026-07-27 20:30:00,2026-09-03T09:13:15.578693+00:00,2026-09-03
13847617,8300.0,9.024131268455035,Lexus,RX300,2002,24,,1,,1,SUV,Petrol,Automatic,White,used,1,Luxury,Phnom Penh,Tier_1,store,0,0,2026-08-04 14:15:49,2026-09-04T07:18:55.360887+00:00,2026-09-04
13864772,15500.0,9.648659816955295,Lexus,RX330,2004,22,,1,,1,SUV,Petrol,Automatic,Gold,used,1,Luxury,Phnom Penh,Tier_1,individual,0,0,2026-08-08 19:58:59,2026-09-03T09:13:03.815465+00:00,2026-09-03
13881617,75000.0,11.225256725762893,Lexus,RX300,2022,4,,1,,1,SUV,Petrol,Automatic,White,used,1,Luxury,Preah Sihanouk,Tier_2,individual,0,1,2026-08-13 11:28:35,2026-09-06T07:09:30.936017+00:00,2026-09-06
13882891,13500.0,9.510519035757246,Lexus,RX330,2004,22,,1,,1,MPV,Petrol,Automatic,Silver,used,0,Luxury,Phnom Penh,Tier_1,individual,0,0,2026-08-13 16:06:38,2026-09-06T07:09:19.302194+00:00,2026-09-06
13903612,26800.0,10.196194479235656,Lexus,RX450h,2010,16,,1,,1,SUV,Petrol,Automatic,White,used,1,Luxury,Phnom Penh,Tier_1,store,1,0,2026-08-19 10:03:21,2026-09-02T09:53:21.193288+00:00,2026-09-02
13913462,18200.0,9.809231816610408,Lexus,RX330,2004,22,,1,,1,SUV,Petrol,Automatic,White,used,1,Luxury,Phnom Penh,Tier_1,individual,0,0,2026-08-21 23:12:43,2026-09-03T07:14:43.000322+00:00,2026-09-03
13951247,39000.0,10.571342565808699,Lexus,LX570,2009,17,570,0,5700,0,SUV,Petrol,Automatic,White,used,1,Luxury,Phnom Penh,Tier_1,store,0,0,2026-08-31 19:25:00,2026-09-02T09:51:57.211701+00:00,2026-09-02
13951557,61000.0,11.0186455364637,Lexus,RX350,2016,10,,1,,1,SUV,Petrol,Automatic,White,used,1,Luxury,Phnom Penh,Tier_1,store,1,0,2026-08-31 22:03:08,2026-09-04T07:20:09.017189+00:00,2026-09-04
13958599,16200.0,9.692828247710418,Lexus,RX330,2004,22,,1,,1,SUV,Diesel,Automatic,Gold,used,1,Luxury,Phnom Penh,Tier_1,individual,0,0,2026-09-02 15:19:45,2026-09-02T09:52:51.561750+00:00,2026-09-02
13958608,14900.0,9.60918360377546,Lexus,RX330,2004,22,,1,,1,SUV,Petrol,Automatic,Brown,used,1,Luxury,Phnom Penh,Tier_1,store,0,0,2026-09-02 15:20:59,2026-09-02T09:52:50.687283+00:00,2026-09-02
13961577,30500.0,10.32551474894327,Lexus,RX350,2010,16,,1,,1,SUV,Petrol,Automatic,White,used,1,Luxury,Phnom Penh,Tier_1,store,0,0,2026-09-03 11:35:22,2026-09-03T07:17:42.381900+00:00,2026-09-03
13963087,15200.0,9.62911649414402,Lexus,LX470,2002,24,,1,,1,SUV,LPG,Automatic,White,used,1,Luxury,Phnom Penh,Tier_1,individual,0,0,2026-09-03 16:04:57,2026-09-06T07:10:59.948729+00:00,2026-09-06
13973274,8950.0,9.099520536870939,Lexus,RX300,2002,24,,1,,1,SUV,Petrol,Automatic,Gold,used,1,Luxury,Battambang,Tier_2,individual,0,0,2026-09-06 12:09:37,2026-09-06T07:12:12.583384+00:00,2026-09-06
13973528,10000.0,9.210440366976517,Lexus,RX300,2002,24,,1,,1,SUV,Petrol,Automatic,White,used,1,Luxury,Phnom Penh,Tier_1,store,0,0,2026-09-06 13:13:50,2026-09-06T07:10:51.841649+00:00,2026-09-06
13323881,49000.0,10.799595985047786,Lexus,RZ450e,2023,3,,1,0,0,SUV,Electric,Automatic,White,new,0,Luxury,Phnom Penh,Tier_1,store,1,0,2026-03-23 06:56:05,2026-09-05T07:01:09.093133+00:00,2026-09-05
13780138,35800.0,10.485731104959568,Lexus,NX200t F Sport,2015,11,,1,,1,SUV,Petrol,Automatic,Black,used,0,Luxury,Phnom Penh,Tier_1,store,0,0,2026-07-17 14:51:46,2026-09-06T07:11:46.994674+00:00,2026-09-06
13815650,16800.0,9.729193687429403,Lexus,GS,2006,20,,1,,1,Sedan,Petrol,Automatic,White,used,1,Luxury,Phnom Penh,Tier_1,store,0,0,2026-07-27 11:23:02,2026-09-05T07:01:08.057726+00:00,2026-09-05
13914651,21500.0,9.975854724662028,Lexus,HS,2010,16,,1,,1,Sedan,Hybrid,Automatic,White,used,0,Luxury,Phnom Penh,Tier_1,store,0,0,2026-08-22 11:26:06,2026-09-02T09:53:38.846817+00:00,2026-09-02
13924420,32500.0,10.389026137075234,Lexus,NX200t,2015,11,,1,,1,SUV,Petrol,Automatic,Black,used,1,Luxury,Phnom Penh,Tier_1,individual,1,0,2026-08-24 22:43:00,2026-09-02T09:53:02.301526+00:00,2026-09-02
13931523,13500.0,9.510519035757246,Lexus,GX470,2003,23,,1,,1,SUV,Petrol,Automatic,White,used,1,Luxury,Phnom Penh,Tier_1,store,1,0,2026-08-26 15:09:28,2026-09-05T06:59:32.487090+00:00,2026-09-05
13957015,41500.0,10.633472802314019,Lexus,NX200t,2017,9,,1,,1,SUV,Petrol,,White,used,0,Luxury,Phnom Penh,Tier_1,store,1,0,2026-09-02 10:37:12,2026-09-06T07:09:39.022970+00:00,2026-09-06
13359566,53850.0,10.893976252514248,Lexus,RX350,2017,9,70000,0,,1,SUV,Petrol,Automatic,Grey,used,1,Luxury,Phnom Penh,Tier_1,store,0,0,2026-04-01 09:52:31,2026-09-06T07:11:14.407352+00:00,2026-09-06
13656360,10700.0,9.278092474027002,Lexus,RX300,2002,24,,1,,1,SUV,Petrol,Automatic,Grey,used,1,Luxury,Kandal,Tier_2,individual,0,0,2026-06-16 17:00:42,2026-09-03T09:12:34.657821+00:00,2026-09-03
13619256,11270.0,9.329988334242078,Lexus,LX470,2003,23,,1,,1,SUV,,Automatic,White,used,1,Luxury,Phnom Penh,Tier_1,individual,0,0,2026-06-07 17:57:34,2026-09-05T07:03:00.838576+00:00,2026-09-05
13961704,19000.0,9.852246888342531,Lexus,RX330,2004,22,,1,,1,SUV,,Automatic,,used,1,Luxury,Phnom Penh,Tier_1,individual,0,0,2026-09-03 11:54:27,2026-09-03T07:16:53.513853+00:00,2026-09-03
13953256,31800.0,10.367253014814716,Lexus,NX200t,2015,11,,1,,1,SUV,,,,used,1,Luxury,Phnom Penh,Tier_1,individual,1,0,2026-09-01 12:11:17,2026-09-03T09:13:58.860858+00:00,2026-09-03
13868915,14800.0,9.60245002503719,Lexus,HS,2010,16,,1,,1,,Hybrid,Automatic,White,used,1,Luxury,Phnom Penh,Tier_1,individual,0,0,2026-08-10 09:30:02,2026-09-03T09:12:32.164503+00:00,2026-09-03
13919761,20500.0,9.928228944424575,Lexus,HS,2010,16,,1,,1,Sedan,Hybrid,Automatic,,used,1,Luxury,Phnom Penh,Tier_1,individual,0,0,2026-08-23 18:20:17,2026-09-02T09:52:02.682198+00:00,2026-09-02
13920663,14200.0,9.561067663645012,Lexus,RX330,2004,22,,1,,1,SUV,,Automatic,Blue,used,1,Luxury,Phnom Penh,Tier_1,individual,0,0,2026-08-24 08:20:59,2026-09-02T09:54:50.532755+00:00,2026-09-02
13606683,37900.0,10.542732775946709,Lexus,NX200t,2015,11,,1,,1,SUV,,Automatic,White,used,0,Luxury,Phnom Penh,Tier_1,store,1,0,2026-06-04 13:42:24,2026-09-05T06:58:36.768050+00:00,2026-09-05
13751800,11800.0,9.375939552625749,Lexus,LX470,2003,23,,1,,1,SUV,,,Black,used,1,Luxury,Phnom Penh,Tier_1,store,0,0,2026-07-10 10:36:29,2026-09-05T06:59:44.900852+00:00,2026-09-05
13617283,28000.0,10.239995502805316,iCar,ផ្សេងៗ,2025,1,,1,0,0,SUV,Electric,Automatic,Orange,new,0,Chinese_EV,Phnom Penh,Tier_1,store,0,0,2026-06-07 10:04:39,2026-09-06T07:12:51.741834+00:00,2026-09-06
13316452,79800.0,11.287291314687705,Mercedes-Benz,Maybach,2017,9,,1,3000,0,Sedan,Petrol,Automatic,Black,used,1,Luxury,Phnom Penh,Tier_1,store,1,0,2026-03-20 23:36:01,2026-09-06T07:11:55.908784+00:00,2026-09-06
13468543,26800.0,10.196194479235656,Mercedes-Benz,CLA-45,2014,12,,1,,1,Sedan,Petrol,Automatic,White,used,1,Luxury,Phnom Penh,Tier_1,store,0,0,2026-05-02 13:08:09,2026-09-02T09:53:49.140059+00:00,2026-09-02
13484011,29000.0,10.275085591132715,Mercedes-Benz,C-Class,2015,11,90000,0,,1,Sedan,Petrol,Automatic,Grey,used,1,Luxury,Phnom Penh,Tier_1,store,0,0,2026-05-06 14:45:27,2026-09-04T07:17:30.960120+00:00,2026-09-04
13734894,25500.0,10.146472946063877,Mercedes-Benz,C-Class,2015,11,,1,,1,Sedan,Petrol,Automatic,Black,used,1,Luxury,Takeo,Tier_3,individual,1,0,2026-07-06 11:25:31,2026-09-03T07:17:57.328630+00:00,2026-09-03
13849346,77999.0,11.26446410567173,Mercedes-Benz,S-Class,2018,8,,1,,1,Sedan,Petrol,Automatic,Black,used,0,Luxury,Phnom Penh,Tier_1,store,0,0,2026-08-05 00:11:38,2026-09-05T06:59:55.706882+00:00,2026-09-05
13934489,32500.0,10.389026137075234,Mercedes-Benz,C-Class,2015,11,,1,,1,Sedan,Petrol,Automatic,Black,used,0,Luxury,Phnom Penh,Tier_1,store,0,0,2026-08-27 11:33:10,2026-09-06T07:13:16.237530+00:00,2026-09-06
13947107,28999.0,10.275051108968611,Mercedes-Benz,S-Class,2015,11,,1,,1,Sedan,Petrol,Automatic,Black,used,1,Luxury,Phnom Penh,Tier_1,store,0,0,2026-08-30 18:15:23,2026-09-06T07:10:57.758827+00:00,2026-09-06
13956807,23000.0,10.043292972227004,Mercedes-Benz,CLA-Class,2014,12,,1,,1,Sedan,Petrol,Automatic,Grey,used,0,Luxury,Phnom Penh,Tier_1,individual,0,0,2026-09-02 10:04:39,2026-09-06T07:11:07.996293+00:00,2026-09-06
13970285,35500.0,10.477316144080852,Mercedes-Benz,S-Class,2016,10,,1,,1,Sedan,Petrol,Automatic,Black,used,1,Luxury,Phnom Penh,Tier_1,store,0,0,2026-09-05 13:55:17,2026-09-05T06:58:09.459036+00:00,2026-09-05
13964904,6000.0,8.699681400989514,Mercedes-Benz,S-Class,1997,29,,1,,1,Sedan,,Automatic,Black,used,1,Luxury,Phnom Penh,Tier_1,individual,0,0,2026-09-04 08:55:11,2026-09-05T06:57:52.036472+00:00,2026-09-05
13965858,59000.0,10.985309671896763,Mercedes-Benz,Maybach,2015,11,,1,,1,Sedan,Petrol,,White,used,1,Luxury,Phnom Penh,Tier_1,store,0,0,2026-09-04 11:34:05,2026-09-04T07:22:13.195459+00:00,2026-09-04
13403565,28500.0,10.25769445336048,Porsche,Panamera,2012,14,2012,0,,1,Sedan,Petrol,Automatic,Black,used,1,Luxury,Phnom Penh,Tier_1,store,0,0,2026-04-14 01:27:55,2026-09-02T09:53:08.394957+00:00,2026-09-02
13951311,19000.0,9.852246888342531,Porsche,Cayenne,2013,13,,1,,1,,Diesel,Automatic,White,used,1,Luxury,Kandal,Tier_2,individual,0,0,2026-08-31 19:55:00,2026-09-02T09:51:53.385016+00:00,2026-09-02
13846416,53000.0,10.87806606028079,Jeep,Rubicon,2021,5,50000,0,2000,0,SUV,Petrol,Automatic,Grey,used,1,Mass_Market,Phnom Penh,Tier_1,store,1,0,2026-08-04 10:56:54,2026-09-03T07:16:52.517915+00:00,2026-09-03
13915129,37700.0,10.537441898283253,Jeep,Wrangler,2018,8,,1,,1,SUV,Petrol,Automatic,Black,used,1,Mass_Market,Phnom Penh,Tier_1,store,0,0,2026-08-22 13:21:50,2026-09-06T07:12:15.702409+00:00,2026-09-06
13917786,46000.0,10.736418414365376,Jeep,Wrangler,2019,7,,1,,1,SUV,Petrol,Automatic,Black,new,0,Mass_Market,Phnom Penh,Tier_1,store,0,0,2026-08-23 10:10:30,2026-09-06T07:11:12.339636+00:00,2026-09-06
13973193,53900.0,10.894904309600681,Jeep,Wrangler,2021,5,75000,0,2000,0,SUV,Petrol,Automatic,Grey,used,1,Mass_Market,Phnom Penh,Tier_1,individual,0,0,2026-09-06 11:54:46,2026-09-06T07:13:06.536548+00:00,2026-09-06
13813535,39000.0,10.571342565808699,Jeep,Gladiator,2020,6,,1,,1,Pickup,,Automatic,Red,used,1,Mass_Market,Phnom Penh,Tier_1,individual,1,0,2026-07-26 17:20:56,2026-09-04T07:19:33.389350+00:00,2026-09-04
13899464,16900.0,9.735128070758227,SsangYong,Tivoli,2021,5,,1,,1,SUV,Petrol,Automatic,White,used,1,Other,Phnom Penh,Tier_1,store,0,0,2026-08-18 09:35:18,2026-09-06T07:12:44.707146+00:00,2026-09-06
13622286,17000.0,9.741027444837728,SsangYong,Rexton,2018,8,,1,,1,Pickup,Diesel,Automatic,White,used,0,Other,Phnom Penh,Tier_1,store,0,0,2026-06-08 14:01:04,2026-09-06T07:12:01.616659+00:00,2026-09-06
13953316,27300.0,10.214678610538817,Volvo,ផ្សេងៗ,2025,1,1000,0,0,0,,Electric,Automatic,White,used,1,Luxury,Phnom Penh,Tier_1,individual,0,0,2026-09-01 12:23:21,2026-09-05T07:01:35.211015+00:00,2026-09-05
13461229,13500.0,9.510519035757246,Kia,Morning,2017,9,,1,,1,Sedan,Petrol,Automatic,White,used,0,Mass_Market,Siem Reap,Tier_2,store,1,0,2026-04-30 14:02:54,2026-09-06T07:10:38.595202+00:00,2026-09-06
13666993,7500.0,8.922791623969637,Kia,Morning,2013,13,,1,,1,Sedan,Petrol,Automatic,White,used,0,Mass_Market,Phnom Penh,Tier_1,store,0,0,2026-06-19 10:31:27,2026-09-06T07:10:46.528119+00:00,2026-09-06
13776279,4200.0,8.343077871169383,Kia,Morning,2007,19,,1,,1,SUV,Petrol,Automatic,Silver,used,1,Mass_Market,Takeo,Tier_3,individual,0,0,2026-07-16 14:31:55,2026-09-03T07:12:33.902214+00:00,2026-09-03
13911807,10200.0,9.23024103368252,Kia,Morning,2017,9,,1,,1,Sedan,Petrol,Automatic,Grey,used,1,Mass_Market,Battambang,Tier_2,individual,0,0,2026-08-21 13:32:43,2026-09-02T09:51:56.837097+00:00,2026-09-02
13961616,17800.0,9.787009914477434,Kia,Carnival,2016,10,,1,,1,SUV,Diesel,Automatic,Grey,used,0,Mass_Market,Phnom Penh,Tier_1,store,0,0,2026-09-03 11:41:38,2026-09-03T07:17:27.924577+00:00,2026-09-03
13736898,8400.0,9.036106025364846,Kia,Ray,2012,14,,1,,1,Sedan,Petrol,Automatic,Blue,used,0,Mass_Market,Phnom Penh,Tier_1,store,0,0,2026-07-06 18:12:33,2026-09-04T07:22:36.357768+00:00,2026-09-04
13869360,8789.0,9.081369990679223,Kia,Ray,2012,14,,1,,1,MPV,Petrol,Automatic,White,used,1,Mass_Market,Phnom Penh,Tier_1,individual,1,0,2026-08-10 10:37:22,2026-09-04T07:21:39.202015+00:00,2026-09-04
13850797,4790.24,8.474544529554574,Kia,Morning,2006,20,,1,,1,Sedan,Petrol,Automatic,White,used,1,Mass_Market,Phnom Penh,Tier_1,individual,0,0,2026-08-05 11:41:08,2026-09-05T06:58:19.438655+00:00,2026-09-05
13948509,3700.0,8.216358332386156,Kia,Morning,2005,21,,1,,1,Sedan,Petrol,Automatic,White,used,1,Mass_Market,Phnom Penh,Tier_1,individual,0,0,2026-08-31 08:51:42,2026-09-03T09:12:46.862520+00:00,2026-09-03
13950027,23500.0,10.064798252418377,Kia,Carnival,2019,7,,1,,1,MPV,Diesel,Automatic,Black,used,0,Mass_Market,Phnom Penh,Tier_1,individual,0,0,2026-08-31 13:39:05,2026-09-03T09:13:54.489138+00:00,2026-09-03
13953319,17500.0,9.770013301136158,Kia,Carnival,2015,11,,1,,1,MPV,Diesel,Automatic,Silver,used,0,Mass_Market,Phnom Penh,Tier_1,individual,0,0,2026-09-01 12:23:48,2026-09-03T09:13:45.752202+00:00,2026-09-03
13953940,23500.0,10.064798252418377,Kia,Carnival,2019,7,,1,,1,MPV,Diesel,Automatic,Black,used,0,Mass_Market,Phnom Penh,Tier_1,individual,1,0,2026-09-01 14:08:56,2026-09-03T09:12:23.147483+00:00,2026-09-03
13965975,4900.0,8.497194544909547,Kia,Morning,2009,17,,1,,1,Sedan,Petrol,Automatic,White,used,1,Mass_Market,Phnom Penh,Tier_1,store,0,0,2026-09-04 12:02:40,2026-09-04T07:20:31.493630+00:00,2026-09-04
13970265,14000.0,9.546884034617925,Kia,Carnival,2018,8,,1,,1,MPV,Petrol,Automatic,White,used,1,Mass_Market,Phnom Penh,Tier_1,store,0,0,2026-09-05 13:48:47,2026-09-06T07:11:05.365597+00:00,2026-09-06
13880409,8000.0,8.987321812850125,Kia,Morning,2014,12,,1,,1,Sedan,,Automatic,White,used,0,Mass_Market,Phnom Penh,Tier_1,store,0,0,2026-08-13 07:31:43,2026-09-05T06:59:23.898342+00:00,2026-09-05
13704145,7000.0,8.853808274977197,Kia,Picanto,2015,11,,1,,1,,Petrol,Automatic,Red,used,1,Mass_Market,Phnom Penh,Tier_1,individual,0,0,2026-06-28 10:30:42,2026-09-02T09:54:46.222560+00:00,2026-09-02
13471426,38900.0,10.568775236216993,Tesla,Model 3,2025,1,7000,0,0,0,Sedan,Electric,Automatic,Black,used,1,Other,Phnom Penh,Tier_1,individual,0,0,2026-05-03 11:14:15,2026-09-03T07:14:55.004129+00:00,2026-09-03
13590215,41000.0,10.62135173563291,Tesla,Model Y,2026,0,,1,0,0,SUV,Electric,Automatic,White,used,0,Other,Phnom Penh,Tier_1,store,0,0,2026-05-31 16:26:04,2026-09-05T07:01:07.369280+00:00,2026-09-05
13961627,20500.0,9.928228944424575,BYD,Atto 3,2023,3,40000,0,0,0,SUV,Electric,Automatic,White,used,1,Chinese_EV,Phnom Penh,Tier_1,individual,0,0,2026-09-03 11:43:19,2026-09-03T07:17:23.326598+00:00,2026-09-03
13934059,5500.0,8.612685172875459,Honda,CR-V,2001,25,,1,,1,SUV,Petrol,Automatic,Silver,used,1,Mass_Market,Siem Reap,Tier_2,store,0,0,2026-08-27 09:55:12,2026-09-03T07:15:16.824337+00:00,2026-09-03
13934285,5300.0,8.575650760987806,Honda,CR-V,2000,26,,1,,1,SUV,Petrol,Automatic,Gold,used,1,Mass_Market,Siem Reap,Tier_2,store,0,0,2026-08-27 10:43:35,2026-09-05T07:03:38.124363+00:00,2026-09-05
13956121,3345.0,8.11552088154677,Honda,CR-V,1999,27,,1,,1,SUV,,,Green,used,1,Mass_Market,Phnom Penh,Tier_1,individual,0,0,2026-09-02 07:50:43,2026-09-04T07:21:37.798310+00:00,2026-09-04
13902406,29500.0,10.292179440058462,Mitsubishi,Triton,2023,3,,1,,1,Pickup,Diesel,Automatic,White,used,1,Mass_Market,Siem Reap,Tier_2,store,0,0,2026-08-18 21:08:48,2026-09-05T07:01:25.840906+00:00,2026-09-05
13927392,18500.0,9.825580063659602,Mitsubishi,Pajero,2014,12,,1,,1,SUV,Diesel,Automatic,White,used,1,Mass_Market,Kandal,Tier_2,individual,0,0,2026-08-25 15:22:08,2026-09-03T07:18:27.071072+00:00,2026-09-03
13940196,10000.0,9.210440366976517,ផ្សេងៗ,,2010,16,,1,,1,Pickup,Diesel,Automatic,White,used,1,Other,Phnom Penh,Tier_1,individual,0,0,2026-08-28 18:36:06,2026-09-02T09:51:19.344800+00:00,2026-09-02
13973086,17800.0,9.787009914477434,Mitsubishi,Xpander,2020,6,40000,0,1500,0,MPV,Petrol,Automatic,Silver,used,1,Mass_Market,Phnom Penh,Tier_1,store,0,0,2026-09-06 11:27:50,2026-09-06T07:14:15.020528+00:00,2026-09-06
13969626,3500.0,8.160803920954665,Toyota,RAV4,1997,29,,1,,1,SUV,Petrol,Automatic,Silver,used,1,Mass_Market,Phnom Penh,Tier_1,individual,0,0,2026-09-05 11:18:14,2026-09-05T07:04:20.195416+00:00,2026-09-05
13969886,17900.0,9.792611856190192,Toyota,Prius,2013,13,,1,,1,Hatchback,Hybrid,Automatic,White,used,0,Mass_Market,Phnom Penh,Tier_1,store,1,1,2026-09-05 12:21:09,2026-09-05T07:01:06.024892+00:00,2026-09-05
13607460,13300.0,9.495594499353297,Toyota,Prius,2008,18,,1,,1,Hatchback,,Automatic,White,used,0,Mass_Market,Phnom Penh,Tier_1,individual,0,0,2026-06-04 16:07:12,2026-09-03T09:12:30.078966+00:00,2026-09-03
13794204,18300.0,9.814710982145282,Toyota,Prius,2012,14,,1,,1,Hatchback,,Manual,Grey,used,1,Mass_Market,Takeo,Tier_3,individual,0,0,2026-07-21 12:40:06,2026-09-03T09:13:04.314135+00:00,2026-09-03
13951947,18500.0,9.825580063659602,Toyota,Tacoma,2006,20,,1,,1,Pickup,,Automatic,White,used,1,Mass_Market,Phnom Penh,Tier_1,store,0,0,2026-09-01 08:28:16,2026-09-05T07:01:05.702121+00:00,2026-09-05
13953239,2300.0,7.741099090035366,Toyota,Corolla,1993,33,,1,,1,Sedan,,Automatic,Green,used,1,Mass_Market,Preah Sihanouk,Tier_2,individual,0,0,2026-09-01 12:07:32,2026-09-03T09:14:02.390463+00:00,2026-09-03
13953907,17300.0,9.758519582283522,Toyota,Prius,2014,12,,1,,1,Hatchback,,Automatic,Black,used,0,Mass_Market,Phnom Penh,Tier_1,individual,1,0,2026-09-01 14:01:36,2026-09-03T09:12:40.663770+00:00,2026-09-03
13843044,17500.0,9.770013301136158,Toyota,Prius,2013,13,,1,,1,Hatchback,Hybrid,Automatic,,used,1,Mass_Market,Phnom Penh,Tier_1,individual,1,0,2026-08-03 13:29:40,2026-09-05T07:04:15.339528+00:00,2026-09-05
13747704,5100.0,8.537191877922927,Toyota,Camry,1998,28,,1,,1,Sedan,,Automatic,,used,1,Mass_Market,Phnom Penh,Tier_1,individual,0,0,2026-07-09 11:10:47,2026-09-03T07:13:28.788554+00:00,2026-09-03
13958022,31800.0,10.367253014814716,Toyota,bZ5,2025,1,,1,0,0,Hatchback,Electric,Automatic,,new,0,Mass_Market,Phnom Penh,Tier_1,store,0,0,2026-09-02 13:53:32,2026-09-02T09:54:43.138018+00:00,2026-09-02
13947217,9600.0,9.169622538697624,Toyota,Prius,2006,20,,1,,1,Sedan,,Automatic,Green,used,1,Mass_Market,Phnom Penh,Tier_1,store,1,0,2026-08-30 19:09:25,2026-09-04T07:22:16.240444+00:00,2026-09-04
13847025,15900.0,9.674137279312397,Toyota,Wigo,2026,0,100000,0,1000,0,Hatchback,,Automatic,White,new,0,Mass_Market,Phnom Penh,Tier_1,store,0,0,2026-08-04 12:44:39,2026-09-02T09:53:41.764371+00:00,2026-09-02
13847134,15900.0,9.674137279312397,Toyota,Wigo,2026,0,100000,0,1000,0,Hatchback,Petrol,,Grey,new,0,Mass_Market,Phnom Penh,Tier_1,store,0,0,2026-08-04 13:08:10,2026-09-04T07:18:09.416820+00:00,2026-09-04
13936803,17000.0,9.741027444837728,Toyota,Prius,2015,11,,1,0,0,Hatchback,Electric,,Red,used,0,Mass_Market,Kandal,Tier_2,individual,1,0,2026-08-27 20:51:30,2026-09-02T09:51:58.514952+00:00,2026-09-02
13957456,17999.0,9.798127036878302,Toyota,Alphard,2008,18,,1,,1,MPV,Petrol,,White,used,1,Mass_Market,Phnom Penh,Tier_1,individual,0,0,2026-09-02 11:49:55,2026-09-03T07:17:17.537382+00:00,2026-09-03
13438674,20999.0,9.95227771670556,Toyota,Alphard,2011,15,,1,,1,MPV,,,White,used,1,Mass_Market,Phnom Penh,Tier_1,store,0,0,2026-04-25 00:18:28,2026-09-02T09:53:13.688518+00:00,2026-09-02
13779572,10498.0,9.259035293514941,Toyota,Prius,2008,18,,1,,1,Hatchback,,,Grey,used,1,Mass_Market,Phnom Penh,Tier_1,individual,0,0,2026-07-17 12:39:03,2026-09-06T07:11:35.737077+00:00,2026-09-06
13823109,1650.0,7.409136443920128,Toyota,Prius,2012,14,,1,,1,Hatchback,,,Grey,used,1,Mass_Market,Phnom Penh,Tier_1,individual,1,0,2026-07-29 08:28:55,2026-09-03T09:12:31.149862+00:00,2026-09-03
13878795,18800.0,9.841665338892785,Toyota,Rush,2019,7,,1,,1,SUV,,,White,used,1,Mass_Market,Phnom Penh,Tier_1,individual,1,0,2026-08-12 15:22:46,2026-09-05T07:04:11.857506+00:00,2026-09-05
13918520,16300.0,9.69898173460629,Toyota,Prius,2010,16,,1,,1,Hatchback,,,Grey,used,0,Mass_Market,Phnom Penh,Tier_1,individual,0,0,2026-08-23 12:50:12,2026-09-06T07:09:22.353546+00:00,2026-09-06
13923942,15000.0,9.61587214452889,Toyota,Prius,2010,16,,1,,1,Hatchback,,,Grey,used,1,Mass_Market,Phnom Penh,Tier_1,individual,1,0,2026-08-24 19:03:09,2026-09-06T07:10:58.947224+00:00,2026-09-06
13957861,18300.0,9.814710982145282,Toyota,Prius,2014,12,,1,,1,Hatchback,,,Grey,used,0,Mass_Market,Phnom Penh,Tier_1,store,0,0,2026-09-02 13:12:35,2026-09-02T09:55:44.952899+00:00,2026-09-02
13705350,15500.0,9.648659816955295,Toyota,Prius,2010,16,,1,,1,Hatchback,,,White,used,0,Mass_Market,Phnom Penh,Tier_1,individual,1,0,2026-06-28 14:59:00,2026-09-05T07:02:23.369541+00:00,2026-09-05
13966111,19500.0,9.87822102528824,Toyota,Venza,2010,16,,1,,1,,,,White,used,1,Mass_Market,Phnom Penh,Tier_1,store,1,0,2026-09-04 12:25:37,2026-09-04T07:19:29.129512+00:00,2026-09-04
13447803,24000.0,10.085850775128717,Ford,Ranger,2016,10,,1,2200,0,Pickup,Diesel,Automatic,Silver,used,1,Mass_Market,Phnom Penh,Tier_1,individual,0,0,2026-04-27 11:12:37,2026-09-05T07:03:22.410773+00:00,2026-09-05
13509854,44000.0,10.691967639914864,Ford,Ranger Wildtrak,2023,3,30500,0,,1,Pickup,Diesel,Automatic,White,used,1,Mass_Market,Phnom Penh,Tier_1,individual,0,0,2026-05-12 20:36:00,2026-09-05T06:59:49.902631+00:00,2026-09-05
13589349,35500.0,10.477316144080852,Ford,Ranger,2022,4,,1,3200,0,Pickup,Diesel,Automatic,White,used,1,Mass_Market,Phnom Penh,Tier_1,store,0,0,2026-05-31 12:55:28,2026-09-06T07:11:00.378217+00:00,2026-09-06
13699372,20900.0,9.94755228369823,Ford,Ranger,2021,5,,1,,1,Pickup,Diesel,Manual,White,used,1,Mass_Market,Phnom Penh,Tier_1,store,0,1,2026-06-26 22:29:46,2026-09-06T07:14:02.212788+00:00,2026-09-06
13731577,23500.0,10.064798252418377,Ford,Ranger Wildtrak,2014,12,,1,3200,0,Pickup,Diesel,Automatic,Red,used,1,Mass_Market,Phnom Penh,Tier_1,store,0,0,2026-07-05 12:30:35,2026-09-06T07:10:16.322660+00:00,2026-09-06
13847152,35800.0,10.485731104959568,Ford,Ranger Wildtrak,2022,4,50000,0,,1,Pickup,Diesel,Automatic,White,used,1,Mass_Market,Phnom Penh,Tier_1,store,0,0,2026-08-04 13:10:37,2026-09-02T09:56:02.193039+00:00,2026-09-02
13872651,25000.0,10.12667110305036,Ford,Ranger,2019,7,,1,,1,Pickup,Diesel,Automatic,Silver,used,1,Mass_Market,Phnom Penh,Tier_1,individual,0,0,2026-08-11 08:33:46,2026-09-02T09:53:33.847249+00:00,2026-09-02
13917793,22500.0,10.021315031649332,Ford,Mustang,2015,11,,1,,1,Coupe,Petrol,Automatic,White,used,1,Mass_Market,Phnom Penh,Tier_1,store,0,0,2026-08-23 10:10:50,2026-09-06T07:13:38.572603+00:00,2026-09-06
13936740,42000.0,10.645448706505872,Ford,Ranger Wildtrak,2023,3,,1,,1,Pickup,Diesel,Automatic,White,used,1,Mass_Market,Phnom Penh,Tier_1,store,0,0,2026-08-27 20:08:22,2026-09-02T09:51:59.231769+00:00,2026-09-02
13953740,33500.0,10.419330568113901,Ford,Ranger Wildtrak,2019,7,,1,,1,Pickup,Diesel,Automatic,White,used,1,Mass_Market,Phnom Penh,Tier_1,individual,0,0,2026-09-01 13:25:07,2026-09-03T09:12:57.536615+00:00,2026-09-03
13954222,63500.0,11.05881093278828,Ford,Everest,2026,0,6000,0,,1,SUV,Diesel,Automatic,Black,used,1,Mass_Market,Phnom Penh,Tier_1,store,0,0,2026-09-01 14:53:56,2026-09-05T06:58:57.429447+00:00,2026-09-05
13962252,47500.0,10.768506042432708,Ford,Ranger Wildtrak,2025,1,,1,2000,0,Pickup,Diesel,Automatic,White,used,1,Mass_Market,Phnom Penh,Tier_1,store,0,0,2026-09-03 13:46:33,2026-09-03T07:13:28.842224+00:00,2026-09-03
13387989,16300.0,9.69898173460629,Ford,Ecosport,2019,7,,1,,1,Hatchback,Petrol,Automatic,White,used,1,Mass_Market,Phnom Penh,Tier_1,store,1,0,2026-04-08 11:01:19,2026-09-04T07:19:23.501882+00:00,2026-09-04
13893439,34000.0,10.434145214930487,Ford,Ranger,2023,3,,1,,1,Pickup,Diesel,Automatic,White,used,1,Mass_Market,Phnom Penh,Tier_1,individual,0,0,2026-08-16 16:03:41,2026-09-03T09:12:24.070311+00:00,2026-09-03
13897531,41500.0,10.633472802314019,Ford,Ranger Wildtrak,2023,3,94000,0,,1,Pickup,Diesel,Automatic,White,used,1,Mass_Market,Kratié,Tier_3,individual,0,0,2026-08-17 16:24:14,2026-09-03T09:12:40.385964+00:00,2026-09-03
13966088,23900.0,10.081675578048475,Ford,Territory,2021,5,40000,0,,1,SUV,Petrol,Automatic,White,used,1,Mass_Market,Phnom Penh,Tier_1,store,1,0,2026-09-04 12:19:50,2026-09-04T07:19:49.475692+00:00,2026-09-04
13973390,16700.0,9.723223876851618,Ford,Freestar,2015,11,,1,,1,Coupe,,Automatic,White,used,0,Mass_Market,Phnom Penh,Tier_1,store,0,0,2026-09-06 12:40:03,2026-09-06T07:11:39.612480+00:00,2026-09-06
13942757,31000.0,10.34177474101152,Ford,E-Series,2023,3,,1,,1,Pickup,Diesel,,White,used,1,Mass_Market,Phnom Penh,Tier_1,individual,0,0,2026-08-29 13:23:27,2026-09-05T06:58:42.754793+00:00,2026-09-05
13953151,34500.0,10.448743588106625,Ford,Ranger Wildtrak,2020,6,,1,3200,0,Pickup,,,White,used,1,Mass_Market,Phnom Penh,Tier_1,individual,0,0,2026-09-01 11:51:56,2026-09-06T07:14:15.059924+00:00,2026-09-06
13970004,27800.0,10.2328272702548,Ford,Ranger,2022,4,,1,,1,Pickup,,,Grey,used,1,Mass_Market,Phnom Penh,Tier_1,store,0,0,2026-09-05 12:52:15,2026-09-05T06:59:47.193405+00:00,2026-09-05
13908508,12500.0,9.433563920090563,BMW,5 Series,2013,13,,1,0,0,Sedan,Electric,Automatic,White,used,1,Luxury,Phnom Penh,Tier_1,store,0,0,2026-08-20 14:46:02,2026-09-02T09:51:44.161708+00:00,2026-09-02
13528106,130000.0,11.775297421715827,BMW,735i,2023,3,,1,,1,Sedan,Petrol,Automatic,Black,new,0,Luxury,Phnom Penh,Tier_1,store,0,0,2026-05-17 12:10:20,2026-09-06T07:12:36.219719+00:00,2026-09-06
13937369,14444.0,9.578103612900335,BMW,X5,2007,19,,1,,1,SUV,Petrol,Automatic,White,used,0,Luxury,Phnom Penh,Tier_1,individual,0,0,2026-08-28 08:33:43,2026-09-02T09:52:52.761448+00:00,2026-09-02
13883404,33000.0,10.404293143019792,Land Rover,Rangerover Velar,2018,8,,1,,1,SUV,Petrol,Automatic,White,used,1,Luxury,Phnom Penh,Tier_1,individual,0,0,2026-08-13 18:52:21,2026-09-06T07:13:41.215100+00:00,2026-09-06
13940195,18900.0,9.846970109700957,Land Rover,Range Rover Sport,2014,12,,1,,1,SUV,Petrol,Automatic,White,used,1,Luxury,Phnom Penh,Tier_1,store,0,0,2026-08-28 18:35:10,2026-09-05T07:02:57.931303+00:00,2026-09-05
13942849,49500.0,10.809748150372926,Land Rover,Range Rover Vogue,2018,8,,1,,1,SUV,Diesel,Automatic,Blue,used,1,Luxury,Phnom Penh,Tier_1,store,0,0,2026-08-29 13:46:00,2026-09-02T09:52:29.244926+00:00,2026-09-02
13973515,25000.0,10.12667110305036,Land Rover,Range Rover Vogue,2014,12,,1,,1,SUV,Petrol,Automatic,Black,used,1,Luxury,Phnom Penh,Tier_1,store,0,0,2026-09-06 13:11:12,2026-09-06T07:10:53.751794+00:00,2026-09-06
13422428,24000.0,10.085850775128717,Land Rover,Range Rover Vogue,2014,12,,1,,1,,Petrol,Automatic,White,used,1,Luxury,Phnom Penh,Tier_1,individual,1,0,2026-04-21 12:59:21,2026-09-05T06:58:37.497817+00:00,2026-09-05
13965859,19999.0,9.903487552536127,Land Rover,Range Rover Vogue,2013,13,,1,,1,,Diesel,Automatic,Black,used,1,Luxury,Phnom Penh,Tier_1,individual,0,1,2026-09-04 11:34:35,2026-09-05T07:01:41.285311+00:00,2026-09-05
13911769,32500.0,10.389026137075234,Land Rover,Range Rover,2015,11,,1,,1,,,Automatic,White,used,1,Luxury,Phnom Penh,Tier_1,store,0,0,2026-08-21 13:25:19,2026-09-02T09:55:40.368234+00:00,2026-09-02
13843661,80000.0,11.289794413577894,Land Rover,Range Rover Vogue,2019,7,,1,,1,SUV,Diesel,,Black,used,1,Luxury,Phnom Penh,Tier_1,store,0,0,2026-08-03 15:02:35,2026-09-05T06:59:51.390168+00:00,2026-09-05
13935363,20500.0,9.928228944424575,Land Rover,Range Rover,2014,12,,1,,1,,,,Black,used,1,Luxury,Phnom Penh,Tier_1,individual,0,0,2026-08-27 14:22:05,2026-09-03T09:12:59.950967+00:00,2026-09-03
13597895,31800.0,10.367253014814716,ផ្សេងៗ,,2025,1,150000,0,0,0,SUV,Electric,Automatic,,new,0,Other,Phnom Penh,Tier_1,store,0,0,2026-06-02 14:20:42,2026-09-02T09:53:18.690987+00:00,2026-09-02
13854535,54800.0,10.911463720944793,ផ្សេងៗ,,2025,1,150000,0,6400,0,SUV,Hybrid,Automatic,,new,0,Other,Phnom Penh,Tier_1,store,0,0,2026-08-06 10:02:58,2026-09-05T06:58:07.896424+00:00,2026-09-05
13936218,45800.0,10.732061203925053,ផ្សេងៗ,,2025,1,,1,,1,SUV,Petrol,Automatic,White,used,1,Other,Phnom Penh,Tier_1,store,0,0,2026-08-27 16:55:09,2026-09-03T07:12:48.590709+00:00,2026-09-03
13545950,11500.0,9.350189267092581,ផ្សេងៗ,,2026,0,,1,1000,0,,Petrol,,Black,used,1,Other,Phnom Penh,Tier_1,store,0,0,2026-05-21 08:28:55,2026-09-03T07:14:09.813112+00:00,2026-09-03
13431476,36800.0,10.513280297700861,AVATR,AVATR 07,2026,0,,1,0,0,SUV,Electric,,Black,new,0,Chinese_EV,Phnom Penh,Tier_1,store,0,0,2026-04-23 11:32:21,2026-09-06T07:13:55.507185+00:00,2026-09-06
13503316,38000.0,10.545367754151743,AVATR,AVATR 11,2024,2,,1,0,0,SUV,Electric,Automatic,White,used,0,Chinese_EV,Phnom Penh,Tier_1,store,1,0,2026-05-11 12:42:37,2026-09-05T06:57:47.011277+00:00,2026-09-05
13472581,37900.0,10.542732775946709,AVATR,AVATR 07,2026,0,,1,0,0,SUV,Electric,Automatic,Black,new,0,Chinese_EV,Phnom Penh,Tier_1,store,0,0,2026-05-03 16:47:38,2026-09-05T07:02:25.050210+00:00,2026-09-05
13883445,34800.0,10.457401400981889,AVATR,AVATR 06,2025,1,17000,0,0,0,Hatchback,Electric,Automatic,Black,used,1,Chinese_EV,Phnom Penh,Tier_1,store,0,0,2026-08-13 19:09:31,2026-09-06T07:09:27.911656+00:00,2026-09-06
13642985,147900.0,11.904298410001253,Cadillac,Escalade ESV,2023,3,,1,6200,0,MPV,Petrol,Automatic,Black,used,1,Luxury,Phnom Penh,Tier_1,store,0,0,2026-06-13 11:09:57,2026-09-06T07:11:55.386843+00:00,2026-09-06
13970093,99900.0,11.511934974596555,Cadillac,Escalade ESV,2021,5,,1,6200,0,SUV,Petrol,Automatic,White,used,1,Luxury,Phnom Penh,Tier_1,store,0,0,2026-09-05 13:11:29,2026-09-05T06:59:26.936963+00:00,2026-09-05
13966035,15900.0,9.674137279312397,Mazda,Mazda 2,2023,3,30000,0,,1,,Petrol,Automatic,Red,used,1,Mass_Market,Phnom Penh,Tier_1,store,1,0,2026-09-04 12:11:57,2026-09-04T07:20:05.908312+00:00,2026-09-04
13775474,30000.0,10.308985993422082,Mazda,BT-50,2021,5,,1,3200,0,Pickup,Diesel,Automatic,White,used,1,Mass_Market,Phnom Penh,Tier_1,individual,0,0,2026-07-16 11:22:57,2026-09-03T09:13:15.016441+00:00,2026-09-03
13942652,16000.0,9.680406499268875,Mazda,Mazda 2,2022,4,,1,,1,Sedan,Petrol,Automatic,White,used,1,Mass_Market,Phnom Penh,Tier_1,individual,0,0,2026-08-29 12:58:53,2026-09-02T09:53:41.063995+00:00,2026-09-02
13786817,27500.0,10.221977646629885,Mazda,EZ-6,2024,2,16000,0,0,0,Sedan,Electric,Automatic,Grey,used,0,Mass_Market,Phnom Penh,Tier_1,store,0,0,2026-07-19 13:55:42,2026-09-06T07:12:35.051007+00:00,2026-09-06
13840565,32500.0,10.389026137075234,Mazda,EZ-60,2025,1,1900,0,0,0,SUV,Electric,Automatic,Black,used,1,Mass_Market,Phnom Penh,Tier_1,store,0,0,2026-08-02 19:29:50,2026-09-02T09:56:01.789265+00:00,2026-09-02
13916136,36500.0,10.505094936455558,Mazda,CX-60,2025,1,,1,,1,SUV,Hybrid,Automatic,Grey,used,1,Mass_Market,Phnom Penh,Tier_1,store,0,0,2026-08-22 18:06:50,2026-09-06T07:09:17.535371+00:00,2026-09-06
13958330,26800.0,10.196194479235656,Mazda,EZ-6,2025,1,,1,0,0,Sedan,Electric,Automatic,Grey,new,1,Mass_Market,Phnom Penh,Tier_1,store,0,0,2026-09-02 14:36:54,2026-09-02T09:53:37.154766+00:00,2026-09-02
13944105,14500.0,9.581972891547895,Nissan,Navara,2008,18,,1,,1,Pickup,Diesel,Automatic,Grey,used,1,Mass_Market,Takeo,Tier_3,individual,0,1,2026-08-29 20:00:37,2026-09-03T09:12:39.199341+00:00,2026-09-03
13973139,20500.0,9.928228944424575,Volkswagen,Jetta,2023,3,2023,0,,1,,,,White,used,1,Mass_Market,Phnom Penh,Tier_1,store,0,0,2026-09-06 11:43:47,2026-09-06T07:13:30.299113+00:00,2026-09-06
13355520,36888.0,10.515668682606062,Volkswagen,ID.6,2024,2,28000,0,0,0,SUV,Electric,Automatic,White,used,1,Mass_Market,Phnom Penh,Tier_1,individual,1,0,2026-03-31 10:34:09,2026-09-03T07:12:57.113091+00:00,2026-09-03
13929883,39500.0,10.584081267024454,Bentley,Continental GT,2015,11,,1,,1,Coupe,Petrol,Automatic,White,used,1,Luxury,Phnom Penh,Tier_1,individual,0,0,2026-08-26 10:19:36,2026-09-02T09:53:48.799458+00:00,2026-09-02
13435005,23900.0,10.081675578048475,Toyota,Raize,2026,0,1000,0,,1,SUV,Petrol,Automatic,White,new,0,Mass_Market,Phnom Penh,Tier_1,store,0,0,2026-04-24 08:35:15,2026-09-06T07:11:38.651855+00:00,2026-09-06
13452486,5250.0,8.566173813637858,Toyota,Corolla,2001,25,,1,,1,Sedan,Petrol,Automatic,Gold,used,1,Mass_Market,Phnom Penh,Tier_1,individual,0,0,2026-04-28 12:53:24,2026-09-06T07:13:29.536721+00:00,2026-09-06
13495480,18500.0,9.825580063659602,Toyota,Prius,2012,14,,1,,1,Hatchback,Hybrid,Automatic,Silver,used,0,Mass_Market,Phnom Penh,Tier_1,individual,0,0,2026-05-09 10:24:53,2026-09-03T09:13:24.523858+00:00,2026-09-03
13512139,37500.0,10.53212287826962,Toyota,Land Cruiser,2011,15,,1,,1,SUV,Petrol,Automatic,White,used,1,Mass_Market,Phnom Penh,Tier_1,individual,0,0,2026-05-13 11:54:19,2026-09-02T09:54:06.304312+00:00,2026-09-02
13610269,19500.0,9.87822102528824,Toyota,Tundra,2010,16,,1,,1,Pickup,Petrol,Automatic,Silver,used,1,Mass_Market,Kandal,Tier_2,store,1,0,2026-06-05 11:52:41,2026-09-06T07:10:03.114198+00:00,2026-09-06
13637976,20000.0,9.90353755128617,Toyota,Prius,2014,12,,1,,1,MPV,Hybrid,Automatic,White,used,1,Mass_Market,Phnom Penh,Tier_1,individual,1,0,2026-06-12 09:02:39,2026-09-02T09:54:43.129185+00:00,2026-09-02
13697667,11500.0,9.350189267092581,Toyota,Highlander,2001,25,,1,,1,SUV,Petrol,Automatic,White,used,1,Mass_Market,Phnom Penh,Tier_1,store,0,0,2026-06-26 14:05:10,2026-09-02T09:51:46.745974+00:00,2026-09-02
13698805,11800.0,9.375939552625749,Toyota,Highlander,2001,25,,1,,1,SUV,LPG,Automatic,Black,used,1,Mass_Market,Phnom Penh,Tier_1,individual,0,0,2026-06-26 18:35:00,2026-09-02T09:51:50.342224+00:00,2026-09-02
13707435,1500.0,7.313886831633462,Toyota,Prius,2010,16,,1,,1,Sedan,Hybrid,Automatic,Silver,used,0,Mass_Market,Phnom Penh,Tier_1,individual,0,0,2026-06-29 09:40:07,2026-09-03T09:14:03.524146+00:00,2026-09-03
13716672,13500.0,9.510519035757246,Toyota,Highlander,2003,23,,1,,1,SUV,Petrol,Automatic,Silver,used,1,Mass_Market,Phnom Penh,Tier_1,store,0,0,2026-07-01 13:32:05,2026-09-06T07:14:06.472013+00:00,2026-09-06
13718250,43000.0,10.668978650219241,Toyota,Land Cruiser,2013,13,,1,,1,SUV,Petrol,Automatic,White,used,1,Mass_Market,Phnom Penh,Tier_1,store,1,0,2026-07-01 21:18:06,2026-09-05T07:00:16.755006+00:00,2026-09-05
13723356,16900.0,9.735128070758227,Toyota,Camry,2007,19,,1,,1,Sedan,Petrol,Automatic,White,used,1,Mass_Market,Phnom Penh,Tier_1,store,0,0,2026-07-03 09:18:16,2026-09-05T07:03:06.511365+00:00,2026-09-05
13731247,16000.0,9.680406499268875,Toyota,Prius,2012,14,177027,0,,1,Hatchback,Hybrid,Automatic,Grey,used,0,Mass_Market,Phnom Penh,Tier_1,store,0,0,2026-07-05 11:20:06,2026-09-02T09:51:38.645207+00:00,2026-09-02
13735944,46500.0,10.747229096720554,Toyota,Hilux Revo,2027,0,,1,,1,Pickup,Diesel,Automatic,White,new,0,Mass_Market,Phnom Penh,Tier_1,store,0,0,2026-07-06 14:21:18,2026-09-02T09:52:09.745134+00:00,2026-09-02
13738274,9950.0,9.205428327615163,Toyota,Tacoma,2001,25,,1,,1,Pickup,Petrol,Automatic,Gold,used,1,Mass_Market,Phnom Penh,Tier_1,individual,0,0,2026-07-07 08:36:25,2026-09-03T07:15:27.124198+00:00,2026-09-03
13758075,23300.0,10.056251557087757,Toyota,Prius,2017,9,,1,,1,Hatchback,Hybrid,Automatic,Red,used,0,Mass_Market,Phnom Penh,Tier_1,store,0,0,2026-07-11 19:43:50,2026-09-05T07:00:57.036817+00:00,2026-09-05
13762250,11500.0,9.350189267092581,Toyota,Highlander,2001,25,,1,,1,SUV,Petrol,Automatic,Silver,used,1,Mass_Market,Takeo,Tier_3,individual,0,0,2026-07-13 08:10:56,2026-09-04T07:17:38.792612+00:00,2026-09-04
13767552,11100.0,9.314790473332646,Toyota,Prius,2008,18,,1,,1,Hatchback,Hybrid,Automatic,Grey,used,0,Mass_Market,Phnom Penh,Tier_1,store,0,0,2026-07-14 11:02:04,2026-09-06T07:09:35.937684+00:00,2026-09-06
13797232,18800.0,9.841665338892785,Toyota,Prius,2013,13,,1,,1,Hatchback,Hybrid,Automatic,Grey,used,0,Mass_Market,Phnom Penh,Tier_1,store,1,0,2026-07-22 09:37:49,2026-09-06T07:13:38.909829+00:00,2026-09-06
13798440,29500.0,10.292179440058462,Toyota,Land Cruiser,2010,16,,1,,1,SUV,Diesel,Automatic,Gold,used,1,Mass_Market,Phnom Penh,Tier_1,individual,0,0,2026-07-22 13:19:44,2026-09-04T07:17:08.087326+00:00,2026-09-04
13822957,16500.0,9.711176264112805,Toyota,Camry,2007,19,,1,,1,Sedan,Petrol,Automatic,White,used,1,Mass_Market,Phnom Penh,Tier_1,store,1,0,2026-07-29 07:02:13,2026-09-02T09:53:20.884740+00:00,2026-09-02
13829271,17800.0,9.787009914477434,Toyota,Prius,2012,14,,1,,1,Hatchback,Hybrid,Automatic,White,used,0,Mass_Market,Phnom Penh,Tier_1,store,0,0,2026-07-30 14:40:25,2026-09-02T09:52:07.030198+00:00,2026-09-02
13836650,38800.0,10.566201298475118,Toyota,Land Cruiser,2011,15,,1,4000,0,SUV,Petrol,Automatic,White,used,1,Mass_Market,Phnom Penh,Tier_1,store,0,0,2026-08-01 15:54:28,2026-09-06T07:11:46.113884+00:00,2026-09-06
13850582,55500.0,10.92415631759022,Toyota,Fortuner,2025,1,,1,,1,SUV,Diesel,Automatic,White,new,1,Mass_Market,Phnom Penh,Tier_1,store,0,0,2026-08-05 10:52:23,2026-09-02T09:52:36.116385+00:00,2026-09-02
13850809,15300.0,9.635673464721814,Toyota,Highlander,2002,24,,1,,1,SUV,Petrol,Automatic,Gold,used,1,Mass_Market,Phnom Penh,Tier_1,store,0,0,2026-08-05 11:44:30,2026-09-06T07:13:16.661821+00:00,2026-09-06
13861857,25000.0,10.12667110305036,Toyota,Prius,2017,9,,1,,1,Hatchback,Hybrid,Automatic,Silver,used,0,Mass_Market,Phnom Penh,Tier_1,individual,0,0,2026-08-08 07:03:27,2026-09-03T09:13:24.758723+00:00,2026-09-03
13863461,31500.0,10.357774570341576,Toyota,Hilux Revo,2020,6,,1,,1,Pickup,Diesel,Automatic,White,used,1,Mass_Market,Phnom Penh,Tier_1,store,0,0,2026-08-08 13:21:45,2026-09-06T07:11:10.472247+00:00,2026-09-06
13874983,17000.0,9.741027444837728,Toyota,Prius,2014,12,,1,,1,Hatchback,Hybrid,Automatic,Grey,used,0,Mass_Market,Phnom Penh,Tier_1,store,0,0,2026-08-11 16:12:44,2026-09-02T09:52:44.928330+00:00,2026-09-02
13881366,46500.0,10.747229096720554,Toyota,Land Cruiser,2013,13,,1,4000,0,SUV,Petrol,Automatic,White,used,1,Mass_Market,Phnom Penh,Tier_1,individual,0,0,2026-08-13 10:39:21,2026-09-04T07:17:01.980030+00:00,2026-09-04
13889118,8300.0,9.024131268455035,Toyota,Prius,2005,21,,1,,1,Sedan,Hybrid,Automatic,Black,used,0,Mass_Market,Phnom Penh,Tier_1,store,1,0,2026-08-15 11:35:34,2026-09-02T09:52:43.129303+00:00,2026-09-02
13900988,44500.0,10.703266939811954,Toyota,Land Cruiser,2013,13,,1,,1,SUV,Petrol,Automatic,White,used,1,Mass_Market,Phnom Penh,Tier_1,store,0,0,2026-08-18 14:21:07,2026-09-06T07:10:16.388576+00:00,2026-09-06
13907821,12500.0,9.433563920090563,Toyota,Prius,2008,18,,1,,1,Hatchback,Hybrid,Automatic,Grey,used,0,Mass_Market,Phnom Penh,Tier_1,individual,0,0,2026-08-20 12:12:10,2026-09-03T07:13:32.127287+00:00,2026-09-03
13910040,19500.0,9.87822102528824,Toyota,Prius,2015,11,,1,,1,Sedan,Hybrid,Automatic,White,used,0,Mass_Market,Phnom Penh,Tier_1,store,0,0,2026-08-21 04:49:19,2026-09-05T07:01:13.601435+00:00,2026-09-05
13918674,9599.0,9.169518377455928,Toyota,Vitz,2015,11,30000,0,,1,Sedan,Petrol,Automatic,Blue,used,0,Mass_Market,Phnom Penh,Tier_1,store,0,0,2026-08-23 13:26:26,2026-09-02T09:56:00.993760+00:00,2026-09-02
13921025,8500.0,9.04793908261736,Toyota,Tacoma,2002,24,,1,,1,Pickup,Petrol,Automatic,Gold,used,1,Mass_Market,Phnom Penh,Tier_1,store,0,0,2026-08-24 09:15:18,2026-09-03T07:13:38.984293+00:00,2026-09-03
13933221,16300.0,9.69898173460629,Toyota,Prius,2013,13,,1,,1,SUV,Hybrid,Automatic,White,used,1,Mass_Market,Phnom Penh,Tier_1,individual,0,0,2026-08-27 01:39:20,2026-09-02T09:55:25.897802+00:00,2026-09-02
13935244,20500.0,9.928228944424575,Toyota,Rush,2019,7,60000,0,,1,SUV,Petrol,Automatic,White,used,1,Mass_Market,Phnom Penh,Tier_1,store,0,0,2026-08-27 14:00:32,2026-09-04T07:16:59.564148+00:00,2026-09-04
13936635,15900.0,9.674137279312397,Toyota,Tacoma,2008,18,,1,,1,Pickup,Petrol,Automatic,Silver,used,1,Mass_Market,Phnom Penh,Tier_1,store,0,0,2026-08-27 19:30:11,2026-09-02T09:56:01.373222+00:00,2026-09-02
13938256,39000.0,10.571342565808699,Toyota,Land Cruiser,2014,12,,1,,1,SUV,Petrol,Automatic,Black,used,1,Mass_Market,Phnom Penh,Tier_1,individual,0,1,2026-08-28 11:16:45,2026-09-06T07:09:27.423299+00:00,2026-09-06
13938660,25000.0,10.12667110305036,Toyota,Highlander,2012,14,,1,2700,0,SUV,Petrol,Automatic,White,used,1,Mass_Market,Phnom Penh,Tier_1,individual,0,1,2026-08-28 12:38:37,2026-09-05T07:00:21.868799+00:00,2026-09-05
13944272,17800.0,9.787009914477434,Toyota,Prius,2012,14,,1,,1,Hatchback,Hybrid,Automatic,Grey,used,0,Mass_Market,Phnom Penh,Tier_1,store,1,0,2026-08-29 21:39:17,2026-09-02T09:55:22.320604+00:00,2026-09-02
13944277,17500.0,9.770013301136158,Toyota,Prius,2010,16,,1,,1,Hatchback,Hybrid,Automatic,White,used,0,Mass_Market,Phnom Penh,Tier_1,store,0,0,2026-08-29 21:41:38,2026-09-02T09:55:21.843271+00:00,2026-09-02
13945324,8900.0,9.093918908958932,Toyota,RAV4,2002,24,,1,,1,SUV,Petrol,Automatic,White,used,1,Mass_Market,Phnom Penh,Tier_1,store,0,0,2026-08-30 10:11:14,2026-09-06T07:12:50.833021+00:00,2026-09-06
13945596,7600.0,8.936035096566041,Toyota,Prius,2004,22,,1,,1,Hatchback,Hybrid,Automatic,White,used,1,Mass_Market,Phnom Penh,Tier_1,individual,0,0,2026-08-30 11:15:00,2026-09-02T09:53:33.020381+00:00,2026-09-02
13945870,23000.0,10.043292972227004,Toyota,Land Cruiser,2004,22,,1,,1,SUV,Diesel,Manual,Gold,used,1,Mass_Market,Phnom Penh,Tier_1,individual,0,0,2026-08-30 12:26:42,2026-09-02T09:55:45.128773+00:00,2026-09-02
13946229,11800.0,9.375939552625749,Toyota,Highlander,2003,23,,1,,1,SUV,Petrol,Automatic,Gold,used,1,Mass_Market,Kampot,Tier_3,store,0,0,2026-08-30 13:52:31,2026-09-03T07:13:18.380792+00:00,2026-09-03
13951125,8700.0,9.071193240566025,Toyota,RAV4,2002,24,,1,,1,MPV,Petrol,Automatic,White,used,1,Mass_Market,Phnom Penh,Tier_1,store,0,0,2026-08-31 18:24:44,2026-09-03T07:15:34.903733+00:00,2026-09-03
13952506,16500.0,9.711176264112805,Toyota,Prius,2012,14,,1,,1,Sedan,Hybrid,Automatic,White,used,1,Mass_Market,Phnom Penh,Tier_1,store,1,0,2026-09-01 10:06:50,2026-09-06T07:12:23.344485+00:00,2026-09-06
13953291,7500.0,8.922791623969637,Toyota,Prius,2004,22,,1,,1,Sedan,Petrol,Automatic,Blue,used,1,Mass_Market,Battambang,Tier_2,individual,0,0,2026-09-01 12:18:05,2026-09-03T09:13:54.745640+00:00,2026-09-03
13957981,45500.0,10.725489582719506,Toyota,Alphard,2018,8,,1,,1,MPV,Petrol,Automatic,Black,used,1,Mass_Market,Phnom Penh,Tier_1,store,0,0,2026-09-02 13:44:11,2026-09-02T09:54:51.914430+00:00,2026-09-02
13958146,7200.0,8.881975184248867,Toyota,Prius,2004,22,,1,,1,Hatchback,Hybrid,Automatic,Silver,used,1,Mass_Market,Phnom Penh,Tier_1,individual,0,0,2026-09-02 14:14:54,2026-09-02T09:54:10.706484+00:00,2026-09-02
13958502,10000.0,9.210440366976517,Toyota,Highlander,2001,25,,1,,1,SUV,Petrol,Automatic,Gold,used,1,Mass_Market,Phnom Penh,Tier_1,store,0,0,2026-09-02 15:03:02,2026-09-02T09:53:10.901451+00:00,2026-09-02
13961701,16800.0,9.729193687429403,Toyota,Prius,2012,14,,1,,1,Sedan,Hybrid,Automatic,White,used,1,Mass_Market,Phnom Penh,Tier_1,store,1,0,2026-09-03 11:54:12,2026-09-03T07:16:55.594834+00:00,2026-09-03
13962344,15300.0,9.635673464721814,Toyota,Prius,2010,16,,1,,1,Sedan,Hybrid,Automatic,White,used,1,Mass_Market,Kampot,Tier_3,individual,1,0,2026-09-03 14:02:29,2026-09-03T07:13:02.777920+00:00,2026-09-03
13966094,7600.0,8.936035096566041,Toyota,Prius,2004,22,,1,,1,Hatchback,Hybrid,Automatic,Silver,used,1,Mass_Market,Phnom Penh,Tier_1,individual,0,0,2026-09-04 12:20:36,2026-09-04T07:19:45.013499+00:00,2026-09-04
13966580,19200.0,9.862717639992917,Toyota,Raize,2023,3,30000,0,,1,Hatchback,Petrol,Automatic,White,used,1,Mass_Market,Kandal,Tier_2,individual,0,0,2026-09-04 14:04:13,2026-09-05T07:02:55.724005+00:00,2026-09-05
13969989,23000.0,10.043292972227004,Toyota,Tacoma,2013,13,,1,,1,Pickup,Petrol,Automatic,Brown,used,0,Mass_Market,Phnom Penh,Tier_1,store,0,0,2026-09-05 12:49:26,2026-09-05T06:59:55.689364+00:00,2026-09-05
13970256,16600.0,9.717218213494077,Toyota,Prius,2012,14,,1,,1,MPV,Hybrid,Automatic,Grey,used,0,Mass_Market,Phnom Penh,Tier_1,store,0,0,2026-09-05 13:45:07,2026-09-05T06:58:20.633656+00:00,2026-09-05
13973772,18500.0,9.825580063659602,Toyota,Prius,2014,12,,1,,1,Hatchback,Hybrid,Automatic,White,used,0,Mass_Market,Phnom Penh,Tier_1,store,0,0,2026-09-06 13:55:54,2026-09-06T07:09:45.539368+00:00,2026-09-06
13949882,5800.0,8.665785595466064,Toyota,Hiace,1994,32,,1,2400,0,MPV,Petrol,Manual,Grey,used,1,Mass_Market,Phnom Penh,Tier_1,individual,0,0,2026-08-31 13:15:22,2026-09-03T09:14:07.307222+00:00,2026-09-03
13962130,6250.0,8.740496729931813,Toyota,Hiace,1990,36,,1,,1,MPV,Petrol,Manual,Black,used,1,Mass_Market,Phnom Penh,Tier_1,individual,0,0,2026-09-03 13:17:52,2026-09-03T07:13:46.964896+00:00,2026-09-03
13968661,35500.0,10.477316144080852,Toyota,Hilux,2023,3,,1,,1,Pickup,Diesel,Automatic,Grey,used,1,Mass_Market,Phnom Penh,Tier_1,individual,0,0,2026-09-05 08:15:22,2026-09-06T07:09:27.972929+00:00,2026-09-06
13619546,15500.0,9.648659816955295,Toyota,Prius,2010,16,,1,,1,Hatchback,Hybrid,,Silver,used,0,Mass_Market,Phnom Penh,Tier_1,individual,1,0,2026-06-07 20:23:04,2026-09-06T07:11:52.559692+00:00,2026-09-06
13697732,13200.0,9.488047863280759,Toyota,Highlander,2003,23,,1,,1,SUV,Petrol,,White,used,1,Mass_Market,Phnom Penh,Tier_1,store,0,0,2026-06-26 14:08:13,2026-09-02T09:52:21.081048+00:00,2026-09-02
13843884,45500.0,10.725489582719506,Toyota,Alphard,2016,10,,1,,1,MPV,Hybrid,,Black,used,0,Mass_Market,Phnom Penh,Tier_1,store,0,0,2026-08-03 15:37:21,2026-09-02T09:52:37.821388+00:00,2026-09-02
13912778,39000.0,10.571342565808699,Toyota,Fortuner,2022,4,,1,,1,SUV,Diesel,,White,used,1,Mass_Market,Phnom Penh,Tier_1,individual,0,0,2026-08-21 16:54:20,2026-09-05T07:00:47.073868+00:00,2026-09-05
13918740,16500.0,9.711176264112805,Toyota,Highlander,2006,20,,1,,1,Sedan,Petrol,,Gold,used,1,Mass_Market,Takeo,Tier_3,individual,0,0,2026-08-23 13:41:17,2026-09-06T07:09:47.951538+00:00,2026-09-06
13952476,14800.0,9.60245002503719,Toyota,Prius,2010,16,,1,,1,Sedan,Hybrid,,White,used,1,Mass_Market,Phnom Penh,Tier_1,store,0,0,2026-09-01 10:02:52,2026-09-06T07:12:23.369519+00:00,2026-09-06
13898353,16500.0,9.711176264112805,Toyota,Prius,2015,11,,1,,1,Hatchback,,,Grey,used,1,Mass_Market,Phnom Penh,Tier_1,individual,0,0,2026-08-17 21:36:56,2026-09-06T07:12:00.817169+00:00,2026-09-06
13401913,19350.0,9.870499376709148,Toyota,Tacoma,2008,18,,1,,1,Pickup,Petrol,Automatic,Silver,used,1,Mass_Market,Kampong Chhnang,Tier_3,individual,0,1,2026-04-12 20:50:27,2026-09-04T07:18:38.411997+00:00,2026-09-04
13764217,11800.0,9.375939552625749,Toyota,Prius,2009,17,,1,,1,Hatchback,Hybrid,Automatic,Green,used,1,Mass_Market,Phnom Penh,Tier_1,store,0,0,2026-07-13 14:45:35,2026-09-06T07:14:10.810472+00:00,2026-09-06
13817935,15800.0,9.6678285081515,Toyota,Land Cruiser,2000,26,,1,,1,SUV,Diesel,Automatic,Green,used,1,Mass_Market,Phnom Penh,Tier_1,store,0,0,2026-07-27 20:11:46,2026-09-05T06:58:35.907592+00:00,2026-09-05
13878304,11700.0,9.367429587218957,Toyota,Prius,2007,19,,1,,1,Hatchback,Hybrid,Automatic,Grey,used,1,Mass_Market,Phnom Penh,Tier_1,individual,0,0,2026-08-12 13:33:54,2026-09-02T09:54:39.521803+00:00,2026-09-02
13888587,29999.0,10.308952660644293,Toyota,Alphard,2015,11,,1,,1,MPV,Petrol,Automatic,White,used,1,Mass_Market,Phnom Penh,Tier_1,store,0,0,2026-08-15 09:50:07,2026-09-06T07:10:58.401999+00:00,2026-09-06
13916194,10000.0,9.210440366976517,Toyota,Land Cruiser,1995,31,,1,,1,SUV,Diesel,Automatic,Black,used,1,Mass_Market,Phnom Penh,Tier_1,individual,0,0,2026-08-22 18:33:32,2026-09-03T07:13:31.416108+00:00,2026-09-03
13917618,4750.0,8.46611040118692,Toyota,Corolla,1998,28,,1,,1,Sedan,Petrol,Automatic,Grey,used,1,Mass_Market,Banteay Meanchey,Tier_3,individual,0,0,2026-08-23 09:34:01,2026-09-02T09:54:13.250865+00:00,2026-09-02
13938997,9500.0,9.15915233520675,Toyota,Prius,2008,18,,1,,1,Hatchback,Petrol,Automatic,Blue,used,1,Mass_Market,Phnom Penh,Tier_1,individual,1,0,2026-08-28 13:43:22,2026-09-03T09:12:46.950446+00:00,2026-09-03
13948449,3700.0,8.216358332386156,Toyota,Corolla,1998,28,,1,,1,Sedan,Petrol,Automatic,Black,used,1,Mass_Market,Phnom Penh,Tier_1,store,0,0,2026-08-31 08:47:24,2026-09-04T07:16:58.913891+00:00,2026-09-04
13953392,11400.0,9.34145634983372,Toyota,Prius,2007,19,,1,,1,Hatchback,Hybrid,Automatic,White,used,1,Mass_Market,Phnom Penh,Tier_1,individual,0,0,2026-09-01 12:31:06,2026-09-03T09:13:36.166158+00:00,2026-09-03
13962111,18800.0,9.841665338892785,Toyota,Prius,2013,13,257494,0,,1,Hatchback,Hybrid,Automatic,White,used,0,Mass_Market,Phnom Penh,Tier_1,store,0,0,2026-09-03 13:12:13,2026-09-03T07:14:11.138972+00:00,2026-09-03
13481109,72000.0,11.184435286790631,Denza,D9,2024,2,,1,,1,MPV,Petrol,Automatic,Black,used,0,Chinese_EV,Phnom Penh,Tier_1,store,0,0,2026-05-05 21:47:50,2026-09-06T07:12:36.687472+00:00,2026-09-06
13810989,56500.0,10.942013616092948,Denza,D9,2025,1,,1,,1,MPV,Hybrid,,White,used,1,Chinese_EV,Phnom Penh,Tier_1,individual,0,0,2026-07-25 20:51:45,2026-09-03T09:12:28.012612+00:00,2026-09-03
13565807,20800.0,9.942756341456828,GTV,ផ្សេងៗ,2026,0,,1,,1,Sedan,Hybrid,Automatic,White,new,0,Chinese_EV,Phnom Penh,Tier_1,individual,0,0,2026-05-25 19:05:10,2026-09-03T09:13:06.864729+00:00,2026-09-03
13854705,16000.0,9.680406499268875,Hyundai,Starex,2015,11,,1,,1,MPV,Diesel,Automatic,White,used,1,Mass_Market,Phnom Penh,Tier_1,individual,0,0,2026-08-06 10:39:54,2026-09-06T07:12:03.473538+00:00,2026-09-06
13669443,13900.0,9.539716058977092,Hyundai,Starex,2013,13,,1,,1,MPV,Diesel,Automatic,Silver,used,1,Mass_Market,Phnom Penh,Tier_1,individual,0,0,2026-06-19 20:06:03,2026-09-05T06:59:34.678992+00:00,2026-09-05
13734827,49000.0,10.799595985047786,Lexus,RZ450e,2023,3,,1,0,0,SUV,Electric,Automatic,White,new,0,Luxury,Phnom Penh,Tier_1,store,1,0,2026-07-06 11:16:51,2026-09-06T07:13:59.764262+00:00,2026-09-06
13966293,9500.0,9.15915233520675,Hyundai,Tourism - ទូរីស,2008,18,,1,,1,,Diesel,Automatic,Black,used,1,Mass_Market,Phnom Penh,Tier_1,store,0,0,2026-09-04 13:13:06,2026-09-04T07:18:07.140165+00:00,2026-09-04
13899661,61000.0,11.0186455364637,Xiaomi,YU7,2025,1,,1,0,0,SUV,Electric,Automatic,,used,0,Other,Phnom Penh,Tier_1,store,0,0,2026-08-18 10:02:51,2026-09-05T06:58:19.226081+00:00,2026-09-05
13962945,25500.0,10.146472946063877,Changan,UNI-T,2025,1,,1,,1,SUV,Petrol,Automatic,Grey,used,1,Chinese_EV,Phnom Penh,Tier_1,individual,0,0,2026-09-03 15:33:33,2026-09-06T07:10:48.243363+00:00,2026-09-06
13622152,22800.0,10.034559673629849,Changan,Q05,2026,0,,1,0,0,SUV,Electric,Automatic,White,new,0,Chinese_EV,Phnom Penh,Tier_1,store,0,0,2026-06-08 13:36:23,2026-09-05T06:58:07.926357+00:00,2026-09-05
13871062,17900.0,9.792611856190192,MG,RX5,2019,7,,1,,1,SUV,Petrol,Automatic,White,used,1,Chinese_EV,Phnom Penh,Tier_1,individual,0,0,2026-08-10 16:20:09,2026-09-05T06:58:46.600735+00:00,2026-09-05
13905754,118000.0,11.678448377988165,Rolls-Royce,Phantom,2013,13,,1,,1,Sedan,Petrol,Automatic,Black,used,1,Luxury,Phnom Penh,Tier_1,individual,0,0,2026-08-19 19:21:43,2026-09-03T07:13:31.514709+00:00,2026-09-03
13880551,22900.0,10.038935856711177,GAC,GN6,2026,0,10000,0,,1,SUV,Petrol,Automatic,White,used,1,Chinese_EV,Phnom Penh,Tier_1,individual,0,0,2026-08-13 08:22:13,2026-09-06T07:09:25.426005+00:00,2026-09-06
13948822,19800.0,9.893487720457795,GAC,GS4,2025,1,,1,,1,SUV,Petrol,Automatic,Black,used,1,Chinese_EV,Phnom Penh,Tier_1,store,0,0,2026-08-31 09:44:45,2026-09-06T07:11:02.195369+00:00,2026-09-06
13949568,31800.0,10.367253014814716,GAC,GN8,2024,2,,1,,1,MPV,Petrol,Automatic,Black,used,1,Chinese_EV,Phnom Penh,Tier_1,store,0,0,2026-08-31 12:01:05,2026-09-02T09:52:31.957586+00:00,2026-09-02
13966165,38000.0,10.545367754151743,GAC,GN8,2024,2,,1,,1,MPV,Petrol,Automatic,White,new,0,Chinese_EV,Phnom Penh,Tier_1,store,0,0,2026-09-04 12:40:29,2026-09-04T07:18:49.638252+00:00,2026-09-04
13457315,44900.0,10.712215345197256,GAC,GN8,2025,1,,1,,1,MPV,Petrol,,Black,used,1,Chinese_EV,Phnom Penh,Tier_1,individual,0,0,2026-04-29 14:39:20,2026-09-03T09:12:28.300586+00:00,2026-09-03
13901400,37800.0,10.540090836284206,GAC,GS8,2025,1,,1,,1,SUV,Diesel,,Black,new,0,Chinese_EV,Phnom Penh,Tier_1,individual,0,0,2026-08-18 15:42:57,2026-09-03T03:45:06.262399+00:00,2026-09-03
13953862,19600.0,9.883335864325275,GAC,GS4,2025,1,,1,,1,SUV,Petrol,,Black,used,1,Chinese_EV,Phnom Penh,Tier_1,individual,1,1,2026-09-01 13:53:14,2026-09-03T09:12:43.570255+00:00,2026-09-03
13842507,24500.0,10.106469212026385,BESTUNE,ផ្សេងៗ,2026,0,,1,,1,SUV,Hybrid,Automatic,White,new,0,Other,Phnom Penh,Tier_1,store,0,0,2026-08-03 11:26:15,2026-09-02T09:53:11.551496+00:00,2026-09-02
13267090,89000.0,11.39640288460621,Audi,Q7,2008,18,,1,,1,SUV,Diesel,Automatic,Black,used,1,Luxury,Phnom Penh,Tier_1,individual,0,0,2026-03-09 11:35:33,2026-09-04T07:22:01.057963+00:00,2026-09-04
13474953,19500.0,9.87822102528824,Audi,Q2,2020,6,,1,,1,SUV,Petrol,Automatic,Black,used,1,Luxury,Phnom Penh,Tier_1,store,0,0,2026-05-04 11:38:45,2026-09-06T07:13:44.128424+00:00,2026-09-06
13350882,24800.0,10.118639253920785,Lexus,RX330,2004,22,,1,,1,SUV,Petrol,Automatic,White,used,0,Luxury,Phnom Penh,Tier_1,store,0,0,2026-03-30 09:08:10,2026-09-03T07:16:07.884469+00:00,2026-09-03
13491887,66800.0,11.109473329472568,Lexus,LX570,2015,11,,1,,1,SUV,Petrol,Automatic,White,used,1,Luxury,Phnom Penh,Tier_1,individual,0,0,2026-05-08 11:36:15,2026-09-03T09:13:12.050432+00:00,2026-09-03
13573894,28500.0,10.25769445336048,Lexus,NX200t,2016,10,,1,,1,SUV,Petrol,Automatic,Grey,used,1,Luxury,Phnom Penh,Tier_1,store,1,0,2026-05-27 15:50:28,2026-09-02T09:53:21.974951+00:00,2026-09-02
13642484,26800.0,10.196194479235656,Lexus,RX350,2010,16,,1,,1,SUV,Petrol,Automatic,White,used,1,Luxury,Phnom Penh,Tier_1,store,0,0,2026-06-13 09:48:01,2026-09-05T07:01:07.032487+00:00,2026-09-05
13650197,22500.0,10.021315031649332,Lexus,RX330,2004,22,,1,,1,SUV,Petrol,Automatic,White,used,1,Luxury,Phnom Penh,Tier_1,store,0,0,2026-06-15 11:24:23,2026-09-05T07:04:11.183674+00:00,2026-09-05
13657000,56500.0,10.942013616092948,Lexus,LX570,2008,18,,1,,1,SUV,Petrol,Automatic,Black,used,1,Luxury,Phnom Penh,Tier_1,store,0,0,2026-06-16 20:36:22,2026-09-03T07:13:23.272877+00:00,2026-09-03
13712249,55500.0,10.92415631759022,Lexus,LX570,2010,16,,1,,1,SUV,Petrol,Automatic,Black,used,1,Luxury,Phnom Penh,Tier_1,store,0,0,2026-06-30 12:13:05,2026-09-03T07:13:22.827215+00:00,2026-09-03
13728952,11900.0,9.38437770918244,Lexus,RX300,2002,24,,1,,1,SUV,Petrol,Automatic,White,used,1,Luxury,Phnom Penh,Tier_1,store,0,0,2026-07-04 15:14:14,2026-09-06T07:10:50.752704+00:00,2026-09-06
13784346,8300.0,9.024131268455035,Lexus,RX300,2002,24,,1,,1,Sedan,Petrol,Automatic,Black,used,1,Luxury,Phnom Penh,Tier_1,individual,0,0,2026-07-18 17:47:07,2026-09-02T09:55:57.757877+00:00,2026-09-02
13841343,10700.0,9.278092474027002,Lexus,RX300,2001,25,,1,,1,SUV,Petrol,Automatic,White,used,1,Luxury,Phnom Penh,Tier_1,individual,1,0,2026-08-03 07:29:30,2026-09-05T06:59:07.790749+00:00,2026-09-05
13856227,23600.0,10.069044362997353,Lexus,NX200t,2016,10,,1,,1,SUV,Petrol,Automatic,Silver,used,1,Luxury,Phnom Penh,Tier_1,store,0,0,2026-08-06 15:37:20,2026-09-03T07:17:50.761359+00:00,2026-09-03
13929494,48000.0,10.778977123006351,Lexus,RX350,2016,10,,1,0,0,SUV,Electric,Automatic,White,used,1,Luxury,Phnom Penh,Tier_1,individual,0,0,2026-08-26 09:14:55,2026-09-02T09:53:56.364278+00:00,2026-09-02
13943561,43000.0,10.668978650219241,Lexus,NX200t,2017,9,,1,,1,SUV,Petrol,Automatic,White,used,0,Luxury,Phnom Penh,Tier_1,store,1,0,2026-08-29 16:33:46,2026-09-03T07:16:05.168254+00:00,2026-09-03
13958296,49000.0,10.799595985047786,Lexus,RX350,2016,10,,1,,1,SUV,Petrol,Automatic,Black,used,1,Luxury,Phnom Penh,Tier_1,store,1,0,2026-09-02 14:30:26,2026-09-03T07:15:22.863826+00:00,2026-09-03
13958694,20800.0,9.942756341456828,Lexus,NX200t,2015,11,,1,,1,SUV,Petrol,Automatic,Black,used,1,Luxury,Phnom Penh,Tier_1,store,0,1,2026-09-02 15:40:36,2026-09-02T09:52:33.812345+00:00,2026-09-02
13965855,9900.0,9.200391041122515,Lexus,LX470,1999,27,,1,,1,SUV,Petrol,Automatic,Gold,used,1,Luxury,Siem Reap,Tier_2,store,0,0,2026-09-04 11:33:21,2026-09-04T07:22:14.504064+00:00,2026-09-04
13969173,16000.0,9.680406499268875,Lexus,RX330,2004,22,,1,,1,SUV,Petrol,Automatic,Green,used,1,Luxury,Mondulkiri,Tier_3,individual,0,0,2026-09-05 09:59:30,2026-09-06T07:11:13.232722+00:00,2026-09-06
13507431,21900.0,9.994287576862567,Lexus,RX400h,2006,20,,1,,1,SUV,Hybrid,Automatic,White,used,1,Luxury,Phnom Penh,Tier_1,store,0,0,2026-05-12 11:34:23,2026-09-06T07:13:15.171321+00:00,2026-09-06
13533293,33500.0,10.419330568113901,Lexus,NX200t,2015,11,,1,,1,SUV,Petrol,Automatic,White,used,1,Luxury,Phnom Penh,Tier_1,individual,1,0,2026-05-18 11:39:28,2026-09-03T09:12:42.568370+00:00,2026-09-03
13708321,21500.0,9.975854724662028,Lexus,RX400h,2006,20,,1,,1,SUV,Petrol,Manual,Grey,used,1,Luxury,Phnom Penh,Tier_1,store,0,0,2026-06-29 12:36:01,2026-09-04T07:18:05.125700+00:00,2026-09-04
13764739,34500.0,10.448743588106625,Lexus,NX200t,2015,11,100,0,,1,SUV,Petrol,Automatic,Black,used,1,Luxury,Phnom Penh,Tier_1,store,1,0,2026-07-13 16:18:56,2026-09-06T07:10:46.002918+00:00,2026-09-06
13800775,14500.0,9.581972891547895,Lexus,GX470,2003,23,,1,,1,SUV,Petrol,Automatic,White,used,1,Luxury,Phnom Penh,Tier_1,individual,1,1,2026-07-23 08:37:03,2026-09-05T06:59:15.870669+00:00,2026-09-05
13875203,29666.0,10.2977905959381,Lexus,IS,2016,10,,1,2000,0,Sedan,Petrol,Automatic,White,used,1,Luxury,Phnom Penh,Tier_1,store,1,0,2026-08-11 17:02:31,2026-09-04T07:16:31.671109+00:00,2026-09-04
13896004,18000.0,9.798182590890704,Lexus,CT,2013,13,,1,,1,Sedan,Hybrid,Automatic,White,used,0,Luxury,Phnom Penh,Tier_1,individual,0,0,2026-08-17 10:56:19,2026-09-05T07:00:37.791507+00:00,2026-09-05
13898423,99999.0,11.512925464970229,Lexus,LS,2018,8,45000,0,,1,Sedan,Petrol,Automatic,White,used,1,Luxury,Phnom Penh,Tier_1,individual,0,0,2026-08-17 21:58:33,2026-09-03T09:12:29.179599+00:00,2026-09-03
13903849,71500.0,11.177466714598282,Lexus,LM,2020,6,74426,0,2000,0,MPV,Hybrid,Automatic,Black,used,1,Luxury,Phnom Penh,Tier_1,store,0,0,2026-08-19 10:44:34,2026-09-05T07:00:19.392806+00:00,2026-09-05
13949622,13900.0,9.539716058977092,Lexus,CT,2012,14,,1,,1,Sedan,Hybrid,Automatic,White,used,1,Luxury,Phnom Penh,Tier_1,individual,0,0,2026-08-31 12:13:56,2026-09-03T09:12:57.904912+00:00,2026-09-03
13952384,28000.0,10.239995502805316,Lexus,NX200t F Sport,2015,11,,1,,1,SUV,Petrol,Automatic,Black,used,1,Luxury,Phnom Penh,Tier_1,individual,1,0,2026-09-01 09:49:16,2026-09-05T06:58:39.023367+00:00,2026-09-05
13973521,31500.0,10.357774570341576,Lexus,NX200t,2017,9,,1,,1,SUV,Petrol,Automatic,White,used,1,Luxury,Phnom Penh,Tier_1,store,1,0,2026-09-06 13:12:35,2026-09-06T07:10:52.964004+00:00,2026-09-06
13458744,21500.0,9.975854724662028,Lexus,RX330,2004,22,,1,,1,SUV,Petrol,,White,used,1,Luxury,Phnom Penh,Tier_1,individual,0,0,2026-04-29 20:54:14,2026-09-02T09:53:33.188446+00:00,2026-09-02
13910945,10300.0,9.239996256883693,Lexus,RX300,2001,25,,1,,1,Sedan,Petrol,,White,used,1,Luxury,Phnom Penh,Tier_1,individual,0,0,2026-08-21 10:31:04,2026-09-04T07:22:21.079789+00:00,2026-09-04
13395913,109000.0,11.599112335481124,Lexus,LX570,2019,7,,1,,1,SUV,Petrol,Automatic,White,used,1,Luxury,Phnom Penh,Tier_1,individual,0,0,2026-04-10 13:27:50,2026-09-02T09:54:16.298792+00:00,2026-09-02
13966304,11700.0,9.367429587218957,Lexus,RX300,2002,24,,1,,1,SUV,,Automatic,White,used,1,Luxury,Prey Veng,Tier_3,individual,0,0,2026-09-04 13:15:20,2026-09-04T07:17:59.461418+00:00,2026-09-04
13973275,22500.0,10.021315031649332,Lexus,RX330,2005,21,,1,,1,SUV,,Automatic,White,used,1,Luxury,Phnom Penh,Tier_1,store,0,0,2026-09-06 12:09:46,2026-09-06T07:12:10.744122+00:00,2026-09-06
13950353,15300.0,9.635673464721814,Lexus,RX400h,2006,20,,1,,1,,,Automatic,Gold,used,1,Luxury,Phnom Penh,Tier_1,individual,0,0,2026-08-31 14:50:22,2026-09-06T07:12:06.026142+00:00,2026-09-06
13944577,15500.0,9.648659816955295,Lexus,RX400h,2006,20,,1,,1,SUV,Petrol,Automatic,,used,1,Luxury,Phnom Penh,Tier_1,individual,1,0,2026-08-30 02:39:22,2026-09-02T09:51:17.967589+00:00,2026-09-02
13906756,23500.0,10.064798252418377,iCar,ផ្សេងៗ,2025,1,,1,0,0,,Electric,Automatic,White,new,0,Chinese_EV,Phnom Penh,Tier_1,individual,0,0,2026-08-20 09:07:40,2026-09-03T03:45:21.693038+00:00,2026-09-03
13962145,258000.0,12.460718739865236,AITO,ផ្សេងៗ,2025,1,1333,0,,1,Sedan,Hybrid,Automatic,,new,0,Other,Phnom Penh,Tier_1,store,0,0,2026-09-03 13:20:56,2026-09-03T07:13:50.842506+00:00,2026-09-03
13876002,11000.0,9.305741456739435,Isuzu,D-Max,2007,19,,1,,1,Pickup,Diesel,Automatic,Blue,used,1,Mass_Market,Phnom Penh,Tier_1,individual,0,0,2026-08-11 22:23:34,2026-09-06T07:09:59.569851+00:00,2026-09-06
13342873,90000.0,11.407576060361786,Mercedes-Benz,Maybach,2015,11,,1,3000,0,Sedan,Petrol,Automatic,Black,used,1,Luxury,Phnom Penh,Tier_1,store,0,0,2026-03-27 15:24:47,2026-09-02T09:52:06.844979+00:00,2026-09-02
13569922,42500.0,10.657282884047461,Mercedes-Benz,E-Class,2017,9,,1,,1,Sedan,Petrol,Automatic,White,used,1,Luxury,Phnom Penh,Tier_1,store,0,0,2026-05-26 17:16:16,2026-09-06T07:10:50.797636+00:00,2026-09-06
13705670,49500.0,10.809748150372926,Mercedes-Benz,CLA,2020,6,,1,,1,Sedan,Petrol,Automatic,White,new,0,Luxury,Phnom Penh,Tier_1,store,0,0,2026-06-28 16:25:09,2026-09-04T07:17:19.343786+00:00,2026-09-04
13718312,23300.0,10.056251557087757,Mercedes-Benz,C-Class,2015,11,,1,,1,Sedan,Petrol,Automatic,White,used,1,Luxury,Phnom Penh,Tier_1,individual,0,0,2026-07-01 21:57:51,2026-09-04T07:16:52.770559+00:00,2026-09-04
13765351,125000.0,11.736077016252437,Mercedes-Benz,ផ្សេងៗ,2019,7,,1,,1,SUV,Petrol,Automatic,Grey,used,1,Luxury,Phnom Penh,Tier_1,store,0,0,2026-07-13 19:52:44,2026-09-02T09:52:23.561870+00:00,2026-09-02
13772099,26800.0,10.196194479235656,Mercedes-Benz,C-Class,2015,11,,1,,1,Sedan,Petrol,Automatic,White,used,0,Luxury,Phnom Penh,Tier_1,store,0,0,2026-07-15 13:35:34,2026-09-06T07:10:01.513333+00:00,2026-09-06
13865370,22200.0,10.007892611890918,Mercedes-Benz,C-Class,2015,11,,1,,1,SUV,Petrol,Automatic,White,used,1,Luxury,Phnom Penh,Tier_1,store,0,0,2026-08-09 06:37:57,2026-09-06T07:09:28.032404+00:00,2026-09-06
13867649,5000.0,8.517393171418904,Mercedes-Benz,S400,1997,29,,1,,1,Sedan,Petrol,Automatic,Black,used,1,Luxury,Phnom Penh,Tier_1,store,0,0,2026-08-09 18:48:09,2026-09-06T07:13:06.006340+00:00,2026-09-06
13957926,295000.0,12.59473402514672,Mercedes-Benz,G-Class,2024,2,2900,0,,1,SUV,Petrol,Automatic,Black,used,1,Luxury,Phnom Penh,Tier_1,individual,0,0,2026-09-02 13:28:08,2026-09-02T09:55:17.575009+00:00,2026-09-02
13846846,22500.0,10.021315031649332,Porsche,Panamera,2014,12,,1,,1,,Petrol,Automatic,White,used,0,Luxury,Phnom Penh,Tier_1,individual,0,1,2026-08-04 12:04:57,2026-09-03T09:14:05.596506+00:00,2026-09-03
13796357,57500.0,10.959557617938563,Jeep,Wrangler,2021,5,,1,,1,SUV,Petrol,Automatic,Black,used,1,Mass_Market,Phnom Penh,Tier_1,store,1,0,2026-07-21 23:30:40,2026-09-02T09:53:53.142153+00:00,2026-09-02
13836653,32900.0,10.401258331428318,Jeep,Rubicon,2018,8,,1,,1,MPV,Petrol,Automatic,Black,used,1,Mass_Market,Phnom Penh,Tier_1,individual,0,0,2026-08-01 15:55:20,2026-09-05T06:59:07.228279+00:00,2026-09-05
13895647,53988.0,10.89653560109229,Jeep,Rubicon,2020,6,,1,,1,SUV,Petrol,Automatic,Black,used,1,Mass_Market,Phnom Penh,Tier_1,store,0,0,2026-08-17 10:07:28,2026-09-02T09:54:38.700872+00:00,2026-09-02
13678922,48168.0,10.782470939599769,Jeep,Rubicon,2019,7,,1,,1,SUV,LPG,,Grey,used,1,Mass_Market,Phnom Penh,Tier_1,individual,1,0,2026-06-22 12:13:45,2026-09-03T09:13:03.325488+00:00,2026-09-03
13780396,37500.0,10.53212287826962,Jeep,Rubicon,2018,8,60000,0,,1,SUV,Petrol,,Black,used,1,Mass_Market,Phnom Penh,Tier_1,individual,0,1,2026-07-17 15:56:23,2026-09-03T09:12:29.022530+00:00,2026-09-03
13793702,19900.0,9.898525260706313,SsangYong,Rexton,2018,8,,1,,1,Pickup,Diesel,Automatic,White,used,0,Other,Phnom Penh,Tier_1,store,0,0,2026-07-21 11:02:50,2026-09-06T07:12:02.549207+00:00,2026-09-06
13973415,33500.0,10.419330568113901,SsangYong,Rexton,2024,2,,1,,1,SUV,Diesel,Automatic,Grey,used,1,Other,Phnom Penh,Tier_1,store,0,0,2026-09-06 12:46:20,2026-09-06T07:11:28.101045+00:00,2026-09-06
13850958,9300.0,9.137877200242468,SsangYong,ផ្សេងៗ,1997,29,,1,,1,,Diesel,Manual,White,used,1,Other,Phnom Penh,Tier_1,store,0,0,2026-08-05 12:17:09,2026-09-06T07:12:10.157926+00:00,2026-09-06
13273721,5400.0,8.594339400592892,Kia,Morning,2006,20,,1,,1,Sedan,Petrol,Automatic,White,used,1,Mass_Market,Phnom Penh,Tier_1,individual,1,0,2026-03-10 21:33:59,2026-09-02T09:54:51.384864+00:00,2026-09-02
13644296,15500.0,9.648659816955295,Kia,Carnival,2013,13,,1,,1,SUV,Diesel,Automatic,White,used,1,Mass_Market,Phnom Penh,Tier_1,individual,0,0,2026-06-13 15:34:11,2026-09-04T07:16:26.398241+00:00,2026-09-04
13663023,13500.0,9.510519035757246,Kia,Morning,2017,9,,1,,1,Sedan,Petrol,Automatic,White,used,0,Mass_Market,Siem Reap,Tier_2,store,0,0,2026-06-18 10:53:25,2026-09-06T07:10:39.182402+00:00,2026-09-06
13694066,20800.0,9.942756341456828,Kia,Carnival,2019,7,,1,,1,MPV,Petrol,Automatic,White,used,1,Mass_Market,Phnom Penh,Tier_1,store,1,0,2026-06-25 16:28:12,2026-09-04T07:19:24.579797+00:00,2026-09-04
13734938,17300.0,9.758519582283522,Kia,Carnival,2015,11,,1,,1,MPV,Diesel,Automatic,White,used,0,Mass_Market,Phnom Penh,Tier_1,individual,0,0,2026-07-06 11:31:43,2026-09-03T09:14:07.542125+00:00,2026-09-03
13781442,8200.0,9.012011377036412,Kia,Morning,2012,14,,1,,1,Sedan,LPG,Automatic,Orange,used,0,Mass_Market,Phnom Penh,Tier_1,store,0,0,2026-07-17 23:22:52,2026-09-06T07:10:21.453271+00:00,2026-09-06
13628337,22000.0,9.99884318585288,Kia,Carnival,2019,7,40000,0,,1,MPV,Petrol,Automatic,White,used,1,Mass_Market,Phnom Penh,Tier_1,store,0,0,2026-06-09 21:52:48,2026-09-06T07:13:08.905437+00:00,2026-09-06
13846515,29800.0,10.30229722897745,Kia,Carnival,2021,5,,1,3500,0,MPV,Petrol,Automatic,White,used,1,Mass_Market,Phnom Penh,Tier_1,store,1,0,2026-08-04 11:10:26,2026-09-06T07:11:08.045023+00:00,2026-09-06
13956959,23500.0,10.064798252418377,Kia,EV5,2024,2,,1,0,0,SUV,Electric,Automatic,White,used,1,Mass_Market,Phnom Penh,Tier_1,store,0,0,2026-09-02 10:28:05,2026-09-06T07:13:40.573494+00:00,2026-09-06
13819738,4999.0,8.517193191416238,Kia,Morning,2009,17,,1,,1,Sedan,,Automatic,Silver,used,1,Mass_Market,Phnom Penh,Tier_1,store,0,0,2026-07-28 10:01:36,2026-09-02T09:51:49.631436+00:00,2026-09-02
13966102,42000.0,10.645448706505872,Kia,Carnival,2021,5,,1,,1,MPV,,Automatic,White,used,0,Mass_Market,Phnom Penh,Tier_1,store,0,0,2026-09-04 12:22:55,2026-09-04T07:19:38.096615+00:00,2026-09-04
13961866,8500.0,9.04793908261736,Kia,Morning,2012,14,,1,,1,Sedan,,,White,used,1,Mass_Market,Phnom Penh,Tier_1,store,1,0,2026-09-03 12:24:28,2026-09-03T07:15:55.227773+00:00,2026-09-03
13942156,12000.0,9.392745258631441,Kia,Morning,2017,9,,1,,1,Sedan,Petrol,Automatic,White,used,0,Mass_Market,Phnom Penh,Tier_1,store,0,0,2026-08-29 11:13:27,2026-09-06T07:09:41.729417+00:00,2026-09-06
13944191,9700.0,9.179984251961283,Kia,Morning,2022,4,,1,,1,Sedan,Petrol,Automatic,White,used,1,Mass_Market,Phnom Penh,Tier_1,individual,0,0,2026-08-29 20:42:37,2026-09-03T09:13:56.895619+00:00,2026-09-03
13950109,17700.0,9.781376414141157,Kia,Carnival,2015,11,,1,,1,MPV,Diesel,Automatic,Silver,used,0,Mass_Market,Phnom Penh,Tier_1,individual,1,0,2026-08-31 13:57:57,2026-09-03T09:13:53.748924+00:00,2026-09-03
13950244,17300.0,9.758519582283522,Kia,Carnival,2015,11,,1,,1,MPV,Diesel,Automatic,Silver,used,0,Mass_Market,Phnom Penh,Tier_1,individual,0,0,2026-08-31 14:26:52,2026-09-03T09:13:52.690265+00:00,2026-09-03
13973229,8050.0,8.993551586299981,Kia,Ray,2012,14,,1,,1,MPV,Petrol,,Green,used,1,Mass_Market,Phnom Penh,Tier_1,individual,1,0,2026-09-06 12:00:43,2026-09-06T07:12:33.593971+00:00,2026-09-06
13969878,20000.0,9.90353755128617,Kia,Grand Carnival,2020,6,,1,,1,,,Automatic,White,used,1,Mass_Market,Phnom Penh,Tier_1,individual,0,1,2026-09-05 12:19:47,2026-09-05T07:01:09.386712+00:00,2026-09-05
13913227,1850.0,7.523481312573497,Kia,Visto,2000,26,,1,,1,,,,Red,used,1,Mass_Market,Phnom Penh,Tier_1,store,0,0,2026-08-21 20:24:14,2026-09-04T07:17:00.003243+00:00,2026-09-04
13913247,1950.0,7.576097340623111,Kia,Visto,2001,25,,1,,1,,,,Gold,used,1,Mass_Market,Phnom Penh,Tier_1,store,0,0,2026-08-21 20:32:08,2026-09-04T07:16:59.703749+00:00,2026-09-04
13928304,8300.0,9.024131268455035,Kia,Ray,2015,11,,1,,1,,,,White,used,1,Mass_Market,Phnom Penh,Tier_1,individual,0,0,2026-08-25 19:08:42,2026-09-03T09:13:01.306520+00:00,2026-09-03
13798633,26800.0,10.196194479235656,Mitsubishi,Triton,2019,7,,1,,1,Pickup,Diesel,Automatic,White,used,1,Mass_Market,Phnom Penh,Tier_1,store,0,0,2026-07-22 14:11:09,2026-09-02T09:54:09.378249+00:00,2026-09-02
13953669,12800.0,9.45727857185611,WULING,ផ្សេងៗ,2024,2,,1,0,0,,Electric,Automatic,Green,new,0,Other,Phnom Penh,Tier_1,individual,0,0,2026-09-01 13:14:00,2026-09-03T09:13:04.097398+00:00,2026-09-03
13674713,42500.0,10.657282884047461,Ford,Ranger Wildtrak,2023,3,,1,,1,Pickup,Diesel,Automatic,White,used,1,Mass_Market,Phnom Penh,Tier_1,store,0,0,2026-06-21 11:37:03,2026-09-06T07:13:45.262203+00:00,2026-09-06
13710068,68000.0,11.127277689932466,Ford,Ranger Raptor,2025,1,16363,0,,1,Pickup,Petrol,Automatic,Grey,used,1,Mass_Market,Phnom Penh,Tier_1,store,0,0,2026-06-29 19:47:52,2026-09-02T09:52:10.751220+00:00,2026-09-02
13894181,28500.0,10.25769445336048,Ford,Ranger,2022,4,,1,,1,Pickup,Diesel,Automatic,White,used,1,Mass_Market,Svay Rieng,Tier_3,individual,0,0,2026-08-16 20:49:36,2026-09-02T09:54:54.337802+00:00,2026-09-02
13920808,53800.0,10.893047333337728,Ford,Everest,2023,3,,1,,1,SUV,Diesel,Automatic,Black,used,1,Mass_Market,Phnom Penh,Tier_1,store,0,0,2026-08-24 08:44:04,2026-09-06T07:10:53.928175+00:00,2026-09-06
13926588,35900.0,10.488520429241627,Ford,Ranger,2023,3,34500,0,2000,0,Pickup,Diesel,Automatic,White,used,1,Mass_Market,Phnom Penh,Tier_1,individual,0,0,2026-08-25 13:29:18,2026-09-06T07:13:12.999077+00:00,2026-09-06
13936548,31000.0,10.34177474101152,Ford,Territory,2024,2,2024,0,,1,SUV,Petrol,Automatic,White,used,1,Mass_Market,Phnom Penh,Tier_1,store,0,0,2026-08-27 18:43:50,2026-09-02T09:52:00.355227+00:00,2026-09-02
13959760,25000.0,10.12667110305036,Ford,Territory,2022,4,,1,,1,SUV,Diesel,Automatic,White,used,1,Mass_Market,Phnom Penh,Tier_1,individual,0,0,2026-09-02 21:00:25,2026-09-06T07:09:37.213517+00:00,2026-09-06
13969837,16000.0,9.680406499268875,Ford,Ranger,2011,15,100000,0,2200,0,Pickup,Diesel,Automatic,Black,used,1,Mass_Market,Siem Reap,Tier_2,individual,0,0,2026-09-05 12:05:57,2026-09-05T07:01:39.935013+00:00,2026-09-05
13973066,20000.0,9.90353755128617,Ford,F-150,2016,10,,1,,1,Pickup,Petrol,Automatic,Black,used,1,Mass_Market,Phnom Penh,Tier_1,individual,0,0,2026-09-06 11:23:40,2026-09-06T07:14:22.017987+00:00,2026-09-06
13391710,45800.0,10.732061203925053,Ford,Ranger Raptor,2018,8,,1,,1,Pickup,Petrol,Automatic,White,used,1,Mass_Market,Phnom Penh,Tier_1,store,1,0,2026-04-09 10:06:09,2026-09-06T07:12:15.806030+00:00,2026-09-06
13660430,30900.0,10.33854382482173,Ford,Freestar,2016,10,80000,0,,1,Pickup,Diesel,Automatic,White,used,1,Mass_Market,Phnom Penh,Tier_1,store,0,0,2026-06-17 16:10:45,2026-09-06T07:11:09.063495+00:00,2026-09-06
13969232,14800.0,9.60245002503719,Ford,Ecosport,2022,4,,1,,1,SUV,Petrol,Automatic,White,used,1,Mass_Market,Phnom Penh,Tier_1,store,0,0,2026-09-05 10:10:17,2026-09-06T07:11:31.998269+00:00,2026-09-06
13817613,36000.0,10.491301994830229,Ford,Everest,2020,6,,1,,1,SUV,Diesel,,White,used,1,Mass_Market,Siem Reap,Tier_2,store,0,0,2026-07-27 18:08:36,2026-09-06T07:11:07.689604+00:00,2026-09-06
13452093,48900.0,10.797553125151618,Ford,Ranger,2026,0,,1,3000,0,Pickup,Diesel,Automatic,,new,0,Mass_Market,Phnom Penh,Tier_1,store,0,0,2026-04-28 11:31:59,2026-09-06T07:13:33.450466+00:00,2026-09-06
13737495,29500.0,10.292179440058462,Ford,Ranger,2022,4,,1,,1,Pickup,Diesel,,White,used,1,Mass_Market,Phnom Penh,Tier_1,store,0,0,2026-07-06 21:54:40,2026-09-02T09:53:08.126721+00:00,2026-09-02
13336483,47800.0,10.774801838762809,BMW,IX3,2024,2,,1,0,0,SUV,Electric,Automatic,Black,new,0,Luxury,Phnom Penh,Tier_1,store,0,0,2026-03-26 07:30:39,2026-09-06T07:09:39.148181+00:00,2026-09-06
13743798,16800.0,9.729193687429403,BMW,X4,2015,11,,1,,1,SUV,Petrol,Automatic,White,used,1,Luxury,Phnom Penh,Tier_1,individual,0,0,2026-07-08 12:20:10,2026-09-05T07:00:37.513714+00:00,2026-09-05
13794740,62999.0,11.05089000537367,BMW,4 Series,2021,5,,1,,1,Coupe,Petrol,Automatic,Black,used,0,Luxury,Phnom Penh,Tier_1,individual,0,0,2026-07-21 14:26:07,2026-09-02T09:51:48.172565+00:00,2026-09-02
13896413,25678.0,10.153428816235715,BMW,X6,2013,13,,1,,1,SUV,Petrol,Automatic,Black,used,1,Luxury,Phnom Penh,Tier_1,individual,0,0,2026-08-17 12:13:15,2026-09-03T09:13:10.329793+00:00,2026-09-03
13851978,19808.0,9.893891658862682,Land Rover,Range Rover Sport,2015,11,,1,,1,SUV,Petrol,Automatic,White,used,1,Luxury,Phnom Penh,Tier_1,store,0,0,2026-08-05 15:21:48,2026-09-03T07:16:58.643368+00:00,2026-09-03
13897909,115000.0,11.652696102959753,Land Rover,Defender,2023,3,,1,,1,SUV,Petrol,Automatic,Black,used,1,Luxury,Phnom Penh,Tier_1,individual,0,0,2026-08-17 18:16:36,2026-09-04T07:21:23.246221+00:00,2026-09-04
13922038,14500.0,9.581972891547895,Land Rover,Range Rover Evoque,2016,10,,1,,1,SUV,Petrol,Automatic,Red,used,1,Luxury,Kampot,Tier_3,store,0,0,2026-08-24 12:20:12,2026-09-03T07:13:18.053891+00:00,2026-09-03
13951733,166000.0,12.019749091416921,Land Rover,Range Rover Vogue,2023,3,,1,3000,0,SUV,Petrol,Automatic,Black,used,1,Luxury,Phnom Penh,Tier_1,store,0,0,2026-09-01 00:48:36,2026-09-03T07:13:56.231838+00:00,2026-09-03
13963583,13500.0,9.510519035757246,Land Rover,Range Rover Evoque,2013,13,,1,,1,SUV,Petrol,Automatic,White,used,1,Luxury,Phnom Penh,Tier_1,individual,0,0,2026-09-03 17:55:57,2026-09-04T07:18:26.375964+00:00,2026-09-04
13970132,28500.0,10.25769445336048,Land Rover,Range Rover Vogue,2015,11,,1,,1,SUV,Petrol,Automatic,White,used,1,Luxury,Phnom Penh,Tier_1,store,0,0,2026-09-05 13:17:34,2026-09-05T06:59:21.338704+00:00,2026-09-05
13535847,14000.0,9.546884034617925,Land Rover,Range Rover Evoque,2013,13,,1,,1,,Petrol,Automatic,White,used,1,Luxury,Phnom Penh,Tier_1,store,0,0,2026-05-18 21:47:07,2026-09-03T07:14:11.033641+00:00,2026-09-03
13702483,44800.0,10.709985739582528,AVATR,AVATR 06,2006,20,,1,0,0,Sedan,Electric,Automatic,White,new,0,Chinese_EV,Phnom Penh,Tier_1,store,0,0,2026-06-27 16:56:05,2026-09-06T07:11:14.521644+00:00,2026-09-06
13969730,32800.0,10.39821428171237,AVATR,AVATR 07,2025,1,6000,0,0,0,SUV,Electric,Automatic,Black,used,1,Chinese_EV,Phnom Penh,Tier_1,store,0,0,2026-09-05 11:40:25,2026-09-05T07:03:22.078243+00:00,2026-09-05
13546601,28900.0,10.27163147557801,Mazda,BT-50,2020,6,,1,3200,0,Pickup,Diesel,Automatic,White,used,1,Mass_Market,Phnom Penh,Tier_1,store,1,0,2026-05-21 10:07:20,2026-09-06T07:13:37.653606+00:00,2026-09-06
13923877,16800.0,9.729193687429403,Mazda,Mazda 3,2016,10,12,0,,1,Hatchback,Petrol,Automatic,White,used,1,Mass_Market,Phnom Penh,Tier_1,store,0,0,2026-08-24 18:45:41,2026-09-04T07:16:59.057335+00:00,2026-09-04
13929060,29800.0,10.30229722897745,Mazda,BT-50,2022,4,,1,,1,Pickup,Diesel,Automatic,White,used,1,Mass_Market,Phnom Penh,Tier_1,store,0,0,2026-08-26 05:10:21,2026-09-06T07:12:07.201640+00:00,2026-09-06
13969343,17900.0,9.792611856190192,Mazda,CX-5,2015,11,50000,0,,1,SUV,Petrol,Automatic,Silver,used,1,Mass_Market,Phnom Penh,Tier_1,store,1,0,2026-09-05 10:27:45,2026-09-06T07:09:21.065252+00:00,2026-09-06
13920643,43000.0,10.668978650219241,Mazda,CX-60,2024,2,,1,,1,SUV,Petrol,Automatic,Black,used,1,Mass_Market,Phnom Penh,Tier_1,store,1,0,2026-08-24 08:12:32,2026-09-02T09:53:15.404830+00:00,2026-09-02
13973649,31800.0,10.367253014814716,Mazda,EZ-60,2025,1,,1,0,0,SUV,Electric,Automatic,Black,new,1,Mass_Market,Phnom Penh,Tier_1,store,0,0,2026-09-06 13:28:46,2026-09-06T07:10:22.168210+00:00,2026-09-06
13451385,13600.0,9.517898598432753,Mazda,Mazda 2,2018,8,,1,,1,,,,White,used,1,Mass_Market,Phnom Penh,Tier_1,store,0,0,2026-04-28 09:39:31,2026-09-06T07:11:07.484798+00:00,2026-09-06
13966011,19200.0,9.862717639992917,Mazda,Cx-3,2022,4,60000,0,,1,,Petrol,Automatic,White,used,1,Mass_Market,Phnom Penh,Tier_1,store,1,0,2026-09-04 12:07:44,2026-09-04T07:20:22.194555+00:00,2026-09-04
13966070,17700.0,9.781376414141157,Nissan,Juke,2018,8,,1,,1,SUV,Petrol,Automatic,White,used,1,Mass_Market,Phnom Penh,Tier_1,store,1,0,2026-09-04 12:17:21,2026-09-04T07:19:51.934906+00:00,2026-09-04
13723794,258000.0,12.460718739865236,Bentley,ផ្សេងៗ,2022,4,29000,0,,1,Sedan,Petrol,Automatic,Black,used,1,Luxury,Phnom Penh,Tier_1,individual,0,0,2026-07-03 10:33:04,2026-09-03T09:13:16.623901+00:00,2026-09-03
13266483,13990.0,9.546169544733285,Toyota,Highlander,2002,24,,1,,1,SUV,Petrol,Automatic,Silver,used,1,Mass_Market,Phnom Penh,Tier_1,store,0,0,2026-03-09 09:54:39,2026-09-05T07:02:46.294387+00:00,2026-09-05
13266697,33500.0,10.419330568113901,Toyota,Land Cruiser,2008,18,,1,,1,SUV,Diesel,Manual,White,used,1,Mass_Market,Phnom Penh,Tier_1,individual,0,0,2026-03-09 10:23:58,2026-09-03T09:13:44.968391+00:00,2026-09-03
13272326,59800.0,10.998777662206932,Toyota,Tundra,2020,6,,1,,1,Pickup,Petrol,Automatic,White,used,1,Mass_Market,Phnom Penh,Tier_1,store,0,0,2026-03-10 15:01:37,2026-09-06T07:14:14.420301+00:00,2026-09-06
13292816,16200.0,9.692828247710418,Toyota,Camry,2007,19,,1,,1,Sedan,Hybrid,Automatic,White,used,1,Mass_Market,Phnom Penh,Tier_1,store,0,0,2026-03-15 16:41:42,2026-09-06T07:12:23.493095+00:00,2026-09-06
13307519,28500.0,10.25769445336048,Toyota,Land Cruiser,2009,17,,1,,1,SUV,Petrol,Automatic,White,used,1,Mass_Market,Phnom Penh,Tier_1,store,0,1,2026-03-18 21:20:32,2026-09-06T07:13:39.359868+00:00,2026-09-06
13416141,35555.0,10.478864197361565,Toyota,Land Cruiser,2009,17,,1,,1,SUV,Petrol,Automatic,White,used,1,Mass_Market,Phnom Penh,Tier_1,store,1,0,2026-04-20 01:02:38,2026-09-05T06:59:33.463161+00:00,2026-09-05
13435040,40900.0,10.61890979160975,Toyota,Hilux Revo,2026,0,,1,,1,Pickup,Diesel,Automatic,White,new,0,Mass_Market,Phnom Penh,Tier_1,store,0,0,2026-04-24 08:40:31,2026-09-06T07:11:39.444358+00:00,2026-09-06
13451783,13300.0,9.495594499353297,Toyota,Highlander,2001,25,,1,,1,SUV,Petrol,Automatic,Silver,used,1,Mass_Market,Phnom Penh,Tier_1,store,0,0,2026-04-28 10:44:59,2026-09-06T07:13:14.060269+00:00,2026-09-06
13482513,61000.0,11.0186455364637,Toyota,Land Cruiser,2016,10,,1,,1,SUV,Diesel,Automatic,White,used,1,Mass_Market,Phnom Penh,Tier_1,individual,0,0,2026-05-06 10:06:52,2026-09-03T07:15:41.241904+00:00,2026-09-03
13485699,14500.0,9.581972891547895,Toyota,Highlander,2003,23,,1,,1,SUV,Petrol,Automatic,Silver,used,1,Mass_Market,Phnom Penh,Tier_1,store,0,0,2026-05-06 23:55:44,2026-09-02T09:53:17.628488+00:00,2026-09-02
13661015,25800.0,10.158168529848494,Toyota,Camry,2013,13,,1,,1,Sedan,Hybrid,Automatic,White,used,0,Mass_Market,Phnom Penh,Tier_1,store,1,0,2026-06-17 18:27:29,2026-09-02T09:53:14.188047+00:00,2026-09-02
13666856,48500.0,10.789339695269716,Toyota,Land Cruiser,2013,13,,1,,1,SUV,Petrol,Automatic,White,used,1,Mass_Market,Kandal,Tier_2,store,1,0,2026-06-19 10:12:21,2026-09-05T06:59:15.233449+00:00,2026-09-05
13701145,13900.0,9.539716058977092,Toyota,Camry,2007,19,,1,,1,Sedan,Petrol,Automatic,Silver,used,1,Mass_Market,Phnom Penh,Tier_1,store,0,0,2026-06-27 11:34:32,2026-09-06T07:13:46.716549+00:00,2026-09-06
13703582,8300.0,9.024131268455035,Toyota,Prius,2005,21,,1,,1,Hatchback,Hybrid,Automatic,Red,used,1,Mass_Market,Phnom Penh,Tier_1,store,1,0,2026-06-28 08:35:38,2026-09-02T09:52:10.454382+00:00,2026-09-02
13721654,16500.0,9.711176264112805,Toyota,Prius,2015,11,,1,,1,Hatchback,Hybrid,Automatic,Grey,used,0,Mass_Market,Phnom Penh,Tier_1,store,0,0,2026-07-02 16:56:44,2026-09-02T09:51:38.445306+00:00,2026-09-02
13724306,30300.0,10.318935994253193,Toyota,Yaris Cross,2026,0,100000,0,,1,SUV,Petrol,Automatic,White,new,0,Mass_Market,Phnom Penh,Tier_1,store,0,0,2026-07-03 12:01:16,2026-09-06T07:10:31.921966+00:00,2026-09-06
13730425,13500.0,9.510519035757246,Toyota,Prius,2012,14,,1,,1,Hatchback,Hybrid,Automatic,Silver,used,0,Mass_Market,Phnom Penh,Tier_1,store,1,0,2026-07-05 06:35:44,2026-09-04T07:17:20.150477+00:00,2026-09-04
13736058,39900.0,10.594156665220533,Toyota,Hilux,2027,0,100000,0,2800,0,Pickup,Diesel,Automatic,Grey,new,0,Mass_Market,Phnom Penh,Tier_1,store,0,0,2026-07-06 14:49:13,2026-09-06T07:12:30.326550+00:00,2026-09-06
13764966,17200.0,9.75272280064639,Toyota,Prius,2013,13,,1,,1,Hatchback,Hybrid,Automatic,White,used,0,Mass_Market,Phnom Penh,Tier_1,store,0,0,2026-07-13 17:12:16,2026-09-02T09:53:07.928217+00:00,2026-09-02
13765420,1400.0,7.244941546337007,Toyota,Corolla,1995,31,,1,,1,SUV,Petrol,Automatic,Black,used,1,Mass_Market,Kandal,Tier_2,individual,0,0,2026-07-13 20:10:17,2026-09-03T07:13:24.498635+00:00,2026-09-03
13767613,14500.0,9.581972891547895,Toyota,Highlander,2002,24,,1,,1,SUV,Petrol,Automatic,Grey,used,1,Mass_Market,Phnom Penh,Tier_1,store,0,0,2026-07-14 11:11:59,2026-09-04T07:18:04.863607+00:00,2026-09-04
13769905,3950.0,8.281723990411392,Toyota,Corolla,1996,30,,1,,1,SUV,Petrol,Automatic,Green,used,1,Mass_Market,Phnom Penh,Tier_1,individual,0,0,2026-07-14 20:12:34,2026-09-06T07:10:05.971451+00:00,2026-09-06
13776659,8900.0,9.093918908958932,Toyota,Vitz,2011,15,,1,,1,Sedan,Petrol,Automatic,Blue,used,1,Mass_Market,Siem Reap,Tier_2,store,0,0,2026-07-16 15:47:59,2026-09-03T07:14:33.417371+00:00,2026-09-03
13781832,10500.0,9.259225769705994,Toyota,Camry,2002,24,,1,,1,Sedan,Petrol,Automatic,Gold,used,1,Mass_Market,Kampong Cham,Tier_2,individual,0,0,2026-07-18 08:17:29,2026-09-02T09:54:56.570756+00:00,2026-09-02
13799348,19300.0,9.867912187022208,Toyota,Prius,2015,11,,1,,1,Hatchback,Hybrid,Automatic,White,used,0,Mass_Market,Phnom Penh,Tier_1,store,1,0,2026-07-22 16:38:38,2026-09-06T07:11:17.479729+00:00,2026-09-06
13843764,17800.0,9.787009914477434,Toyota,Prius,2014,12,,1,,1,Hatchback,Hybrid,Automatic,Grey,used,0,Mass_Market,Phnom Penh,Tier_1,store,0,0,2026-08-03 15:14:32,2026-09-06T07:09:18.716839+00:00,2026-09-06
13843827,15700.0,9.661479683575521,Toyota,Highlander,2001,25,,1,,1,SUV,Petrol,Automatic,White,used,1,Mass_Market,Phnom Penh,Tier_1,store,0,0,2026-08-03 15:27:00,2026-09-06T07:11:55.131845+00:00,2026-09-06
13849164,17350.0,9.761405420601672,Toyota,Prius,2015,11,,1,,1,Hatchback,Hybrid,Automatic,White,used,0,Mass_Market,Phnom Penh,Tier_1,store,0,0,2026-08-04 21:54:28,2026-09-05T07:03:01.720718+00:00,2026-09-05
13857108,29900.0,10.305647203635566,Toyota,Yaris Cross,2026,0,100000,0,1500,0,SUV,Petrol,Automatic,White,new,0,Mass_Market,Phnom Penh,Tier_1,store,0,0,2026-08-06 20:35:34,2026-09-02T09:53:41.758705+00:00,2026-09-02
13874600,12800.0,9.45727857185611,Toyota,Prius,2009,17,,1,,1,Sedan,Hybrid,Automatic,White,used,1,Mass_Market,Phnom Penh,Tier_1,store,0,0,2026-08-11 14:50:00,2026-09-06T07:12:35.050892+00:00,2026-09-06
13876546,29000.0,10.275085591132715,Toyota,Vellfire,2015,11,,1,,1,MPV,Petrol,Automatic,Black,used,1,Mass_Market,Phnom Penh,Tier_1,store,0,0,2026-08-12 08:01:47,2026-09-02T09:55:26.461624+00:00,2026-09-02
13887291,43980.0,10.69151300145826,Toyota,Alphard,2018,8,,1,,1,MPV,Petrol,Automatic,White,used,1,Mass_Market,Phnom Penh,Tier_1,store,0,0,2026-08-14 18:31:41,2026-09-03T07:17:01.725556+00:00,2026-09-03
13891940,9998.0,9.21024036697585,Toyota,Prius,2007,19,,1,,1,Sedan,Hybrid,Automatic,Silver,used,1,Mass_Market,Phnom Penh,Tier_1,individual,1,0,2026-08-16 09:54:46,2026-09-06T07:13:46.282443+00:00,2026-09-06
13905202,10700.0,9.278092474027002,Toyota,Prius,2006,20,,1,,1,Hatchback,Hybrid,Automatic,White,used,1,Mass_Market,Phnom Penh,Tier_1,individual,0,0,2026-08-19 15:45:11,2026-09-06T07:13:55.875112+00:00,2026-09-06
13910783,17900.0,9.792611856190192,Toyota,Prius,2013,13,,1,,1,Hatchback,Hybrid,Automatic,Silver,used,0,Mass_Market,Phnom Penh,Tier_1,store,0,0,2026-08-21 10:00:33,2026-09-02T09:54:37.069945+00:00,2026-09-02
13921893,19500.0,9.87822102528824,Toyota,Prius,2012,14,,1,,1,Sedan,Hybrid,Automatic,Green,used,0,Mass_Market,Phnom Penh,Tier_1,store,0,0,2026-08-24 11:51:33,2026-09-06T07:13:11.028103+00:00,2026-09-06
13924784,13800.0,9.53249633228804,Toyota,Highlander,2003,23,,1,,1,SUV,Petrol,Automatic,Gold,used,1,Mass_Market,Phnom Penh,Tier_1,store,0,0,2026-08-25 06:41:12,2026-09-06T07:12:20.078812+00:00,2026-09-06
13925248,11900.0,9.38437770918244,Toyota,Land Cruiser,1999,27,,1,,1,SUV,Diesel,Automatic,Black,used,1,Mass_Market,Siem Reap,Tier_2,individual,0,0,2026-08-25 09:14:33,2026-09-03T09:14:11.235272+00:00,2026-09-03
13930586,38000.0,10.545367754151743,Toyota,Land Cruiser Prado,2015,11,,1,,1,SUV,Diesel,Automatic,White,used,1,Mass_Market,Phnom Penh,Tier_1,store,1,0,2026-08-26 12:02:16,2026-09-03T07:16:54.985714+00:00,2026-09-03
13931016,9100.0,9.116139576577355,Toyota,Prius,2008,18,,1,,1,Sedan,Hybrid,Automatic,Red,used,1,Mass_Market,Siem Reap,Tier_2,individual,0,0,2026-08-26 13:37:35,2026-09-05T07:03:01.117726+00:00,2026-09-05
13945642,17400.0,9.76428295481558,Toyota,Prius,2011,15,,1,,1,Sedan,Hybrid,Automatic,White,used,0,Mass_Market,Phnom Penh,Tier_1,store,1,0,2026-08-30 11:27:40,2026-09-02T09:52:42.405693+00:00,2026-09-02
13950519,20400.0,9.923339198238729,Toyota,Prius,2014,12,289681,0,,1,Hatchback,Hybrid,Automatic,White,used,0,Mass_Market,Phnom Penh,Tier_1,store,1,0,2026-08-31 15:28:08,2026-09-02T09:52:40.552955+00:00,2026-09-02
13953180,9500.0,9.15915233520675,Toyota,Tacoma,2004,22,,1,,1,Pickup,Petrol,Automatic,Silver,used,1,Mass_Market,Kampong Speu,Tier_3,individual,0,0,2026-09-01 11:57:03,2026-09-03T09:14:31.214918+00:00,2026-09-03
13954324,42500.0,10.657282884047461,Toyota,Alphard,2020,6,,1,,1,MPV,Petrol,Automatic,Black,used,1,Mass_Market,Phnom Penh,Tier_1,store,1,0,2026-09-01 15:12:16,2026-09-02T09:55:46.787844+00:00,2026-09-02
13954398,14500.0,9.581972891547895,Toyota,Camry,2007,19,,1,,1,Sedan,Diesel,Automatic,White,used,1,Mass_Market,Phnom Penh,Tier_1,individual,0,0,2026-09-01 15:28:10,2026-09-02T09:55:20.374104+00:00,2026-09-02
13957131,9132.0,9.11964950669168,Toyota,Prius,2006,20,,1,,1,Sedan,Hybrid,Automatic,White,used,1,Mass_Market,Phnom Penh,Tier_1,store,0,0,2026-09-02 10:59:41,2026-09-06T07:13:45.437772+00:00,2026-09-06
13958098,15000.0,9.61587214452889,Toyota,Prius,2012,14,,1,,1,Sedan,Hybrid,Automatic,White,used,1,Mass_Market,Phnom Penh,Tier_1,individual,0,0,2026-09-02 14:07:22,2026-09-02T09:54:22.250174+00:00,2026-09-02
13958515,16500.0,9.711176264112805,Toyota,Prius,2012,14,,1,,1,Sedan,Hybrid,Automatic,Silver,used,1,Mass_Market,Phnom Penh,Tier_1,store,0,0,2026-09-02 15:05:58,2026-09-02T09:53:05.874182+00:00,2026-09-02
13959372,16000.0,9.680406499268875,Toyota,Highlander,2002,24,,1,,1,SUV,Petrol,Automatic,White,used,0,Mass_Market,Phnom Penh,Tier_1,individual,0,0,2026-09-02 18:29:25,2026-09-06T07:09:15.095296+00:00,2026-09-06
13961629,8250.0,9.018089684104343,Toyota,Prius,2006,20,,1,,1,Sedan,Hybrid,Automatic,White,used,1,Mass_Market,Phnom Penh,Tier_1,individual,0,0,2026-09-03 11:43:44,2026-09-03T07:17:22.943294+00:00,2026-09-03
13961918,18500.0,9.825580063659602,Toyota,Alphard,2012,14,,1,,1,MPV,Petrol,Automatic,White,used,1,Mass_Market,Phnom Penh,Tier_1,store,0,0,2026-09-03 12:33:54,2026-09-03T07:15:30.898128+00:00,2026-09-03
13962259,6300.0,8.748463629942055,Toyota,Vitz,2009,17,,1,,1,Hatchback,Petrol,Automatic,Green,used,1,Mass_Market,Phnom Penh,Tier_1,individual,0,0,2026-09-03 13:47:45,2026-09-05T07:04:16.124480+00:00,2026-09-05
13965844,9900.0,9.200391041122515,Toyota,Highlander,2002,24,,1,,1,SUV,Petrol,Automatic,Black,used,1,Mass_Market,Siem Reap,Tier_2,store,0,0,2026-09-04 11:31:00,2026-09-04T07:22:18.087609+00:00,2026-09-04
13965976,9800.0,9.19023970026918,Toyota,Prius,2007,19,,1,,1,Sedan,Petrol,Automatic,Red,used,1,Mass_Market,Svay Rieng,Tier_3,individual,0,0,2026-09-04 12:02:48,2026-09-04T07:20:32.259554+00:00,2026-09-04
13966350,12350.0,9.421492310438014,Toyota,Prius,2009,17,,1,,1,Sedan,Hybrid,Automatic,Green,used,1,Mass_Market,Phnom Penh,Tier_1,individual,1,0,2026-09-04 13:22:43,2026-09-05T07:03:27.060909+00:00,2026-09-05
13969675,15000.0,9.61587214452889,Toyota,Camry,2007,19,,1,,1,Sedan,Hybrid,Automatic,White,used,1,Mass_Market,Phnom Penh,Tier_1,individual,0,0,2026-09-05 11:27:48,2026-09-05T07:04:00.264527+00:00,2026-09-05
13969885,29800.0,10.30229722897745,Toyota,Hilux Revo,2016,10,,1,,1,Pickup,Diesel,Automatic,White,used,1,Mass_Market,Phnom Penh,Tier_1,individual,0,0,2026-09-05 12:21:05,2026-09-05T07:01:05.997881+00:00,2026-09-05
13973510,15500.0,9.648659816955295,Toyota,Prius,2010,16,,1,,1,Sedan,Hybrid,Automatic,Grey,used,1,Mass_Market,Phnom Penh,Tier_1,store,0,0,2026-09-06 13:10:04,2026-09-06T07:10:54.664188+00:00,2026-09-06
13973798,17800.0,9.787009914477434,Toyota,Prius,2012,14,,1,,1,Hatchback,Hybrid,Automatic,Grey,used,0,Mass_Market,Phnom Penh,Tier_1,store,0,0,2026-09-06 14:00:03,2026-09-06T07:09:42.258523+00:00,2026-09-06
13751287,26000.0,10.165890277802454,Toyota,Innova,2020,6,,1,,1,SUV,Diesel,Automatic,White,used,1,Mass_Market,Phnom Penh,Tier_1,store,0,0,2026-07-10 09:19:21,2026-09-04T07:21:18.128477+00:00,2026-09-04
13809261,4400.0,8.38958706681109,Toyota,Corolla,1998,28,,1,,1,Sedan,Petrol,Automatic,White,used,1,Mass_Market,Phnom Penh,Tier_1,individual,0,0,2026-07-25 12:13:30,2026-09-06T07:12:06.005932+00:00,2026-09-06
13857025,28400.0,10.254179634797001,Toyota,Veloz,2026,0,100000,0,1500,0,MPV,Petrol,Automatic,Silver,new,0,Mass_Market,Phnom Penh,Tier_1,store,0,0,2026-08-06 20:00:39,2026-09-02T09:53:44.097541+00:00,2026-09-02
13878312,27500.0,10.221977646629885,Toyota,BZ3X,2025,1,10000,0,0,0,SUV,Electric,Automatic,White,used,1,Mass_Market,Phnom Penh,Tier_1,store,0,0,2026-08-12 13:35:11,2026-09-03T07:18:21.898129+00:00,2026-09-03
13905755,36900.0,10.515993929932415,Toyota,Hilux Rally,2021,5,,1,,1,Pickup,Diesel,Automatic,White,used,1,Mass_Market,Phnom Penh,Tier_1,store,0,0,2026-08-19 19:21:52,2026-09-05T07:01:02.794773+00:00,2026-09-05
13935734,13800.0,9.53249633228804,Toyota,ផ្សេងៗ,2010,16,,1,0,0,Sedan,Electric,Automatic,Silver,used,0,Mass_Market,Phnom Penh,Tier_1,individual,0,0,2026-08-27 15:42:33,2026-09-05T06:59:15.819568+00:00,2026-09-05
13961675,16500.0,9.711176264112805,Toyota,Vios,2016,10,,1,,1,Sedan,Petrol,Automatic,White,used,1,Mass_Market,Phnom Penh,Tier_1,store,1,0,2026-09-03 11:50:22,2026-09-03T07:17:01.794505+00:00,2026-09-03
13965984,35000.0,10.463131911491967,Toyota,Hilux,2021,5,,1,,1,Pickup,Diesel,Automatic,Green,used,1,Mass_Market,Phnom Penh,Tier_1,store,0,0,2026-09-04 12:04:16,2026-09-04T07:20:29.686913+00:00,2026-09-04
13951285,55900.0,10.93133754807084,Toyota,Fortuner,2026,0,,1,,1,SUV,Diesel,,White,used,1,Mass_Market,Phnom Penh,Tier_1,store,0,0,2026-08-31 19:38:38,2026-09-03T07:13:31.557868+00:00,2026-09-03
13505424,9000.0,9.105090961257085,Toyota,RAV4,2002,24,,1,,1,SUV,,Automatic,Gold,used,1,Mass_Market,Phnom Penh,Tier_1,individual,0,0,2026-05-11 21:28:44,2026-09-04T07:19:22.359464+00:00,2026-09-04
13591347,12900.0,9.465060106725137,Toyota,Prius,2013,13,,1,,1,Hatchback,,Automatic,White,used,0,Mass_Market,Phnom Penh,Tier_1,store,0,1,2026-06-01 07:58:50,2026-09-02T09:55:16.581028+00:00,2026-09-02
13821170,14900.0,9.60918360377546,Toyota,Prius,2010,16,,1,,1,Hatchback,,Automatic,White,used,1,Mass_Market,Phnom Penh,Tier_1,store,0,0,2026-07-28 14:36:46,2026-09-05T07:00:30.784272+00:00,2026-09-05
13929112,12999.0,9.472704636443673,Toyota,Prius,2009,17,,1,,1,Hatchback,,Automatic,White,used,0,Mass_Market,Phnom Penh,Tier_1,individual,0,0,2026-08-26 06:30:46,2026-09-02T09:51:28.185062+00:00,2026-09-02
13949282,900.0,6.803505257608338,Toyota,Prius,2007,19,,1,,1,Hatchback,,Automatic,Silver,used,1,Mass_Market,Phnom Penh,Tier_1,individual,1,0,2026-08-31 10:59:26,2026-09-06T07:09:19.738936+00:00,2026-09-06
13949570,8850.0,9.088285725968877,Toyota,Prius,2004,22,,1,,1,Hatchback,,Automatic,White,used,1,Mass_Market,Phnom Penh,Tier_1,individual,0,0,2026-08-31 12:01:49,2026-09-06T07:09:52.439668+00:00,2026-09-06
13480547,15800.0,9.6678285081515,Toyota,Camry,2007,19,,1,,1,Sedan,,Automatic,White,used,1,Mass_Market,,Unknown,store,0,0,2026-05-05 17:58:34,2026-09-06T07:11:16.902940+00:00,2026-09-06
13377199,33000.0,10.404293143019792,Toyota,Alphard,2016,10,,1,,1,MPV,,,Black,used,1,Mass_Market,Phnom Penh,Tier_1,store,0,0,2026-04-05 16:10:49,2026-09-02T09:55:22.691145+00:00,2026-09-02
13469684,16700.0,9.723223876851618,Toyota,Prius,2012,14,,1,,1,Hatchback,,,Silver,used,0,Mass_Market,Phnom Penh,Tier_1,individual,1,0,2026-05-02 17:39:57,2026-09-02T09:54:45.609956+00:00,2026-09-02
13878204,15900.0,9.674137279312397,Toyota,Prius,2013,13,,1,,1,Hatchback,,,Grey,used,1,Mass_Market,Phnom Penh,Tier_1,individual,0,0,2026-08-12 13:11:53,2026-09-03T09:12:55.489830+00:00,2026-09-03
13938534,16000.0,9.680406499268875,Toyota,Highlander,2004,22,,1,,1,SUV,,,Gold,used,1,Mass_Market,Phnom Penh,Tier_1,individual,0,0,2026-08-28 12:11:39,2026-09-05T06:59:34.442112+00:00,2026-09-05
13949290,11500.0,9.350189267092581,Toyota,Prius,2008,18,,1,,1,Hatchback,,,White,used,1,Mass_Market,Phnom Penh,Tier_1,individual,0,1,2026-08-31 11:01:10,2026-09-03T07:13:30.096708+00:00,2026-09-03
13952647,7500.0,8.922791623969637,Toyota,RAV4,2001,25,,1,,1,SUV,,,Green,used,0,Mass_Market,Phnom Penh,Tier_1,store,0,1,2026-09-01 10:35:11,2026-09-02T09:55:33.064499+00:00,2026-09-02
13958704,11900.0,9.38437770918244,Toyota,Camry,2009,17,,1,,1,Sedan,,,Brown,used,0,Mass_Market,Phnom Penh,Tier_1,store,0,1,2026-09-02 15:41:57,2026-09-02T09:52:31.392035+00:00,2026-09-02
13958780,16500.0,9.711176264112805,Toyota,Prius,2012,14,,1,,1,Hatchback,,,White,used,0,Mass_Market,Phnom Penh,Tier_1,store,1,0,2026-09-02 15:57:08,2026-09-02T09:52:12.343742+00:00,2026-09-02
13962324,21500.0,9.975854724662028,Toyota,Hilux Vigo,2006,20,,1,,1,Pickup,,,Black,used,1,Mass_Market,Phnom Penh,Tier_1,store,0,0,2026-09-03 13:59:15,2026-09-03T07:12:57.407694+00:00,2026-09-03
13969022,18800.0,9.841665338892785,Toyota,Prius,2013,13,,1,,1,Hatchback,,,White,used,1,Mass_Market,Phnom Penh,Tier_1,individual,1,0,2026-09-05 09:28:45,2026-09-06T07:11:48.289266+00:00,2026-09-06
13970227,7600.0,8.936035096566041,Toyota,RAV4,2001,25,,1,,1,SUV,,,Green,used,0,Mass_Market,Phnom Penh,Tier_1,store,0,1,2026-09-05 13:38:04,2026-09-05T06:58:40.461150+00:00,2026-09-05
13970669,7800.0,8.962007209588313,Toyota,Prius,2005,21,,1,,1,Hatchback,,,Silver,used,1,Mass_Market,Phnom Penh,Tier_1,individual,0,0,2026-09-05 15:48:33,2026-09-06T07:13:10.798160+00:00,2026-09-06
13346086,42000.0,10.645448706505872,Toyota,Alphard,2015,11,,1,,1,MPV,Hybrid,Automatic,White,used,0,Mass_Market,Phnom Penh,Tier_1,store,0,0,2026-03-28 14:30:41,2026-09-06T07:10:31.540410+00:00,2026-09-06
13728623,11800.0,9.375939552625749,Toyota,Prius,2007,19,,1,,1,Hatchback,Hybrid,Automatic,Gold,used,0,Mass_Market,Phnom Penh,Tier_1,store,1,0,2026-07-04 13:52:50,2026-09-06T07:14:13.323144+00:00,2026-09-06
13940312,16900.0,9.735128070758227,Toyota,Prius,2012,14,,1,,1,Hatchback,Hybrid,Automatic,Grey,used,0,Mass_Market,Phnom Penh,Tier_1,individual,1,1,2026-08-28 19:39:22,2026-09-03T09:12:49.398271+00:00,2026-09-03
13953657,16500.0,9.711176264112805,Toyota,Camry,2007,19,,1,,1,Sedan,Hybrid,Automatic,White,used,1,Mass_Market,Phnom Penh,Tier_1,individual,0,0,2026-09-01 13:11:19,2026-09-03T09:13:05.949649+00:00,2026-09-03
13953706,18000.0,9.798182590890704,Toyota,Prius,2014,12,,1,,1,Hatchback,Hybrid,Automatic,Grey,used,0,Mass_Market,Phnom Penh,Tier_1,individual,0,0,2026-09-01 13:20:37,2026-09-03T09:13:00.495508+00:00,2026-09-03
13961671,9500.0,9.15915233520675,Toyota,Prius,2006,20,,1,,1,Hatchback,Hybrid,Automatic,Gold,used,1,Mass_Market,Phnom Penh,Tier_1,store,0,0,2026-09-03 11:50:08,2026-09-03T07:17:02.390299+00:00,2026-09-03
13963179,8600.0,9.059633754551479,Toyota,Camry,2002,24,,1,,1,Sedan,Petrol,Automatic,Gold,used,0,Mass_Market,Phnom Penh,Tier_1,individual,0,0,2026-09-03 16:19:55,2026-09-05T06:59:27.606346+00:00,2026-09-05
13953238,10800.0,9.287394001418473,Toyota,Vios,2014,12,,1,,1,,,,,used,1,Mass_Market,Phnom Penh,Tier_1,individual,0,0,2026-09-01 12:07:29,2026-09-03T09:14:02.512964+00:00,2026-09-03
13839018,9500.0,9.15915233520675,Toyota,Prius,2006,20,,1,,1,Hatchback,,Automatic,Green,used,1,Mass_Market,Phnom Penh,Tier_1,individual,0,0,2026-08-02 12:21:32,2026-09-02T09:53:14.870494+00:00,2026-09-02
13910398,23500.0,10.064798252418377,Toyota,Prius,2017,9,,1,,1,Hatchback,,Automatic,Red,used,0,Mass_Market,Phnom Penh,Tier_1,store,0,0,2026-08-21 08:39:59,2026-09-02T09:53:38.839775+00:00,2026-09-02
13960940,15500.0,9.648659816955295,Toyota,Prius,2010,16,,1,,1,Sedan,,Automatic,Gold,used,1,Mass_Market,Phnom Penh,Tier_1,individual,0,0,2026-09-03 09:30:28,2026-09-06T07:13:08.952158+00:00,2026-09-06
13959225,13500.0,9.510519035757246,Toyota,Tundra,2007,19,,1,,1,Pickup,LPG,Automatic,Silver,used,1,Mass_Market,,Unknown,individual,0,1,2026-09-02 17:37:58,2026-09-04T07:19:16.739095+00:00,2026-09-04
13840474,38500.0,10.55843949396453,Toyota,Hilux Revo,2021,5,,1,,1,Pickup,,,White,used,1,Mass_Market,Siem Reap,Tier_2,store,0,0,2026-08-02 18:44:00,2026-09-05T07:01:24.456837+00:00,2026-09-05
13961911,19500.0,9.87822102528824,Toyota,Venza,2010,16,,1,,1,,,,White,used,1,Mass_Market,Phnom Penh,Tier_1,store,1,0,2026-09-03 12:32:47,2026-09-03T07:15:33.554345+00:00,2026-09-03
13841344,14800.0,9.60245002503719,Chevrolet,Camaro,2016,10,,1,0,0,Coupe,Electric,Automatic,White,used,1,Mass_Market,Phnom Penh,Tier_1,store,0,0,2026-08-03 07:30:33,2026-09-06T07:11:24.848148+00:00,2026-09-06
13961383,16500.0,9.711176264112805,Chevrolet,Trax,2020,6,60000,0,,1,SUV,Petrol,Automatic,White,used,1,Mass_Market,Phnom Penh,Tier_1,store,0,1,2026-09-03 10:55:57,2026-09-06T07:14:06.766803+00:00,2026-09-06
13837553,21099.0,9.957028319464158,Jetour,DASHING,2026,0,8550,0,,1,SUV,Petrol,,Black,used,1,Chinese_EV,Kandal,Tier_2,individual,0,0,2026-08-01 23:00:07,2026-09-04T07:15:59.517288+00:00,2026-09-04
13973459,55800.0,10.929547069355774,Denza,D9,2025,1,,1,,1,MPV,Hybrid,Automatic,Black,used,1,Chinese_EV,Phnom Penh,Tier_1,store,0,0,2026-09-06 12:56:09,2026-09-06T07:10:59.212543+00:00,2026-09-06
13794040,13900.0,9.539716058977092,Hyundai,Starex,2011,15,,1,,1,MPV,Diesel,Automatic,White,used,0,Mass_Market,Phnom Penh,Tier_1,store,0,0,2026-07-21 11:54:55,2026-09-06T07:12:19.372319+00:00,2026-09-06
13831525,11000.0,9.305741456739435,Hyundai,Starex,2012,14,,1,,1,MPV,Diesel,Automatic,Grey,used,1,Mass_Market,Kandal,Tier_2,individual,0,0,2026-07-31 08:27:38,2026-09-05T07:00:00.410161+00:00,2026-09-05
13362073,11800.0,9.375939552625749,Hyundai,Tourism - ទូរីស,2008,18,,1,,1,MPV,Diesel,Automatic,Silver,used,1,Mass_Market,Kandal,Tier_2,individual,0,1,2026-04-01 18:04:52,2026-09-03T07:16:14.566041+00:00,2026-09-03
13864799,32500.0,10.389026137075234,Hyundai,Tourism - ទូរីស,2025,1,,1,,1,MPV,Diesel,Automatic,Black,new,1,Mass_Market,Phnom Penh,Tier_1,individual,0,0,2026-08-08 20:12:56,2026-09-03T09:13:10.904160+00:00,2026-09-03
13973454,5700.0,8.648396877031582,Hyundai,Truck,1998,28,,1,,1,Pickup,Diesel,Manual,White,used,1,Mass_Market,Kratié,Tier_3,individual,0,0,2026-09-06 12:54:49,2026-09-06T07:11:00.650041+00:00,2026-09-06
13973260,14900.0,9.60918360377546,Hyundai,Starex,2014,12,,1,,1,MPV,Diesel,Automatic,Silver,used,0,Mass_Market,Phnom Penh,Tier_1,store,0,0,2026-09-06 12:07:18,2026-09-06T07:12:19.432816+00:00,2026-09-06
13624998,12300.0,9.417435838868785,Hyundai,Starex,2010,16,,1,,1,Station Wagon,,Automatic,Silver,used,1,Mass_Market,Phnom Penh,Tier_1,individual,0,0,2026-06-09 09:37:14,2026-09-05T06:59:10.531575+00:00,2026-09-05
13658802,15200.0,9.62911649414402,Hyundai,Starex,2012,14,,1,,1,MPV,,,Black,used,0,Mass_Market,Phnom Penh,Tier_1,store,0,0,2026-06-17 11:18:11,2026-09-03T07:17:57.307150+00:00,2026-09-03
13769495,60500.0,11.010415172807951,Xiaomi,YU7,2025,1,,1,0,0,SUV,Electric,Automatic,Green,used,0,Other,Phnom Penh,Tier_1,individual,0,0,2026-07-14 17:35:00,2026-09-03T09:12:54.396318+00:00,2026-09-03
13740290,61000.0,11.0186455364637,Xiaomi,YU7,2025,1,,1,0,0,SUV,Electric,Automatic,,used,1,Other,Phnom Penh,Tier_1,individual,0,0,2026-07-07 14:36:09,2026-09-06T07:09:33.211467+00:00,2026-09-06
13383707,19800.0,9.893487720457795,Changan,Q07,2026,0,150000,0,0,0,SUV,Electric,Automatic,White,new,0,Chinese_EV,Phnom Penh,Tier_1,store,0,0,2026-04-07 10:31:10,2026-09-06T07:12:51.328287+00:00,2026-09-06
13895074,32222.0,10.380435762266156,Changan,Q07,2026,0,1400,0,,1,SUV,Hybrid,Automatic,Black,new,0,Chinese_EV,Phnom Penh,Tier_1,store,0,0,2026-08-17 09:02:08,2026-09-06T07:13:10.240254+00:00,2026-09-06
13895111,31666.0,10.363030408174957,Changan,Q07,2026,0,1400,0,,1,SUV,Hybrid,Automatic,Black,new,0,Chinese_EV,Phnom Penh,Tier_1,store,0,0,2026-08-17 09:09:23,2026-09-06T07:11:06.229702+00:00,2026-09-06
13970181,17800.0,9.787009914477434,MG,6,2023,3,,1,,1,Sedan,Petrol,Automatic,White,used,1,Chinese_EV,Phnom Penh,Tier_1,individual,0,0,2026-09-05 13:28:20,2026-09-05T06:58:56.120171+00:00,2026-09-05
13825078,19960.0,9.901535648810883,MG,GT,2022,4,,1,,1,Sedan,Petrol,Automatic,Yellow,used,1,Chinese_EV,Phnom Penh,Tier_1,individual,1,1,2026-07-29 15:05:13,2026-09-02T09:55:20.752687+00:00,2026-09-02
13942562,438000.0,12.989976472461,Rolls-Royce,Cullinan,2023,3,15000,0,,1,SUV,Petrol,Automatic,Black,used,1,Luxury,Phnom Penh,Tier_1,store,0,0,2026-08-29 12:41:35,2026-09-03T07:12:45.404584+00:00,2026-09-03
13958640,17500.0,9.770013301136158,Rolls-Royce,Cullinan,2023,3,,1,,1,SUV,,Manual,Green,used,1,Luxury,Kandal,Tier_2,individual,0,0,2026-09-02 15:27:03,2026-09-02T09:52:42.155292+00:00,2026-09-02
13255003,49900.0,10.817796321618971,GAC,GN8,2025,1,,1,,1,MPV,Petrol,Automatic,Black,new,0,Chinese_EV,Phnom Penh,Tier_1,store,0,0,2026-03-06 00:37:42,2026-09-02T09:52:55.221525+00:00,2026-09-02
13530207,39500.0,10.584081267024454,GAC,GS8,2025,1,,1,,1,SUV,Petrol,Automatic,Black,new,0,Chinese_EV,Phnom Penh,Tier_1,store,0,0,2026-05-18 00:01:35,2026-09-02T09:54:45.500589+00:00,2026-09-02
13683599,44000.0,10.691967639914864,GAC,GN8,2024,2,,1,,1,MPV,Petrol,Automatic,Black,used,1,Chinese_EV,Phnom Penh,Tier_1,store,0,0,2026-06-23 12:33:03,2026-09-06T07:14:08.531410+00:00,2026-09-06
13728413,22500.0,10.021315031649332,GAC,GS3,2026,0,,1,1500,0,SUV,Petrol,Automatic,Silver,new,0,Chinese_EV,Phnom Penh,Tier_1,store,0,0,2026-07-04 13:08:26,2026-09-06T07:11:15.323215+00:00,2026-09-06
13844010,32500.0,10.389026137075234,GAC,GN8,2024,2,,1,,1,MPV,Petrol,Automatic,Black,used,1,Chinese_EV,Phnom Penh,Tier_1,store,0,0,2026-08-03 16:05:51,2026-09-06T07:11:33.845354+00:00,2026-09-06
13966169,42800.0,10.664316745782925,GAC,GN8,2024,2,,1,,1,MPV,Petrol,,Black,used,1,Chinese_EV,Phnom Penh,Tier_1,store,0,1,2026-09-04 12:41:11,2026-09-04T07:18:48.813357+00:00,2026-09-04
13739338,29800.0,10.30229722897745,GAC,GN8,2024,2,,1,,1,,Petrol,,Black,used,1,Chinese_EV,Phnom Penh,Tier_1,store,0,0,2026-07-07 11:52:11,2026-09-05T06:58:18.248322+00:00,2026-09-05
13713108,25600.0,10.150386692204734,Aion,Aion i60,2026,0,,1,0,0,SUV,Hybrid,Automatic,Black,new,0,Chinese_EV,Phnom Penh,Tier_1,store,0,0,2026-06-30 15:15:55,2026-09-02T09:52:10.264534+00:00,2026-09-02
13908139,22800.0,10.034559673629849,Aion,Aion i60,2026,0,,1,0,0,SUV,Electric,Automatic,White,new,0,Chinese_EV,Phnom Penh,Tier_1,store,0,0,2026-08-20 13:25:51,2026-09-06T07:11:39.996075+00:00,2026-09-06
13349325,22800.0,10.034559673629849,Aion,ផ្សេងៗ,2026,0,,1,0,0,SUV,Electric,Automatic,,new,0,Chinese_EV,Phnom Penh,Tier_1,store,0,0,2026-03-29 16:00:34,2026-09-06T07:11:53.231454+00:00,2026-09-06
13658743,22800.0,10.034559673629849,Aion,Aion i60,2026,0,,1,0,0,SUV,Electric,Automatic,White,new,0,Chinese_EV,Phnom Penh,Tier_1,individual,0,0,2026-06-17 11:08:30,2026-09-03T09:12:52.267108+00:00,2026-09-03
13973784,49900.0,10.817796321618971,Audi,Q3,2020,6,60000,0,2000,0,SUV,Petrol,Automatic,Blue,used,1,Luxury,Phnom Penh,Tier_1,store,0,0,2026-09-06 13:58:35,2026-09-06T07:09:43.269133+00:00,2026-09-06
13674017,50000.0,10.819798284210286,Jaguar,f-type,2020,6,,1,2000,0,Coupe,Petrol,,Silver,used,1,Other,Phnom Penh,Tier_1,store,0,0,2026-06-21 08:55:02,2026-09-05T06:59:51.733365+00:00,2026-09-05
13360742,33800.0,10.428245666832275,Lexus,RX350,2011,15,,1,,1,SUV,Petrol,Automatic,White,used,0,Luxury,Phnom Penh,Tier_1,store,0,0,2026-04-01 13:28:01,2026-09-04T07:17:13.199664+00:00,2026-09-04
13387951,20600.0,9.933094897288786,Lexus,RX330,2004,22,,1,,1,SUV,Petrol,Automatic,Silver,used,1,Luxury,Phnom Penh,Tier_1,store,0,0,2026-04-08 10:56:29,2026-09-04T07:19:24.001354+00:00,2026-09-04
13448634,30500.0,10.32551474894327,Lexus,NX200t,2015,11,,1,,1,Sedan,Petrol,Automatic,Grey,used,0,Luxury,Phnom Penh,Tier_1,store,0,0,2026-04-27 13:40:54,2026-09-06T07:11:48.664863+00:00,2026-09-06
13595734,89000.0,11.39640288460621,Lexus,LX570,2019,7,,1,,1,SUV,Petrol,Automatic,White,used,1,Luxury,Phnom Penh,Tier_1,individual,0,0,2026-06-02 08:31:55,2026-09-04T07:19:59.178553+00:00,2026-09-04
13671935,96000.0,11.472113887062386,Lexus,LX570,2018,8,60000,0,5700,0,SUV,Petrol,Automatic,Black,used,1,Luxury,Phnom Penh,Tier_1,store,1,0,2026-06-20 13:47:50,2026-09-05T07:02:25.165954+00:00,2026-09-05
13731761,79500.0,11.283524879179666,Lexus,LX570,2016,10,,1,5700,0,SUV,Petrol,Automatic,Black,used,1,Luxury,Phnom Penh,Tier_1,store,1,0,2026-07-05 13:19:43,2026-09-05T07:04:19.301705+00:00,2026-09-05
13775910,7900.0,8.974744612722734,Lexus,RX300,1999,27,,1,,1,SUV,LPG,Automatic,Gold,used,1,Luxury,Battambang,Tier_2,individual,0,0,2026-07-16 13:12:21,2026-09-03T09:13:46.135568+00:00,2026-09-03
13779600,27500.0,10.221977646629885,Lexus,RX350,2010,16,88514,0,,1,SUV,Petrol,Automatic,White,used,1,Luxury,Phnom Penh,Tier_1,store,0,0,2026-07-17 12:47:32,2026-09-06T07:11:56.519771+00:00,2026-09-06
13782821,33300.0,10.413342705547674,Lexus,RX450h,2013,13,,1,,1,SUV,Hybrid,Automatic,White,used,0,Luxury,Phnom Penh,Tier_1,store,1,0,2026-07-18 11:29:42,2026-09-05T07:03:07.311451+00:00,2026-09-05
13797771,56500.0,10.942013616092948,Lexus,RX200t,2019,7,,1,,1,SUV,Petrol,Automatic,Black,used,1,Luxury,Phnom Penh,Tier_1,store,1,0,2026-07-22 11:16:22,2026-09-06T07:14:22.592436+00:00,2026-09-06
13809224,19500.0,9.87822102528824,Lexus,LX470,2004,22,,1,,1,SUV,Petrol,Manual,White,used,1,Luxury,Phnom Penh,Tier_1,store,0,0,2026-07-25 12:04:22,2026-09-04T07:18:06.174230+00:00,2026-09-04
13817761,15000.0,9.61587214452889,Lexus,RX330,2004,22,,1,,1,SUV,Petrol,Automatic,Grey,used,1,Luxury,Phnom Penh,Tier_1,individual,0,0,2026-07-27 19:07:54,2026-09-06T07:12:19.970752+00:00,2026-09-06
13853930,18500.0,9.825580063659602,Lexus,RX330,2004,22,,1,,1,SUV,Petrol,Automatic,White,used,1,Luxury,Phnom Penh,Tier_1,individual,1,0,2026-08-06 07:51:02,2026-09-03T07:14:24.874326+00:00,2026-09-03
13869295,38900.0,10.568775236216993,Lexus,NX200t,2015,11,,1,,1,SUV,Petrol,Automatic,White,used,0,Luxury,Phnom Penh,Tier_1,store,0,0,2026-08-10 10:26:45,2026-09-02T09:53:57.570644+00:00,2026-09-02
13882132,13900.0,9.539716058977092,Lexus,RX330,2004,22,,1,,1,SUV,Petrol,Automatic,Grey,used,1,Luxury,Phnom Penh,Tier_1,store,0,0,2026-08-13 13:16:13,2026-09-05T06:59:58.492604+00:00,2026-09-05
13952602,27600.0,10.225607282932941,Lexus,RX350,2010,16,,1,,1,SUV,Petrol,Automatic,White,used,0,Luxury,Phnom Penh,Tier_1,individual,1,0,2026-09-01 10:26:33,2026-09-06T07:11:00.046787+00:00,2026-09-06
13961653,54500.0,10.905974329106854,Lexus,RX350,2016,10,,1,,1,SUV,Petrol,Automatic,White,used,1,Luxury,Phnom Penh,Tier_1,store,1,0,2026-09-03 11:48:08,2026-09-03T07:17:11.302996+00:00,2026-09-03
13965569,10333.0,9.24319470884713,Lexus,RX300,2001,25,,1,,1,SUV,Petrol,Automatic,Gold,used,1,Luxury,Phnom Penh,Tier_1,store,0,0,2026-09-04 10:52:35,2026-09-05T06:59:06.102720+00:00,2026-09-05
13322325,18500.0,9.825580063659602,Lexus,CT,2013,13,,1,,1,Hatchback,Hybrid,Automatic,Grey,used,0,Luxury,Phnom Penh,Tier_1,store,0,0,2026-03-22 14:58:32,2026-09-05T06:58:38.021886+00:00,2026-09-05
13521455,14000.0,9.546884034617925,Lexus,ES,2007,19,,1,,1,Sedan,Petrol,Automatic,Black,used,1,Luxury,Phnom Penh,Tier_1,individual,0,0,2026-05-15 14:44:38,2026-09-03T09:13:27.939628+00:00,2026-09-03
13546432,17000.0,9.741027444837728,Lexus,GS,2006,20,,1,,1,Sedan,Diesel,Automatic,White,used,1,Luxury,Phnom Penh,Tier_1,store,1,0,2026-05-21 09:48:14,2026-09-06T07:13:50.933987+00:00,2026-09-06
13691093,17500.0,9.770013301136158,Lexus,CT,2015,11,,1,,1,Sedan,Hybrid,Automatic,White,used,0,Luxury,Phnom Penh,Tier_1,store,1,0,2026-06-25 00:17:59,2026-09-04T07:17:29.562687+00:00,2026-09-04
13697916,9900.0,9.200391041122515,Lexus,GS,2006,20,,1,,1,SUV,Petrol,Automatic,White,used,1,Luxury,Phnom Penh,Tier_1,store,0,0,2026-06-26 14:38:53,2026-09-02T09:51:45.835776+00:00,2026-09-02
13729589,23900.0,10.081675578048475,Lexus,HS,2010,16,,1,,1,Sedan,Hybrid,Automatic,White,used,0,Luxury,Phnom Penh,Tier_1,store,0,0,2026-07-04 18:03:13,2026-09-02T09:53:14.676998+00:00,2026-09-02
13756259,83000.0,11.326607934898927,Lexus,LS,2018,8,30000,0,,1,Station Wagon,Petrol,Automatic,White,used,1,Luxury,Phnom Penh,Tier_1,store,0,0,2026-07-11 11:46:17,2026-09-06T07:13:23.821188+00:00,2026-09-06
13859204,275000.0,12.524530013005734,Lexus,LX700h,2026,0,,1,,1,SUV,Hybrid,Automatic,Black,new,0,Luxury,Phnom Penh,Tier_1,individual,1,0,2026-08-07 11:52:41,2026-09-03T07:12:49.698012+00:00,2026-09-03
13889219,34000.0,10.434145214930487,Lexus,NX200t F Sport,2016,10,,1,,1,Sedan,Petrol,Automatic,Grey,used,1,Luxury,Phnom Penh,Tier_1,individual,0,0,2026-08-15 11:56:57,2026-09-04T07:21:41.058969+00:00,2026-09-04
13933837,12900.0,9.465060106725137,Lexus,GX470,2003,23,,1,,1,SUV,Petrol,Automatic,Gold,used,1,Luxury,Phnom Penh,Tier_1,individual,0,0,2026-08-27 09:16:57,2026-09-03T07:13:25.169411+00:00,2026-09-03
13940245,12750.0,9.453364978883542,Lexus,HS,2012,14,,1,,1,Sedan,Hybrid,Automatic,Black,used,0,Luxury,Phnom Penh,Tier_1,individual,0,0,2026-08-28 19:03:39,2026-09-02T09:52:57.370407+00:00,2026-09-02
13946585,33000.0,10.404293143019792,Lexus,NX200t,2015,11,,1,,1,Sedan,Petrol,Automatic,Black,used,0,Luxury,Phnom Penh,Tier_1,individual,0,0,2026-08-30 15:22:20,2026-09-03T09:12:33.500789+00:00,2026-09-03
13964148,28800.0,10.268165387743457,Lexus,NX200t,2015,11,,1,,1,SUV,Petrol,Automatic,Black,used,1,Luxury,Phnom Penh,Tier_1,store,1,0,2026-09-03 22:12:20,2026-09-05T07:00:53.275752+00:00,2026-09-05
13970043,23500.0,10.064798252418377,Lexus,IS,2016,10,,1,,1,Sedan,Petrol,Automatic,Grey,used,1,Luxury,Phnom Penh,Tier_1,store,1,0,2026-09-05 13:01:11,2026-09-05T06:59:34.541908+00:00,2026-09-05
13288174,21900.0,9.994287576862567,Lexus,RX330,2005,21,,1,,1,SUV,,Automatic,White,used,1,Luxury,Phnom Penh,Tier_1,individual,0,0,2026-03-14 12:23:59,2026-09-03T09:13:42.942884+00:00,2026-09-03
13426858,39500.0,10.584081267024454,Lexus,NX300,2018,8,,1,,1,SUV,Petrol,Automatic,Grey,used,0,Luxury,Phnom Penh,Tier_1,individual,1,0,2026-04-22 11:55:42,2026-09-03T09:13:41.878814+00:00,2026-09-03
13970090,19500.0,9.87822102528824,Lexus,RX330,2004,22,,1,,1,SUV,Petrol,Automatic,,used,1,Luxury,Phnom Penh,Tier_1,store,0,0,2026-09-05 13:10:27,2026-09-05T06:59:11.159399+00:00,2026-09-05
13926126,30800.0,10.335302435967074,Lexus,NX200t,2015,11,,1,,1,SUV,Petrol,,Grey,used,1,Luxury,Phnom Penh,Tier_1,store,1,0,2026-08-25 11:59:17,2026-09-02T09:54:54.536027+00:00,2026-09-02
13970229,39500.0,10.584081267024454,Lexus,NX200t,2016,10,59546,0,,1,SUV,Petrol,,White,used,1,Luxury,Phnom Penh,Tier_1,store,1,0,2026-09-05 13:38:26,2026-09-05T06:58:40.035167+00:00,2026-09-05
13517496,59800.0,10.998777662206932,Geely,ផ្សេងៗ,2025,1,150000,0,5500,0,SUV,Hybrid,Automatic,Black,new,0,Chinese_EV,Phnom Penh,Tier_1,store,0,0,2026-05-14 16:19:46,2026-09-05T06:58:07.599713+00:00,2026-09-05
13883464,25800.0,10.158168529848494,Geely,ផ្សេងៗ,2025,1,20000,0,1500,0,SUV,Hybrid,Automatic,Grey,new,0,Chinese_EV,Phnom Penh,Tier_1,store,0,0,2026-08-13 19:14:41,2026-09-05T06:58:08.937532+00:00,2026-09-05
13918169,22500.0,10.021315031649332,Mercedes-Benz,C-Class,2015,11,,1,,1,Sedan,,Automatic,White,used,1,Luxury,Phnom Penh,Tier_1,individual,0,0,2026-08-23 11:29:11,2026-09-05T07:01:35.280437+00:00,2026-09-05
13456590,22000.0,9.99884318585288,Mercedes-Benz,C-Class,2015,11,300,0,,1,Sedan,Petrol,,Blue,used,1,Luxury,Phnom Penh,Tier_1,store,0,0,2026-04-29 12:03:01,2026-09-06T07:12:27.559027+00:00,2026-09-06
13472883,39500.0,10.584081267024454,Mercedes-Benz,Maybach,2015,11,,1,,1,Sedan,Petrol,,Black,used,1,Luxury,Phnom Penh,Tier_1,store,0,0,2026-05-03 19:02:45,2026-09-06T07:13:07.086344+00:00,2026-09-06
13953936,32000.0,10.373522431293592,Mercedes-Benz,S350,2014,12,,1,3000,0,Sedan,Diesel,,Black,used,0,Luxury,Phnom Penh,Tier_1,individual,0,0,2026-09-01 14:08:12,2026-09-03T09:12:23.145667+00:00,2026-09-03
13306507,26666.0,10.191182124909785,Mercedes-Benz,C-Class,2015,11,,1,,1,Sedan,Petrol,Automatic,White,used,1,Luxury,Phnom Penh,Tier_1,store,0,0,2026-03-18 16:14:02,2026-09-04T07:16:33.288513+00:00,2026-09-04
13936325,28000.0,10.239995502805316,Mercedes-Benz,C-Class,2015,11,,1,,1,Sedan,Petrol,,White,used,1,Luxury,Kandal,Tier_2,individual,0,0,2026-08-27 17:18:38,2026-09-03T09:12:32.583054+00:00,2026-09-03
13596806,23900.0,10.081675578048475,Mercedes-Benz,C300,2015,11,,1,,1,Sedan,Petrol,Automatic,White,used,1,Luxury,Phnom Penh,Tier_1,store,0,0,2026-06-02 11:13:20,2026-09-05T06:58:25.121899+00:00,2026-09-05
13829911,15500.0,9.648659816955295,Mercedes-Benz,S350,2010,16,,1,,1,Sedan,Diesel,Automatic,Black,used,1,Luxury,Phnom Penh,Tier_1,individual,0,0,2026-07-30 16:49:35,2026-09-06T07:12:06.457328+00:00,2026-09-06
13889966,28500.0,10.25769445336048,Mercedes-Benz,C-Class,2015,11,,1,,1,Sedan,Petrol,Automatic,White,used,0,Luxury,Phnom Penh,Tier_1,store,0,0,2026-08-15 15:16:22,2026-09-04T07:17:12.852140+00:00,2026-09-04
13953108,16800.0,9.729193687429403,Mercedes-Benz,C-Class,2015,11,,1,,1,SUV,Petrol,Automatic,White,used,1,Luxury,Phnom Penh,Tier_1,store,0,0,2026-09-01 11:47:21,2026-09-05T07:00:51.697985+00:00,2026-09-05
13957310,25500.0,10.146472946063877,Mercedes-Benz,C-Class,2015,11,,1,,1,Sedan,Petrol,Automatic,Black,used,1,Luxury,Phnom Penh,Tier_1,store,0,0,2026-09-02 11:23:38,2026-09-06T07:10:28.827943+00:00,2026-09-06
13967359,23000.0,10.043292972227004,Mercedes-Benz,C-Class,2015,11,,1,,1,Sedan,Petrol,Automatic,White,used,1,Luxury,Phnom Penh,Tier_1,store,0,0,2026-09-04 16:29:17,2026-09-05T07:03:07.959968+00:00,2026-09-05
13431983,20500.0,9.928228944424575,Porsche,Cayenne,2011,15,,1,,1,SUV,Hybrid,Automatic,Black,used,1,Luxury,Phnom Penh,Tier_1,store,0,0,2026-04-23 12:56:27,2026-09-06T07:10:59.484585+00:00,2026-09-06
13893250,48900.0,10.797553125151618,Jeep,Wrangler,2021,5,,1,,1,SUV,Petrol,Automatic,Blue,used,1,Mass_Market,Phnom Penh,Tier_1,individual,0,0,2026-08-16 15:13:18,2026-09-06T07:10:16.570678+00:00,2026-09-06
13943102,58800.0,10.981914140544825,Jeep,ផ្សេងៗ,2024,2,,1,,1,SUV,Hybrid,Automatic,Grey,used,0,Mass_Market,Phnom Penh,Tier_1,store,0,0,2026-08-29 14:45:49,2026-09-03T07:13:23.877393+00:00,2026-09-03
13785971,59000.0,10.985309671896763,Jeep,Rubicon,2023,3,,1,,1,SUV,Diesel,Automatic,White,used,1,Mass_Market,Phnom Penh,Tier_1,store,1,0,2026-07-19 10:37:31,2026-09-06T07:13:47.667656+00:00,2026-09-06
13877323,53800.0,10.893047333337728,Jeep,Rubicon,2020,6,,1,,1,SUV,Petrol,Automatic,Black,used,0,Mass_Market,Phnom Penh,Tier_1,store,0,0,2026-08-12 10:20:45,2026-09-04T07:22:06.585823+00:00,2026-09-04
13973407,18700.0,9.83633227734872,SsangYong,Rexton,2018,8,,1,,1,Pickup,Diesel,Automatic,Grey,used,0,Other,Phnom Penh,Tier_1,store,1,0,2026-09-06 12:44:13,2026-09-06T07:11:34.291854+00:00,2026-09-06
13299907,19900.0,9.898525260706313,SsangYong,Rexton,2018,8,,1,,1,Pickup,Diesel,,White,used,0,Other,Phnom Penh,Tier_1,store,1,0,2026-03-17 11:19:45,2026-09-06T07:12:02.121701+00:00,2026-09-06
13771939,7500.0,8.922791623969637,Kia,Morning,2014,12,,1,,1,Sedan,,,,used,0,Mass_Market,Phnom Penh,Tier_1,store,0,0,2026-07-15 12:58:06,2026-09-06T07:13:22.450661+00:00,2026-09-06
13775521,8050.0,8.993551586299981,Kia,Ray,2013,13,,1,,1,,Petrol,Automatic,,used,0,Mass_Market,Phnom Penh,Tier_1,store,0,0,2026-07-16 11:33:26,2026-09-02T09:53:41.323497+00:00,2026-09-02
13833068,1700.0,7.438971592395862,Kia,Morning,2001,25,,1,,1,Sedan,,,Red,used,1,Mass_Market,Kandal,Tier_2,individual,0,0,2026-07-31 13:50:10,2026-09-03T07:15:06.295583+00:00,2026-09-03
13584053,19900.0,9.898525260706313,Kia,Carnival,2015,11,,1,,1,MPV,Diesel,,White,used,0,Mass_Market,Phnom Penh,Tier_1,store,1,0,2026-05-30 00:15:23,2026-09-02T09:52:13.181680+00:00,2026-09-02
13549104,39500.0,10.584081267024454,Kia,Carnival,2022,4,,1,,1,MPV,Petrol,Automatic,Black,used,0,Mass_Market,Phnom Penh,Tier_1,store,1,0,2026-05-21 17:36:01,2026-09-02T09:52:13.153426+00:00,2026-09-02
13687473,21500.0,9.975854724662028,Kia,Carnival,2020,6,,1,,1,MPV,Petrol,Automatic,Black,used,1,Mass_Market,Phnom Penh,Tier_1,store,0,1,2026-06-24 11:09:14,2026-09-06T07:11:41.541611+00:00,2026-09-06
13849017,4600.0,8.434028950155469,Kia,Morning,2006,20,,1,,1,Sedan,Petrol,Automatic,White,used,1,Mass_Market,Kampot,Tier_3,individual,0,1,2026-08-04 20:50:06,2026-09-06T07:11:01.266332+00:00,2026-09-06
13878476,44800.0,10.709985739582528,Kia,Carnival,2023,3,,1,,1,MPV,Petrol,Automatic,Black,used,1,Mass_Market,Phnom Penh,Tier_1,store,0,0,2026-08-12 14:14:00,2026-09-06T07:09:27.402493+00:00,2026-09-06
13918197,45000.0,10.714439990727769,Kia,Carnival,2022,4,,1,,1,MPV,Petrol,Automatic,Black,used,1,Mass_Market,Phnom Penh,Tier_1,store,1,0,2026-08-23 11:35:24,2026-09-03T07:16:55.038382+00:00,2026-09-03
13944199,30900.0,10.33854382482173,Kia,Carnival,2022,4,,1,,1,MPV,Diesel,Automatic,Black,used,1,Mass_Market,Phnom Penh,Tier_1,individual,0,0,2026-08-29 20:49:31,2026-09-06T07:09:51.836377+00:00,2026-09-06
13953776,17500.0,9.770013301136158,Kia,Carnival,2015,11,,1,,1,MPV,Diesel,Automatic,Grey,used,0,Mass_Market,Phnom Penh,Tier_1,individual,0,0,2026-09-01 13:33:32,2026-09-03T09:12:55.386268+00:00,2026-09-03
13955296,9700.0,9.179984251961283,Kia,Morning,2022,4,,1,,1,SUV,Petrol,Automatic,White,used,1,Mass_Market,Phnom Penh,Tier_1,store,0,0,2026-09-01 19:38:24,2026-09-06T07:10:52.229459+00:00,2026-09-06
13958479,6300.0,8.748463629942055,Kia,Morning,2008,18,,1,,1,Sedan,Petrol,Automatic,Silver,used,1,Mass_Market,Siem Reap,Tier_2,store,0,0,2026-09-02 14:58:39,2026-09-02T09:53:22.383154+00:00,2026-09-02
13973447,35500.0,10.477316144080852,Kia,Carnival,2021,5,,1,,1,MPV,Petrol,Automatic,Grey,used,1,Mass_Market,Phnom Penh,Tier_1,individual,1,0,2026-09-06 12:52:57,2026-09-06T07:11:05.933152+00:00,2026-09-06
13421713,8100.0,8.999742789830492,Kia,Ray,2013,13,,1,,1,SUV,Petrol,Automatic,White,used,1,Mass_Market,Phnom Penh,Tier_1,individual,0,0,2026-04-21 10:54:05,2026-09-02T09:55:29.723324+00:00,2026-09-02
13787507,28000.0,10.239995502805316,Kia,EV5,2025,1,25000,0,0,0,SUV,Electric,Automatic,White,used,1,Mass_Market,Phnom Penh,Tier_1,individual,0,0,2026-07-19 17:19:40,2026-09-06T07:10:44.493261+00:00,2026-09-06
13808810,4300.0,8.366602832783736,Kia,Morning,2007,19,,1,,1,Sedan,Petrol,Automatic,Silver,used,1,Mass_Market,Phnom Penh,Tier_1,individual,0,0,2026-07-25 10:31:20,2026-09-06T07:13:46.710000+00:00,2026-09-06
13953536,5100.0,8.537191877922927,Kia,Morning,2008,18,,1,,1,Sedan,Petrol,Automatic,White,used,1,Mass_Market,Phnom Penh,Tier_1,individual,0,0,2026-09-01 12:42:54,2026-09-03T09:13:25.549453+00:00,2026-09-03
13973370,3500.0,8.160803920954665,Kia,Morning,2004,22,,1,,1,Sedan,Petrol,Automatic,Blue,used,1,Mass_Market,Phnom Penh,Tier_1,individual,0,0,2026-09-06 12:35:49,2026-09-06T07:11:47.006658+00:00,2026-09-06
13883805,26800.0,10.196194479235656,Tesla,Model Y,2022,4,60000,0,0,0,SUV,Electric,Automatic,White,used,0,Other,Phnom Penh,Tier_1,individual,0,0,2026-08-13 22:18:58,2026-09-03T09:12:26.699516+00:00,2026-09-03
13266187,31800.0,10.367253014814716,BYD,ផ្សេងៗ,2025,1,150000,0,0,0,SUV,Electric,Automatic,Black,new,0,Chinese_EV,Phnom Penh,Tier_1,store,0,0,2026-03-09 08:58:51,2026-09-02T09:52:30.264546+00:00,2026-09-02
13864479,24900.0,10.122663242288953,BYD,Sealion5,2025,1,,1,0,0,SUV,Petrol,Automatic,White,new,1,Chinese_EV,Phnom Penh,Tier_1,individual,0,0,2026-08-08 17:42:21,2026-09-05T07:03:42.167200+00:00,2026-09-05
13867415,4200.0,8.343077871169383,Honda,CR-V,2000,26,,1,,1,SUV,Petrol,Automatic,Grey,used,1,Mass_Market,Phnom Penh,Tier_1,individual,0,0,2026-08-09 17:40:00,2026-09-03T07:12:35.954283+00:00,2026-09-03
13958604,3500.0,8.160803920954665,Honda,CR-V,1997,29,,1,,1,SUV,Petrol,Automatic,Black,used,1,Mass_Market,Phnom Penh,Tier_1,individual,0,0,2026-09-02 15:20:23,2026-09-06T07:12:22.171575+00:00,2026-09-06
13920095,3200.0,8.071218539969863,Honda,CR-V,1997,29,,1,,1,SUV,Petrol,Automatic,Blue,used,1,Mass_Market,Phnom Penh,Tier_1,store,0,0,2026-08-23 21:00:19,2026-09-04T07:17:15.640598+00:00,2026-09-04
13948558,3700.0,8.216358332386156,Honda,CR-V,1997,29,,1,,1,SUV,Petrol,Automatic,Silver,used,1,Mass_Market,Phnom Penh,Tier_1,individual,0,0,2026-08-31 08:59:02,2026-09-03T09:12:46.554831+00:00,2026-09-03
13664470,23900.0,10.081675578048475,Mitsubishi,Xpander,2023,3,40000,0,,1,MPV,Petrol,Automatic,,used,1,Mass_Market,Phnom Penh,Tier_1,individual,0,0,2026-06-18 15:42:47,2026-09-03T07:15:57.243297+00:00,2026-09-03
13634167,27900.0,10.236417809461043,Mitsubishi,Pajero Sport,2017,9,,1,,1,,,,White,used,1,Mass_Market,Phnom Penh,Tier_1,store,1,0,2026-06-11 10:07:58,2026-09-06T07:11:48.201203+00:00,2026-09-06
13961150,389000.0,12.871337193291367,lamborghini,Urus,2024,2,,1,,1,SUV,Petrol,Automatic,Grey,used,1,Other,Phnom Penh,Tier_1,store,0,0,2026-09-03 10:06:41,2026-09-06T07:10:54.847941+00:00,2026-09-06
13290957,17800.0,9.787009914477434,Toyota,Prius,2012,14,,1,,1,Hatchback,Hybrid,Automatic,Red,used,0,Mass_Market,Phnom Penh,Tier_1,store,1,0,2026-03-15 09:56:14,2026-09-04T07:17:21.912524+00:00,2026-09-04
13300054,12800.0,9.45727857185611,Toyota,Prius,2008,18,,1,,1,Hatchback,Hybrid,Automatic,White,used,1,Mass_Market,Phnom Penh,Tier_1,store,0,0,2026-03-17 11:41:31,2026-09-06T07:13:41.176316+00:00,2026-09-06
13312740,27000.0,10.203629181337648,Toyota,Prius,2018,8,67270,0,,1,Hatchback,Hybrid,Automatic,Gold,used,1,Mass_Market,Phnom Penh,Tier_1,individual,0,0,2026-03-20 08:37:54,2026-09-03T09:13:23.770813+00:00,2026-09-03
13341627,41500.0,10.633472802314019,Toyota,Land Cruiser,2010,16,,1,,1,SUV,Petrol,Automatic,White,used,1,Mass_Market,Phnom Penh,Tier_1,store,0,0,2026-03-27 11:10:48,2026-09-02T09:51:43.160579+00:00,2026-09-02
13347430,48000.0,10.778977123006351,Toyota,Alphard,2018,8,,1,,1,MPV,Petrol,Automatic,White,used,1,Mass_Market,Phnom Penh,Tier_1,individual,0,0,2026-03-28 22:59:11,2026-09-04T07:18:46.682932+00:00,2026-09-04
13387245,27000.0,10.203629181337648,Toyota,Fortuner,2014,12,82000,0,,1,SUV,Diesel,Automatic,Gold,used,1,Mass_Market,Phnom Penh,Tier_1,store,0,0,2026-04-08 08:38:46,2026-09-06T07:13:41.497824+00:00,2026-09-06
13394034,27000.0,10.203629181337648,Toyota,Sienna,2012,14,,1,,1,MPV,Petrol,Automatic,White,used,1,Mass_Market,Phnom Penh,Tier_1,individual,0,0,2026-04-09 20:49:24,2026-09-05T07:03:58.801649+00:00,2026-09-05
13406403,18500.0,9.825580063659602,Toyota,Highlander,2006,20,,1,,1,SUV,Petrol,Automatic,White,used,1,Mass_Market,Phnom Penh,Tier_1,individual,0,0,2026-04-16 11:52:25,2026-09-05T06:59:29.937312+00:00,2026-09-05
13444444,12999.0,9.472704636443673,Toyota,Prius,2013,13,,1,,1,Hatchback,Hybrid,Automatic,White,used,0,Mass_Market,Phnom Penh,Tier_1,individual,0,0,2026-04-26 13:31:31,2026-09-05T06:59:26.958331+00:00,2026-09-05
13527314,17300.0,9.758519582283522,Toyota,Prius,2012,14,,1,,1,Hatchback,Hybrid,Automatic,Blue,used,0,Mass_Market,Phnom Penh,Tier_1,store,1,0,2026-05-17 09:41:57,2026-09-04T07:17:20.020380+00:00,2026-09-04
13552148,18000.0,9.798182590890704,Toyota,Prius,2014,12,,1,,1,Hatchback,Hybrid,Automatic,Grey,used,0,Mass_Market,Phnom Penh,Tier_1,store,0,0,2026-05-22 12:36:44,2026-09-02T09:51:38.653092+00:00,2026-09-02
13584418,5050.0,8.527341522468053,Toyota,Camry,1997,29,,1,,1,Sedan,Petrol,Automatic,White,used,1,Mass_Market,Battambang,Tier_2,individual,0,0,2026-05-30 08:11:10,2026-09-03T09:13:47.295875+00:00,2026-09-03
13586855,18700.0,9.83633227734872,Toyota,Highlander,2004,22,,1,,1,SUV,Petrol,Automatic,White,used,1,Mass_Market,Phnom Penh,Tier_1,individual,0,0,2026-05-30 16:16:36,2026-09-06T07:13:29.018001+00:00,2026-09-06
13590470,3300.0,8.101980731853192,Toyota,Prius,2001,25,,1,,1,Sedan,Hybrid,Automatic,Silver,used,1,Mass_Market,Phnom Penh,Tier_1,individual,0,0,2026-05-31 18:11:20,2026-09-02T09:53:01.528484+00:00,2026-09-02
13611502,7227.0,8.885717651712119,Toyota,Prius,2004,22,,1,,1,Sedan,Hybrid,Automatic,Silver,used,1,Mass_Market,Phnom Penh,Tier_1,individual,0,0,2026-06-05 15:20:05,2026-09-03T09:14:05.251151+00:00,2026-09-03
13639291,17500.0,9.770013301136158,Toyota,Prius,2011,15,,1,,1,Hatchback,Hybrid,Automatic,Grey,used,0,Mass_Market,Phnom Penh,Tier_1,store,0,0,2026-06-12 12:12:31,2026-09-02T09:51:35.457787+00:00,2026-09-02
13644712,14500.0,9.581972891547895,Toyota,Highlander,2003,23,,1,,1,SUV,Petrol,Automatic,Gold,used,1,Mass_Market,Phnom Penh,Tier_1,individual,0,0,2026-06-13 17:37:04,2026-09-06T07:13:09.906969+00:00,2026-09-06
13664236,29500.0,10.292179440058462,Toyota,Tundra,2014,12,,1,,1,Pickup,Petrol,Automatic,White,used,0,Mass_Market,Phnom Penh,Tier_1,store,0,0,2026-06-18 14:58:59,2026-09-06T07:12:16.680739+00:00,2026-09-06
13724321,68000.0,11.127277689932466,Toyota,Fortuner,2026,0,100000,0,2800,0,SUV,Diesel,Automatic,White,new,0,Mass_Market,Phnom Penh,Tier_1,store,0,0,2026-07-03 12:02:40,2026-09-06T07:10:32.831009+00:00,2026-09-06
13726048,21800.0,9.989711119284745,Toyota,Camry,2010,16,,1,,1,Sedan,Hybrid,Automatic,White,used,0,Mass_Market,Phnom Penh,Tier_1,store,1,0,2026-07-03 19:13:00,2026-09-02T09:53:14.874395+00:00,2026-09-02
13735875,39900.0,10.594156665220533,Toyota,Hilux,2027,0,100000,0,2800,0,Pickup,Diesel,Automatic,White,new,0,Mass_Market,Phnom Penh,Tier_1,store,0,0,2026-07-06 14:07:29,2026-09-06T07:12:30.048294+00:00,2026-09-06
13736039,39900.0,10.594156665220533,Toyota,Hilux,2027,0,100000,0,2800,0,Pickup,Diesel,Automatic,Silver,new,0,Mass_Market,Phnom Penh,Tier_1,store,0,0,2026-07-06 14:44:57,2026-09-06T07:12:30.913943+00:00,2026-09-06
13736118,51100.0,10.841559345471941,Toyota,Hilux,2027,0,100000,0,2800,0,Pickup,Diesel,Automatic,Grey,new,0,Mass_Market,Phnom Penh,Tier_1,store,0,0,2026-07-06 15:03:24,2026-09-06T07:12:31.603554+00:00,2026-09-06
13743606,12500.0,9.433563920090563,Toyota,Prius,2008,18,,1,,1,Hatchback,Hybrid,Automatic,Grey,used,0,Mass_Market,Phnom Penh,Tier_1,store,1,0,2026-07-08 11:49:10,2026-09-04T07:20:20.161675+00:00,2026-09-04
13785359,16000.0,9.680406499268875,Toyota,Prius,2010,16,,1,0,0,Hatchback,Electric,Automatic,White,used,1,Mass_Market,Phnom Penh,Tier_1,store,0,0,2026-07-19 07:39:19,2026-09-02T09:51:53.733960+00:00,2026-09-02
13791710,13500.0,9.510519035757246,Toyota,Highlander,2002,24,,1,,1,SUV,Petrol,Automatic,Silver,used,1,Mass_Market,Phnom Penh,Tier_1,store,0,0,2026-07-20 20:54:44,2026-09-02T09:53:05.592840+00:00,2026-09-02
13816079,33399.0,10.416311178964792,Toyota,Land Cruiser,2010,16,,1,,1,SUV,Petrol,Automatic,White,used,1,Mass_Market,Phnom Penh,Tier_1,individual,0,0,2026-07-27 12:43:01,2026-09-05T06:59:57.291719+00:00,2026-09-05
13828995,29300.0,10.285376924115587,Toyota,Alphard,2015,11,,1,,1,MPV,Hybrid,Automatic,White,used,1,Mass_Market,Phnom Penh,Tier_1,individual,0,0,2026-07-30 13:58:00,2026-09-03T09:12:31.862976+00:00,2026-09-03
13852302,19800.0,9.893487720457795,Toyota,Prius,2013,13,,1,,1,Hatchback,Hybrid,Automatic,White,used,0,Mass_Market,Phnom Penh,Tier_1,store,1,0,2026-08-05 16:15:14,2026-09-06T07:10:51.126800+00:00,2026-09-06
13857610,19999.0,9.903487552536127,Toyota,Alphard,2011,15,,1,,1,MPV,Petrol,Automatic,White,used,1,Mass_Market,Phnom Penh,Tier_1,individual,0,0,2026-08-07 01:53:23,2026-09-06T07:10:08.701145+00:00,2026-09-06
13864754,12800.0,9.45727857185611,Toyota,Highlander,2002,24,,1,,1,SUV,Petrol,Automatic,Silver,used,1,Mass_Market,Phnom Penh,Tier_1,individual,1,0,2026-08-08 19:47:19,2026-09-04T07:22:13.291431+00:00,2026-09-04
13867985,11700.0,9.367429587218957,Toyota,Highlander,2001,25,,1,,1,SUV,Petrol,Automatic,Silver,used,1,Mass_Market,Phnom Penh,Tier_1,individual,1,0,2026-08-09 21:52:45,2026-09-03T09:13:59.045831+00:00,2026-09-03
13873753,16500.0,9.711176264112805,Toyota,Prius,2013,13,,1,,1,Sedan,Hybrid,Automatic,Grey,used,0,Mass_Market,Phnom Penh,Tier_1,store,1,0,2026-08-11 11:56:16,2026-09-02T09:52:44.628404+00:00,2026-09-02
13873802,26500.0,10.184937747111391,Toyota,Land Cruiser,2008,18,,1,,1,SUV,Petrol,Automatic,White,used,1,Mass_Market,Phnom Penh,Tier_1,store,0,0,2026-08-11 12:10:01,2026-09-02T09:55:26.108341+00:00,2026-09-02
13873994,17000.0,9.741027444837728,Toyota,Alphard,2010,16,,1,,1,SUV,Petrol,Automatic,White,used,1,Mass_Market,Phnom Penh,Tier_1,individual,0,0,2026-08-11 12:55:35,2026-09-02T09:53:40.391620+00:00,2026-09-02
13878211,15500.0,9.648659816955295,Toyota,Highlander,2003,23,,1,,1,SUV,Petrol,Automatic,Gold,used,1,Mass_Market,Phnom Penh,Tier_1,individual,0,0,2026-08-12 13:12:55,2026-09-04T07:19:34.320831+00:00,2026-09-04
13882052,16800.0,9.729193687429403,Toyota,Prius,2010,16,,1,,1,Sedan,Hybrid,Automatic,White,used,1,Mass_Market,Phnom Penh,Tier_1,store,1,0,2026-08-13 12:58:05,2026-09-06T07:10:57.648227+00:00,2026-09-06
13892490,22300.0,10.012386799492118,Toyota,Fortuner,2014,12,,1,,1,SUV,Diesel,Automatic,Gold,used,1,Mass_Market,Phnom Penh,Tier_1,individual,0,0,2026-08-16 12:00:47,2026-09-06T07:09:26.962282+00:00,2026-09-06
13910454,15450.0,9.645429005150419,Toyota,Prius,2011,15,,1,,1,Hatchback,Hybrid,Automatic,Grey,used,0,Mass_Market,Phnom Penh,Tier_1,store,1,0,2026-08-21 08:54:39,2026-09-06T07:14:06.918552+00:00,2026-09-06
13919825,14800.0,9.60245002503719,Toyota,Camry,2007,19,,1,,1,Sedan,Hybrid,Automatic,Silver,used,1,Mass_Market,Phnom Penh,Tier_1,store,1,0,2026-08-23 18:46:09,2026-09-04T07:18:57.776770+00:00,2026-09-04
13931332,30500.0,10.32551474894327,Toyota,bZ4X,2024,2,18000,0,0,0,SUV,Electric,Automatic,Grey,used,1,Mass_Market,Phnom Penh,Tier_1,individual,0,0,2026-08-26 14:33:59,2026-09-03T09:13:16.626479+00:00,2026-09-03
13946232,14500.0,9.581972891547895,Toyota,Prius,2012,14,,1,,1,Sedan,Hybrid,Automatic,Grey,used,1,Mass_Market,Phnom Penh,Tier_1,individual,0,0,2026-08-30 13:53:51,2026-09-02T09:53:15.813540+00:00,2026-09-02
13946459,15500.0,9.648659816955295,Toyota,Prius,2011,15,,1,,1,Hatchback,Hybrid,Automatic,Silver,used,1,Mass_Market,Phnom Penh,Tier_1,store,1,0,2026-08-30 14:50:53,2026-09-06T07:12:17.019563+00:00,2026-09-06
13947489,16000.0,9.680406499268875,Toyota,Prius,2013,13,,1,,1,Sedan,Hybrid,Automatic,White,used,0,Mass_Market,Phnom Penh,Tier_1,store,0,0,2026-08-30 21:08:45,2026-09-02T09:53:05.125836+00:00,2026-09-02
13948159,5400.0,8.594339400592892,Toyota,Camry,2002,24,,1,,1,Sedan,Petrol,Automatic,Silver,used,1,Mass_Market,Battambang,Tier_2,store,0,0,2026-08-31 07:41:01,2026-09-04T07:21:51.906408+00:00,2026-09-04
13950981,16700.0,9.723223876851618,Toyota,Highlander,2005,21,,1,,1,SUV,Petrol,Automatic,Silver,used,1,Mass_Market,Phnom Penh,Tier_1,store,0,0,2026-08-31 17:19:10,2026-09-03T07:15:34.957643+00:00,2026-09-03
13953335,19800.0,9.893487720457795,Toyota,Alphard,2012,14,,1,,1,MPV,Hybrid,Automatic,White,used,1,Mass_Market,Phnom Penh,Tier_1,store,0,0,2026-09-01 12:26:12,2026-09-02T09:55:46.526000+00:00,2026-09-02
13961877,13700.0,9.525224101853109,Toyota,Highlander,2003,23,,1,,1,SUV,Petrol,Automatic,Silver,used,1,Mass_Market,Phnom Penh,Tier_1,store,0,0,2026-09-03 12:26:30,2026-09-04T07:18:06.855399+00:00,2026-09-04
13963848,18500.0,9.825580063659602,Toyota,Alphard,2012,14,,1,,1,SUV,Hybrid,Automatic,Black,used,1,Mass_Market,Phnom Penh,Tier_1,store,1,0,2026-09-03 19:47:32,2026-09-05T07:00:52.525956+00:00,2026-09-05
13965955,12800.0,9.45727857185611,Toyota,Prius,2008,18,,1,,1,Sedan,Hybrid,Automatic,Grey,used,1,Mass_Market,Phnom Penh,Tier_1,individual,0,0,2026-09-04 11:57:07,2026-09-04T07:21:14.945612+00:00,2026-09-04
13966504,12800.0,9.45727857185611,Toyota,Alphard,2006,20,,1,,1,MPV,Petrol,Automatic,Black,used,1,Mass_Market,Battambang,Tier_2,individual,0,0,2026-09-04 13:46:59,2026-09-04T07:17:04.665281+00:00,2026-09-04
13970087,14200.0,9.561067663645012,Toyota,Highlander,2003,23,,1,,1,SUV,Petrol,Automatic,Gold,used,1,Mass_Market,Kandal,Tier_2,individual,0,0,2026-09-05 13:10:15,2026-09-05T06:59:11.385043+00:00,2026-09-05
13973145,8499.0,9.047821442478408,Toyota,Camry,2002,24,,1,,1,Sedan,Petrol,Automatic,Silver,used,1,Mass_Market,Phnom Penh,Tier_1,individual,0,0,2026-09-06 11:45:30,2026-09-06T07:13:25.400456+00:00,2026-09-06
13973597,29500.0,10.292179440058462,Toyota,Alphard,2017,9,,1,,1,MPV,Petrol,Automatic,White,used,1,Mass_Market,Phnom Penh,Tier_1,store,0,0,2026-09-06 13:19:05,2026-09-06T07:10:31.337491+00:00,2026-09-06
13762511,38800.0,10.566201298475118,Toyota,Hilux Revo,2021,5,,1,,1,Pickup,Diesel,Automatic,White,used,1,Mass_Market,Phnom Penh,Tier_1,store,0,0,2026-07-13 09:07:47,2026-09-04T07:22:06.460320+00:00,2026-09-04
13775394,35500.0,10.477316144080852,Toyota,Hilux,2020,6,,1,,1,Pickup,Diesel,Automatic,White,used,1,Mass_Market,Phnom Penh,Tier_1,store,0,0,2026-07-16 11:05:17,2026-09-03T07:12:54.264453+00:00,2026-09-03
13874980,39600.0,10.586609649448985,Toyota,Hilux Rally,2022,4,,1,,1,Pickup,Diesel,Automatic,Black,used,1,Mass_Market,Siem Reap,Tier_2,store,0,0,2026-08-11 16:12:37,2026-09-06T07:13:37.758957+00:00,2026-09-06
13907415,29800.0,10.30229722897745,Toyota,bZ5,2025,1,,1,0,0,SUV,Electric,Automatic,White,used,0,Mass_Market,Phnom Penh,Tier_1,store,0,0,2026-08-20 11:01:05,2026-09-06T07:14:00.132560+00:00,2026-09-06
13914435,36800.0,10.513280297700861,Toyota,Hiace,2018,8,,1,,1,Station Wagon,Petrol,Automatic,White,used,1,Mass_Market,Phnom Penh,Tier_1,store,0,0,2026-08-22 10:47:05,2026-09-02T09:52:37.548388+00:00,2026-09-02
13973604,29800.0,10.30229722897745,Toyota,BZ3X,2026,0,,1,0,0,SUV,Electric,Automatic,Black,new,0,Mass_Market,Phnom Penh,Tier_1,store,0,0,2026-09-06 13:20:17,2026-09-06T07:10:30.020215+00:00,2026-09-06
13634998,48500.0,10.789339695269716,Toyota,Alphard,2018,8,70000,0,3500,0,MPV,Petrol,Automatic,,used,1,Mass_Market,Phnom Penh,Tier_1,store,0,0,2026-06-11 12:23:52,2026-09-06T07:09:15.517145+00:00,2026-09-06
13744090,16300.0,9.69898173460629,Toyota,Prius,2011,15,,1,,1,Hatchback,Hybrid,Automatic,White,used,1,Mass_Market,Phnom Penh,Tier_1,individual,1,0,2026-07-08 13:15:55,2026-09-03T07:14:09.330423+00:00,2026-09-03
13826249,9500.0,9.15915233520675,Toyota,Camry,2002,24,,1,,1,Sedan,Petrol,Automatic,Gold,used,1,Mass_Market,Phnom Penh,Tier_1,store,0,0,2026-07-29 21:32:08,2026-09-04T07:18:24.707096+00:00,2026-09-04
13919271,9500.0,9.15915233520675,Toyota,Prius,2006,20,,1,,1,Hatchback,Hybrid,Automatic,Green,used,1,Mass_Market,Phnom Penh,Tier_1,individual,0,0,2026-08-23 15:52:25,2026-09-06T07:13:13.314816+00:00,2026-09-06
13953930,9350.0,9.143238568435446,Toyota,Camry,2002,24,,1,,1,Sedan,Petrol,Automatic,White,used,1,Mass_Market,Phnom Penh,Tier_1,individual,0,0,2026-09-01 14:06:25,2026-09-03T09:12:22.125125+00:00,2026-09-03
13961276,44000.0,10.691967639914864,Toyota,Alphard,2019,7,,1,,1,MPV,Petrol,Automatic,Black,used,1,Mass_Market,Phnom Penh,Tier_1,individual,0,0,2026-09-03 10:32:36,2026-09-06T07:11:13.226540+00:00,2026-09-06
13962129,19200.0,9.862717639992917,Toyota,Prius,2014,12,,1,,1,Hatchback,Hybrid,Automatic,White,used,0,Mass_Market,Phnom Penh,Tier_1,store,0,0,2026-09-03 13:17:28,2026-09-03T07:13:47.527541+00:00,2026-09-03
13962135,18800.0,9.841665338892785,Toyota,Prius,2013,13,,1,,1,Hatchback,Hybrid,Automatic,White,used,0,Mass_Market,Phnom Penh,Tier_1,store,0,0,2026-09-03 13:18:49,2026-09-03T07:13:44.741677+00:00,2026-09-03
13966286,18800.0,9.841665338892785,Toyota,Prius,2013,13,257494,0,,1,Hatchback,Hybrid,Automatic,White,used,0,Mass_Market,Phnom Penh,Tier_1,store,0,0,2026-09-04 13:10:30,2026-09-04T07:18:09.365311+00:00,2026-09-04
13958832,11500.0,9.350189267092581,Toyota,Prius,2008,18,,1,,1,Sedan,,Automatic,Green,used,1,Mass_Market,Phnom Penh,Tier_1,individual,0,0,2026-09-02 16:08:24,2026-09-02T09:52:00.849197+00:00,2026-09-02
13569632,12300.0,9.417435838868785,Toyota,Prius,2013,13,,1,,1,Hatchback,,Automatic,Grey,used,0,Mass_Market,Phnom Penh,Tier_1,store,0,1,2026-05-26 16:03:08,2026-09-05T06:58:17.141899+00:00,2026-09-05
13943495,21000.0,9.952325334619427,Toyota,Raize,2026,0,,1,,1,SUV,,Automatic,White,used,0,Mass_Market,Kandal,Tier_2,individual,0,0,2026-08-29 16:18:41,2026-09-03T09:13:52.683783+00:00,2026-09-03
13947651,7700.0,8.94910546953925,Toyota,RAV4,2001,25,,1,,1,SUV,,Automatic,Silver,used,1,Mass_Market,Phnom Penh,Tier_1,individual,0,0,2026-08-30 22:43:00,2026-09-03T09:12:25.422444+00:00,2026-09-03
13958932,4200.0,8.343077871169383,Toyota,Camry,1998,28,,1,,1,Sedan,,Automatic,Black,used,1,Mass_Market,Siem Reap,Tier_2,individual,0,0,2026-09-02 16:23:42,2026-09-02T09:51:48.162118+00:00,2026-09-02
13771811,22800.0,10.034559673629849,Toyota,Prius,2018,8,,1,,1,Hatchback,,,Gold,used,0,Mass_Market,Phnom Penh,Tier_1,store,0,1,2026-07-15 12:26:15,2026-09-02T09:55:16.680723+00:00,2026-09-02
13953249,20500.0,9.928228944424575,Toyota,Rush,2019,7,,1,,1,SUV,,,,used,1,Mass_Market,Phnom Penh,Tier_1,individual,0,0,2026-09-01 12:09:18,2026-09-03T09:14:01.429453+00:00,2026-09-03
13878884,6300.0,8.748463629942055,Toyota,Scion,2004,22,,1,,1,,Petrol,Automatic,White,used,1,Mass_Market,Phnom Penh,Tier_1,individual,0,0,2026-08-12 15:43:12,2026-09-02T09:52:49.669983+00:00,2026-09-02
13966499,51100.0,10.841559345471941,Toyota,Hilux,2027,0,,1,,1,Pickup,,Automatic,Grey,new,0,Mass_Market,Phnom Penh,Tier_1,individual,0,0,2026-09-04 13:46:30,2026-09-04T07:17:04.960440+00:00,2026-09-04
13574929,8900.0,9.093918908958932,Toyota,Vitz,2013,13,,1,,1,,,,White,used,0,Mass_Market,Phnom Penh,Tier_1,store,0,0,2026-05-27 22:18:52,2026-09-06T07:13:16.081225+00:00,2026-09-06
13785325,21900.0,9.994287576862567,Toyota,Rush,2020,6,,1,1500,0,SUV,,,White,used,1,Mass_Market,Phnom Penh,Tier_1,store,0,0,2026-07-19 07:21:23,2026-09-06T07:11:47.692882+00:00,2026-09-06
13873895,17500.0,9.770013301136158,Toyota,Tacoma,2005,21,,1,,1,Pickup,,,White,used,1,Mass_Market,Phnom Penh,Tier_1,store,0,0,2026-08-11 12:31:19,2026-09-06T07:12:44.805001+00:00,2026-09-06
13884381,8850.0,9.088285725968877,Toyota,Prius,2006,20,,1,,1,Hatchback,,,Red,used,1,Mass_Market,Phnom Penh,Tier_1,store,1,0,2026-08-14 09:04:09,2026-09-03T07:15:49.716377+00:00,2026-09-03
13885965,17500.0,9.770013301136158,Toyota,Prius,2013,13,,1,,1,Hatchback,,,Black,used,0,Mass_Market,Phnom Penh,Tier_1,store,1,1,2026-08-14 13:39:50,2026-09-03T07:15:49.481723+00:00,2026-09-03
13957881,18500.0,9.825580063659602,Toyota,Prius,2012,14,,1,,1,Hatchback,,,White,used,0,Mass_Market,Phnom Penh,Tier_1,store,0,0,2026-09-02 13:17:15,2026-09-02T09:55:34.418190+00:00,2026-09-02
13958859,17900.0,9.792611856190192,Toyota,Prius,2015,11,,1,,1,Hatchback,,,White,used,0,Mass_Market,Phnom Penh,Tier_1,store,0,0,2026-09-02 16:13:26,2026-09-02T09:51:58.045641+00:00,2026-09-02
13961602,7400.0,8.909370405197466,Toyota,Corolla,2003,23,,1,,1,Sedan,,,Green,used,0,Mass_Market,Phnom Penh,Tier_1,store,0,1,2026-09-03 11:38:39,2026-09-03T07:17:36.194966+00:00,2026-09-03
13961561,5800.0,8.665785595466064,Toyota,Scion,2004,22,,1,,1,,,,Red,used,0,Mass_Market,Phnom Penh,Tier_1,store,0,0,2026-09-03 11:31:48,2026-09-03T07:17:52.205040+00:00,2026-09-03
13966099,10800.0,9.287394001418473,Toyota,Vios,2014,12,,1,,1,,,,Grey,used,1,Mass_Market,Phnom Penh,Tier_1,store,0,0,2026-09-04 12:21:46,2026-09-04T07:19:42.249111+00:00,2026-09-04
13572163,21000.0,9.952325334619427,Toyota,Tundra,2014,12,,1,,1,Pickup,Petrol,,White,used,0,Mass_Market,Phnom Penh,Tier_1,store,0,0,2026-05-27 10:05:31,2026-09-02T09:54:12.433371+00:00,2026-09-02
13807381,3950.0,8.281723990411392,Toyota,Camry,1998,28,,1,,1,Sedan,Petrol,,White,used,1,Mass_Market,Kandal,Tier_2,individual,0,1,2026-07-24 20:06:41,2026-09-03T07:15:03.845273+00:00,2026-09-03
13832918,16000.0,9.680406499268875,Toyota,Alphard,2010,16,,1,,1,MPV,Petrol,,White,used,1,Mass_Market,Phnom Penh,Tier_1,individual,0,0,2026-07-31 13:11:50,2026-09-02T09:53:29.294228+00:00,2026-09-02
13954312,32800.0,10.39821428171237,Toyota,Land Cruiser,2011,15,,1,,1,SUV,Diesel,,White,used,1,Mass_Market,Phnom Penh,Tier_1,individual,0,0,2026-09-01 15:10:35,2026-09-02T09:55:04.152632+00:00,2026-09-02
13958023,12700.0,9.44943600950432,Toyota,Prius,2009,17,,1,,1,Sedan,Hybrid,,White,used,0,Mass_Market,Phnom Penh,Tier_1,individual,0,0,2026-09-02 13:53:35,2026-09-02T09:54:43.130286+00:00,2026-09-02
13961910,17900.0,9.792611856190192,Toyota,Prius,2014,12,,1,,1,Sedan,Hybrid,,White,used,0,Mass_Market,Phnom Penh,Tier_1,individual,0,0,2026-09-03 12:32:42,2026-09-03T07:15:33.693973+00:00,2026-09-03
13962017,23000.0,10.043292972227004,Toyota,Alphard,2013,13,,1,,1,MPV,Petrol,,Black,used,0,Mass_Market,Phnom Penh,Tier_1,store,0,0,2026-09-03 12:57:43,2026-09-03T07:14:27.035148+00:00,2026-09-03
13968212,17800.0,9.787009914477434,Toyota,Prius,2014,12,,1,,1,Sedan,Hybrid,,White,used,0,Mass_Market,Phnom Penh,Tier_1,individual,0,0,2026-09-04 22:20:28,2026-09-05T07:03:55.192198+00:00,2026-09-05
13971298,10000.0,9.210440366976517,Toyota,Prius,2006,20,,1,,1,Sedan,Petrol,,Silver,used,1,Mass_Market,Phnom Penh,Tier_1,individual,0,0,2026-09-05 19:40:48,2026-09-06T07:11:46.044934+00:00,2026-09-06
13547904,48900.0,10.797553125151618,Ford,Ranger Wildtrak,2025,1,,1,,1,Pickup,Diesel,Automatic,White,used,1,Mass_Market,Phnom Penh,Tier_1,store,0,0,2026-05-21 13:28:47,2026-09-03T07:15:23.995348+00:00,2026-09-03
13581326,27800.0,10.2328272702548,Ford,Ranger Wildtrak,2016,10,,1,,1,Pickup,Diesel,Automatic,Orange,used,1,Mass_Market,Kandal,Tier_2,store,1,0,2026-05-29 11:01:31,2026-09-02T09:52:35.619397+00:00,2026-09-02
13622886,33500.0,10.419330568113901,Ford,Territory,2024,2,12653,0,,1,SUV,Petrol,Automatic,White,used,1,Mass_Market,Kandal,Tier_2,store,0,0,2026-06-08 15:59:56,2026-09-06T07:14:22.503304+00:00,2026-09-06
13720130,54000.0,10.896757843893464,Ford,Ranger Raptor,2023,3,,1,,1,Pickup,Petrol,Automatic,Grey,used,1,Mass_Market,Phnom Penh,Tier_1,individual,0,1,2026-07-02 11:34:35,2026-09-02T09:55:48.852994+00:00,2026-09-02
13855886,36000.0,10.491301994830229,Ford,Ranger,2023,3,,1,,1,Pickup,Diesel,Automatic,White,used,1,Mass_Market,Phnom Penh,Tier_1,store,0,0,2026-08-06 14:37:02,2026-09-03T07:12:54.914838+00:00,2026-09-03
13885026,53500.0,10.887455624298198,Ford,Ranger Raptor,2023,3,,1,,1,Pickup,Petrol,Automatic,Black,used,1,Mass_Market,Phnom Penh,Tier_1,store,0,0,2026-08-14 10:37:32,2026-09-06T07:09:59.082413+00:00,2026-09-06
13900557,28500.0,10.25769445336048,Ford,Ranger Wildtrak,2016,10,,1,,1,Pickup,Diesel,Automatic,Silver,used,1,Mass_Market,Phnom Penh,Tier_1,store,1,0,2026-08-18 12:44:46,2026-09-03T07:16:54.343454+00:00,2026-09-03
13945763,19000.0,9.852246888342531,Ford,Everest,2015,11,,1,2200,0,SUV,Diesel,Automatic,Black,used,1,Mass_Market,Phnom Penh,Tier_1,store,1,0,2026-08-30 11:55:01,2026-09-05T06:58:39.298872+00:00,2026-09-05
13966551,46900.0,10.75579427616868,Ford,Ranger Wildtrak,2026,0,,1,2000,0,Pickup,Diesel,Automatic,Grey,used,1,Mass_Market,Phnom Penh,Tier_1,store,0,0,2026-09-04 13:58:41,2026-09-04T07:16:48.751074+00:00,2026-09-04
13970116,33500.0,10.419330568113901,Ford,Ranger Wildtrak,2021,5,,1,,1,Pickup,Diesel,Automatic,Grey,used,1,Mass_Market,Phnom Penh,Tier_1,store,0,0,2026-09-05 13:14:54,2026-09-05T06:59:04.119413+00:00,2026-09-05
13518461,15900.0,9.674137279312397,Ford,Ecosport,2021,5,20000,0,,1,SUV,Petrol,Automatic,White,used,1,Mass_Market,Preah Sihanouk,Tier_2,individual,0,0,2026-05-14 22:03:48,2026-09-03T07:18:26.935316+00:00,2026-09-03
13690012,15900.0,9.674137279312397,Ford,Ecosport,2020,6,60000,0,,1,SUV,Petrol,Automatic,White,used,1,Mass_Market,Siem Reap,Tier_2,store,0,0,2026-06-24 16:20:02,2026-09-06T07:10:36.853919+00:00,2026-09-06
13893590,15900.0,9.674137279312397,Ford,Ecosport,2022,4,,1,,1,SUV,Petrol,Automatic,White,used,1,Mass_Market,Siem Reap,Tier_2,store,0,0,2026-08-16 16:54:44,2026-09-05T07:01:25.247220+00:00,2026-09-05
13895942,16800.0,9.729193687429403,Ford,Ecosport,2022,4,,1,1000,0,SUV,Petrol,Automatic,Black,used,1,Mass_Market,Phnom Penh,Tier_1,store,0,0,2026-08-17 10:46:58,2026-09-04T07:16:44.547146+00:00,2026-09-04
13707893,32500.0,10.389026137075234,Ford,Ranger Wildtrak,2019,7,,1,,1,Pickup,Diesel,Automatic,Silver,used,1,Mass_Market,Phnom Penh,Tier_1,store,0,0,2026-06-29 11:07:23,2026-09-02T09:52:43.811706+00:00,2026-09-02
13966069,29800.0,10.30229722897745,Ford,Territory,2023,3,30000,0,,1,SUV,Petrol,Automatic,Black,used,1,Mass_Market,Phnom Penh,Tier_1,store,1,0,2026-09-04 12:16:57,2026-09-04T07:19:53.050912+00:00,2026-09-04
13955204,36168.0,10.495957677342497,Ford,Ranger,2026,0,,1,,1,Pickup,,Automatic,White,used,1,Mass_Market,Phnom Penh,Tier_1,individual,0,0,2026-09-01 18:52:10,2026-09-06T07:13:43.683164+00:00,2026-09-06
13966063,27800.0,10.2328272702548,Ford,Ranger,2022,4,22,0,,1,Pickup,,,Grey,used,1,Mass_Market,Phnom Penh,Tier_1,store,0,0,2026-09-04 12:16:00,2026-09-04T07:19:54.486609+00:00,2026-09-04
13447854,14500.0,9.581972891547895,Ford,Ecosport,2019,7,30000,0,,1,,,,White,used,1,Mass_Market,Battambang,Tier_2,individual,0,0,2026-04-27 11:20:26,2026-09-02T09:54:52.611534+00:00,2026-09-02
13958716,14300.0,9.568084743872936,Ford,Ecosport,2021,5,,1,,1,,,,White,new,0,Mass_Market,Kandal,Tier_2,individual,0,0,2026-09-02 15:44:48,2026-09-02T09:52:29.814792+00:00,2026-09-02
13946440,28500.0,10.25769445336048,Ford,Ranger Wildtrak,2017,9,120000,0,,1,Pickup,Diesel,,White,used,1,Mass_Market,Phnom Penh,Tier_1,individual,0,1,2026-08-30 14:43:15,2026-09-03T09:14:32.520181+00:00,2026-09-03
13840322,75500.0,11.231901180182515,Ram,1500,2025,1,,1,,1,Pickup,Petrol,Automatic,Black,used,1,Other,Phnom Penh,Tier_1,individual,0,0,2026-08-02 17:53:51,2026-09-03T09:13:11.720784+00:00,2026-09-03
13818678,24000.0,10.085850775128717,BMW,5 Series,2012,14,,1,,1,Sedan,Petrol,Automatic,Black,used,1,Luxury,Battambang,Tier_2,individual,0,0,2026-07-28 00:46:32,2026-09-03T07:14:52.786782+00:00,2026-09-03
13733142,398888.0,12.896438461679736,Lamborghini,Urus,2024,2,8000,0,,1,SUV,Petrol,Automatic,Grey,used,1,Luxury,Phnom Penh,Tier_1,store,0,0,2026-07-05 22:06:54,2026-09-02T09:52:23.504602+00:00,2026-09-02
13287311,35500.0,10.477316144080852,Land Rover,Range Rover Vogue,2016,10,,1,,1,SUV,,Automatic,Black,used,1,Luxury,Phnom Penh,Tier_1,store,0,0,2026-03-14 10:05:30,2026-09-02T09:51:42.840853+00:00,2026-09-02
13380665,9775.0,9.187685681411377,Land Rover,Range Rover Sport,2006,20,,1,,1,SUV,Diesel,Automatic,Black,used,1,Luxury,Phnom Penh,Tier_1,individual,0,0,2026-04-06 14:32:15,2026-09-02T09:55:55.532101+00:00,2026-09-02
13652930,19500.0,9.87822102528824,Land Rover,Range Rover,2013,13,,1,,1,Pickup,Hybrid,Automatic,Black,used,1,Luxury,Phnom Penh,Tier_1,individual,0,0,2026-06-15 21:27:42,2026-09-05T06:59:07.885737+00:00,2026-09-05
13657137,69000.0,11.141876276228,Land Rover,Defender 110,2020,6,,1,,1,SUV,Diesel,Automatic,White,used,1,Luxury,Phnom Penh,Tier_1,store,0,0,2026-06-16 21:33:09,2026-09-02T09:53:55.149007+00:00,2026-09-02
13760386,22800.0,10.034559673629849,Land Rover,Range Rover Sport,2014,12,,1,,1,SUV,Petrol,Automatic,White,used,1,Luxury,Phnom Penh,Tier_1,store,0,0,2026-07-12 13:34:08,2026-09-03T07:17:51.875626+00:00,2026-09-03
13961528,28500.0,10.25769445336048,Land Rover,Range Rover Vogue,2014,12,,1,,1,SUV,Petrol,Automatic,White,used,1,Luxury,Phnom Penh,Tier_1,store,0,0,2026-09-03 11:25:35,2026-09-03T07:18:22.788851+00:00,2026-09-03
13973416,32000.0,10.373522431293592,Land Rover,Range Rover Sport,2017,9,66000,0,3000,0,SUV,Diesel,Automatic,Black,used,1,Luxury,Phnom Penh,Tier_1,store,0,0,2026-09-06 12:46:21,2026-09-06T07:11:28.092663+00:00,2026-09-06
13973646,28500.0,10.25769445336048,Land Rover,Range Rover Vogue,2015,11,,1,,1,SUV,Petrol,Automatic,White,used,1,Luxury,Phnom Penh,Tier_1,store,0,0,2026-09-06 13:28:32,2026-09-06T07:10:22.350031+00:00,2026-09-06
13725008,26800.0,10.196194479235656,ផ្សេងៗ,,2026,0,120000,0,0,0,SUV,Electric,Automatic,White,new,0,Other,Phnom Penh,Tier_1,store,0,0,2026-07-03 14:28:07,2026-09-06T07:14:07.289855+00:00,2026-09-06
13747803,25800.0,10.158168529848494,ផ្សេងៗ,Deepal S05,2026,0,,1,0,0,SUV,Electric,Automatic,Black,new,0,Other,Phnom Penh,Tier_1,individual,0,0,2026-07-09 11:25:40,2026-09-03T09:12:51.654507+00:00,2026-09-03
13953661,25800.0,10.158168529848494,ផ្សេងៗ,,2023,3,,1,0,0,Coupe,Electric,Automatic,White,new,0,Other,Phnom Penh,Tier_1,individual,0,0,2026-09-01 13:12:44,2026-09-03T09:13:05.573360+00:00,2026-09-03
13961600,35000.0,10.463131911491967,AVATR,AVATR 06,2025,1,,1,0,0,SUV,Electric,Automatic,Black,used,1,Chinese_EV,Phnom Penh,Tier_1,individual,0,0,2026-09-03 11:38:32,2026-09-06T07:14:25.011842+00:00,2026-09-06
13868341,25900.0,10.16203685698089,Mazda,BT-50,2014,12,,1,,1,Pickup,Diesel,Automatic,White,used,1,Mass_Market,Phnom Penh,Tier_1,store,0,0,2026-08-10 06:20:54,2026-09-02T09:55:40.789731+00:00,2026-09-02
13882455,34000.0,10.434145214930487,Mazda,BT-50,2022,4,,1,,1,Pickup,Diesel,Automatic,Grey,used,1,Mass_Market,Phnom Penh,Tier_1,store,0,0,2026-08-13 14:21:30,2026-09-06T07:09:36.544695+00:00,2026-09-06
13946628,20500.0,9.928228944424575,Mazda,Mazda 2,2025,1,10000,0,,1,Sedan,Petrol,Automatic,Gold,used,1,Mass_Market,Phnom Penh,Tier_1,individual,1,0,2026-08-30 15:34:21,2026-09-05T07:00:05.473977+00:00,2026-09-05
13970046,28988.0,10.274671726667417,Mazda,BT-50,2019,7,40000,0,3200,0,Pickup,Diesel,Automatic,White,used,1,Mass_Market,Phnom Penh,Tier_1,store,0,0,2026-09-05 13:01:51,2026-09-05T06:59:33.766027+00:00,2026-09-05
13944691,31000.0,10.34177474101152,Mazda,EZ-6,2025,1,,1,0,0,Sedan,Electric,Automatic,White,used,1,Mass_Market,Phnom Penh,Tier_1,individual,0,0,2026-08-30 06:27:26,2026-09-02T09:51:12.929109+00:00,2026-09-02
13840811,8800.0,9.082620630373812,Nissan,Navara,2006,20,,1,,1,Pickup,Petrol,Automatic,Green,used,1,Mass_Market,Phnom Penh,Tier_1,individual,0,0,2026-08-02 21:45:51,2026-09-03T07:15:47.360677+00:00,2026-09-03
13899933,31800.0,10.367253014814716,Nissan,Navara,2022,4,,1,,1,Pickup,Diesel,Automatic,Black,used,1,Mass_Market,Siem Reap,Tier_2,store,0,0,2026-08-18 10:51:56,2026-09-05T07:01:25.193488+00:00,2026-09-05
13920782,26500.0,10.184937747111391,Volkswagen,Tiguan,2020,6,,1,,1,SUV,Petrol,Automatic,White,used,1,Mass_Market,Phnom Penh,Tier_1,store,0,0,2026-08-24 08:40:10,2026-09-06T07:09:36.526281+00:00,2026-09-06
13849103,21900.0,9.994287576862567,Volkswagen,Multivan,2018,8,,1,,1,MPV,Petrol,Automatic,Black,used,1,Mass_Market,Phnom Penh,Tier_1,store,0,1,2026-08-04 21:29:12,2026-09-06T07:11:41.547510+00:00,2026-09-06
13907192,7500.0,8.922791623969637,Volkswagen,Beetle,2005,21,,1,,1,Hatchback,Petrol,Automatic,Grey,used,1,Mass_Market,Phnom Penh,Tier_1,individual,0,0,2026-08-20 10:22:30,2026-09-03T09:12:58.286576+00:00,2026-09-03
13952582,17500.0,9.770013301136158,Volkswagen,Tharu,2025,1,,1,,1,SUV,Petrol,Automatic,White,used,1,Mass_Market,Phnom Penh,Tier_1,store,0,0,2026-09-01 10:23:12,2026-09-05T07:00:14.412358+00:00,2026-09-05
13838862,49500.0,10.809748150372926,Bentley,Flying Spur,2015,11,,1,,1,Sedan,Petrol,Automatic,Black,used,1,Luxury,Phnom Penh,Tier_1,store,0,0,2026-08-02 11:43:59,2026-09-06T07:12:14.005770+00:00,2026-09-06
13966916,6800.0,8.824824939175638,Chevrolet,Spark,2012,14,,1,,1,,Petrol,Automatic,Silver,used,0,Mass_Market,Phnom Penh,Tier_1,store,0,0,2026-09-04 15:09:19,2026-09-06T07:09:15.253694+00:00,2026-09-06
13879333,22000.0,9.99884318585288,Chevrolet,Tracker,2022,4,,1,,1,SUV,Petrol,Automatic,White,used,1,Mass_Market,Phnom Penh,Tier_1,store,0,0,2026-08-12 17:57:31,2026-09-05T07:04:03.371568+00:00,2026-09-05
13953765,20900.0,9.94755228369823,Chevrolet,Tracker,2023,3,,1,,1,SUV,Petrol,Automatic,Black,used,1,Mass_Market,Phnom Penh,Tier_1,store,0,1,2026-09-01 13:30:38,2026-09-06T07:10:09.503864+00:00,2026-09-06
13900012,57800.0,10.96476135554887,Denza,D9,2025,1,,1,,1,MPV,Hybrid,Automatic,Black,used,1,Chinese_EV,Phnom Penh,Tier_1,store,0,0,2026-08-18 11:04:55,2026-09-05T06:58:17.831445+00:00,2026-09-05
13932187,50800.0,10.835671318412196,Denza,D9,2025,1,8000,0,,1,MPV,Hybrid,,Black,used,1,Chinese_EV,Phnom Penh,Tier_1,store,0,0,2026-08-26 17:03:53,2026-09-02T09:52:27.590262+00:00,2026-09-02
13270206,33500.0,10.419330568113901,GTV,KAIN,2026,0,,1,,1,SUV,Hybrid,Automatic,Black,new,0,Chinese_EV,Phnom Penh,Tier_1,store,0,0,2026-03-10 08:35:48,2026-09-02T09:51:43.445273+00:00,2026-09-02
13704176,15000.0,9.61587214452889,Hyundai,Venue,2022,4,30000,0,1600,0,SUV,,,,used,1,Mass_Market,Phnom Penh,Tier_1,individual,0,1,2026-06-28 10:37:55,2026-09-03T07:17:51.987427+00:00,2026-09-03
13685044,33500.0,10.419330568113901,Hyundai,Palisade,2020,6,,1,,1,SUV,Petrol,Automatic,White,used,1,Mass_Market,Phnom Penh,Tier_1,individual,0,0,2026-06-23 17:09:15,2026-09-03T07:18:24.869556+00:00,2026-09-03
13864388,2700.0,7.901377353792616,Hyundai,Tourism - ទូរីស,1997,29,,1,,1,MPV,Diesel,Manual,White,used,1,Mass_Market,Kandal,Tier_2,individual,0,0,2026-08-08 17:12:46,2026-09-03T07:14:49.320433+00:00,2026-09-03
13938776,19800.0,9.893487720457795,Hyundai,Stargazer,2024,2,,1,,1,MPV,Petrol,Automatic,Grey,used,1,Mass_Market,Phnom Penh,Tier_1,store,0,0,2026-08-28 12:55:55,2026-09-05T07:00:06.322965+00:00,2026-09-05
13943035,15900.0,9.674137279312397,Hyundai,Starex,2016,10,,1,,1,MPV,Diesel,Automatic,White,used,1,Mass_Market,Phnom Penh,Tier_1,individual,0,0,2026-08-29 14:30:03,2026-09-06T07:09:25.414976+00:00,2026-09-06
13958648,2750.0,7.919719760924575,Subaru,Justy,1995,31,,1,,1,,Diesel,Manual,Silver,used,1,Mass_Market,Kampot,Tier_3,individual,0,0,2026-09-02 15:28:06,2026-09-02T09:52:40.598483+00:00,2026-09-02
13474553,58900.0,10.983613347424248,Xiaomi,YU7,2025,1,,1,,1,SUV,,,Green,new,0,Other,Phnom Penh,Tier_1,store,0,0,2026-05-04 10:28:08,2026-09-06T07:11:51.901222+00:00,2026-09-06
13790669,18499.0,9.825526011066415,MG,RX5,2020,6,,1,,1,,,,White,used,1,Chinese_EV,Phnom Penh,Tier_1,individual,0,0,2026-07-20 15:17:31,2026-09-04T07:17:46.716213+00:00,2026-09-04
13431450,24800.0,10.118639253920785,MG,RX5,2023,3,,1,,1,SUV,Petrol,Automatic,White,used,1,Chinese_EV,Phnom Penh,Tier_1,store,0,0,2026-04-23 11:27:57,2026-09-06T07:10:44.470723+00:00,2026-09-06
13620308,22300.0,10.012386799492118,MG,RX5,2024,2,,1,,1,SUV,Petrol,Automatic,Black,new,1,Chinese_EV,Phnom Penh,Tier_1,individual,0,0,2026-06-08 08:04:50,2026-09-05T06:58:06.804665+00:00,2026-09-05
13741095,18500.0,9.825580063659602,MG,6,2022,4,,1,,1,Sedan,Diesel,Automatic,White,used,1,Chinese_EV,Phnom Penh,Tier_1,individual,0,0,2026-07-07 17:23:32,2026-09-02T09:52:29.107163+00:00,2026-09-02
13903712,26000.0,10.165890277802454,MG,RX8,2021,5,50000,0,,1,SUV,Petrol,Automatic,White,new,0,Chinese_EV,Phnom Penh,Tier_1,individual,0,0,2026-08-19 10:21:35,2026-09-05T07:01:21.020051+00:00,2026-09-05
13946091,28800.0,10.268165387743457,MG,RX8,2022,4,,1,,1,SUV,Petrol,Automatic,Black,used,1,Chinese_EV,Phnom Penh,Tier_1,individual,0,0,2026-08-30 13:14:54,2026-09-03T09:12:45.537944+00:00,2026-09-03
13542029,660000.0,13.399996629152975,Rolls-Royce,Cullinan,2024,2,13000,0,,1,SUV,Petrol,Automatic,Black,used,1,Luxury,Phnom Penh,Tier_1,individual,0,0,2026-05-20 10:09:42,2026-09-02T09:53:59.754585+00:00,2026-09-02
13452567,25500.0,10.146472946063877,Deepal,,2026,0,620,0,0,0,SUV,Electric,Automatic,,new,0,Chinese_EV,Phnom Penh,Tier_1,store,0,0,2026-04-28 13:11:59,2026-09-06T07:10:11.443989+00:00,2026-09-06
13423681,37800.0,10.540090836284206,GAC,GN8,2025,1,,1,,1,MPV,Petrol,Automatic,White,used,1,Chinese_EV,Phnom Penh,Tier_1,store,0,0,2026-04-21 16:59:12,2026-09-06T07:12:34.078924+00:00,2026-09-06
13562149,39000.0,10.571342565808699,GAC,GN8,2024,2,,1,,1,MPV,Petrol,Automatic,White,new,0,Chinese_EV,Phnom Penh,Tier_1,store,0,0,2026-05-25 08:28:50,2026-09-05T06:58:39.290482+00:00,2026-09-05
13793616,37000.0,10.518700218288165,GAC,GN8,2025,1,,1,,1,,Petrol,Automatic,Black,used,1,Chinese_EV,Kandal,Tier_2,individual,0,0,2026-07-21 10:52:51,2026-09-03T07:13:58.462163+00:00,2026-09-03
13896897,26999.0,10.203592144986466,GAC,GS8,2025,1,,1,,1,,Petrol,Manual,Black,used,1,Chinese_EV,Phnom Penh,Tier_1,store,0,0,2026-08-17 14:00:17,2026-09-06T07:11:04.534565+00:00,2026-09-06
13820778,29800.0,10.30229722897745,GAC,GN8,2024,2,,1,,1,MPV,Petrol,,White,used,1,Chinese_EV,Phnom Penh,Tier_1,individual,0,1,2026-07-28 13:17:23,2026-09-03T09:12:27.905702+00:00,2026-09-03
13942329,23800.0,10.077482875583607,Aion,Aion i60,2026,0,1240,0,0,0,SUV,Hybrid,Automatic,White,new,0,Chinese_EV,Phnom Penh,Tier_1,individual,0,0,2026-08-29 11:50:30,2026-09-03T07:14:08.862391+00:00,2026-09-03
13560603,26000.0,10.165890277802454,Aion,Aion i60,2026,0,650,0,0,0,SUV,Electric,Automatic,White,new,0,Chinese_EV,Phnom Penh,Tier_1,store,0,0,2026-05-24 15:09:04,2026-09-06T07:10:07.584607+00:00,2026-09-06
13544566,26200.0,10.173552856959743,Plate Number,S05,2026,0,,1,0,0,SUV,Electric,Automatic,Black,new,0,Other,Phnom Penh,Tier_1,individual,0,0,2026-05-20 17:36:36,2026-09-03T09:12:52.191712+00:00,2026-09-03
13771439,24998.0,10.126591103050316,Audi,Q5,2019,7,44000,0,,1,SUV,Petrol,Automatic,White,used,1,Luxury,Phnom Penh,Tier_1,individual,0,0,2026-07-15 11:04:06,2026-09-06T07:09:27.979917+00:00,2026-09-06
13849949,75000.0,11.225256725762893,Audi,A7,2019,7,,1,,1,Sedan,Petrol,Automatic,Brown,used,1,Luxury,Phnom Penh,Tier_1,store,0,0,2026-08-05 08:51:00,2026-09-03T07:14:42.251200+00:00,2026-09-03
13970038,31500.0,10.357774570341576,Audi,Q7,2017,9,69000,0,3000,0,SUV,Petrol,Automatic,Black,used,1,Luxury,Phnom Penh,Tier_1,store,0,0,2026-09-05 13:00:09,2026-09-05T06:59:39.258197+00:00,2026-09-05
13751677,7500.0,8.922791623969637,Audi,A6,2006,20,,1,,1,,Petrol,Automatic,Black,used,1,Luxury,Phnom Penh,Tier_1,individual,0,0,2026-07-10 10:16:10,2026-09-03T09:13:01.604532+00:00,2026-09-03
13281021,24500.0,10.106469212026385,Lexus,LX470,2003,23,,1,,1,SUV,Petrol,Automatic,White,used,1,Luxury,Kandal,Tier_2,store,1,0,2026-03-12 15:37:01,2026-09-06T07:11:05.689511+00:00,2026-09-06
13559873,30900.0,10.33854382482173,Lexus,NX200t,2015,11,,1,,1,SUV,Petrol,Automatic,Grey,used,0,Luxury,Phnom Penh,Tier_1,store,1,0,2026-05-24 12:14:18,2026-09-06T07:12:03.225649+00:00,2026-09-06
13771238,11500.0,9.350189267092581,Lexus,RX300,2003,23,,1,,1,SUV,Petrol,Automatic,Gold,used,1,Luxury,Phnom Penh,Tier_1,store,1,0,2026-07-15 10:34:57,2026-09-06T07:12:46.097456+00:00,2026-09-06
13786246,215000.0,12.278397958261774,Lexus,LX600,2024,2,,1,,1,SUV,Petrol,Automatic,White,used,1,Luxury,Phnom Penh,Tier_1,individual,0,0,2026-07-19 11:43:51,2026-09-02T09:55:22.511660+00:00,2026-09-02
13790805,47000.0,10.757924157061597,Lexus,LX570,2008,18,,1,,1,SUV,Petrol,Automatic,Black,used,1,Luxury,Phnom Penh,Tier_1,store,0,0,2026-07-20 15:44:07,2026-09-06T07:11:51.536498+00:00,2026-09-06
13825672,8099.0,8.99961934066053,Lexus,RX300,1999,27,,1,,1,SUV,Petrol,Automatic,Gold,used,0,Luxury,Phnom Penh,Tier_1,individual,0,0,2026-07-29 17:34:16,2026-09-03T09:12:59.341134+00:00,2026-09-03
13875187,54800.0,10.911463720944793,Lexus,RX450h,2016,10,,1,,1,SUV,Hybrid,Automatic,White,used,1,Luxury,Phnom Penh,Tier_1,store,0,0,2026-08-11 16:59:09,2026-09-03T07:16:07.827891+00:00,2026-09-03
13886805,25800.0,10.158168529848494,Lexus,RX350,2010,16,,1,,1,SUV,Petrol,Automatic,White,used,1,Luxury,Phnom Penh,Tier_1,individual,0,0,2026-08-14 15:57:48,2026-09-03T09:12:45.463916+00:00,2026-09-03
13897971,14200.0,9.561067663645012,Lexus,RX330,2004,22,,1,,1,SUV,Diesel,Automatic,Black,used,1,Luxury,Phnom Penh,Tier_1,store,0,0,2026-08-17 18:39:07,2026-09-06T07:10:08.666338+00:00,2026-09-06
13934440,42000.0,10.645448706505872,Lexus,LX570,2009,17,,1,,1,SUV,Petrol,Automatic,Black,used,1,Luxury,Phnom Penh,Tier_1,store,0,0,2026-08-27 11:23:39,2026-09-02T09:53:50.467205+00:00,2026-09-02
13935645,16731.0,9.72507833256209,Lexus,LX470,2003,23,,1,,1,SUV,Petrol,Automatic,White,used,1,Luxury,Phnom Penh,Tier_1,store,1,0,2026-08-27 15:18:00,2026-09-02T09:56:03.065688+00:00,2026-09-02
13958520,9999.0,9.210340371976184,Lexus,RX300,2001,25,,1,,1,SUV,Petrol,Automatic,Gold,used,1,Luxury,Phnom Penh,Tier_1,store,0,0,2026-09-02 15:06:55,2026-09-02T09:53:04.359243+00:00,2026-09-02
13962302,33200.0,10.410335274932896,Lexus,NX200t,2017,9,,1,,1,SUV,Petrol,Automatic,White,used,1,Luxury,Phnom Penh,Tier_1,individual,0,0,2026-09-03 13:55:41,2026-09-06T07:13:01.397951+00:00,2026-09-06
13437764,25000.0,10.12667110305036,Lexus,GS,2016,10,,1,,1,Sedan,Petrol,Automatic,Black,used,1,Luxury,Phnom Penh,Tier_1,individual,0,0,2026-04-24 17:26:30,2026-09-04T07:19:34.981328+00:00,2026-09-04
13474734,32900.0,10.401258331428318,Lexus,NX200t,2017,9,30000,0,,1,SUV,Petrol,Automatic,White,used,1,Luxury,Phnom Penh,Tier_1,store,1,0,2026-05-04 11:05:25,2026-09-06T07:09:14.367482+00:00,2026-09-06
13492997,109996.0,11.608208371675373,Lexus,LM,2021,5,,1,,1,MPV,Petrol,Automatic,Black,used,1,Luxury,Phnom Penh,Tier_1,store,0,0,2026-05-08 15:06:15,2026-09-02T09:51:43.353919+00:00,2026-09-02
13572503,31500.0,10.357774570341576,Lexus,NX200t F Sport,2015,11,96560,0,,1,SUV,Petrol,Automatic,Black,used,1,Luxury,Phnom Penh,Tier_1,individual,1,0,2026-05-27 11:04:21,2026-09-03T09:13:31.571983+00:00,2026-09-03
13810679,255000.0,12.449022745701502,Lexus,LM,2026,0,,1,,1,MPV,Petrol,Automatic,Black,new,0,Luxury,Phnom Penh,Tier_1,store,1,0,2026-07-25 18:29:28,2026-09-06T07:14:21.402896+00:00,2026-09-06
13830048,39800.0,10.591647316585027,Lexus,NX200t,2017,9,128747,0,,1,SUV,Petrol,Automatic,White,used,0,Luxury,Phnom Penh,Tier_1,individual,1,0,2026-07-30 17:27:10,2026-09-03T09:12:31.097502+00:00,2026-09-03
13927750,20980.0,9.951372545256701,Lexus,RX400h,2007,19,,1,,1,SUV,Petrol,Automatic,White,used,1,Luxury,Phnom Penh,Tier_1,individual,0,0,2026-08-25 16:27:09,2026-09-02T09:52:40.630029+00:00,2026-09-02
13954126,13200.0,9.488047863280759,Lexus,GS,2006,20,,1,,1,Sedan,Petrol,Automatic,White,used,1,Luxury,Kandal,Tier_2,individual,0,0,2026-09-01 14:39:34,2026-09-03T09:12:27.729888+00:00,2026-09-03
13958193,28900.0,10.27163147557801,Lexus,NX200t,2015,11,,1,,1,SUV,Petrol,Automatic,Black,used,1,Luxury,Phnom Penh,Tier_1,store,1,0,2026-09-02 14:18:55,2026-09-02T09:54:06.472117+00:00,2026-09-02
13962239,12500.0,9.433563920090563,Lexus,GS,2006,20,,1,,1,Sedan,Petrol,Automatic,Silver,used,1,Luxury,Phnom Penh,Tier_1,individual,0,0,2026-09-03 13:42:17,2026-09-03T07:13:34.524892+00:00,2026-09-03
13967288,33500.0,10.419330568113901,Lexus,RX400h,2010,16,,1,,1,Sedan,Hybrid,Automatic,White,used,0,Luxury,Phnom Penh,Tier_1,individual,0,0,2026-09-04 16:12:23,2026-09-06T07:10:36.228374+00:00,2026-09-06
13969741,20000.0,9.90353755128617,Lexus,RX330,2005,21,20000,0,,1,SUV,Petrol,Automatic,White,used,1,Luxury,,Unknown,individual,1,1,2026-09-05 11:42:18,2026-09-05T07:03:18.968953+00:00,2026-09-05
13364630,9500.0,9.15915233520675,Lexus,RX300,2000,26,,1,,1,SUV,,Automatic,White,used,1,Luxury,Phnom Penh,Tier_1,individual,0,0,2026-04-02 12:11:03,2026-09-03T09:12:39.057669+00:00,2026-09-03
13909549,17500.0,9.770013301136158,Lexus,RX330,2004,22,,1,,1,SUV,,Automatic,Silver,used,1,Luxury,Phnom Penh,Tier_1,store,1,0,2026-08-20 21:00:19,2026-09-06T07:09:47.900315+00:00,2026-09-06
13946142,22500.0,10.021315031649332,Lexus,RX330,2005,21,,1,,1,SUV,,Automatic,White,used,1,Luxury,Phnom Penh,Tier_1,store,0,0,2026-08-30 13:28:59,2026-09-05T07:01:35.102084+00:00,2026-09-05
13953824,37500.0,10.53212287826962,Lexus,NX200t,2016,10,,1,,1,SUV,,Automatic,White,used,0,Luxury,Phnom Penh,Tier_1,individual,1,0,2026-09-01 13:44:42,2026-09-05T06:58:36.593533+00:00,2026-09-05
13973092,14800.0,9.60245002503719,Lexus,CT,2012,14,,1,,1,Hatchback,,,Black,used,1,Luxury,Phnom Penh,Tier_1,individual,0,0,2026-09-06 11:29:21,2026-09-06T07:14:13.276883+00:00,2026-09-06
13761303,10000.0,9.210440366976517,Lexus,RX300,2001,25,,1,,1,SUV,LPG,,White,used,1,Luxury,Phnom Penh,Tier_1,individual,0,0,2026-07-12 17:37:28,2026-09-05T07:02:41.346781+00:00,2026-09-05
13801652,39000.0,10.571342565808699,Lexus,NX200t F Sport,2016,10,,1,,1,SUV,Petrol,,White,used,0,Luxury,Phnom Penh,Tier_1,store,0,0,2026-07-23 11:15:07,2026-09-06T07:11:13.929819+00:00,2026-09-06
13901389,55800.0,10.929547069355774,Geely,ផ្សេងៗ,2025,1,,1,,1,SUV,Hybrid,Automatic,Black,new,0,Chinese_EV,Phnom Penh,Tier_1,individual,0,0,2026-08-18 15:41:31,2026-09-03T09:12:49.969385+00:00,2026-09-03
13969777,58800.0,10.981914140544825,Geely,ផ្សេងៗ,2025,1,,1,,1,SUV,,,Black,new,0,Chinese_EV,Phnom Penh,Tier_1,individual,0,0,2026-09-05 11:49:04,2026-09-05T07:02:56.227645+00:00,2026-09-05
13512612,23800.0,10.077482875583607,iCar,ផ្សេងៗ,2025,1,,1,0,0,SUV,Electric,Automatic,White,new,0,Chinese_EV,Phnom Penh,Tier_1,store,0,0,2026-05-13 13:34:15,2026-09-06T07:13:06.017276+00:00,2026-09-06
13275034,338000.0,12.73080413304066,Mercedes-Benz,Maybach,2021,5,,1,,1,Sedan,Petrol,Automatic,Black,used,0,Luxury,Phnom Penh,Tier_1,store,0,0,2026-03-11 09:54:00,2026-09-02T09:51:47.345052+00:00,2026-09-02
13360227,49000.0,10.799595985047786,Mercedes-Benz,S400L,2015,11,,1,,1,Sedan,Petrol,Automatic,Black,used,1,Luxury,Phnom Penh,Tier_1,store,0,0,2026-04-01 11:44:33,2026-09-04T07:20:04.643804+00:00,2026-09-04
13504916,69500.0,11.149096419938578,Mercedes-Benz,C-Class,2023,3,22531,0,2000,0,SUV,Petrol,Automatic,White,used,1,Luxury,Phnom Penh,Tier_1,store,0,0,2026-05-11 18:07:05,2026-09-03T07:13:56.859774+00:00,2026-09-03
13567704,250000.0,12.429220196836383,Mercedes-Benz,G-Class,2021,5,48000,0,4000,0,SUV,Petrol,Automatic,Black,used,1,Luxury,Phnom Penh,Tier_1,store,0,0,2026-05-26 10:05:01,2026-09-06T07:13:31.717210+00:00,2026-09-06
13772742,21500.0,9.975854724662028,Mercedes-Benz,C-Class,2015,11,,1,,1,Sedan,Petrol,Automatic,White,used,1,Luxury,Phnom Penh,Tier_1,store,0,0,2026-07-15 15:49:21,2026-09-06T07:11:33.240916+00:00,2026-09-06
13798903,23500.0,10.064798252418377,Mercedes-Benz,C-Class,2015,11,,1,,1,Sedan,Petrol,Automatic,Black,used,1,Luxury,Phnom Penh,Tier_1,store,0,0,2026-07-22 15:03:30,2026-09-02T09:53:10.328099+00:00,2026-09-02
13890633,28800.0,10.268165387743457,Mercedes-Benz,C-Class,2015,11,,1,,1,Sedan,Petrol,Automatic,White,used,0,Luxury,Phnom Penh,Tier_1,store,0,0,2026-08-15 19:11:09,2026-09-06T07:12:16.674619+00:00,2026-09-06
13962087,210000.0,12.25486757159303,Mercedes-Benz,G-Class,2020,6,,1,,1,SUV,Petrol,Automatic,Blue,used,1,Luxury,Phnom Penh,Tier_1,store,0,0,2026-09-03 13:09:16,2026-09-03T07:14:13.780433+00:00,2026-09-03
13962124,169000.0,12.037659911047468,Mercedes-Benz,GLE 53 AMG,2025,1,,1,,1,SUV,Petrol,Automatic,Black,used,1,Luxury,Phnom Penh,Tier_1,store,0,0,2026-09-03 13:16:51,2026-09-03T07:14:03.493275+00:00,2026-09-03
13962136,525000.0,13.171155446333852,Mercedes-Benz,Maybach,2024,2,,1,,1,Sedan,Petrol,Automatic,Black,new,0,Luxury,Phnom Penh,Tier_1,store,0,0,2026-09-03 13:19:05,2026-09-03T07:13:42.929525+00:00,2026-09-03
13962336,24000.0,10.085850775128717,Mercedes-Benz,C-Class,2015,11,,1,,1,Sedan,Petrol,Automatic,Black,used,1,Luxury,Phnom Penh,Tier_1,individual,0,0,2026-09-03 14:01:09,2026-09-03T07:13:04.757279+00:00,2026-09-03
13368369,44900.0,10.712215345197256,Mercedes-Benz,V-Class,2019,7,,1,,1,,Petrol,Automatic,Black,used,1,Luxury,Phnom Penh,Tier_1,store,0,0,2026-04-03 10:44:23,2026-09-02T09:53:31.396486+00:00,2026-09-02
13543038,35500.0,10.477316144080852,Mercedes-Benz,S400,2016,10,,1,,1,,Petrol,Automatic,Black,used,1,Luxury,Phnom Penh,Tier_1,store,0,1,2026-05-20 12:48:45,2026-09-03T07:17:50.116417+00:00,2026-09-03
13873787,185000.0,12.128116509451258,Mercedes-Benz,G-Class,2020,6,,1,,1,SUV,Petrol,Automatic,,used,1,Luxury,Phnom Penh,Tier_1,store,1,0,2026-08-11 12:04:43,2026-09-06T07:12:46.763035+00:00,2026-09-06
13951731,198000.0,12.19602736016897,Mercedes-Benz,G-Class,2019,7,,1,4000,0,SUV,Petrol,,White,used,1,Luxury,Phnom Penh,Tier_1,store,0,0,2026-09-01 00:43:01,2026-09-03T07:13:57.042364+00:00,2026-09-03
13883257,24800.0,10.118639253920785,Mercedes-Benz,CLA AMG 45,2015,11,,1,,1,Sedan,,Automatic,White,used,1,Luxury,Phnom Penh,Tier_1,store,0,0,2026-08-13 17:58:45,2026-09-06T07:14:19.211832+00:00,2026-09-06
13961546,23500.0,10.064798252418377,Mercedes-Benz,C-Class,2015,11,,1,,1,Sedan,,Automatic,Black,used,1,Luxury,Phnom Penh,Tier_1,individual,0,1,2026-09-03 11:28:58,2026-09-03T07:18:14.658454+00:00,2026-09-03
13500678,39800.0,10.591647316585027,Mercedes-Benz,C-Class,2016,10,,1,,1,SUV,,,Black,used,0,Luxury,Phnom Penh,Tier_1,store,0,0,2026-05-10 17:18:02,2026-09-06T07:13:00.383229+00:00,2026-09-06
13792478,25500.0,10.146472946063877,Porsche,Macan,2015,11,,1,,1,Coupe,Petrol,Automatic,White,used,0,Luxury,Phnom Penh,Tier_1,store,0,0,2026-07-21 08:30:29,2026-09-02T09:54:11.736202+00:00,2026-09-02
13887320,59500.0,10.993748398115178,Jeep,Rubicon,2021,5,,1,,1,SUV,Petrol,Automatic,Black,used,1,Mass_Market,Phnom Penh,Tier_1,store,1,0,2026-08-14 18:46:19,2026-09-05T06:58:56.759663+00:00,2026-09-05
13942423,46800.0,10.753659849198824,Jeep,Gladiator,2021,5,,1,,1,Pickup,Petrol,Automatic,Grey,used,0,Mass_Market,Phnom Penh,Tier_1,store,1,0,2026-08-29 12:11:29,2026-09-06T07:09:36.405002+00:00,2026-09-06
13833405,54800.0,10.911463720944793,Jeep,Rubicon,2020,6,,1,,1,SUV,Petrol,,White,used,1,Mass_Market,Phnom Penh,Tier_1,store,0,0,2026-07-31 14:53:53,2026-09-02T09:53:27.040558+00:00,2026-09-02
13366969,20500.0,9.928228944424575,SsangYong,Rexton,2018,8,,1,,1,Pickup,Diesel,Automatic,White,used,0,Other,Phnom Penh,Tier_1,store,1,0,2026-04-02 23:39:40,2026-09-06T07:09:39.447848+00:00,2026-09-06
13548731,17500.0,9.770013301136158,SsangYong,Rexton,2018,8,,1,,1,Pickup,Diesel,Automatic,Blue,used,0,Other,Phnom Penh,Tier_1,store,0,0,2026-05-21 15:55:57,2026-09-06T07:11:59.920081+00:00,2026-09-06
13559713,130000.0,11.775297421715827,Zeekr,ផ្សេងៗ,2025,1,,1,0,0,SUV,Hybrid,Automatic,Black,new,0,Chinese_EV,Phnom Penh,Tier_1,store,0,0,2026-05-24 11:43:14,2026-09-06T07:09:38.365032+00:00,2026-09-06
13939410,117800.0,11.676752039127939,Zeekr,ផ្សេងៗ,2026,0,,1,0,0,SUV,Hybrid,Automatic,Black,new,0,Chinese_EV,Phnom Penh,Tier_1,individual,0,0,2026-08-28 15:01:22,2026-09-03T09:12:50.242779+00:00,2026-09-03
13426004,4350.0,8.37816098272068,Kia,Morning,2005,21,,1,,1,Sedan,Petrol,Automatic,Red,used,1,Mass_Market,Kandal,Tier_2,individual,0,0,2026-04-22 10:02:17,2026-09-04T07:21:56.657709+00:00,2026-09-04
13953654,19500.0,9.87822102528824,Kia,Carnival,2015,11,,1,,1,MPV,Diesel,Automatic,Silver,used,0,Mass_Market,Phnom Penh,Tier_1,individual,1,0,2026-09-01 13:10:41,2026-09-03T09:13:06.231913+00:00,2026-09-03
13973431,17700.0,9.781376414141157,Kia,Carnival,2015,11,,1,,1,SUV,Diesel,Automatic,Silver,used,0,Mass_Market,Phnom Penh,Tier_1,store,0,0,2026-09-06 12:49:11,2026-09-06T07:11:25.710284+00:00,2026-09-06
13973508,20500.0,9.928228944424575,Kia,Carnival,2017,9,,1,,1,SUV,Diesel,Automatic,Silver,used,0,Mass_Market,Phnom Penh,Tier_1,store,1,0,2026-09-06 13:09:28,2026-09-06T07:10:55.303289+00:00,2026-09-06
13973682,20900.0,9.94755228369823,Kia,Carnival,2018,8,,1,,1,SUV,Diesel,Automatic,White,used,0,Mass_Market,Phnom Penh,Tier_1,store,1,0,2026-09-06 13:34:57,2026-09-06T07:10:03.109148+00:00,2026-09-06
13957901,8850.0,9.088285725968877,Kia,Ray,2013,13,,1,,1,Hatchback,Petrol,Automatic,Green,used,1,Mass_Market,Phnom Penh,Tier_1,individual,0,0,2026-09-02 13:21:51,2026-09-03T07:17:22.860479+00:00,2026-09-03
13973410,3800.0,8.24301946898925,Kia,Morning,2004,22,,1,,1,Sedan,,Automatic,Silver,used,1,Mass_Market,Phnom Penh,Tier_1,individual,0,0,2026-09-06 12:45:23,2026-09-06T07:11:31.065595+00:00,2026-09-06
13529001,7700.0,8.94910546953925,Kia,Morning,2012,14,,1,,1,Sedan,Petrol,Automatic,Blue,used,1,Mass_Market,Phnom Penh,Tier_1,individual,1,0,2026-05-17 15:24:50,2026-09-06T07:10:33.214041+00:00,2026-09-06
13953830,19500.0,9.87822102528824,Kia,Carnival,2015,11,,1,,1,MPV,Diesel,Automatic,Silver,used,0,Mass_Market,Phnom Penh,Tier_1,individual,1,0,2026-09-01 13:45:43,2026-09-03T09:12:47.864947+00:00,2026-09-03
13961875,6700.0,8.81001204797317,Kia,Morning,2012,14,,1,,1,Sedan,Petrol,Automatic,,used,1,Mass_Market,Phnom Penh,Tier_1,individual,0,0,2026-09-03 12:26:05,2026-09-03T07:15:51.046789+00:00,2026-09-03
13953814,7250.0,8.888894669371593,Kia,Ray,2012,14,,1,,1,,Petrol,Automatic,White,used,1,Mass_Market,Phnom Penh,Tier_1,individual,0,0,2026-09-01 13:40:58,2026-09-03T09:12:50.799864+00:00,2026-09-03
13595957,19900.0,9.898525260706313,Kia,Carnival,2015,11,,1,,1,MPV,Diesel,,White,used,0,Mass_Market,Phnom Penh,Tier_1,store,1,0,2026-06-02 09:03:49,2026-09-02T09:52:11.663421+00:00,2026-09-02
13884283,11100.0,9.314790473332646,Kia,Ray,2013,13,,1,,1,,Petrol,,Blue,used,0,Mass_Market,Phnom Penh,Tier_1,store,0,0,2026-08-14 08:43:27,2026-09-05T07:00:00.430919+00:00,2026-09-05
13526913,9300.0,9.137877200242468,Kia,Ray,2014,12,,1,,1,,,,White,used,0,Mass_Market,Phnom Penh,Tier_1,store,0,0,2026-05-17 08:00:33,2026-09-05T06:59:01.909191+00:00,2026-09-05
13589817,13300.0,9.495594499353297,Tesla,Model 3,2019,7,,1,0,0,Sedan,Electric,Automatic,Grey,new,0,Other,Siem Reap,Tier_2,store,0,0,2026-05-31 14:37:26,2026-09-03T07:15:16.452396+00:00,2026-09-03
13969943,19500.0,9.87822102528824,Tesla,Model 3,2020,6,,1,0,0,Sedan,Electric,Automatic,White,used,1,Other,Phnom Penh,Tier_1,individual,0,0,2026-09-05 12:36:57,2026-09-05T07:00:27.413622+00:00,2026-09-05
13432095,34000.0,10.434145214930487,AIQAR,EQ3,2024,2,,1,0,0,SUV,Electric,,Black,new,0,Other,Phnom Penh,Tier_1,store,0,0,2026-04-23 13:17:50,2026-09-02T09:53:17.946492+00:00,2026-09-02
13597928,50500.0,10.829748417047593,BYD,Ti7,2026,0,1190,0,0,0,SUV,Hybrid,Automatic,Black,new,0,Chinese_EV,Phnom Penh,Tier_1,store,0,0,2026-06-02 14:25:24,2026-09-02T09:54:02.115494+00:00,2026-09-02
13962078,14999.0,9.615805480084347,BYD,E2,2024,2,40000,0,0,0,Hatchback,,,,used,1,Chinese_EV,Phnom Penh,Tier_1,individual,0,0,2026-09-03 13:07:47,2026-09-03T07:14:15.961714+00:00,2026-09-03
13687261,4300.0,8.366602832783736,Honda,CR-V,1999,27,,1,,1,SUV,Petrol,Automatic,Black,used,1,Mass_Market,Siem Reap,Tier_2,store,0,0,2026-06-24 10:36:22,2026-09-05T07:03:38.776356+00:00,2026-09-05
13958770,4400.0,8.38958706681109,Honda,CR-V,1999,27,,1,,1,Sedan,Petrol,Automatic,Silver,used,1,Mass_Market,Siem Reap,Tier_2,individual,0,0,2026-09-02 15:55:27,2026-09-02T09:52:17.428612+00:00,2026-09-02
13580536,15000.0,9.61587214452889,Honda,City,2019,7,12449,0,,1,Sedan,Petrol,Automatic,White,used,1,Mass_Market,Kampong Chhnang,Tier_3,individual,0,1,2026-05-29 09:10:04,2026-09-05T07:01:23.549154+00:00,2026-09-05
13448285,23900.0,10.081675578048475,Mitsubishi,Xpander,2021,5,,1,,1,MPV,Petrol,Automatic,White,used,1,Mass_Market,Phnom Penh,Tier_1,store,0,0,2026-04-27 12:30:19,2026-09-06T07:11:52.100943+00:00,2026-09-06
13450260,3700.0,8.216358332386156,Mitsubishi,Pajero Sport,1997,29,,1,,1,MPV,Diesel,Automatic,Green,used,1,Mass_Market,Kampong Speu,Tier_3,individual,0,0,2026-04-27 21:21:35,2026-09-06T07:13:01.942797+00:00,2026-09-06
13724895,36000.0,10.491301994830229,Ford,Ranger Wildtrak,2021,5,10000,0,,1,Pickup,Diesel,Automatic,White,used,1,Mass_Market,Phnom Penh,Tier_1,individual,0,0,2026-07-03 14:03:12,2026-09-03T09:12:29.533308+00:00,2026-09-03
13875163,42500.0,10.657282884047461,Ford,Ranger Wildtrak,2023,3,,1,,1,Pickup,Diesel,Automatic,Black,used,1,Mass_Market,Phnom Penh,Tier_1,store,0,0,2026-08-11 16:53:23,2026-09-05T06:58:57.332336+00:00,2026-09-05
13933965,41800.0,10.640675541671662,Ford,Everest,2021,5,,1,,1,SUV,Diesel,Automatic,White,used,1,Mass_Market,Phnom Penh,Tier_1,store,1,0,2026-08-27 09:40:46,2026-09-04T07:17:22.757826+00:00,2026-09-04
13957781,20800.0,9.942756341456828,Ford,Ranger,2022,4,,1,,1,Pickup,Diesel,Automatic,White,used,1,Mass_Market,Siem Reap,Tier_2,store,0,0,2026-09-02 12:52:10,2026-09-05T07:01:25.927493+00:00,2026-09-05
13966132,31900.0,10.370392636243981,Ford,Ranger Wildtrak,2019,7,,1,3200,0,Pickup,Diesel,Automatic,Grey,used,1,Mass_Market,Phnom Penh,Tier_1,store,0,0,2026-09-04 12:33:09,2026-09-04T07:19:09.020761+00:00,2026-09-04
13958542,42000.0,10.645448706505872,Ford,Ranger Raptor,2017,9,,1,,1,Pickup,Petrol,Automatic,White,used,1,Mass_Market,Phnom Penh,Tier_1,store,0,0,2026-09-02 15:10:41,2026-09-02T09:52:58.682935+00:00,2026-09-02
13951184,14200.0,9.561067663645012,Ford,Ecosport,2020,6,,1,,1,,Petrol,Automatic,White,used,1,Mass_Market,Phnom Penh,Tier_1,individual,0,0,2026-08-31 18:55:36,2026-09-05T07:04:15.447260+00:00,2026-09-05
13958768,60888.0,11.016807813409786,BMW,X7,2020,6,,1,,1,SUV,Petrol,Automatic,White,used,1,Luxury,Phnom Penh,Tier_1,store,0,1,2026-09-02 15:55:12,2026-09-02T09:52:17.418510+00:00,2026-09-02
13397443,13800.0,9.53249633228804,Land Rover,Range Rover Evoque,2012,14,,1,,1,Hatchback,Petrol,Automatic,White,used,1,Luxury,Phnom Penh,Tier_1,individual,0,0,2026-04-11 00:15:30,2026-09-05T06:58:43.369269+00:00,2026-09-05
13708850,6500.0,8.77971129020447,Land Rover,Range Rover Sport,2006,20,,1,,1,SUV,Diesel,Automatic,Black,used,1,Luxury,Phnom Penh,Tier_1,individual,0,0,2026-06-29 14:25:11,2026-09-03T07:17:52.118629+00:00,2026-09-03
13885380,23500.0,10.064798252418377,Land Rover,Range Rover,2014,12,,1,,1,SUV,Diesel,Automatic,White,used,1,Luxury,Kandal,Tier_2,individual,0,0,2026-08-14 11:34:52,2026-09-03T09:13:18.274734+00:00,2026-09-03
13940535,25000.0,10.12667110305036,Land Rover,Range Rover,2015,11,,1,,1,SUV,Petrol,Automatic,White,used,1,Luxury,Phnom Penh,Tier_1,store,0,0,2026-08-28 21:12:44,2026-09-06T07:14:15.703046+00:00,2026-09-06
13962290,135000.0,11.813037464800539,Land Rover,Range Rover Sport,2023,3,,1,,1,SUV,Petrol,Automatic,Red,used,1,Luxury,Phnom Penh,Tier_1,store,0,0,2026-09-03 13:53:06,2026-09-03T07:13:13.313056+00:00,2026-09-03
13969909,62800.0,11.047726275896391,Land Rover,Defender,2020,6,,1,,1,SUV,Petrol,Automatic,Blue,new,0,Luxury,Phnom Penh,Tier_1,store,1,0,2026-09-05 12:28:09,2026-09-05T07:00:48.486004+00:00,2026-09-05
13972509,23999.0,10.085809109330082,Land Rover,Range Rover Sport,2014,12,90000,0,,1,SUV,Diesel,Automatic,White,used,1,Luxury,Phnom Penh,Tier_1,store,0,0,2026-09-06 09:26:21,2026-09-06T07:09:33.420103+00:00,2026-09-06
13953283,20700.0,9.937937287265354,Land Rover,Range Rover Sport,2014,12,,1,,1,,Diesel,Automatic,White,used,1,Luxury,Phnom Penh,Tier_1,individual,0,0,2026-09-01 12:16:14,2026-09-03T09:13:56.262437+00:00,2026-09-03
13763369,8480.0,9.0455836463617,Land Rover,Range Rover Sport,2011,15,,1,,1,SUV,Diesel,,White,used,1,Luxury,Phnom Penh,Tier_1,individual,0,0,2026-07-13 11:54:07,2026-09-06T07:09:30.863346+00:00,2026-09-06
13523801,1250.0,7.1316985104669115,ផ្សេងៗ,,1992,34,,1,,1,MPV,Diesel,Manual,Red,used,1,Other,Battambang,Tier_2,individual,0,0,2026-05-16 10:01:38,2026-09-06T07:09:44.768937+00:00,2026-09-06
13797429,49500.0,10.809748150372926,AVATR,AVATR 12,2026,0,,1,0,0,Sedan,Electric,Automatic,Black,new,0,Chinese_EV,Phnom Penh,Tier_1,store,0,0,2026-07-22 10:12:11,2026-09-06T07:11:53.803375+00:00,2026-09-06
13920851,42500.0,10.657282884047461,AVATR,AVATR 11,2023,3,,1,0,0,SUV,Electric,Automatic,Black,used,1,Chinese_EV,Phnom Penh,Tier_1,store,0,0,2026-08-24 08:52:36,2026-09-06T07:12:30.964159+00:00,2026-09-06
13923517,56900.0,10.949068194652432,AVATR,AVATR 12,2025,1,,1,0,0,Sedan,Electric,Automatic,Black,new,0,Chinese_EV,Phnom Penh,Tier_1,store,0,0,2026-08-24 16:56:43,2026-09-06T07:13:39.776353+00:00,2026-09-06
13918654,29477.0,10.291399501396704,Mazda,BT-50,2019,7,40000,0,3200,0,SUV,Diesel,Automatic,White,used,1,Mass_Market,Phnom Penh,Tier_1,store,0,0,2026-08-23 13:23:29,2026-09-05T07:01:42.112114+00:00,2026-09-05
13973363,32800.0,10.39821428171237,Mazda,BT-50,2022,4,,1,,1,Pickup,Diesel,Automatic,White,used,1,Mass_Market,Phnom Penh,Tier_1,store,0,0,2026-09-06 12:34:14,2026-09-06T07:11:49.203637+00:00,2026-09-06
13764409,35500.0,10.477316144080852,Mazda,EZ-60,2025,1,,1,0,0,SUV,Electric,Automatic,White,new,0,Mass_Market,Phnom Penh,Tier_1,store,0,0,2026-07-13 15:15:35,2026-09-03T07:14:26.101236+00:00,2026-09-03
13973421,27500.0,10.221977646629885,Mazda,BT50 Pro,2020,6,,1,,1,Pickup,Diesel,Automatic,White,used,1,Mass_Market,Phnom Penh,Tier_1,store,0,0,2026-09-06 12:47:03,2026-09-06T07:11:27.528653+00:00,2026-09-06
13956308,29000.0,10.275085591132715,Mazda,CX-5,2025,1,,1,,1,SUV,Petrol,,Black,used,1,Mass_Market,Phnom Penh,Tier_1,individual,0,0,2026-09-02 08:50:52,2026-09-06T07:09:18.769146+00:00,2026-09-06
13825271,19999.0,9.903487552536127,Mazda,Mazda6,2017,9,,1,,1,Sedan,,Automatic,White,used,1,Mass_Market,Phnom Penh,Tier_1,individual,0,0,2026-07-29 15:45:33,2026-09-05T06:58:57.943807+00:00,2026-09-05
13642626,27500.0,10.221977646629885,Nissan,Navara,2019,7,,1,,1,Pickup,Diesel,Automatic,Silver,used,1,Mass_Market,Phnom Penh,Tier_1,store,0,0,2026-06-13 10:05:37,2026-09-02T09:51:36.678636+00:00,2026-09-02
13954112,4950.0,8.507344855361422,Nissan,ផ្សេងៗ,2001,25,,1,,1,SUV,Petrol,Automatic,Gold,used,1,Mass_Market,Kandal,Tier_2,individual,0,0,2026-09-01 14:35:37,2026-09-03T09:12:30.912233+00:00,2026-09-03
13440536,2500.0,7.824445930877619,Nissan,March,1992,34,,1,,1,Sedan,Petrol,Automatic,,used,1,Mass_Market,Phnom Penh,Tier_1,individual,0,0,2026-04-25 13:21:59,2026-09-03T09:14:33.029175+00:00,2026-09-03
13962037,29500.0,10.292179440058462,Nissan,ផ្សេងៗ,2025,1,,1,,1,,,Automatic,Silver,new,0,Mass_Market,Phnom Penh,Tier_1,store,0,0,2026-09-03 13:03:58,2026-09-03T07:14:21.180861+00:00,2026-09-03
13969407,10700.0,9.278092474027002,Nissan,Frontier,2005,21,,1,,1,,,Automatic,White,used,1,Mass_Market,Phnom Penh,Tier_1,store,0,0,2026-09-05 10:39:12,2026-09-06T07:12:08.021594+00:00,2026-09-06
13278015,6000.0,8.699681400989514,Volkswagen,POLO,2003,23,,1,,1,Sedan,Petrol,Automatic,Red,used,1,Mass_Market,Takeo,Tier_3,individual,0,0,2026-03-11 20:52:17,2026-09-03T09:13:54.829045+00:00,2026-09-03
13945848,5700.0,8.648396877031582,Great Wall,ផ្សេងៗ,2011,15,,1,,1,Sedan,Petrol,Automatic,Blue,used,0,Other,Phnom Penh,Tier_1,individual,0,0,2026-08-30 12:22:35,2026-09-03T09:13:44.291961+00:00,2026-09-03
13315045,20900.0,9.94755228369823,Toyota,Rush,2020,6,,1,,1,SUV,Petrol,Automatic,White,used,1,Mass_Market,Phnom Penh,Tier_1,store,0,0,2026-03-20 15:20:19,2026-09-02T09:54:17.974885+00:00,2026-09-02
13360198,42000.0,10.645448706505872,Toyota,Land Cruiser,2011,15,,1,,1,MPV,Diesel,Automatic,Black,used,1,Mass_Market,Phnom Penh,Tier_1,store,0,0,2026-04-01 11:39:03,2026-09-06T07:12:34.019741+00:00,2026-09-06
13497409,49800.0,10.815790343132422,Toyota,Alphard,2018,8,,1,,1,MPV,Petrol,Automatic,White,used,1,Mass_Market,Phnom Penh,Tier_1,individual,0,0,2026-05-09 17:47:31,2026-09-06T07:09:14.924240+00:00,2026-09-06
13539436,21800.0,9.989711119284745,Toyota,Prius,2013,13,,1,,1,Hatchback,Hybrid,Automatic,White,used,0,Mass_Market,Phnom Penh,Tier_1,store,0,0,2026-05-19 15:36:08,2026-09-02T09:52:39.088695+00:00,2026-09-02
13566971,16500.0,9.711176264112805,Toyota,Prius,2011,15,,1,,1,Hatchback,Hybrid,Automatic,Grey,used,1,Mass_Market,Phnom Penh,Tier_1,store,1,0,2026-05-26 08:25:13,2026-09-02T09:51:43.661842+00:00,2026-09-02
13617604,18800.0,9.841665338892785,Toyota,Prius,2012,14,180000,0,,1,SUV,Hybrid,Automatic,White,used,0,Mass_Market,Phnom Penh,Tier_1,store,0,0,2026-06-07 11:19:22,2026-09-05T07:04:18.773886+00:00,2026-09-05
13694892,10000.0,9.210440366976517,Toyota,Land Cruiser,2009,17,,1,,1,SUV,Petrol,Automatic,White,used,1,Mass_Market,Phnom Penh,Tier_1,store,0,0,2026-06-25 20:58:54,2026-09-04T07:22:10.048765+00:00,2026-09-04
13708484,13500.0,9.510519035757246,Toyota,Highlander,2001,25,,1,,1,SUV,Petrol,Automatic,White,used,1,Mass_Market,Phnom Penh,Tier_1,store,0,0,2026-06-29 13:17:49,2026-09-06T07:12:31.177782+00:00,2026-09-06
13714734,16800.0,9.729193687429403,Toyota,Sienna,2011,15,,1,,1,SUV,Petrol,Automatic,Black,used,1,Mass_Market,Phnom Penh,Tier_1,store,0,0,2026-07-01 05:22:46,2026-09-05T07:00:35.070729+00:00,2026-09-05
13716673,8700.0,9.071193240566025,Toyota,Prius,2006,20,,1,,1,SUV,Petrol,Automatic,Green,used,1,Mass_Market,Phnom Penh,Tier_1,individual,0,1,2026-07-01 13:32:06,2026-09-02T09:54:05.868457+00:00,2026-09-02
13736212,46500.0,10.747229096720554,Toyota,Hilux,2027,0,100000,0,2800,0,Pickup,Diesel,Automatic,White,new,0,Mass_Market,Phnom Penh,Tier_1,store,0,0,2026-07-06 15:20:12,2026-09-06T07:12:28.926565+00:00,2026-09-06
13754373,12800.0,9.45727857185611,Toyota,Highlander,2002,24,,1,,1,SUV,Petrol,Automatic,Blue,used,1,Mass_Market,Phnom Penh,Tier_1,store,0,0,2026-07-10 20:28:16,2026-09-06T07:12:07.808307+00:00,2026-09-06
13754981,19000.0,9.852246888342531,Toyota,Prius,2013,13,,1,,1,Sedan,Hybrid,Automatic,White,used,0,Mass_Market,Phnom Penh,Tier_1,individual,0,0,2026-07-11 06:24:45,2026-09-02T09:55:56.070624+00:00,2026-09-02
13768660,9999.0,9.210340371976184,Toyota,Camry,2003,23,,1,,1,Sedan,Petrol,Automatic,Gold,used,1,Mass_Market,Kampot,Tier_3,individual,0,0,2026-07-14 14:25:02,2026-09-03T09:13:22.886088+00:00,2026-09-03
13801417,17200.0,9.75272280064639,Toyota,Prius,2010,16,,1,,1,Hatchback,Hybrid,Automatic,White,used,0,Mass_Market,Phnom Penh,Tier_1,individual,0,1,2026-07-23 10:39:15,2026-09-06T07:12:07.826350+00:00,2026-09-06
13830804,48600.0,10.791399385808587,Toyota,Land Cruiser,2012,14,,1,,1,SUV,Petrol,Automatic,Black,used,1,Mass_Market,Phnom Penh,Tier_1,individual,0,0,2026-07-30 22:03:49,2026-09-03T07:16:17.437137+00:00,2026-09-03
13857815,18700.0,9.83633227734872,Toyota,Prius,2014,12,,1,,1,Hatchback,Hybrid,Automatic,White,used,0,Mass_Market,Phnom Penh,Tier_1,store,1,0,2026-08-07 07:12:13,2026-09-04T07:19:33.397015+00:00,2026-09-04
13874971,16900.0,9.735128070758227,Toyota,Prius,2013,13,,1,,1,Hatchback,Hybrid,Automatic,White,used,0,Mass_Market,Phnom Penh,Tier_1,store,0,0,2026-08-11 16:10:49,2026-09-06T07:10:24.454383+00:00,2026-09-06
13886906,22800.0,10.034559673629849,Toyota,Alphard,2014,12,,1,,1,MPV,Petrol,Automatic,Black,used,0,Mass_Market,Phnom Penh,Tier_1,store,0,0,2026-08-14 16:23:50,2026-09-06T07:13:55.303085+00:00,2026-09-06
13894182,19800.0,9.893487720457795,Toyota,Prius,2015,11,,1,,1,Hatchback,Hybrid,Automatic,White,used,0,Mass_Market,Phnom Penh,Tier_1,store,0,0,2026-08-16 20:50:07,2026-09-05T07:02:54.288080+00:00,2026-09-05
13900761,18000.0,9.798182590890704,Toyota,Alphard,2009,17,,1,,1,MPV,Petrol,Automatic,White,used,1,Mass_Market,Phnom Penh,Tier_1,individual,0,0,2026-08-18 13:35:19,2026-09-03T09:12:40.990349+00:00,2026-09-03
13903845,8500.0,9.04793908261736,Toyota,Yaris,2007,19,,1,,1,Sedan,Petrol,Automatic,Silver,used,1,Mass_Market,Phnom Penh,Tier_1,individual,0,0,2026-08-19 10:43:41,2026-09-06T07:10:16.951550+00:00,2026-09-06
13913005,15500.0,9.648659816955295,Toyota,Prius,2012,14,,1,,1,Sedan,Hybrid,Automatic,White,used,0,Mass_Market,Phnom Penh,Tier_1,individual,0,0,2026-08-21 18:24:45,2026-09-05T07:03:59.454685+00:00,2026-09-05
13919046,10600.0,9.268703615273097,Toyota,Prius,2008,18,241401,0,,1,Hatchback,Hybrid,Automatic,Silver,used,1,Mass_Market,Phnom Penh,Tier_1,individual,0,0,2026-08-23 15:00:15,2026-09-03T07:18:16.863395+00:00,2026-09-03
13923506,22500.0,10.021315031649332,Toyota,Tundra,2010,16,,1,,1,Pickup,Petrol,Automatic,White,used,1,Mass_Market,Phnom Penh,Tier_1,store,0,0,2026-08-24 16:52:41,2026-09-03T07:15:23.535549+00:00,2026-09-03
13923894,16900.0,9.735128070758227,Toyota,Prius,2010,16,,1,,1,Hatchback,Hybrid,Automatic,White,used,0,Mass_Market,Phnom Penh,Tier_1,store,1,0,2026-08-24 18:51:18,2026-09-06T07:13:00.325803+00:00,2026-09-06
13923964,36800.0,10.513280297700861,Toyota,Fortuner,2019,7,,1,,1,SUV,Diesel,Automatic,White,used,1,Mass_Market,Phnom Penh,Tier_1,individual,0,0,2026-08-24 19:11:56,2026-09-03T09:13:19.176216+00:00,2026-09-03
13924184,11800.0,9.375939552625749,Toyota,Tacoma,2003,23,,1,,1,Pickup,Petrol,Automatic,Silver,used,1,Mass_Market,Phnom Penh,Tier_1,store,0,0,2026-08-24 20:48:35,2026-09-03T07:16:14.615866+00:00,2026-09-03
13924730,3900.0,8.268988209506656,Toyota,Camry,2007,19,,1,,1,Sedan,Hybrid,Automatic,White,used,1,Mass_Market,Banteay Meanchey,Tier_3,individual,0,0,2026-08-25 05:24:33,2026-09-05T07:01:33.088411+00:00,2026-09-05
13926608,17900.0,9.792611856190192,Toyota,Hilux Vigo,2005,21,,1,,1,Pickup,Diesel,Manual,White,used,1,Mass_Market,Phnom Penh,Tier_1,store,0,0,2026-08-25 13:32:53,2026-09-02T09:55:39.816037+00:00,2026-09-02
13936564,28800.0,10.268165387743457,Toyota,Alphard,2016,10,,1,,1,MPV,Petrol,Automatic,White,used,1,Mass_Market,Phnom Penh,Tier_1,store,0,0,2026-08-27 18:53:33,2026-09-02T09:52:31.432157+00:00,2026-09-02
13942472,12900.0,9.465060106725137,Toyota,Camry,2007,19,,1,,1,Hatchback,Hybrid,Automatic,Silver,used,1,Mass_Market,Phnom Penh,Tier_1,store,1,0,2026-08-29 12:23:29,2026-09-04T07:16:11.641500+00:00,2026-09-04
13943045,56800.0,10.947309210188068,Toyota,Fortuner,2025,1,,1,,1,SUV,Diesel,Automatic,White,new,1,Mass_Market,Phnom Penh,Tier_1,individual,0,0,2026-08-29 14:32:59,2026-09-06T07:11:00.733136+00:00,2026-09-06
13944376,11000.0,9.305741456739435,Toyota,Prius,2009,17,,1,,1,Sedan,Hybrid,Automatic,White,used,0,Mass_Market,Phnom Penh,Tier_1,individual,0,0,2026-08-29 22:32:08,2026-09-06T07:12:08.142728+00:00,2026-09-06
13945025,11650.0,9.36314729221994,Toyota,Prius,2008,18,,1,,1,Hatchback,Hybrid,Automatic,Gold,used,0,Mass_Market,Phnom Penh,Tier_1,store,0,0,2026-08-30 09:05:11,2026-09-04T07:19:31.430737+00:00,2026-09-04
13946420,10900.0,9.296609807128359,Toyota,Highlander,2004,22,,1,,1,SUV,Petrol,Automatic,Black,used,1,Mass_Market,Phnom Penh,Tier_1,store,0,0,2026-08-30 14:37:48,2026-09-06T07:11:45.518869+00:00,2026-09-06
13949662,9400.0,9.148571345578551,Toyota,Prius,2007,19,,1,,1,Sedan,Hybrid,Automatic,Green,used,1,Mass_Market,Phnom Penh,Tier_1,store,1,0,2026-08-31 12:23:35,2026-09-05T07:04:16.071182+00:00,2026-09-05
13949984,12500.0,9.433563920090563,Toyota,Prius,2008,18,,1,,1,Sedan,Petrol,Automatic,White,used,1,Mass_Market,Phnom Penh,Tier_1,individual,0,0,2026-08-31 13:31:16,2026-09-03T09:12:35.283031+00:00,2026-09-03
13950394,17277.0,9.75718929491883,Toyota,Raize,2022,4,20000,0,,1,SUV,Petrol,Automatic,Silver,used,1,Mass_Market,Phnom Penh,Tier_1,store,0,0,2026-08-31 15:00:33,2026-09-05T07:01:42.615901+00:00,2026-09-05
13953647,9500.0,9.15915233520675,Toyota,Prius,2006,20,,1,,1,Sedan,Petrol,Automatic,Silver,used,1,Mass_Market,Phnom Penh,Tier_1,individual,0,0,2026-09-01 13:08:52,2026-09-03T09:13:08.614896+00:00,2026-09-03
13953838,33800.0,10.428245666832275,Toyota,Alphard,2016,10,,1,,1,MPV,Petrol,Automatic,Black,used,1,Mass_Market,Phnom Penh,Tier_1,individual,1,0,2026-09-01 13:47:24,2026-09-05T07:04:01.077002+00:00,2026-09-05
13956776,18600.0,9.83097062169695,Toyota,Prius,2013,13,241401,0,,1,Sedan,Petrol,Automatic,White,used,0,Mass_Market,Phnom Penh,Tier_1,store,1,0,2026-09-02 09:59:37,2026-09-05T07:03:08.639679+00:00,2026-09-05
13959504,18500.0,9.825580063659602,Toyota,Prius,2013,13,,1,,1,Sedan,Hybrid,Automatic,White,used,0,Mass_Market,Phnom Penh,Tier_1,store,0,0,2026-09-02 19:14:37,2026-09-05T07:01:13.692960+00:00,2026-09-05
13962012,22500.0,10.021315031649332,Toyota,Alphard,2013,13,,1,,1,MPV,Petrol,Automatic,Black,used,0,Mass_Market,Phnom Penh,Tier_1,store,0,0,2026-09-03 12:55:57,2026-09-03T07:14:46.915720+00:00,2026-09-03
13962817,10700.0,9.278092474027002,Toyota,Camry,2002,24,,1,,1,Sedan,Petrol,Automatic,White,used,1,Mass_Market,Kratié,Tier_3,individual,0,0,2026-09-03 15:05:02,2026-09-04T07:19:12.936136+00:00,2026-09-04
13963675,17500.0,9.770013301136158,Toyota,Prius,2013,13,,1,,1,SUV,Petrol,Automatic,White,used,1,Mass_Market,Phnom Penh,Tier_1,individual,0,0,2026-09-03 18:34:14,2026-09-06T07:13:52.708536+00:00,2026-09-06
13966017,14200.0,9.561067663645012,Toyota,Highlander,2003,23,,1,,1,SUV,Petrol,Automatic,Gold,used,1,Mass_Market,Kandal,Tier_2,individual,0,0,2026-09-04 12:09:00,2026-09-04T07:20:19.412766+00:00,2026-09-04
13966550,22000.0,9.99884318585288,Toyota,Alphard,2012,14,,1,,1,MPV,LPG,Automatic,White,used,1,Mass_Market,Phnom Penh,Tier_1,individual,0,0,2026-09-04 13:58:39,2026-09-04T07:16:49.148315+00:00,2026-09-04
13967298,22500.0,10.021315031649332,Toyota,Tacoma,2012,14,,1,,1,Pickup,Petrol,Automatic,Silver,used,0,Mass_Market,Phnom Penh,Tier_1,store,0,0,2026-09-04 16:13:45,2026-09-05T06:59:49.373820+00:00,2026-09-05
13969668,43800.0,10.687411927154141,Toyota,Alphard,2020,6,,1,,1,MPV,Hybrid,Automatic,Black,used,1,Mass_Market,Phnom Penh,Tier_1,store,0,0,2026-09-05 11:26:45,2026-09-05T07:04:01.608509+00:00,2026-09-05
13970231,10500.0,9.259225769705994,Toyota,Prius,2008,18,180000,0,,1,Hatchback,Hybrid,Automatic,Grey,used,1,Mass_Market,Phnom Penh,Tier_1,individual,1,0,2026-09-05 13:38:38,2026-09-05T06:58:39.781327+00:00,2026-09-05
13973389,41500.0,10.633472802314019,Toyota,Prius,2024,2,,1,,1,Hatchback,Hybrid,Automatic,Grey,used,0,Mass_Market,Phnom Penh,Tier_1,store,0,0,2026-09-06 12:39:46,2026-09-06T07:11:40.149206+00:00,2026-09-06
13973617,37500.0,10.53212287826962,Toyota,Fortuner,2020,6,,1,,1,SUV,Diesel,Automatic,White,used,1,Mass_Market,Phnom Penh,Tier_1,individual,0,1,2026-09-06 13:23:00,2026-09-06T07:10:36.221363+00:00,2026-09-06
13724675,51100.0,10.841559345471941,Toyota,Hilux,2027,0,,1,,1,Pickup,Diesel,Automatic,White,new,0,Mass_Market,Phnom Penh,Tier_1,store,0,0,2026-07-03 13:19:20,2026-09-04T07:17:22.851159+00:00,2026-09-04
13752466,31800.0,10.367253014814716,Toyota,bZ5,2024,2,60000,0,0,0,Sedan,Electric,Automatic,Black,new,0,Mass_Market,Phnom Penh,Tier_1,individual,1,0,2026-07-10 13:05:04,2026-09-03T09:12:55.888870+00:00,2026-09-03
13811424,9368.0,9.145161645951188,Toyota,Belta,2010,16,,1,,1,Sedan,Petrol,Automatic,Silver,used,0,Mass_Market,Phnom Penh,Tier_1,store,0,0,2026-07-26 07:43:54,2026-09-06T07:14:16.853883+00:00,2026-09-06
13962347,42500.0,10.657282884047461,Toyota,Hilux Rally,2024,2,,1,,1,Pickup,Diesel,Automatic,Black,used,1,Mass_Market,Kampong Thom,Tier_3,store,0,0,2026-09-03 14:02:49,2026-09-03T07:13:03.290792+00:00,2026-09-03
13260444,33000.0,10.404293143019792,Toyota,Land Cruiser,2008,18,,1,,1,SUV,Petrol,,White,used,1,Mass_Market,Phnom Penh,Tier_1,individual,1,0,2026-03-07 11:30:37,2026-09-03T09:12:39.932049+00:00,2026-09-03
13676063,10500.0,9.259225769705994,Toyota,Prius,2009,17,,1,,1,Hatchback,Hybrid,,Gold,used,1,Mass_Market,Phnom Penh,Tier_1,individual,0,0,2026-06-21 16:44:17,2026-09-06T07:10:29.430542+00:00,2026-09-06
13883033,16500.0,9.711176264112805,Toyota,Camry,2009,17,,1,,1,Sedan,Hybrid,,Gold,used,1,Mass_Market,Battambang,Tier_2,individual,0,0,2026-08-13 16:42:57,2026-09-05T06:59:38.758447+00:00,2026-09-05
13958854,7600.0,8.936035096566041,Toyota,RAV4,2001,25,,1,,1,SUV,Petrol,,Silver,used,0,Mass_Market,Phnom Penh,Tier_1,store,0,1,2026-09-02 16:11:44,2026-09-02T09:51:58.718966+00:00,2026-09-02
13932801,15700.0,9.661479683575521,Toyota,Camry,2007,19,,1,,1,Sedan,,Automatic,White,used,1,Mass_Market,Phnom Penh,Tier_1,store,0,0,2026-08-26 20:36:37,2026-09-02T09:55:42.737187+00:00,2026-09-02
13273968,23500.0,10.064798252418377,Toyota,Alphard,2012,14,,1,,1,MPV,,,White,used,0,Mass_Market,Phnom Penh,Tier_1,store,0,0,2026-03-10 23:18:56,2026-09-06T07:12:04.095330+00:00,2026-09-06
13884392,18500.0,9.825580063659602,Toyota,Prius,2012,14,,1,,1,Hatchback,,,White,used,0,Mass_Market,Phnom Penh,Tier_1,store,1,0,2026-08-14 09:05:17,2026-09-03T07:15:49.081954+00:00,2026-09-03
13885855,23800.0,10.077482875583607,Toyota,Hilux Revo,2007,19,,1,,1,Pickup,,,White,used,1,Mass_Market,Phnom Penh,Tier_1,store,0,0,2026-08-14 13:17:12,2026-09-02T09:51:35.987477+00:00,2026-09-02
13953205,20550.0,9.93066488054092,Toyota,Tacoma,2010,16,,1,,1,Pickup,,,White,used,1,Mass_Market,Phnom Penh,Tier_1,individual,0,0,2026-09-01 12:01:22,2026-09-03T09:14:09.315827+00:00,2026-09-03
13955418,13900.0,9.539716058977092,Toyota,Tacoma,2005,21,,1,,1,Pickup,,,Black,used,1,Mass_Market,Battambang,Tier_2,individual,0,0,2026-09-01 20:50:24,2026-09-06T07:13:22.009298+00:00,2026-09-06
13966103,10000.0,9.210440366976517,Toyota,Highlander,2003,23,,1,,1,SUV,,,Silver,used,1,Mass_Market,Phnom Penh,Tier_1,individual,0,0,2026-09-04 12:22:55,2026-09-04T07:19:38.137102+00:00,2026-09-04
13973179,20500.0,9.928228944424575,Toyota,Rush,2019,7,2019,0,,1,SUV,,,White,used,1,Mass_Market,Phnom Penh,Tier_1,store,0,0,2026-09-06 11:52:30,2026-09-06T07:13:08.994010+00:00,2026-09-06
13569037,11000.0,9.305741456739435,Toyota,Highlander,2003,23,,1,,1,SUV,Petrol,Automatic,Black,used,1,Mass_Market,Battambang,Tier_2,individual,0,0,2026-05-26 14:04:48,2026-09-04T07:16:34.269347+00:00,2026-09-04
13883121,8700.0,9.071193240566025,Toyota,Prius,2005,21,,1,,1,Hatchback,Hybrid,Automatic,Silver,used,1,Mass_Market,Phnom Penh,Tier_1,individual,0,0,2026-08-13 17:06:22,2026-09-06T07:13:55.163024+00:00,2026-09-06
13922642,17800.0,9.787009914477434,Toyota,Prius,2015,11,,1,,1,Hatchback,Petrol,Automatic,Grey,used,0,Mass_Market,Phnom Penh,Tier_1,individual,0,0,2026-08-24 14:21:06,2026-09-03T07:13:47.290040+00:00,2026-09-03
13941816,3700.0,8.216358332386156,Toyota,RAV4,1997,29,,1,,1,SUV,Petrol,Automatic,Silver,used,1,Mass_Market,Phnom Penh,Tier_1,individual,0,0,2026-08-29 10:03:12,2026-09-03T07:17:41.683365+00:00,2026-09-03
13950126,23500.0,10.064798252418377,Toyota,Prius,2017,9,,1,,1,Hatchback,Hybrid,Automatic,Gold,used,0,Mass_Market,Phnom Penh,Tier_1,individual,0,0,2026-08-31 14:00:59,2026-09-04T07:16:49.547188+00:00,2026-09-04
13962166,12800.0,9.45727857185611,Toyota,Prius,2008,18,,1,,1,Hatchback,Hybrid,Automatic,Silver,used,0,Mass_Market,Phnom Penh,Tier_1,store,1,0,2026-09-03 13:24:48,2026-09-03T07:13:55.549590+00:00,2026-09-03
13963394,1700.0,7.438971592395862,Toyota,Camry,1990,36,,1,,1,Sedan,LPG,Automatic,White,used,1,Mass_Market,Kampong Cham,Tier_2,individual,0,0,2026-09-03 17:05:39,2026-09-04T07:17:02.845464+00:00,2026-09-04
13969617,4500.0,8.412054873292933,Toyota,Camry,1997,29,,1,,1,Sedan,Petrol,Automatic,White,used,1,Mass_Market,Phnom Penh,Tier_1,individual,0,0,2026-09-05 11:16:21,2026-09-06T07:09:54.607832+00:00,2026-09-06
13973396,11000.0,9.305741456739435,Toyota,Tacoma,2002,24,,1,,1,Pickup,Petrol,Automatic,Silver,used,1,Mass_Market,Phnom Penh,Tier_1,store,0,0,2026-09-06 12:41:53,2026-09-06T07:11:37.582459+00:00,2026-09-06
13973782,48500.0,10.789339695269716,Toyota,Land Cruiser,2012,14,,1,,1,SUV,Petrol,Automatic,Black,used,1,Mass_Market,Phnom Penh,Tier_1,individual,0,0,2026-09-06 13:58:01,2026-09-06T07:09:43.421476+00:00,2026-09-06
13368671,8800.0,9.082620630373812,Toyota,Vitz,2015,11,,1,,1,SUV,Petrol,Automatic,,used,1,Mass_Market,Phnom Penh,Tier_1,individual,0,0,2026-04-03 11:30:48,2026-09-02T09:55:46.915112+00:00,2026-09-02
13919844,20700.0,9.937937287265354,Toyota,Prius,2015,11,,1,,1,Hatchback,Hybrid,Automatic,,used,1,Mass_Market,Phnom Penh,Tier_1,store,0,0,2026-08-23 18:50:51,2026-09-04T07:18:57.895656+00:00,2026-09-04
13953727,17500.0,9.770013301136158,Toyota,Raize,2023,3,,1,,1,SUV,Petrol,Automatic,,used,1,Mass_Market,Phnom Penh,Tier_1,individual,0,0,2026-09-01 13:23:20,2026-09-03T09:12:59.562770+00:00,2026-09-03
13655301,51500.0,10.849356503939038,Toyota,Hiace,2019,7,,1,,1,,Diesel,Automatic,White,used,1,Mass_Market,Phnom Penh,Tier_1,store,0,0,2026-06-16 13:24:57,2026-09-05T06:58:49.157282+00:00,2026-09-05
13867326,10600.0,9.268703615273097,Toyota,Prius,2007,19,,1,,1,Hatchback,Hybrid,,Silver,used,1,Mass_Market,Phnom Penh,Tier_1,individual,0,0,2026-08-09 17:07:32,2026-09-04T07:19:38.812058+00:00,2026-09-04
13926950,17700.0,9.781376414141157,Toyota,Prius,2010,16,,1,,1,Hatchback,Hybrid,,Grey,used,0,Mass_Market,Phnom Penh,Tier_1,store,0,0,2026-08-25 14:13:53,2026-09-02T09:52:04.923531+00:00,2026-09-02
13953269,16800.0,9.729193687429403,Toyota,Prius,2012,14,,1,,1,Sedan,Hybrid,,Silver,used,0,Mass_Market,Phnom Penh,Tier_1,individual,0,0,2026-09-01 12:13:53,2026-09-03T09:13:57.902125+00:00,2026-09-03
13962325,12500.0,9.433563920090563,Toyota,Prius,2008,18,,1,,1,Hatchback,Hybrid,,White,used,0,Mass_Market,Phnom Penh,Tier_1,store,0,0,2026-09-03 13:59:25,2026-09-03T07:12:57.297616+00:00,2026-09-03
13965913,16500.0,9.711176264112805,Toyota,Tacoma,2009,17,,1,,1,Pickup,Petrol,,Silver,used,1,Mass_Market,Phnom Penh,Tier_1,individual,0,0,2026-09-04 11:47:53,2026-09-04T07:21:39.010887+00:00,2026-09-04
13965970,28000.0,10.239995502805316,Toyota,Land Cruiser,2008,18,,1,,1,SUV,Petrol,,White,used,1,Mass_Market,Phnom Penh,Tier_1,individual,0,0,2026-09-04 12:02:03,2026-09-04T07:20:32.957257+00:00,2026-09-04
13970249,14350.0,9.571574905170932,Toyota,Sienna,2004,22,,1,,1,Pickup,Petrol,,Silver,used,1,Mass_Market,Phnom Penh,Tier_1,store,1,0,2026-09-05 13:44:12,2026-09-05T06:58:21.467104+00:00,2026-09-05
13937434,38900.0,10.568775236216993,Toyota,Alphard,2017,9,,1,2500,0,SUV,,Automatic,White,used,1,Mass_Market,Phnom Penh,Tier_1,store,0,0,2026-08-28 08:48:27,2026-09-02T09:55:40.999719+00:00,2026-09-02
13958923,15642.0,9.657778811561771,Toyota,Tundra,2007,19,,1,,1,Pickup,,Automatic,Gold,used,1,Mass_Market,Kampot,Tier_3,individual,0,0,2026-09-02 16:22:30,2026-09-02T09:51:49.806220+00:00,2026-09-02
13953295,15500.0,9.648659816955295,Toyota,Highlander,2002,24,,1,,1,SUV,,,White,used,1,Mass_Market,Phnom Penh,Tier_1,individual,0,0,2026-09-01 12:19:07,2026-09-03T09:13:52.917272+00:00,2026-09-03
13958112,34900.0,10.460270761075149,Toyota,Hilux Rally,2020,6,,1,,1,Pickup,Petrol,,White,used,0,Mass_Market,Phnom Penh,Tier_1,individual,0,0,2026-09-02 14:08:49,2026-09-02T09:54:19.383770+00:00,2026-09-02
13358181,21900.0,9.994287576862567,Chevrolet,Colorado,2017,9,,1,,1,Pickup,Diesel,Automatic,Red,used,1,Mass_Market,Phnom Penh,Tier_1,store,0,0,2026-03-31 21:25:31,2026-09-06T07:13:41.756249+00:00,2026-09-06
13966145,49700.0,10.813780332606648,Denza,D9,2024,2,,1,,1,MPV,Hybrid,,Black,used,1,Chinese_EV,Phnom Penh,Tier_1,store,0,0,2026-09-04 12:36:26,2026-09-04T07:18:58.869815+00:00,2026-09-04
13907197,16800.0,9.729193687429403,Hyundai,Tucson,2017,9,,1,,1,SUV,Petrol,Automatic,Grey,used,1,Mass_Market,Phnom Penh,Tier_1,individual,0,1,2026-08-20 10:22:56,2026-09-03T09:12:58.343500+00:00,2026-09-03
13738805,28500.0,10.25769445336048,Hyundai,Santa Fe,2022,4,,1,,1,SUV,Diesel,Automatic,White,used,1,Mass_Market,Phnom Penh,Tier_1,store,1,0,2026-07-07 10:17:42,2026-09-02T09:53:11.178326+00:00,2026-09-02
13937084,14800.0,9.60245002503719,Hyundai,Starex,2018,8,,1,,1,MPV,Diesel,Automatic,White,used,1,Mass_Market,Phnom Penh,Tier_1,store,0,0,2026-08-27 23:50:59,2026-09-06T07:14:21.461991+00:00,2026-09-06
13966534,3600.0,8.188966863648876,Hyundai,Starex,2001,25,,1,,1,MPV,Diesel,Automatic,Gold,used,1,Mass_Market,Phnom Penh,Tier_1,individual,0,0,2026-09-04 13:55:44,2026-09-04T07:16:51.819149+00:00,2026-09-04
13970253,12300.0,9.417435838868785,Hyundai,Starex,2011,15,,1,,1,MPV,Diesel,Automatic,Silver,used,1,Mass_Market,Phnom Penh,Tier_1,individual,0,0,2026-09-05 13:44:28,2026-09-05T06:58:21.291597+00:00,2026-09-05
13962224,7200.0,8.881975184248867,Hyundai,Truck,2002,24,,1,,1,,Diesel,Manual,Blue,used,1,Mass_Market,Phnom Penh,Tier_1,individual,0,0,2026-09-03 13:38:51,2026-09-03T07:13:36.555918+00:00,2026-09-03
13874218,17500.0,9.770013301136158,Hyundai,Starex,2018,8,,1,,1,MPV,,,White,used,1,Mass_Market,Phnom Penh,Tier_1,store,0,0,2026-08-11 13:45:18,2026-09-06T07:13:23.022177+00:00,2026-09-06
13908431,44900.0,10.712215345197256,Hyundai,Staria,2025,1,,1,,1,,Diesel,,Black,used,1,Mass_Market,Phnom Penh,Tier_1,store,0,0,2026-08-20 14:26:10,2026-09-02T09:54:01.667823+00:00,2026-09-02
13752966,26900.0,10.199918739620157,ORA,GOOD CAT,2025,1,580,0,0,0,Hatchback,Electric,Automatic,Gold,new,0,Other,Phnom Penh,Tier_1,individual,0,0,2026-07-10 14:32:35,2026-09-03T07:14:06.193974+00:00,2026-09-03
13472393,29800.0,10.30229722897745,Changan,ផ្សេងៗ,2025,1,120000,0,1500,0,SUV,Hybrid,Automatic,White,new,0,Chinese_EV,Phnom Penh,Tier_1,store,0,0,2026-05-03 15:34:17,2026-09-05T06:58:20.581325+00:00,2026-09-05
13636079,22800.0,10.034559673629849,Changan,Q05,2026,0,150000,0,0,0,SUV,Electric,Automatic,Silver,new,0,Chinese_EV,Phnom Penh,Tier_1,store,0,0,2026-06-11 16:05:33,2026-09-06T07:14:07.453731+00:00,2026-09-06
13814961,22900.0,10.038935856711177,Changan,UNI-T,2023,3,,1,,1,SUV,Petrol,Automatic,Blue,used,1,Chinese_EV,Phnom Penh,Tier_1,store,0,0,2026-07-27 09:40:21,2026-09-04T07:16:44.505383+00:00,2026-09-04
13883348,31500.0,10.357774570341576,Changan,Q07,2025,1,,1,,1,SUV,Hybrid,Automatic,White,new,0,Chinese_EV,Phnom Penh,Tier_1,store,0,0,2026-08-13 18:28:22,2026-09-06T07:09:52.039706+00:00,2026-09-06
13965033,29100.0,10.278527816830314,Changan,UNI-K,2023,3,,1,2000,0,SUV,Petrol,Automatic,White,used,1,Chinese_EV,Phnom Penh,Tier_1,individual,0,0,2026-09-04 09:28:25,2026-09-05T06:59:30.592698+00:00,2026-09-05
13267592,29800.0,10.30229722897745,GAC,GN6,2025,1,,1,,1,MPV,Petrol,Automatic,Black,new,0,Chinese_EV,Phnom Penh,Tier_1,store,0,0,2026-03-09 13:21:16,2026-09-05T07:01:59.935456+00:00,2026-09-05
13400842,39880.0,10.593655298987073,GAC,GN8,2025,1,,1,,1,MPV,Petrol,Automatic,Black,used,1,Chinese_EV,Phnom Penh,Tier_1,store,0,0,2026-04-12 10:48:09,2026-09-06T07:09:57.331141+00:00,2026-09-06
13918031,27800.0,10.2328272702548,GAC,GS8,2025,1,,1,,1,SUV,Petrol,Automatic,Black,used,1,Chinese_EV,Phnom Penh,Tier_1,individual,0,0,2026-08-23 11:03:16,2026-09-03T09:12:40.923008+00:00,2026-09-03
13940091,29900.0,10.305647203635566,GAC,GN8,2024,2,,1,,1,MPV,Petrol,Automatic,Black,used,1,Chinese_EV,Phnom Penh,Tier_1,store,0,0,2026-08-28 17:43:19,2026-09-05T06:58:58.203383+00:00,2026-09-05
13889647,21300.0,9.966509298952284,GAC,GS3,2026,0,,1,,1,SUV,Petrol,,Grey,new,0,Chinese_EV,Phnom Penh,Tier_1,individual,0,0,2026-08-15 13:59:29,2026-09-03T09:12:27.198192+00:00,2026-09-03
13654272,25300.0,10.138599199626192,Aion,Aion i60,2026,0,1245,0,0,0,SUV,Hybrid,Automatic,,new,0,Chinese_EV,Phnom Penh,Tier_1,individual,0,0,2026-06-16 09:54:59,2026-09-03T07:16:47.709674+00:00,2026-09-03
13848007,24500.0,10.106469212026385,BESTUNE,ផ្សេងៗ,2026,0,1555,0,,1,SUV,Hybrid,Automatic,Black,new,0,Other,Phnom Penh,Tier_1,store,0,0,2026-08-04 15:33:08,2026-09-05T06:59:31.854052+00:00,2026-09-05
13418605,17000.0,9.741027444837728,BESTUNE,ផ្សេងៗ,2025,1,,1,,1,SUV,Petrol,Automatic,Black,used,1,Other,Phnom Penh,Tier_1,store,0,0,2026-04-20 14:14:58,2026-09-06T07:12:35.405003+00:00,2026-09-06
13899438,37900.0,10.542732775946709,JMC,grand-avenue,2025,1,150000,0,,1,Pickup,Diesel,Automatic,Black,new,0,Other,Phnom Penh,Tier_1,individual,0,0,2026-08-18 09:29:44,2026-09-03T07:12:51.773638+00:00,2026-09-03
13457503,8800.0,9.082620630373812,Audi,Q7,2007,19,,1,,1,SUV,Diesel,Automatic,Black,used,1,Luxury,Phnom Penh,Tier_1,individual,0,0,2026-04-29 15:15:06,2026-09-05T07:01:23.539860+00:00,2026-09-05
13962253,4999.0,8.517193191416238,Audi,A4,2008,18,,1,,1,Sedan,Diesel,,White,used,1,Luxury,Phnom Penh,Tier_1,individual,0,0,2026-09-03 13:46:59,2026-09-03T07:13:28.681240+00:00,2026-09-03
13617094,18500.0,9.825580063659602,Lexus,RX330,2005,21,,1,,1,SUV,Petrol,Automatic,Gold,used,1,Luxury,Phnom Penh,Tier_1,individual,0,0,2026-06-07 09:22:31,2026-09-04T07:17:42.733927+00:00,2026-09-04
13618170,11500.0,9.350189267092581,Lexus,RX300,2022,4,,1,,1,SUV,Petrol,Automatic,Gold,used,1,Luxury,Phnom Penh,Tier_1,individual,0,0,2026-06-07 13:13:21,2026-09-04T07:20:00.410935+00:00,2026-09-04
13625360,37500.0,10.53212287826962,Lexus,RX350,2013,13,128747,0,3500,0,SUV,Petrol,Automatic,White,used,1,Luxury,Phnom Penh,Tier_1,store,1,0,2026-06-09 10:35:21,2026-09-05T07:02:25.038190+00:00,2026-09-05
13642704,100000.0,11.51293546492023,Lexus,LX570,2018,8,,1,,1,SUV,Petrol,Automatic,White,used,1,Luxury,Phnom Penh,Tier_1,individual,0,0,2026-06-13 10:17:15,2026-09-03T09:13:29.654527+00:00,2026-09-03
13771195,11200.0,9.32375833901174,Lexus,RX300,2002,24,,1,,1,SUV,Petrol,Automatic,Gold,used,1,Luxury,Phnom Penh,Tier_1,store,0,0,2026-07-15 10:26:25,2026-09-06T07:12:55.040940+00:00,2026-09-06
13783205,6500.0,8.77971129020447,Lexus,RX300,1999,27,,1,,1,SUV,Petrol,Automatic,Gold,used,1,Luxury,Kampot,Tier_3,individual,0,0,2026-07-18 12:52:38,2026-09-04T07:22:14.631030+00:00,2026-09-04
13809982,18400.0,9.820160289946374,Lexus,RX330,2004,22,,1,,1,Hatchback,Petrol,Automatic,Grey,used,1,Luxury,Phnom Penh,Tier_1,store,0,0,2026-07-25 14:44:57,2026-09-06T07:12:21.185094+00:00,2026-09-06
13813883,13000.0,9.472781556562168,Lexus,LX570,2021,5,,1,,1,SUV,Petrol,Automatic,White,used,1,Luxury,Siem Reap,Tier_2,individual,0,0,2026-07-26 20:36:05,2026-09-05T07:00:17.945088+00:00,2026-09-05
13827156,98000.0,11.49273296168228,Lexus,LX570,2019,7,570,0,,1,SUV,Petrol,Automatic,White,used,1,Luxury,Phnom Penh,Tier_1,store,0,0,2026-07-30 08:57:30,2026-09-02T09:51:57.021710+00:00,2026-09-02
13834473,55000.0,10.915106645867503,Lexus,LX570,2013,13,,1,,1,SUV,Petrol,Automatic,White,used,1,Luxury,Phnom Penh,Tier_1,individual,0,0,2026-07-31 21:17:10,2026-09-03T09:12:33.739593+00:00,2026-09-03
13888270,42000.0,10.645448706505872,Lexus,LX570,2010,16,,1,,1,SUV,Petrol,Automatic,White,used,1,Luxury,Phnom Penh,Tier_1,individual,0,1,2026-08-15 08:32:07,2026-09-06T07:09:27.501982+00:00,2026-09-06
13912221,8950.0,9.099520536870939,Lexus,RX300,2001,25,,1,,1,SUV,Petrol,Automatic,Gold,used,1,Luxury,Kandal,Tier_2,individual,0,0,2026-08-21 14:49:25,2026-09-02T09:51:47.549444+00:00,2026-09-02
13939766,17990.0,9.79762691183662,Lexus,RX330,2004,22,,1,,1,SUV,Petrol,Automatic,Gold,used,1,Luxury,Phnom Penh,Tier_1,store,0,0,2026-08-28 16:02:25,2026-09-06T07:13:14.536744+00:00,2026-09-06
13953798,185000.0,12.128116509451258,Lexus,LX600,2023,3,,1,,1,SUV,Petrol,Automatic,Black,new,0,Luxury,Phnom Penh,Tier_1,individual,0,0,2026-09-01 13:38:35,2026-09-03T09:12:52.651139+00:00,2026-09-03
13955452,10800.0,9.287394001418473,Lexus,RX300,2001,25,,1,,1,SUV,Petrol,Automatic,White,used,1,Luxury,Phnom Penh,Tier_1,individual,0,0,2026-09-01 21:12:55,2026-09-03T07:17:47.802334+00:00,2026-09-03
13955525,7900.0,8.974744612722734,Lexus,RX300,1999,27,,1,,1,SUV,Petrol,Automatic,White,used,1,Luxury,Prey Veng,Tier_3,individual,0,0,2026-09-01 21:44:57,2026-09-04T07:18:37.310611+00:00,2026-09-04
13958417,22000.0,9.99884318585288,Lexus,LX600,2025,1,,1,3400,0,SUV,Hybrid,Automatic,Black,new,0,Luxury,Phnom Penh,Tier_1,individual,1,0,2026-09-02 14:48:10,2026-09-02T09:53:32.302002+00:00,2026-09-02
13958453,10500.0,9.259225769705994,Lexus,RX300,2002,24,,1,,1,SUV,Petrol,Automatic,White,used,1,Luxury,Phnom Penh,Tier_1,store,0,0,2026-09-02 14:54:41,2026-09-02T09:53:26.114048+00:00,2026-09-02
13958772,10000.0,9.210440366976517,Lexus,RX300,2001,25,,1,,1,SUV,Petrol,Automatic,Gold,used,1,Luxury,Phnom Penh,Tier_1,store,0,0,2026-09-02 15:55:43,2026-09-02T09:52:14.067589+00:00,2026-09-02
13962994,11500.0,9.350189267092581,Lexus,RX300,2003,23,154000,0,,1,SUV,Petrol,Automatic,White,used,1,Luxury,Phnom Penh,Tier_1,individual,0,0,2026-09-03 15:45:56,2026-09-04T07:20:15.220971+00:00,2026-09-04
13969901,7500.0,8.922791623969637,Lexus,RX300,1999,27,,1,,1,SUV,LPG,Automatic,Gold,used,1,Luxury,Phnom Penh,Tier_1,store,0,0,2026-09-05 12:25:27,2026-09-05T07:00:56.337208+00:00,2026-09-05
13255843,17800.0,9.787009914477434,Lexus,GX470,2004,22,,1,,1,SUV,Petrol,Automatic,White,used,1,Luxury,Kandal,Tier_2,store,1,0,2026-03-06 09:59:16,2026-09-02T09:53:40.529510+00:00,2026-09-02
13468190,145000.0,11.884495917930655,Lexus,RX500h,2025,1,,1,,1,SUV,Hybrid,Automatic,Black,new,0,Luxury,Phnom Penh,Tier_1,store,1,0,2026-05-02 11:43:13,2026-09-02T09:53:18.234860+00:00,2026-09-02
13484618,23900.0,10.081675578048475,Lexus,GX460,2010,16,,1,,1,SUV,Petrol,Automatic,Silver,used,1,Luxury,Phnom Penh,Tier_1,individual,0,0,2026-05-06 16:42:38,2026-09-05T06:58:01.893572+00:00,2026-09-05
13552351,19500.0,9.87822102528824,Lexus,RX400h,2006,20,,1,,1,SUV,Petrol,Automatic,Silver,used,1,Luxury,Phnom Penh,Tier_1,individual,0,0,2026-05-22 13:14:43,2026-09-04T07:18:19.299549+00:00,2026-09-04
13637918,298000.0,12.604852121186608,Lexus,LS,2024,2,,1,3500,0,Sedan,Petrol,Automatic,White,new,0,Luxury,Phnom Penh,Tier_1,store,0,0,2026-06-12 08:51:30,2026-09-02T09:52:51.182142+00:00,2026-09-02
13693760,15800.0,9.6678285081515,Lexus,CT,2012,14,,1,,1,Sedan,Hybrid,Automatic,Black,used,1,Luxury,Phnom Penh,Tier_1,individual,0,0,2026-06-25 15:15:13,2026-09-04T07:16:34.499108+00:00,2026-09-04
13780875,26900.0,10.199918739620157,Lexus,ES,2013,13,,1,,1,Sedan,Hybrid,Automatic,Grey,used,0,Luxury,Phnom Penh,Tier_1,store,0,0,2026-07-17 18:05:39,2026-09-05T07:03:06.540660+00:00,2026-09-05
13862425,32800.0,10.39821428171237,Lexus,NX200t,2015,11,,1,,1,SUV,Petrol,Automatic,Silver,used,1,Luxury,Phnom Penh,Tier_1,individual,1,0,2026-08-08 09:44:03,2026-09-03T07:14:53.555176+00:00,2026-09-03
13862697,14200.0,9.561067663645012,Lexus,GX470,2004,22,,1,,1,SUV,Petrol,Automatic,White,used,1,Luxury,Phnom Penh,Tier_1,individual,0,1,2026-08-08 10:40:25,2026-09-04T07:16:34.191263+00:00,2026-09-04
13863488,24800.0,10.118639253920785,Lexus,HS,2010,16,,1,,1,Sedan,Petrol,Automatic,White,used,0,Luxury,Phnom Penh,Tier_1,store,1,0,2026-08-08 13:27:12,2026-09-02T09:53:21.962892+00:00,2026-09-02
13870524,33999.0,10.4341158035983,Lexus,NX200t,2015,11,,1,,1,SUV,Petrol,Automatic,White,used,0,Luxury,Phnom Penh,Tier_1,store,1,0,2026-08-10 14:23:21,2026-09-03T07:17:32.865201+00:00,2026-09-03
13935491,178000.0,12.08954444723597,Lexus,LM,2024,2,,1,2500,0,MPV,Hybrid,Automatic,Black,used,1,Luxury,Phnom Penh,Tier_1,individual,1,0,2026-08-27 14:49:56,2026-09-03T09:13:48.487561+00:00,2026-09-03
13961960,11000.0,9.305741456739435,Lexus,IS,2008,18,,1,,1,Sedan,Petrol,Automatic,Silver,used,1,Luxury,Phnom Penh,Tier_1,individual,0,0,2026-09-03 12:42:27,2026-09-03T07:15:06.820922+00:00,2026-09-03
13963835,22900.0,10.038935856711177,Lexus,HS,2010,16,,1,,1,Sedan,Hybrid,Automatic,White,used,0,Luxury,Phnom Penh,Tier_1,store,0,0,2026-09-03 19:42:59,2026-09-05T07:00:57.823836+00:00,2026-09-05
13970117,81000.0,11.302216779257382,Lexus,NX350,2023,3,,1,,1,SUV,Petrol,Automatic,White,used,1,Luxury,Phnom Penh,Tier_1,store,1,0,2026-09-05 13:15:10,2026-09-05T06:59:01.860779+00:00,2026-09-05
13970415,24600.0,10.110542371500753,Lexus,IS,2016,10,100000,0,,1,Sedan,Petrol,Automatic,White,used,1,Luxury,Phnom Penh,Tier_1,individual,1,0,2026-09-05 14:34:00,2026-09-06T07:11:26.233811+00:00,2026-09-06
13951460,28500.0,10.25769445336048,Lexus,RX450h,2010,16,,1,,1,SUV,,Automatic,White,used,1,Luxury,Phnom Penh,Tier_1,store,0,0,2026-08-31 21:07:57,2026-09-02T09:51:33.173279+00:00,2026-09-02
13953312,8700.0,9.071193240566025,Lexus,RX300,2000,26,,1,,1,SUV,,Automatic,Black,used,1,Luxury,Phnom Penh,Tier_1,individual,0,0,2026-09-01 12:22:42,2026-09-03T09:13:46.547705+00:00,2026-09-03
13899859,32500.0,10.389026137075234,Lexus,NX200t,2015,11,,1,,1,SUV,,,Grey,used,1,Luxury,Phnom Penh,Tier_1,store,0,0,2026-08-18 10:37:42,2026-09-03T07:15:49.098632+00:00,2026-09-03
13908369,21750.0,9.987415012471414,Lexus,RX330,2006,20,,1,,1,SUV,,,White,used,1,Luxury,Phnom Penh,Tier_1,individual,0,0,2026-08-20 14:14:44,2026-09-03T09:12:34.577115+00:00,2026-09-03
13263857,33500.0,10.419330568113901,Lexus,NX200t,2015,11,,1,,1,SUV,,,Green,used,1,Luxury,Phnom Penh,Tier_1,store,1,0,2026-03-08 12:08:21,2026-09-04T07:17:04.248252+00:00,2026-09-04
13955258,19300.0,9.867912187022208,Lexus,HS,2010,16,,1,,1,,Hybrid,Automatic,Black,used,1,Luxury,Phnom Penh,Tier_1,store,0,0,2026-09-01 19:19:57,2026-09-04T07:16:19.678999+00:00,2026-09-04
13683062,36000.0,10.491301994830229,Lexus,NX200t,2016,10,112654,0,2000,0,SUV,Petrol,Automatic,,used,1,Luxury,Phnom Penh,Tier_1,store,1,0,2026-06-23 11:08:37,2026-09-05T07:02:25.772975+00:00,2026-09-05
13892150,12800.0,9.45727857185611,Lexus,RX300,2001,25,,1,,1,SUV,Petrol,,White,used,1,Luxury,Phnom Penh,Tier_1,store,0,0,2026-08-16 10:39:35,2026-09-04T07:18:06.392024+00:00,2026-09-04
13958591,19600.0,9.883335864325275,Lexus,RX330,2006,20,,1,,1,SUV,Petrol,,Gold,used,1,Luxury,Phnom Penh,Tier_1,store,0,0,2026-09-02 15:19:02,2026-09-02T09:52:53.254538+00:00,2026-09-02
13756004,13800.0,9.53249633228804,Lexus,GS,2006,20,,1,,1,Sedan,Petrol,,White,used,1,Luxury,Phnom Penh,Tier_1,individual,0,0,2026-07-11 10:58:21,2026-09-05T06:58:20.112506+00:00,2026-09-05
13973131,14600.0,9.588845298501564,Lexus,CT,2012,14,,1,,1,Hatchback,,Automatic,White,used,1,Luxury,Phnom Penh,Tier_1,individual,0,0,2026-09-06 11:40:50,2026-09-06T07:13:39.075561+00:00,2026-09-06
13889618,33800.0,10.428245666832275,Geely,ផ្សេងៗ,2026,0,1500,0,,1,SUV,Hybrid,Automatic,Black,new,0,Chinese_EV,Phnom Penh,Tier_1,store,0,0,2026-08-15 13:52:47,2026-09-04T07:22:13.856852+00:00,2026-09-04
13952585,20800.0,9.942756341456828,iCar,ផ្សេងៗ,2025,1,,1,0,0,SUV,Electric,Automatic,Black,new,0,Chinese_EV,Phnom Penh,Tier_1,store,0,0,2026-09-01 10:24:30,2026-09-06T07:12:51.997920+00:00,2026-09-06
13447155,20800.0,9.942756341456828,iCar,ផ្សេងៗ,2025,1,,1,0,0,SUV,Electric,Automatic,White,new,0,Chinese_EV,Phnom Penh,Tier_1,store,0,0,2026-04-27 09:31:53,2026-09-06T07:12:56.859256+00:00,2026-09-06
13803129,23800.0,10.077482875583607,iCar,ផ្សេងៗ,2025,1,,1,0,0,SUV,Electric,Automatic,White,used,0,Chinese_EV,Phnom Penh,Tier_1,store,0,1,2026-07-23 17:07:33,2026-09-05T06:58:08.183916+00:00,2026-09-05
13961971,24000.0,10.085850775128717,iCar,iCAR 03,2025,1,,1,0,0,SUV,Electric,Automatic,Orange,used,1,Chinese_EV,Phnom Penh,Tier_1,individual,0,0,2026-09-03 12:44:50,2026-09-03T07:15:04.409605+00:00,2026-09-03
13655251,21900.0,9.994287576862567,Isuzu,MU-X,2015,11,120000,0,,1,SUV,Diesel,Automatic,Black,used,1,Mass_Market,Phnom Penh,Tier_1,store,1,0,2026-06-16 13:16:01,2026-09-02T09:54:08.786983+00:00,2026-09-02
13927542,13000.0,9.472781556562168,Mercedes-Benz,S-Class,2008,18,60000,0,,1,Sedan,Petrol,Automatic,Black,used,1,Luxury,Phnom Penh,Tier_1,individual,1,0,2026-08-25 15:47:34,2026-09-05T06:59:21.372944+00:00,2026-09-05
13331006,33000.0,10.404293143019792,Mercedes-Benz,S400L,2015,11,,1,3000,0,SUV,Petrol,Automatic,Black,used,1,Luxury,Phnom Penh,Tier_1,store,1,0,2026-03-24 18:08:38,2026-09-06T07:12:58.289149+00:00,2026-09-06
13603036,89500.0,11.402005077384885,Mercedes-Benz,Maybach,2020,6,,1,,1,SUV,Petrol,Automatic,Black,used,1,Luxury,Phnom Penh,Tier_1,store,0,0,2026-06-03 16:56:33,2026-09-02T09:52:06.740971+00:00,2026-09-02
13607456,23800.0,10.077482875583607,Mercedes-Benz,CLA-45,2014,12,,1,,1,Sedan,Petrol,Automatic,Black,used,1,Luxury,Phnom Penh,Tier_1,store,0,0,2026-06-04 16:06:41,2026-09-02T09:53:34.745309+00:00,2026-09-02
13663783,26500.0,10.184937747111391,Mercedes-Benz,Maybach,2015,11,,1,,1,Sedan,Petrol,Automatic,Black,used,1,Luxury,Phnom Penh,Tier_1,individual,0,0,2026-06-18 13:25:14,2026-09-04T07:22:07.467422+00:00,2026-09-04
13701294,11500.0,9.350189267092581,Mercedes-Benz,ផ្សេងៗ,2003,23,,1,,1,Hatchback,Petrol,Automatic,Black,used,1,Luxury,Phnom Penh,Tier_1,individual,0,0,2026-06-27 12:14:22,2026-09-02T09:55:55.278192+00:00,2026-09-02
13877701,27500.0,10.221977646629885,Mercedes-Benz,S-Class,2014,12,,1,,1,Sedan,Petrol,Automatic,White,used,1,Luxury,Phnom Penh,Tier_1,store,0,0,2026-08-12 11:30:55,2026-09-02T09:53:10.548275+00:00,2026-09-02
13962008,100000.0,11.51293546492023,Mercedes-Benz,GT AMG,2020,6,40000,0,,1,Sedan,Petrol,Automatic,Blue,used,1,Luxury,Phnom Penh,Tier_1,store,0,0,2026-09-03 12:55:17,2026-09-03T07:14:46.302123+00:00,2026-09-03
13969776,79900.0,11.288543647320601,Mercedes-Benz,C-Class,2022,4,,1,,1,SUV,Petrol,Automatic,Black,used,1,Luxury,Phnom Penh,Tier_1,store,0,0,2026-09-05 11:48:52,2026-09-05T07:02:56.705684+00:00,2026-09-05
13849151,43500.0,10.680539205318292,Mercedes-Benz,GL350,2013,13,,1,,1,SUV,Diesel,,White,used,0,Luxury,Phnom Penh,Tier_1,store,0,0,2026-08-04 21:49:26,2026-09-04T07:22:31.284184+00:00,2026-09-04
13958585,24500.0,10.106469212026385,Mercedes-Benz,C-Class,2015,11,300,0,,1,Sedan,Petrol,,Black,used,1,Luxury,Phnom Penh,Tier_1,individual,0,0,2026-09-02 15:17:17,2026-09-02T09:52:54.478562+00:00,2026-09-02
13346880,65000.0,11.082157933374816,Porsche,718,2014,12,,1,,1,Sedan,Diesel,Manual,Grey,used,0,Luxury,Phnom Penh,Tier_1,store,0,0,2026-03-28 17:55:27,2026-09-02T09:53:15.623933+00:00,2026-09-02
13878942,68888.0,11.14025179258698,Porsche,Panamera,2017,9,,1,,1,Sedan,,Automatic,Grey,used,1,Luxury,Phnom Penh,Tier_1,store,0,0,2026-08-12 15:59:14,2026-09-05T06:59:52.970785+00:00,2026-09-05
13905679,59500.0,10.993748398115178,Jeep,Gladiator,2021,5,,1,,1,Pickup,Petrol,Automatic,Grey,used,1,Mass_Market,Phnom Penh,Tier_1,store,0,0,2026-08-19 18:34:33,2026-09-03T07:15:32.913442+00:00,2026-09-03
13886732,47800.0,10.774801838762809,Jeep,Wrangler,2020,6,,1,,1,SUV,Petrol,Automatic,Black,used,1,Mass_Market,Phnom Penh,Tier_1,store,0,0,2026-08-14 15:50:43,2026-09-02T09:53:27.662390+00:00,2026-09-02
13883246,49900.0,10.817796321618971,Jeep,Wrangler,2020,6,,1,,1,SUV,Petrol,,Grey,used,0,Mass_Market,Phnom Penh,Tier_1,store,0,0,2026-08-13 17:55:18,2026-09-05T06:59:32.122160+00:00,2026-09-05
13464654,20500.0,9.928228944424575,SsangYong,Rexton,2018,8,,1,,1,Pickup,Diesel,Automatic,Black,used,0,Other,Phnom Penh,Tier_1,store,1,0,2026-05-01 13:12:08,2026-09-06T07:09:37.640687+00:00,2026-09-06
13770004,20900.0,9.94755228369823,SsangYong,Rexton,2019,7,,1,,1,Pickup,Diesel,Automatic,Grey,used,0,Other,Phnom Penh,Tier_1,store,0,0,2026-07-14 21:00:20,2026-09-06T07:12:12.629051+00:00,2026-09-06
13969999,9200.0,9.127067452782361,SsangYong,Stavic,2018,8,,1,,1,SUV,Diesel,Automatic,Black,used,0,Other,Phnom Penh,Tier_1,store,0,0,2026-09-05 12:51:18,2026-09-05T06:59:47.883956+00:00,2026-09-05
13973425,18800.0,9.841665338892785,SsangYong,Rexton,2018,8,,1,,1,Pickup,Diesel,Automatic,Blue,used,0,Other,Phnom Penh,Tier_1,store,0,0,2026-09-06 12:47:46,2026-09-06T07:11:26.911011+00:00,2026-09-06
13850968,9700.0,9.179984251961283,SsangYong,ផ្សេងៗ,2001,25,,1,,1,,Diesel,Manual,White,used,1,Other,Phnom Penh,Tier_1,store,0,0,2026-08-05 12:18:39,2026-09-02T09:51:56.641313+00:00,2026-09-02
13950064,33500.0,10.419330568113901,SsangYong,Rexton,2024,2,,1,,1,,Diesel,Automatic,Grey,used,1,Other,Phnom Penh,Tier_1,individual,0,0,2026-08-31 13:49:14,2026-09-03T09:13:54.035998+00:00,2026-09-03
13953957,18800.0,9.841665338892785,SsangYong,Rexton,2018,8,,1,,1,,Diesel,Automatic,Black,used,0,Other,Phnom Penh,Tier_1,individual,1,0,2026-09-01 14:11:53,2026-09-03T09:12:21.996663+00:00,2026-09-03
13808939,19900.0,9.898525260706313,SsangYong,Rexton,2018,8,,1,,1,Pickup,Diesel,,White,used,0,Other,Phnom Penh,Tier_1,store,1,0,2026-07-25 11:01:03,2026-09-06T07:12:02.029563+00:00,2026-09-06
13393294,22400.0,10.016860879703811,Kia,Carnival,2018,8,80000,0,,1,MPV,Petrol,Automatic,White,used,1,Mass_Market,Phnom Penh,Tier_1,store,1,0,2026-04-09 15:35:43,2026-09-02T09:54:04.383674+00:00,2026-09-02
13450430,15800.0,9.6678285081515,Kia,Carnival,2016,10,,1,,1,SUV,Petrol,Automatic,Silver,used,1,Mass_Market,Phnom Penh,Tier_1,store,1,0,2026-04-27 22:33:42,2026-09-02T09:53:40.961820+00:00,2026-09-02
13933724,23500.0,10.064798252418377,Kia,Carnival,2021,5,,1,,1,MPV,Petrol,Automatic,White,used,1,Mass_Market,Svay Rieng,Tier_3,individual,0,0,2026-08-27 08:55:53,2026-09-02T09:54:08.514689+00:00,2026-09-02
13313949,9500.0,9.15915233520675,Kia,Picanto,2019,7,,1,,1,Hatchback,Petrol,Automatic,Red,used,1,Mass_Market,Phnom Penh,Tier_1,individual,0,0,2026-03-20 11:31:56,2026-09-03T09:12:58.847740+00:00,2026-09-03
13885723,8300.0,9.024131268455035,Kia,Ray,2014,12,,1,,1,MPV,Diesel,Automatic,Grey,used,1,Mass_Market,Phnom Penh,Tier_1,individual,1,1,2026-08-14 12:52:11,2026-09-06T07:12:58.711543+00:00,2026-09-06
13950211,17500.0,9.770013301136158,Kia,Carnival,2015,11,,1,,1,MPV,Diesel,Automatic,White,used,0,Mass_Market,Phnom Penh,Tier_1,individual,0,0,2026-08-31 14:16:49,2026-09-03T09:13:53.220119+00:00,2026-09-03
13961954,5100.0,8.537191877922927,Kia,Morning,2008,18,,1,,1,Sedan,Petrol,Automatic,White,used,1,Mass_Market,Phnom Penh,Tier_1,individual,0,0,2026-09-03 12:41:37,2026-09-03T07:15:07.866907+00:00,2026-09-03
13752421,17800.0,9.787009914477434,Kia,Ray,2023,3,,1,,1,,Petrol,Automatic,White,new,0,Mass_Market,Phnom Penh,Tier_1,store,0,0,2026-07-10 12:56:53,2026-09-06T07:09:27.394893+00:00,2026-09-06
13918757,8000.0,8.987321812850125,Kia,Ray,2012,14,,1,,1,,Petrol,Automatic,White,used,0,Mass_Market,Phnom Penh,Tier_1,store,0,0,2026-08-23 13:45:18,2026-09-06T07:09:41.625641+00:00,2026-09-06
13934490,36000.0,10.491301994830229,Maserati,Levante,2017,9,,1,3000,0,SUV,Diesel,Automatic,Black,used,1,Luxury,Phnom Penh,Tier_1,store,0,0,2026-08-27 11:33:12,2026-09-06T07:11:39.084034+00:00,2026-09-06
13854317,18500.0,9.825580063659602,Tesla,Model 3,2018,8,,1,0,0,Sedan,Electric,Automatic,Grey,used,0,Other,Phnom Penh,Tier_1,individual,0,0,2026-08-06 09:24:43,2026-09-02T09:55:04.081355+00:00,2026-09-02
13875700,17900.0,9.792611856190192,Tesla,Model 3,2018,8,,1,0,0,,Electric,Automatic,Black,used,0,Other,Phnom Penh,Tier_1,individual,0,0,2026-08-11 20:04:06,2026-09-03T07:15:13.738105+00:00,2026-09-03
13965988,3900.0,8.268988209506656,Honda,CR-V,1998,28,,1,,1,SUV,Petrol,Automatic,,used,1,Mass_Market,Takeo,Tier_3,individual,0,0,2026-09-04 12:05:14,2026-09-04T07:20:28.563828+00:00,2026-09-04
13648431,39900.0,10.594156665220533,Honda,Odyssey,2019,7,122310,0,,1,MPV,Petrol,Automatic,Black,used,1,Mass_Market,Phnom Penh,Tier_1,individual,0,0,2026-06-14 20:48:05,2026-09-03T07:17:16.718551+00:00,2026-09-03
13843582,3300.0,8.101980731853192,Honda,Civic,1997,29,,1,,1,Sedan,Petrol,Automatic,Green,used,1,Mass_Market,Phnom Penh,Tier_1,individual,0,0,2026-08-03 14:54:04,2026-09-04T07:21:54.121920+00:00,2026-09-04
13947740,3450.0,8.146419323098003,Honda,CR-V,1997,29,,1,,1,Sedan,Diesel,Automatic,Silver,used,1,Mass_Market,Phnom Penh,Tier_1,individual,0,0,2026-08-30 23:55:10,2026-09-05T07:01:34.506789+00:00,2026-09-05
13662201,21800.0,9.989711119284745,Mitsubishi,Xpander,2023,3,,1,,1,SUV,Petrol,Automatic,Black,used,1,Mass_Market,Phnom Penh,Tier_1,individual,0,0,2026-06-18 08:14:25,2026-09-06T07:14:22.069001+00:00,2026-09-06
13296286,49900.0,10.817796321618971,Ford,Ranger Raptor,2023,3,20000,0,,1,Pickup,Petrol,Automatic,Orange,used,1,Mass_Market,Phnom Penh,Tier_1,store,0,0,2026-03-16 14:43:05,2026-09-02T09:53:31.396486+00:00,2026-09-02
13804990,41900.0,10.643064971973882,Ford,Ranger Wildtrak,2024,2,,1,,1,Pickup,Diesel,Automatic,Grey,used,1,Mass_Market,Phnom Penh,Tier_1,store,0,0,2026-07-24 10:10:36,2026-09-06T07:12:10.170355+00:00,2026-09-06
13811167,17500.0,9.770013301136158,Ford,Mustang,2015,11,,1,0,0,Coupe,Electric,Automatic,White,used,0,Mass_Market,Phnom Penh,Tier_1,store,0,0,2026-07-25 22:18:55,2026-09-02T09:52:10.140111+00:00,2026-09-02
13843977,24900.0,10.122663242288953,Ford,Territory,2022,4,,1,,1,Hatchback,Petrol,Automatic,White,used,1,Mass_Market,Phnom Penh,Tier_1,store,1,0,2026-08-03 15:58:31,2026-09-04T07:19:24.861621+00:00,2026-09-04
13866397,45500.0,10.725489582719506,Ford,F-150,2018,8,,1,,1,Pickup,Petrol,Automatic,White,used,1,Mass_Market,Phnom Penh,Tier_1,store,0,0,2026-08-09 12:48:17,2026-09-04T07:17:11.934330+00:00,2026-09-04
13899460,36500.0,10.505094936455558,Ford,Ranger Wildtrak,2021,5,50000,0,2000,0,Pickup,Diesel,Automatic,White,used,1,Mass_Market,Phnom Penh,Tier_1,store,0,0,2026-08-18 09:34:30,2026-09-02T09:54:36.879013+00:00,2026-09-02
13919031,27000.0,10.203629181337648,Ford,Ranger Wildtrak,2019,7,,1,,1,Pickup,Diesel,Automatic,Orange,used,1,Mass_Market,Phnom Penh,Tier_1,store,0,0,2026-08-23 14:57:37,2026-09-02T09:55:26.013155+00:00,2026-09-02
13938880,38500.0,10.55843949396453,Ford,Ranger Raptor,2020,6,,1,,1,Pickup,Diesel,Automatic,White,used,1,Mass_Market,Phnom Penh,Tier_1,store,0,0,2026-08-28 13:17:53,2026-09-05T07:04:17.991078+00:00,2026-09-05
13941689,46500.0,10.747229096720554,Ford,Ranger Raptor,2023,3,,1,,1,Pickup,Petrol,Automatic,Grey,used,1,Mass_Market,Kandal,Tier_2,individual,0,0,2026-08-29 09:49:47,2026-09-02T09:54:40.028894+00:00,2026-09-02
13954119,27500.0,10.221977646629885,Ford,Ranger Wildtrak,2019,7,,1,,1,Pickup,Diesel,Automatic,White,used,1,Mass_Market,Siem Reap,Tier_2,individual,0,0,2026-09-01 14:37:12,2026-09-03T09:12:29.492720+00:00,2026-09-03
13973776,48900.0,10.797553125151618,Ford,Ranger Raptor,2023,3,70000,0,,1,Pickup,Petrol,Automatic,Orange,used,1,Mass_Market,Phnom Penh,Tier_1,store,0,0,2026-09-06 13:56:30,2026-09-06T07:09:45.378085+00:00,2026-09-06
13952715,13500.0,9.510519035757246,Ford,Ecosport,2019,7,,1,,1,SUV,Petrol,Automatic,Grey,used,1,Mass_Market,Phnom Penh,Tier_1,store,0,0,2026-09-01 10:45:32,2026-09-06T07:11:31.496867+00:00,2026-09-06
13965946,16300.0,9.69898173460629,Ford,Ecosport,2022,4,,1,,1,SUV,Petrol,Automatic,White,used,1,Mass_Market,Phnom Penh,Tier_1,individual,0,0,2026-09-04 11:55:19,2026-09-04T07:21:19.638569+00:00,2026-09-04
13277141,23900.0,10.081675578048475,Ford,Territory,2022,4,,1,,1,SUV,Petrol,Automatic,Red,used,1,Mass_Market,Phnom Penh,Tier_1,store,0,0,2026-03-11 15:48:10,2026-09-02T09:53:31.701391+00:00,2026-09-02
13965974,23900.0,10.081675578048475,Ford,Territory,2021,5,30000,0,,1,SUV,Petrol,Automatic,White,used,1,Mass_Market,Phnom Penh,Tier_1,store,1,0,2026-09-04 12:02:31,2026-09-04T07:20:31.552626+00:00,2026-09-04
13947764,55500.0,10.92415631759022,Ford,Ranger Raptor,2023,3,,1,,1,Pickup,Petrol,Automatic,,used,1,Mass_Market,Phnom Penh,Tier_1,store,0,0,2026-08-31 00:24:05,2026-09-02T09:54:25.318341+00:00,2026-09-02
13953980,42000.0,10.645448706505872,Ford,Ranger Raptor,2023,3,,1,,1,Pickup,Petrol,Automatic,White,used,1,Mass_Market,Phnom Penh,Tier_1,individual,0,0,2026-09-01 14:15:00,2026-09-03T09:12:01.144618+00:00,2026-09-03
13945194,14500.0,9.581972891547895,Ford,ផ្សេងៗ,2014,12,,1,,1,,Petrol,Automatic,,used,1,Mass_Market,Prey Veng,Tier_3,individual,0,0,2026-08-30 09:37:02,2026-09-05T07:04:09.844910+00:00,2026-09-05
13885646,28500.0,10.25769445336048,BMW,4 Series,2015,11,,1,,1,Convertible,Petrol,,White,used,1,Luxury,Phnom Penh,Tier_1,store,0,0,2026-08-14 12:34:12,2026-09-05T06:58:48.414141+00:00,2026-09-05
13938569,48800.0,10.795506083434564,BMW,M4,2015,11,,1,,1,Sedan,Petrol,,Black,used,0,Luxury,Phnom Penh,Tier_1,individual,1,0,2026-08-28 12:19:25,2026-09-03T09:13:49.335379+00:00,2026-09-03
13761982,52000.0,10.859018228147887,BMW,M4,2015,11,,1,,1,Coupe,Petrol,Automatic,White,used,0,Luxury,Phnom Penh,Tier_1,store,0,0,2026-07-13 00:50:22,2026-09-06T07:11:08.070267+00:00,2026-09-06
13769591,36500.0,10.505094936455558,Land Rover,Range Rover,2016,10,,1,,1,SUV,Diesel,,Black,used,1,Luxury,Phnom Penh,Tier_1,store,1,0,2026-07-14 18:01:39,2026-09-06T07:12:06.598108+00:00,2026-09-06
13840319,16500.0,9.711176264112805,Land Rover,Range Rover,2013,13,,1,,1,SUV,Diesel,Automatic,Green,used,1,Luxury,Phnom Penh,Tier_1,individual,0,0,2026-08-02 17:52:55,2026-09-03T09:13:28.374972+00:00,2026-09-03
13837171,25500.0,10.146472946063877,ផ្សេងៗ,,2026,0,,1,,1,SUV,Hybrid,,White,used,1,Other,Phnom Penh,Tier_1,individual,0,0,2026-08-01 19:20:43,2026-09-03T09:12:27.533632+00:00,2026-09-03
13786850,49000.0,10.799595985047786,AVATR,AVATR 11,2025,1,160000,0,0,0,SUV,Electric,Automatic,White,new,0,Chinese_EV,Phnom Penh,Tier_1,store,0,0,2026-07-19 14:02:23,2026-09-06T07:12:28.151465+00:00,2026-09-06
13945254,55000.0,10.915106645867503,AVATR,AVATR 12,2025,1,60000,0,0,0,Sedan,Electric,Automatic,Black,new,0,Chinese_EV,Phnom Penh,Tier_1,store,0,0,2026-08-30 09:54:39,2026-09-02T09:51:48.603528+00:00,2026-09-02
13922567,37200.0,10.524090921620362,AVATR,AVATR 07,2026,0,,1,0,0,SUV,Electric,Automatic,Black,new,0,Chinese_EV,Phnom Penh,Tier_1,store,0,0,2026-08-24 14:03:50,2026-09-02T09:55:41.620642+00:00,2026-09-02
13941832,42500.0,10.657282884047461,AVATR,AVATR 12,2025,1,8000,0,0,0,Sedan,Electric,Automatic,White,used,1,Chinese_EV,Phnom Penh,Tier_1,store,0,0,2026-08-29 10:05:25,2026-09-03T07:18:08.645425+00:00,2026-09-03
13305466,74000.0,11.211833885608513,Cadillac,Escalade,2019,7,30000,0,,1,SUV,Petrol,Automatic,Black,used,1,Luxury,Phnom Penh,Tier_1,individual,0,0,2026-03-18 13:48:28,2026-09-04T07:19:37.794518+00:00,2026-09-04
13878263,32900.0,10.401258331428318,Mazda,EZ-60,2025,1,,1,0,0,SUV,Electric,Automatic,,used,0,Mass_Market,Phnom Penh,Tier_1,store,0,0,2026-08-12 13:25:48,2026-09-06T07:10:44.529222+00:00,2026-09-06
13897786,31800.0,10.367253014814716,Mazda,EZ-60,2025,1,,1,0,0,SUV,Electric,Automatic,,used,1,Mass_Market,Phnom Penh,Tier_1,store,0,0,2026-08-17 17:27:53,2026-09-05T07:00:19.350751+00:00,2026-09-05
13829085,24500.0,10.106469212026385,Mazda,Mazda6,2020,6,,1,,1,,,,White,used,0,Mass_Market,Phnom Penh,Tier_1,individual,1,0,2026-07-30 14:12:05,2026-09-02T09:52:56.758054+00:00,2026-09-02
13961997,30050.0,10.310651217279874,Mazda,BT-50,2021,5,,1,,1,Pickup,Diesel,,White,used,1,Mass_Market,Phnom Penh,Tier_1,individual,0,0,2026-09-03 12:52:14,2026-09-03T07:14:52.975473+00:00,2026-09-03
13966225,32900.0,10.401258331428318,Mazda,EZ-60,2025,1,5000,0,,1,SUV,,Automatic,White,new,1,Mass_Market,Phnom Penh,Tier_1,individual,0,0,2026-09-04 12:50:49,2026-09-04T07:18:34.987671+00:00,2026-09-04
13590927,31300.0,10.351405324899678,Mazda,BT-50,2021,5,,1,3200,0,Pickup,Diesel,Automatic,White,used,1,Mass_Market,Phnom Penh,Tier_1,individual,1,0,2026-05-31 22:06:06,2026-09-03T09:12:58.924968+00:00,2026-09-03
13940684,18500.0,9.825580063659602,Mazda,BT50 Pro,2015,11,,1,,1,Pickup,Diesel,Automatic,White,used,1,Mass_Market,Phnom Penh,Tier_1,individual,0,0,2026-08-28 22:12:19,2026-09-05T07:00:32.789393+00:00,2026-09-05
13709738,78000.0,11.264476926102367,Nissan,Patrol,2022,4,,1,,1,SUV,Petrol,Automatic,Black,used,1,Mass_Market,Phnom Penh,Tier_1,store,1,0,2026-06-29 17:53:53,2026-09-04T07:19:21.462391+00:00,2026-09-04
13942873,18900.0,9.846970109700957,Nissan,ផ្សេងៗ,2009,17,,1,,1,Pickup,Diesel,Automatic,Silver,used,0,Mass_Market,Phnom Penh,Tier_1,store,0,0,2026-08-29 13:51:51,2026-09-02T09:55:36.911557+00:00,2026-09-02
13958007,9700.0,9.179984251961283,Nissan,Frontier,2007,19,,1,,1,Pickup,LPG,Automatic,White,used,1,Mass_Market,Phnom Penh,Tier_1,individual,0,0,2026-09-02 13:49:43,2026-09-02T09:54:48.402585+00:00,2026-09-02
13958638,48000.0,10.778977123006351,Bentley,Flying Spur,2015,11,,1,,1,Sedan,Petrol,Automatic,Blue,used,1,Luxury,Phnom Penh,Tier_1,store,0,0,2026-09-02 15:26:41,2026-09-02T09:52:42.221440+00:00,2026-09-02
13291003,18500.0,9.825580063659602,Toyota,Prius,2012,14,,1,,1,Hatchback,Hybrid,Automatic,Blue,used,0,Mass_Market,Phnom Penh,Tier_1,store,0,0,2026-03-15 10:04:24,2026-09-04T07:17:20.157346+00:00,2026-09-04
13357980,19000.0,9.852246888342531,Toyota,Prius,2013,13,,1,,1,Hatchback,Hybrid,Automatic,White,used,1,Mass_Market,Phnom Penh,Tier_1,individual,0,0,2026-03-31 20:03:28,2026-09-06T07:11:51.307537+00:00,2026-09-06
13502081,16200.0,9.692828247710418,Toyota,Prius,2012,14,,1,,1,Hatchback,Hybrid,Automatic,White,used,1,Mass_Market,Phnom Penh,Tier_1,individual,0,0,2026-05-11 09:51:29,2026-09-03T09:14:06.371045+00:00,2026-09-03
13530820,16990.0,9.740439071085758,Toyota,Highlander,2003,23,,1,,1,SUV,Petrol,Automatic,White,used,1,Mass_Market,Phnom Penh,Tier_1,store,0,0,2026-05-18 08:11:41,2026-09-06T07:13:15.514692+00:00,2026-09-06
13547605,18200.0,9.809231816610408,Toyota,Prius,2013,13,,1,,1,Hatchback,Hybrid,Automatic,Grey,used,0,Mass_Market,Phnom Penh,Tier_1,store,1,0,2026-05-21 12:37:21,2026-09-04T07:20:20.099924+00:00,2026-09-04
13597246,10700.0,9.278092474027002,Toyota,Prius,2008,18,,1,,1,Sedan,Petrol,Automatic,Gold,used,1,Mass_Market,Phnom Penh,Tier_1,individual,0,0,2026-06-02 12:23:00,2026-09-02T09:55:47.284802+00:00,2026-09-02
13649430,7900.0,8.974744612722734,Toyota,Prius,2004,22,,1,,1,Sedan,Hybrid,Automatic,Grey,used,1,Mass_Market,Phnom Penh,Tier_1,individual,0,0,2026-06-15 09:16:18,2026-09-06T07:11:56.193157+00:00,2026-09-06
13671742,13900.0,9.539716058977092,Toyota,Land Cruiser,2000,26,,1,,1,SUV,Diesel,Automatic,Green,used,1,Mass_Market,Phnom Penh,Tier_1,individual,0,0,2026-06-20 13:17:29,2026-09-03T09:13:44.908493+00:00,2026-09-03
13673056,13500.0,9.510519035757246,Toyota,Tacoma,2006,20,,1,,1,Pickup,LPG,Automatic,Silver,used,1,Mass_Market,Kampong Thom,Tier_3,individual,0,0,2026-06-20 18:41:51,2026-09-06T07:10:00.572478+00:00,2026-09-06
13718359,10900.0,9.296609807128359,Toyota,Prius,2009,17,,1,,1,Sedan,Hybrid,Automatic,Silver,used,0,Mass_Market,Phnom Penh,Tier_1,individual,0,0,2026-07-01 22:22:05,2026-09-04T07:18:26.335607+00:00,2026-09-04
13721247,35500.0,10.477316144080852,Toyota,Prius,2023,3,,1,,1,Coupe,Hybrid,Automatic,Black,used,0,Mass_Market,Phnom Penh,Tier_1,store,0,0,2026-07-02 15:13:04,2026-09-06T07:14:10.810562+00:00,2026-09-06
13724303,36900.0,10.515993929932415,Toyota,Yaris Cross,2026,0,100000,0,,1,SUV,Hybrid,Automatic,White,new,0,Mass_Market,Phnom Penh,Tier_1,store,0,0,2026-07-03 12:00:49,2026-09-06T07:10:41.225835+00:00,2026-09-06
13724309,47900.0,10.776891660007811,Toyota,Corolla,2026,0,100000,0,,1,SUV,Petrol,Automatic,White,new,0,Mass_Market,Phnom Penh,Tier_1,store,0,0,2026-07-03 12:01:24,2026-09-06T07:10:32.065567+00:00,2026-09-06
13736132,51100.0,10.841559345471941,Toyota,Hilux,2027,0,100000,0,2800,0,Pickup,Diesel,Automatic,Silver,new,0,Mass_Market,Phnom Penh,Tier_1,store,0,0,2026-07-06 15:05:08,2026-09-06T07:12:28.732312+00:00,2026-09-06
13742017,33300.0,10.413342705547674,Toyota,Hilux Revo,2017,9,,1,,1,Pickup,Diesel,Automatic,White,used,1,Mass_Market,Phnom Penh,Tier_1,store,0,0,2026-07-08 00:02:45,2026-09-04T07:16:27.886732+00:00,2026-09-04
13757980,10100.0,9.220389707829185,Toyota,Prius,2006,20,,1,,1,Sedan,Petrol,Automatic,Gold,used,1,Mass_Market,Phnom Penh,Tier_1,individual,0,0,2026-07-11 19:10:04,2026-09-02T09:54:03.295049+00:00,2026-09-02
13766970,12800.0,9.45727857185611,Toyota,Camry,2007,19,,1,,1,Sedan,Hybrid,Automatic,Blue,used,1,Mass_Market,Kampot,Tier_3,store,0,0,2026-07-14 09:45:16,2026-09-03T07:13:17.162259+00:00,2026-09-03
13775490,33000.0,10.404293143019792,Toyota,Hilux Revo,2020,6,,1,,1,Pickup,Diesel,Automatic,Black,used,1,Mass_Market,Phnom Penh,Tier_1,individual,0,0,2026-07-16 11:27:18,2026-09-03T09:14:13.024619+00:00,2026-09-03
13784143,17300.0,9.758519582283522,Toyota,Prius,2010,16,,1,,1,Hatchback,Hybrid,Automatic,White,used,0,Mass_Market,Phnom Penh,Tier_1,store,1,0,2026-07-18 16:25:07,2026-09-04T07:20:20.420656+00:00,2026-09-04
13787179,21000.0,9.952325334619427,Toyota,Camry,2014,12,,1,,1,Sedan,Petrol,Automatic,Silver,used,1,Mass_Market,Phnom Penh,Tier_1,store,0,0,2026-07-19 15:31:00,2026-09-02T09:51:37.428576+00:00,2026-09-02
13812262,26000.0,10.165890277802454,Toyota,Hilux Revo,2016,10,,1,,1,Pickup,Diesel,Automatic,Black,used,1,Mass_Market,Phnom Penh,Tier_1,store,0,0,2026-07-26 11:40:42,2026-09-04T07:21:14.179820+00:00,2026-09-04
13836651,34500.0,10.448743588106625,Toyota,Fortuner,2017,9,,1,3000,0,SUV,Diesel,Automatic,White,used,1,Mass_Market,Phnom Penh,Tier_1,store,0,0,2026-08-01 15:54:35,2026-09-06T07:12:02.828191+00:00,2026-09-06
13838348,21900.0,9.994287576862567,Toyota,Alphard,2012,14,,1,,1,MPV,Hybrid,Automatic,White,used,1,Mass_Market,Phnom Penh,Tier_1,individual,0,0,2026-08-02 09:45:29,2026-09-06T07:14:21.935982+00:00,2026-09-06
13856426,11700.0,9.367429587218957,Toyota,Highlander,2001,25,,1,,1,SUV,Petrol,Automatic,Silver,used,1,Mass_Market,Phnom Penh,Tier_1,store,0,0,2026-08-06 16:26:34,2026-09-03T07:15:34.895527+00:00,2026-09-03
13856952,22300.0,10.012386799492118,Toyota,Raize,2026,0,100000,0,1000,0,SUV,Petrol,Automatic,Red,new,0,Mass_Market,Phnom Penh,Tier_1,store,0,0,2026-08-06 19:25:44,2026-09-02T09:53:44.825783+00:00,2026-09-02
13857116,3050.0,8.02322468471667,Toyota,Alphard,2016,10,,1,2400,0,MPV,Petrol,Automatic,White,used,1,Mass_Market,Phnom Penh,Tier_1,individual,0,0,2026-08-06 20:37:21,2026-09-02T09:53:03.861538+00:00,2026-09-02
13878243,13800.0,9.53249633228804,Toyota,Prius,2010,16,,1,,1,Hatchback,Hybrid,Automatic,Blue,used,1,Mass_Market,Kampot,Tier_3,store,0,0,2026-08-12 13:20:29,2026-09-03T07:13:17.663654+00:00,2026-09-03
13879066,9300.0,9.137877200242468,Toyota,Prius,2005,21,,1,,1,Sedan,Hybrid,Automatic,White,used,1,Mass_Market,Siem Reap,Tier_2,store,0,0,2026-08-12 16:29:31,2026-09-05T07:03:39.245462+00:00,2026-09-05
13884152,13000.0,9.472781556562168,Toyota,Highlander,2003,23,,1,,1,SUV,Petrol,Automatic,Grey,used,1,Mass_Market,Phnom Penh,Tier_1,store,0,0,2026-08-14 08:09:18,2026-09-04T07:21:18.075665+00:00,2026-09-04
13887823,17900.0,9.792611856190192,Toyota,Prius,2013,13,,1,,1,Hatchback,Hybrid,Automatic,White,used,0,Mass_Market,Phnom Penh,Tier_1,individual,0,0,2026-08-14 22:47:15,2026-09-03T09:12:29.309952+00:00,2026-09-03
13889342,25500.0,10.146472946063877,Toyota,Prius,2017,9,160000,0,,1,Hatchback,Hybrid,Automatic,White,used,0,Mass_Market,Phnom Penh,Tier_1,individual,0,0,2026-08-15 12:42:02,2026-09-05T07:00:49.859210+00:00,2026-09-05
13891708,7350.0,8.902591637374087,Toyota,Prius,2004,22,,1,,1,SUV,Hybrid,Automatic,Gold,used,1,Mass_Market,Kampot,Tier_3,individual,0,0,2026-08-16 08:55:42,2026-09-03T07:16:14.536335+00:00,2026-09-03
13898523,8900.0,9.093918908958932,Toyota,Tacoma,2001,25,,1,,1,Pickup,Petrol,Automatic,Silver,used,1,Mass_Market,Phnom Penh,Tier_1,store,0,0,2026-08-17 22:39:37,2026-09-03T07:13:39.245178+00:00,2026-09-03
13902117,13300.0,9.495594499353297,Toyota,Prius,2010,16,,1,,1,Sedan,Hybrid,Automatic,Gold,used,1,Mass_Market,Phnom Penh,Tier_1,individual,0,0,2026-08-18 18:57:44,2026-09-03T07:13:37.266515+00:00,2026-09-03
13907291,10500.0,9.259225769705994,Toyota,RAV4,2001,25,,1,,1,SUV,Petrol,Automatic,Silver,used,1,Mass_Market,Phnom Penh,Tier_1,individual,0,0,2026-08-20 10:40:46,2026-09-03T09:13:19.646090+00:00,2026-09-03
13910559,31500.0,10.357774570341576,Toyota,Alphard,2015,11,,1,,1,MPV,Hybrid,Automatic,White,used,1,Mass_Market,Phnom Penh,Tier_1,store,0,0,2026-08-21 09:18:42,2026-09-02T09:55:46.149620+00:00,2026-09-02
13912363,25700.0,10.154285180632154,Toyota,Camry,2012,14,,1,,1,Sedan,Hybrid,Automatic,White,used,0,Mass_Market,Phnom Penh,Tier_1,store,1,0,2026-08-21 15:21:00,2026-09-02T09:53:14.180205+00:00,2026-09-02
13913951,18800.0,9.841665338892785,Toyota,Prius,2014,12,,1,,1,Sedan,Hybrid,Automatic,White,used,1,Mass_Market,Phnom Penh,Tier_1,individual,1,0,2026-08-22 09:03:08,2026-09-05T07:04:01.791413+00:00,2026-09-05
13926523,9300.0,9.137877200242468,Toyota,Prius,2007,19,,1,,1,Sedan,Hybrid,Automatic,Green,used,1,Mass_Market,Preah Sihanouk,Tier_2,individual,0,0,2026-08-25 13:16:15,2026-09-04T07:17:07.420541+00:00,2026-09-04
13926995,21000.0,9.952325334619427,Toyota,Tundra,2011,15,,1,,1,Pickup,Petrol,Automatic,Black,used,1,Mass_Market,Phnom Penh,Tier_1,store,0,0,2026-08-25 14:19:20,2026-09-02T09:55:25.799240+00:00,2026-09-02
13937186,28500.0,10.25769445336048,Toyota,Land Cruiser,2008,18,20000,0,,1,SUV,Petrol,Automatic,White,used,1,Mass_Market,Phnom Penh,Tier_1,store,1,0,2026-08-28 04:41:19,2026-09-06T07:09:26.313665+00:00,2026-09-06
13940227,9500.0,9.15915233520675,Toyota,Prius,2007,19,,1,,1,Sedan,Petrol,Automatic,White,used,1,Mass_Market,Kandal,Tier_2,individual,0,0,2026-08-28 18:54:13,2026-09-02T09:51:46.529025+00:00,2026-09-02
13942566,17300.0,9.758519582283522,Toyota,Prius,2012,14,,1,,1,Sedan,Hybrid,Automatic,White,used,0,Mass_Market,Phnom Penh,Tier_1,store,1,0,2026-08-29 12:41:54,2026-09-02T09:52:42.716573+00:00,2026-09-02
13946609,32000.0,10.373522431293592,Toyota,Corolla,2023,3,,1,,1,SUV,Petrol,Automatic,White,used,1,Mass_Market,Phnom Penh,Tier_1,individual,0,1,2026-08-30 15:28:21,2026-09-03T07:13:35.924807+00:00,2026-09-03
13946989,8950.0,9.099520536870939,Toyota,Prius,2005,21,,1,,1,SUV,Hybrid,Automatic,White,used,1,Mass_Market,Phnom Penh,Tier_1,store,0,0,2026-08-30 17:26:53,2026-09-06T07:12:47.377617+00:00,2026-09-06
13948329,14500.0,9.581972891547895,Toyota,Highlander,2003,23,,1,,1,SUV,Petrol,Automatic,Gold,used,1,Mass_Market,Kampong Cham,Tier_2,individual,0,0,2026-08-31 08:31:07,2026-09-06T07:13:22.634783+00:00,2026-09-06
13951335,15000.0,9.61587214452889,Toyota,Prius,2010,16,,1,,1,Sedan,Hybrid,Automatic,Grey,used,1,Mass_Market,Phnom Penh,Tier_1,store,1,0,2026-08-31 20:04:34,2026-09-05T07:04:17.457962+00:00,2026-09-05
13952580,15200.0,9.62911649414402,Toyota,Highlander,2003,23,,1,,1,SUV,Petrol,Automatic,Gold,used,1,Mass_Market,Phnom Penh,Tier_1,individual,0,0,2026-09-01 10:22:50,2026-09-06T07:14:15.126579+00:00,2026-09-06
13958315,18800.0,9.841665338892785,Toyota,Highlander,2008,18,,1,,1,SUV,Hybrid,Automatic,White,used,1,Mass_Market,Phnom Penh,Tier_1,store,0,0,2026-09-02 14:34:35,2026-09-02T09:53:40.511706+00:00,2026-09-02
13958748,32000.0,10.373522431293592,Toyota,Land Cruiser,2010,16,,1,,1,SUV,Diesel,Automatic,Gold,used,1,Mass_Market,Phnom Penh,Tier_1,individual,0,0,2026-09-02 15:51:48,2026-09-05T07:00:25.639561+00:00,2026-09-05
13959385,10500.0,9.259225769705994,Toyota,Tacoma,2002,24,,1,,1,Pickup,Petrol,Automatic,Silver,used,1,Mass_Market,Phnom Penh,Tier_1,store,0,0,2026-09-02 18:32:32,2026-09-03T07:13:39.617320+00:00,2026-09-03
13959551,21900.0,9.994287576862567,Toyota,Highlander,2009,17,,1,,1,SUV,Diesel,Automatic,White,used,1,Mass_Market,Phnom Penh,Tier_1,individual,0,0,2026-09-02 19:36:31,2026-09-05T07:03:42.167073+00:00,2026-09-05
13961507,11350.0,9.337061124755339,Toyota,Highlander,2002,24,,1,,1,SUV,Petrol,Automatic,Red,used,1,Mass_Market,Phnom Penh,Tier_1,store,0,0,2026-09-03 11:22:10,2026-09-03T07:18:30.172627+00:00,2026-09-03
13961690,24900.0,10.122663242288953,Toyota,Prius,2017,9,,1,,1,Hatchback,Hybrid,Automatic,Silver,used,0,Mass_Market,Phnom Penh,Tier_1,store,1,0,2026-09-03 11:52:13,2026-09-03T07:16:58.554822+00:00,2026-09-03
13961921,15500.0,9.648659816955295,Toyota,Prius,2012,14,,1,,1,Sedan,Hybrid,Automatic,Green,used,1,Mass_Market,Phnom Penh,Tier_1,store,0,0,2026-09-03 12:35:06,2026-09-03T07:15:27.219357+00:00,2026-09-03
13961951,18500.0,9.825580063659602,Toyota,Prius,2012,14,,1,,1,Sedan,Hybrid,Automatic,White,used,0,Mass_Market,Phnom Penh,Tier_1,individual,1,0,2026-09-03 12:40:53,2026-09-03T07:15:14.445717+00:00,2026-09-03
13962312,17300.0,9.758519582283522,Toyota,Prius,2013,13,,1,,1,Hatchback,Hybrid,Automatic,Grey,used,0,Mass_Market,Phnom Penh,Tier_1,store,0,0,2026-09-03 13:57:15,2026-09-03T07:12:59.465680+00:00,2026-09-03
13962364,13899.0,9.539644119118783,Toyota,Hilux Vigo,2005,21,,1,,1,Pickup,Diesel,Manual,Green,used,1,Mass_Market,Phnom Penh,Tier_1,store,0,0,2026-09-03 14:05:07,2026-09-03T07:12:50.675451+00:00,2026-09-03
13965582,31500.0,10.357774570341576,Toyota,Hilux Revo,2020,6,,1,,1,Pickup,Diesel,Automatic,Black,used,1,Mass_Market,Phnom Penh,Tier_1,store,0,0,2026-09-04 10:54:47,2026-09-06T07:11:53.276639+00:00,2026-09-06
13969303,12000.0,9.392745258631441,Toyota,Prius,2009,17,,1,,1,Sedan,Hybrid,Automatic,Gold,used,1,Mass_Market,Siem Reap,Tier_2,individual,0,0,2026-09-05 10:20:59,2026-09-06T07:09:22.353424+00:00,2026-09-06
13969770,65000.0,11.082157933374816,Toyota,Land Cruiser,2016,10,,1,,1,SUV,Diesel,Automatic,White,used,1,Mass_Market,Phnom Penh,Tier_1,store,0,0,2026-09-05 11:47:59,2026-09-05T07:03:00.311437+00:00,2026-09-05
13973235,19305.0,9.86817120740856,Toyota,Prius,2014,12,,1,,1,Hatchback,Hybrid,Automatic,White,used,0,Mass_Market,Phnom Penh,Tier_1,store,0,0,2026-09-06 12:02:00,2026-09-06T07:12:29.473810+00:00,2026-09-06
13973536,15500.0,9.648659816955295,Toyota,Highlander,2004,22,,1,,1,SUV,Petrol,Automatic,Silver,used,1,Mass_Market,Phnom Penh,Tier_1,store,0,0,2026-09-06 13:16:02,2026-09-06T07:10:47.971266+00:00,2026-09-06
13973582,8400.0,9.036106025364846,Toyota,Camry,2003,23,,1,,1,Sedan,Petrol,Automatic,Gold,used,1,Mass_Market,Siem Reap,Tier_2,individual,0,0,2026-09-06 13:18:33,2026-09-06T07:10:32.932999+00:00,2026-09-06
13270627,35800.0,10.485731104959568,Toyota,BZ3X,2025,1,,1,0,0,SUV,Electric,Automatic,White,new,0,Mass_Market,Phnom Penh,Tier_1,store,0,0,2026-03-10 10:01:22,2026-09-06T07:12:41.494351+00:00,2026-09-06
13474316,28400.0,10.254179634797001,Toyota,Veloz,2026,0,100000,0,,1,MPV,Petrol,Automatic,White,new,0,Mass_Market,Phnom Penh,Tier_1,store,0,0,2026-05-04 09:44:27,2026-09-05T07:01:06.635878+00:00,2026-09-05
13763931,45000.0,10.714439990727769,Toyota,Hilux Rally,2026,0,,1,,1,MPV,Diesel,Automatic,White,used,0,Mass_Market,Phnom Penh,Tier_1,individual,0,0,2026-07-13 13:47:25,2026-09-06T07:13:40.579858+00:00,2026-09-06
13847177,15900.0,9.674137279312397,Toyota,Wigo,2026,0,100000,0,1000,0,Hatchback,Petrol,Automatic,Yellow,new,0,Mass_Market,Phnom Penh,Tier_1,store,0,0,2026-08-04 13:14:57,2026-09-04T07:18:08.759822+00:00,2026-09-04
13856994,28400.0,10.254179634797001,Toyota,Veloz,2026,0,100000,0,1500,0,MPV,Petrol,Automatic,White,new,1,Mass_Market,Phnom Penh,Tier_1,store,0,0,2026-08-06 19:43:22,2026-09-02T09:53:44.405086+00:00,2026-09-02
13953666,37500.0,10.53212287826962,Toyota,Hilux Rally,2021,5,,1,,1,Pickup,Diesel,Automatic,White,used,1,Mass_Market,Phnom Penh,Tier_1,individual,0,0,2026-09-01 13:13:41,2026-09-03T09:13:04.556688+00:00,2026-09-03
13957911,3000.0,8.006700845440367,Toyota,Corolla Altis,1995,31,,1,,1,Sedan,Diesel,Automatic,Green,used,1,Mass_Market,Takeo,Tier_3,individual,0,0,2026-09-02 13:23:23,2026-09-02T09:55:25.230473+00:00,2026-09-02
13641901,16500.0,9.711176264112805,Toyota,Camry,2007,19,,1,,1,Sedan,Petrol,Automatic,White,used,1,Mass_Market,Phnom Penh,Tier_1,individual,0,1,2026-06-13 07:29:08,2026-09-04T07:22:14.590146+00:00,2026-09-04
13713583,36250.0,10.498222246109226,Toyota,Fortuner,2018,8,,1,,1,SUV,Diesel,Automatic,Black,used,1,Mass_Market,Phnom Penh,Tier_1,store,1,0,2026-06-30 16:52:02,2026-09-06T07:14:06.757150+00:00,2026-09-06
13933454,10599.0,9.268609280100158,Toyota,Vitz,2015,11,70000,0,,1,,Petrol,Automatic,White,used,0,Mass_Market,Phnom Penh,Tier_1,store,0,0,2026-08-27 07:26:55,2026-09-06T07:10:53.939042+00:00,2026-09-06
13958162,10950.0,9.301186055275759,Toyota,Prius,2008,18,,1,,1,Hatchback,Hybrid,Automatic,Grey,used,1,Mass_Market,Phnom Penh,Tier_1,individual,0,0,2026-09-02 14:15:50,2026-09-02T09:54:09.895659+00:00,2026-09-02
13962117,17600.0,9.77571099759397,Toyota,Prius,2010,16,,1,,1,Hatchback,Hybrid,Automatic,White,used,0,Mass_Market,Phnom Penh,Tier_1,store,0,0,2026-09-03 13:13:43,2026-09-03T07:14:08.909344+00:00,2026-09-03
13966295,17600.0,9.77571099759397,Toyota,Prius,2010,16,,1,,1,Hatchback,Hybrid,Automatic,White,used,0,Mass_Market,Phnom Penh,Tier_1,store,0,0,2026-09-04 13:13:14,2026-09-04T07:18:07.065307+00:00,2026-09-04
13966301,19200.0,9.862717639992917,Toyota,Prius,2014,12,,1,,1,Hatchback,Hybrid,Automatic,White,used,0,Mass_Market,Phnom Penh,Tier_1,store,0,0,2026-09-04 13:15:01,2026-09-04T07:18:04.081422+00:00,2026-09-04
13973433,13200.0,9.488047863280759,Toyota,Prius,2012,14,,1,1500,0,Hatchback,Hybrid,Automatic,White,used,0,Mass_Market,Phnom Penh,Tier_1,store,1,0,2026-09-06 12:49:25,2026-09-06T07:11:26.007082+00:00,2026-09-06
13281134,20900.0,9.94755228369823,Toyota,Raize,2022,4,,1,,1,SUV,,Automatic,White,used,1,Mass_Market,Phnom Penh,Tier_1,store,0,0,2026-03-12 15:52:56,2026-09-04T07:19:25.971623+00:00,2026-09-04
13824026,16500.0,9.711176264112805,Toyota,Tacoma,2006,20,,1,,1,Pickup,,Automatic,Black,used,1,Mass_Market,Phnom Penh,Tier_1,store,0,0,2026-07-29 11:45:48,2026-09-02T09:52:02.478115+00:00,2026-09-02
13594091,27500.0,10.221977646629885,Toyota,Prius,2017,9,,1,,1,Hatchback,,Automatic,White,used,1,Mass_Market,Phnom Penh,Tier_1,store,0,0,2026-06-01 16:41:21,2026-09-04T07:18:36.619413+00:00,2026-09-04
13947212,16800.0,9.729193687429403,Toyota,Prius,2020,6,,1,,1,Hatchback,,Automatic,Red,used,0,Mass_Market,Phnom Penh,Tier_1,store,0,1,2026-08-30 19:07:22,2026-09-02T09:55:15.131562+00:00,2026-09-02
13951954,14950.0,9.612533466213927,Toyota,Highlander,2003,23,,1,,1,SUV,,Automatic,Gold,used,1,Mass_Market,Phnom Penh,Tier_1,store,0,0,2026-09-01 08:32:35,2026-09-05T07:01:00.865146+00:00,2026-09-05
13957891,31000.0,10.34177474101152,Toyota,Alphard,2016,10,,1,,1,MPV,,,Black,used,1,Mass_Market,Phnom Penh,Tier_1,individual,0,0,2026-09-02 13:19:53,2026-09-02T09:55:31.039401+00:00,2026-09-02
13785316,23800.0,10.077482875583607,Toyota,Rush,2021,5,,1,1500,0,SUV,,,White,used,1,Mass_Market,Phnom Penh,Tier_1,store,0,0,2026-07-19 07:16:48,2026-09-06T07:11:47.570741+00:00,2026-09-06
13891789,12500.0,9.433563920090563,Toyota,Camry,2007,19,,1,,1,Sedan,,,White,used,1,Mass_Market,Phnom Penh,Tier_1,individual,0,0,2026-08-16 09:19:01,2026-09-02T09:55:51.312989+00:00,2026-09-02
13904970,20700.0,9.937937287265354,Toyota,Rush,2019,7,2019,0,,1,SUV,,,White,used,1,Mass_Market,Phnom Penh,Tier_1,individual,0,0,2026-08-19 14:59:28,2026-09-03T09:13:12.190869+00:00,2026-09-03
13925822,19000.0,9.852246888342531,Toyota,Prius,2013,13,,1,,1,Hatchback,,,White,used,0,Mass_Market,Phnom Penh,Tier_1,store,1,0,2026-08-25 10:44:01,2026-09-03T07:15:48.119511+00:00,2026-09-03
13940193,11000.0,9.305741456739435,Toyota,RAV4,2002,24,,1,,1,SUV,,,White,used,1,Mass_Market,Phnom Penh,Tier_1,individual,0,0,2026-08-28 18:32:22,2026-09-03T09:12:42.141113+00:00,2026-09-03
13966554,7400.0,8.909370405197466,Toyota,Corolla,2003,23,,1,,1,Sedan,,,Green,used,0,Mass_Market,Phnom Penh,Tier_1,store,0,0,2026-09-04 13:59:17,2026-09-04T07:16:45.185692+00:00,2026-09-04
13969883,11000.0,9.305741456739435,Toyota,Prius,2008,18,,1,,1,Hatchback,,,Grey,used,1,Mass_Market,Phnom Penh,Tier_1,individual,0,1,2026-09-05 12:20:09,2026-09-05T07:01:08.067187+00:00,2026-09-05
13953685,7400.0,8.909370405197466,Toyota,Corolla,2003,23,,1,,1,Sedan,,,,used,0,Mass_Market,Phnom Penh,Tier_1,individual,0,1,2026-09-01 13:17:00,2026-09-03T09:13:03.224132+00:00,2026-09-03
13900582,9200.0,9.127067452782361,Toyota,RAV4,2002,24,,1,,1,SUV,,,,used,1,Mass_Market,Phnom Penh,Tier_1,individual,0,0,2026-08-18 12:50:17,2026-09-03T09:12:41.817765+00:00,2026-09-03
13932420,35000.0,10.463131911491967,Toyota,Hilux,2026,0,7000,0,,1,Pickup,Diesel,,White,used,1,Mass_Market,Phnom Penh,Tier_1,store,0,0,2026-08-26 18:04:32,2026-09-03T07:13:09.825958+00:00,2026-09-03
13933634,21500.0,9.975854724662028,Toyota,bZ4X,2022,4,,1,0,0,SUV,Electric,,White,new,0,Mass_Market,Phnom Penh,Tier_1,individual,0,0,2026-08-27 08:33:38,2026-09-05T07:01:40.033678+00:00,2026-09-05
13953278,12900.0,9.465060106725137,Toyota,Highlander,2002,24,,1,,1,SUV,Petrol,,Gold,used,0,Mass_Market,Phnom Penh,Tier_1,individual,0,0,2026-09-01 12:15:23,2026-09-03T09:13:57.228940+00:00,2026-09-03
13957222,12500.0,9.433563920090563,Toyota,Prius,2007,19,,1,,1,Hatchback,Hybrid,,Grey,used,1,Mass_Market,Phnom Penh,Tier_1,individual,1,0,2026-09-02 11:12:50,2026-09-05T07:00:27.796461+00:00,2026-09-05
13973382,31000.0,10.34177474101152,Toyota,Land Cruiser,2011,15,,1,,1,SUV,Petrol,,White,used,1,Mass_Market,Phnom Penh,Tier_1,individual,0,0,2026-09-06 12:38:02,2026-09-06T07:11:44.818122+00:00,2026-09-06
13650656,11500.0,9.350189267092581,Toyota,Vios,2014,12,,1,,1,,,,Grey,used,1,Mass_Market,Phnom Penh,Tier_1,store,0,0,2026-06-15 12:52:57,2026-09-02T09:54:20.536583+00:00,2026-09-02
13810680,59000.0,10.985309671896763,Toyota,Granvia,2020,6,,1,,1,MPV,Diesel,,Black,used,1,Mass_Market,Phnom Penh,Tier_1,store,1,0,2026-07-25 18:29:33,2026-09-06T07:13:52.695583+00:00,2026-09-06
13952672,53000.0,10.87806606028079,Jetour,T2,2026,0,20000,0,,1,SUV,Petrol,Automatic,Black,used,1,Chinese_EV,Phnom Penh,Tier_1,individual,0,0,2026-09-01 10:38:10,2026-09-03T07:18:29.244908+00:00,2026-09-03
13267594,86800.0,11.371373421319406,Denza,D9,2025,1,,1,,1,MPV,Hybrid,Automatic,Black,new,0,Chinese_EV,Phnom Penh,Tier_1,store,0,0,2026-03-09 13:21:24,2026-09-05T07:01:51.051843+00:00,2026-09-05
13910829,85000.0,11.350418300109132,Denza,N9,2025,1,,1,,1,SUV,Hybrid,Automatic,Black,used,0,Chinese_EV,Phnom Penh,Tier_1,individual,0,0,2026-08-21 10:10:44,2026-09-03T09:12:50.343052+00:00,2026-09-03
13862463,24500.0,10.106469212026385,GTV,KAIN,2026,0,,1,,1,SUV,Petrol,Automatic,White,new,0,Chinese_EV,Phnom Penh,Tier_1,individual,0,0,2026-08-08 09:52:26,2026-09-03T09:13:06.635394+00:00,2026-09-03
13899937,14999.0,9.615805480084347,Hyundai,Starex,2013,13,,1,,1,MPV,Diesel,Automatic,White,used,0,Mass_Market,Phnom Penh,Tier_1,store,0,1,2026-08-18 10:53:01,2026-09-06T07:13:26.424363+00:00,2026-09-06
13427522,29900.0,10.305647203635566,Hyundai,Stargazer,2026,0,,1,,1,MPV,Petrol,Automatic,White,new,0,Mass_Market,Phnom Penh,Tier_1,store,0,0,2026-04-22 13:54:57,2026-09-06T07:11:52.409495+00:00,2026-09-06
13680941,19000.0,9.852246888342531,Hyundai,Starex,2019,7,,1,,1,MPV,Diesel,Automatic,Black,used,1,Mass_Market,Phnom Penh,Tier_1,individual,0,0,2026-06-22 20:16:42,2026-09-02T09:51:38.511572+00:00,2026-09-02
13820654,31500.0,10.357774570341576,Hyundai,Staria,2023,3,,1,,1,MPV,Diesel,Automatic,Black,used,1,Mass_Market,Phnom Penh,Tier_1,store,1,0,2026-07-28 12:44:01,2026-09-06T07:11:35.048074+00:00,2026-09-06
13907292,7300.0,8.895766604056085,Hyundai,Tourism - ទូរីស,2008,18,,1,,1,MPV,Diesel,Automatic,Silver,used,1,Mass_Market,Kampong Speu,Tier_3,individual,0,0,2026-08-20 10:40:52,2026-09-04T07:19:08.551888+00:00,2026-09-04
13951123,10500.0,9.259225769705994,Hyundai,Starex,2009,17,,1,,1,MPV,,Automatic,White,used,1,Mass_Market,Phnom Penh,Tier_1,individual,0,0,2026-08-31 18:21:47,2026-09-02T09:53:07.793466+00:00,2026-09-02
13936863,4200.0,8.343077871169383,Hyundai,Starex,2002,24,,1,,1,MPV,Diesel,,Grey,used,1,Mass_Market,Phnom Penh,Tier_1,individual,0,1,2026-08-27 21:24:20,2026-09-03T07:12:35.000127+00:00,2026-09-03
13819586,59000.0,10.985309671896763,Xiaomi,YU7,2025,1,,1,0,0,SUV,Electric,Automatic,Grey,used,0,Other,Phnom Penh,Tier_1,store,0,0,2026-07-28 09:35:43,2026-09-02T09:51:43.874300+00:00,2026-09-02
13908840,29999.0,10.308952660644293,Changan,Q07,2025,1,1400,0,,1,SUV,Hybrid,Automatic,Silver,new,0,Chinese_EV,Phnom Penh,Tier_1,store,0,0,2026-08-20 16:02:34,2026-09-02T09:52:04.669549+00:00,2026-09-02
13952666,21800.0,9.989711119284745,Changan,UNI-T,2023,3,,1,,1,SUV,Petrol,Automatic,Silver,used,1,Chinese_EV,Phnom Penh,Tier_1,store,0,0,2026-09-01 10:37:28,2026-09-06T07:11:31.913108+00:00,2026-09-06
13489193,68800.0,11.138973558699526,GAC,GN8,2024,2,,1,,1,MPV,Petrol,Automatic,Black,new,0,Chinese_EV,Phnom Penh,Tier_1,store,0,0,2026-05-07 17:29:34,2026-09-06T07:12:37.404451+00:00,2026-09-06
13679912,24600.0,10.110542371500753,GAC,GS4,2026,0,,1,1500,0,SUV,Petrol,Automatic,White,new,0,Chinese_EV,Phnom Penh,Tier_1,store,0,0,2026-06-22 15:20:22,2026-09-03T07:14:25.414347+00:00,2026-09-03
13800168,19600.0,9.883335864325275,GAC,EMKOO,2025,1,9000,0,,1,SUV,Petrol,Automatic,White,used,1,Chinese_EV,Phnom Penh,Tier_1,store,0,0,2026-07-22 21:33:23,2026-09-02T09:54:04.062531+00:00,2026-09-02
13817393,29600.0,10.295563423525277,GAC,GN8,2024,2,,1,,1,MPV,Petrol,Automatic,White,used,1,Chinese_EV,Phnom Penh,Tier_1,store,0,0,2026-07-27 16:58:39,2026-09-05T06:58:16.486790+00:00,2026-09-05
13958846,29800.0,10.30229722897745,GAC,GS8,2025,1,,1,,1,SUV,Petrol,Automatic,White,used,1,Chinese_EV,Phnom Penh,Tier_1,store,0,1,2026-09-02 16:10:22,2026-09-02T09:51:59.734423+00:00,2026-09-02
13422337,14900.0,9.60918360377546,Suzuki,Swift,2020,6,,1,,1,Sedan,Petrol,Automatic,White,used,1,Mass_Market,Phnom Penh,Tier_1,store,0,0,2026-04-21 12:39:04,2026-09-04T07:18:27.390234+00:00,2026-09-04
13935970,20295.0,9.918179101279117,Audi,Q2,2020,6,,1,,1,SUV,Petrol,Automatic,White,used,1,Luxury,Phnom Penh,Tier_1,individual,0,1,2026-08-27 16:13:59,2026-09-03T07:18:32.287366+00:00,2026-09-03
13962323,49900.0,10.817796321618971,Audi,RS Q3,2020,6,60000,0,2000,0,SUV,Petrol,Automatic,Blue,used,1,Luxury,Phnom Penh,Tier_1,store,0,0,2026-09-03 13:58:48,2026-09-03T07:12:58.606700+00:00,2026-09-03
13962275,13500.0,9.510519035757246,Audi,ផ្សេងៗ,2012,14,,1,,1,MPV,,Automatic,White,used,1,Luxury,Phnom Penh,Tier_1,individual,0,1,2026-09-03 13:50:22,2026-09-03T07:13:16.205382+00:00,2026-09-03
13306830,17900.0,9.792611856190192,Lexus,LX470,2004,22,,1,,1,SUV,LPG,Automatic,Black,used,1,Luxury,Phnom Penh,Tier_1,individual,0,1,2026-03-18 17:29:00,2026-09-03T07:14:47.576007+00:00,2026-09-03
13333201,10500.0,9.259225769705994,Lexus,RX300,2000,26,,1,,1,Sedan,Diesel,Automatic,Silver,used,1,Luxury,Phnom Penh,Tier_1,store,0,0,2026-03-25 11:17:55,2026-09-02T09:52:19.770287+00:00,2026-09-02
13364704,49500.0,10.809748150372926,Lexus,LX570,2015,11,,1,,1,SUV,Petrol,Automatic,White,used,1,Luxury,Phnom Penh,Tier_1,individual,0,0,2026-04-02 12:28:17,2026-09-02T09:52:36.215844+00:00,2026-09-02
13621965,12500.0,9.433563920090563,Lexus,LX470,2001,25,,1,,1,SUV,LPG,Automatic,Black,used,1,Luxury,Kampong Thom,Tier_3,individual,0,1,2026-06-08 12:58:39,2026-09-05T07:01:34.428430+00:00,2026-09-05
13664173,176500.0,12.081081821061819,Lexus,LX600,2022,4,10000,0,3500,0,SUV,Petrol,Automatic,White,used,0,Luxury,Phnom Penh,Tier_1,store,1,0,2026-06-18 14:49:11,2026-09-05T07:02:25.359541+00:00,2026-09-05
13803633,18400.0,9.820160289946374,Lexus,RX330,2004,22,,1,,1,Hatchback,Petrol,Automatic,Grey,used,1,Luxury,Phnom Penh,Tier_1,store,0,0,2026-07-23 20:47:37,2026-09-06T07:14:07.752843+00:00,2026-09-06
13867075,21800.0,9.989711119284745,Lexus,RX330,2004,22,,1,,1,SUV,Petrol,Automatic,White,used,1,Luxury,Phnom Penh,Tier_1,individual,0,0,2026-08-09 15:36:28,2026-09-03T09:13:19.445365+00:00,2026-09-03
13879057,7500.0,8.922791623969637,Lexus,RX300,1999,27,,1,,1,SUV,Petrol,Automatic,Black,used,1,Luxury,Siem Reap,Tier_2,store,0,0,2026-08-12 16:26:54,2026-09-05T07:03:38.570933+00:00,2026-09-05
13885210,9500.0,9.15915233520675,Lexus,RX300,2001,25,,1,,1,Sedan,LPG,Automatic,White,used,1,Luxury,Siem Reap,Tier_2,individual,0,0,2026-08-14 11:09:43,2026-09-03T07:13:12.521111+00:00,2026-09-03
13888189,53900.0,10.894904309600681,Lexus,LX570,2015,11,,1,,1,SUV,Petrol,Automatic,White,used,1,Luxury,Phnom Penh,Tier_1,individual,0,0,2026-08-15 08:09:27,2026-09-03T07:15:54.654717+00:00,2026-09-03
13920657,44800.0,10.709985739582528,Lexus,RX200t,2016,10,,1,,1,SUV,Petrol,Automatic,White,used,1,Luxury,Phnom Penh,Tier_1,store,0,0,2026-08-24 08:18:01,2026-09-02T09:53:48.707570+00:00,2026-09-02
13936681,49000.0,10.799595985047786,Lexus,LX570,2015,11,,1,,1,SUV,Petrol,Automatic,White,used,1,Luxury,Phnom Penh,Tier_1,store,0,0,2026-08-27 19:33:56,2026-09-06T07:11:59.735949+00:00,2026-09-06
13940140,32000.0,10.373522431293592,Lexus,RX200t,2016,10,30000,0,,1,SUV,Petrol,Automatic,White,used,1,Luxury,Phnom Penh,Tier_1,individual,1,0,2026-08-28 18:03:55,2026-09-02T09:52:30.328958+00:00,2026-09-02
13944944,16500.0,9.711176264112805,Lexus,LX470,2003,23,,1,,1,SUV,LPG,Automatic,Black,used,1,Luxury,Phnom Penh,Tier_1,individual,0,0,2026-08-30 08:44:39,2026-09-03T09:14:05.836538+00:00,2026-09-03
13952943,18500.0,9.825580063659602,Lexus,RX330,2004,22,,1,,1,SUV,Petrol,Automatic,Gold,used,1,Luxury,Phnom Penh,Tier_1,store,0,0,2026-09-01 11:22:13,2026-09-06T07:14:22.647280+00:00,2026-09-06
13953771,185000.0,12.128116509451258,Lexus,LX600,2023,3,,1,,1,SUV,Petrol,Automatic,White,new,0,Luxury,Phnom Penh,Tier_1,individual,0,0,2026-09-01 13:32:33,2026-09-03T09:12:55.897672+00:00,2026-09-03
13957550,33800.0,10.428245666832275,Lexus,NX300,2018,8,,1,,1,SUV,Petrol,Automatic,White,used,1,Luxury,Phnom Penh,Tier_1,store,0,0,2026-09-02 12:11:52,2026-09-06T07:12:07.260121+00:00,2026-09-06
13958481,19500.0,9.87822102528824,Lexus,RX330,2004,22,,1,,1,SUV,Petrol,Automatic,White,used,1,Luxury,Phnom Penh,Tier_1,store,0,0,2026-09-02 14:59:02,2026-09-02T09:53:20.502712+00:00,2026-09-02
13396630,257000.0,12.456835254920371,Lexus,LX700h,2026,0,,1,,1,SUV,Hybrid,Automatic,Black,new,0,Luxury,Phnom Penh,Tier_1,store,0,0,2026-04-10 16:29:54,2026-09-06T07:14:19.863381+00:00,2026-09-06
13448612,17500.0,9.770013301136158,Lexus,CT,2012,14,,1,,1,Hatchback,Hybrid,Automatic,Grey,used,0,Luxury,Phnom Penh,Tier_1,store,1,0,2026-04-27 13:37:29,2026-09-06T07:10:00.144828+00:00,2026-09-06
13606493,18500.0,9.825580063659602,Lexus,CT,2012,14,,1,,1,Hatchback,Hybrid,Automatic,Brown,used,0,Luxury,Phnom Penh,Tier_1,store,1,0,2026-06-04 13:08:52,2026-09-04T07:17:22.654320+00:00,2026-09-04
13736546,208800.0,12.249136924251182,Lexus,LX500d,2024,2,,1,,1,SUV,Diesel,Automatic,Grey,new,0,Luxury,Phnom Penh,Tier_1,store,0,0,2026-07-06 16:27:57,2026-09-06T07:14:06.147788+00:00,2026-09-06
13838318,20500.0,9.928228944424575,Lexus,RX400h,2006,20,,1,,1,SUV,Hybrid,Automatic,White,used,1,Luxury,Phnom Penh,Tier_1,store,1,0,2026-08-02 09:40:30,2026-09-05T06:59:56.393751+00:00,2026-09-05
13869275,33500.0,10.419330568113901,Lexus,NX200t,2015,11,,1,,1,SUV,Petrol,Automatic,White,used,0,Luxury,Phnom Penh,Tier_1,store,0,0,2026-08-10 10:24:14,2026-09-06T07:10:22.463723+00:00,2026-09-06
13918504,85000.0,11.350418300109132,Lexus,LM,2022,4,47000,0,,1,MPV,Hybrid,Automatic,Black,used,1,Luxury,Phnom Penh,Tier_1,store,0,0,2026-08-23 12:47:13,2026-09-06T07:12:13.752986+00:00,2026-09-06
13937327,22900.0,10.038935856711177,Lexus,IS,2016,10,,1,,1,Sedan,Petrol,Automatic,White,used,1,Luxury,Phnom Penh,Tier_1,store,1,0,2026-08-28 08:18:32,2026-09-03T07:16:03.760565+00:00,2026-09-03
13969774,23500.0,10.064798252418377,Lexus,CT,2015,11,,1,,1,Hatchback,Hybrid,Automatic,White,used,0,Luxury,Phnom Penh,Tier_1,individual,1,0,2026-09-05 11:48:18,2026-09-05T07:02:58.515570+00:00,2026-09-05
13573071,21500.0,9.975854724662028,Lexus,RX330,2004,22,,1,,1,SUV,Petrol,Automatic,White,used,1,Luxury,Phnom Penh,Tier_1,store,1,0,2026-05-27 12:54:38,2026-09-06T07:14:13.896804+00:00,2026-09-06
13944780,24300.0,10.098272780745283,Lexus,RX330,2005,21,,1,,1,SUV,Petrol,Automatic,White,used,1,Luxury,Phnom Penh,Tier_1,store,0,0,2026-08-30 07:35:07,2026-09-02T09:53:37.028380+00:00,2026-09-02
13958838,9900.0,9.200391041122515,Lexus,RX300,2002,24,,1,,1,SUV,,Automatic,Gold,used,1,Luxury,Banteay Meanchey,Tier_3,individual,0,0,2026-09-02 16:09:49,2026-09-02T09:52:00.163960+00:00,2026-09-02
13969921,8700.0,9.071193240566025,Lexus,RX300,1999,27,,1,,1,SUV,,Automatic,White,used,1,Luxury,Phnom Penh,Tier_1,store,0,0,2026-09-05 12:30:45,2026-09-05T07:00:40.082303+00:00,2026-09-05
13958500,8500.0,9.04793908261736,Lexus,LX470,2000,26,,1,,1,SUV,,,Gold,used,1,Luxury,Phnom Penh,Tier_1,individual,0,1,2026-09-02 15:02:18,2026-09-02T09:53:12.979510+00:00,2026-09-02
13695054,34300.0,10.442929787247998,Lexus,NX300,2015,11,,1,,1,SUV,Hybrid,,,used,0,Luxury,Phnom Penh,Tier_1,individual,0,0,2026-06-25 21:49:51,2026-09-04T07:18:25.746561+00:00,2026-09-04
13927923,17500.0,9.770013301136158,Lexus,RX330,2005,21,,1,,1,SUV,Petrol,Automatic,,used,1,Luxury,Phnom Penh,Tier_1,store,0,0,2026-08-25 17:08:44,2026-09-02T09:55:36.195027+00:00,2026-09-02
13965841,10900.0,9.296609807128359,Lexus,RX300,2001,25,,1,,1,SUV,,,White,used,1,Luxury,Battambang,Tier_2,individual,0,0,2026-09-04 11:30:13,2026-09-04T07:22:21.108209+00:00,2026-09-04
13878927,16500.0,9.711176264112805,Lexus,CT,2012,14,,1,,1,,Hybrid,Automatic,Silver,used,1,Luxury,Phnom Penh,Tier_1,store,0,0,2026-08-12 15:55:49,2026-09-06T07:14:10.798320+00:00,2026-09-06
13864586,17500.0,9.770013301136158,Lexus,CT,2012,14,,1,,1,,Diesel,,White,used,1,Luxury,Phnom Penh,Tier_1,individual,0,0,2026-08-08 18:25:08,2026-09-05T07:00:11.093513+00:00,2026-09-05
13966074,31700.0,10.36410350510914,Lexus,NX200t,2015,11,,1,,1,SUV,,,Grey,used,1,Luxury,Phnom Penh,Tier_1,store,1,0,2026-09-04 12:17:54,2026-09-04T07:19:51.309873+00:00,2026-09-04
13794172,56000.0,10.933124826700707,Lexus,RX450h,2016,10,,1,,1,SUV,Hybrid,,Silver,used,0,Luxury,Phnom Penh,Tier_1,store,0,0,2026-07-21 12:29:10,2026-09-06T07:13:54.552651+00:00,2026-09-06
13958598,24000.0,10.085850775128717,Lexus,RX350,2010,16,,1,,1,SUV,Petrol,,Black,used,1,Luxury,Phnom Penh,Tier_1,individual,0,1,2026-09-02 15:19:38,2026-09-06T07:13:43.574733+00:00,2026-09-06
13959827,112000.0,11.626263078808801,Lexus,LX570,2021,5,,1,,1,SUV,Petrol,,Black,used,1,Luxury,Kandal,Tier_2,individual,0,0,2026-09-02 21:23:53,2026-09-04T07:17:27.241537+00:00,2026-09-04
13421993,25800.0,10.158168529848494,Geely,ផ្សេងៗ,2025,1,150000,0,1500,0,SUV,Hybrid,Automatic,Black,new,0,Chinese_EV,Phnom Penh,Tier_1,store,0,0,2026-04-21 11:33:59,2026-09-06T07:12:59.122635+00:00,2026-09-06
13952570,20800.0,9.942756341456828,iCar,ផ្សេងៗ,2025,1,,1,0,0,SUV,Electric,Automatic,White,new,0,Chinese_EV,Phnom Penh,Tier_1,store,0,0,2026-09-01 10:21:42,2026-09-06T07:12:50.687300+00:00,2026-09-06
13896934,20800.0,9.942756341456828,iCar,ផ្សេងៗ,2025,1,,1,0,0,SUV,Electric,Automatic,Orange,used,1,Chinese_EV,Phnom Penh,Tier_1,store,0,0,2026-08-17 14:09:59,2026-09-06T07:12:51.903037+00:00,2026-09-06
13648023,36500.0,10.505094936455558,Isuzu,D-Max,2025,1,,1,,1,Pickup,Diesel,Automatic,White,new,1,Mass_Market,Phnom Penh,Tier_1,individual,0,0,2026-06-14 17:47:13,2026-09-03T09:13:27.190385+00:00,2026-09-03
13973095,52500.0,10.868587496017359,Isuzu,MU-X,2026,0,20000,0,,1,SUV,Diesel,Automatic,,new,1,Mass_Market,Phnom Penh,Tier_1,store,1,0,2026-09-06 11:30:31,2026-09-06T07:13:59.210117+00:00,2026-09-06
13874281,20000.0,9.90353755128617,Mercedes-Benz,C-Class,2015,11,,1,,1,Sedan,Petrol,Automatic,Black,used,1,Luxury,Phnom Penh,Tier_1,individual,0,0,2026-08-11 13:57:47,2026-09-06T07:10:06.742354+00:00,2026-09-06
13874339,22800.0,10.034559673629849,Mercedes-Benz,C-Class,2015,11,,1,,1,Sedan,Petrol,Automatic,Black,used,1,Luxury,Phnom Penh,Tier_1,individual,0,0,2026-08-11 14:06:10,2026-09-03T07:18:32.145425+00:00,2026-09-03
13965990,23000.0,10.043292972227004,Mercedes-Benz,C-Class,2015,11,,1,,1,Sedan,Petrol,Automatic,White,used,1,Luxury,Phnom Penh,Tier_1,store,0,0,2026-09-04 12:05:18,2026-09-04T07:20:28.497118+00:00,2026-09-04
13969970,525000.0,13.171155446333852,Mercedes-Benz,Maybach,2024,2,,1,,1,Sedan,Petrol,Automatic,Black,new,0,Luxury,Phnom Penh,Tier_1,store,0,0,2026-09-05 12:43:58,2026-09-05T07:00:09.475117+00:00,2026-09-05
13360524,6500.0,8.77971129020447,Mercedes-Benz,S-Class,1997,29,6500,0,,1,Sedan,,Automatic,Black,used,1,Luxury,Phnom Penh,Tier_1,individual,0,0,2026-04-01 12:41:47,2026-09-03T09:12:44.842473+00:00,2026-09-03
13940147,8000.0,8.987321812850125,Mercedes-Benz,S350,1995,31,,1,,1,,,Automatic,Black,used,1,Luxury,Phnom Penh,Tier_1,individual,0,0,2026-08-28 18:07:16,2026-09-06T07:13:29.044299+00:00,2026-09-06
13479322,108000.0,11.58989576532275,Mercedes-Benz,AMG GT,2016,10,,1,,1,Coupe,Petrol,,White,used,1,Luxury,Phnom Penh,Tier_1,store,0,0,2026-05-05 13:21:01,2026-09-05T06:59:14.315862+00:00,2026-09-05
13966540,40500.0,10.609081944147828,Mercedes-Benz,G-Class,2001,25,,1,,1,,Petrol,Automatic,White,used,1,Luxury,Phnom Penh,Tier_1,individual,0,0,2026-09-04 13:56:48,2026-09-04T07:16:51.114845+00:00,2026-09-04
13580751,38800.0,10.566201298475118,Mercedes-Benz,S-Class,2016,10,,1,,1,Sedan,Petrol,Automatic,White,used,1,Luxury,Phnom Penh,Tier_1,store,0,0,2026-05-29 09:41:46,2026-09-04T07:17:28.676199+00:00,2026-09-04
13592871,74000.0,11.211833885608513,Mercedes-Benz,C-Class,2022,4,64374,0,,1,Sedan,Petrol,Automatic,White,used,0,Luxury,Phnom Penh,Tier_1,store,0,0,2026-06-01 12:46:38,2026-09-06T07:11:28.691317+00:00,2026-09-06
13603303,27950.0,10.238208256118535,Mercedes-Benz,C-Class,2015,11,,1,,1,Sedan,Petrol,Automatic,White,used,1,Luxury,Phnom Penh,Tier_1,individual,0,0,2026-06-03 18:10:24,2026-09-03T09:12:39.421811+00:00,2026-09-03
13925961,186800.0,12.137799158081608,Porsche,Cayenne,2024,2,,1,,1,SUV,Petrol,Automatic,Grey,used,0,Luxury,Phnom Penh,Tier_1,individual,1,0,2026-08-25 11:14:18,2026-09-03T09:13:49.470883+00:00,2026-09-03
13663197,49900.0,10.817796321618971,Jeep,ផ្សេងៗ,2020,6,,1,,1,,,,Grey,used,1,Mass_Market,Phnom Penh,Tier_1,individual,1,0,2026-06-18 11:25:53,2026-09-03T09:12:25.212590+00:00,2026-09-03
13940767,53987.0,10.896517078629172,Jeep,Rubicon,2020,6,,1,,1,SUV,Petrol,Automatic,Black,used,1,Mass_Market,Phnom Penh,Tier_1,store,0,0,2026-08-28 22:55:19,2026-09-02T09:54:38.445052+00:00,2026-09-02
13873563,43500.0,10.680539205318292,Jeep,Wrangler,2018,8,,1,,1,SUV,Petrol,Automatic,Black,used,0,Mass_Market,Phnom Penh,Tier_1,store,0,0,2026-08-11 11:14:39,2026-09-06T07:12:15.525850+00:00,2026-09-06
13828961,8300.0,9.024131268455035,SsangYong,Stavic,2021,5,,1,,1,,,Automatic,White,used,1,Other,Phnom Penh,Tier_1,individual,0,0,2026-07-30 13:51:07,2026-09-05T07:00:40.774677+00:00,2026-09-05
13419024,16500.0,9.711176264112805,SsangYong,Rexton,2018,8,,1,,1,Pickup,Diesel,,White,used,0,Other,Phnom Penh,Tier_1,store,0,0,2026-04-20 15:28:38,2026-09-06T07:09:39.557095+00:00,2026-09-06
13495401,19900.0,9.898525260706313,SsangYong,Rexton,2018,8,,1,,1,Pickup,Diesel,,White,used,0,Other,Phnom Penh,Tier_1,store,1,0,2026-05-09 10:11:33,2026-09-06T07:10:10.158184+00:00,2026-09-06
13971614,20500.0,9.928228944424575,SsangYong,Rexton,2018,8,,1,,1,,Diesel,Automatic,White,used,0,Other,Phnom Penh,Tier_1,store,1,0,2026-09-05 22:06:58,2026-09-06T07:12:02.794955+00:00,2026-09-06
13953979,18700.0,9.83633227734872,SsangYong,Rexton,2018,8,,1,,1,,Diesel,Automatic,Grey,used,0,Other,Phnom Penh,Tier_1,individual,1,0,2026-09-01 14:14:58,2026-09-03T09:12:23.131359+00:00,2026-09-03
13918866,26000.0,10.165890277802454,DFSK,ផ្សេងៗ,2024,2,,1,0,0,SUV,Electric,,White,used,0,Other,Siem Reap,Tier_2,individual,0,0,2026-08-23 14:17:47,2026-09-06T07:12:18.796812+00:00,2026-09-06
13936698,44800.0,10.709985739582528,Kia,Carnival,2025,1,,1,,1,MPV,Petrol,Automatic,Grey,used,1,Mass_Market,Phnom Penh,Tier_1,store,1,0,2026-08-27 19:39:31,2026-09-06T07:11:52.439424+00:00,2026-09-06
13953336,18800.0,9.841665338892785,Kia,Carnival,2015,11,,1,,1,MPV,Diesel,Automatic,Grey,used,0,Mass_Market,Phnom Penh,Tier_1,individual,1,0,2026-09-01 12:26:21,2026-09-03T09:13:44.179004+00:00,2026-09-03
13955545,8500.0,9.04793908261736,Kia,Ray,2012,14,,1,,1,SUV,Petrol,Automatic,Blue,used,1,Mass_Market,Phnom Penh,Tier_1,individual,0,0,2026-09-01 21:51:34,2026-09-03T07:15:41.890999+00:00,2026-09-03
13961972,9500.0,9.15915233520675,Kia,Ray,2012,14,,1,,1,Sedan,Petrol,Automatic,White,used,0,Mass_Market,Phnom Penh,Tier_1,store,0,0,2026-09-03 12:44:55,2026-09-03T07:15:03.722946+00:00,2026-09-03
13897936,3950.0,8.281723990411392,Kia,Morning,2005,21,,1,,1,Sedan,,Automatic,Orange,used,0,Mass_Market,Siem Reap,Tier_2,individual,0,1,2026-08-17 18:25:53,2026-09-05T07:04:09.837734+00:00,2026-09-05
13913233,1850.0,7.523481312573497,Kia,Visto,2000,26,,1,,1,,,Automatic,Yellow,used,1,Mass_Market,Phnom Penh,Tier_1,store,0,0,2026-08-21 20:27:51,2026-09-04T07:17:00.241915+00:00,2026-09-04
13958982,8000.0,8.987321812850125,Kia,Morning,2013,13,,1,,1,Sedan,,,White,used,0,Mass_Market,Phnom Penh,Tier_1,individual,0,0,2026-09-02 16:34:34,2026-09-02T09:51:40.072857+00:00,2026-09-02
13966040,8500.0,9.04793908261736,Kia,Morning,2012,14,,1,,1,Sedan,,,White,used,1,Mass_Market,Phnom Penh,Tier_1,store,1,0,2026-09-04 12:12:19,2026-09-04T07:20:01.315594+00:00,2026-09-04
13612825,8800.0,9.082620630373812,Kia,Morning,2012,14,,1,,1,Sedan,Petrol,,Brown,used,0,Mass_Market,Phnom Penh,Tier_1,store,1,0,2026-06-05 22:29:39,2026-09-02T09:51:40.708315+00:00,2026-09-02
13942768,4750.0,8.46611040118692,Kia,Morning,2007,19,,1,,1,Hatchback,Petrol,,Silver,used,1,Mass_Market,Phnom Penh,Tier_1,individual,0,0,2026-08-29 13:27:55,2026-09-05T07:03:27.851077+00:00,2026-09-05
13947880,1750.0,7.467942332285852,Kia,Visto,2001,25,,1,,1,,Petrol,Automatic,White,used,1,Mass_Market,Phnom Penh,Tier_1,individual,0,0,2026-08-31 03:23:06,2026-09-03T09:12:43.272416+00:00,2026-09-03
13958600,3800.0,8.24301946898925,Kia,Morning,2006,20,,1,,1,SUV,Petrol,Automatic,White,used,1,Mass_Market,Kampot,Tier_3,individual,0,0,2026-09-02 15:19:49,2026-09-02T09:52:52.559863+00:00,2026-09-02
13961755,33500.0,10.419330568113901,Kia,Carnival,2023,3,,1,,1,MPV,Diesel,Automatic,White,used,0,Mass_Market,Phnom Penh,Tier_1,store,0,0,2026-09-03 12:04:15,2026-09-03T07:16:08.998010+00:00,2026-09-03
13955470,17100.0,9.746892220313054,Tesla,Model 3,2018,8,112654,0,0,0,,Electric,Automatic,Grey,used,1,Other,Phnom Penh,Tier_1,store,0,0,2026-09-01 21:20:21,2026-09-02T09:54:01.670076+00:00,2026-09-02
13788847,21500.0,9.975854724662028,Tesla,Model 3,2018,8,,1,0,0,Sedan,Electric,Automatic,White,used,0,Other,Phnom Penh,Tier_1,store,0,0,2026-07-20 09:08:12,2026-09-06T07:09:19.211568+00:00,2026-09-06
13854702,16500.0,9.711176264112805,BYD,ATTO 2,2025,1,,1,0,0,SUV,Electric,Automatic,Grey,used,1,Chinese_EV,Phnom Penh,Tier_1,store,0,0,2026-08-06 10:39:43,2026-09-05T06:58:51.930475+00:00,2026-09-05
13391027,4700.0,8.45553053102413,Honda,CR-V,1999,27,,1,,1,SUV,Petrol,Automatic,Silver,used,1,Mass_Market,Phnom Penh,Tier_1,individual,0,0,2026-04-09 07:19:05,2026-09-05T06:58:17.173631+00:00,2026-09-05
13966089,12500.0,9.433563920090563,Honda,ផ្សេងៗ,2006,20,,1,,1,MPV,Petrol,Automatic,White,used,1,Mass_Market,Phnom Penh,Tier_1,store,0,0,2026-09-04 12:19:58,2026-09-04T07:19:49.108744+00:00,2026-09-04
13966060,20800.0,9.942756341456828,Honda,eNS2,2025,1,,1,0,0,SUV,Electric,Automatic,,used,0,Mass_Market,Phnom Penh,Tier_1,store,0,0,2026-09-04 12:15:39,2026-09-05T07:04:08.040100+00:00,2026-09-05
13442070,37000.0,10.518700218288165,Honda,CR-V,2022,4,11909,0,,1,SUV,Petrol,Automatic,Red,used,1,Mass_Market,Phnom Penh,Tier_1,individual,0,0,2026-04-25 19:57:45,2026-09-02T09:53:05.582332+00:00,2026-09-02
13607401,34900.0,10.460270761075149,Mitsubishi,XForce,2025,1,,1,,1,SUV,Petrol,Automatic,White,new,0,Mass_Market,Phnom Penh,Tier_1,store,0,0,2026-06-04 15:54:06,2026-09-06T07:13:38.421466+00:00,2026-09-06
13720608,29000.0,10.275085591132715,Mitsubishi,Triton,2022,4,,1,,1,Pickup,,Automatic,Black,used,1,Mass_Market,Phnom Penh,Tier_1,store,0,1,2026-07-02 12:56:30,2026-09-03T07:14:29.358350+00:00,2026-09-03
13620892,7150.0,8.875007486048396,Mitsubishi,Pajero,2002,24,,1,,1,SUV,Petrol,Automatic,Black,used,1,Mass_Market,Phnom Penh,Tier_1,individual,0,0,2026-06-08 10:00:49,2026-09-06T07:10:06.773656+00:00,2026-09-06
13926170,21900.0,9.994287576862567,Mitsubishi,Xpander,2021,5,,1,,1,SUV,Petrol,Automatic,White,used,1,Mass_Market,Phnom Penh,Tier_1,store,0,0,2026-08-25 12:06:50,2026-09-04T07:16:44.812899+00:00,2026-09-04
13958024,15000.0,9.61587214452889,WULING,ផ្សេងៗ,2024,2,,1,0,0,Sedan,Electric,Automatic,Green,new,0,Other,Phnom Penh,Tier_1,store,0,0,2026-09-02 13:53:36,2026-09-02T09:54:42.312344+00:00,2026-09-02
13895777,9999.0,9.210340371976184,WULING,ផ្សេងៗ,2026,0,,1,0,0,SUV,Electric,Manual,,new,0,Other,Phnom Penh,Tier_1,individual,0,0,2026-08-17 10:22:50,2026-09-03T09:13:12.703341+00:00,2026-09-03
13378072,20900.0,9.94755228369823,Ford,Everest,2017,9,,1,3200,0,SUV,Diesel,Automatic,Red,used,1,Mass_Market,Phnom Penh,Tier_1,store,0,1,2026-04-05 21:50:03,2026-09-06T07:10:09.619298+00:00,2026-09-06
13527197,32800.0,10.39821428171237,Ford,Everest,2018,8,70000,0,3200,0,SUV,Diesel,Automatic,White,used,1,Mass_Market,Phnom Penh,Tier_1,store,0,0,2026-05-17 09:20:49,2026-09-06T07:11:10.046116+00:00,2026-09-06
13666849,32500.0,10.389026137075234,Ford,Territory,2024,2,97765,0,,1,SUV,Petrol,Automatic,White,used,1,Mass_Market,Kandal,Tier_2,store,1,0,2026-06-19 10:11:04,2026-09-03T07:12:48.599649+00:00,2026-09-03
13809259,58000.0,10.968215530759236,Ford,Everest,2026,0,,1,,1,SUV,Diesel,Automatic,Black,new,0,Mass_Market,Phnom Penh,Tier_1,store,0,0,2026-07-25 12:13:09,2026-09-06T07:09:53.588154+00:00,2026-09-06
13821200,20900.0,9.94755228369823,Ford,Ranger,2021,5,,1,,1,Pickup,Diesel,Manual,White,used,1,Mass_Market,Phnom Penh,Tier_1,individual,0,1,2026-07-28 14:43:03,2026-09-03T09:13:31.686054+00:00,2026-09-03
13875129,41500.0,10.633472802314019,Ford,Ranger Raptor,2022,4,50000,0,,1,Pickup,Diesel,Automatic,White,used,1,Mass_Market,Phnom Penh,Tier_1,store,0,0,2026-08-11 16:45:12,2026-09-05T06:58:56.008445+00:00,2026-09-05
13914083,32999.0,10.404262840448617,Ford,Ranger,2023,3,,1,,1,Pickup,Diesel,Automatic,White,used,1,Mass_Market,Phnom Penh,Tier_1,individual,0,0,2026-08-22 09:35:45,2026-09-04T07:20:36.744547+00:00,2026-09-04
13928472,41500.0,10.633472802314019,Ford,Ranger Wildtrak,2023,3,,1,,1,Pickup,Diesel,Automatic,Grey,used,1,Mass_Market,Phnom Penh,Tier_1,store,0,0,2026-08-25 20:15:53,2026-09-06T07:11:46.460086+00:00,2026-09-06
13954608,28977.0,10.274292200380668,Ford,Ranger Wildtrak,2019,7,40000,0,3200,0,Pickup,Diesel,Automatic,White,used,1,Mass_Market,Phnom Penh,Tier_1,store,0,0,2026-09-01 16:10:09,2026-09-05T07:01:41.568410+00:00,2026-09-05
13965745,35800.0,10.485731104959568,Ford,Ranger Raptor,2021,5,,1,,1,Pickup,Diesel,Automatic,White,used,1,Mass_Market,Phnom Penh,Tier_1,individual,0,0,2026-09-04 11:22:44,2026-09-06T07:09:32.302419+00:00,2026-09-06
13297461,43500.0,10.680539205318292,Ford,Ranger Raptor,2021,5,,1,,1,Pickup,,,White,used,1,Mass_Market,Phnom Penh,Tier_1,store,0,0,2026-03-16 18:51:30,2026-09-06T07:13:23.292735+00:00,2026-09-06
13607650,27500.0,10.221977646629885,Ford,Ranger Wildtrak,2017,9,,1,,1,Pickup,Diesel,Automatic,Silver,used,1,Mass_Market,,Unknown,individual,0,1,2026-06-04 16:52:54,2026-09-03T07:13:35.175265+00:00,2026-09-03
13700120,14900.0,9.60918360377546,Ford,Ecosport,2019,7,20000,0,,1,,,Automatic,White,used,1,Mass_Market,Phnom Penh,Tier_1,store,0,0,2026-06-27 08:47:54,2026-09-06T07:12:08.804814+00:00,2026-09-06
13863574,31900.0,10.370392636243981,Ford,Ranger,2022,4,,1,,1,Pickup,Diesel,,Grey,used,1,Mass_Market,Phnom Penh,Tier_1,individual,0,0,2026-08-08 13:47:31,2026-09-03T07:13:56.140161+00:00,2026-09-03
13958776,129900.0,11.774527900858468,BMW,X7,2023,3,18000,0,,1,SUV,Petrol,Automatic,White,used,1,Luxury,Phnom Penh,Tier_1,store,0,0,2026-09-02 15:56:18,2026-09-02T09:52:14.510388+00:00,2026-09-02
13348631,22800.0,10.034559673629849,Land Rover,Range Rover Vogue,2015,11,,1,,1,SUV,Petrol,Automatic,White,used,1,Luxury,Phnom Penh,Tier_1,store,0,0,2026-03-29 12:48:17,2026-09-02T09:51:16.400412+00:00,2026-09-02
13459063,40000.0,10.596659732783579,Land Rover,Rangerover Velar,2018,8,,1,,1,SUV,Diesel,Automatic,Black,used,1,Luxury,Phnom Penh,Tier_1,individual,0,0,2026-04-29 23:14:39,2026-09-03T07:13:12.569524+00:00,2026-09-03
13548090,85000.0,11.350418300109132,Land Rover,Defender,2020,6,30000,0,,1,SUV,Diesel,Automatic,Gold,used,1,Luxury,Phnom Penh,Tier_1,store,0,0,2026-05-21 13:56:16,2026-09-06T07:14:07.282706+00:00,2026-09-06
13643152,87900.0,11.383966460172834,Land Rover,Defender 110,2021,5,,1,,1,SUV,Diesel,Automatic,White,used,1,Luxury,Phnom Penh,Tier_1,store,0,0,2026-06-13 11:36:12,2026-09-06T07:14:05.902546+00:00,2026-09-06
13757315,19975.0,9.902286831959609,Land Rover,Range Rover Vogue,2011,15,,1,4400,0,SUV,Diesel,Automatic,Grey,used,1,Luxury,Phnom Penh,Tier_1,individual,0,0,2026-07-11 15:27:18,2026-09-03T09:12:32.924236+00:00,2026-09-03
13763388,19000.0,9.852246888342531,Land Rover,Range Rover Vogue,2013,13,,1,,1,SUV,Diesel,Automatic,White,used,1,Luxury,Phnom Penh,Tier_1,individual,0,0,2026-07-13 11:56:41,2026-09-03T09:13:36.723781+00:00,2026-09-03
13895757,29999.0,10.308952660644293,Land Rover,Range Rover Vogue,2014,12,,1,,1,SUV,Diesel,Automatic,Black,used,1,Luxury,Phnom Penh,Tier_1,individual,0,0,2026-08-17 10:21:31,2026-09-03T09:13:44.999367+00:00,2026-09-03
13926096,23800.0,10.077482875583607,Land Rover,Range Rover Vogue,2014,12,,1,,1,SUV,Petrol,Automatic,Black,used,1,Luxury,Phnom Penh,Tier_1,individual,0,0,2026-08-25 11:52:40,2026-09-05T06:58:21.476765+00:00,2026-09-05
13947386,31500.0,10.357774570341576,Land Rover,Range Rover Evoque,2015,11,,1,,1,,,Automatic,White,used,1,Luxury,Phnom Penh,Tier_1,store,0,0,2026-08-30 20:20:49,2026-09-02T09:55:41.500520+00:00,2026-09-02
13901576,53000.0,10.87806606028079,AVATR,AVATR 12,2025,1,,1,0,0,Sedan,Electric,Automatic,Black,used,0,Chinese_EV,Phnom Penh,Tier_1,individual,0,0,2026-08-18 16:13:51,2026-09-03T09:12:50.549095+00:00,2026-09-03
13893444,37900.0,10.542732775946709,AVATR,AVATR 07,2026,0,,1,0,0,SUV,Electric,Automatic,Black,new,0,Chinese_EV,Phnom Penh,Tier_1,store,1,0,2026-08-16 16:04:30,2026-09-05T07:02:24.671890+00:00,2026-09-05
13901766,42500.0,10.657282884047461,AVATR,AVATR 11,2025,1,1190,0,0,0,Sedan,Electric,Automatic,Grey,used,0,Chinese_EV,Phnom Penh,Tier_1,store,0,0,2026-08-18 16:59:06,2026-09-06T07:14:07.844674+00:00,2026-09-06
13966274,199000.0,12.201065128819632,Cadillac,Escalade ESV,2025,1,8000,0,,1,MPV,Petrol,Automatic,Black,used,1,Luxury,Phnom Penh,Tier_1,individual,0,0,2026-09-04 13:06:24,2026-09-04T07:18:20.699131+00:00,2026-09-04
13256768,39500.0,10.584081267024454,Mazda,CX-8,2026,0,,1,,1,SUV,Petrol,Automatic,White,used,1,Mass_Market,Phnom Penh,Tier_1,store,0,0,2026-03-06 13:10:27,2026-09-02T09:55:46.843015+00:00,2026-09-02
13335590,27500.0,10.221977646629885,Mazda,Mazda 3,2021,5,,1,1500,0,Sedan,Petrol,Automatic,White,used,1,Mass_Market,Phnom Penh,Tier_1,store,0,0,2026-03-25 18:58:26,2026-09-02T09:54:11.024878+00:00,2026-09-02
13394038,27500.0,10.221977646629885,Mazda,BT-50,2019,7,,1,,1,Pickup,Diesel,Automatic,Black,used,1,Mass_Market,Phnom Penh,Tier_1,individual,0,0,2026-04-09 20:51:39,2026-09-05T07:03:55.936463+00:00,2026-09-05
13649828,25500.0,10.146472946063877,Mazda,BT-50,2019,7,,1,,1,Pickup,Diesel,Automatic,Silver,used,1,Mass_Market,Kampot,Tier_3,store,0,0,2026-06-15 10:20:09,2026-09-03T07:13:18.003584+00:00,2026-09-03
13953763,28500.0,10.25769445336048,Mazda,BT-50,2021,5,,1,,1,Pickup,Diesel,Automatic,White,used,1,Mass_Market,Phnom Penh,Tier_1,individual,0,0,2026-09-01 13:30:04,2026-09-03T09:12:56.334417+00:00,2026-09-03
13965326,12900.0,9.465060106725137,Mazda,Mazda 2,2014,12,,1,,1,Sedan,Petrol,Automatic,Silver,used,1,Mass_Market,Phnom Penh,Tier_1,individual,0,0,2026-09-04 10:17:18,2026-09-05T06:59:23.432479+00:00,2026-09-05
13970133,43800.0,10.687411927154141,Mazda,EZ-60,2025,1,1200,0,,1,SUV,Petrol,Automatic,White,used,1,Mass_Market,Phnom Penh,Tier_1,store,0,0,2026-09-05 13:17:43,2026-09-05T06:59:20.985292+00:00,2026-09-05
13368372,48900.0,10.797553125151618,Mazda,CX-60,2025,1,,1,,1,,,,Grey,used,1,Mass_Market,Phnom Penh,Tier_1,store,0,0,2026-04-03 10:44:38,2026-09-02T09:53:32.278729+00:00,2026-09-02
13965897,25500.0,10.146472946063877,Mazda,BT-50,2020,6,,1,,1,Pickup,Diesel,,White,used,1,Mass_Market,Phnom Penh,Tier_1,individual,0,0,2026-09-04 11:44:18,2026-09-04T07:21:47.733363+00:00,2026-09-04
13936419,27800.0,10.2328272702548,Mazda,Mazda6,2020,6,,1,,1,Sedan,Petrol,,White,used,1,Mass_Market,Phnom Penh,Tier_1,individual,0,0,2026-08-27 17:51:08,2026-09-03T09:13:40.323987+00:00,2026-09-03
13477078,24800.0,10.118639253920785,Nissan,Navara,2018,8,,1,,1,Pickup,Diesel,Automatic,Blue,used,1,Mass_Market,Siem Reap,Tier_2,store,0,0,2026-05-04 21:08:55,2026-09-05T07:01:24.500854+00:00,2026-09-05
13965936,28000.0,10.239995502805316,Nissan,Navara,2020,6,,1,,1,Pickup,Diesel,Manual,Grey,used,1,Mass_Market,Phnom Penh,Tier_1,store,0,0,2026-09-04 11:53:07,2026-09-04T07:21:26.561576+00:00,2026-09-04
13965998,14900.0,9.60918360377546,Volkswagen,ផ្សេងៗ,2015,11,,1,,1,SUV,Diesel,Automatic,Black,used,1,Mass_Market,Phnom Penh,Tier_1,store,0,0,2026-09-04 12:06:13,2026-09-04T07:20:24.060823+00:00,2026-09-04
13291663,17600.0,9.77571099759397,Toyota,Highlander,2002,24,,1,,1,SUV,Petrol,Automatic,White,used,1,Mass_Market,Phnom Penh,Tier_1,store,0,0,2026-03-15 12:12:02,2026-09-06T07:13:17.722649+00:00,2026-09-06
13388499,17600.0,9.77571099759397,Toyota,Highlander,2002,24,,1,,1,SUV,Petrol,Automatic,White,used,1,Mass_Market,Phnom Penh,Tier_1,store,0,0,2026-04-08 12:49:59,2026-09-06T07:13:15.101637+00:00,2026-09-06
13390613,14900.0,9.60918360377546,Toyota,Highlander,2002,24,,1,,1,SUV,Petrol,Automatic,Silver,used,1,Mass_Market,Kampong Cham,Tier_2,individual,0,0,2026-04-08 22:39:24,2026-09-03T09:14:01.402302+00:00,2026-09-03
13529822,15800.0,9.6678285081515,Toyota,Prius,2012,14,,1,,1,Hatchback,Petrol,Automatic,Red,used,0,Mass_Market,Phnom Penh,Tier_1,store,0,0,2026-05-17 20:05:54,2026-09-06T07:09:14.494604+00:00,2026-09-06
13551117,6850.0,8.832149906002899,Toyota,Vitz,2009,17,,1,,1,SUV,Petrol,Automatic,White,used,1,Mass_Market,Phnom Penh,Tier_1,individual,0,0,2026-05-22 09:39:14,2026-09-04T07:22:35.544585+00:00,2026-09-04
13583522,11000.0,9.305741456739435,Toyota,Prius,2006,20,,1,,1,Hatchback,Hybrid,Automatic,White,used,1,Mass_Market,Phnom Penh,Tier_1,store,1,0,2026-05-29 19:38:06,2026-09-02T09:54:40.524242+00:00,2026-09-02
13584500,8000.0,8.987321812850125,Toyota,Land Cruiser Prado,1998,28,,1,,1,SUV,Diesel,Automatic,Gold,used,1,Mass_Market,Phnom Penh,Tier_1,individual,0,0,2026-05-30 08:30:02,2026-09-03T07:17:41.690240+00:00,2026-09-03
13614601,16500.0,9.711176264112805,Toyota,Highlander,2005,21,,1,,1,SUV,Petrol,Automatic,Gold,used,1,Mass_Market,Phnom Penh,Tier_1,store,0,0,2026-06-06 13:03:30,2026-09-05T06:58:47.332208+00:00,2026-09-05
13625236,20900.0,9.94755228369823,Toyota,Alphard,2012,14,,1,,1,MPV,Petrol,Automatic,Black,used,0,Mass_Market,Phnom Penh,Tier_1,store,0,0,2026-06-09 10:21:17,2026-09-05T07:04:17.655544+00:00,2026-09-05
13646915,9900.0,9.200391041122515,Toyota,Prius,2007,19,,1,,1,Hatchback,Hybrid,Automatic,Silver,used,1,Mass_Market,Phnom Penh,Tier_1,store,0,0,2026-06-14 12:48:14,2026-09-06T07:10:53.348716+00:00,2026-09-06
13670733,9750.0,9.18512512283512,Toyota,Prius,2005,21,,1,,1,Hatchback,Hybrid,Automatic,White,used,1,Mass_Market,Phnom Penh,Tier_1,store,0,0,2026-06-20 09:47:49,2026-09-05T07:04:11.215426+00:00,2026-09-05
13671604,13900.0,9.539716058977092,Toyota,Prius,2010,16,,1,,1,Hatchback,Hybrid,Automatic,Gold,used,1,Mass_Market,Siem Reap,Tier_2,individual,0,0,2026-06-20 12:50:08,2026-09-06T07:09:45.545951+00:00,2026-09-06
13674251,17000.0,9.741027444837728,Toyota,Prius,2012,14,,1,,1,Hatchback,Hybrid,Automatic,Silver,used,0,Mass_Market,Phnom Penh,Tier_1,store,0,1,2026-06-21 10:00:29,2026-09-05T07:04:19.523810+00:00,2026-09-05
13675047,23500.0,10.064798252418377,Toyota,Camry,2012,14,,1,2500,0,Sedan,Hybrid,Automatic,White,used,0,Mass_Market,Phnom Penh,Tier_1,individual,0,0,2026-06-21 12:58:04,2026-09-03T09:13:24.195443+00:00,2026-09-03
13708137,35000.0,10.463131911491967,Toyota,Alphard,2019,7,,1,,1,MPV,Petrol,Automatic,White,used,1,Mass_Market,Phnom Penh,Tier_1,individual,0,0,2026-06-29 11:56:51,2026-09-03T07:18:32.153036+00:00,2026-09-03
13724330,67600.0,11.121378054821049,Toyota,Fortuner,2026,0,100000,0,,1,SUV,Diesel,Automatic,White,new,0,Mass_Market,Phnom Penh,Tier_1,store,0,0,2026-07-03 12:03:24,2026-09-06T07:10:30.603945+00:00,2026-09-06
13724331,25500.0,10.146472946063877,Toyota,Raize,2026,0,100000,0,,1,SUV,Petrol,Automatic,White,new,0,Mass_Market,Phnom Penh,Tier_1,store,0,0,2026-07-03 12:03:45,2026-09-06T07:10:30.262431+00:00,2026-09-06
13728956,14900.0,9.60918360377546,Toyota,Prius,2010,16,,1,,1,Hatchback,Hybrid,Automatic,White,used,0,Mass_Market,Phnom Penh,Tier_1,store,1,0,2026-07-04 15:15:05,2026-09-06T07:10:48.304792+00:00,2026-09-06
13756751,16999.0,9.740968623038354,Toyota,Tacoma,2007,19,,1,,1,Pickup,Petrol,Automatic,Silver,used,1,Mass_Market,Battambang,Tier_2,individual,0,0,2026-07-11 13:04:05,2026-09-04T07:21:27.445563+00:00,2026-09-04
13760623,9168.0,9.1235835080499,Toyota,Corolla,2003,23,,1,,1,SUV,Petrol,Automatic,White,used,1,Mass_Market,Svay Rieng,Tier_3,individual,0,0,2026-07-12 14:35:16,2026-09-02T09:55:29.895699+00:00,2026-09-02
13776765,9500.0,9.15915233520675,Toyota,Camry,2002,24,,1,,1,MPV,Petrol,Manual,Silver,used,1,Mass_Market,Phnom Penh,Tier_1,store,0,0,2026-07-16 16:10:03,2026-09-05T07:02:55.185671+00:00,2026-09-05
13786055,15999.0,9.680344001221918,Toyota,Prius,2012,14,,1,,1,Hatchback,Hybrid,Automatic,Silver,used,1,Mass_Market,Phnom Penh,Tier_1,store,0,0,2026-07-19 10:55:56,2026-09-06T07:12:23.862058+00:00,2026-09-06
13797985,17000.0,9.741027444837728,Toyota,Prius,2013,13,,1,,1,Sedan,Hybrid,Automatic,Grey,used,1,Mass_Market,Phnom Penh,Tier_1,individual,0,0,2026-07-22 12:02:09,2026-09-03T07:17:01.443089+00:00,2026-09-03
13809276,14500.0,9.581972891547895,Toyota,Prius,2012,14,,1,,1,Sedan,Hybrid,Automatic,Grey,used,0,Mass_Market,Phnom Penh,Tier_1,individual,0,0,2026-07-25 12:16:27,2026-09-06T07:10:59.899240+00:00,2026-09-06
13829845,19500.0,9.87822102528824,Toyota,Alphard,2013,13,19500,0,,1,MPV,Petrol,Automatic,Black,used,1,Mass_Market,Phnom Penh,Tier_1,individual,0,0,2026-07-30 16:32:40,2026-09-03T07:18:30.200689+00:00,2026-09-03
13852679,9500.0,9.15915233520675,Toyota,Prius,2007,19,,1,,1,Hatchback,Hybrid,Automatic,Blue,used,1,Mass_Market,Phnom Penh,Tier_1,individual,0,0,2026-08-05 17:44:32,2026-09-04T07:17:30.809752+00:00,2026-09-04
13857652,15900.0,9.674137279312397,Toyota,Alphard,2009,17,,1,,1,MPV,Petrol,Automatic,White,used,1,Mass_Market,Phnom Penh,Tier_1,individual,0,0,2026-08-07 03:10:30,2026-09-03T09:13:09.262316+00:00,2026-09-03
13867619,6500.0,8.77971129020447,Toyota,Tacoma,2003,23,,1,,1,Pickup,Petrol,Automatic,Silver,used,1,Mass_Market,Phnom Penh,Tier_1,store,0,0,2026-08-09 18:34:42,2026-09-02T09:51:58.043077+00:00,2026-09-02
13875408,52800.0,10.874285408908944,Toyota,Alphard,2020,6,,1,,1,MPV,Hybrid,Automatic,Black,used,1,Mass_Market,Phnom Penh,Tier_1,store,0,0,2026-08-11 18:03:05,2026-09-06T07:10:51.692394+00:00,2026-09-06
13882377,12950.0,9.468928284223587,Toyota,Prius,2008,18,,1,,1,Hatchback,Petrol,Automatic,Grey,used,0,Mass_Market,Phnom Penh,Tier_1,individual,1,0,2026-08-13 14:00:16,2026-09-03T09:12:47.076724+00:00,2026-09-03
13883583,13200.0,9.488047863280759,Toyota,Prius,2008,18,,1,,1,Sedan,Hybrid,Automatic,White,used,0,Mass_Market,Phnom Penh,Tier_1,individual,0,0,2026-08-13 20:12:13,2026-09-03T07:18:21.146707+00:00,2026-09-03
13886984,18900.0,9.846970109700957,Toyota,Prius,2014,12,,1,,1,Hatchback,Hybrid,Automatic,Silver,used,0,Mass_Market,Phnom Penh,Tier_1,store,0,0,2026-08-14 16:47:00,2026-09-03T07:15:20.905166+00:00,2026-09-03
13893863,18900.0,9.846970109700957,Toyota,Prius,2014,12,,1,0,0,Hatchback,Electric,Automatic,Grey,used,0,Mass_Market,Phnom Penh,Tier_1,store,0,0,2026-08-16 18:55:55,2026-09-05T07:02:54.216089+00:00,2026-09-05
13898263,2999.0,8.006367567650246,Toyota,Corolla,1994,32,,1,,1,Sedan,Petrol,Automatic,Red,used,1,Mass_Market,Siem Reap,Tier_2,individual,0,0,2026-08-17 20:47:45,2026-09-03T09:13:09.142113+00:00,2026-09-03
13903579,12500.0,9.433563920090563,Toyota,Prius,2007,19,,1,,1,Hatchback,Hybrid,Automatic,White,used,0,Mass_Market,Phnom Penh,Tier_1,individual,0,0,2026-08-19 09:58:17,2026-09-04T07:19:17.443030+00:00,2026-09-04
13910408,8500.0,9.04793908261736,Toyota,Tacoma,2002,24,,1,,1,Pickup,Diesel,Automatic,Silver,used,1,Mass_Market,Phnom Penh,Tier_1,store,0,0,2026-08-21 08:42:17,2026-09-03T07:13:38.509085+00:00,2026-09-03
13911655,8800.0,9.082620630373812,Toyota,Prius,2006,20,,1,,1,Sedan,Hybrid,Automatic,Gold,used,1,Mass_Market,Phnom Penh,Tier_1,store,0,0,2026-08-21 12:54:33,2026-09-02T09:55:40.145125+00:00,2026-09-02
13914136,24500.0,10.106469212026385,Toyota,Prius,2018,8,,1,,1,Sedan,Hybrid,Automatic,Grey,used,0,Mass_Market,Phnom Penh,Tier_1,store,0,0,2026-08-22 09:46:04,2026-09-02T09:51:54.819185+00:00,2026-09-02
13915027,33500.0,10.419330568113901,Toyota,Alphard,2015,11,,1,,1,MPV,Hybrid,Automatic,White,used,1,Mass_Market,Phnom Penh,Tier_1,store,0,0,2026-08-22 12:58:45,2026-09-06T07:10:57.684244+00:00,2026-09-06
13917223,11200.0,9.32375833901174,Toyota,Highlander,2002,24,,1,,1,SUV,Petrol,Automatic,Red,used,1,Mass_Market,Phnom Penh,Tier_1,individual,0,0,2026-08-23 07:32:20,2026-09-03T07:14:52.171325+00:00,2026-09-03
13917966,17400.0,9.76428295481558,Toyota,Alphard,2010,16,,1,,1,MPV,Petrol,Automatic,Black,used,1,Mass_Market,Phnom Penh,Tier_1,store,0,0,2026-08-23 10:50:39,2026-09-04T07:16:35.514267+00:00,2026-09-04
13919023,16200.0,9.692828247710418,Toyota,Camry,2007,19,,1,,1,Sedan,Hybrid,Automatic,White,used,1,Mass_Market,Phnom Penh,Tier_1,individual,0,0,2026-08-23 14:55:37,2026-09-04T07:17:29.033965+00:00,2026-09-04
13921915,15700.0,9.661479683575521,Toyota,Highlander,2003,23,,1,,1,SUV,Petrol,Automatic,White,used,1,Mass_Market,Phnom Penh,Tier_1,store,0,0,2026-08-24 11:56:00,2026-09-03T07:15:21.538804+00:00,2026-09-03
13922016,28900.0,10.27163147557801,Toyota,Highlander,2013,13,,1,,1,SUV,Petrol,Automatic,White,used,0,Mass_Market,Phnom Penh,Tier_1,individual,0,0,2026-08-24 12:16:24,2026-09-03T09:12:26.767921+00:00,2026-09-03
13928801,15400.0,9.642187721358466,Toyota,Alphard,2010,16,,1,,1,SUV,Petrol,Automatic,White,used,0,Mass_Market,Phnom Penh,Tier_1,store,0,0,2026-08-25 22:43:14,2026-09-02T09:54:13.553378+00:00,2026-09-02
13929135,7900.0,8.974744612722734,Toyota,Prius,2004,22,,1,,1,Sedan,Hybrid,Automatic,White,used,0,Mass_Market,Kampong Thom,Tier_3,individual,1,0,2026-08-26 06:59:20,2026-09-03T09:13:29.439683+00:00,2026-09-03
13931874,28888.0,10.271216178807896,Toyota,Alphard,2015,11,,1,,1,MPV,Petrol,Automatic,Black,used,1,Mass_Market,Phnom Penh,Tier_1,store,0,0,2026-08-26 16:05:27,2026-09-06T07:09:32.651812+00:00,2026-09-06
13935709,23900.0,10.081675578048475,Toyota,Prius,2018,8,,1,0,0,Sedan,Electric,Automatic,Blue,used,0,Mass_Market,Phnom Penh,Tier_1,store,0,0,2026-08-27 15:32:33,2026-09-06T07:13:37.048050+00:00,2026-09-06
13937266,21500.0,9.975854724662028,Toyota,Highlander,2024,2,,1,,1,SUV,Petrol,Automatic,White,used,1,Mass_Market,Phnom Penh,Tier_1,store,0,0,2026-08-28 07:51:07,2026-09-03T07:16:05.176858+00:00,2026-09-03
13937444,18800.0,9.841665338892785,Toyota,Prius,2014,12,,1,,1,Sedan,Hybrid,Automatic,White,used,1,Mass_Market,Phnom Penh,Tier_1,individual,1,0,2026-08-28 08:51:00,2026-09-05T07:04:00.382901+00:00,2026-09-05
13940184,8500.0,9.04793908261736,Toyota,Camry,2002,24,,1,,1,Sedan,Petrol,Automatic,Silver,used,1,Mass_Market,Phnom Penh,Tier_1,individual,0,0,2026-08-28 18:26:31,2026-09-03T09:13:45.314170+00:00,2026-09-03
13941177,8990.0,9.103979355984773,Toyota,Prius,2005,21,,1,,1,SUV,Hybrid,Automatic,White,used,1,Mass_Market,Phnom Penh,Tier_1,store,1,0,2026-08-29 08:07:44,2026-09-06T07:13:18.285092+00:00,2026-09-06
13943631,27800.0,10.2328272702548,Toyota,Prius,2017,9,,1,,1,Sedan,Hybrid,Automatic,Grey,used,0,Mass_Market,Phnom Penh,Tier_1,store,0,0,2026-08-29 16:54:03,2026-09-03T07:16:04.347179+00:00,2026-09-03
13943986,4200.0,8.343077871169383,Toyota,Camry,1998,28,,1,,1,SUV,Petrol,Automatic,Gold,used,1,Mass_Market,Prey Veng,Tier_3,individual,0,1,2026-08-29 19:23:10,2026-09-03T07:12:28.528535+00:00,2026-09-03
13946698,14500.0,9.581972891547895,Toyota,Prius,2012,14,,1,,1,Hatchback,Hybrid,Automatic,Green,used,1,Mass_Market,Phnom Penh,Tier_1,store,0,0,2026-08-30 15:58:00,2026-09-02T09:52:04.014778+00:00,2026-09-02
13949718,10999.0,9.305650551780507,Toyota,Camry,2004,22,,1,,1,Sedan,Petrol,Automatic,Silver,used,1,Mass_Market,Phnom Penh,Tier_1,store,0,0,2026-08-31 12:36:46,2026-09-05T06:59:10.499864+00:00,2026-09-05
13951572,14800.0,9.60245002503719,Toyota,Prius,2012,14,,1,,1,Sedan,Hybrid,Automatic,Grey,used,0,Mass_Market,Phnom Penh,Tier_1,store,0,0,2026-08-31 22:09:26,2026-09-03T07:14:15.596363+00:00,2026-09-03
13952850,21000.0,9.952325334619427,Toyota,Tacoma,2011,15,,1,,1,Pickup,Petrol,Automatic,Silver,used,0,Mass_Market,Phnom Penh,Tier_1,store,0,0,2026-09-01 11:06:50,2026-09-06T07:11:14.924144+00:00,2026-09-06
13953919,41900.0,10.643064971973882,Toyota,Fortuner,2020,6,,1,,1,SUV,Diesel,Automatic,White,used,1,Mass_Market,Phnom Penh,Tier_1,individual,1,0,2026-09-01 14:03:38,2026-09-03T09:12:39.880628+00:00,2026-09-03
13957850,12200.0,9.409273194575334,Toyota,Prius,2008,18,,1,,1,Sedan,Hybrid,Automatic,Grey,used,0,Mass_Market,Phnom Penh,Tier_1,store,0,0,2026-09-02 13:10:51,2026-09-02T09:55:45.645068+00:00,2026-09-02
13958200,16700.0,9.723223876851618,Toyota,Camry,2007,19,,1,,1,Sedan,Hybrid,Automatic,White,used,1,Mass_Market,Phnom Penh,Tier_1,store,0,0,2026-09-02 14:19:27,2026-09-03T07:12:49.327676+00:00,2026-09-03
13961998,23000.0,10.043292972227004,Toyota,Alphard,2012,14,,1,,1,MPV,Petrol,Automatic,White,used,0,Mass_Market,Phnom Penh,Tier_1,store,1,0,2026-09-03 12:52:21,2026-09-03T07:14:52.763350+00:00,2026-09-03
13965991,7799.0,8.961879012677683,Toyota,Prius,2006,20,,1,,1,Hatchback,Hybrid,Automatic,White,used,1,Mass_Market,Phnom Penh,Tier_1,store,0,0,2026-09-04 12:05:19,2026-09-04T07:20:26.067382+00:00,2026-09-04
13966422,6850.0,8.832149906002899,Toyota,Prius,2004,22,,1,,1,Sedan,Hybrid,Automatic,Silver,used,1,Mass_Market,Kampong Cham,Tier_2,individual,0,0,2026-09-04 13:33:43,2026-09-04T07:17:33.552594+00:00,2026-09-04
13475959,15900.0,9.674137279312397,Toyota,Wigo,2026,0,,1,,1,Hatchback,Petrol,Automatic,White,new,0,Mass_Market,Phnom Penh,Tier_1,store,0,0,2026-05-04 15:29:45,2026-09-06T07:11:38.546364+00:00,2026-09-06
13486817,7900.0,8.974744612722734,Toyota,Scion,2006,20,,1,,1,SUV,Petrol,Automatic,White,used,1,Mass_Market,Phnom Penh,Tier_1,store,0,0,2026-05-07 10:38:12,2026-09-02T09:52:53.154464+00:00,2026-09-02
13687176,39800.0,10.591647316585027,Toyota,Hilux Revo,2022,4,,1,,1,Pickup,Diesel,Automatic,White,used,1,Mass_Market,Phnom Penh,Tier_1,store,1,0,2026-06-24 10:17:47,2026-09-06T07:09:44.779780+00:00,2026-09-06
13732008,5900.0,8.682877107057168,Toyota,Scion,2005,21,,1,,1,Hatchback,Petrol,Automatic,Grey,used,1,Mass_Market,Phnom Penh,Tier_1,individual,0,0,2026-07-05 14:34:27,2026-09-04T07:18:35.809486+00:00,2026-09-04
13762681,39800.0,10.591647316585027,Toyota,Hilux Revo,2022,4,,1,,1,Pickup,Diesel,Automatic,White,used,1,Mass_Market,Phnom Penh,Tier_1,store,0,0,2026-07-13 09:35:13,2026-09-04T07:22:06.236730+00:00,2026-09-04
13856999,28400.0,10.254179634797001,Toyota,Veloz,2026,0,100000,0,1500,0,MPV,Petrol,Automatic,Black,new,0,Mass_Market,Phnom Penh,Tier_1,store,0,0,2026-08-06 19:46:29,2026-09-02T09:53:47.720254+00:00,2026-09-02
13914428,6200.0,8.732465848349879,Toyota,Matrix,2003,23,,1,,1,Hatchback,Petrol,Automatic,Black,used,1,Mass_Market,Phnom Penh,Tier_1,individual,0,0,2026-08-22 10:46:11,2026-09-06T07:11:52.675046+00:00,2026-09-06
13935389,39500.0,10.584081267024454,Toyota,Hilux Rally,2025,1,,1,,1,Pickup,Diesel,Automatic,White,used,1,Mass_Market,Phnom Penh,Tier_1,individual,0,0,2026-08-27 14:27:00,2026-09-04T07:18:12.752606+00:00,2026-09-04
13709066,12800.0,9.45727857185611,Toyota,Camry,2005,21,,1,,1,Sedan,Petrol,Automatic,White,used,1,Mass_Market,Phnom Penh,Tier_1,store,0,0,2026-06-29 15:02:49,2026-09-06T07:11:53.008397+00:00,2026-09-06
13731579,17700.0,9.781376414141157,Toyota,Prius,2012,14,,1,,1,Hatchback,Petrol,Automatic,White,used,0,Mass_Market,Phnom Penh,Tier_1,store,1,0,2026-07-05 12:30:46,2026-09-04T07:16:00.086861+00:00,2026-09-04
13769317,19500.0,9.87822102528824,Toyota,Prius,2014,12,,1,,1,Hatchback,Petrol,Automatic,White,used,0,Mass_Market,Phnom Penh,Tier_1,store,0,0,2026-07-14 16:50:21,2026-09-06T07:13:53.287085+00:00,2026-09-06
13813365,21500.0,9.975854724662028,Toyota,Prius,2017,9,96560,0,,1,Hatchback,Hybrid,Automatic,White,used,1,Mass_Market,Phnom Penh,Tier_1,individual,0,0,2026-07-26 16:12:00,2026-09-06T07:13:01.294858+00:00,2026-09-06
13848204,14950.0,9.612533466213927,Toyota,Camry,2008,18,,1,,1,Sedan,Petrol,Automatic,Grey,used,1,Mass_Market,Kampong Speu,Tier_3,individual,0,0,2026-08-04 16:19:20,2026-09-05T07:00:56.878175+00:00,2026-09-05
13905498,7800.0,8.962007209588313,Toyota,Prius,2004,22,,1,,1,Hatchback,Hybrid,Automatic,Silver,used,1,Mass_Market,Phnom Penh,Tier_1,individual,0,0,2026-08-19 17:10:51,2026-09-03T09:13:22.681355+00:00,2026-09-03
13945151,3700.0,8.216358332386156,Toyota,RAV4,1998,28,,1,,1,SUV,Petrol,Automatic,Green,used,1,Mass_Market,Phnom Penh,Tier_1,store,0,0,2026-08-30 09:28:57,2026-09-02T09:54:51.565613+00:00,2026-09-02
13961817,21500.0,9.975854724662028,Toyota,Alphard,2012,14,,1,,1,MPV,Diesel,Automatic,Black,used,1,Mass_Market,Phnom Penh,Tier_1,store,0,0,2026-09-03 12:15:55,2026-09-05T06:57:44.453916+00:00,2026-09-05
13961915,16500.0,9.711176264112805,Toyota,Prius,2010,16,,1,,1,Hatchback,Hybrid,Automatic,White,used,1,Mass_Market,Phnom Penh,Tier_1,individual,1,0,2026-09-03 12:33:21,2026-09-03T07:15:31.518378+00:00,2026-09-03
13955168,14900.0,9.60918360377546,Toyota,Prius,2013,13,,1,,1,Hatchback,,,Black,used,1,Mass_Market,Phnom Penh,Tier_1,individual,1,0,2026-09-01 18:34:22,2026-09-02T09:54:22.432609+00:00,2026-09-02
13943666,11900.0,9.38437770918244,Toyota,Camry,2007,19,,1,,1,Sedan,Hybrid,,Gold,used,1,Mass_Market,Kandal,Tier_2,individual,0,0,2026-08-29 17:05:22,2026-09-03T09:12:32.364689+00:00,2026-09-03
13945444,10500.0,9.259225769705994,Toyota,Prius,2008,18,,1,,1,Hatchback,Petrol,,Green,used,1,Mass_Market,Phnom Penh,Tier_1,store,1,0,2026-08-30 10:40:28,2026-09-06T07:10:33.501682+00:00,2026-09-06
13467457,29800.0,10.30229722897745,Toyota,Highlander,2012,14,,1,,1,SUV,Petrol,Automatic,,used,0,Mass_Market,Phnom Penh,Tier_1,store,0,0,2026-05-02 09:49:02,2026-09-03T07:16:08.235701+00:00,2026-09-03
13618017,9350.0,9.143238568435446,Toyota,Prius,2006,20,,1,,1,Hatchback,,,,used,1,Mass_Market,Phnom Penh,Tier_1,individual,1,0,2026-06-07 12:45:30,2026-09-06T07:13:37.079311+00:00,2026-09-06
13801885,38900.0,10.568775236216993,Toyota,Fortuner,2020,6,,1,,1,SUV,,Automatic,White,used,1,Mass_Market,Phnom Penh,Tier_1,store,0,0,2026-07-23 12:01:00,2026-09-04T07:16:44.838276+00:00,2026-09-04
13847176,10900.0,9.296609807128359,Toyota,Highlander,2003,23,,1,,1,SUV,,Automatic,Silver,used,1,Mass_Market,Phnom Penh,Tier_1,store,0,0,2026-08-04 13:14:49,2026-09-04T07:18:52.189260+00:00,2026-09-04
13852892,16900.0,9.735128070758227,Toyota,Prius,2014,12,,1,,1,Hatchback,Hybrid,,Silver,used,1,Mass_Market,Phnom Penh,Tier_1,store,0,0,2026-08-05 19:14:11,2026-09-06T07:11:27.023428+00:00,2026-09-06
13749009,18950.0,9.84961197956681,Toyota,Prius,2014,12,,1,,1,Hatchback,,Automatic,Grey,used,0,Mass_Market,Phnom Penh,Tier_1,store,0,0,2026-07-09 15:16:28,2026-09-05T06:59:34.805879+00:00,2026-09-05
13839729,13300.0,9.495594499353297,Toyota,Prius,2009,17,,1,,1,Hatchback,,Automatic,Grey,used,0,Mass_Market,Phnom Penh,Tier_1,store,0,0,2026-08-02 14:57:51,2026-09-06T07:12:19.446087+00:00,2026-09-06
13945384,23500.0,10.064798252418377,Toyota,Alphard,2012,14,,1,,1,MPV,,Automatic,White,used,1,Mass_Market,Kandal,Tier_2,individual,0,0,2026-08-30 10:26:45,2026-09-03T09:13:05.795546+00:00,2026-09-03
13954098,31000.0,10.34177474101152,Toyota,Land Cruiser,2010,16,,1,,1,SUV,,Automatic,White,used,1,Mass_Market,Phnom Penh,Tier_1,individual,0,0,2026-09-01 14:34:10,2026-09-05T07:02:44.944724+00:00,2026-09-05
13969950,7700.0,8.94910546953925,Toyota,RAV4,2001,25,,1,,1,SUV,,Automatic,Silver,used,1,Mass_Market,Phnom Penh,Tier_1,store,0,0,2026-09-05 12:38:57,2026-09-05T07:00:25.240550+00:00,2026-09-05
13921642,47000.0,10.757924157061597,Toyota,Fortuner,2022,4,,1,,1,SUV,,,Grey,used,0,Mass_Market,Phnom Penh,Tier_1,individual,0,0,2026-08-24 10:57:36,2026-09-03T09:12:35.901826+00:00,2026-09-03
13943094,19900.0,9.898525260706313,Toyota,Rush,2020,6,,1,1500,0,SUV,,,Red,used,1,Mass_Market,Phnom Penh,Tier_1,store,0,0,2026-08-29 14:44:04,2026-09-06T07:11:47.522827+00:00,2026-09-06
13954586,15500.0,9.648659816955295,Toyota,Prius,2010,16,,1,,1,Hatchback,,,White,used,1,Mass_Market,Phnom Penh,Tier_1,individual,0,0,2026-09-01 16:06:18,2026-09-04T07:18:21.555114+00:00,2026-09-04
13958995,16500.0,9.711176264112805,Toyota,Prius,2012,14,,1,,1,Hatchback,,,White,used,0,Mass_Market,Phnom Penh,Tier_1,store,0,0,2026-09-02 16:37:16,2026-09-02T09:51:32.554777+00:00,2026-09-02
13967325,14300.0,9.568084743872936,Toyota,Prius,2012,14,,1,,1,Hatchback,,,Grey,used,0,Mass_Market,Phnom Penh,Tier_1,store,0,0,2026-09-04 16:20:40,2026-09-06T07:10:47.195510+00:00,2026-09-06
13697169,19800.0,9.893487720457795,Toyota,Venza,2010,16,,1,,1,,,,White,used,1,Mass_Market,Phnom Penh,Tier_1,store,1,0,2026-06-26 12:44:37,2026-09-02T09:52:36.706156+00:00,2026-09-02
13970236,5800.0,8.665785595466064,Toyota,Scion,2004,22,,1,,1,,,,Grey,used,0,Mass_Market,Phnom Penh,Tier_1,store,0,1,2026-09-05 13:39:51,2026-09-05T06:58:38.575100+00:00,2026-09-05
13973164,19500.0,9.87822102528824,Toyota,Venza,2010,16,,1,,1,,,,White,used,1,Mass_Market,Phnom Penh,Tier_1,store,1,0,2026-09-06 11:49:19,2026-09-06T07:13:17.734165+00:00,2026-09-06
13527331,16300.0,9.69898173460629,Toyota,Prius,2012,14,,1,,1,Hatchback,Hybrid,,Red,used,0,Mass_Market,Phnom Penh,Tier_1,store,0,0,2026-05-17 09:44:50,2026-09-04T07:17:21.919825+00:00,2026-09-04
13550819,9900.0,9.200391041122515,Toyota,Prius,2005,21,,1,,1,Hatchback,Hybrid,,White,used,1,Mass_Market,Phnom Penh,Tier_1,store,1,0,2026-05-22 08:53:18,2026-09-06T07:14:06.160708+00:00,2026-09-06
13726348,14700.0,9.595670797663967,Toyota,Highlander,2003,23,,1,,1,Coupe,Petrol,,Gold,used,1,Mass_Market,Battambang,Tier_2,individual,0,0,2026-07-03 21:17:52,2026-09-02T09:51:20.716199+00:00,2026-09-02
13953191,14500.0,9.581972891547895,Toyota,Venza,2009,17,,1,,1,,Petrol,Automatic,White,used,1,Mass_Market,Phnom Penh,Tier_1,individual,0,0,2026-09-01 11:59:16,2026-09-03T09:14:19.531137+00:00,2026-09-03
13953500,17999.0,9.798127036878302,Toyota,Highlander,2001,25,,1,,1,SUV,Diesel,,White,used,1,Mass_Market,Takeo,Tier_3,individual,0,0,2026-09-01 12:40:44,2026-09-06T07:13:20.121853+00:00,2026-09-06
13958084,17900.0,9.792611856190192,Toyota,Prius,2014,12,,1,,1,Sedan,Hybrid,,White,used,0,Mass_Market,Phnom Penh,Tier_1,individual,0,0,2026-09-02 14:04:07,2026-09-02T09:54:27.097361+00:00,2026-09-02
13949249,17500.0,9.770013301136158,Toyota,Santa 015 ម៉ាស៊ូត,2015,11,75000,0,,1,,Diesel,Automatic,Silver,used,1,Mass_Market,Siem Reap,Tier_2,individual,0,0,2026-08-31 10:53:39,2026-09-03T09:12:49.398271+00:00,2026-09-03
13536340,26905.0,10.200104589045488,Chevrolet,Equinox,2023,3,20000,0,1500,0,SUV,Petrol,Automatic,Black,used,1,Mass_Market,Phnom Penh,Tier_1,individual,0,0,2026-05-19 07:40:50,2026-09-04T07:16:27.042441+00:00,2026-09-04
13973532,55800.0,10.929547069355774,Denza,D9,2025,1,,1,,1,MPV,Hybrid,Automatic,Black,used,1,Chinese_EV,Phnom Penh,Tier_1,store,0,0,2026-09-06 13:14:54,2026-09-06T07:10:51.312317+00:00,2026-09-06
13836458,48800.0,10.795506083434564,Denza,D9,2025,1,,1,,1,Station Wagon,Hybrid,,Black,used,1,Chinese_EV,Phnom Penh,Tier_1,individual,0,1,2026-08-01 15:04:44,2026-09-03T09:12:27.667487+00:00,2026-09-03
13265243,33500.0,10.419330568113901,GTV,KAIN,2026,0,,1,,1,SUV,Hybrid,Automatic,White,new,0,Chinese_EV,Phnom Penh,Tier_1,store,0,0,2026-03-08 19:42:08,2026-09-04T07:16:00.872803+00:00,2026-09-04
13862421,24500.0,10.106469212026385,GTV,KAIN,2026,0,,1,,1,SUV,Petrol,Automatic,White,new,0,Chinese_EV,Phnom Penh,Tier_1,individual,0,0,2026-08-08 09:43:13,2026-09-03T09:13:07.216192+00:00,2026-09-03
13936262,11500.0,9.350189267092581,Hyundai,Starex,2014,12,,1,,1,MPV,Diesel,Automatic,Silver,used,1,Mass_Market,Phnom Penh,Tier_1,individual,0,0,2026-08-27 17:03:19,2026-09-02T09:54:02.848120+00:00,2026-09-02
13953642,8200.0,9.012011377036412,Hyundai,Starex,2009,17,,1,,1,MPV,Diesel,Automatic,Silver,used,1,Mass_Market,Phnom Penh,Tier_1,individual,0,0,2026-09-01 13:07:56,2026-09-03T09:13:09.137165+00:00,2026-09-03
13969973,29000.0,10.275085591132715,Hyundai,Santa Fe,2022,4,,1,,1,SUV,Diesel,Automatic,White,used,1,Mass_Market,Phnom Penh,Tier_1,store,1,0,2026-09-05 12:44:41,2026-09-05T07:00:09.056263+00:00,2026-09-05
13954455,28999.0,10.275051108968611,Hyundai,Palisade,2020,6,40000,0,3500,0,SUV,,Automatic,White,used,1,Mass_Market,Phnom Penh,Tier_1,store,0,0,2026-09-01 15:43:55,2026-09-04T07:16:05.963776+00:00,2026-09-04
13962233,4200.0,8.343077871169383,Hyundai,Truck,1994,32,,1,,1,,,Manual,White,used,1,Mass_Market,Takeo,Tier_3,individual,0,0,2026-09-03 13:40:43,2026-09-03T07:13:35.237178+00:00,2026-09-03
13820964,19700.0,9.888424674859083,Hyundai,H1,2019,7,,1,,1,MPV,,,White,used,1,Mass_Market,Phnom Penh,Tier_1,store,0,0,2026-07-28 13:48:49,2026-09-06T07:12:34.653112+00:00,2026-09-06
13847805,15000.0,9.61587214452889,Hyundai,Starex,2014,12,,1,,1,MPV,Diesel,Automatic,White,used,0,Mass_Market,Phnom Penh,Tier_1,store,0,0,2026-08-04 14:51:44,2026-09-06T07:12:15.169763+00:00,2026-09-06
13381344,21800.0,9.989711119284745,Changan,Q05,2025,1,150000,0,0,0,SUV,Electric,Automatic,Grey,new,0,Chinese_EV,Phnom Penh,Tier_1,store,0,0,2026-04-06 17:01:16,2026-09-02T09:53:15.367706+00:00,2026-09-02
13461120,21800.0,9.989711119284745,Changan,ផ្សេងៗ,2026,0,150000,0,0,0,SUV,Electric,Automatic,Grey,new,0,Chinese_EV,Phnom Penh,Tier_1,store,0,0,2026-04-30 13:35:10,2026-09-06T07:13:26.093649+00:00,2026-09-06
13580718,25200.0,10.134638955251866,Changan,Q05,2026,0,20000,0,0,0,SUV,Electric,Automatic,White,new,0,Chinese_EV,Phnom Penh,Tier_1,individual,0,0,2026-05-29 09:37:20,2026-09-03T07:14:08.852254+00:00,2026-09-03
13724152,22800.0,10.034559673629849,Changan,Q05,2026,0,150000,0,0,0,SUV,Electric,Automatic,White,new,0,Chinese_EV,Phnom Penh,Tier_1,store,0,0,2026-07-03 11:30:33,2026-09-02T09:51:31.374418+00:00,2026-09-02
13869601,29999.0,10.308952660644293,Changan,Q07,2025,1,150000,0,,1,SUV,Petrol,Automatic,Black,new,0,Chinese_EV,Battambang,Tier_2,store,0,0,2026-08-10 11:31:36,2026-09-06T07:13:54.285575+00:00,2026-09-06
13348598,19800.0,9.893487720457795,Chery,ផ្សេងៗ,2025,1,150000,0,,1,,,Automatic,White,new,0,Chinese_EV,Phnom Penh,Tier_1,individual,0,0,2026-03-29 12:38:30,2026-09-05T06:58:50.236095+00:00,2026-09-05
13797817,16000.0,9.680406499268875,MG,ZS,2020,6,17500,0,,1,Hatchback,Petrol,,White,used,1,Chinese_EV,Phnom Penh,Tier_1,individual,0,0,2026-07-22 11:24:29,2026-09-06T07:09:57.240148+00:00,2026-09-06
13656936,26500.0,10.184937747111391,Deepal,S05,2026,0,,1,0,0,SUV,Electric,Automatic,Silver,new,0,Chinese_EV,Phnom Penh,Tier_1,individual,0,0,2026-06-16 20:11:29,2026-09-03T09:12:51.495895+00:00,2026-09-03
13939318,36200.0,10.49684202174171,GAC,GN8,2024,2,,1,,1,MPV,Petrol,Automatic,Black,used,1,Chinese_EV,Phnom Penh,Tier_1,individual,0,0,2026-08-28 14:42:46,2026-09-06T07:09:15.795134+00:00,2026-09-06
13945100,19800.0,9.893487720457795,GAC,GS4,2025,1,,1,,1,SUV,Petrol,Automatic,Black,used,1,Chinese_EV,Phnom Penh,Tier_1,store,0,0,2026-08-30 09:17:17,2026-09-05T06:59:47.839360+00:00,2026-09-05
13970252,42800.0,10.664316745782925,GAC,GN8,2024,2,,1,,1,MPV,Petrol,Automatic,Black,used,1,Chinese_EV,Phnom Penh,Tier_1,store,0,0,2026-09-05 13:44:26,2026-09-06T07:11:01.824428+00:00,2026-09-06
13851954,19800.0,9.893487720457795,GAC,GS4,2025,1,,1,,1,SUV,Petrol,,White,used,1,Chinese_EV,Phnom Penh,Tier_1,individual,0,1,2026-08-05 15:17:00,2026-09-03T09:12:27.309302+00:00,2026-09-03
13966541,8500.0,9.04793908261736,Suzuki,Celerio,2022,4,30000,0,,1,Hatchback,Petrol,Automatic,Red,used,1,Mass_Market,Phnom Penh,Tier_1,individual,0,0,2026-09-04 13:56:48,2026-09-04T07:16:51.337605+00:00,2026-09-04
13607349,18000.0,9.798182590890704,Audi,A8L,2013,13,2013,0,3000,0,Sedan,Petrol,Automatic,White,used,1,Luxury,Phnom Penh,Tier_1,individual,1,0,2026-06-04 15:40:22,2026-09-03T09:13:05.584442+00:00,2026-09-03
13969949,49900.0,10.817796321618971,Audi,Q3,2020,6,60000,0,2000,0,SUV,Petrol,Automatic,Blue,used,1,Luxury,Phnom Penh,Tier_1,store,0,0,2026-09-05 12:38:35,2026-09-05T07:00:25.912362+00:00,2026-09-05
13558646,26800.0,10.196194479235656,Leapmotor,c01,2024,2,625,0,0,0,Sedan,Electric,,White,new,0,Chinese_EV,Phnom Penh,Tier_1,store,0,0,2026-05-23 23:11:45,2026-09-02T09:53:42.097002+00:00,2026-09-02
13456717,88000.0,11.385103457032141,Lexus,LX570,2019,7,,1,,1,SUV,Petrol,Automatic,White,used,1,Luxury,Phnom Penh,Tier_1,store,0,0,2026-04-29 12:35:22,2026-09-06T07:12:46.940934+00:00,2026-09-06
13566951,20200.0,9.913487387114461,Lexus,RX330,2004,22,,1,,1,SUV,Petrol,Automatic,White,used,1,Luxury,Phnom Penh,Tier_1,store,0,0,2026-05-26 08:20:38,2026-09-02T09:51:52.751235+00:00,2026-09-02
13617411,33800.0,10.428245666832275,Lexus,NX200t,2016,10,,1,,1,SUV,Petrol,Automatic,White,used,0,Luxury,Phnom Penh,Tier_1,store,1,0,2026-06-07 10:38:53,2026-09-02T09:53:39.211663+00:00,2026-09-02
13624977,23900.0,10.081675578048475,Lexus,RX330,2005,21,,1,,1,SUV,Petrol,Automatic,White,used,1,Luxury,Phnom Penh,Tier_1,store,0,0,2026-06-09 09:34:22,2026-09-05T07:04:11.165570+00:00,2026-09-05
13649683,380000.0,12.847929163278053,Lexus,LX600,2025,1,,1,3500,0,SUV,Petrol,Automatic,Black,new,0,Luxury,Phnom Penh,Tier_1,store,0,0,2026-06-15 09:55:21,2026-09-06T07:12:58.900706+00:00,2026-09-06
13801911,53500.0,10.887455624298198,Lexus,LX570,2014,12,,1,,1,SUV,Petrol,Automatic,Black,used,1,Luxury,Phnom Penh,Tier_1,store,0,0,2026-07-23 12:05:48,2026-09-06T07:13:52.318065+00:00,2026-09-06
13805608,16900.0,9.735128070758227,Lexus,RX330,2005,21,,1,,1,SUV,Petrol,Automatic,Gold,used,1,Luxury,Phnom Penh,Tier_1,store,0,0,2026-07-24 12:06:02,2026-09-06T07:12:21.561566+00:00,2026-09-06
13837480,32300.0,10.382853468483827,Lexus,RX450h,2010,16,,1,,1,SUV,Hybrid,Automatic,White,used,0,Luxury,Phnom Penh,Tier_1,store,0,0,2026-08-01 22:00:19,2026-09-06T07:09:58.583227+00:00,2026-09-06
13875588,73000.0,11.19822841866684,Lexus,LX570,2017,9,70000,0,,1,SUV,Petrol,Automatic,White,used,1,Luxury,Phnom Penh,Tier_1,store,1,0,2026-08-11 19:22:09,2026-09-06T07:12:54.519250+00:00,2026-09-06
13898535,78800.0,11.274680966120778,Lexus,RX300,2022,4,,1,,1,SUV,Petrol,Automatic,White,used,1,Luxury,Phnom Penh,Tier_1,store,1,0,2026-08-17 22:44:01,2026-09-02T09:51:43.866918+00:00,2026-09-02
13917886,8550.0,9.053803514155955,Lexus,RX300,2003,23,,1,,1,SUV,Petrol,Automatic,Black,used,1,Luxury,Siem Reap,Tier_2,individual,0,0,2026-08-23 10:32:40,2026-09-05T07:02:44.792151+00:00,2026-09-05
13921139,18000.0,9.798182590890704,Lexus,RX330,2005,21,,1,,1,SUV,Petrol,Automatic,Gold,used,1,Luxury,Phnom Penh,Tier_1,individual,1,0,2026-08-24 09:30:41,2026-09-03T07:13:59.121296+00:00,2026-09-03
13937395,13500.0,9.510519035757246,Lexus,RX300,2001,25,,1,,1,SUV,Petrol,Automatic,Gold,used,1,Luxury,Phnom Penh,Tier_1,store,0,0,2026-08-28 08:37:47,2026-09-03T07:16:04.640011+00:00,2026-09-03
13944177,14900.0,9.60918360377546,Lexus,LX470,2003,23,,1,,1,SUV,Petrol,Automatic,White,used,1,Luxury,Phnom Penh,Tier_1,individual,0,0,2026-08-29 20:34:43,2026-09-05T07:02:29.631660+00:00,2026-09-05
13949806,25800.0,10.158168529848494,Lexus,NX200t,2015,11,,1,,1,SUV,Petrol,Automatic,Black,used,1,Luxury,Phnom Penh,Tier_1,store,0,0,2026-08-31 12:59:44,2026-09-05T07:00:52.379028+00:00,2026-09-05
13961529,10300.0,9.239996256883693,Lexus,RX300,2001,25,,1,,1,SUV,Petrol,Automatic,Gold,used,1,Luxury,Phnom Penh,Tier_1,store,0,0,2026-09-03 11:25:42,2026-09-03T07:18:21.963944+00:00,2026-09-03
13965965,92500.0,11.434974734252892,Lexus,LX570,2019,7,,1,,1,SUV,Petrol,Automatic,White,used,1,Luxury,Phnom Penh,Tier_1,store,1,0,2026-09-04 11:59:13,2026-09-04T07:20:52.166774+00:00,2026-09-04
13969314,15500.0,9.648659816955295,Lexus,RX330,2003,23,,1,,1,SUV,Petrol,Automatic,Grey,used,1,Luxury,Phnom Penh,Tier_1,individual,0,0,2026-09-05 10:23:26,2026-09-06T07:09:19.353838+00:00,2026-09-06
13969832,22800.0,10.034559673629849,Lexus,RX330,2004,22,,1,,1,SUV,Diesel,Automatic,White,used,1,Luxury,Phnom Penh,Tier_1,store,0,0,2026-09-05 12:04:59,2026-09-05T07:01:40.615655+00:00,2026-09-05
13970171,9900.0,9.200391041122515,Lexus,LX470,2000,26,,1,,1,SUV,LPG,Automatic,Green,used,1,Luxury,Phnom Penh,Tier_1,individual,0,0,2026-09-05 13:26:24,2026-09-05T06:58:45.826965+00:00,2026-09-05
13970214,10200.0,9.23024103368252,Lexus,RX300,2001,25,,1,,1,SUV,Petrol,Automatic,Gold,used,1,Luxury,Phnom Penh,Tier_1,store,0,0,2026-09-05 13:34:23,2026-09-05T06:58:25.243733+00:00,2026-09-05
13276791,179000.0,12.095146671399466,Lexus,LM,2024,2,,1,,1,MPV,Petrol,Automatic,Silver,used,1,Luxury,Phnom Penh,Tier_1,store,0,0,2026-03-11 14:28:14,2026-09-05T07:00:10.279019+00:00,2026-09-05
13502972,38000.0,10.545367754151743,Lexus,gray,2023,3,,1,0,0,SUV,Electric,Automatic,Black,used,0,Luxury,Phnom Penh,Tier_1,store,1,0,2026-05-11 11:45:06,2026-09-02T09:51:17.956394+00:00,2026-09-02
13559428,49000.0,10.799595985047786,Lexus,RZ450e,2023,3,,1,0,0,SUV,Electric,Automatic,White,new,0,Luxury,Phnom Penh,Tier_1,store,1,0,2026-05-24 10:42:36,2026-09-06T07:12:09.827222+00:00,2026-09-06
13666786,17000.0,9.741027444837728,Lexus,CT,2012,14,,1,,1,Sedan,Hybrid,Automatic,White,used,1,Luxury,Phnom Penh,Tier_1,individual,0,0,2026-06-19 10:03:15,2026-09-04T07:18:05.811602+00:00,2026-09-04
13750140,195000.0,12.180759965737863,Lexus,LM,2025,1,,1,,1,MPV,Petrol,Automatic,White,used,1,Luxury,Phnom Penh,Tier_1,store,0,0,2026-07-09 20:31:49,2026-09-03T07:15:32.383634+00:00,2026-09-03
13953714,32500.0,10.389026137075234,Lexus,NX200t,2015,11,,1,,1,SUV,Petrol,Automatic,White,used,1,Luxury,Phnom Penh,Tier_1,individual,1,0,2026-09-01 13:21:45,2026-09-03T09:13:00.186939+00:00,2026-09-03
13966028,25900.0,10.16203685698089,Lexus,RX450h,2010,16,,1,,1,SUV,Petrol,Automatic,White,used,1,Luxury,Phnom Penh,Tier_1,store,1,0,2026-09-04 12:10:42,2026-09-04T07:20:11.835276+00:00,2026-09-04
13869314,33500.0,10.419330568113901,Lexus,NX200t,2015,11,,1,,1,SUV,,,White,used,0,Luxury,Phnom Penh,Tier_1,store,0,0,2026-08-10 10:29:34,2026-09-06T07:13:57.804499+00:00,2026-09-06
13909499,17500.0,9.770013301136158,Lexus,RX330,2004,22,,1,,1,SUV,,Automatic,Silver,used,1,Luxury,Phnom Penh,Tier_1,individual,1,0,2026-08-20 20:34:54,2026-09-03T09:13:08.630681+00:00,2026-09-03
13966051,19500.0,9.87822102528824,Lexus,RX330,2005,21,,1,,1,SUV,,,Grey,used,1,Luxury,Phnom Penh,Tier_1,store,0,0,2026-09-04 12:14:09,2026-09-04T07:19:59.039216+00:00,2026-09-04
13928035,15800.0,9.6678285081515,Lexus,RX330,2004,22,,1,,1,SUV,LPG,,Gold,used,1,Luxury,Phnom Penh,Tier_1,individual,0,0,2026-08-25 17:39:33,2026-09-04T07:19:50.508134+00:00,2026-09-04
13664350,20800.0,9.942756341456828,Lexus,HS,2010,16,,1,,1,SUV,Petrol,,White,used,1,Luxury,Phnom Penh,Tier_1,store,0,0,2026-06-18 15:19:37,2026-09-02T09:53:46.771558+00:00,2026-09-02
13914751,15500.0,9.648659816955295,Lexus,GX470,2004,22,,1,,1,SUV,Petrol,,White,used,1,Luxury,Phnom Penh,Tier_1,individual,0,0,2026-08-22 11:53:09,2026-09-06T07:10:01.657466+00:00,2026-09-06
13916831,22966.0,10.041813682016414,Lexus,NX200t,2015,11,,1,,1,SUV,Petrol,,Grey,used,1,Luxury,Phnom Penh,Tier_1,individual,1,1,2026-08-22 22:52:37,2026-09-03T07:17:52.671835+00:00,2026-09-03
13953775,13900.0,9.539716058977092,Lexus,GS,2006,20,,1,,1,Sedan,Petrol,,White,used,1,Luxury,Kampot,Tier_3,individual,0,0,2026-09-01 13:33:04,2026-09-03T09:12:55.632236+00:00,2026-09-03
13942995,21650.0,9.982806921740384,Lexus,RX400h,2006,20,,1,,1,,Petrol,Automatic,White,used,1,Luxury,Kandal,Tier_2,individual,0,0,2026-08-29 14:22:19,2026-09-02T09:52:04.495287+00:00,2026-09-02
13636640,21500.0,9.975854724662028,Isuzu,MU-X,2015,11,,1,,1,SUV,Diesel,Automatic,White,used,1,Mass_Market,Phnom Penh,Tier_1,store,0,1,2026-06-11 18:40:34,2026-09-06T07:13:25.400340+00:00,2026-09-06
13456622,24000.0,10.085850775128717,Mercedes-Benz,C-Class,2015,11,300,0,,1,Sedan,Petrol,Automatic,White,used,1,Luxury,Phnom Penh,Tier_1,store,0,0,2026-04-29 12:09:47,2026-09-06T07:10:50.732784+00:00,2026-09-06
13293094,29500.0,10.292179440058462,Mercedes-Benz,Maybach,2015,11,,1,3000,0,Sedan,Petrol,Automatic,Black,used,1,Luxury,,Unknown,store,0,0,2026-03-15 18:15:44,2026-09-06T07:12:56.878993+00:00,2026-09-06
13640260,55000.0,10.915106645867503,Mercedes-Benz,S-Class,2015,11,,1,,1,Sedan,Petrol,Automatic,Black,used,1,Luxury,Phnom Penh,Tier_1,store,0,0,2026-06-12 15:36:42,2026-09-02T09:52:23.803427+00:00,2026-09-02
13950961,29800.0,10.30229722897745,Mercedes-Benz,S-Class,2015,11,193121,0,,1,Sedan,Hybrid,Automatic,Black,used,0,Luxury,Phnom Penh,Tier_1,individual,0,0,2026-08-31 17:09:41,2026-09-04T07:17:26.202431+00:00,2026-09-04
13275050,108000.0,11.58989576532275,Mercedes-Benz,C-Class,2016,10,,1,,1,Sedan,Petrol,Automatic,Black,used,0,Luxury,Phnom Penh,Tier_1,store,0,0,2026-03-11 09:55:11,2026-09-02T09:52:47.229192+00:00,2026-09-02
13453730,36666.0,10.509632446974212,Mercedes-Benz,Maybach,2015,11,,1,,1,Sedan,Petrol,Automatic,Black,used,1,Luxury,Phnom Penh,Tier_1,store,0,0,2026-04-28 17:22:36,2026-09-02T09:54:03.839211+00:00,2026-09-02
13493999,41000.0,10.62135173563291,Mercedes-Benz,S-Class,2015,11,,1,,1,Sedan,Petrol,Automatic,Black,used,1,Luxury,Phnom Penh,Tier_1,store,0,1,2026-05-08 20:00:48,2026-09-02T09:53:24.972812+00:00,2026-09-02
13648587,24500.0,10.106469212026385,Mercedes-Benz,C-Class,2015,11,,1,,1,Sedan,Petrol,Automatic,White,used,1,Luxury,Phnom Penh,Tier_1,store,1,0,2026-06-14 22:04:23,2026-09-04T07:17:30.243378+00:00,2026-09-04
13700162,27000.0,10.203629181337648,Mercedes-Benz,C-Class,2015,11,90000,0,,1,Sedan,Petrol,Automatic,Black,used,0,Luxury,Phnom Penh,Tier_1,store,0,0,2026-06-27 08:58:19,2026-09-06T07:11:56.226759+00:00,2026-09-06
13753165,25500.0,10.146472946063877,Mercedes-Benz,C-Class,2015,11,,1,,1,Sedan,Petrol,Manual,Black,used,1,Luxury,Takeo,Tier_3,individual,1,0,2026-07-10 15:04:56,2026-09-03T07:17:56.628132+00:00,2026-09-03
13810681,75000.0,11.225256725762893,Mercedes-Benz,Maybach,2015,11,,1,,1,SUV,Petrol,Automatic,Black,used,1,Luxury,Phnom Penh,Tier_1,store,1,0,2026-07-25 18:29:38,2026-09-06T07:13:58.728646+00:00,2026-09-06
13884986,21900.0,9.994287576862567,Mercedes-Benz,CLA-45,2015,11,,1,,1,Sedan,Petrol,Automatic,White,used,1,Luxury,Phnom Penh,Tier_1,store,0,0,2026-08-14 10:31:44,2026-09-06T07:09:58.501800+00:00,2026-09-06
13885089,79000.0,11.277215789596893,Mercedes-Benz,AMG GT,2015,11,,1,,1,Coupe,Petrol,Automatic,Grey,used,1,Luxury,Phnom Penh,Tier_1,store,0,0,2026-08-14 10:48:01,2026-09-03T07:14:42.145541+00:00,2026-09-03
13905469,245000.0,12.409017571151187,Mercedes-Benz,G-Class,2019,7,,1,,1,SUV,Petrol,Automatic,Black,new,0,Luxury,Kandal,Tier_2,individual,0,0,2026-08-19 16:59:56,2026-09-03T09:13:17.850265+00:00,2026-09-03
13917804,63000.0,11.050905878263567,Mercedes-Benz,G-Class,2013,13,,1,,1,SUV,Diesel,Automatic,Black,used,1,Luxury,Phnom Penh,Tier_1,store,0,0,2026-08-23 10:12:16,2026-09-06T07:12:51.400373+00:00,2026-09-06
13926823,2950.0,7.989899374942939,Mercedes-Benz,S-Class,1995,31,,1,,1,Sedan,Diesel,Automatic,Gold,used,1,Luxury,Kandal,Tier_2,individual,0,0,2026-08-25 13:52:49,2026-09-06T07:13:55.718403+00:00,2026-09-06
13928868,75800.0,11.235866764155578,Mercedes-Benz,GLS-Class,2020,6,,1,,1,SUV,Petrol,Automatic,Black,used,1,Luxury,Phnom Penh,Tier_1,store,0,0,2026-08-25 23:38:30,2026-09-02T09:52:27.147324+00:00,2026-09-02
13934382,23500.0,10.064798252418377,Mercedes-Benz,S350,2015,11,,1,,1,Sedan,Diesel,Automatic,White,used,1,Luxury,Phnom Penh,Tier_1,store,0,0,2026-08-27 11:10:20,2026-09-05T06:59:35.391241+00:00,2026-09-05
13940659,19500.0,9.87822102528824,Mercedes-Benz,C-Class,2015,11,,1,,1,Sedan,Petrol,Automatic,White,used,1,Luxury,Phnom Penh,Tier_1,store,0,0,2026-08-28 22:03:35,2026-09-04T07:16:33.757379+00:00,2026-09-04
13953569,62500.0,11.042937835596494,Mercedes-Benz,Maybach,2016,10,,1,3000,0,Sedan,Petrol,Automatic,White,used,1,Luxury,Kandal,Tier_2,individual,0,0,2026-09-01 12:51:39,2026-09-03T09:13:19.095716+00:00,2026-09-03
13955411,22800.0,10.034559673629849,Mercedes-Benz,C-Class,2015,11,,1,,1,Sedan,Petrol,Automatic,White,used,1,Luxury,Phnom Penh,Tier_1,store,0,0,2026-09-01 20:47:45,2026-09-06T07:10:28.977683+00:00,2026-09-06
13955690,49900.0,10.817796321618971,Mercedes-Benz,S-Class,2015,11,43452,0,,1,Sedan,Petrol,Automatic,Black,used,0,Luxury,Phnom Penh,Tier_1,store,0,0,2026-09-01 23:25:57,2026-09-06T07:14:15.649589+00:00,2026-09-06
13958041,27000.0,10.203629181337648,Mercedes-Benz,S-Class,2015,11,,1,,1,Sedan,Petrol,Automatic,Black,used,1,Luxury,Phnom Penh,Tier_1,store,0,0,2026-09-02 13:58:21,2026-09-06T07:13:52.708648+00:00,2026-09-06
13969327,33000.0,10.404293143019792,Mercedes-Benz,GL-Class,2015,11,,1,,1,SUV,Petrol,Automatic,White,used,1,Luxury,Takeo,Tier_3,individual,0,0,2026-09-05 10:25:36,2026-09-06T07:09:16.360107+00:00,2026-09-06
13969953,22000.0,9.99884318585288,Mercedes-Benz,GLA-Class,2015,11,,1,,1,Hatchback,Petrol,Automatic,White,used,1,Luxury,Phnom Penh,Tier_1,individual,0,0,2026-09-05 12:40:04,2026-09-05T07:00:21.059888+00:00,2026-09-05
13691073,27000.0,10.203629181337648,Porsche,Panamera,2013,13,,1,,1,SUV,Petrol,Automatic,White,used,1,Luxury,Phnom Penh,Tier_1,store,1,0,2026-06-24 23:53:31,2026-09-06T07:12:54.400089+00:00,2026-09-06
13742070,82500.0,11.320565693461432,Porsche,Panamera,2017,9,,1,,1,Sedan,Petrol,Automatic,White,used,0,Luxury,Phnom Penh,Tier_1,store,0,0,2026-07-08 01:11:55,2026-09-03T07:15:32.866287+00:00,2026-09-03
13965898,195000.0,12.180759965737863,Porsche,911,2020,6,,1,,1,Convertible,Petrol,Automatic,Grey,used,0,Luxury,Phnom Penh,Tier_1,store,0,0,2026-09-04 11:44:26,2026-09-04T07:21:44.409256+00:00,2026-09-04
13847041,22000.0,9.99884318585288,JAC,ផ្សេងៗ,2025,1,,1,,1,,Diesel,Manual,White,new,0,Other,Phnom Penh,Tier_1,individual,0,0,2026-08-04 12:48:18,2026-09-03T07:14:27.973381+00:00,2026-09-03
13783192,59500.0,10.993748398115178,Jeep,Gladiator,2021,5,,1,,1,Pickup,Petrol,Automatic,Grey,used,1,Mass_Market,Phnom Penh,Tier_1,store,0,0,2026-07-18 12:48:23,2026-09-03T07:15:32.212673+00:00,2026-09-03
13917985,47500.0,10.768506042432708,Jeep,Wrangler,2019,7,,1,,1,SUV,Petrol,Automatic,Black,used,1,Mass_Market,Phnom Penh,Tier_1,store,1,0,2026-08-23 10:54:08,2026-09-06T07:13:38.802870+00:00,2026-09-06
13955397,67000.0,11.112462823634855,Jeep,Wrangler,2023,3,,1,,1,SUV,Petrol,Automatic,White,used,1,Mass_Market,Phnom Penh,Tier_1,store,0,0,2026-09-01 20:42:24,2026-09-03T07:14:47.302933+00:00,2026-09-03
13954021,18800.0,9.841665338892785,SsangYong,Rexton,2018,8,,1,,1,,Diesel,Automatic,Blue,used,0,Other,Phnom Penh,Tier_1,individual,1,0,2026-09-01 14:20:48,2026-09-03T09:12:35.163811+00:00,2026-09-03
13692961,117500.0,11.674202123168433,Zeekr,ZEEKR X,2025,1,1250,0,0,0,MPV,Hybrid,,Black,used,1,Chinese_EV,Phnom Penh,Tier_1,store,0,0,2026-06-25 12:37:56,2026-09-06T07:10:07.591075+00:00,2026-09-06
13426417,25900.0,10.16203685698089,DFSK,FENGON 600,2023,3,,1,,1,SUV,Petrol,,White,used,1,Other,Phnom Penh,Tier_1,store,0,0,2026-04-22 10:47:45,2026-09-06T07:13:05.999462+00:00,2026-09-06
13267580,25800.0,10.158168529848494,DFSK,ផ្សេងៗ,2026,0,,1,,1,SUV,Hybrid,Automatic,White,new,0,Other,Phnom Penh,Tier_1,store,0,0,2026-03-09 13:20:22,2026-09-05T07:01:58.039759+00:00,2026-09-05
13836014,12800.0,9.45727857185611,KAIYI,X3,2026,0,,1,0,0,SUV,Electric,Automatic,White,new,0,Other,Phnom Penh,Tier_1,store,0,0,2026-08-01 13:31:52,2026-09-06T07:12:56.886192+00:00,2026-09-06
13870258,8500.0,9.04793908261736,Kia,Morning,2012,14,,1,,1,Sedan,Petrol,Automatic,White,used,1,Mass_Market,Phnom Penh,Tier_1,individual,0,0,2026-08-10 13:28:55,2026-09-05T07:02:02.605954+00:00,2026-09-05
13943839,8600.0,9.059633754551479,Kia,Ray,2013,13,,1,,1,,,Automatic,,used,1,Mass_Market,Phnom Penh,Tier_1,individual,1,0,2026-08-29 18:21:54,2026-09-03T07:14:20.642394+00:00,2026-09-03
13943760,7700.0,8.94910546953925,Kia,Morning,2012,14,,1,,1,Hatchback,Petrol,,Grey,used,1,Mass_Market,Phnom Penh,Tier_1,individual,1,0,2026-08-29 17:45:26,2026-09-02T09:55:04.406489+00:00,2026-09-02
13944906,5200.0,8.556606193773073,Kia,Morning,2008,18,,1,,1,Hatchback,Petrol,,Silver,used,1,Mass_Market,Battambang,Tier_2,individual,0,0,2026-08-30 08:34:04,2026-09-02T09:52:47.962636+00:00,2026-09-02
13973133,9300.0,9.137877200242468,Kia,Ray,2013,13,,1,,1,MPV,Petrol,,Green,used,0,Mass_Market,Phnom Penh,Tier_1,individual,0,0,2026-09-06 11:41:48,2026-09-06T07:13:38.328611+00:00,2026-09-06
13481621,24500.0,10.106469212026385,Kia,Carnival,2019,7,,1,,1,MPV,Petrol,Automatic,Black,used,1,Mass_Market,Kandal,Tier_2,store,1,0,2026-05-06 07:27:45,2026-09-02T09:51:46.013175+00:00,2026-09-02
13610212,17800.0,9.787009914477434,Kia,Carnival,2015,11,,1,,1,MPV,Diesel,Automatic,Silver,used,0,Mass_Market,Phnom Penh,Tier_1,store,0,0,2026-06-05 11:44:04,2026-09-06T07:10:23.980103+00:00,2026-09-06
13855633,7800.0,8.962007209588313,Kia,Morning,2012,14,,1,,1,Hatchback,Petrol,Automatic,White,used,1,Mass_Market,Phnom Penh,Tier_1,individual,0,0,2026-08-06 13:47:53,2026-09-03T07:15:31.431984+00:00,2026-09-03
13938724,22000.0,9.99884318585288,Kia,Carnival,2021,5,,1,,1,SUV,Petrol,Automatic,White,used,0,Mass_Market,Phnom Penh,Tier_1,store,0,0,2026-08-28 12:48:31,2026-09-02T09:54:12.245011+00:00,2026-09-02
13965989,12800.0,9.45727857185611,Kia,Carnival,2015,11,,1,,1,MPV,Diesel,Automatic,Grey,used,1,Mass_Market,Phnom Penh,Tier_1,individual,0,0,2026-09-04 12:05:15,2026-09-04T07:20:28.583206+00:00,2026-09-04
13967004,14500.0,9.581972891547895,Kia,Sportage,2016,10,,1,,1,SUV,Petrol,Automatic,Silver,used,1,Mass_Market,Siem Reap,Tier_2,individual,1,0,2026-09-04 15:21:10,2026-09-05T07:01:48.217073+00:00,2026-09-05
13967322,5400.0,8.594339400592892,Kia,Morning,2009,17,,1,,1,Hatchback,Petrol,Automatic,White,used,1,Mass_Market,Phnom Penh,Tier_1,individual,0,0,2026-09-04 16:19:40,2026-09-05T07:03:35.517187+00:00,2026-09-05
13973790,8700.0,9.071193240566025,Kia,Morning,2012,14,,1,,1,Sedan,Petrol,Automatic,Grey,used,0,Mass_Market,Phnom Penh,Tier_1,store,1,0,2026-09-06 13:59:24,2026-09-06T07:09:42.333147+00:00,2026-09-06
13880760,8900.0,9.093918908958932,Kia,Ray,2012,14,,1,,1,Hatchback,Petrol,Automatic,Green,used,1,Mass_Market,Phnom Penh,Tier_1,individual,0,0,2026-08-13 09:03:29,2026-09-03T07:17:22.732516+00:00,2026-09-03
13938624,8900.0,9.093918908958932,Kia,Ray,2012,14,,1,,1,MPV,Petrol,Automatic,Green,used,1,Mass_Market,Phnom Penh,Tier_1,individual,1,0,2026-08-28 12:30:29,2026-09-04T07:18:48.498181+00:00,2026-09-04
13969641,17500.0,9.770013301136158,Kia,Grand Carnival,2019,7,,1,,1,MPV,Petrol,Automatic,Black,used,1,Mass_Market,Phnom Penh,Tier_1,individual,0,0,2026-09-05 11:21:29,2026-09-05T07:04:14.486858+00:00,2026-09-05
13950197,20500.0,9.928228944424575,Kia,Carnival,2017,9,,1,,1,MPV,Diesel,Automatic,Silver,used,0,Mass_Market,Phnom Penh,Tier_1,individual,1,0,2026-08-31 14:13:13,2026-09-03T09:13:53.231288+00:00,2026-09-03
13950225,20900.0,9.94755228369823,Kia,Carnival,2018,8,,1,,1,MPV,Diesel,Automatic,White,used,0,Mass_Market,Phnom Penh,Tier_1,individual,1,0,2026-08-31 14:20:25,2026-09-03T09:13:53.476715+00:00,2026-09-03
13950318,8700.0,9.071193240566025,Kia,Morning,2012,14,,1,,1,Sedan,Petrol,Automatic,Silver,used,0,Mass_Market,Phnom Penh,Tier_1,individual,1,0,2026-08-31 14:41:35,2026-09-03T09:13:52.292393+00:00,2026-09-03
13953279,7700.0,8.94910546953925,Kia,Morning,2012,14,,1,,1,Sedan,Petrol,Automatic,White,used,1,Mass_Market,Phnom Penh,Tier_1,individual,0,0,2026-09-01 12:15:39,2026-09-03T09:13:57.184052+00:00,2026-09-03
13965983,19500.0,9.87822102528824,Kia,Carnival,2019,7,150000,0,,1,MPV,Petrol,Automatic,White,used,1,Mass_Market,Phnom Penh,Tier_1,store,1,0,2026-09-04 12:04:09,2026-09-04T07:20:29.859387+00:00,2026-09-04
13840164,15800.0,9.6678285081515,Kia,Carnival,2015,11,,1,,1,Sedan,,Automatic,White,used,0,Mass_Market,Phnom Penh,Tier_1,store,0,0,2026-08-02 16:58:43,2026-09-02T09:52:08.294796+00:00,2026-09-02
13929900,19200.0,9.862717639992917,Tesla,Model 3,2018,8,193121,0,0,0,Hatchback,Electric,Automatic,Black,used,0,Other,Phnom Penh,Tier_1,store,0,0,2026-08-26 10:23:37,2026-09-02T09:53:58.621757+00:00,2026-09-02
13917545,15800.0,9.6678285081515,BYD,Seal,2026,0,,1,0,0,,Electric,Automatic,White,used,1,Chinese_EV,Phnom Penh,Tier_1,individual,0,0,2026-08-23 09:17:22,2026-09-03T09:12:31.295819+00:00,2026-09-03
13684314,51500.0,10.849356503939038,BYD,Ti7,2026,0,1300,0,0,0,SUV,Hybrid,Automatic,Black,new,0,Chinese_EV,Phnom Penh,Tier_1,store,0,0,2026-06-23 14:49:55,2026-09-03T07:14:26.730485+00:00,2026-09-03
13883444,26800.0,10.196194479235656,BYD,Qin L,2024,2,20000,0,0,0,Sedan,Hybrid,Automatic,White,new,0,Chinese_EV,Phnom Penh,Tier_1,store,0,0,2026-08-13 19:09:28,2026-09-05T06:58:08.888499+00:00,2026-09-05
13963638,25000.0,10.12667110305036,Honda,City,2026,0,,1,,1,Sedan,Petrol,Automatic,Black,new,0,Mass_Market,Phnom Penh,Tier_1,store,0,0,2026-09-03 18:17:54,2026-09-05T07:00:16.672969+00:00,2026-09-05
13913961,19900.0,9.898525260706313,Honda,City,2022,4,20000,0,,1,Sedan,Petrol,Automatic,White,used,1,Mass_Market,Phnom Penh,Tier_1,store,0,0,2026-08-22 09:05:28,2026-09-05T07:00:11.770495+00:00,2026-09-05
13966276,3400.0,8.131824785007195,Honda,CR-V,1997,29,,1,,1,SUV,,Automatic,Silver,used,1,Mass_Market,Phnom Penh,Tier_1,individual,0,0,2026-09-04 13:06:33,2026-09-04T07:18:20.507205+00:00,2026-09-04
13925235,3900.0,8.268988209506656,Honda,CR-V,1997,29,,1,,1,SUV,LPG,Automatic,Green,used,1,Mass_Market,Siem Reap,Tier_2,individual,0,0,2026-08-25 09:11:21,2026-09-03T09:14:11.393650+00:00,2026-09-03
13625346,4550.0,8.423102268016642,Honda,CR-V,1999,27,,1,,1,SUV,Petrol,Automatic,Silver,used,1,Mass_Market,Phnom Penh,Tier_1,individual,0,0,2026-06-09 10:33:51,2026-09-03T09:14:02.174076+00:00,2026-09-03
13679623,6800.0,8.824824939175638,Mitsubishi,Pajero,2000,26,130000,0,,1,SUV,,Automatic,Black,used,1,Mass_Market,Battambang,Tier_2,individual,0,0,2026-06-22 14:30:56,2026-09-02T09:56:00.318462+00:00,2026-09-02
13734984,28300.0,10.250652418696085,Mitsubishi,Triton,2019,7,,1,,1,Pickup,Diesel,Automatic,White,used,1,Mass_Market,Phnom Penh,Tier_1,store,0,0,2026-07-06 11:37:15,2026-09-02T09:52:03.537737+00:00,2026-09-02
13281102,16800.0,9.729193687429403,Toyota,Highlander,2006,20,,1,,1,SUV,Petrol,Automatic,Gold,used,1,Mass_Market,Phnom Penh,Tier_1,store,0,0,2026-03-12 15:47:44,2026-09-04T07:19:24.302228+00:00,2026-09-04
13355660,39500.0,10.584081267024454,Toyota,Land Cruiser,2013,13,,1,,1,SUV,Diesel,Automatic,Black,used,1,Mass_Market,Phnom Penh,Tier_1,store,1,0,2026-03-31 10:54:14,2026-09-06T07:12:13.158513+00:00,2026-09-06
13423675,31800.0,10.367253014814716,Toyota,Yaris,2025,1,,1,,1,SUV,Petrol,Automatic,White,used,1,Mass_Market,Phnom Penh,Tier_1,store,0,0,2026-04-21 16:57:57,2026-09-06T07:12:36.975032+00:00,2026-09-06
13501126,8700.0,9.071193240566025,Toyota,RAV4,2001,25,,1,,1,SUV,Petrol,Automatic,Gold,used,1,Mass_Market,Siem Reap,Tier_2,individual,1,0,2026-05-10 21:24:53,2026-09-03T07:13:29.400407+00:00,2026-09-03
13511395,11875.0,9.382274835883651,Toyota,Camry,2002,24,,1,,1,Sedan,Petrol,Automatic,White,used,1,Mass_Market,Phnom Penh,Tier_1,individual,0,0,2026-05-13 09:52:54,2026-09-02T09:52:14.173254+00:00,2026-09-02
13676548,12800.0,9.45727857185611,Toyota,Prius,2008,18,209214,0,,1,Hatchback,Hybrid,Automatic,Grey,used,0,Mass_Market,Phnom Penh,Tier_1,individual,1,0,2026-06-21 20:01:18,2026-09-03T09:13:57.301455+00:00,2026-09-03
13680266,22800.0,10.034559673629849,Toyota,Camry,2012,14,,1,,1,Sedan,Hybrid,Automatic,White,used,0,Mass_Market,Phnom Penh,Tier_1,store,0,0,2026-06-22 16:36:37,2026-09-02T09:53:39.725476+00:00,2026-09-02
13680986,9999.0,9.210340371976184,Toyota,Prius,2007,19,,1,,1,Hatchback,Hybrid,Automatic,Silver,used,1,Mass_Market,Phnom Penh,Tier_1,store,1,0,2026-06-22 20:36:37,2026-09-06T07:12:24.823572+00:00,2026-09-06
13684322,15500.0,9.648659816955295,Toyota,Highlander,2002,24,,1,,1,SUV,Petrol,Automatic,White,used,1,Mass_Market,Phnom Penh,Tier_1,store,0,0,2026-06-23 14:51:18,2026-09-02T09:51:38.024936+00:00,2026-09-02
13702924,25700.0,10.154285180632154,Toyota,Camry,2012,14,,1,,1,Sedan,Hybrid,Automatic,White,used,0,Mass_Market,Phnom Penh,Tier_1,store,1,0,2026-06-27 20:31:36,2026-09-05T07:00:57.861049+00:00,2026-09-05
13711279,6500.0,8.77971129020447,Toyota,Tacoma,1998,28,,1,,1,Pickup,Petrol,Automatic,Black,used,1,Mass_Market,Siem Reap,Tier_2,store,0,0,2026-06-30 09:15:22,2026-09-05T07:03:38.794263+00:00,2026-09-05
13726031,26500.0,10.184937747111391,Toyota,Land Cruiser Prado,2010,16,,1,,1,SUV,Petrol,Automatic,White,used,1,Mass_Market,Phnom Penh,Tier_1,store,0,0,2026-07-03 19:04:20,2026-09-04T07:19:23.221234+00:00,2026-09-04
13753035,39900.0,10.594156665220533,Toyota,Hilux,2027,0,100000,0,2800,0,Pickup,Diesel,Automatic,White,new,0,Mass_Market,Phnom Penh,Tier_1,store,0,0,2026-07-10 14:44:52,2026-09-06T07:11:14.348669+00:00,2026-09-06
13757507,11800.0,9.375939552625749,Toyota,Highlander,2002,24,,1,,1,SUV,Petrol,Automatic,Gold,used,1,Mass_Market,Phnom Penh,Tier_1,individual,0,0,2026-07-11 16:19:53,2026-09-02T09:52:35.034345+00:00,2026-09-02
13759258,15900.0,9.674137279312397,Toyota,Prius,2013,13,,1,,1,Sedan,Hybrid,Automatic,Green,used,1,Mass_Market,Phnom Penh,Tier_1,individual,0,0,2026-07-12 09:20:54,2026-09-02T09:52:17.017512+00:00,2026-09-02
13764659,51100.0,10.841559345471941,Toyota,Hilux Revo,2027,0,,1,,1,Pickup,Diesel,Automatic,Orange,new,0,Mass_Market,Phnom Penh,Tier_1,store,0,0,2026-07-13 15:57:23,2026-09-06T07:11:27.534457+00:00,2026-09-06
13807327,37000.0,10.518700218288165,Toyota,Land Cruiser,2008,18,,1,,1,SUV,Petrol,Automatic,White,used,1,Mass_Market,Phnom Penh,Tier_1,store,0,0,2026-07-24 19:34:30,2026-09-06T07:14:02.459706+00:00,2026-09-06
13820452,24500.0,10.106469212026385,Toyota,Tacoma,2015,11,,1,,1,Pickup,Petrol,Automatic,White,used,0,Mass_Market,Phnom Penh,Tier_1,store,0,0,2026-07-28 12:00:17,2026-09-04T07:21:14.253409+00:00,2026-09-04
13837119,15300.0,9.635673464721814,Toyota,Prius,2011,15,,1,,1,Sedan,Hybrid,Automatic,Grey,used,1,Mass_Market,Kampong Chhnang,Tier_3,individual,0,0,2026-08-01 18:55:43,2026-09-03T07:13:51.320864+00:00,2026-09-03
13842545,19200.0,9.862717639992917,Toyota,Prius,2020,6,,1,,1,Hatchback,Hybrid,Automatic,Grey,used,0,Mass_Market,Phnom Penh,Tier_1,individual,0,0,2026-08-03 11:32:00,2026-09-03T09:12:48.762480+00:00,2026-09-03
13844123,14500.0,9.581972891547895,Toyota,Prius,2010,16,,1,,1,Hatchback,Hybrid,Automatic,Grey,used,1,Mass_Market,Kampong Cham,Tier_2,store,0,1,2026-08-03 16:35:38,2026-09-05T07:02:59.848770+00:00,2026-09-05
13865762,28800.0,10.268165387743457,Toyota,Land Cruiser,2009,17,,1,,1,SUV,Petrol,Automatic,White,used,1,Mass_Market,Phnom Penh,Tier_1,individual,0,0,2026-08-09 09:40:53,2026-09-03T09:13:16.391457+00:00,2026-09-03
13869176,16300.0,9.69898173460629,Toyota,Prius,2012,14,,1,,1,Hatchback,Petrol,Automatic,White,used,1,Mass_Market,Phnom Penh,Tier_1,store,0,0,2026-08-10 10:08:34,2026-09-02T09:54:49.876641+00:00,2026-09-02
13872603,25500.0,10.146472946063877,Toyota,Prius,2017,9,,1,,1,Hatchback,Hybrid,Automatic,Grey,used,0,Mass_Market,Phnom Penh,Tier_1,store,0,0,2026-08-11 08:20:40,2026-09-04T07:16:32.309173+00:00,2026-09-04
13900387,4900.0,8.497194544909547,Toyota,4Runner,2017,9,,1,,1,MPV,LPG,Automatic,Silver,used,1,Mass_Market,Phnom Penh,Tier_1,individual,0,0,2026-08-18 12:11:12,2026-09-02T09:51:48.467676+00:00,2026-09-02
13901682,18500.0,9.825580063659602,Toyota,Highlander,2005,21,,1,,1,SUV,Petrol,Automatic,White,used,1,Mass_Market,Phnom Penh,Tier_1,store,0,0,2026-08-18 16:37:11,2026-09-06T07:13:14.909062+00:00,2026-09-06
13902252,16000.0,9.680406499268875,Toyota,Prius,2012,14,,1,,1,Hatchback,Hybrid,Automatic,Grey,used,1,Mass_Market,Phnom Penh,Tier_1,store,0,0,2026-08-18 19:53:41,2026-09-02T09:53:58.328552+00:00,2026-09-02
13906991,9300.0,9.137877200242468,Toyota,Prius,2006,20,,1,,1,Hatchback,Petrol,Automatic,Silver,used,1,Mass_Market,Phnom Penh,Tier_1,individual,1,0,2026-08-20 09:50:35,2026-09-02T09:51:32.508789+00:00,2026-09-02
13908149,52500.0,10.868587496017359,Toyota,Land Cruiser,2013,13,,1,,1,SUV,Diesel,Automatic,White,used,1,Mass_Market,Phnom Penh,Tier_1,store,1,0,2026-08-20 13:27:01,2026-09-03T07:16:52.540565+00:00,2026-09-03
13911830,9800.0,9.19023970026918,Toyota,Camry,2002,24,,1,,1,Sedan,Petrol,Automatic,White,used,1,Mass_Market,Phnom Penh,Tier_1,store,0,0,2026-08-21 13:35:12,2026-09-04T07:22:16.684284+00:00,2026-09-04
13923753,41168.0,10.625440824937742,Toyota,Alphard,2019,7,,1,,1,MPV,Hybrid,Automatic,Black,used,1,Mass_Market,Phnom Penh,Tier_1,store,0,0,2026-08-24 18:14:40,2026-09-06T07:10:29.551476+00:00,2026-09-06
13924017,16800.0,9.729193687429403,Toyota,Prius,2012,14,,1,,1,Hatchback,Hybrid,Automatic,Grey,used,0,Mass_Market,Phnom Penh,Tier_1,store,1,0,2026-08-24 19:34:16,2026-09-04T07:19:33.464442+00:00,2026-09-04
13928123,6700.0,8.81001204797317,Toyota,Prius,2005,21,,1,,1,Sedan,Hybrid,Automatic,Silver,used,1,Mass_Market,Phnom Penh,Tier_1,individual,0,0,2026-08-25 18:14:56,2026-09-04T07:16:44.189096+00:00,2026-09-04
13934019,17900.0,9.792611856190192,Toyota,Prius,2010,16,,1,,1,Hatchback,Hybrid,Automatic,White,used,0,Mass_Market,Phnom Penh,Tier_1,store,0,0,2026-08-27 09:50:11,2026-09-02T09:54:37.082413+00:00,2026-09-02
13934062,35000.0,10.463131911491967,Toyota,Hilux Revo,2026,0,,1,,1,Pickup,Diesel,Automatic,White,used,1,Mass_Market,Phnom Penh,Tier_1,store,0,0,2026-08-27 09:56:01,2026-09-03T07:14:26.029055+00:00,2026-09-03
13938846,10500.0,9.259225769705994,Toyota,Highlander,2002,24,,1,,1,Sedan,Petrol,Automatic,Silver,used,1,Mass_Market,Phnom Penh,Tier_1,individual,0,0,2026-08-28 13:10:41,2026-09-03T07:14:13.767949+00:00,2026-09-03
13944824,15500.0,9.648659816955295,Toyota,Highlander,2003,23,,1,,1,SUV,Petrol,Automatic,Gold,used,1,Mass_Market,Phnom Penh,Tier_1,store,0,0,2026-08-30 08:04:24,2026-09-06T07:13:59.770019+00:00,2026-09-06
13950523,15800.0,9.6678285081515,Toyota,Prius,2011,15,,1,,1,Sedan,Petrol,Automatic,Grey,used,1,Mass_Market,Phnom Penh,Tier_1,store,0,0,2026-08-31 15:28:29,2026-09-02T09:53:20.985643+00:00,2026-09-02
13950664,7800.0,8.962007209588313,Toyota,Camry,2002,24,,1,,1,Sedan,Petrol,Automatic,Gold,used,1,Mass_Market,Phnom Penh,Tier_1,individual,0,0,2026-08-31 15:58:54,2026-09-03T07:14:52.991902+00:00,2026-09-03
13952810,31500.0,10.357774570341576,Toyota,Tacoma,2016,10,,1,,1,Pickup,Petrol,Automatic,White,used,0,Mass_Market,Phnom Penh,Tier_1,store,0,0,2026-09-01 11:00:19,2026-09-06T07:10:10.001765+00:00,2026-09-06
13953910,14700.0,9.595670797663967,Toyota,Camry,2007,19,,1,,1,Sedan,Hybrid,Automatic,White,used,1,Mass_Market,Phnom Penh,Tier_1,individual,0,1,2026-09-01 14:02:12,2026-09-03T09:12:40.514237+00:00,2026-09-03
13954643,17277.0,9.75718929491883,Toyota,Raize,2022,4,20000,0,,1,SUV,Petrol,Automatic,Silver,used,1,Mass_Market,Phnom Penh,Tier_1,store,0,0,2026-09-01 16:15:46,2026-09-05T07:01:42.146815+00:00,2026-09-05
13957757,17500.0,9.770013301136158,Toyota,Raize,2022,4,,1,,1,SUV,Petrol,Automatic,White,used,1,Mass_Market,Phnom Penh,Tier_1,individual,0,0,2026-09-02 12:45:47,2026-09-04T07:22:13.038797+00:00,2026-09-04
13958284,14800.0,9.60245002503719,Toyota,Prius,2010,16,,1,,1,Hatchback,Hybrid,Automatic,White,used,1,Mass_Market,Phnom Penh,Tier_1,store,1,0,2026-09-02 14:27:51,2026-09-03T07:12:49.316161+00:00,2026-09-03
13958762,10999.0,9.305650551780507,Toyota,Highlander,2002,24,,1,,1,SUV,Petrol,Automatic,Silver,used,1,Mass_Market,Phnom Penh,Tier_1,store,0,0,2026-09-02 15:53:27,2026-09-02T09:52:18.440154+00:00,2026-09-02
13959024,26000.0,10.165890277802454,Toyota,Fortuner,2018,8,,1,,1,SUV,Petrol,Automatic,White,used,1,Mass_Market,Phnom Penh,Tier_1,store,0,0,2026-09-02 16:44:05,2026-09-02T09:51:35.342528+00:00,2026-09-02
13961511,13999.0,9.546812608597396,Toyota,Highlander,2002,24,,1,,1,SUV,Petrol,Automatic,Silver,used,0,Mass_Market,Phnom Penh,Tier_1,store,0,0,2026-09-03 11:22:53,2026-09-03T07:18:29.843817+00:00,2026-09-03
13961580,16800.0,9.729193687429403,Toyota,Camry,2007,19,,1,,1,Sedan,Hybrid,Automatic,White,used,1,Mass_Market,Phnom Penh,Tier_1,store,0,0,2026-09-03 11:35:47,2026-09-03T07:17:42.075194+00:00,2026-09-03
13961943,24000.0,10.085850775128717,Toyota,Alphard,2014,12,,1,,1,MPV,Petrol,Automatic,White,used,0,Mass_Market,Phnom Penh,Tier_1,store,0,0,2026-09-03 12:39:24,2026-09-03T07:15:17.195795+00:00,2026-09-03
13962005,22000.0,9.99884318585288,Toyota,Tacoma,2012,14,,1,,1,Pickup,Petrol,Automatic,White,used,0,Mass_Market,Phnom Penh,Tier_1,store,0,0,2026-09-03 12:54:03,2026-09-04T07:17:39.682695+00:00,2026-09-04
13962133,8899.0,9.093806555720231,Toyota,Prius,2005,21,,1,,1,Sedan,Hybrid,Automatic,White,used,1,Mass_Market,Phnom Penh,Tier_1,individual,0,0,2026-09-03 13:18:15,2026-09-03T07:13:44.724123+00:00,2026-09-03
13964032,7999.0,8.987196820661973,Toyota,RAV4,2001,25,,1,,1,SUV,Petrol,Automatic,Silver,used,1,Mass_Market,Phnom Penh,Tier_1,individual,0,0,2026-09-03 21:10:43,2026-09-06T07:10:06.112476+00:00,2026-09-06
13965904,2700.0,7.901377353792616,Toyota,Corolla,1993,33,,1,,1,Sedan,Petrol,Automatic,Silver,used,1,Mass_Market,Phnom Penh,Tier_1,individual,0,0,2026-09-04 11:45:11,2026-09-04T07:21:41.052552+00:00,2026-09-04
13966486,17799.0,9.786953736280177,Toyota,Prius,2013,13,,1,,1,Hatchback,Hybrid,Automatic,White,used,1,Mass_Market,Phnom Penh,Tier_1,individual,0,0,2026-09-04 13:43:48,2026-09-04T07:17:09.268097+00:00,2026-09-04
13969319,18500.0,9.825580063659602,Toyota,Raize,2023,3,,1,,1,SUV,Petrol,Automatic,White,used,1,Mass_Market,Phnom Penh,Tier_1,store,0,0,2026-09-05 10:24:10,2026-09-06T07:09:16.912362+00:00,2026-09-06
13970000,4700.0,8.45553053102413,Toyota,Corolla,1999,27,,1,,1,Sedan,Petrol,Automatic,Silver,used,1,Mass_Market,Phnom Penh,Tier_1,individual,0,0,2026-09-05 12:51:41,2026-09-05T06:59:47.853333+00:00,2026-09-05
13973063,8500.0,9.04793908261736,Toyota,Camry,2002,24,,1,,1,Sedan,Diesel,Automatic,Silver,used,0,Mass_Market,Kandal,Tier_2,individual,0,0,2026-09-06 11:22:40,2026-09-06T07:14:23.401374+00:00,2026-09-06
13973326,21500.0,9.975854724662028,Toyota,Prius,2013,13,,1,,1,Hatchback,Hybrid,Automatic,White,used,0,Mass_Market,Phnom Penh,Tier_1,store,0,0,2026-09-06 12:24:21,2026-09-06T07:12:03.809588+00:00,2026-09-06
13973427,13500.0,9.510519035757246,Toyota,Camry,2007,19,,1,,1,Sedan,Petrol,Automatic,Silver,used,1,Mass_Market,Phnom Penh,Tier_1,store,1,0,2026-09-06 12:48:05,2026-09-06T07:11:26.943003+00:00,2026-09-06
13973469,12000.0,9.392745258631441,Toyota,Highlander,2002,24,,1,,1,SUV,Petrol,Automatic,White,used,1,Mass_Market,Phnom Penh,Tier_1,store,0,0,2026-09-06 12:59:03,2026-09-06T07:11:20.237044+00:00,2026-09-06
13973684,13500.0,9.510519035757246,Toyota,Highlander,2003,23,,1,,1,SUV,Petrol,Automatic,Silver,used,1,Mass_Market,Phnom Penh,Tier_1,store,0,0,2026-09-06 13:35:18,2026-09-06T07:10:03.103137+00:00,2026-09-06
13973783,15900.0,9.674137279312397,Toyota,Prius,2010,16,,1,,1,Hatchback,Hybrid,Automatic,Silver,used,1,Mass_Market,Phnom Penh,Tier_1,store,0,0,2026-09-06 13:58:28,2026-09-06T07:09:43.367190+00:00,2026-09-06
13873089,37000.0,10.518700218288165,Toyota,Hilux Revo,2019,7,,1,,1,Pickup,Diesel,Automatic,Silver,used,1,Mass_Market,Phnom Penh,Tier_1,individual,0,0,2026-08-11 09:46:02,2026-09-06T07:13:07.381539+00:00,2026-09-06
13893026,42900.0,10.666650414667744,Toyota,Hilux Revo,2025,1,,1,,1,Pickup,Diesel,Automatic,White,used,1,Mass_Market,Phnom Penh,Tier_1,store,0,0,2026-08-16 14:07:18,2026-09-05T07:00:49.765498+00:00,2026-09-05
13943349,34800.0,10.457401400981889,Toyota,Hilux Revo,2021,5,,1,,1,Pickup,Diesel,Automatic,Black,used,1,Mass_Market,Phnom Penh,Tier_1,store,0,0,2026-08-29 15:43:45,2026-09-04T07:18:58.168463+00:00,2026-09-04
13925041,11000.0,9.305741456739435,Toyota,Prius,2007,19,,1,,1,Hatchback,Hybrid,Automatic,Grey,used,1,Mass_Market,Phnom Penh,Tier_1,individual,0,0,2026-08-25 08:34:01,2026-09-03T09:13:43.814742+00:00,2026-09-03
13947805,9700.0,9.179984251961283,Toyota,Prius,2007,19,,1,,1,Hatchback,Hybrid,Automatic,Grey,used,1,Mass_Market,Phnom Penh,Tier_1,individual,0,0,2026-08-31 01:04:25,2026-09-02T09:52:03.528343+00:00,2026-09-02
13953793,14200.0,9.561067663645012,Toyota,Highlander,2003,23,,1,,1,SUV,Petrol,Automatic,Gold,used,1,Mass_Market,Phnom Penh,Tier_1,individual,0,0,2026-09-01 13:37:36,2026-09-03T09:12:53.118223+00:00,2026-09-03
13958688,23000.0,10.043292972227004,Toyota,Tacoma,2013,13,,1,,1,Pickup,Hybrid,Automatic,White,used,0,Mass_Market,Phnom Penh,Tier_1,individual,0,1,2026-09-02 15:39:20,2026-09-02T09:52:35.784226+00:00,2026-09-02
13972258,27800.0,10.2328272702548,Toyota,Tundra,2014,12,,1,,1,Pickup,Diesel,Automatic,White,used,1,Mass_Market,Phnom Penh,Tier_1,store,0,0,2026-09-06 08:39:08,2026-09-06T07:09:16.287129+00:00,2026-09-06
13275423,43500.0,10.680539205318292,Toyota,Land Cruiser,2012,14,,1,,1,SUV,,Automatic,White,used,1,Mass_Market,Phnom Penh,Tier_1,store,1,0,2026-03-11 10:55:06,2026-09-06T07:13:50.914705+00:00,2026-09-06
13922065,12000.0,9.392745258631441,Toyota,Sienna,2004,22,,1,,1,MPV,,Automatic,White,used,0,Mass_Market,Phnom Penh,Tier_1,individual,0,1,2026-08-24 12:23:11,2026-09-06T07:12:13.140406+00:00,2026-09-06
13322846,43000.0,10.668978650219241,Toyota,Alphard,2015,11,,1,,1,MPV,,Automatic,Black,used,0,Mass_Market,Phnom Penh,Tier_1,store,0,0,2026-03-22 17:13:46,2026-09-05T07:04:16.762275+00:00,2026-09-05
13899500,12500.0,9.433563920090563,Toyota,Prius,2007,19,,1,,1,Hatchback,,Automatic,White,used,1,Mass_Market,Phnom Penh,Tier_1,store,0,0,2026-08-18 09:40:52,2026-09-04T07:18:45.087711+00:00,2026-09-04
13912483,14500.0,9.581972891547895,Toyota,Prius,2010,16,,1,,1,Hatchback,,Automatic,Gold,used,0,Mass_Market,Phnom Penh,Tier_1,individual,0,0,2026-08-21 15:45:12,2026-09-05T07:04:16.108348+00:00,2026-09-05
13943040,7300.0,8.895766604056085,Toyota,RAV4,2001,25,,1,,1,SUV,,Automatic,Silver,used,1,Mass_Market,Phnom Penh,Tier_1,store,0,0,2026-08-29 14:31:03,2026-09-02T09:55:39.746021+00:00,2026-09-02
13947380,7300.0,8.895766604056085,Toyota,RAV4,2001,25,,1,,1,SUV,,Automatic,Silver,used,1,Mass_Market,Phnom Penh,Tier_1,store,0,0,2026-08-30 20:17:45,2026-09-02T09:55:40.522257+00:00,2026-09-02
13950764,4850.0,8.486940148245216,Toyota,Camry,1997,29,,1,,1,Sedan,,Automatic,Grey,used,1,Mass_Market,Phnom Penh,Tier_1,individual,0,0,2026-08-31 16:13:55,2026-09-03T09:12:53.072549+00:00,2026-09-03
13949883,19900.0,9.898525260706313,Toyota,Prius,2019,7,,1,,1,Hatchback,,,,used,0,Mass_Market,Phnom Penh,Tier_1,individual,0,0,2026-08-31 13:16:09,2026-09-03T09:12:47.616938+00:00,2026-09-03
13959426,8900.0,9.093918908958932,Toyota,Matrix,2005,21,,1,5500,0,Hatchback,,Automatic,White,used,1,Mass_Market,Phnom Penh,Tier_1,individual,0,0,2026-09-02 18:45:18,2026-09-06T07:11:37.589544+00:00,2026-09-06
13941577,39000.0,10.571342565808699,Toyota,Hilux Revo,2021,5,,1,,1,Pickup,,Automatic,White,used,1,Mass_Market,Phnom Penh,Tier_1,individual,1,0,2026-08-29 09:32:56,2026-09-02T09:53:31.706695+00:00,2026-09-02
13953219,19500.0,9.87822102528824,Toyota,Vanza V4 pong1,2010,16,,1,,1,,,,,used,1,Mass_Market,Phnom Penh,Tier_1,individual,1,0,2026-09-01 12:04:19,2026-09-03T09:14:06.363898+00:00,2026-09-03
13829840,8999.0,9.104979856318357,Toyota,Prius,2006,20,,1,,1,Hatchback,,,Blue,used,1,Mass_Market,Phnom Penh,Tier_1,individual,0,0,2026-07-30 16:31:22,2026-09-03T09:13:02.847358+00:00,2026-09-03
13905740,12500.0,9.433563920090563,Toyota,Vitz,2015,11,,1,,1,,,,White,used,0,Mass_Market,Phnom Penh,Tier_1,store,0,0,2026-08-19 19:10:32,2026-09-06T07:13:14.922577+00:00,2026-09-06
13924295,16950.0,9.738082108118487,Toyota,Prius,2012,14,,1,,1,Hatchback,,,Black,used,0,Mass_Market,Phnom Penh,Tier_1,store,0,0,2026-08-24 21:44:13,2026-09-06T07:09:30.639041+00:00,2026-09-06
13943070,23900.0,10.081675578048475,Toyota,Rush,2021,5,17,0,,1,SUV,,,White,used,1,Mass_Market,Phnom Penh,Tier_1,store,0,0,2026-08-29 14:38:58,2026-09-06T07:11:47.611331+00:00,2026-09-06
13951084,15300.0,9.635673464721814,Toyota,Prius,2010,16,,1,,1,Hatchback,,,White,used,1,Mass_Market,Phnom Penh,Tier_1,individual,1,0,2026-08-31 18:01:05,2026-09-05T07:01:18.318436+00:00,2026-09-05
13968287,13700.0,9.525224101853109,Toyota,Prius,2014,12,,1,,1,Hatchback,,,Silver,used,0,Mass_Market,Phnom Penh,Tier_1,store,0,0,2026-09-04 23:22:22,2026-09-06T07:10:47.303412+00:00,2026-09-06
13970199,7400.0,8.909370405197466,Toyota,Corolla,2003,23,,1,,1,Sedan,,,White,used,0,Mass_Market,Phnom Penh,Tier_1,store,0,1,2026-09-05 13:31:08,2026-09-05T06:58:27.377334+00:00,2026-09-05
13948728,5700.0,8.648396877031582,Toyota,Scion,2004,22,,1,,1,,,,Blue,used,1,Mass_Market,Phnom Penh,Tier_1,individual,0,1,2026-08-31 09:29:55,2026-09-05T06:58:36.401842+00:00,2026-09-05
13961896,10800.0,9.287394001418473,Toyota,Vios,2014,12,,1,,1,,,,Grey,used,1,Mass_Market,Phnom Penh,Tier_1,store,0,0,2026-09-03 12:29:57,2026-09-03T07:15:42.265059+00:00,2026-09-03
13719663,29500.0,10.292179440058462,Toyota,Alphard,2015,11,,1,,1,MPV,Hybrid,,Black,used,1,Mass_Market,Kandal,Tier_2,individual,0,0,2026-07-02 10:34:23,2026-09-04T07:17:59.580075+00:00,2026-09-04
13860654,16900.0,9.735128070758227,Toyota,Prius,2014,12,,1,,1,Hatchback,Hybrid,,Silver,used,1,Mass_Market,Phnom Penh,Tier_1,store,0,0,2026-08-07 17:20:19,2026-09-05T06:59:31.178559+00:00,2026-09-05
13962100,18700.0,9.83633227734872,Toyota,Tundra,2010,16,,1,,1,Pickup,Petrol,,White,used,1,Mass_Market,Phnom Penh,Tier_1,store,0,0,2026-09-03 13:10:45,2026-09-03T07:14:12.921937+00:00,2026-09-03
13962151,10000.0,9.210440366976517,Toyota,Highlander,2003,23,,1,,1,SUV,LPG,,Red,used,1,Mass_Market,Phnom Penh,Tier_1,individual,0,1,2026-09-03 13:21:30,2026-09-03T07:13:50.120542+00:00,2026-09-03
13970114,19500.0,9.87822102528824,Toyota,Prius,2013,13,,1,,1,Sedan,Hybrid,,White,used,0,Mass_Market,Phnom Penh,Tier_1,store,1,0,2026-09-05 13:14:44,2026-09-05T06:59:04.295174+00:00,2026-09-05
13820401,35500.0,10.477316144080852,Toyota,Fortuner,2018,8,,1,,1,SUV,Diesel,,White,used,1,Mass_Market,Siem Reap,Tier_2,store,0,0,2026-07-28 11:50:04,2026-09-06T07:11:07.456983+00:00,2026-09-06
13337458,61000.0,11.0186455364637,Ford,Ranger Raptor,2023,3,,1,,1,Pickup,Petrol,Automatic,Grey,used,1,Mass_Market,Phnom Penh,Tier_1,store,0,1,2026-03-26 10:54:08,2026-09-02T09:53:57.862337+00:00,2026-09-02
13338627,33500.0,10.419330568113901,Ford,Everest,2018,8,,1,,1,SUV,Diesel,Automatic,Black,used,1,Mass_Market,Phnom Penh,Tier_1,store,0,1,2026-03-26 14:25:20,2026-09-02T09:54:03.199342+00:00,2026-09-02
13374275,36900.0,10.515993929932415,Ford,Ranger,2023,3,,1,,1,Pickup,Diesel,Automatic,White,used,1,Mass_Market,Phnom Penh,Tier_1,store,0,0,2026-04-04 18:19:47,2026-09-05T07:01:05.188253+00:00,2026-09-05
13384548,35000.0,10.463131911491967,Ford,Ranger,2022,4,40000,0,3200,0,Pickup,Diesel,Automatic,White,used,1,Mass_Market,Phnom Penh,Tier_1,store,0,0,2026-04-07 13:18:26,2026-09-06T07:09:53.885011+00:00,2026-09-06
13565401,32900.0,10.401258331428318,Ford,Ranger,2022,4,,1,3200,0,Pickup,Diesel,Automatic,White,used,1,Mass_Market,Phnom Penh,Tier_1,store,0,0,2026-05-25 16:53:32,2026-09-06T07:12:07.574965+00:00,2026-09-06
13696516,58800.0,10.981914140544825,Ford,Everest,2023,3,,1,,1,SUV,Diesel,Automatic,Black,used,1,Mass_Market,Phnom Penh,Tier_1,store,0,0,2026-06-26 10:49:22,2026-09-04T07:22:05.754933+00:00,2026-09-04
13763217,31800.0,10.367253014814716,Ford,Ranger Wildtrak,2019,7,,1,3200,0,Pickup,Diesel,Automatic,White,used,1,Mass_Market,Phnom Penh,Tier_1,store,1,1,2026-07-13 11:22:08,2026-09-05T07:04:11.191762+00:00,2026-09-05
13869633,38900.0,10.568775236216993,Ford,Territory,2026,0,,1,,1,SUV,Petrol,Automatic,Black,new,0,Mass_Market,Phnom Penh,Tier_1,store,0,0,2026-08-10 11:38:00,2026-09-06T07:11:17.049856+00:00,2026-09-06
13887763,22500.0,10.021315031649332,Ford,Territory,2021,5,,1,,1,SUV,Petrol,Automatic,White,used,1,Mass_Market,Siem Reap,Tier_2,store,0,0,2026-08-14 22:04:58,2026-09-03T07:15:15.910853+00:00,2026-09-03
13909251,38000.0,10.545367754151743,Ford,F-150,2019,7,,1,,1,Pickup,Petrol,Automatic,Blue,used,1,Mass_Market,Phnom Penh,Tier_1,store,0,0,2026-08-20 18:23:40,2026-09-02T09:52:24.420064+00:00,2026-09-02
13553462,8900.0,9.093918908958932,Ford,Fiesta,2015,11,,1,,1,Hatchback,Petrol,Automatic,Red,used,1,Mass_Market,Phnom Penh,Tier_1,individual,0,0,2026-05-22 16:21:36,2026-09-04T07:22:18.768062+00:00,2026-09-04
13636538,12999.0,9.472704636443673,Ford,Ecosport,2019,7,,1,,1,SUV,Petrol,Manual,Blue,used,1,Mass_Market,Phnom Penh,Tier_1,individual,0,0,2026-06-11 18:02:36,2026-09-04T07:16:51.783966+00:00,2026-09-04
13969215,14800.0,9.60245002503719,Ford,Ecosport,2022,4,,1,,1,SUV,Petrol,Automatic,White,used,1,Mass_Market,Phnom Penh,Tier_1,store,0,0,2026-09-05 10:08:39,2026-09-06T07:11:31.147678+00:00,2026-09-06
13969897,24500.0,10.106469212026385,Ford,Ranger Wildtrak,2015,11,,1,,1,Pickup,Diesel,,Orange,used,1,Mass_Market,Phnom Penh,Tier_1,individual,0,0,2026-09-05 12:23:07,2026-09-06T07:10:39.327127+00:00,2026-09-06
13734871,47800.0,10.774801838762809,BMW,IX3,2024,2,,1,0,0,SUV,Electric,Automatic,Black,new,0,Luxury,Phnom Penh,Tier_1,store,0,0,2026-07-06 11:21:33,2026-09-06T07:12:09.304698+00:00,2026-09-06
13823223,5900.0,8.682877107057168,BMW,525i,2005,21,,1,0,0,Coupe,Electric,Automatic,Silver,used,1,Luxury,Phnom Penh,Tier_1,store,0,0,2026-07-29 09:04:44,2026-09-06T07:11:24.592755+00:00,2026-09-06
13827910,32800.0,10.39821428171237,BMW,i8,2016,10,,1,,1,Coupe,Hybrid,Automatic,White,used,0,Luxury,Phnom Penh,Tier_1,store,0,0,2026-07-30 10:43:18,2026-09-02T09:52:37.422819+00:00,2026-09-02
13940564,11500.0,9.350189267092581,Land Rover,Range Rover Sport,2010,16,,1,,1,SUV,,Automatic,White,used,1,Luxury,Phnom Penh,Tier_1,store,1,0,2026-08-28 21:20:39,2026-09-06T07:14:16.275351+00:00,2026-09-06
13704774,20999.0,9.95227771670556,Land Rover,Range Rover,2014,12,,1,,1,SUV,Petrol,Automatic,White,used,1,Luxury,Phnom Penh,Tier_1,store,0,0,2026-06-28 12:48:13,2026-09-02T09:51:37.428576+00:00,2026-09-02
13973805,135000.0,11.813037464800539,Land Rover,Range Rover Sport,2023,3,,1,,1,SUV,Petrol,Automatic,Red,used,1,Luxury,Phnom Penh,Tier_1,store,1,0,2026-09-06 14:00:49,2026-09-06T07:09:36.839943+00:00,2026-09-06
13346876,14000.0,9.546884034617925,ផ្សេងៗ,,2024,2,96,0,0,0,SUV,Electric,Automatic,Blue,new,0,Other,Phnom Penh,Tier_1,store,0,0,2026-03-28 17:52:23,2026-09-02T09:53:18.311503+00:00,2026-09-02
13832640,29800.0,10.30229722897745,ផ្សេងៗ,,2025,1,,1,,1,Pickup,Hybrid,Automatic,White,new,0,Other,Phnom Penh,Tier_1,store,0,0,2026-07-31 11:59:37,2026-09-05T07:00:06.258812+00:00,2026-09-05
13460805,31800.0,10.367253014814716,ផ្សេងៗ,,2025,1,150000,0,0,0,SUV,Electric,,Blue,new,0,Other,Phnom Penh,Tier_1,store,1,0,2026-04-30 12:21:50,2026-09-06T07:14:15.643297+00:00,2026-09-06
13898144,18500.0,9.825580063659602,ផ្សេងៗ,x3,2021,5,,1,,1,,,Automatic,Blue,used,0,Other,Phnom Penh,Tier_1,individual,0,0,2026-08-17 20:04:27,2026-09-03T09:12:24.783563+00:00,2026-09-03
13963723,45000.0,10.714439990727769,AVATR,AVATR 12,2025,1,16500,0,0,0,Sedan,Electric,Automatic,Blue,used,1,Chinese_EV,Phnom Penh,Tier_1,individual,0,0,2026-09-03 18:54:39,2026-09-06T07:09:33.205927+00:00,2026-09-06
13958349,36000.0,10.491301994830229,AVATR,AVATR 07,2025,1,,1,0,0,SUV,Electric,Automatic,Black,used,1,Chinese_EV,Phnom Penh,Tier_1,individual,0,1,2026-09-02 14:40:32,2026-09-06T07:12:01.502594+00:00,2026-09-06
13564754,43000.0,10.668978650219241,AVATR,AVATR 11,2025,1,,1,0,0,SUV,Electric,,Black,new,0,Chinese_EV,Phnom Penh,Tier_1,store,0,0,2026-05-25 15:06:35,2026-09-02T09:53:18.700585+00:00,2026-09-02
13693404,27800.0,10.2328272702548,Mazda,BT-50,2020,6,,1,3200,0,Pickup,Diesel,Automatic,Black,used,1,Mass_Market,Phnom Penh,Tier_1,store,0,0,2026-06-25 14:00:58,2026-09-02T09:52:49.143717+00:00,2026-09-02
13926502,35000.0,10.463131911491967,Mazda,CX-9,2022,4,,1,,1,SUV,Petrol,Automatic,White,used,1,Mass_Market,Phnom Penh,Tier_1,individual,0,0,2026-08-25 13:13:10,2026-09-03T09:12:24.349298+00:00,2026-09-03
13928182,13900.0,9.539716058977092,Mazda,Mazda 3,2015,11,,1,,1,Hatchback,Petrol,Automatic,Grey,used,1,Mass_Market,Phnom Penh,Tier_1,store,1,0,2026-08-25 18:40:53,2026-09-05T07:04:19.530613+00:00,2026-09-05
13943328,24000.0,10.085850775128717,Mazda,BT-50,2019,7,,1,,1,Pickup,Diesel,Automatic,White,used,1,Mass_Market,Phnom Penh,Tier_1,individual,0,0,2026-08-29 15:40:01,2026-09-02T09:52:36.126991+00:00,2026-09-02
13950239,28988.0,10.274671726667417,Mazda,BT-50,2019,7,40000,0,3200,0,Pickup,Diesel,Automatic,White,used,1,Mass_Market,Phnom Penh,Tier_1,store,0,0,2026-08-31 14:24:59,2026-09-02T09:54:38.433418+00:00,2026-09-02
13952128,13900.0,9.539716058977092,Mazda,Mazda 3,2015,11,,1,,1,Sedan,Petrol,Automatic,White,used,1,Mass_Market,Phnom Penh,Tier_1,store,0,0,2026-09-01 09:08:58,2026-09-02T09:53:08.945135+00:00,2026-09-02
13670912,15500.0,9.648659816955295,Nissan,Navara,2008,18,,1,,1,Pickup,Diesel,Automatic,Silver,used,1,Mass_Market,Battambang,Tier_2,individual,0,0,2026-06-20 10:29:53,2026-09-02T09:54:52.119170+00:00,2026-09-02
13747850,26880.0,10.199174996326047,Volkswagen,Multivan,2019,7,,1,,1,MPV,Petrol,Automatic,Brown,used,1,Mass_Market,Phnom Penh,Tier_1,individual,0,0,2026-07-09 11:35:08,2026-09-06T07:13:21.853150+00:00,2026-09-06
13929318,22000.0,9.99884318585288,Volkswagen,Multivan,2019,7,,1,,1,SUV,Petrol,Automatic,White,used,1,Mass_Market,Phnom Penh,Tier_1,individual,0,0,2026-08-26 08:28:09,2026-09-03T07:16:10.688318+00:00,2026-09-03
13962328,135000.0,11.813037464800539,Bentley,Benteyga,2017,9,,1,,1,SUV,,Automatic,Black,used,1,Luxury,Phnom Penh,Tier_1,store,0,0,2026-09-03 13:59:55,2026-09-03T07:12:57.960737+00:00,2026-09-03
13782449,22000.0,9.99884318585288,Jetour,X95,2022,4,,1,,1,SUV,Petrol,Automatic,Black,used,1,Chinese_EV,Phnom Penh,Tier_1,individual,0,0,2026-07-18 10:19:52,2026-09-04T07:21:41.037393+00:00,2026-09-04
13901391,83000.0,11.326607934898927,Denza,N9,2025,1,,1,,1,SUV,Hybrid,Automatic,Grey,used,0,Chinese_EV,Phnom Penh,Tier_1,individual,0,0,2026-08-18 15:41:59,2026-09-03T09:12:50.658892+00:00,2026-09-03
13973238,14900.0,9.60918360377546,Hyundai,Starex,2014,12,,1,,1,MPV,Diesel,Automatic,Silver,used,0,Mass_Market,Phnom Penh,Tier_1,store,0,0,2026-09-06 12:02:55,2026-09-06T07:12:27.564813+00:00,2026-09-06
13896047,13950.0,9.543306469268108,Hyundai,Truck,2000,26,,1,,1,,Diesel,Manual,White,used,1,Mass_Market,Kampong Cham,Tier_2,store,0,0,2026-08-17 11:06:12,2026-09-06T07:13:01.660941+00:00,2026-09-06
13906790,28900.0,10.27163147557801,Hyundai,Staria,2022,4,,1,,1,MPV,Diesel,Automatic,Black,used,1,Mass_Market,Phnom Penh,Tier_1,individual,0,0,2026-08-20 09:13:56,2026-09-03T09:12:34.107400+00:00,2026-09-03
13958547,19500.0,9.87822102528824,Hyundai,Starex,2019,7,,1,,1,SUV,Diesel,Automatic,White,used,1,Mass_Market,Phnom Penh,Tier_1,store,0,0,2026-09-02 15:11:52,2026-09-02T09:52:58.224364+00:00,2026-09-02
13806985,19500.0,9.87822102528824,Subaru,Forester,2018,8,,1,,1,SUV,Petrol,Automatic,White,used,0,Mass_Market,Phnom Penh,Tier_1,individual,0,0,2026-07-24 17:07:35,2026-09-03T09:13:02.587141+00:00,2026-09-03
13825224,56500.0,10.942013616092948,Xiaomi,SU7,2025,1,,1,0,0,Sedan,Electric,,Silver,new,0,Other,Phnom Penh,Tier_1,individual,0,0,2026-07-29 15:35:37,2026-09-03T09:12:27.841045+00:00,2026-09-03
13962348,20500.0,9.928228944424575,MG,GT,2023,3,,1,,1,Sedan,Petrol,Automatic,White,used,1,Chinese_EV,Phnom Penh,Tier_1,individual,0,0,2026-09-03 14:02:53,2026-09-03T07:13:02.535940+00:00,2026-09-03
13734801,39800.0,10.591647316585027,GAC,GS8,2025,1,,1,2000,0,SUV,Petrol,Automatic,Black,new,0,Chinese_EV,Phnom Penh,Tier_1,store,1,0,2026-07-06 11:12:41,2026-09-06T07:13:14.304024+00:00,2026-09-06
13746919,39800.0,10.591647316585027,GAC,Plate Number,2025,1,,1,2000,0,SUV,Petrol,Automatic,Black,new,0,Chinese_EV,Phnom Penh,Tier_1,store,1,0,2026-07-09 08:57:18,2026-09-04T07:17:04.017352+00:00,2026-09-04
13786960,21500.0,9.975854724662028,GAC,GS3,2026,0,,1,,1,SUV,Petrol,Automatic,Grey,new,0,Chinese_EV,Phnom Penh,Tier_1,store,0,0,2026-07-19 14:29:04,2026-09-03T07:14:26.325312+00:00,2026-09-03
13884261,46000.0,10.736418414365376,GAC,GN8,2024,2,,1,,1,MPV,Petrol,Automatic,White,new,0,Chinese_EV,Phnom Penh,Tier_1,store,0,0,2026-08-14 08:37:38,2026-09-06T07:12:21.920818+00:00,2026-09-06
13951739,33200.0,10.410335274932896,GAC,GN8,2024,2,10000,0,,1,MPV,Petrol,Automatic,Black,used,1,Chinese_EV,Phnom Penh,Tier_1,store,0,0,2026-09-01 00:56:23,2026-09-03T07:13:55.491260+00:00,2026-09-03
13953665,39800.0,10.591647316585027,GAC,Others,2024,2,1150,0,,1,MPV,Hybrid,Automatic,White,new,0,Chinese_EV,Phnom Penh,Tier_1,individual,0,0,2026-09-01 13:13:27,2026-09-03T09:13:04.780613+00:00,2026-09-03
13601286,23600.0,10.069044362997353,Aion,Aion i60,2026,0,,1,0,0,SUV,Electric,Automatic,White,new,0,Chinese_EV,Phnom Penh,Tier_1,store,0,0,2026-06-03 11:24:00,2026-09-03T07:14:26.060663+00:00,2026-09-03
13580929,23200.0,10.05195066017375,Aion,Aion i60,2026,0,,1,0,0,SUV,Electric,Automatic,White,new,0,Chinese_EV,Phnom Penh,Tier_1,individual,0,0,2026-05-29 10:04:33,2026-09-03T09:12:51.623931+00:00,2026-09-03
13422419,25000.0,10.12667110305036,Aion,Aion i60,2026,0,,1,0,0,SUV,Electric,Automatic,White,new,0,Chinese_EV,Phnom Penh,Tier_1,store,0,0,2026-04-21 12:57:34,2026-09-06T07:12:57.687647+00:00,2026-09-06
13918391,7900.0,8.974744612722734,Suzuki,Celerio,2020,6,,1,,1,,,Automatic,White,used,1,Mass_Market,Phnom Penh,Tier_1,individual,0,0,2026-08-23 12:23:45,2026-09-06T07:10:58.566230+00:00,2026-09-06
13516792,8300.0,9.024131268455035,Lexus,RX300,2001,25,,1,,1,SUV,Petrol,Automatic,Gold,used,1,Luxury,Phnom Penh,Tier_1,individual,0,0,2026-05-14 13:29:31,2026-09-03T09:13:15.571395+00:00,2026-09-03
13635234,36500.0,10.505094936455558,Lexus,NX200t,2016,10,128747,0,,1,SUV,Petrol,Automatic,White,used,0,Luxury,Phnom Penh,Tier_1,store,0,0,2026-06-11 13:09:51,2026-09-06T07:10:48.809010+00:00,2026-09-06
13689868,37500.0,10.53212287826962,Lexus,RX350,2013,13,128747,0,3500,0,SUV,Petrol,Automatic,White,used,0,Luxury,Phnom Penh,Tier_1,store,1,0,2026-06-24 15:46:50,2026-09-05T07:02:24.403661+00:00,2026-09-05
13753044,7850.0,8.968396191198256,Lexus,RX300,1999,27,,1,,1,SUV,Petrol,Automatic,Grey,used,1,Luxury,Phnom Penh,Tier_1,individual,0,0,2026-07-10 14:46:05,2026-09-04T07:18:25.252703+00:00,2026-09-04
13774128,28500.0,10.25769445336048,Lexus,NX200t,2015,11,,1,,1,SUV,Petrol,Automatic,Grey,used,0,Luxury,Phnom Penh,Tier_1,individual,0,0,2026-07-15 23:47:16,2026-09-04T07:18:40.161160+00:00,2026-09-04
13833620,17500.0,9.770013301136158,Lexus,RX330,2004,22,,1,,1,SUV,Petrol,Automatic,White,used,1,Luxury,Phnom Penh,Tier_1,store,0,0,2026-07-31 15:45:15,2026-09-06T07:09:57.426531+00:00,2026-09-06
13874128,17900.0,9.792611856190192,Lexus,RX330,2005,21,,1,,1,SUV,Petrol,Automatic,White,used,1,Luxury,Kandal,Tier_2,individual,0,0,2026-08-11 13:24:06,2026-09-05T07:00:51.224426+00:00,2026-09-05
13876034,8000.0,8.987321812850125,Lexus,LX470,1998,28,,1,,1,SUV,LPG,Automatic,Green,used,0,Luxury,Siem Reap,Tier_2,individual,0,0,2026-08-11 22:37:28,2026-09-03T07:17:18.047229+00:00,2026-09-03
13891410,13900.0,9.539716058977092,Lexus,RX300,2002,24,,1,,1,SUV,Petrol,Automatic,White,used,0,Luxury,Phnom Penh,Tier_1,store,0,0,2026-08-16 06:08:23,2026-09-05T07:01:14.131295+00:00,2026-09-05
13900938,19800.0,9.893487720457795,Lexus,RX330,2004,22,,1,,1,SUV,Petrol,Automatic,White,used,1,Luxury,Kampot,Tier_3,store,0,0,2026-08-18 14:12:39,2026-09-03T07:13:16.248195+00:00,2026-09-03
13912496,19500.0,9.87822102528824,Lexus,RX350,2010,16,,1,,1,SUV,Petrol,Automatic,White,used,1,Luxury,Phnom Penh,Tier_1,store,0,0,2026-08-21 15:48:04,2026-09-02T09:55:25.359226+00:00,2026-09-02
13925052,11999.0,9.392661928770137,Lexus,RX330,2004,22,,1,,1,SUV,Petrol,Automatic,Black,used,1,Luxury,Phnom Penh,Tier_1,store,0,0,2026-08-25 08:36:21,2026-09-04T07:18:56.442932+00:00,2026-09-04
13931728,99500.0,11.507922973347437,Lexus,LX570,2019,7,,1,,1,SUV,Petrol,Automatic,Black,used,1,Luxury,Phnom Penh,Tier_1,store,1,0,2026-08-26 15:37:29,2026-09-02T09:54:25.311726+00:00,2026-09-02
13937651,77000.0,11.251573687764477,Lexus,LX570,2016,10,,1,,1,SUV,Petrol,Automatic,White,used,1,Luxury,Phnom Penh,Tier_1,individual,0,0,2026-08-28 09:29:21,2026-09-02T09:54:01.565690+00:00,2026-09-02
13948608,11100.0,9.314790473332646,Lexus,RX300,2001,25,,1,,1,SUV,Petrol,Automatic,White,used,1,Luxury,Kandal,Tier_2,individual,0,0,2026-08-31 09:11:56,2026-09-03T07:17:11.334895+00:00,2026-09-03
13958574,81500.0,11.308370569092329,Lexus,LX570,2016,10,,1,,1,SUV,Petrol,Automatic,Black,used,1,Luxury,Phnom Penh,Tier_1,store,0,0,2026-09-02 15:15:37,2026-09-02T09:52:56.388285+00:00,2026-09-02
13966003,10300.0,9.239996256883693,Lexus,RX300,2001,25,,1,,1,SUV,Petrol,Automatic,Gold,used,1,Luxury,Phnom Penh,Tier_1,store,0,0,2026-09-04 12:06:27,2026-09-05T06:59:32.642501+00:00,2026-09-05
13966923,28800.0,10.268165387743457,Lexus,RX350,2010,16,,1,,1,SUV,Petrol,Automatic,White,used,1,Luxury,Phnom Penh,Tier_1,individual,0,0,2026-09-04 15:10:53,2026-09-06T07:11:27.643206+00:00,2026-09-06
13969351,31500.0,10.357774570341576,Lexus,NX200t,2016,10,,1,,1,SUV,Petrol,Automatic,White,used,1,Luxury,Phnom Penh,Tier_1,store,0,0,2026-09-05 10:29:02,2026-09-06T07:09:22.359622+00:00,2026-09-06
13973696,29800.0,10.30229722897745,Lexus,NX200t,2015,11,,1,,1,SUV,Petrol,Automatic,White,used,1,Luxury,Phnom Penh,Tier_1,individual,1,0,2026-09-06 13:37:18,2026-09-06T07:10:00.733501+00:00,2026-09-06
13384707,23800.0,10.077482875583607,Lexus,RC,2016,10,,1,,1,Coupe,Petrol,Automatic,Silver,used,1,Luxury,Phnom Penh,Tier_1,store,1,0,2026-04-07 13:46:27,2026-09-05T06:57:43.858299+00:00,2026-09-05
13626325,12200.0,9.409273194575334,Lexus,ES,2008,18,,1,,1,Sedan,Petrol,Automatic,Black,used,1,Luxury,Kampot,Tier_3,store,0,0,2026-06-09 13:19:38,2026-09-03T07:13:17.655651+00:00,2026-09-03
13648162,13400.0,9.503084610020228,Lexus,GS,2006,20,,1,,1,Sedan,Petrol,Automatic,White,used,1,Luxury,Kampot,Tier_3,store,0,0,2026-06-14 18:35:03,2026-09-03T07:13:16.424913+00:00,2026-09-03
13867458,28800.0,10.268165387743457,Lexus,NX200t,2016,10,,1,,1,SUV,Petrol,Automatic,Grey,used,1,Luxury,Phnom Penh,Tier_1,individual,1,0,2026-08-09 17:51:49,2026-09-04T07:18:38.886207+00:00,2026-09-04
13944837,13200.0,9.488047863280759,Lexus,GS,2006,20,,1,,1,Sedan,Petrol,Automatic,White,used,0,Luxury,Phnom Penh,Tier_1,store,1,0,2026-08-30 08:10:45,2026-09-06T07:14:02.265215+00:00,2026-09-06
13605207,16000.0,9.680406499268875,Lexus,RX330,2004,22,,1,,1,SUV,Petrol,Automatic,Grey,used,1,Luxury,Phnom Penh,Tier_1,individual,0,0,2026-06-04 10:00:08,2026-09-02T09:54:46.986248+00:00,2026-09-02
13936618,105000.0,11.561725152903833,Lexus,RX350,2023,3,,1,,1,SUV,Petrol,Automatic,White,used,1,Luxury,Phnom Penh,Tier_1,individual,0,0,2026-08-27 19:24:04,2026-09-05T07:04:15.977749+00:00,2026-09-05
13953561,19600.0,9.883335864325275,Lexus,RX330,2005,21,,1,,1,SUV,Petrol,Automatic,Gold,used,1,Luxury,Phnom Penh,Tier_1,individual,0,0,2026-09-01 12:50:17,2026-09-03T09:13:21.253466+00:00,2026-09-03
13863865,19300.0,9.867912187022208,Lexus,RX330,2005,21,,1,,1,SUV,,Automatic,Green,used,1,Luxury,Phnom Penh,Tier_1,store,1,0,2026-08-08 14:48:09,2026-09-05T07:00:28.047843+00:00,2026-09-05
13966077,15500.0,9.648659816955295,Lexus,HS,2010,16,,1,,1,SUV,,Automatic,Gold,used,1,Luxury,Phnom Penh,Tier_1,store,0,0,2026-09-04 12:18:43,2026-09-05T07:00:55.523776+00:00,2026-09-05
13948970,18500.0,9.825580063659602,Lexus,HS,2010,16,,1,,1,Sedan,Hybrid,Automatic,,used,1,Luxury,Phnom Penh,Tier_1,individual,1,0,2026-08-31 10:10:32,2026-09-02T09:52:36.604788+00:00,2026-09-02
13941060,18900.0,9.846970109700957,Lexus,LX470,2003,23,,1,,1,SUV,,,White,used,1,Luxury,Phnom Penh,Tier_1,store,0,0,2026-08-29 07:35:55,2026-09-02T09:51:36.361540+00:00,2026-09-02
13958032,34500.0,10.448743588106625,Lexus,NX200t,2016,10,,1,,1,SUV,,,White,used,1,Luxury,Phnom Penh,Tier_1,individual,0,0,2026-09-02 13:56:13,2026-09-02T09:54:40.459996+00:00,2026-09-02
13962098,10900.0,9.296609807128359,Lexus,RX300,2001,25,,1,,1,SUV,,,White,used,1,Luxury,Battambang,Tier_2,individual,0,0,2026-09-03 13:10:32,2026-09-03T07:14:13.064197+00:00,2026-09-03
13930544,103000.0,11.542493975902508,Lexus,RX500h,2023,3,,1,,1,,,,Black,new,0,Luxury,Phnom Penh,Tier_1,store,1,0,2026-08-26 11:52:56,2026-09-06T07:12:42.129797+00:00,2026-09-06
13966037,37500.0,10.53212287826962,Lexus,NX200t F Sport,2017,9,,1,,1,,,,White,used,1,Luxury,Phnom Penh,Tier_1,individual,1,0,2026-09-04 12:12:12,2026-09-04T07:20:01.383601+00:00,2026-09-04
13969427,11000.0,9.305741456739435,Lexus,GS,2006,20,,1,,1,,,,White,used,1,Luxury,Phnom Penh,Tier_1,individual,0,0,2026-09-05 10:43:14,2026-09-06T07:11:25.541826+00:00,2026-09-06
13969710,23000.0,10.043292972227004,Lexus,GS,2016,10,,1,,1,,,,Black,used,1,Luxury,Phnom Penh,Tier_1,individual,0,0,2026-09-05 11:36:10,2026-09-05T07:03:34.794743+00:00,2026-09-05
13969997,31500.0,10.357774570341576,Lexus,NX200t,2015,11,,1,,1,SUV,,,Grey,used,1,Luxury,Phnom Penh,Tier_1,store,1,0,2026-09-05 12:50:52,2026-09-05T06:59:49.233505+00:00,2026-09-05
13735853,35500.0,10.477316144080852,Lexus,RX450h,2012,14,,1,,1,SUV,Petrol,,White,used,0,Luxury,Phnom Penh,Tier_1,store,0,0,2026-07-06 14:04:15,2026-09-06T07:10:11.423056+00:00,2026-09-06
13853954,23030.0,10.044596413496008,Lexus,HS,2010,16,257494,0,,1,Sedan,Hybrid,,White,used,0,Luxury,Phnom Penh,Tier_1,store,0,0,2026-08-06 08:00:05,2026-09-05T07:03:07.171371+00:00,2026-09-05
13756515,10700.0,9.278092474027002,Lexus,RX300,2002,24,,1,,1,SUV,Petrol,,Grey,used,1,Luxury,Phnom Penh,Tier_1,store,0,0,2026-07-11 12:11:46,2026-09-06T07:11:53.594165+00:00,2026-09-06
13904787,57800.0,10.96476135554887,Geely,ផ្សេងៗ,2026,0,1300,0,,1,SUV,Hybrid,Automatic,White,new,0,Chinese_EV,Phnom Penh,Tier_1,store,0,0,2026-08-19 14:21:17,2026-09-02T09:54:05.664178+00:00,2026-09-02
