2026-08-17 15:50:49  [INFO    ]  =================================================================
2026-08-17 15:50:49  [INFO    ]  Cambodia Car Price Prediction — Data Collection Pipeline
2026-08-17 15:50:49  [INFO    ]    Category  : cars-for-sale
2026-08-17 15:50:49  [INFO    ]    Province  : ALL
2026-08-17 15:50:49  [INFO    ]    Max pages : 20  (600 listings max)
2026-08-17 15:50:49  [INFO    ]  =================================================================
2026-08-17 15:50:49  [INFO    ]    No prior raw files found — running fresh scrape.
2026-08-17 15:50:49  [INFO    ]  [cars-for-sale] Page 1/20  offset=0  collected=0
2026-08-17 15:50:50  [INFO    ]  [cars-for-sale] Page 2/20  offset=30  collected=40  total=20608
2026-08-17 15:50:51  [INFO    ]  [cars-for-sale] Page 3/20  offset=60  collected=62  total=20608
2026-08-17 15:50:52  [INFO    ]  [cars-for-sale] Page 4/20  offset=90  collected=77  total=20608
2026-08-17 15:50:53  [INFO    ]  [cars-for-sale] Page 5/20  offset=120  collected=104  total=20608
2026-08-17 15:50:54  [INFO    ]  [cars-for-sale] Page 6/20  offset=150  collected=135  total=20608
2026-08-17 15:50:55  [INFO    ]  [cars-for-sale] Page 7/20  offset=180  collected=137  total=20608
2026-08-17 15:50:56  [INFO    ]  [cars-for-sale] Page 8/20  offset=210  collected=167  total=20608
2026-08-17 15:50:57  [INFO    ]  [cars-for-sale] Page 9/20  offset=240  collected=185  total=20608
2026-08-17 15:50:58  [INFO    ]  [cars-for-sale] Page 10/20  offset=270  collected=215  total=20608
2026-08-17 15:50:59  [INFO    ]  [cars-for-sale] Page 11/20  offset=300  collected=236  total=20608
2026-08-17 15:51:00  [INFO    ]  [cars-for-sale] Page 12/20  offset=330  collected=267  total=20608
2026-08-17 15:51:01  [INFO    ]  [cars-for-sale] Page 13/20  offset=360  collected=284  total=20608
2026-08-17 15:51:02  [INFO    ]  [cars-for-sale] Page 14/20  offset=390  collected=313  total=20608
2026-08-17 15:51:03  [INFO    ]  [cars-for-sale] Page 15/20  offset=420  collected=344  total=20608
2026-08-17 15:51:04  [INFO    ]  [cars-for-sale] Page 16/20  offset=450  collected=375  total=20608
2026-08-17 15:51:05  [INFO    ]  [cars-for-sale] Page 17/20  offset=480  collected=384  total=20608
2026-08-17 15:51:06  [INFO    ]  [cars-for-sale] Page 18/20  offset=510  collected=416  total=20608
2026-08-17 15:51:07  [INFO    ]  [cars-for-sale] Page 19/20  offset=540  collected=448  total=20608
2026-08-17 15:51:08  [INFO    ]  [cars-for-sale] Page 20/20  offset=570  collected=453  total=20608
2026-08-17 15:51:09  [INFO    ]  Scrape complete. New records: 480
2026-08-17 15:51:09  [INFO    ]  Collected 480 new listings (had 0 before).
2026-08-17 15:51:09  [INFO    ]  Saved 480 records to Parquet -> data\raw\cars_2026-08-17_v01.parquet
2026-08-17 15:51:09  [INFO    ]  Raw data  -> Parquet : data\raw\cars_2026-08-17_v01.parquet
2026-08-17 15:51:09  [INFO    ]  Saved 30-row CSV sample -> data\raw\khmer24_cars_sample_30.csv
2026-08-17 15:51:09  [INFO    ]  Saved 60-row CSV sample -> data\raw\khmer24_cars_sample_60.csv
2026-08-17 15:51:09  [INFO    ]  CSV sample-> 30 rows : data\raw\khmer24_cars_sample_30.csv
2026-08-17 15:51:09  [INFO    ]  CSV sample-> 60 rows : data\raw\khmer24_cars_sample_60.csv
2026-08-17 15:51:09  [INFO    ]  ── Data Quality Summary (New Scraping Batch) ───────────
2026-08-17 15:51:09  [INFO    ]    Total listings   : 480
2026-08-17 15:51:09  [INFO    ]    With price       : 480  (100.0%)
2026-08-17 15:51:09  [INFO    ]    With model_year  : 480   (100.0%)
2026-08-17 15:51:09  [INFO    ]    With brand       : 308  (64.2%)
2026-08-17 15:51:09  [INFO    ]    With province    : 480   (100.0%)
2026-08-17 15:51:09  [WARNING ]    ⚠  Need ≥2,000 listings (have 480). Increase MAX_PAGES.
2026-08-17 15:51:09  [WARNING ]    ⚠  Need ≥1,500 priced listings (have 480).
2026-08-17 15:51:09  [INFO    ]  Running data cleaning across all collected raw files...
2026-08-17 15:51:09  [INFO    ]  Rule 1 (no price)     : removed    0  | remaining 480
2026-08-17 15:51:09  [INFO    ]  Rule 2 (price bounds) : removed    0  | remaining 480
2026-08-17 15:51:09  [INFO    ]  Rule 3 (year bounds)  : removed    0  | remaining 480
2026-08-17 15:51:09  [INFO    ]  Rule 10 (duplicates)  : removed    0  | remaining 480
2026-08-17 15:51:09  [INFO    ]  Cleaning complete: 480 -> 480 rows (0 removed total)
2026-08-17 15:51:09  [INFO    ]  Cleaned data -> data\processed\cars_clean.parquet (480 unique rows)
2026-08-17 15:51:09  [INFO    ]  Cleaned sample (60 rows) -> data\processed\cars_clean_sample.csv
2026-08-17 15:51:09  [INFO    ]  ── Price Distribution (USD) ──────────────────────────────
2026-08-17 15:51:09  [INFO    ]    Median  : $22,600
2026-08-17 15:51:09  [INFO    ]    Mean    : $31,927
2026-08-17 15:51:09  [INFO    ]    Min     : $1,150
2026-08-17 15:51:09  [INFO    ]    Max     : $298,000
2026-08-17 15:51:09  [INFO    ]  ── Top 10 Brands by Listing Count ───────────────────────
2026-08-17 15:51:09  [INFO    ]    Unknown              172
2026-08-17 15:51:09  [INFO    ]    Toyota               114
2026-08-17 15:51:09  [INFO    ]    Lexus                48
2026-08-17 15:51:09  [INFO    ]    Ford                 27
2026-08-17 15:51:09  [INFO    ]    Kia                  23
2026-08-17 15:51:09  [INFO    ]    Mercedes-Benz        16
2026-08-17 15:51:09  [INFO    ]    Mazda                9
2026-08-17 15:51:09  [INFO    ]    GAC                  8
2026-08-17 15:51:09  [INFO    ]    Land Rover           8
2026-08-17 15:51:09  [INFO    ]    Jeep                 7
2026-08-17 15:51:09  [INFO    ]  Done!
2026-08-18 08:32:38  [INFO    ]  =================================================================
2026-08-18 08:32:38  [INFO    ]  EL Pipeline  --  Extract & Load
2026-08-18 08:32:38  [INFO    ]    Category  : cars-for-sale
2026-08-18 08:32:38  [INFO    ]    Province  : ALL
2026-08-18 08:32:38  [INFO    ]    Max pages : 20  (600 listings max)
2026-08-18 08:32:38  [INFO    ]  =================================================================
2026-08-18 08:32:38  [INFO    ]    Found 480 existing IDs across 1 file(s) -- running incremental sync.
2026-08-18 08:32:38  [INFO    ]  [cars-for-sale] Page 1/20  offset=0  collected=0
2026-08-18 08:32:39  [INFO    ]  [cars-for-sale] Page 2/20  offset=30  collected=12  total=20515
2026-08-18 08:32:40  [INFO    ]  [cars-for-sale] Page 3/20  offset=60  collected=17  total=20515
2026-08-18 08:32:41  [INFO    ]  [cars-for-sale] Page 4/20  offset=90  collected=18  total=20515
2026-08-18 08:32:42  [INFO    ]  [cars-for-sale] Page 5/20  offset=120  collected=46  total=20515
2026-08-18 08:32:43  [INFO    ]  [cars-for-sale] Page 6/20  offset=150  collected=76  total=20515
2026-08-18 08:32:43  [INFO    ]  [cars-for-sale] Page 7/20  offset=180  collected=105  total=20515
2026-08-18 08:32:44  [INFO    ]  [cars-for-sale] Page 8/20  offset=210  collected=113  total=20515
2026-08-18 08:32:46  [INFO    ]  [cars-for-sale] Page 9/20  offset=240  collected=135  total=20515
2026-08-18 08:32:47  [INFO    ]  [cars-for-sale] Page 10/20  offset=270  collected=164  total=20515
2026-08-18 08:32:48  [INFO    ]  [cars-for-sale] Page 11/20  offset=300  collected=194  total=20515
2026-08-18 08:32:48  [INFO    ]  Full page already in storage — incremental sync complete.
2026-08-18 08:32:48  [INFO    ]  Scrape complete. New records: 194
2026-08-18 08:32:48  [INFO    ]  Collected 194 new listings.
2026-08-18 08:32:48  [INFO    ]  Saved 194 records to Parquet -> data\raw\cars_2026-08-18_v01.parquet
2026-08-18 08:32:48  [INFO    ]  Saved 60-row CSV sample -> data\raw\khmer24_cars_sample_60.csv
2026-08-18 08:32:48  [INFO    ]  Raw Parquet -> data\raw\cars_2026-08-18_v01.parquet
2026-08-18 08:32:48  [INFO    ]  CSV sample  -> 60 rows : data\raw\khmer24_cars_sample_60.csv
2026-08-18 08:32:48  [INFO    ]  -- Data Quality (new batch) -------------------------------------
2026-08-18 08:32:48  [INFO    ]    Total listings   : 194
2026-08-18 08:32:48  [INFO    ]    With price       : 194  (100.0%)
2026-08-18 08:32:48  [INFO    ]    With model year  : 194  (100.0%)
2026-08-18 08:32:48  [INFO    ]    With brand       : 127  (65.5%)
2026-08-18 08:32:48  [INFO    ]    With province    : 194  (100.0%)
2026-08-18 08:32:48  [WARNING ]    Need >= 2,000 listings (have 194). Increase MAX_PAGES.
2026-08-18 08:32:48  [WARNING ]    Need >= 1,500 priced listings (have 194).
2026-08-18 08:32:48  [INFO    ]  Pipeline complete. 194 new listings loaded.
2026-08-18 09:28:58  [INFO    ]  =================================================================
2026-08-18 09:28:58  [INFO    ]  EL Pipeline  --  Extract & Load (Time-Series & Change Tracking)
2026-08-18 09:28:58  [INFO    ]    Category    : cars-for-sale
2026-08-18 09:28:58  [INFO    ]    Province    : ALL
2026-08-18 09:28:58  [INFO    ]    Max pages   : 20  (600 listings max)
2026-08-18 09:28:58  [INFO    ]    Scrape mode : feed_window
2026-08-18 09:28:58  [INFO    ]  =================================================================
2026-08-18 09:28:58  [INFO    ]    Found 674 historical unique listing IDs across 2 file(s).
2026-08-18 09:28:58  [INFO    ]  [cars-for-sale] Page 1/20  offset=0  collected=0
2026-08-18 09:28:59  [INFO    ]  [cars-for-sale] Page 2/20  offset=30  collected=40  total=20515
2026-08-18 09:29:00  [INFO    ]  [cars-for-sale] Page 3/20  offset=60  collected=70  total=20515
2026-08-18 09:29:01  [INFO    ]  [cars-for-sale] Page 4/20  offset=90  collected=82  total=20515
2026-08-18 09:29:02  [INFO    ]  [cars-for-sale] Page 5/20  offset=120  collected=109  total=20515
2026-08-18 09:29:03  [INFO    ]  [cars-for-sale] Page 6/20  offset=150  collected=140  total=20515
2026-08-18 09:29:04  [INFO    ]  [cars-for-sale] Page 7/20  offset=180  collected=170  total=20515
2026-08-18 09:29:04  [INFO    ]  [cars-for-sale] Page 8/20  offset=210  collected=202  total=20515
2026-08-18 09:29:05  [INFO    ]  [cars-for-sale] Page 9/20  offset=240  collected=217  total=20515
2026-08-18 09:29:06  [INFO    ]  [cars-for-sale] Page 10/20  offset=270  collected=235  total=20515
2026-08-18 09:29:07  [INFO    ]  [cars-for-sale] Page 11/20  offset=300  collected=246  total=20515
2026-08-18 09:29:08  [INFO    ]  [cars-for-sale] Page 12/20  offset=330  collected=277  total=20515
2026-08-18 09:29:09  [INFO    ]  [cars-for-sale] Page 13/20  offset=360  collected=309  total=20515
2026-08-18 09:29:10  [INFO    ]  [cars-for-sale] Page 14/20  offset=390  collected=339  total=20515
2026-08-18 09:29:11  [INFO    ]  [cars-for-sale] Page 15/20  offset=420  collected=339  total=20515
2026-08-18 09:29:12  [INFO    ]  [cars-for-sale] Page 16/20  offset=450  collected=341  total=20515
2026-08-18 09:29:13  [INFO    ]  [cars-for-sale] Page 17/20  offset=480  collected=350  total=20515
2026-08-18 09:29:13  [INFO    ]  [cars-for-sale] Page 18/20  offset=510  collected=381  total=20515
2026-08-18 09:29:14  [INFO    ]  [cars-for-sale] Page 19/20  offset=540  collected=392  total=20515
2026-08-18 09:29:15  [INFO    ]  [cars-for-sale] Page 20/20  offset=570  collected=417  total=20515
2026-08-18 09:29:16  [INFO    ]  Scrape complete. Collected 449 records in this batch.
2026-08-18 09:29:16  [INFO    ]  Batch summary: 449 total listings collected (364 new IDs, 85 recurring/tracked IDs).
2026-08-18 09:29:16  [INFO    ]  Saved 449 records to Parquet -> data\raw\cars_2026-08-18_v02.parquet
2026-08-18 09:29:16  [INFO    ]  Saved 60-row CSV sample -> data\raw\khmer24_cars_sample_60.csv
2026-08-18 09:29:16  [INFO    ]  Raw Parquet -> data\raw\cars_2026-08-18_v02.parquet
2026-08-18 09:29:16  [INFO    ]  CSV sample  -> 60 rows : data\raw\khmer24_cars_sample_60.csv
2026-08-18 09:29:16  [INFO    ]  -- Data Quality (current batch) ---------------------------------
2026-08-18 09:29:16  [INFO    ]    Batch listings   : 449
2026-08-18 09:29:16  [INFO    ]    With price       : 449  (100.0%)
2026-08-18 09:29:16  [INFO    ]    With model year  : 449  (100.0%)
2026-08-18 09:29:16  [INFO    ]    With brand       : 331  (73.7%)
2026-08-18 09:29:16  [INFO    ]    With province    : 449  (100.0%)
2026-08-18 09:29:16  [INFO    ]    Total Cumulative Unique IDs : 1,038
2026-08-18 09:29:16  [INFO    ]    Progress toward Phase 1 goal (2,000 unique listings): 1,038/2,000
2026-08-18 09:29:16  [INFO    ]  Pipeline complete. 449 new listings loaded.
2026-08-18 11:18:27  [INFO    ]  =================================================================
2026-08-18 11:18:27  [INFO    ]  EL Pipeline  --  Extract & Load (Time-Series & Change Tracking)
2026-08-18 11:18:27  [INFO    ]    Category    : cars-for-sale
2026-08-18 11:18:27  [INFO    ]    Province    : ALL
2026-08-18 11:18:27  [INFO    ]    Max pages   : 20  (600 listings max)
2026-08-18 11:18:27  [INFO    ]    Scrape mode : feed_window
2026-08-18 11:18:27  [INFO    ]  =================================================================
2026-08-18 11:18:27  [INFO    ]    Found 1,038 historical unique listing IDs across 3 file(s).
2026-08-18 11:18:27  [INFO    ]  [cars-for-sale] Page 1/20  offset=0  collected=0
2026-08-18 11:18:29  [INFO    ]  [cars-for-sale] Page 2/20  offset=30  collected=40  total=20547
2026-08-18 11:18:30  [INFO    ]  [cars-for-sale] Page 3/20  offset=60  collected=59  total=20547
2026-08-18 11:18:32  [INFO    ]  [cars-for-sale] Page 4/20  offset=90  collected=80  total=20547
2026-08-18 11:18:33  [INFO    ]  [cars-for-sale] Page 5/20  offset=120  collected=107  total=20547
2026-08-18 11:18:34  [INFO    ]  [cars-for-sale] Page 6/20  offset=150  collected=137  total=20547
2026-08-18 11:18:35  [INFO    ]  [cars-for-sale] Page 7/20  offset=180  collected=167  total=20547
2026-08-18 11:18:36  [INFO    ]  [cars-for-sale] Page 8/20  offset=210  collected=197  total=20547
2026-08-18 11:18:38  [INFO    ]  [cars-for-sale] Page 9/20  offset=240  collected=198  total=20547
2026-08-18 11:18:39  [INFO    ]  [cars-for-sale] Page 10/20  offset=270  collected=210  total=20547
2026-08-18 11:18:40  [INFO    ]  [cars-for-sale] Page 11/20  offset=300  collected=229  total=20547
2026-08-18 11:18:41  [INFO    ]  [cars-for-sale] Page 12/20  offset=330  collected=259  total=20547
2026-08-18 11:18:42  [INFO    ]  [cars-for-sale] Page 13/20  offset=360  collected=289  total=20547
2026-08-18 11:18:43  [INFO    ]  [cars-for-sale] Page 14/20  offset=390  collected=319  total=20547
2026-08-18 11:18:44  [INFO    ]  [cars-for-sale] Page 15/20  offset=420  collected=349  total=20547
2026-08-18 11:18:45  [INFO    ]  [cars-for-sale] Page 16/20  offset=450  collected=365  total=20547
2026-08-18 11:18:46  [INFO    ]  [cars-for-sale] Page 17/20  offset=480  collected=395  total=20547
2026-08-18 11:18:47  [INFO    ]  [cars-for-sale] Page 18/20  offset=510  collected=425  total=20547
2026-08-18 11:18:48  [INFO    ]  [cars-for-sale] Page 19/20  offset=540  collected=456  total=20547
2026-08-18 11:18:49  [INFO    ]  [cars-for-sale] Page 20/20  offset=570  collected=472  total=20547
2026-08-18 11:18:50  [INFO    ]  Scrape complete. Collected 504 records in this batch.
2026-08-18 11:18:50  [INFO    ]  Batch summary: 504 total listings collected (429 new IDs, 75 recurring/tracked IDs).
2026-08-18 11:18:50  [INFO    ]  Saved 504 records to Parquet -> data\raw\cars_2026-08-18_v03.parquet
2026-08-18 11:18:50  [INFO    ]  Saved 60-row CSV sample -> data\raw\khmer24_cars_sample_60.csv
2026-08-18 11:18:50  [INFO    ]  Raw Parquet -> data\raw\cars_2026-08-18_v03.parquet
2026-08-18 11:18:50  [INFO    ]  CSV sample  -> 60 rows : data\raw\khmer24_cars_sample_60.csv
2026-08-18 11:18:50  [INFO    ]  -- Data Quality (current batch) ---------------------------------
2026-08-18 11:18:50  [INFO    ]    Batch listings   : 504
2026-08-18 11:18:50  [INFO    ]    With price       : 504  (100.0%)
2026-08-18 11:18:50  [INFO    ]    With model year  : 504  (100.0%)
2026-08-18 11:18:50  [INFO    ]    With brand       : 320  (63.5%)
2026-08-18 11:18:50  [INFO    ]    With province    : 504  (100.0%)
2026-08-18 11:18:50  [INFO    ]    Total Cumulative Unique IDs : 1,467
2026-08-18 11:18:50  [INFO    ]    Progress toward Phase 1 goal (2,000 unique listings): 1,467/2,000
2026-08-18 11:18:50  [INFO    ]  Pipeline complete. 504 new listings loaded.
2026-08-18 11:24:58  [INFO    ]  =================================================================
2026-08-18 11:24:58  [INFO    ]  EL Pipeline  --  Extract & Load (Time-Series & Change Tracking)
2026-08-18 11:24:58  [INFO    ]    Category    : cars-for-sale
2026-08-18 11:24:58  [INFO    ]    Province    : ALL
2026-08-18 11:24:58  [INFO    ]    Max pages   : 20  (600 listings max)
2026-08-18 11:24:58  [INFO    ]    Scrape mode : feed_window
2026-08-18 11:24:58  [INFO    ]  =================================================================
2026-08-18 11:24:58  [INFO    ]    Found 480 historical unique listing IDs across 1 file(s).
2026-08-18 11:24:58  [INFO    ]  [cars-for-sale] Page 1/20  offset=0  collected=0
2026-08-18 11:24:59  [INFO    ]  [cars-for-sale] Page 2/20  offset=30  collected=40  total=20544
2026-08-18 11:25:00  [INFO    ]  [cars-for-sale] Page 3/20  offset=60  collected=62  total=20544
2026-08-18 11:25:01  [INFO    ]  [cars-for-sale] Page 4/20  offset=90  collected=79  total=20544
2026-08-18 11:25:02  [INFO    ]  [cars-for-sale] Page 5/20  offset=120  collected=108  total=20544
2026-08-18 11:25:03  [INFO    ]  [cars-for-sale] Page 6/20  offset=150  collected=122  total=20544
2026-08-18 11:25:04  [INFO    ]  [cars-for-sale] Page 7/20  offset=180  collected=152  total=20544
2026-08-18 11:25:05  [INFO    ]  [cars-for-sale] Page 8/20  offset=210  collected=182  total=20544
2026-08-18 11:25:06  [INFO    ]  [cars-for-sale] Page 9/20  offset=240  collected=183  total=20544
2026-08-18 11:25:07  [INFO    ]  [cars-for-sale] Page 10/20  offset=270  collected=214  total=20544
2026-08-18 11:25:08  [INFO    ]  [cars-for-sale] Page 11/20  offset=300  collected=247  total=20544
2026-08-18 11:25:09  [INFO    ]  [cars-for-sale] Page 12/20  offset=330  collected=248  total=20544
2026-08-18 11:25:10  [INFO    ]  [cars-for-sale] Page 13/20  offset=360  collected=270  total=20544
2026-08-18 11:25:11  [INFO    ]  [cars-for-sale] Page 14/20  offset=390  collected=292  total=20544
2026-08-18 11:25:12  [INFO    ]  [cars-for-sale] Page 15/20  offset=420  collected=322  total=20544
2026-08-18 11:25:12  [INFO    ]  [cars-for-sale] Page 16/20  offset=450  collected=352  total=20544
2026-08-18 11:25:13  [INFO    ]  [cars-for-sale] Page 17/20  offset=480  collected=382  total=20544
2026-08-18 11:25:14  [INFO    ]  [cars-for-sale] Page 18/20  offset=510  collected=400  total=20544
2026-08-18 11:25:15  [INFO    ]  [cars-for-sale] Page 19/20  offset=540  collected=421  total=20544
2026-08-18 11:25:16  [INFO    ]  [cars-for-sale] Page 20/20  offset=570  collected=451  total=20544
2026-08-18 11:25:17  [INFO    ]  Scrape complete. Collected 462 records in this batch.
2026-08-18 11:25:17  [INFO    ]  Batch summary: 462 total listings collected (392 new IDs, 70 recurring/tracked IDs).
2026-08-18 11:25:17  [INFO    ]  Saved 462 records to Parquet -> data\raw\cars_2026-08-18.parquet
2026-08-18 11:25:17  [INFO    ]  Saved 60-row CSV sample -> data\raw\khmer24_cars_sample_60.csv
2026-08-18 11:25:17  [INFO    ]  Raw Parquet -> data\raw\cars_2026-08-18.parquet
2026-08-18 11:25:17  [INFO    ]  CSV sample  -> 60 rows : data\raw\khmer24_cars_sample_60.csv
2026-08-18 11:25:17  [INFO    ]  -- Data Quality (current batch) ---------------------------------
2026-08-18 11:25:17  [INFO    ]    Batch listings   : 462
2026-08-18 11:25:17  [INFO    ]    With price       : 462  (100.0%)
2026-08-18 11:25:17  [INFO    ]    With model year  : 462  (100.0%)
2026-08-18 11:25:17  [INFO    ]    With brand       : 294  (63.6%)
2026-08-18 11:25:17  [INFO    ]    With province    : 462  (100.0%)
2026-08-18 11:25:17  [INFO    ]    Total Cumulative Unique IDs : 872
2026-08-18 11:25:17  [INFO    ]    Progress toward Phase 1 goal (2,000 unique listings): 872/2,000
2026-08-18 11:25:17  [INFO    ]  Pipeline complete. 462 new listings loaded.
2026-08-18 17:18:14  [INFO    ]  =================================================================
2026-08-18 17:18:14  [INFO    ]  EL Pipeline  --  Extract & Load (Time-Series & Change Tracking)
2026-08-18 17:18:14  [INFO    ]    Category    : cars-for-sale
2026-08-18 17:18:14  [INFO    ]    Province    : ALL
2026-08-18 17:18:14  [INFO    ]    Max pages   : 2  (60 listings max)
2026-08-18 17:18:14  [INFO    ]    Scrape mode : feed_window
2026-08-18 17:18:14  [INFO    ]  =================================================================
2026-08-18 17:18:15  [INFO    ]    Found 872 historical unique listing IDs across 2 file(s).
2026-08-18 17:18:15  [INFO    ]  Cloudflare Worker relay enabled (POSTS_API_BASE overridden).
2026-08-18 17:18:15  [INFO    ]  [cars-for-sale] Page 1/2  offset=0  collected=0
2026-08-18 17:18:16  [INFO    ]  [cars-for-sale] Page 2/2  offset=30  collected=40  total=20600
2026-08-18 17:18:17  [INFO    ]  Scrape complete. Collected 64 records in this batch.
2026-08-18 17:18:17  [INFO    ]  Batch summary: 64 total listings collected (14 new IDs, 50 recurring/tracked IDs).
2026-08-18 17:18:17  [INFO    ]  Saved 64 records to Parquet -> data\raw\cars_2026-08-18.parquet
2026-08-18 17:18:17  [INFO    ]  Saved 60-row CSV sample -> data\raw\khmer24_cars_sample_60.csv
2026-08-18 17:18:17  [INFO    ]  Raw Parquet -> data\raw\cars_2026-08-18.parquet
2026-08-18 17:18:17  [INFO    ]  CSV sample  -> 60 rows : data\raw\khmer24_cars_sample_60.csv
2026-08-18 17:18:17  [INFO    ]  -- Data Quality (current batch) ---------------------------------
2026-08-18 17:18:17  [INFO    ]    Batch listings   : 64
2026-08-18 17:18:17  [INFO    ]    With price       : 64  (100.0%)
2026-08-18 17:18:17  [INFO    ]    With model year  : 64  (100.0%)
2026-08-18 17:18:17  [INFO    ]    With brand       : 36  (56.2%)
2026-08-18 17:18:17  [INFO    ]    With province    : 64  (100.0%)
2026-08-18 17:18:17  [INFO    ]    Total Cumulative Unique IDs : 886
2026-08-18 17:18:17  [INFO    ]    Progress toward Phase 1 goal (2,000 unique listings): 886/2,000
2026-08-18 17:18:17  [INFO    ]  Pipeline complete. 64 new listings loaded.
2026-08-18 17:18:49  [INFO    ]  =================================================================
2026-08-18 17:18:49  [INFO    ]  EL Pipeline  --  Extract & Load (Time-Series & Change Tracking)
2026-08-18 17:18:49  [INFO    ]    Category    : cars-for-sale
2026-08-18 17:18:49  [INFO    ]    Province    : ALL
2026-08-18 17:18:49  [INFO    ]    Max pages   : 20  (600 listings max)
2026-08-18 17:18:49  [INFO    ]    Scrape mode : feed_window
2026-08-18 17:18:49  [INFO    ]  =================================================================
2026-08-18 17:18:49  [INFO    ]    Found 502 historical unique listing IDs across 2 file(s).
2026-08-18 17:18:49  [INFO    ]  Cloudflare Worker relay enabled (POSTS_API_BASE overridden).
2026-08-18 17:18:49  [INFO    ]  [cars-for-sale] Page 1/20  offset=0  collected=0
2026-08-18 17:18:50  [INFO    ]  [cars-for-sale] Page 2/20  offset=30  collected=40  total=20600
2026-08-18 17:18:51  [INFO    ]  [cars-for-sale] Page 3/20  offset=60  collected=64  total=20600
2026-08-18 17:18:52  [INFO    ]  [cars-for-sale] Page 4/20  offset=90  collected=83  total=20600
2026-08-18 17:18:53  [INFO    ]  [cars-for-sale] Page 5/20  offset=120  collected=108  total=20600
2026-08-18 17:18:54  [INFO    ]  [cars-for-sale] Page 6/20  offset=150  collected=138  total=20600
2026-08-18 17:18:55  [INFO    ]  [cars-for-sale] Page 7/20  offset=180  collected=157  total=20600
2026-08-18 17:18:56  [INFO    ]  [cars-for-sale] Page 8/20  offset=210  collected=183  total=20600
2026-08-18 17:18:57  [INFO    ]  [cars-for-sale] Page 9/20  offset=240  collected=214  total=20600
2026-08-18 17:18:58  [INFO    ]  [cars-for-sale] Page 10/20  offset=270  collected=245  total=20600
2026-08-18 17:18:59  [INFO    ]  [cars-for-sale] Page 11/20  offset=300  collected=275  total=20600
2026-08-18 17:19:00  [INFO    ]  [cars-for-sale] Page 12/20  offset=330  collected=306  total=20600
2026-08-18 17:19:01  [INFO    ]  [cars-for-sale] Page 13/20  offset=360  collected=336  total=20600
2026-08-18 17:19:02  [INFO    ]  [cars-for-sale] Page 14/20  offset=390  collected=366  total=20600
2026-08-18 17:19:03  [INFO    ]  [cars-for-sale] Page 15/20  offset=420  collected=398  total=20600
2026-08-18 17:19:04  [INFO    ]  [cars-for-sale] Page 16/20  offset=450  collected=423  total=20600
2026-08-18 17:19:05  [INFO    ]  [cars-for-sale] Page 17/20  offset=480  collected=453  total=20600
2026-08-18 17:19:06  [INFO    ]  [cars-for-sale] Page 18/20  offset=510  collected=455  total=20600
2026-08-18 17:19:07  [INFO    ]  [cars-for-sale] Page 19/20  offset=540  collected=485  total=20600
2026-08-18 17:19:07  [INFO    ]  [cars-for-sale] Page 20/20  offset=570  collected=513  total=20600
2026-08-18 17:19:08  [INFO    ]  Scrape complete. Collected 539 records in this batch.
2026-08-18 17:19:08  [INFO    ]  Batch summary: 539 total listings collected (422 new IDs, 117 recurring/tracked IDs).
2026-08-18 17:19:08  [INFO    ]  Saved 539 records to Parquet -> data\raw\cars_2026-08-18.parquet
2026-08-18 17:19:08  [INFO    ]  Saved 60-row CSV sample -> data\raw\khmer24_cars_sample_60.csv
2026-08-18 17:19:08  [INFO    ]  Raw Parquet -> data\raw\cars_2026-08-18.parquet
2026-08-18 17:19:08  [INFO    ]  CSV sample  -> 60 rows : data\raw\khmer24_cars_sample_60.csv
2026-08-18 17:19:08  [INFO    ]  -- Data Quality (current batch) ---------------------------------
2026-08-18 17:19:08  [INFO    ]    Batch listings   : 539
2026-08-18 17:19:08  [INFO    ]    With price       : 539  (100.0%)
2026-08-18 17:19:08  [INFO    ]    With model year  : 539  (100.0%)
2026-08-18 17:19:08  [INFO    ]    With brand       : 340  (63.1%)
2026-08-18 17:19:08  [INFO    ]    With province    : 539  (100.0%)
2026-08-18 17:19:08  [INFO    ]    Total Cumulative Unique IDs : 924
2026-08-18 17:19:08  [INFO    ]    Progress toward Phase 1 goal (2,000 unique listings): 924/2,000
2026-08-18 17:19:08  [INFO    ]  Pipeline complete. 539 new listings loaded.
2026-08-18 15:23:46  [INFO    ]  =================================================================
2026-08-18 15:23:46  [INFO    ]  EL Pipeline  --  Extract & Load (Time-Series & Change Tracking)
2026-08-18 15:23:46  [INFO    ]    Category    : cars-for-sale
2026-08-18 15:23:46  [INFO    ]    Province    : ALL
2026-08-18 15:23:46  [INFO    ]    Max pages   : 20  (600 listings max)
2026-08-18 15:23:46  [INFO    ]    Scrape mode : feed_window
2026-08-18 15:23:46  [INFO    ]  =================================================================
2026-08-18 15:23:46  [INFO    ]    Found 914 historical unique listing IDs across 2 file(s).
2026-08-18 15:23:46  [INFO    ]  Cloudflare Worker relay enabled (POSTS_API_BASE overridden).
2026-08-18 15:23:46  [INFO    ]  [cars-for-sale] Page 1/20  offset=0  collected=0
2026-08-18 15:23:48  [INFO    ]  [cars-for-sale] Page 2/20  offset=30  collected=40  total=20621
2026-08-18 15:23:49  [INFO    ]  [cars-for-sale] Page 3/20  offset=60  collected=70  total=20621
2026-08-18 15:23:50  [INFO    ]  [cars-for-sale] Page 4/20  offset=90  collected=80  total=20621
2026-08-18 15:23:52  [INFO    ]  [cars-for-sale] Page 5/20  offset=120  collected=105  total=20621
2026-08-18 15:23:53  [INFO    ]  [cars-for-sale] Page 6/20  offset=150  collected=135  total=20621
2026-08-18 15:23:54  [INFO    ]  [cars-for-sale] Page 7/20  offset=180  collected=166  total=20621
2026-08-18 15:23:56  [INFO    ]  [cars-for-sale] Page 8/20  offset=210  collected=194  total=20621
2026-08-18 15:23:57  [INFO    ]  [cars-for-sale] Page 9/20  offset=240  collected=226  total=20621
2026-08-18 15:23:58  [INFO    ]  [cars-for-sale] Page 10/20  offset=270  collected=256  total=20621
2026-08-18 15:24:00  [INFO    ]  [cars-for-sale] Page 11/20  offset=300  collected=282  total=20621
2026-08-18 15:24:01  [INFO    ]  [cars-for-sale] Page 12/20  offset=330  collected=312  total=20621
2026-08-18 15:24:02  [INFO    ]  [cars-for-sale] Page 13/20  offset=360  collected=342  total=20621
2026-08-18 15:24:03  [INFO    ]  [cars-for-sale] Page 14/20  offset=390  collected=360  total=20621
2026-08-18 15:24:05  [INFO    ]  [cars-for-sale] Page 15/20  offset=420  collected=390  total=20621
2026-08-18 15:24:06  [INFO    ]  [cars-for-sale] Page 16/20  offset=450  collected=421  total=20621
2026-08-18 15:24:07  [INFO    ]  [cars-for-sale] Page 17/20  offset=480  collected=453  total=20621
2026-08-18 15:24:08  [INFO    ]  [cars-for-sale] Page 18/20  offset=510  collected=484  total=20621
2026-08-18 15:24:10  [INFO    ]  [cars-for-sale] Page 19/20  offset=540  collected=513  total=20621
2026-08-18 15:24:11  [INFO    ]  [cars-for-sale] Page 20/20  offset=570  collected=527  total=20621
2026-08-18 15:24:12  [INFO    ]  Scrape complete. Collected 557 records in this batch.
2026-08-18 15:24:12  [INFO    ]  Batch summary: 557 total listings collected (473 new IDs, 84 recurring/tracked IDs).
2026-08-18 15:24:12  [INFO    ]  Saved 557 records to Parquet -> data/raw/cars_2026-08-18.parquet
2026-08-18 15:24:13  [INFO    ]  Saved 60-row CSV sample -> data/raw/khmer24_cars_sample_60.csv
2026-08-18 15:24:13  [INFO    ]  Raw Parquet -> data/raw/cars_2026-08-18.parquet
2026-08-18 15:24:13  [INFO    ]  CSV sample  -> 60 rows : data/raw/khmer24_cars_sample_60.csv
2026-08-18 15:24:13  [INFO    ]  -- Data Quality (current batch) ---------------------------------
2026-08-18 15:24:13  [INFO    ]    Batch listings   : 557
2026-08-18 15:24:13  [INFO    ]    With price       : 557  (100.0%)
2026-08-18 15:24:13  [INFO    ]    With model year  : 557  (100.0%)
2026-08-18 15:24:13  [INFO    ]    With brand       : 368  (66.1%)
2026-08-18 15:24:13  [INFO    ]    With province    : 557  (100.0%)
2026-08-18 15:24:13  [INFO    ]    Total Cumulative Unique IDs : 1,387
2026-08-18 15:24:13  [INFO    ]    Progress toward Phase 1 goal (2,000 unique listings): 1,387/2,000
2026-08-18 15:24:13  [INFO    ]  Pipeline complete. 557 new listings loaded.
2026-08-19 02:47:56  [INFO    ]  =================================================================
2026-08-19 02:47:56  [INFO    ]  EL Pipeline  --  Extract & Load (Time-Series & Change Tracking)
2026-08-19 02:47:56  [INFO    ]    Category    : cars-for-sale
2026-08-19 02:47:56  [INFO    ]    Province    : ALL
2026-08-19 02:47:56  [INFO    ]    Max pages   : 20  (600 listings max)
2026-08-19 02:47:56  [INFO    ]    Scrape mode : feed_window
2026-08-19 02:47:56  [INFO    ]  =================================================================
2026-08-19 02:47:56  [INFO    ]    Found 969 historical unique listing IDs across 2 file(s).
2026-08-19 02:47:56  [INFO    ]  Cloudflare Worker relay enabled (POSTS_API_BASE overridden).
2026-08-19 02:47:56  [INFO    ]  [cars-for-sale] Page 1/20  offset=0  collected=0
2026-08-19 02:47:58  [INFO    ]  [cars-for-sale] Page 2/20  offset=30  collected=40  total=20503
2026-08-19 02:47:59  [INFO    ]  [cars-for-sale] Page 3/20  offset=60  collected=59  total=20503
2026-08-19 02:48:01  [INFO    ]  [cars-for-sale] Page 4/20  offset=90  collected=76  total=20503
2026-08-19 02:48:02  [INFO    ]  [cars-for-sale] Page 5/20  offset=120  collected=103  total=20503
2026-08-19 02:48:04  [INFO    ]  [cars-for-sale] Page 6/20  offset=150  collected=126  total=20503
2026-08-19 02:48:05  [INFO    ]  [cars-for-sale] Page 7/20  offset=180  collected=157  total=20503
2026-08-19 02:48:06  [INFO    ]  [cars-for-sale] Page 8/20  offset=210  collected=188  total=20503
2026-08-19 02:48:08  [INFO    ]  [cars-for-sale] Page 9/20  offset=240  collected=195  total=20503
2026-08-19 02:48:09  [INFO    ]  [cars-for-sale] Page 10/20  offset=270  collected=201  total=20503
2026-08-19 02:48:10  [INFO    ]  [cars-for-sale] Page 11/20  offset=300  collected=223  total=20503
2026-08-19 02:48:12  [INFO    ]  [cars-for-sale] Page 12/20  offset=330  collected=255  total=20503
2026-08-19 02:48:13  [INFO    ]  [cars-for-sale] Page 13/20  offset=360  collected=286  total=20503
2026-08-19 02:48:14  [INFO    ]  [cars-for-sale] Page 14/20  offset=390  collected=301  total=20503
2026-08-19 02:48:16  [INFO    ]  [cars-for-sale] Page 15/20  offset=420  collected=321  total=20503
2026-08-19 02:48:17  [INFO    ]  [cars-for-sale] Page 16/20  offset=450  collected=321  total=20503
2026-08-19 02:48:18  [INFO    ]  [cars-for-sale] Page 17/20  offset=480  collected=323  total=20503
2026-08-19 02:48:20  [INFO    ]  [cars-for-sale] Page 18/20  offset=510  collected=337  total=20503
2026-08-19 02:48:21  [INFO    ]  [cars-for-sale] Page 19/20  offset=540  collected=367  total=20503
2026-08-19 02:48:23  [INFO    ]  [cars-for-sale] Page 20/20  offset=570  collected=397  total=20503
2026-08-19 02:48:24  [INFO    ]  Scrape complete. Collected 429 records in this batch.
2026-08-19 02:48:24  [INFO    ]  Batch summary: 429 total listings collected (345 new IDs, 84 recurring/tracked IDs).
2026-08-19 02:48:24  [INFO    ]  Saved 429 records to Parquet -> data/raw/cars_2026-08-19.parquet
2026-08-19 02:48:24  [INFO    ]  Saved 60-row CSV sample -> data/raw/khmer24_cars_sample_60.csv
2026-08-19 02:48:24  [INFO    ]  Raw Parquet -> data/raw/cars_2026-08-19.parquet
2026-08-19 02:48:24  [INFO    ]  CSV sample  -> 60 rows : data/raw/khmer24_cars_sample_60.csv
2026-08-19 02:48:24  [INFO    ]  -- Data Quality (current batch) ---------------------------------
2026-08-19 02:48:24  [INFO    ]    Batch listings   : 429
2026-08-19 02:48:24  [INFO    ]    With price       : 429  (100.0%)
2026-08-19 02:48:24  [INFO    ]    With model year  : 429  (100.0%)
2026-08-19 02:48:24  [INFO    ]    With brand       : 272  (63.4%)
2026-08-19 02:48:24  [INFO    ]    With province    : 429  (100.0%)
2026-08-19 02:48:24  [INFO    ]    Total Cumulative Unique IDs : 1,314
2026-08-19 02:48:24  [INFO    ]    Progress toward Phase 1 goal (2,000 unique listings): 1,314/2,000
2026-08-19 02:48:24  [INFO    ]  Pipeline complete. 429 new listings loaded.
2026-08-20 02:47:04  [INFO    ]  =================================================================
2026-08-20 02:47:04  [INFO    ]  EL Pipeline  --  Extract & Load (Time-Series & Change Tracking)
2026-08-20 02:47:04  [INFO    ]    Category    : cars-for-sale
2026-08-20 02:47:04  [INFO    ]    Province    : ALL
2026-08-20 02:47:04  [INFO    ]    Max pages   : 20  (600 listings max)
2026-08-20 02:47:04  [INFO    ]    Scrape mode : feed_window
2026-08-20 02:47:04  [INFO    ]  =================================================================
2026-08-20 02:47:04  [INFO    ]    Found 1,261 historical unique listing IDs across 3 file(s).
2026-08-20 02:47:04  [INFO    ]  Cloudflare Worker relay enabled (POSTS_API_BASE overridden).
2026-08-20 02:47:04  [INFO    ]  [cars-for-sale] Page 1/20  offset=0  collected=0
2026-08-20 02:47:07  [INFO    ]  [cars-for-sale] Page 2/20  offset=30  collected=40  total=20475
2026-08-20 02:47:08  [INFO    ]  [cars-for-sale] Page 3/20  offset=60  collected=70  total=20475
2026-08-20 02:47:10  [INFO    ]  [cars-for-sale] Page 4/20  offset=90  collected=81  total=20475
2026-08-20 02:47:12  [INFO    ]  [cars-for-sale] Page 5/20  offset=120  collected=111  total=20475
2026-08-20 02:47:13  [INFO    ]  [cars-for-sale] Page 6/20  offset=150  collected=128  total=20475
2026-08-20 02:47:15  [INFO    ]  [cars-for-sale] Page 7/20  offset=180  collected=135  total=20475
2026-08-20 02:47:17  [INFO    ]  [cars-for-sale] Page 8/20  offset=210  collected=149  total=20475
2026-08-20 02:47:19  [INFO    ]  [cars-for-sale] Page 9/20  offset=240  collected=180  total=20475
2026-08-20 02:47:20  [INFO    ]  [cars-for-sale] Page 10/20  offset=270  collected=211  total=20475
2026-08-20 02:47:22  [INFO    ]  [cars-for-sale] Page 11/20  offset=300  collected=236  total=20475
2026-08-20 02:47:24  [INFO    ]  [cars-for-sale] Page 12/20  offset=330  collected=242  total=20475
2026-08-20 02:47:25  [INFO    ]  [cars-for-sale] Page 13/20  offset=360  collected=272  total=20475
2026-08-20 02:47:27  [INFO    ]  [cars-for-sale] Page 14/20  offset=390  collected=289  total=20475
2026-08-20 02:47:28  [INFO    ]  [cars-for-sale] Page 15/20  offset=420  collected=319  total=20475
2026-08-20 02:47:30  [INFO    ]  [cars-for-sale] Page 16/20  offset=450  collected=348  total=20475
2026-08-20 02:47:32  [INFO    ]  [cars-for-sale] Page 17/20  offset=480  collected=379  total=20475
2026-08-20 02:47:33  [INFO    ]  [cars-for-sale] Page 18/20  offset=510  collected=409  total=20475
2026-08-20 02:47:35  [INFO    ]  [cars-for-sale] Page 19/20  offset=540  collected=422  total=20475
2026-08-20 02:47:37  [INFO    ]  [cars-for-sale] Page 20/20  offset=570  collected=453  total=20475
2026-08-20 02:47:39  [INFO    ]  Scrape complete. Collected 477 records in this batch.
2026-08-20 02:47:39  [INFO    ]  Batch summary: 477 total listings collected (298 new IDs, 179 recurring/tracked IDs).
2026-08-20 02:47:39  [INFO    ]  Saved 477 records to Parquet -> data/raw/cars_2026-08-20.parquet
2026-08-20 02:47:39  [INFO    ]  Saved 60-row CSV sample -> data/raw/khmer24_cars_sample_60.csv
2026-08-20 02:47:39  [INFO    ]  Raw Parquet -> data/raw/cars_2026-08-20.parquet
2026-08-20 02:47:39  [INFO    ]  CSV sample  -> 60 rows : data/raw/khmer24_cars_sample_60.csv
2026-08-20 02:47:39  [INFO    ]  -- Data Quality (current batch) ---------------------------------
2026-08-20 02:47:39  [INFO    ]    Batch listings   : 477
2026-08-20 02:47:39  [INFO    ]    With price       : 477  (100.0%)
2026-08-20 02:47:39  [INFO    ]    With model year  : 477  (100.0%)
2026-08-20 02:47:39  [INFO    ]    With brand       : 332  (69.6%)
2026-08-20 02:47:39  [INFO    ]    With province    : 477  (100.0%)
2026-08-20 02:47:39  [INFO    ]    Total Cumulative Unique IDs : 1,559
2026-08-20 02:47:39  [INFO    ]    Progress toward Phase 1 goal (2,000 unique listings): 1,559/2,000
2026-08-20 02:47:39  [INFO    ]  Pipeline complete. 477 new listings loaded.
2026-08-20 08:37:21  [INFO    ]  =================================================================
2026-08-20 08:37:21  [INFO    ]  EL Pipeline  --  Extract & Load (Time-Series & Change Tracking)
2026-08-20 08:37:21  [INFO    ]    Category       : cars-for-sale
2026-08-20 08:37:21  [INFO    ]    Province       : ALL
2026-08-20 08:37:21  [INFO    ]    Max pages      : 20  (600 listings max)
2026-08-20 08:37:21  [INFO    ]    Scrape mode    : feed_window
2026-08-20 08:37:21  [INFO    ]    Enrich details : False
2026-08-20 08:37:21  [INFO    ]    Output dir     : data/raw
2026-08-20 08:37:21  [INFO    ]  =================================================================
2026-08-20 08:37:21  [INFO    ]    Found 1,559 historical unique listing IDs in raw storage.
2026-08-20 08:37:21  [INFO    ]  Cloudflare Worker relay enabled (POSTS_API_BASE overridden).
2026-08-20 08:37:21  [INFO    ]  [cars-for-sale] Page 1/20  offset=0  collected=0
2026-08-20 08:37:24  [INFO    ]  [cars-for-sale] Page 2/20  offset=30  collected=40  total=20565
2026-08-20 08:37:25  [INFO    ]  [cars-for-sale] Page 3/20  offset=60  collected=61  total=20565
2026-08-20 08:37:27  [INFO    ]  [cars-for-sale] Page 4/20  offset=90  collected=77  total=20565
2026-08-20 08:37:28  [INFO    ]  [cars-for-sale] Page 5/20  offset=120  collected=100  total=20565
2026-08-20 08:37:30  [INFO    ]  [cars-for-sale] Page 6/20  offset=150  collected=130  total=20565
2026-08-20 08:37:31  [INFO    ]  [cars-for-sale] Page 7/20  offset=180  collected=140  total=20565
2026-08-20 08:37:33  [INFO    ]  [cars-for-sale] Page 8/20  offset=210  collected=171  total=20565
2026-08-20 08:37:34  [INFO    ]  [cars-for-sale] Page 9/20  offset=240  collected=201  total=20565
2026-08-20 08:37:36  [INFO    ]  [cars-for-sale] Page 10/20  offset=270  collected=223  total=20565
2026-08-20 08:37:37  [INFO    ]  [cars-for-sale] Page 11/20  offset=300  collected=224  total=20565
2026-08-20 08:37:38  [INFO    ]  [cars-for-sale] Page 12/20  offset=330  collected=235  total=20565
2026-08-20 08:37:40  [INFO    ]  [cars-for-sale] Page 13/20  offset=360  collected=265  total=20565
2026-08-20 08:37:41  [INFO    ]  [cars-for-sale] Page 14/20  offset=390  collected=297  total=20565
2026-08-20 08:37:43  [INFO    ]  [cars-for-sale] Page 15/20  offset=420  collected=314  total=20565
2026-08-20 08:37:44  [INFO    ]  [cars-for-sale] Page 16/20  offset=450  collected=346  total=20565
2026-08-20 08:37:46  [INFO    ]  [cars-for-sale] Page 17/20  offset=480  collected=349  total=20565
2026-08-20 08:37:47  [INFO    ]  [cars-for-sale] Page 18/20  offset=510  collected=381  total=20565
2026-08-20 08:37:49  [INFO    ]  [cars-for-sale] Page 19/20  offset=540  collected=387  total=20565
2026-08-20 08:37:50  [INFO    ]  [cars-for-sale] Page 20/20  offset=570  collected=410  total=20565
2026-08-20 08:37:52  [INFO    ]  Scrape complete. Collected 441 records in this batch.
2026-08-20 08:37:52  [INFO    ]  Batch summary: 441 total listings collected (249 new IDs, 192 recurring/tracked IDs).
2026-08-20 08:37:52  [INFO    ]  Saved 441 records to Parquet -> data/raw/cars_2026-08-20.parquet
2026-08-20 08:37:52  [INFO    ]  Saved 60-row CSV sample -> data/raw/khmer24_cars_sample_60.csv
2026-08-20 08:37:52  [INFO    ]  Saved ingestion run manifest -> data/raw/ingestion_manifest.json
2026-08-20 08:37:52  [INFO    ]  Raw Parquet -> data/raw/cars_2026-08-20.parquet
2026-08-20 08:37:52  [INFO    ]  CSV sample  -> 60 rows : data/raw/khmer24_cars_sample_60.csv
2026-08-20 08:37:52  [INFO    ]  Manifest    -> data/raw/ingestion_manifest.json
2026-08-20 08:37:52  [INFO    ]  -- Data Quality (current batch) ---------------------------------
2026-08-20 08:37:52  [INFO    ]    Batch listings      : 441
2026-08-20 08:37:52  [INFO    ]    With price          : 100.0%
2026-08-20 08:37:52  [INFO    ]    With model year     : 100.0%
2026-08-20 08:37:52  [INFO    ]    With brand          : 71.4%
2026-08-20 08:37:52  [INFO    ]    With model name     : 71.4%
2026-08-20 08:37:52  [INFO    ]    With province       : 100.0%
2026-08-20 08:37:52  [INFO    ]    With mileage (km)   : 0.0%
2026-08-20 08:37:52  [INFO    ]    With fuel type      : 0.0%
2026-08-20 08:37:52  [INFO    ]    With transmission   : 0.0%
2026-08-20 08:37:52  [INFO    ]    Total Cumulative Unique IDs : 1,808
2026-08-20 08:37:52  [INFO    ]    Progress toward Phase 1 goal (2,000 unique listings): 1,808/2,000
2026-08-20 08:37:52  [INFO    ]  Pipeline complete. 441 listings processed in this batch.
2026-08-21 02:53:03  [INFO    ]  =================================================================
2026-08-21 02:53:03  [INFO    ]  EL Pipeline  --  Extract & Load (Time-Series & Change Tracking)
2026-08-21 02:53:03  [INFO    ]    Category       : cars-for-sale
2026-08-21 02:53:03  [INFO    ]    Province       : ALL
2026-08-21 02:53:03  [INFO    ]    Max pages      : 20  (600 listings max)
2026-08-21 02:53:03  [INFO    ]    Scrape mode    : feed_window
2026-08-21 02:53:03  [INFO    ]    Enrich details : False
2026-08-21 02:53:03  [INFO    ]    Output dir     : data/raw
2026-08-21 02:53:03  [INFO    ]  =================================================================
2026-08-21 02:53:03  [INFO    ]    Found 1,520 historical unique listing IDs in raw storage.
2026-08-21 02:53:03  [INFO    ]  Cloudflare Worker relay enabled (POSTS_API_BASE overridden).
2026-08-21 02:53:03  [INFO    ]  [cars-for-sale] Page 1/20  offset=0  collected=0
2026-08-21 02:53:05  [INFO    ]  [cars-for-sale] Page 2/20  offset=30  collected=40  total=20493
2026-08-21 02:53:06  [INFO    ]  [cars-for-sale] Page 3/20  offset=60  collected=59  total=20493
2026-08-21 02:53:07  [INFO    ]  [cars-for-sale] Page 4/20  offset=90  collected=80  total=20493
2026-08-21 02:53:09  [INFO    ]  [cars-for-sale] Page 5/20  offset=120  collected=108  total=20493
2026-08-21 02:53:10  [INFO    ]  [cars-for-sale] Page 6/20  offset=150  collected=139  total=20493
2026-08-21 02:53:11  [INFO    ]  [cars-for-sale] Page 7/20  offset=180  collected=164  total=20493
2026-08-21 02:53:13  [INFO    ]  [cars-for-sale] Page 8/20  offset=210  collected=195  total=20493
2026-08-21 02:53:14  [INFO    ]  [cars-for-sale] Page 9/20  offset=240  collected=214  total=20493
2026-08-21 02:53:15  [INFO    ]  [cars-for-sale] Page 10/20  offset=270  collected=234  total=20493
2026-08-21 02:53:17  [INFO    ]  [cars-for-sale] Page 11/20  offset=300  collected=265  total=20493
2026-08-21 02:53:18  [INFO    ]  [cars-for-sale] Page 12/20  offset=330  collected=295  total=20493
2026-08-21 02:53:19  [INFO    ]  [cars-for-sale] Page 13/20  offset=360  collected=326  total=20493
2026-08-21 02:53:20  [INFO    ]  [cars-for-sale] Page 14/20  offset=390  collected=357  total=20493
2026-08-21 02:53:21  [INFO    ]  [cars-for-sale] Page 15/20  offset=420  collected=376  total=20493
2026-08-21 02:53:23  [INFO    ]  [cars-for-sale] Page 16/20  offset=450  collected=406  total=20493
2026-08-21 02:53:24  [INFO    ]  [cars-for-sale] Page 17/20  offset=480  collected=436  total=20493
2026-08-21 02:53:25  [INFO    ]  [cars-for-sale] Page 18/20  offset=510  collected=466  total=20493
2026-08-21 02:53:26  [INFO    ]  [cars-for-sale] Page 19/20  offset=540  collected=497  total=20493
2026-08-21 02:53:28  [INFO    ]  [cars-for-sale] Page 20/20  offset=570  collected=527  total=20493
2026-08-21 02:53:29  [INFO    ]  Scrape complete. Collected 527 records in this batch.
2026-08-21 02:53:29  [INFO    ]  Batch summary: 527 total listings collected (323 new IDs, 204 recurring/tracked IDs).
2026-08-21 02:53:29  [INFO    ]  Saved 527 records to Parquet -> data/raw/cars_2026-08-21.parquet
2026-08-21 02:53:29  [INFO    ]  Saved 60-row CSV sample -> data/raw/khmer24_cars_sample_60.csv
2026-08-21 02:53:29  [INFO    ]  Saved ingestion run manifest -> data/raw/ingestion_manifest.json
2026-08-21 02:53:29  [INFO    ]  Raw Parquet -> data/raw/cars_2026-08-21.parquet
2026-08-21 02:53:29  [INFO    ]  CSV sample  -> 60 rows : data/raw/khmer24_cars_sample_60.csv
2026-08-21 02:53:29  [INFO    ]  Manifest    -> data/raw/ingestion_manifest.json
2026-08-21 02:53:29  [INFO    ]  -- Data Quality (current batch) ---------------------------------
2026-08-21 02:53:29  [INFO    ]    Batch listings      : 527
2026-08-21 02:53:29  [INFO    ]    With price          : 100.0%
2026-08-21 02:53:29  [INFO    ]    With model year     : 100.0%
2026-08-21 02:53:29  [INFO    ]    With brand          : 78.0%
2026-08-21 02:53:29  [INFO    ]    With model name     : 77.6%
2026-08-21 02:53:29  [INFO    ]    With province       : 100.0%
2026-08-21 02:53:29  [INFO    ]    With mileage (km)   : 0.0%
2026-08-21 02:53:29  [INFO    ]    With fuel type      : 0.0%
2026-08-21 02:53:29  [INFO    ]    With transmission   : 0.0%
2026-08-21 02:53:29  [INFO    ]    Total Cumulative Unique IDs : 1,843
2026-08-21 02:53:29  [INFO    ]    Progress toward Phase 1 goal (2,000 unique listings): 1,843/2,000
2026-08-21 02:53:29  [INFO    ]  Pipeline complete. 527 listings processed in this batch.
2026-08-22 02:44:34  [INFO    ]  =================================================================
2026-08-22 02:44:34  [INFO    ]  EL Pipeline  --  Extract & Load (Time-Series & Change Tracking)
2026-08-22 02:44:34  [INFO    ]    Category       : cars-for-sale
2026-08-22 02:44:34  [INFO    ]    Province       : ALL
2026-08-22 02:44:34  [INFO    ]    Max pages      : 20  (600 listings max)
2026-08-22 02:44:34  [INFO    ]    Scrape mode    : feed_window
2026-08-22 02:44:34  [INFO    ]    Enrich details : False
2026-08-22 02:44:34  [INFO    ]    Output dir     : data/raw
2026-08-22 02:44:34  [INFO    ]  =================================================================
2026-08-22 02:44:34  [INFO    ]    Found 1,843 historical unique listing IDs in raw storage.
2026-08-22 02:44:34  [INFO    ]  Cloudflare Worker relay enabled (POSTS_API_BASE overridden).
2026-08-22 02:44:34  [INFO    ]  [cars-for-sale] Page 1/20  offset=0  collected=0
2026-08-22 02:44:36  [INFO    ]  [cars-for-sale] Page 2/20  offset=30  collected=40  total=20328
2026-08-22 02:44:38  [INFO    ]  [cars-for-sale] Page 3/20  offset=60  collected=60  total=20328
2026-08-22 02:44:39  [INFO    ]  [cars-for-sale] Page 4/20  offset=90  collected=82  total=20328
2026-08-22 02:44:40  [INFO    ]  [cars-for-sale] Page 5/20  offset=120  collected=112  total=20328
2026-08-22 02:44:42  [INFO    ]  [cars-for-sale] Page 6/20  offset=150  collected=142  total=20328
2026-08-22 02:44:43  [INFO    ]  [cars-for-sale] Page 7/20  offset=180  collected=156  total=20328
2026-08-22 02:44:44  [INFO    ]  [cars-for-sale] Page 8/20  offset=210  collected=186  total=20328
2026-08-22 02:44:46  [INFO    ]  [cars-for-sale] Page 9/20  offset=240  collected=186  total=20328
2026-08-22 02:44:47  [INFO    ]  [cars-for-sale] Page 10/20  offset=270  collected=217  total=20328
2026-08-22 02:44:48  [INFO    ]  [cars-for-sale] Page 11/20  offset=300  collected=217  total=20328
2026-08-22 02:44:50  [INFO    ]  [cars-for-sale] Page 12/20  offset=330  collected=217  total=20328
2026-08-22 02:44:51  [INFO    ]  [cars-for-sale] Page 13/20  offset=360  collected=232  total=20328
2026-08-22 02:44:52  [INFO    ]  [cars-for-sale] Page 14/20  offset=390  collected=263  total=20328
2026-08-22 02:44:53  [INFO    ]  [cars-for-sale] Page 15/20  offset=420  collected=294  total=20328
2026-08-22 02:44:55  [INFO    ]  [cars-for-sale] Page 16/20  offset=450  collected=319  total=20328
2026-08-22 02:44:56  [INFO    ]  [cars-for-sale] Page 17/20  offset=480  collected=326  total=20328
2026-08-22 02:44:57  [INFO    ]  [cars-for-sale] Page 18/20  offset=510  collected=357  total=20328
2026-08-22 02:44:58  [INFO    ]  [cars-for-sale] Page 19/20  offset=540  collected=370  total=20328
2026-08-22 02:45:00  [INFO    ]  [cars-for-sale] Page 20/20  offset=570  collected=400  total=20328
2026-08-22 02:45:01  [INFO    ]  Scrape complete. Collected 430 records in this batch.
2026-08-22 02:45:01  [INFO    ]  Batch summary: 430 total listings collected (196 new IDs, 234 recurring/tracked IDs).
2026-08-22 02:45:01  [INFO    ]  Saved 430 records to Parquet -> data/raw/cars_2026-08-22.parquet
2026-08-22 02:45:01  [INFO    ]  Saved 60-row CSV sample -> data/raw/khmer24_cars_sample_60.csv
2026-08-22 02:45:01  [INFO    ]  Saved ingestion run manifest -> data/raw/ingestion_manifest.json
2026-08-22 02:45:01  [INFO    ]  Raw Parquet -> data/raw/cars_2026-08-22.parquet
2026-08-22 02:45:01  [INFO    ]  CSV sample  -> 60 rows : data/raw/khmer24_cars_sample_60.csv
2026-08-22 02:45:01  [INFO    ]  Manifest    -> data/raw/ingestion_manifest.json
2026-08-22 02:45:01  [INFO    ]  -- Data Quality (current batch) ---------------------------------
2026-08-22 02:45:01  [INFO    ]    Batch listings      : 430
2026-08-22 02:45:01  [INFO    ]    With price          : 100.0%
2026-08-22 02:45:01  [INFO    ]    With model year     : 100.0%
2026-08-22 02:45:01  [INFO    ]    With brand          : 79.1%
2026-08-22 02:45:01  [INFO    ]    With model name     : 78.6%
2026-08-22 02:45:01  [INFO    ]    With province       : 100.0%
2026-08-22 02:45:01  [INFO    ]    With mileage (km)   : 0.0%
2026-08-22 02:45:01  [INFO    ]    With fuel type      : 0.0%
2026-08-22 02:45:01  [INFO    ]    With transmission   : 0.0%
2026-08-22 02:45:01  [INFO    ]    Total Cumulative Unique IDs : 2,039
2026-08-22 02:45:01  [INFO    ]    Phase 1 cumulative volume target met (>= 2,000 unique listings)!
2026-08-22 02:45:01  [INFO    ]  Pipeline complete. 430 listings processed in this batch.
2026-08-23 02:52:44  [INFO    ]  =================================================================
2026-08-23 02:52:44  [INFO    ]  EL Pipeline  --  Extract & Load (Time-Series & Change Tracking)
2026-08-23 02:52:44  [INFO    ]    Category       : cars-for-sale
2026-08-23 02:52:44  [INFO    ]    Province       : ALL
2026-08-23 02:52:44  [INFO    ]    Max pages      : 20  (600 listings max)
2026-08-23 02:52:44  [INFO    ]    Scrape mode    : feed_window
2026-08-23 02:52:44  [INFO    ]    Enrich details : False
2026-08-23 02:52:44  [INFO    ]    Output dir     : data/raw
2026-08-23 02:52:44  [INFO    ]  =================================================================
2026-08-23 02:52:44  [INFO    ]    Found 2,039 historical unique listing IDs in raw storage.
2026-08-23 02:52:44  [INFO    ]  Cloudflare Worker relay enabled (POSTS_API_BASE overridden).
2026-08-23 02:52:44  [INFO    ]  [cars-for-sale] Page 1/20  offset=0  collected=0
2026-08-23 02:52:46  [INFO    ]  [cars-for-sale] Page 2/20  offset=30  collected=40  total=20286
2026-08-23 02:52:48  [INFO    ]  [cars-for-sale] Page 3/20  offset=60  collected=57  total=20286
2026-08-23 02:52:49  [INFO    ]  [cars-for-sale] Page 4/20  offset=90  collected=77  total=20286
2026-08-23 02:52:51  [INFO    ]  [cars-for-sale] Page 5/20  offset=120  collected=107  total=20286
2026-08-23 02:52:52  [INFO    ]  [cars-for-sale] Page 6/20  offset=150  collected=133  total=20286
2026-08-23 02:52:54  [INFO    ]  [cars-for-sale] Page 7/20  offset=180  collected=158  total=20286
2026-08-23 02:52:56  [INFO    ]  [cars-for-sale] Page 8/20  offset=210  collected=164  total=20286
2026-08-23 02:52:57  [INFO    ]  [cars-for-sale] Page 9/20  offset=240  collected=165  total=20286
2026-08-23 02:52:59  [INFO    ]  [cars-for-sale] Page 10/20  offset=270  collected=165  total=20286
2026-08-23 02:53:01  [INFO    ]  [cars-for-sale] Page 11/20  offset=300  collected=197  total=20286
2026-08-23 02:53:02  [INFO    ]  [cars-for-sale] Page 12/20  offset=330  collected=227  total=20286
2026-08-23 02:53:04  [INFO    ]  [cars-for-sale] Page 13/20  offset=360  collected=258  total=20286
2026-08-23 02:53:06  [INFO    ]  [cars-for-sale] Page 14/20  offset=390  collected=265  total=20286
2026-08-23 02:53:07  [INFO    ]  [cars-for-sale] Page 15/20  offset=420  collected=288  total=20286
2026-08-23 02:53:09  [INFO    ]  [cars-for-sale] Page 16/20  offset=450  collected=318  total=20286
2026-08-23 02:53:11  [INFO    ]  [cars-for-sale] Page 17/20  offset=480  collected=350  total=20286
2026-08-23 02:53:13  [INFO    ]  [cars-for-sale] Page 18/20  offset=510  collected=375  total=20286
2026-08-23 02:53:14  [INFO    ]  [cars-for-sale] Page 19/20  offset=540  collected=377  total=20286
2026-08-23 02:53:16  [INFO    ]  [cars-for-sale] Page 20/20  offset=570  collected=409  total=20286
2026-08-23 02:53:18  [INFO    ]  Scrape complete. Collected 440 records in this batch.
2026-08-23 02:53:18  [INFO    ]  Batch summary: 440 total listings collected (172 new IDs, 268 recurring/tracked IDs).
2026-08-23 02:53:18  [INFO    ]  Saved 440 records to Parquet -> data/raw/cars_2026-08-23.parquet
2026-08-23 02:53:18  [INFO    ]  Saved 60-row CSV sample -> data/raw/khmer24_cars_sample_60.csv
2026-08-23 02:53:18  [INFO    ]  Saved ingestion run manifest -> data/raw/ingestion_manifest.json
2026-08-23 02:53:18  [INFO    ]  Raw Parquet -> data/raw/cars_2026-08-23.parquet
2026-08-23 02:53:18  [INFO    ]  CSV sample  -> 60 rows : data/raw/khmer24_cars_sample_60.csv
2026-08-23 02:53:18  [INFO    ]  Manifest    -> data/raw/ingestion_manifest.json
2026-08-23 02:53:18  [INFO    ]  -- Data Quality (current batch) ---------------------------------
2026-08-23 02:53:18  [INFO    ]    Batch listings      : 440
2026-08-23 02:53:18  [INFO    ]    With price          : 100.0%
2026-08-23 02:53:18  [INFO    ]    With model year     : 100.0%
2026-08-23 02:53:18  [INFO    ]    With brand          : 77.7%
2026-08-23 02:53:18  [INFO    ]    With model name     : 77.0%
2026-08-23 02:53:18  [INFO    ]    With province       : 100.0%
2026-08-23 02:53:18  [INFO    ]    With mileage (km)   : 0.0%
2026-08-23 02:53:18  [INFO    ]    With fuel type      : 0.0%
2026-08-23 02:53:18  [INFO    ]    With transmission   : 0.0%
2026-08-23 02:53:18  [INFO    ]    Total Cumulative Unique IDs : 2,211
2026-08-23 02:53:18  [INFO    ]    Phase 1 cumulative volume target met (>= 2,000 unique listings)!
2026-08-23 02:53:18  [INFO    ]  Pipeline complete. 440 listings processed in this batch.
2026-08-24 02:53:50  [INFO    ]  =================================================================
2026-08-24 02:53:50  [INFO    ]  EL Pipeline  --  Extract & Load (Time-Series & Change Tracking)
2026-08-24 02:53:50  [INFO    ]    Category       : cars-for-sale
2026-08-24 02:53:50  [INFO    ]    Province       : ALL
2026-08-24 02:53:50  [INFO    ]    Max pages      : 20  (600 listings max)
2026-08-24 02:53:50  [INFO    ]    Scrape mode    : feed_window
2026-08-24 02:53:50  [INFO    ]    Enrich details : False
2026-08-24 02:53:50  [INFO    ]    Output dir     : data/raw
2026-08-24 02:53:50  [INFO    ]  =================================================================
2026-08-24 02:53:50  [INFO    ]    Found 2,211 historical unique listing IDs in raw storage.
2026-08-24 02:53:50  [INFO    ]  Cloudflare Worker relay enabled (POSTS_API_BASE overridden).
2026-08-24 02:53:50  [INFO    ]  [cars-for-sale] Page 1/20  offset=0  collected=0
2026-08-24 02:53:52  [INFO    ]  [cars-for-sale] Page 2/20  offset=30  collected=40  total=20249
2026-08-24 02:53:53  [INFO    ]  [cars-for-sale] Page 3/20  offset=60  collected=58  total=20249
2026-08-24 02:53:55  [INFO    ]  [cars-for-sale] Page 4/20  offset=90  collected=77  total=20249
2026-08-24 02:53:56  [INFO    ]  [cars-for-sale] Page 5/20  offset=120  collected=107  total=20249
2026-08-24 02:53:58  [INFO    ]  [cars-for-sale] Page 6/20  offset=150  collected=133  total=20249
2026-08-24 02:53:59  [INFO    ]  [cars-for-sale] Page 7/20  offset=180  collected=162  total=20249
2026-08-24 02:54:01  [INFO    ]  [cars-for-sale] Page 8/20  offset=210  collected=163  total=20249
2026-08-24 02:54:02  [INFO    ]  [cars-for-sale] Page 9/20  offset=240  collected=193  total=20249
2026-08-24 02:54:03  [INFO    ]  [cars-for-sale] Page 10/20  offset=270  collected=194  total=20249
2026-08-24 02:54:05  [INFO    ]  [cars-for-sale] Page 11/20  offset=300  collected=194  total=20249
2026-08-24 02:54:06  [INFO    ]  [cars-for-sale] Page 12/20  offset=330  collected=225  total=20249
2026-08-24 02:54:08  [INFO    ]  [cars-for-sale] Page 13/20  offset=360  collected=256  total=20249
2026-08-24 02:54:09  [INFO    ]  [cars-for-sale] Page 14/20  offset=390  collected=287  total=20249
2026-08-24 02:54:10  [INFO    ]  [cars-for-sale] Page 15/20  offset=420  collected=302  total=20249
2026-08-24 02:54:12  [INFO    ]  [cars-for-sale] Page 16/20  offset=450  collected=303  total=20249
2026-08-24 02:54:13  [INFO    ]  [cars-for-sale] Page 17/20  offset=480  collected=332  total=20249
2026-08-24 02:54:15  [INFO    ]  [cars-for-sale] Page 18/20  offset=510  collected=332  total=20249
2026-08-24 02:54:16  [INFO    ]  [cars-for-sale] Page 19/20  offset=540  collected=362  total=20249
2026-08-24 02:54:18  [INFO    ]  [cars-for-sale] Page 20/20  offset=570  collected=392  total=20249
2026-08-24 02:54:19  [INFO    ]  Scrape complete. Collected 422 records in this batch.
2026-08-24 02:54:19  [INFO    ]  Batch summary: 422 total listings collected (174 new IDs, 248 recurring/tracked IDs).
2026-08-24 02:54:19  [INFO    ]  Saved 422 records to Parquet -> data/raw/cars_2026-08-24.parquet
2026-08-24 02:54:19  [INFO    ]  Saved 60-row CSV sample -> data/raw/khmer24_cars_sample_60.csv
2026-08-24 02:54:19  [INFO    ]  Saved ingestion run manifest -> data/raw/ingestion_manifest.json
2026-08-24 02:54:19  [INFO    ]  Raw Parquet -> data/raw/cars_2026-08-24.parquet
2026-08-24 02:54:19  [INFO    ]  CSV sample  -> 60 rows : data/raw/khmer24_cars_sample_60.csv
2026-08-24 02:54:19  [INFO    ]  Manifest    -> data/raw/ingestion_manifest.json
2026-08-24 02:54:19  [INFO    ]  -- Data Quality (current batch) ---------------------------------
2026-08-24 02:54:19  [INFO    ]    Batch listings      : 422
2026-08-24 02:54:19  [INFO    ]    With price          : 100.0%
2026-08-24 02:54:19  [INFO    ]    With model year     : 100.0%
2026-08-24 02:54:19  [INFO    ]    With brand          : 75.1%
2026-08-24 02:54:19  [INFO    ]    With model name     : 74.9%
2026-08-24 02:54:19  [INFO    ]    With province       : 100.0%
2026-08-24 02:54:19  [INFO    ]    With mileage (km)   : 0.0%
2026-08-24 02:54:19  [INFO    ]    With fuel type      : 0.0%
2026-08-24 02:54:19  [INFO    ]    With transmission   : 0.0%
2026-08-24 02:54:19  [INFO    ]    Total Cumulative Unique IDs : 2,385
2026-08-24 02:54:19  [INFO    ]    Phase 1 cumulative volume target met (>= 2,000 unique listings)!
2026-08-24 02:54:19  [INFO    ]  Pipeline complete. 422 listings processed in this batch.
2026-08-24 17:08:23  [INFO    ]  =================================================================
2026-08-24 17:08:23  [INFO    ]  EL Pipeline  --  Extract & Load (Time-Series & Change Tracking)
2026-08-24 17:08:23  [INFO    ]    Category       : cars-for-sale
2026-08-24 17:08:23  [INFO    ]    Province       : ALL
2026-08-24 17:08:23  [INFO    ]    Max pages      : 1  (30 listings max)
2026-08-24 17:08:23  [INFO    ]    Scrape mode    : feed_window
2026-08-24 17:08:23  [INFO    ]    Enrich details : False
2026-08-24 17:08:23  [INFO    ]    Output dir     : data\raw
2026-08-24 17:08:23  [INFO    ]  =================================================================
2026-08-24 17:08:23  [INFO    ]    Found 2,385 historical unique listing IDs in raw storage.
2026-08-24 17:08:23  [INFO    ]  Cloudflare Worker relay enabled (POSTS_API_BASE overridden).
2026-08-24 17:08:23  [INFO    ]  [cars-for-sale] Page 1/1  offset=0  collected=0
2026-08-24 17:08:24  [INFO    ]  Scrape complete. Collected 40 records in this batch.
2026-08-24 17:08:24  [INFO    ]  Batch summary: 40 total listings collected (11 new IDs, 29 recurring/tracked IDs).
2026-08-24 17:08:24  [INFO    ]  Saved 40 records to Parquet -> data\raw\cars_2026-08-24.parquet
2026-08-24 17:08:24  [INFO    ]  Saved 40-row CSV sample -> data\raw\khmer24_cars_sample_60.csv
2026-08-24 17:08:24  [INFO    ]  Saved ingestion run manifest -> data\raw\ingestion_manifest.json
2026-08-24 17:08:24  [INFO    ]  Raw Parquet -> data\raw\cars_2026-08-24.parquet
2026-08-24 17:08:24  [INFO    ]  CSV sample  -> 60 rows : data\raw\khmer24_cars_sample_60.csv
2026-08-24 17:08:24  [INFO    ]  Manifest    -> data\raw\ingestion_manifest.json
2026-08-24 17:08:24  [INFO    ]  -- Data Quality (current batch) ---------------------------------
2026-08-24 17:08:24  [INFO    ]    Batch listings      : 40
2026-08-24 17:08:24  [INFO    ]    With price          : 100.0%
2026-08-24 17:08:24  [INFO    ]    With model year     : 100.0%
2026-08-24 17:08:24  [INFO    ]    With brand          : 70.0%
2026-08-24 17:08:24  [INFO    ]    With model name     : 70.0%
2026-08-24 17:08:24  [INFO    ]    With province       : 100.0%
2026-08-24 17:08:24  [INFO    ]    With mileage (km)   : 0.0%
2026-08-24 17:08:24  [INFO    ]    With fuel type      : 0.0%
2026-08-24 17:08:24  [INFO    ]    With transmission   : 0.0%
2026-08-24 17:08:24  [INFO    ]    Total Cumulative Unique IDs : 2,396
2026-08-24 17:08:24  [INFO    ]    Phase 1 cumulative volume target met (>= 2,000 unique listings)!
2026-08-24 17:08:24  [INFO    ]  EL stage complete. 40 listings processed in this batch.
2026-08-24 17:08:46  [INFO    ]  =================================================================
2026-08-24 17:08:46  [INFO    ]  EL Pipeline  --  Extract & Load (Time-Series & Change Tracking)
2026-08-24 17:08:46  [INFO    ]    Category       : cars-for-sale
2026-08-24 17:08:46  [INFO    ]    Province       : ALL
2026-08-24 17:08:46  [INFO    ]    Max pages      : 2  (60 listings max)
2026-08-24 17:08:46  [INFO    ]    Scrape mode    : feed_window
2026-08-24 17:08:46  [INFO    ]    Enrich details : False
2026-08-24 17:08:46  [INFO    ]    Output dir     : data\raw
2026-08-24 17:08:46  [INFO    ]  =================================================================
2026-08-24 17:08:46  [INFO    ]    Found 2,222 historical unique listing IDs in raw storage.
2026-08-24 17:08:46  [INFO    ]  Cloudflare Worker relay enabled (POSTS_API_BASE overridden).
2026-08-24 17:08:46  [INFO    ]  [cars-for-sale] Page 1/2  offset=0  collected=0
2026-08-24 17:08:48  [INFO    ]  [cars-for-sale] Page 2/2  offset=30  collected=40  total=20271
2026-08-24 17:08:49  [INFO    ]  Scrape complete. Collected 70 records in this batch.
2026-08-24 17:08:49  [INFO    ]  Batch summary: 70 total listings collected (7 new IDs, 63 recurring/tracked IDs).
2026-08-24 17:08:49  [INFO    ]  Saved 70 records to Parquet -> data\raw\cars_2026-08-24.parquet
2026-08-24 17:08:49  [INFO    ]  Saved 60-row CSV sample -> data\raw\khmer24_cars_sample_60.csv
2026-08-24 17:08:49  [INFO    ]  Saved ingestion run manifest -> data\raw\ingestion_manifest.json
2026-08-24 17:08:49  [INFO    ]  Raw Parquet -> data\raw\cars_2026-08-24.parquet
2026-08-24 17:08:49  [INFO    ]  CSV sample  -> 60 rows : data\raw\khmer24_cars_sample_60.csv
2026-08-24 17:08:49  [INFO    ]  Manifest    -> data\raw\ingestion_manifest.json
2026-08-24 17:08:49  [INFO    ]  -- Data Quality (current batch) ---------------------------------
2026-08-24 17:08:49  [INFO    ]    Batch listings      : 70
2026-08-24 17:08:49  [INFO    ]    With price          : 100.0%
2026-08-24 17:08:49  [INFO    ]    With model year     : 100.0%
2026-08-24 17:08:49  [INFO    ]    With brand          : 72.9%
2026-08-24 17:08:49  [INFO    ]    With model name     : 72.9%
2026-08-24 17:08:49  [INFO    ]    With province       : 100.0%
2026-08-24 17:08:49  [INFO    ]    With mileage (km)   : 0.0%
2026-08-24 17:08:49  [INFO    ]    With fuel type      : 0.0%
2026-08-24 17:08:49  [INFO    ]    With transmission   : 0.0%
2026-08-24 17:08:49  [INFO    ]    Total Cumulative Unique IDs : 2,229
2026-08-24 17:08:49  [INFO    ]    Phase 1 cumulative volume target met (>= 2,000 unique listings)!
2026-08-24 17:08:49  [INFO    ]  EL stage complete. 70 listings processed in this batch.
2026-08-24 17:11:02  [INFO    ]  =================================================================
2026-08-24 17:11:02  [INFO    ]  EL Pipeline  --  Extract & Load (Time-Series & Change Tracking)
2026-08-24 17:11:02  [INFO    ]    Category       : cars-for-sale
2026-08-24 17:11:02  [INFO    ]    Province       : ALL
2026-08-24 17:11:02  [INFO    ]    Max pages      : 20  (600 listings max)
2026-08-24 17:11:02  [INFO    ]    Scrape mode    : feed_window
2026-08-24 17:11:02  [INFO    ]    Enrich details : False
2026-08-24 17:11:02  [INFO    ]    Output dir     : data\raw
2026-08-24 17:11:02  [INFO    ]  =================================================================
2026-08-24 17:11:02  [INFO    ]    Found 2,226 historical unique listing IDs in raw storage.
2026-08-24 17:11:02  [INFO    ]  Cloudflare Worker relay enabled (POSTS_API_BASE overridden).
2026-08-24 17:11:02  [INFO    ]  [cars-for-sale] Page 1/20  offset=0  collected=0
2026-08-24 17:11:03  [INFO    ]  [cars-for-sale] Page 2/20  offset=30  collected=40  total=20271
2026-08-24 17:11:04  [INFO    ]  [cars-for-sale] Page 3/20  offset=60  collected=70  total=20271
2026-08-24 17:11:05  [INFO    ]  [cars-for-sale] Page 4/20  offset=90  collected=81  total=20271
2026-08-24 17:11:06  [INFO    ]  [cars-for-sale] Page 5/20  offset=120  collected=111  total=20271
2026-08-24 17:11:07  [INFO    ]  [cars-for-sale] Page 6/20  offset=150  collected=142  total=20271
2026-08-24 17:11:08  [INFO    ]  [cars-for-sale] Page 7/20  offset=180  collected=143  total=20271
2026-08-24 17:11:09  [INFO    ]  [cars-for-sale] Page 8/20  offset=210  collected=155  total=20271
2026-08-24 17:11:10  [INFO    ]  [cars-for-sale] Page 9/20  offset=240  collected=185  total=20271
2026-08-24 17:11:11  [INFO    ]  [cars-for-sale] Page 10/20  offset=270  collected=213  total=20271
2026-08-24 17:11:12  [INFO    ]  [cars-for-sale] Page 11/20  offset=300  collected=243  total=20271
2026-08-24 17:11:13  [INFO    ]  [cars-for-sale] Page 12/20  offset=330  collected=260  total=20271
2026-08-24 17:11:14  [INFO    ]  [cars-for-sale] Page 13/20  offset=360  collected=290  total=20271
2026-08-24 17:11:16  [INFO    ]  [cars-for-sale] Page 14/20  offset=390  collected=318  total=20271
2026-08-24 17:11:17  [INFO    ]  [cars-for-sale] Page 15/20  offset=420  collected=349  total=20271
2026-08-24 17:11:18  [INFO    ]  [cars-for-sale] Page 16/20  offset=450  collected=380  total=20271
2026-08-24 17:11:19  [INFO    ]  [cars-for-sale] Page 17/20  offset=480  collected=410  total=20271
2026-08-24 17:11:20  [INFO    ]  [cars-for-sale] Page 18/20  offset=510  collected=442  total=20271
2026-08-24 17:11:21  [INFO    ]  [cars-for-sale] Page 19/20  offset=540  collected=472  total=20271
2026-08-24 17:11:22  [INFO    ]  [cars-for-sale] Page 20/20  offset=570  collected=489  total=20271
2026-08-24 17:11:23  [INFO    ]  Scrape complete. Collected 496 records in this batch.
2026-08-24 17:11:23  [INFO    ]  Batch summary: 496 total listings collected (249 new IDs, 247 recurring/tracked IDs).
2026-08-24 17:11:23  [INFO    ]  Saved 496 records to Parquet -> data\raw\cars_2026-08-24.parquet
2026-08-24 17:11:23  [INFO    ]  Saved 60-row CSV sample -> data\raw\khmer24_cars_sample_60.csv
2026-08-24 17:11:23  [INFO    ]  Saved ingestion run manifest -> data\raw\ingestion_manifest.json
2026-08-24 17:11:23  [INFO    ]  Raw Parquet -> data\raw\cars_2026-08-24.parquet
2026-08-24 17:11:23  [INFO    ]  CSV sample  -> 60 rows : data\raw\khmer24_cars_sample_60.csv
2026-08-24 17:11:23  [INFO    ]  Manifest    -> data\raw\ingestion_manifest.json
2026-08-24 17:11:23  [INFO    ]  -- Data Quality (current batch) ---------------------------------
2026-08-24 17:11:23  [INFO    ]    Batch listings      : 496
2026-08-24 17:11:23  [INFO    ]    With price          : 100.0%
2026-08-24 17:11:23  [INFO    ]    With model year     : 100.0%
2026-08-24 17:11:23  [INFO    ]    With brand          : 76.2%
2026-08-24 17:11:23  [INFO    ]    With model name     : 76.0%
2026-08-24 17:11:23  [INFO    ]    With province       : 100.0%
2026-08-24 17:11:23  [INFO    ]    With mileage (km)   : 0.0%
2026-08-24 17:11:23  [INFO    ]    With fuel type      : 0.0%
2026-08-24 17:11:23  [INFO    ]    With transmission   : 0.0%
2026-08-24 17:11:23  [INFO    ]    Total Cumulative Unique IDs : 2,475
2026-08-24 17:11:23  [INFO    ]    Phase 1 cumulative volume target met (>= 2,000 unique listings)!
2026-08-24 17:11:23  [INFO    ]  EL stage complete. 496 listings processed in this batch.
2026-08-24 17:11:23  [INFO    ]  Triggering dbt transformations...
2026-08-24 17:11:23  [INFO    ]  Running dbt: dbt run --project-dir D:\ITC3_AMS_2025\I4_AMS_S2\Y4_Internship\Car_price_prediction\dbt --profiles-dir D:\ITC3_AMS_2025\I4_AMS_S2\Y4_Internship\Car_price_prediction\dbt
2026-08-24 17:11:29  [INFO    ]  dbt run completed successfully in 6.14s.
2026-08-24 17:11:29  [INFO    ]  Running dbt: dbt test --project-dir D:\ITC3_AMS_2025\I4_AMS_S2\Y4_Internship\Car_price_prediction\dbt --profiles-dir D:\ITC3_AMS_2025\I4_AMS_S2\Y4_Internship\Car_price_prediction\dbt
2026-08-24 17:11:34  [INFO    ]  dbt test completed successfully in 4.94s.
2026-08-24 17:11:34  [INFO    ]  End-to-end ELT pipeline complete.
2026-08-25 10:42:45  [INFO    ]  =================================================================
2026-08-25 10:42:45  [INFO    ]  EL Pipeline  --  Extract & Load (Time-Series & Change Tracking)
2026-08-25 10:42:45  [INFO    ]    Category       : cars-for-sale
2026-08-25 10:42:45  [INFO    ]    Province       : ALL
2026-08-25 10:42:45  [INFO    ]    Max pages      : 2  (60 listings max)
2026-08-25 10:42:45  [INFO    ]    Scrape mode    : feed_window
2026-08-25 10:42:45  [INFO    ]    Enrich details : True
2026-08-25 10:42:45  [INFO    ]    Output dir     : data\raw
2026-08-25 10:42:45  [INFO    ]  =================================================================
2026-08-25 10:42:46  [INFO    ]    Found 2,465 historical unique listing IDs in raw storage.
2026-08-25 10:42:46  [INFO    ]  Cloudflare Worker relay enabled (POSTS_API_BASE overridden).
2026-08-25 10:42:46  [INFO    ]  [cars-for-sale] Page 1/2  offset=0  collected=0
2026-08-25 10:43:18  [INFO    ]  [cars-for-sale] Page 2/2  offset=30  collected=40  total=20241
2026-08-25 10:43:29  [INFO    ]  Scrape complete. Collected 62 records in this batch.
2026-08-25 10:43:29  [INFO    ]  Batch summary: 62 total listings collected (12 new IDs, 50 recurring/tracked IDs).
2026-08-25 10:43:29  [INFO    ]  Saved 62 records to Parquet -> data\raw\cars_2026-08-25.parquet
2026-08-25 10:43:29  [INFO    ]  Saved 60-row CSV sample -> data\raw\khmer24_cars_sample_60.csv
2026-08-25 10:43:29  [INFO    ]  Saved ingestion run manifest -> data\raw\ingestion_manifest.json
2026-08-25 10:43:29  [INFO    ]  Raw Parquet -> data\raw\cars_2026-08-25.parquet
2026-08-25 10:43:29  [INFO    ]  CSV sample  -> 60 rows : data\raw\khmer24_cars_sample_60.csv
2026-08-25 10:43:29  [INFO    ]  Manifest    -> data\raw\ingestion_manifest.json
2026-08-25 10:43:29  [INFO    ]  -- Data Quality (current batch) ---------------------------------
2026-08-25 10:43:29  [INFO    ]    Batch listings      : 62
2026-08-25 10:43:29  [INFO    ]    With price          : 100.0%
2026-08-25 10:43:29  [INFO    ]    With model year     : 100.0%
2026-08-25 10:43:29  [INFO    ]    With brand          : 85.5%
2026-08-25 10:43:29  [INFO    ]    With model name     : 83.9%
2026-08-25 10:43:29  [INFO    ]    With province       : 100.0%
2026-08-25 10:43:29  [INFO    ]    With mileage (km)   : 0.0%
2026-08-25 10:43:29  [INFO    ]    With fuel type      : 71.0%
2026-08-25 10:43:29  [INFO    ]    With transmission   : 71.0%
2026-08-25 10:43:29  [INFO    ]    Total Cumulative Unique IDs : 2,477
2026-08-25 10:43:29  [INFO    ]    Phase 1 cumulative volume target met (>= 2,000 unique listings)!
2026-08-25 10:43:29  [INFO    ]  EL stage complete. 62 listings processed in this batch.
2026-08-25 11:13:51  [INFO    ]  =================================================================
2026-08-25 11:13:51  [INFO    ]  EL Pipeline  --  Extract & Load (Time-Series & Change Tracking)
2026-08-25 11:13:51  [INFO    ]    Category       : cars-for-sale
2026-08-25 11:13:51  [INFO    ]    Province       : ALL
2026-08-25 11:13:51  [INFO    ]    Max pages      : 20  (600 listings max)
2026-08-25 11:13:51  [INFO    ]    Scrape mode    : feed_window
2026-08-25 11:13:51  [INFO    ]    Enrich details : False
2026-08-25 11:13:51  [INFO    ]    Output dir     : data\raw
2026-08-25 11:13:51  [INFO    ]  =================================================================
2026-08-25 11:13:51  [INFO    ]    Found 2,477 historical unique listing IDs in raw storage.
2026-08-25 11:13:51  [INFO    ]  Cloudflare Worker relay enabled (POSTS_API_BASE overridden).
2026-08-25 11:13:51  [INFO    ]  [cars-for-sale] Page 1/20  offset=0  collected=0
2026-08-25 11:13:51  [ERROR   ]  Request error on attempt 1: Failed to perform, curl: (60) SSL certificate problem: unable to get local issuer certificate. See https://curl.se/libcurl/c/libcurl-errors.html first for more details.. Retrying in 3.1s…
2026-08-25 11:13:55  [ERROR   ]  Request error on attempt 2: Failed to perform, curl: (60) SSL certificate problem: unable to get local issuer certificate. See https://curl.se/libcurl/c/libcurl-errors.html first for more details.. Retrying in 5.1s…
2026-08-25 11:14:00  [ERROR   ]  Request error on attempt 3: Failed to perform, curl: (60) SSL certificate problem: unable to get local issuer certificate. See https://curl.se/libcurl/c/libcurl-errors.html first for more details.. Retrying in 9.1s…
2026-08-25 11:14:09  [WARNING ]  No response — stopping pagination.
2026-08-25 11:14:09  [INFO    ]  Scrape complete. Collected 0 records in this batch.
2026-08-25 11:14:09  [INFO    ]  No listings collected in this run (Duration: 18.06s).
2026-08-25 11:14:09  [INFO    ]  EL stage complete. 0 listings processed in this batch.
2026-08-25 11:14:09  [INFO    ]  Triggering dbt transformations...
2026-08-25 11:14:09  [INFO    ]  Running dbt: dbt run --project-dir D:\ITC3_AMS_2025\I4_AMS_S2\Y4_Internship\Car_price_prediction\dbt --profiles-dir D:\ITC3_AMS_2025\I4_AMS_S2\Y4_Internship\Car_price_prediction\dbt
2026-08-25 11:14:20  [ERROR   ]  dbt run failed with exit code 1 (11.28s).
2026-08-25 11:14:20  [ERROR   ]  dbt transformation failed.
2026-08-25 11:24:25  [INFO    ]  =================================================================
2026-08-25 11:24:25  [INFO    ]  EL Pipeline  --  Extract & Load (Time-Series & Change Tracking)
2026-08-25 11:24:25  [INFO    ]    Category       : cars-for-sale
2026-08-25 11:24:25  [INFO    ]    Province       : ALL
2026-08-25 11:24:25  [INFO    ]    Max pages      : 20  (600 listings max)
2026-08-25 11:24:25  [INFO    ]    Scrape mode    : feed_window
2026-08-25 11:24:25  [INFO    ]    Enrich details : False
2026-08-25 11:24:25  [INFO    ]    Output dir     : data\raw
2026-08-25 11:24:25  [INFO    ]  =================================================================
2026-08-25 11:24:25  [INFO    ]    Found 2,477 historical unique listing IDs in raw storage.
2026-08-25 11:24:25  [INFO    ]  Cloudflare Worker relay enabled (POSTS_API_BASE overridden).
2026-08-25 11:24:25  [INFO    ]  [cars-for-sale] Page 1/20  offset=0  collected=0
2026-08-25 11:24:26  [INFO    ]  [cars-for-sale] Page 2/20  offset=30  collected=40  total=20248
2026-08-25 11:24:27  [INFO    ]  [cars-for-sale] Page 3/20  offset=60  collected=58  total=20248
2026-08-25 11:24:28  [INFO    ]  [cars-for-sale] Page 4/20  offset=90  collected=73  total=20248
2026-08-25 11:24:29  [INFO    ]  [cars-for-sale] Page 5/20  offset=120  collected=94  total=20248
2026-08-25 11:24:30  [INFO    ]  [cars-for-sale] Page 6/20  offset=150  collected=122  total=20248
2026-08-25 11:24:31  [INFO    ]  [cars-for-sale] Page 7/20  offset=180  collected=139  total=20248
2026-08-25 11:24:32  [INFO    ]  [cars-for-sale] Page 8/20  offset=210  collected=169  total=20248
2026-08-25 11:24:33  [INFO    ]  [cars-for-sale] Page 9/20  offset=240  collected=201  total=20248
2026-08-25 11:24:34  [INFO    ]  [cars-for-sale] Page 10/20  offset=270  collected=206  total=20248
2026-08-25 11:24:35  [INFO    ]  [cars-for-sale] Page 11/20  offset=300  collected=218  total=20248
2026-08-25 11:24:36  [INFO    ]  [cars-for-sale] Page 12/20  offset=330  collected=250  total=20248
2026-08-25 11:24:37  [INFO    ]  [cars-for-sale] Page 13/20  offset=360  collected=256  total=20248
2026-08-25 11:24:38  [INFO    ]  [cars-for-sale] Page 14/20  offset=390  collected=263  total=20248
2026-08-25 11:24:38  [INFO    ]  [cars-for-sale] Page 15/20  offset=420  collected=286  total=20248
2026-08-25 11:24:39  [INFO    ]  [cars-for-sale] Page 16/20  offset=450  collected=317  total=20248
2026-08-25 11:24:40  [INFO    ]  [cars-for-sale] Page 17/20  offset=480  collected=349  total=20248
2026-08-25 11:24:41  [INFO    ]  [cars-for-sale] Page 18/20  offset=510  collected=380  total=20248
2026-08-25 11:24:42  [INFO    ]  [cars-for-sale] Page 19/20  offset=540  collected=410  total=20248
2026-08-25 11:24:43  [INFO    ]  [cars-for-sale] Page 20/20  offset=570  collected=435  total=20248
2026-08-25 11:24:44  [INFO    ]  Scrape complete. Collected 435 records in this batch.
2026-08-25 11:24:44  [INFO    ]  Batch summary: 435 total listings collected (343 new IDs, 92 recurring/tracked IDs).
2026-08-25 11:24:44  [INFO    ]  Saved 435 records to Parquet -> data\raw\cars_2026-08-25.parquet
2026-08-25 11:24:44  [INFO    ]  Saved 60-row CSV sample -> data\raw\khmer24_cars_sample_60.csv
2026-08-25 11:24:44  [INFO    ]  Saved ingestion run manifest -> data\raw\ingestion_manifest.json
2026-08-25 11:24:44  [INFO    ]  Raw Parquet -> data\raw\cars_2026-08-25.parquet
2026-08-25 11:24:44  [INFO    ]  CSV sample  -> 60 rows : data\raw\khmer24_cars_sample_60.csv
2026-08-25 11:24:44  [INFO    ]  Manifest    -> data\raw\ingestion_manifest.json
2026-08-25 11:24:44  [INFO    ]  -- Data Quality (current batch) ---------------------------------
2026-08-25 11:24:44  [INFO    ]    Batch listings      : 435
2026-08-25 11:24:44  [INFO    ]    With price          : 100.0%
2026-08-25 11:24:44  [INFO    ]    With model year     : 100.0%
2026-08-25 11:24:44  [INFO    ]    With brand          : 74.9%
2026-08-25 11:24:44  [INFO    ]    With model name     : 74.7%
2026-08-25 11:24:44  [INFO    ]    With province       : 100.0%
2026-08-25 11:24:44  [INFO    ]    With mileage (km)   : 0.0%
2026-08-25 11:24:44  [INFO    ]    With fuel type      : 0.0%
2026-08-25 11:24:44  [INFO    ]    With transmission   : 0.0%
2026-08-25 11:24:44  [INFO    ]    Total Cumulative Unique IDs : 2,820
2026-08-25 11:24:44  [INFO    ]    Phase 1 cumulative volume target met (>= 2,000 unique listings)!
2026-08-25 11:24:44  [INFO    ]  EL stage complete. 435 listings processed in this batch.
2026-08-25 11:24:44  [INFO    ]  Triggering dbt transformations...
2026-08-25 11:24:44  [INFO    ]  Running dbt: dbt run --project-dir D:\ITC3_AMS_2025\I4_AMS_S2\Y4_Internship\Car_price_prediction\dbt --profiles-dir D:\ITC3_AMS_2025\I4_AMS_S2\Y4_Internship\Car_price_prediction\dbt
2026-08-25 11:24:49  [INFO    ]  dbt run completed successfully in 5.08s.
2026-08-25 11:24:49  [INFO    ]  Running dbt: dbt test --project-dir D:\ITC3_AMS_2025\I4_AMS_S2\Y4_Internship\Car_price_prediction\dbt --profiles-dir D:\ITC3_AMS_2025\I4_AMS_S2\Y4_Internship\Car_price_prediction\dbt
2026-08-25 11:24:54  [INFO    ]  dbt test completed successfully in 5.21s.
2026-08-25 11:24:54  [INFO    ]  End-to-end ELT pipeline complete.
2026-08-25 13:58:33  [INFO    ]  =================================================================
2026-08-25 13:58:33  [INFO    ]  EL Pipeline  --  Extract & Load (Time-Series & Change Tracking)
2026-08-25 13:58:33  [INFO    ]    Category       : cars-for-sale
2026-08-25 13:58:33  [INFO    ]    Province       : ALL
2026-08-25 13:58:33  [INFO    ]    Max pages      : 20  (600 listings max)
2026-08-25 13:58:33  [INFO    ]    Scrape mode    : feed_window
2026-08-25 13:58:33  [INFO    ]    Enrich details : False
2026-08-25 13:58:33  [INFO    ]    Output dir     : data\raw
2026-08-25 13:58:33  [INFO    ]  =================================================================
2026-08-25 13:58:33  [INFO    ]    Found 2,812 historical unique listing IDs in raw storage.
2026-08-25 13:58:33  [INFO    ]  Cloudflare Worker relay enabled (POSTS_API_BASE overridden).
2026-08-25 13:58:33  [INFO    ]  [cars-for-sale] Page 1/20  offset=0  collected=0
2026-08-25 13:58:34  [INFO    ]  [cars-for-sale] Page 2/20  offset=30  collected=40  total=20284
2026-08-25 13:58:35  [INFO    ]  [cars-for-sale] Page 3/20  offset=60  collected=62  total=20284
2026-08-25 13:58:36  [INFO    ]  [cars-for-sale] Page 4/20  offset=90  collected=85  total=20284
2026-08-25 13:58:37  [INFO    ]  [cars-for-sale] Page 5/20  offset=120  collected=109  total=20284
2026-08-25 13:58:38  [INFO    ]  [cars-for-sale] Page 6/20  offset=150  collected=127  total=20284
2026-08-25 13:58:39  [INFO    ]  [cars-for-sale] Page 7/20  offset=180  collected=147  total=20284
2026-08-25 13:58:40  [INFO    ]  [cars-for-sale] Page 8/20  offset=210  collected=177  total=20284
2026-08-25 13:58:41  [INFO    ]  [cars-for-sale] Page 9/20  offset=240  collected=207  total=20284
2026-08-25 13:58:42  [INFO    ]  [cars-for-sale] Page 10/20  offset=270  collected=219  total=20284
2026-08-25 13:58:43  [INFO    ]  [cars-for-sale] Page 11/20  offset=300  collected=249  total=20284
2026-08-25 13:58:44  [INFO    ]  [cars-for-sale] Page 12/20  offset=330  collected=262  total=20284
2026-08-25 13:58:44  [INFO    ]  [cars-for-sale] Page 13/20  offset=360  collected=292  total=20284
2026-08-25 13:58:45  [INFO    ]  [cars-for-sale] Page 14/20  offset=390  collected=322  total=20284
2026-08-25 13:58:46  [INFO    ]  [cars-for-sale] Page 15/20  offset=420  collected=353  total=20284
2026-08-25 13:58:47  [INFO    ]  [cars-for-sale] Page 16/20  offset=450  collected=364  total=20284
2026-08-25 13:58:48  [INFO    ]  [cars-for-sale] Page 17/20  offset=480  collected=394  total=20284
2026-08-25 13:58:49  [INFO    ]  [cars-for-sale] Page 18/20  offset=510  collected=424  total=20284
2026-08-25 13:58:50  [INFO    ]  [cars-for-sale] Page 19/20  offset=540  collected=454  total=20284
2026-08-25 13:58:51  [INFO    ]  [cars-for-sale] Page 20/20  offset=570  collected=485  total=20284
2026-08-25 13:58:52  [INFO    ]  Scrape complete. Collected 515 records in this batch.
2026-08-25 13:58:52  [INFO    ]  Batch summary: 515 total listings collected (413 new IDs, 102 recurring/tracked IDs).
2026-08-25 13:58:52  [INFO    ]  Saved 515 records to Parquet -> data\raw\cars_2026-08-25.parquet
2026-08-25 13:58:52  [INFO    ]  Saved 60-row CSV sample -> data\raw\khmer24_cars_sample_60.csv
2026-08-25 13:58:52  [INFO    ]  Saved ingestion run manifest -> data\raw\ingestion_manifest.json
2026-08-25 13:58:52  [INFO    ]  Raw Parquet -> data\raw\cars_2026-08-25.parquet
2026-08-25 13:58:52  [INFO    ]  CSV sample  -> 60 rows : data\raw\khmer24_cars_sample_60.csv
2026-08-25 13:58:52  [INFO    ]  Manifest    -> data\raw\ingestion_manifest.json
2026-08-25 13:58:52  [INFO    ]  -- Data Quality (current batch) ---------------------------------
2026-08-25 13:58:52  [INFO    ]    Batch listings      : 515
2026-08-25 13:58:52  [INFO    ]    With price          : 100.0%
2026-08-25 13:58:52  [INFO    ]    With model year     : 100.0%
2026-08-25 13:58:52  [INFO    ]    With brand          : 77.9%
2026-08-25 13:58:52  [INFO    ]    With model name     : 77.7%
2026-08-25 13:58:52  [INFO    ]    With province       : 100.0%
2026-08-25 13:58:52  [INFO    ]    With mileage (km)   : 0.0%
2026-08-25 13:58:52  [INFO    ]    With fuel type      : 0.0%
2026-08-25 13:58:52  [INFO    ]    With transmission   : 0.0%
2026-08-25 13:58:52  [INFO    ]    Total Cumulative Unique IDs : 3,225
2026-08-25 13:58:52  [INFO    ]    Phase 1 cumulative volume target met (>= 2,000 unique listings)!
2026-08-25 13:58:52  [INFO    ]  EL stage complete. 515 listings processed in this batch.
2026-08-25 13:58:52  [INFO    ]  Triggering dbt transformations...
2026-08-25 13:58:52  [INFO    ]  Running dbt: dbt run --project-dir D:\ITC3_AMS_2025\I4_AMS_S2\Y4_Internship\Car_price_prediction\dbt --profiles-dir D:\ITC3_AMS_2025\I4_AMS_S2\Y4_Internship\Car_price_prediction\dbt
2026-08-25 13:58:58  [INFO    ]  dbt run completed successfully in 5.89s.
2026-08-25 13:58:58  [INFO    ]  Running dbt: dbt test --project-dir D:\ITC3_AMS_2025\I4_AMS_S2\Y4_Internship\Car_price_prediction\dbt --profiles-dir D:\ITC3_AMS_2025\I4_AMS_S2\Y4_Internship\Car_price_prediction\dbt
2026-08-25 13:59:03  [INFO    ]  dbt test completed successfully in 5.1s.
2026-08-25 13:59:03  [INFO    ]  End-to-end ELT pipeline complete.
2026-08-25 14:05:40  [INFO    ]  =================================================================
2026-08-25 14:05:40  [INFO    ]  EL Pipeline  --  Extract & Load (Time-Series & Change Tracking)
2026-08-25 14:05:40  [INFO    ]    Category       : cars-for-sale
2026-08-25 14:05:40  [INFO    ]    Province       : ALL
2026-08-25 14:05:40  [INFO    ]    Max pages      : 10  (300 listings max)
2026-08-25 14:05:40  [INFO    ]    Scrape mode    : feed_window
2026-08-25 14:05:40  [INFO    ]    Enrich details : True
2026-08-25 14:05:40  [INFO    ]    Output dir     : data\raw
2026-08-25 14:05:40  [INFO    ]  =================================================================
2026-08-25 14:05:40  [INFO    ]    Found 2,885 historical unique listing IDs in raw storage.
2026-08-25 14:05:40  [INFO    ]  Cloudflare Worker relay enabled (POSTS_API_BASE overridden).
2026-08-25 14:05:40  [INFO    ]  [cars-for-sale] Page 1/10  offset=0  collected=0
2026-08-25 14:06:06  [INFO    ]  [cars-for-sale] Page 2/10  offset=30  collected=40  total=20284
2026-08-25 14:06:22  [INFO    ]  [cars-for-sale] Page 3/10  offset=60  collected=65  total=20284
2026-08-25 14:06:33  [INFO    ]  [cars-for-sale] Page 4/10  offset=90  collected=83  total=20284
2026-08-25 14:06:52  [INFO    ]  [cars-for-sale] Page 5/10  offset=120  collected=113  total=20284
2026-08-25 14:07:05  [INFO    ]  [cars-for-sale] Page 6/10  offset=150  collected=130  total=20284
2026-08-25 14:07:18  [INFO    ]  [cars-for-sale] Page 7/10  offset=180  collected=150  total=20284
2026-08-25 14:07:25  [INFO    ]  [cars-for-sale] Page 8/10  offset=210  collected=160  total=20284
2026-08-25 14:07:40  [INFO    ]  [cars-for-sale] Page 9/10  offset=240  collected=182  total=20284
2026-08-25 14:07:41  [INFO    ]  [cars-for-sale] Page 10/10  offset=270  collected=184  total=20284
2026-08-25 14:07:57  [INFO    ]  Scrape complete. Collected 211 records in this batch.
2026-08-25 14:07:57  [INFO    ]  Batch summary: 211 total listings collected (48 new IDs, 163 recurring/tracked IDs).
2026-08-25 14:07:57  [INFO    ]  Saved 211 records to Parquet -> data\raw\cars_2026-08-25.parquet
2026-08-25 14:07:57  [INFO    ]  Saved 60-row CSV sample -> data\raw\khmer24_cars_sample_60.csv
2026-08-25 14:07:57  [INFO    ]  Saved ingestion run manifest -> data\raw\ingestion_manifest.json
2026-08-25 14:07:57  [INFO    ]  Raw Parquet -> data\raw\cars_2026-08-25.parquet
2026-08-25 14:07:57  [INFO    ]  CSV sample  -> 60 rows : data\raw\khmer24_cars_sample_60.csv
2026-08-25 14:07:57  [INFO    ]  Manifest    -> data\raw\ingestion_manifest.json
2026-08-25 14:07:57  [INFO    ]  -- Data Quality (current batch) ---------------------------------
2026-08-25 14:07:57  [INFO    ]    Batch listings      : 211
2026-08-25 14:07:57  [INFO    ]    With price          : 100.0%
2026-08-25 14:07:57  [INFO    ]    With model year     : 100.0%
2026-08-25 14:07:57  [INFO    ]    With brand          : 89.6%
2026-08-25 14:07:57  [INFO    ]    With model name     : 89.1%
2026-08-25 14:07:57  [INFO    ]    With province       : 100.0%
2026-08-25 14:07:57  [INFO    ]    With mileage (km)   : 0.0%
2026-08-25 14:07:57  [INFO    ]    With fuel type      : 76.8%
2026-08-25 14:07:57  [INFO    ]    With transmission   : 76.8%
2026-08-25 14:07:57  [INFO    ]    Total Cumulative Unique IDs : 2,933
2026-08-25 14:07:57  [INFO    ]    Phase 1 cumulative volume target met (>= 2,000 unique listings)!
2026-08-25 14:07:57  [INFO    ]  EL stage complete. 211 listings processed in this batch.
2026-08-25 14:28:56  [INFO    ]  =================================================================
2026-08-25 14:28:56  [INFO    ]  EL Pipeline  --  Extract & Load (Time-Series & Change Tracking)
2026-08-25 14:28:56  [INFO    ]    Category       : cars-for-sale
2026-08-25 14:28:56  [INFO    ]    Province       : ALL
2026-08-25 14:28:56  [INFO    ]    Max pages      : 20  (600 listings max)
2026-08-25 14:28:56  [INFO    ]    Scrape mode    : feed_window
2026-08-25 14:28:56  [INFO    ]    Enrich details : False
2026-08-25 14:28:56  [INFO    ]    Output dir     : data\raw
2026-08-25 14:28:56  [INFO    ]  =================================================================
2026-08-25 14:28:56  [INFO    ]    Found 2,594 historical unique listing IDs in raw storage.
2026-08-25 14:28:56  [INFO    ]  Cloudflare Worker relay enabled (POSTS_API_BASE overridden).
2026-08-25 14:28:56  [INFO    ]  [cars-for-sale] Page 1/20  offset=0  collected=0
2026-08-25 14:28:57  [INFO    ]  [cars-for-sale] Page 2/20  offset=30  collected=40  total=20302
2026-08-25 14:28:58  [INFO    ]  [cars-for-sale] Page 3/20  offset=60  collected=62  total=20302
2026-08-25 14:28:59  [INFO    ]  [cars-for-sale] Page 4/20  offset=90  collected=79  total=20302
2026-08-25 14:29:00  [INFO    ]  [cars-for-sale] Page 5/20  offset=120  collected=103  total=20302
2026-08-25 14:29:01  [INFO    ]  [cars-for-sale] Page 6/20  offset=150  collected=110  total=20302
2026-08-25 14:29:02  [INFO    ]  [cars-for-sale] Page 7/20  offset=180  collected=119  total=20302
2026-08-25 14:29:03  [INFO    ]  [cars-for-sale] Page 8/20  offset=210  collected=149  total=20302
2026-08-25 14:29:04  [INFO    ]  [cars-for-sale] Page 9/20  offset=240  collected=180  total=20302
2026-08-25 14:29:04  [INFO    ]  [cars-for-sale] Page 10/20  offset=270  collected=186  total=20302
2026-08-25 14:29:05  [INFO    ]  [cars-for-sale] Page 11/20  offset=300  collected=218  total=20302
2026-08-25 14:29:06  [INFO    ]  [cars-for-sale] Page 12/20  offset=330  collected=219  total=20302
2026-08-25 14:29:07  [INFO    ]  [cars-for-sale] Page 13/20  offset=360  collected=249  total=20302
2026-08-25 14:29:08  [INFO    ]  [cars-for-sale] Page 14/20  offset=390  collected=280  total=20302
2026-08-25 14:29:09  [INFO    ]  [cars-for-sale] Page 15/20  offset=420  collected=298  total=20302
2026-08-25 14:29:10  [INFO    ]  [cars-for-sale] Page 16/20  offset=450  collected=328  total=20302
2026-08-25 14:29:10  [INFO    ]  [cars-for-sale] Page 17/20  offset=480  collected=358  total=20302
2026-08-25 14:29:11  [INFO    ]  [cars-for-sale] Page 18/20  offset=510  collected=379  total=20302
2026-08-25 14:29:12  [INFO    ]  [cars-for-sale] Page 19/20  offset=540  collected=388  total=20302
2026-08-25 14:29:13  [INFO    ]  [cars-for-sale] Page 20/20  offset=570  collected=418  total=20302
2026-08-25 14:29:14  [INFO    ]  Scrape complete. Collected 418 records in this batch.
2026-08-25 14:29:14  [INFO    ]  Batch summary: 418 total listings collected (192 new IDs, 226 recurring/tracked IDs).
2026-08-25 14:29:14  [INFO    ]  Saved 418 records to Parquet -> data\raw\cars_2026-08-25.parquet
2026-08-25 14:29:14  [INFO    ]  Saved 60-row CSV sample -> data\raw\khmer24_cars_sample_60.csv
2026-08-25 14:29:14  [INFO    ]  Saved ingestion run manifest -> data\raw\ingestion_manifest.json
2026-08-25 14:29:14  [INFO    ]  Raw Parquet -> data\raw\cars_2026-08-25.parquet
2026-08-25 14:29:14  [INFO    ]  CSV sample  -> 60 rows : data\raw\khmer24_cars_sample_60.csv
2026-08-25 14:29:14  [INFO    ]  Manifest    -> data\raw\ingestion_manifest.json
2026-08-25 14:29:14  [INFO    ]  -- Data Quality (current batch) ---------------------------------
2026-08-25 14:29:14  [INFO    ]    Batch listings      : 418
2026-08-25 14:29:14  [INFO    ]    With price          : 100.0%
2026-08-25 14:29:14  [INFO    ]    With model year     : 100.0%
2026-08-25 14:29:14  [INFO    ]    With brand          : 75.6%
2026-08-25 14:29:14  [INFO    ]    With model name     : 75.6%
2026-08-25 14:29:14  [INFO    ]    With province       : 100.0%
2026-08-25 14:29:14  [INFO    ]    With mileage (km)   : 0.0%
2026-08-25 14:29:14  [INFO    ]    With fuel type      : 0.0%
2026-08-25 14:29:14  [INFO    ]    With transmission   : 0.0%
2026-08-25 14:29:14  [INFO    ]    Total Cumulative Unique IDs : 2,786
2026-08-25 14:29:14  [INFO    ]    Phase 1 cumulative volume target met (>= 2,000 unique listings)!
2026-08-25 14:29:14  [INFO    ]  EL stage complete. 418 listings processed in this batch.
2026-08-25 14:29:14  [INFO    ]  Triggering dbt transformations...
2026-08-25 14:29:14  [INFO    ]  Running dbt: dbt run --project-dir D:\ITC3_AMS_2025\I4_AMS_S2\Y4_Internship\Car_price_prediction\dbt --profiles-dir D:\ITC3_AMS_2025\I4_AMS_S2\Y4_Internship\Car_price_prediction\dbt
2026-08-25 14:29:20  [INFO    ]  dbt run completed successfully in 5.65s.
2026-08-25 14:29:20  [INFO    ]  Running dbt: dbt test --project-dir D:\ITC3_AMS_2025\I4_AMS_S2\Y4_Internship\Car_price_prediction\dbt --profiles-dir D:\ITC3_AMS_2025\I4_AMS_S2\Y4_Internship\Car_price_prediction\dbt
2026-08-25 14:29:25  [INFO    ]  dbt test completed successfully in 5.26s.
2026-08-25 14:29:25  [INFO    ]  End-to-end ELT pipeline complete.
2026-08-25 14:39:37  [INFO    ]  =================================================================
2026-08-25 14:39:37  [INFO    ]  EL Pipeline  --  Extract & Load (Time-Series & Change Tracking)
2026-08-25 14:39:37  [INFO    ]    Category       : cars-for-sale
2026-08-25 14:39:37  [INFO    ]    Province       : ALL
2026-08-25 14:39:37  [INFO    ]    Max pages      : 1  (30 listings max)
2026-08-25 14:39:37  [INFO    ]    Scrape mode    : feed_window
2026-08-25 14:39:37  [INFO    ]    Enrich details : True
2026-08-25 14:39:37  [INFO    ]    Output dir     : data\raw
2026-08-25 14:39:37  [INFO    ]  =================================================================
2026-08-25 14:39:37  [INFO    ]    Found 2,761 historical unique listing IDs in raw storage.
2026-08-25 14:39:37  [INFO    ]  Cloudflare Worker relay enabled (POSTS_API_BASE overridden).
2026-08-25 14:39:37  [INFO    ]  [cars-for-sale] Page 1/1  offset=0  collected=0
2026-08-25 14:40:03  [INFO    ]  Scrape complete. Collected 40 records in this batch.
2026-08-25 14:40:03  [INFO    ]  Batch summary: 40 total listings collected (12 new IDs, 28 recurring/tracked IDs).
2026-08-25 14:40:03  [INFO    ]  Saved 40 records to Parquet -> data\raw\cars_2026-08-25.parquet
2026-08-25 14:40:03  [INFO    ]  Saved 40-row CSV sample -> data\raw\khmer24_cars_sample_60.csv
2026-08-25 14:40:03  [INFO    ]  Saved ingestion run manifest -> data\raw\ingestion_manifest.json
2026-08-25 14:40:03  [INFO    ]  Raw Parquet -> data\raw\cars_2026-08-25.parquet
2026-08-25 14:40:03  [INFO    ]  CSV sample  -> 60 rows : data\raw\khmer24_cars_sample_60.csv
2026-08-25 14:40:03  [INFO    ]  Manifest    -> data\raw\ingestion_manifest.json
2026-08-25 14:40:03  [INFO    ]  -- Data Quality (current batch) ---------------------------------
2026-08-25 14:40:03  [INFO    ]    Batch listings      : 40
2026-08-25 14:40:03  [INFO    ]    With price          : 100.0%
2026-08-25 14:40:03  [INFO    ]    With model year     : 100.0%
2026-08-25 14:40:03  [INFO    ]    With brand          : 100.0%
2026-08-25 14:40:03  [INFO    ]    With model name     : 100.0%
2026-08-25 14:40:03  [INFO    ]    With province       : 100.0%
2026-08-25 14:40:03  [INFO    ]    With mileage (km)   : 0.0%
2026-08-25 14:40:03  [INFO    ]    With fuel type      : 85.0%
2026-08-25 14:40:03  [INFO    ]    With transmission   : 82.5%
2026-08-25 14:40:03  [INFO    ]    Total Cumulative Unique IDs : 2,773
2026-08-25 14:40:03  [INFO    ]    Phase 1 cumulative volume target met (>= 2,000 unique listings)!
2026-08-25 14:40:03  [INFO    ]  EL stage complete. 40 listings processed in this batch.
2026-08-25 14:40:03  [INFO    ]  Triggering dbt transformations...
2026-08-25 14:40:03  [INFO    ]  Running dbt: dbt run --project-dir D:\ITC3_AMS_2025\I4_AMS_S2\Y4_Internship\Car_price_prediction\dbt --profiles-dir D:\ITC3_AMS_2025\I4_AMS_S2\Y4_Internship\Car_price_prediction\dbt
2026-08-25 14:40:08  [INFO    ]  dbt run completed successfully in 5.58s.
2026-08-25 14:40:08  [INFO    ]  Running dbt: dbt test --project-dir D:\ITC3_AMS_2025\I4_AMS_S2\Y4_Internship\Car_price_prediction\dbt --profiles-dir D:\ITC3_AMS_2025\I4_AMS_S2\Y4_Internship\Car_price_prediction\dbt
2026-08-25 14:40:14  [INFO    ]  dbt test completed successfully in 6.0s.
2026-08-25 14:40:14  [INFO    ]  End-to-end ELT pipeline complete.
2026-08-25 14:44:31  [INFO    ]  =================================================================
2026-08-25 14:44:31  [INFO    ]  EL Pipeline  --  Extract & Load (Time-Series & Change Tracking)
2026-08-25 14:44:31  [INFO    ]    Category       : cars-for-sale
2026-08-25 14:44:31  [INFO    ]    Province       : ALL
2026-08-25 14:44:31  [INFO    ]    Max pages      : 20  (600 listings max)
2026-08-25 14:44:31  [INFO    ]    Scrape mode    : feed_window
2026-08-25 14:44:31  [INFO    ]    Enrich details : True
2026-08-25 14:44:31  [INFO    ]    Output dir     : data\raw
2026-08-25 14:44:31  [INFO    ]  =================================================================
2026-08-25 14:44:31  [INFO    ]    Found 2,480 historical unique listing IDs in raw storage.
2026-08-25 14:44:31  [INFO    ]  Cloudflare Worker relay enabled (POSTS_API_BASE overridden).
2026-08-25 14:44:31  [INFO    ]  [cars-for-sale] Page 1/20  offset=0  collected=0
2026-08-25 14:44:55  [INFO    ]  [cars-for-sale] Page 2/20  offset=30  collected=40  total=20299
2026-08-25 14:45:08  [INFO    ]  [cars-for-sale] Page 3/20  offset=60  collected=61  total=20299
2026-08-25 14:45:21  [INFO    ]  [cars-for-sale] Page 4/20  offset=90  collected=83  total=20299
2026-08-25 14:45:34  [INFO    ]  [cars-for-sale] Page 5/20  offset=120  collected=107  total=20299
2026-08-25 14:45:41  [INFO    ]  [cars-for-sale] Page 6/20  offset=150  collected=119  total=20299
2026-08-25 14:45:46  [INFO    ]  [cars-for-sale] Page 7/20  offset=180  collected=126  total=20299
2026-08-25 14:46:03  [INFO    ]  [cars-for-sale] Page 8/20  offset=210  collected=158  total=20299
2026-08-25 14:46:22  [INFO    ]  [cars-for-sale] Page 9/20  offset=240  collected=190  total=20299
2026-08-25 14:46:35  [INFO    ]  [cars-for-sale] Page 10/20  offset=270  collected=214  total=20299
2026-08-25 14:46:40  [INFO    ]  [cars-for-sale] Page 11/20  offset=300  collected=223  total=20299
2026-08-25 14:46:42  [INFO    ]  [cars-for-sale] Page 12/20  offset=330  collected=224  total=20299
2026-08-25 14:46:59  [INFO    ]  [cars-for-sale] Page 13/20  offset=360  collected=255  total=20299
2026-08-25 14:47:14  [INFO    ]  [cars-for-sale] Page 14/20  offset=390  collected=283  total=20299
2026-08-25 14:47:31  [INFO    ]  [cars-for-sale] Page 15/20  offset=420  collected=314  total=20299
2026-08-25 14:47:49  [INFO    ]  [cars-for-sale] Page 16/20  offset=450  collected=344  total=20299
2026-08-25 14:48:06  [INFO    ]  [cars-for-sale] Page 17/20  offset=480  collected=374  total=20299
2026-08-25 14:48:10  [INFO    ]  [cars-for-sale] Page 18/20  offset=510  collected=380  total=20299
2026-08-25 14:48:27  [INFO    ]  [cars-for-sale] Page 19/20  offset=540  collected=410  total=20299
2026-08-25 14:48:43  [INFO    ]  [cars-for-sale] Page 20/20  offset=570  collected=440  total=20299
2026-08-25 14:48:43  [INFO    ]  Scrape complete. Collected 440 records in this batch.
2026-08-25 14:48:43  [INFO    ]  Batch summary: 440 total listings collected (274 new IDs, 166 recurring/tracked IDs).
2026-08-25 14:48:44  [INFO    ]  Saved 440 records to Parquet -> data\raw\cars_2026-08-25.parquet
2026-08-25 14:48:44  [INFO    ]  Saved 60-row CSV sample -> data\raw\khmer24_cars_sample_60.csv
2026-08-25 14:48:44  [INFO    ]  Saved ingestion run manifest -> data\raw\ingestion_manifest.json
2026-08-25 14:48:44  [INFO    ]  Raw Parquet -> data\raw\cars_2026-08-25.parquet
2026-08-25 14:48:44  [INFO    ]  CSV sample  -> 60 rows : data\raw\khmer24_cars_sample_60.csv
2026-08-25 14:48:44  [INFO    ]  Manifest    -> data\raw\ingestion_manifest.json
2026-08-25 14:48:44  [INFO    ]  -- Data Quality (current batch) ---------------------------------
2026-08-25 14:48:44  [INFO    ]    Batch listings      : 440
2026-08-25 14:48:44  [INFO    ]    With price          : 100.0%
2026-08-25 14:48:44  [INFO    ]    With model year     : 100.0%
2026-08-25 14:48:44  [INFO    ]    With brand          : 98.9%
2026-08-25 14:48:44  [INFO    ]    With model name     : 98.0%
2026-08-25 14:48:44  [INFO    ]    With province       : 100.0%
2026-08-25 14:48:44  [INFO    ]    With mileage (km)   : 0.0%
2026-08-25 14:48:44  [INFO    ]    With fuel type      : 86.6%
2026-08-25 14:48:44  [INFO    ]    With transmission   : 85.2%
2026-08-25 14:48:44  [INFO    ]    Total Cumulative Unique IDs : 2,754
2026-08-25 14:48:44  [INFO    ]    Phase 1 cumulative volume target met (>= 2,000 unique listings)!
2026-08-25 14:48:44  [INFO    ]  EL stage complete. 440 listings processed in this batch.
2026-08-25 14:48:44  [INFO    ]  Triggering dbt transformations...
2026-08-25 14:48:44  [INFO    ]  Running dbt: dbt run --project-dir D:\ITC3_AMS_2025\I4_AMS_S2\Y4_Internship\Car_price_prediction\dbt --profiles-dir D:\ITC3_AMS_2025\I4_AMS_S2\Y4_Internship\Car_price_prediction\dbt
2026-08-25 14:48:49  [INFO    ]  dbt run completed successfully in 5.05s.
2026-08-25 14:48:49  [INFO    ]  Running dbt: dbt test --project-dir D:\ITC3_AMS_2025\I4_AMS_S2\Y4_Internship\Car_price_prediction\dbt --profiles-dir D:\ITC3_AMS_2025\I4_AMS_S2\Y4_Internship\Car_price_prediction\dbt
2026-08-25 14:48:54  [INFO    ]  dbt test completed successfully in 5.31s.
2026-08-25 14:48:54  [INFO    ]  End-to-end ELT pipeline complete.
2026-08-25 14:56:05  [INFO    ]  =================================================================
2026-08-25 14:56:05  [INFO    ]  EL Pipeline  --  Extract & Load (Time-Series & Change Tracking)
2026-08-25 14:56:05  [INFO    ]    Category       : cars-for-sale
2026-08-25 14:56:05  [INFO    ]    Province       : ALL
2026-08-25 14:56:05  [INFO    ]    Max pages      : 20  (600 listings max)
2026-08-25 14:56:05  [INFO    ]    Scrape mode    : feed_window
2026-08-25 14:56:05  [INFO    ]    Enrich details : True
2026-08-25 14:56:05  [INFO    ]    Output dir     : data\raw
2026-08-25 14:56:05  [INFO    ]  =================================================================
2026-08-25 14:56:05  [INFO    ]    Found 2,744 historical unique listing IDs in raw storage.
2026-08-25 14:56:05  [INFO    ]  Cloudflare Worker relay enabled (POSTS_API_BASE overridden).
2026-08-25 14:56:05  [INFO    ]  [cars-for-sale] Page 1/20  offset=0  collected=0
2026-08-25 14:56:30  [INFO    ]  [cars-for-sale] Page 2/20  offset=30  collected=40  total=20299
2026-08-25 14:56:39  [INFO    ]  [cars-for-sale] Page 3/20  offset=60  collected=56  total=20299
2026-08-25 14:56:52  [INFO    ]  [cars-for-sale] Page 4/20  offset=90  collected=79  total=20299
2026-08-25 14:57:05  [INFO    ]  [cars-for-sale] Page 5/20  offset=120  collected=103  total=20299
2026-08-25 14:57:15  [INFO    ]  [cars-for-sale] Page 6/20  offset=150  collected=121  total=20299
2026-08-25 14:57:33  [INFO    ]  [cars-for-sale] Page 7/20  offset=180  collected=154  total=20299
2026-08-25 14:57:36  [INFO    ]  [cars-for-sale] Page 8/20  offset=210  collected=158  total=20299
2026-08-25 14:57:53  [INFO    ]  [cars-for-sale] Page 9/20  offset=240  collected=189  total=20299
2026-08-25 14:57:56  [INFO    ]  [cars-for-sale] Page 10/20  offset=270  collected=192  total=20299
2026-08-25 14:58:11  [INFO    ]  [cars-for-sale] Page 11/20  offset=300  collected=222  total=20299
2026-08-25 14:58:28  [INFO    ]  [cars-for-sale] Page 12/20  offset=330  collected=253  total=20299
2026-08-25 14:58:33  [INFO    ]  [cars-for-sale] Page 13/20  offset=360  collected=262  total=20299
2026-08-25 14:58:35  [INFO    ]  [cars-for-sale] Page 14/20  offset=390  collected=265  total=20299
2026-08-25 14:58:51  [INFO    ]  [cars-for-sale] Page 15/20  offset=420  collected=296  total=20299
2026-08-25 14:59:08  [INFO    ]  [cars-for-sale] Page 16/20  offset=450  collected=326  total=20299
2026-08-25 14:59:29  [INFO    ]  [cars-for-sale] Page 17/20  offset=480  collected=356  total=20299
2026-08-25 14:59:48  [INFO    ]  [cars-for-sale] Page 18/20  offset=510  collected=387  total=20299
2026-08-25 14:59:56  [INFO    ]  [cars-for-sale] Page 19/20  offset=540  collected=399  total=20299
2026-08-25 15:00:36  [INFO    ]  [cars-for-sale] Page 20/20  offset=570  collected=428  total=20299
2026-08-25 15:00:56  [INFO    ]  Scrape complete. Collected 458 records in this batch.
2026-08-25 15:00:56  [INFO    ]  Batch summary: 458 total listings collected (105 new IDs, 353 recurring/tracked IDs).
2026-08-25 15:00:56  [INFO    ]  Saved 458 records to Parquet -> data\raw\cars_2026-08-25.parquet
2026-08-25 15:00:56  [INFO    ]  Saved 60-row CSV sample -> data\raw\khmer24_cars_sample_60.csv
2026-08-25 15:00:56  [INFO    ]  Saved ingestion run manifest -> data\raw\ingestion_manifest.json
2026-08-25 15:00:56  [INFO    ]  Raw Parquet -> data\raw\cars_2026-08-25.parquet
2026-08-25 15:00:56  [INFO    ]  CSV sample  -> 60 rows : data\raw\khmer24_cars_sample_60.csv
2026-08-25 15:00:56  [INFO    ]  Manifest    -> data\raw\ingestion_manifest.json
2026-08-25 15:00:56  [INFO    ]  -- Data Quality (current batch) ---------------------------------
2026-08-25 15:00:56  [INFO    ]    Batch listings      : 458
2026-08-25 15:00:56  [INFO    ]    With price          : 100.0%
2026-08-25 15:00:56  [INFO    ]    With model year     : 100.0%
2026-08-25 15:00:56  [INFO    ]    With brand          : 98.9%
2026-08-25 15:00:56  [INFO    ]    With model name     : 97.8%
2026-08-25 15:00:56  [INFO    ]    With province       : 100.0%
2026-08-25 15:00:56  [INFO    ]    With mileage (km)   : 0.0%
2026-08-25 15:00:56  [INFO    ]    With fuel type      : 87.8%
2026-08-25 15:00:56  [INFO    ]    With transmission   : 84.9%
2026-08-25 15:00:56  [INFO    ]    Total Cumulative Unique IDs : 2,849
2026-08-25 15:00:56  [INFO    ]    Phase 1 cumulative volume target met (>= 2,000 unique listings)!
2026-08-25 15:00:56  [INFO    ]  EL stage complete. 458 listings processed in this batch.
2026-08-25 15:00:56  [INFO    ]  Triggering dbt transformations...
2026-08-25 15:00:56  [INFO    ]  Running dbt: dbt run --project-dir D:\ITC3_AMS_2025\I4_AMS_S2\Y4_Internship\Car_price_prediction\dbt --profiles-dir D:\ITC3_AMS_2025\I4_AMS_S2\Y4_Internship\Car_price_prediction\dbt
2026-08-25 15:01:02  [INFO    ]  dbt run completed successfully in 6.52s.
2026-08-25 15:01:02  [INFO    ]  Running dbt: dbt test --project-dir D:\ITC3_AMS_2025\I4_AMS_S2\Y4_Internship\Car_price_prediction\dbt --profiles-dir D:\ITC3_AMS_2025\I4_AMS_S2\Y4_Internship\Car_price_prediction\dbt
2026-08-25 15:01:07  [INFO    ]  dbt test completed successfully in 5.18s.
2026-08-25 15:01:07  [INFO    ]  End-to-end ELT pipeline complete.
2026-08-25 10:02:43  [INFO    ]  =================================================================
2026-08-25 10:02:43  [INFO    ]  EL Pipeline  --  Extract & Load (Time-Series & Change Tracking)
2026-08-25 10:02:43  [INFO    ]    Category       : cars-for-sale
2026-08-25 10:02:43  [INFO    ]    Province       : ALL
2026-08-25 10:02:43  [INFO    ]    Max pages      : 50  (1500 listings max)
2026-08-25 10:02:43  [INFO    ]    Scrape mode    : feed_window
2026-08-25 10:02:43  [INFO    ]    Enrich details : False
2026-08-25 10:02:43  [INFO    ]    Output dir     : data/raw
2026-08-25 10:02:43  [INFO    ]  =================================================================
2026-08-25 10:02:43  [INFO    ]    Found 2,761 historical unique listing IDs in raw storage.
2026-08-25 10:02:43  [INFO    ]  Cloudflare Worker relay enabled (POSTS_API_BASE overridden).
2026-08-25 10:02:43  [INFO    ]  [cars-for-sale] Page 1/50  offset=0  collected=0
2026-08-25 10:02:45  [INFO    ]  [cars-for-sale] Page 2/50  offset=30  collected=40  total=20300
2026-08-25 10:02:47  [INFO    ]  [cars-for-sale] Page 3/50  offset=60  collected=70  total=20300
2026-08-25 10:02:48  [INFO    ]  [cars-for-sale] Page 4/50  offset=90  collected=100  total=20300
2026-08-25 10:02:50  [INFO    ]  [cars-for-sale] Page 5/50  offset=120  collected=125  total=20300
2026-08-25 10:02:52  [INFO    ]  [cars-for-sale] Page 6/50  offset=150  collected=144  total=20300
2026-08-25 10:02:54  [INFO    ]  [cars-for-sale] Page 7/50  offset=180  collected=174  total=20300
2026-08-25 10:02:55  [INFO    ]  [cars-for-sale] Page 8/50  offset=210  collected=204  total=20300
2026-08-25 10:02:57  [INFO    ]  [cars-for-sale] Page 9/50  offset=240  collected=234  total=20300
2026-08-25 10:02:58  [INFO    ]  [cars-for-sale] Page 10/50  offset=270  collected=255  total=20300
2026-08-25 10:03:00  [INFO    ]  [cars-for-sale] Page 11/50  offset=300  collected=285  total=20300
2026-08-25 10:03:02  [INFO    ]  [cars-for-sale] Page 12/50  offset=330  collected=315  total=20300
2026-08-25 10:03:04  [INFO    ]  [cars-for-sale] Page 13/50  offset=360  collected=345  total=20300
2026-08-25 10:03:05  [INFO    ]  [cars-for-sale] Page 14/50  offset=390  collected=375  total=20300
2026-08-25 10:03:07  [INFO    ]  [cars-for-sale] Page 15/50  offset=420  collected=405  total=20300
2026-08-25 10:03:09  [INFO    ]  [cars-for-sale] Page 16/50  offset=450  collected=405  total=20300
2026-08-25 10:03:11  [INFO    ]  [cars-for-sale] Page 17/50  offset=480  collected=407  total=20300
2026-08-25 10:03:12  [INFO    ]  [cars-for-sale] Page 18/50  offset=510  collected=437  total=20300
2026-08-25 10:03:14  [INFO    ]  [cars-for-sale] Page 19/50  offset=540  collected=467  total=20300
2026-08-25 10:03:16  [INFO    ]  [cars-for-sale] Page 20/50  offset=570  collected=497  total=20300
2026-08-25 10:03:17  [INFO    ]  [cars-for-sale] Page 21/50  offset=600  collected=527  total=20300
2026-08-25 10:03:19  [INFO    ]  [cars-for-sale] Page 22/50  offset=630  collected=557  total=20300
2026-08-25 10:03:21  [INFO    ]  [cars-for-sale] Page 23/50  offset=660  collected=587  total=20300
2026-08-25 10:03:23  [INFO    ]  [cars-for-sale] Page 24/50  offset=690  collected=617  total=20300
2026-08-25 10:03:24  [INFO    ]  [cars-for-sale] Page 25/50  offset=720  collected=634  total=20300
2026-08-25 10:03:26  [INFO    ]  [cars-for-sale] Page 26/50  offset=750  collected=664  total=20300
2026-08-25 10:03:28  [INFO    ]  [cars-for-sale] Page 27/50  offset=780  collected=694  total=20300
2026-08-25 10:03:30  [INFO    ]  [cars-for-sale] Page 28/50  offset=810  collected=724  total=20300
2026-08-25 10:03:31  [INFO    ]  [cars-for-sale] Page 29/50  offset=840  collected=754  total=20300
2026-08-25 10:03:33  [INFO    ]  [cars-for-sale] Page 30/50  offset=870  collected=784  total=20300
2026-08-25 10:03:35  [INFO    ]  [cars-for-sale] Page 31/50  offset=900  collected=811  total=20300
2026-08-25 10:03:36  [INFO    ]  [cars-for-sale] Page 32/50  offset=930  collected=841  total=20300
2026-08-25 10:03:38  [INFO    ]  [cars-for-sale] Page 33/50  offset=960  collected=866  total=20300
2026-08-25 10:03:40  [INFO    ]  [cars-for-sale] Page 34/50  offset=990  collected=896  total=20300
2026-08-25 10:03:42  [INFO    ]  [cars-for-sale] Page 35/50  offset=1020  collected=926  total=20300
2026-08-25 10:03:43  [INFO    ]  [cars-for-sale] Page 36/50  offset=1050  collected=956  total=20300
2026-08-25 10:03:45  [INFO    ]  [cars-for-sale] Page 37/50  offset=1080  collected=984  total=20300
2026-08-25 10:03:47  [INFO    ]  [cars-for-sale] Page 38/50  offset=1110  collected=1014  total=20300
2026-08-25 10:03:49  [INFO    ]  [cars-for-sale] Page 39/50  offset=1140  collected=1044  total=20300
2026-08-25 10:03:50  [INFO    ]  [cars-for-sale] Page 40/50  offset=1170  collected=1074  total=20300
2026-08-25 10:03:52  [INFO    ]  [cars-for-sale] Page 41/50  offset=1200  collected=1104  total=20300
2026-08-25 10:03:54  [INFO    ]  [cars-for-sale] Page 42/50  offset=1230  collected=1134  total=20300
2026-08-25 10:03:56  [INFO    ]  [cars-for-sale] Page 43/50  offset=1260  collected=1163  total=20300
2026-08-25 10:03:57  [INFO    ]  [cars-for-sale] Page 44/50  offset=1290  collected=1193  total=20300
2026-08-25 10:03:59  [INFO    ]  [cars-for-sale] Page 45/50  offset=1320  collected=1220  total=20300
2026-08-25 10:04:01  [INFO    ]  [cars-for-sale] Page 46/50  offset=1350  collected=1250  total=20300
2026-08-25 10:04:02  [INFO    ]  [cars-for-sale] Page 47/50  offset=1380  collected=1275  total=20300
2026-08-25 10:04:04  [INFO    ]  [cars-for-sale] Page 48/50  offset=1410  collected=1275  total=20300
2026-08-25 10:04:06  [INFO    ]  [cars-for-sale] Page 49/50  offset=1440  collected=1297  total=20300
2026-08-25 10:04:08  [INFO    ]  [cars-for-sale] Page 50/50  offset=1470  collected=1326  total=20300
2026-08-25 10:04:09  [INFO    ]  Scrape complete. Collected 1356 records in this batch.
2026-08-25 10:04:09  [INFO    ]  Batch summary: 1,356 total listings collected (590 new IDs, 766 recurring/tracked IDs).
2026-08-25 10:04:09  [INFO    ]  Saved 1356 records to Parquet -> data/raw/cars_2026-08-25.parquet
2026-08-25 10:04:09  [INFO    ]  Saved 60-row CSV sample -> data/raw/khmer24_cars_sample_60.csv
2026-08-25 10:04:10  [INFO    ]  Saved ingestion run manifest -> data/raw/ingestion_manifest.json
2026-08-25 10:04:10  [INFO    ]  Raw Parquet -> data/raw/cars_2026-08-25.parquet
2026-08-25 10:04:10  [INFO    ]  CSV sample  -> 60 rows : data/raw/khmer24_cars_sample_60.csv
2026-08-25 10:04:10  [INFO    ]  Manifest    -> data/raw/ingestion_manifest.json
2026-08-25 10:04:10  [INFO    ]  -- Data Quality (current batch) ---------------------------------
2026-08-25 10:04:10  [INFO    ]    Batch listings      : 1,356
2026-08-25 10:04:10  [INFO    ]    With price          : 100.0%
2026-08-25 10:04:10  [INFO    ]    With model year     : 100.0%
2026-08-25 10:04:10  [INFO    ]    With brand          : 76.0%
2026-08-25 10:04:10  [INFO    ]    With model name     : 75.4%
2026-08-25 10:04:10  [INFO    ]    With province       : 100.0%
2026-08-25 10:04:10  [INFO    ]    With mileage (km)   : 0.0%
2026-08-25 10:04:10  [INFO    ]    With fuel type      : 0.0%
2026-08-25 10:04:10  [INFO    ]    With transmission   : 0.0%
2026-08-25 10:04:10  [INFO    ]    Total Cumulative Unique IDs : 3,351
2026-08-25 10:04:10  [INFO    ]    Phase 1 cumulative volume target met (>= 2,000 unique listings)!
2026-08-25 10:04:10  [INFO    ]  EL stage complete. 1,356 listings processed in this batch.
2026-08-25 10:12:14  [INFO    ]  =================================================================
2026-08-25 10:12:14  [INFO    ]  EL Pipeline  --  Extract & Load (Time-Series & Change Tracking)
2026-08-25 10:12:14  [INFO    ]    Category       : cars-for-sale
2026-08-25 10:12:14  [INFO    ]    Province       : ALL
2026-08-25 10:12:14  [INFO    ]    Max pages      : 50  (1500 listings max)
2026-08-25 10:12:14  [INFO    ]    Scrape mode    : feed_window
2026-08-25 10:12:14  [INFO    ]    Enrich details : True
2026-08-25 10:12:14  [INFO    ]    Output dir     : data/raw
2026-08-25 10:12:14  [INFO    ]  =================================================================
2026-08-25 10:12:14  [INFO    ]    Found 3,342 historical unique listing IDs in raw storage.
2026-08-25 10:12:14  [INFO    ]  Cloudflare Worker relay enabled (POSTS_API_BASE overridden).
2026-08-25 10:12:14  [INFO    ]  [cars-for-sale] Page 1/50  offset=0  collected=0
2026-08-25 10:12:45  [INFO    ]  [cars-for-sale] Page 2/50  offset=30  collected=40  total=20296
2026-08-25 10:13:09  [INFO    ]  [cars-for-sale] Page 3/50  offset=60  collected=70  total=20296
2026-08-25 10:13:31  [INFO    ]  [cars-for-sale] Page 4/50  offset=90  collected=100  total=20296
2026-08-25 10:13:48  [INFO    ]  [cars-for-sale] Page 5/50  offset=120  collected=125  total=20296
2026-08-25 10:14:10  [INFO    ]  [cars-for-sale] Page 6/50  offset=150  collected=155  total=20296
2026-08-25 10:14:17  [INFO    ]  [cars-for-sale] Page 7/50  offset=180  collected=164  total=20296
2026-08-25 10:14:38  [INFO    ]  [cars-for-sale] Page 8/50  offset=210  collected=194  total=20296
2026-08-25 10:14:44  [INFO    ]  [cars-for-sale] Page 9/50  offset=240  collected=201  total=20296
2026-08-25 10:15:08  [INFO    ]  [cars-for-sale] Page 10/50  offset=270  collected=231  total=20296
2026-08-25 10:15:32  [INFO    ]  [cars-for-sale] Page 11/50  offset=300  collected=261  total=20296
2026-08-25 10:15:55  [INFO    ]  [cars-for-sale] Page 12/50  offset=330  collected=291  total=20296
2026-08-25 10:15:56  [INFO    ]  [cars-for-sale] Page 13/50  offset=360  collected=291  total=20296
2026-08-25 10:16:17  [INFO    ]  [cars-for-sale] Page 14/50  offset=390  collected=318  total=20296
2026-08-25 10:16:33  [INFO    ]  [cars-for-sale] Page 15/50  offset=420  collected=339  total=20296
2026-08-25 10:16:56  [INFO    ]  [cars-for-sale] Page 16/50  offset=450  collected=369  total=20296
2026-08-25 10:17:18  [INFO    ]  [cars-for-sale] Page 17/50  offset=480  collected=398  total=20296
2026-08-25 10:17:20  [INFO    ]  [cars-for-sale] Page 18/50  offset=510  collected=398  total=20296
2026-08-25 10:17:44  [INFO    ]  [cars-for-sale] Page 19/50  offset=540  collected=428  total=20296
2026-08-25 10:18:09  [INFO    ]  [cars-for-sale] Page 20/50  offset=570  collected=458  total=20296
2026-08-25 10:18:32  [INFO    ]  [cars-for-sale] Page 21/50  offset=600  collected=488  total=20296
2026-08-25 10:18:48  [INFO    ]  [cars-for-sale] Page 22/50  offset=630  collected=508  total=20296
2026-08-25 10:19:10  [INFO    ]  [cars-for-sale] Page 23/50  offset=660  collected=538  total=20296
2026-08-25 10:19:35  [INFO    ]  [cars-for-sale] Page 24/50  offset=690  collected=568  total=20296
2026-08-25 10:19:55  [INFO    ]  [cars-for-sale] Page 25/50  offset=720  collected=594  total=20296
2026-08-25 10:20:21  [INFO    ]  [cars-for-sale] Page 26/50  offset=750  collected=624  total=20296
2026-08-25 10:20:42  [INFO    ]  [cars-for-sale] Page 27/50  offset=780  collected=653  total=20296
2026-08-25 10:21:05  [INFO    ]  [cars-for-sale] Page 28/50  offset=810  collected=682  total=20296
2026-08-25 10:21:24  [INFO    ]  [cars-for-sale] Page 29/50  offset=840  collected=708  total=20296
2026-08-25 10:21:44  [INFO    ]  [cars-for-sale] Page 30/50  offset=870  collected=731  total=20296
2026-08-25 10:22:08  [INFO    ]  [cars-for-sale] Page 31/50  offset=900  collected=761  total=20296
2026-08-25 10:22:30  [INFO    ]  [cars-for-sale] Page 32/50  offset=930  collected=790  total=20296
2026-08-25 10:22:52  [INFO    ]  [cars-for-sale] Page 33/50  offset=960  collected=820  total=20296
2026-08-25 10:23:15  [INFO    ]  [cars-for-sale] Page 34/50  offset=990  collected=849  total=20296
2026-08-25 10:23:38  [INFO    ]  [cars-for-sale] Page 35/50  offset=1020  collected=876  total=20296
2026-08-25 10:24:00  [INFO    ]  [cars-for-sale] Page 36/50  offset=1050  collected=906  total=20296
2026-08-25 10:24:24  [INFO    ]  [cars-for-sale] Page 37/50  offset=1080  collected=936  total=20296
2026-08-25 10:24:44  [INFO    ]  [cars-for-sale] Page 38/50  offset=1110  collected=964  total=20296
2026-08-25 10:25:13  [INFO    ]  [cars-for-sale] Page 39/50  offset=1140  collected=993  total=20296
2026-08-25 10:25:38  [INFO    ]  [cars-for-sale] Page 40/50  offset=1170  collected=1019  total=20296
2026-08-25 10:26:04  [INFO    ]  [cars-for-sale] Page 41/50  offset=1200  collected=1049  total=20296
2026-08-25 10:26:29  [INFO    ]  [cars-for-sale] Page 42/50  offset=1230  collected=1079  total=20296
2026-08-25 10:26:50  [INFO    ]  [cars-for-sale] Page 43/50  offset=1260  collected=1106  total=20296
2026-08-25 10:27:12  [INFO    ]  [cars-for-sale] Page 44/50  offset=1290  collected=1136  total=20296
2026-08-25 10:27:34  [INFO    ]  [cars-for-sale] Page 45/50  offset=1320  collected=1163  total=20296
2026-08-25 10:27:56  [INFO    ]  [cars-for-sale] Page 46/50  offset=1350  collected=1193  total=20296
2026-08-25 10:28:20  [INFO    ]  [cars-for-sale] Page 47/50  offset=1380  collected=1222  total=20296
2026-08-25 10:28:42  [INFO    ]  [cars-for-sale] Page 48/50  offset=1410  collected=1251  total=20296
2026-08-25 10:29:04  [INFO    ]  [cars-for-sale] Page 49/50  offset=1440  collected=1279  total=20296
2026-08-25 10:29:28  [INFO    ]  [cars-for-sale] Page 50/50  offset=1470  collected=1309  total=20296
2026-08-25 10:29:54  [INFO    ]  Scrape complete. Collected 1339 records in this batch.
2026-08-25 10:29:54  [INFO    ]  Batch summary: 1,339 total listings collected (82 new IDs, 1,257 recurring/tracked IDs).
2026-08-25 10:29:54  [INFO    ]  Saved 1339 records to Parquet -> data/raw/cars_2026-08-25.parquet
2026-08-25 10:29:54  [INFO    ]  Saved 60-row CSV sample -> data/raw/khmer24_cars_sample_60.csv
2026-08-25 10:29:54  [INFO    ]  Saved ingestion run manifest -> data/raw/ingestion_manifest.json
2026-08-25 10:29:54  [INFO    ]  Raw Parquet -> data/raw/cars_2026-08-25.parquet
2026-08-25 10:29:54  [INFO    ]  CSV sample  -> 60 rows : data/raw/khmer24_cars_sample_60.csv
2026-08-25 10:29:54  [INFO    ]  Manifest    -> data/raw/ingestion_manifest.json
2026-08-25 10:29:54  [INFO    ]  -- Data Quality (current batch) ---------------------------------
2026-08-25 10:29:54  [INFO    ]    Batch listings      : 1,339
2026-08-25 10:29:54  [INFO    ]    With price          : 100.0%
2026-08-25 10:29:54  [INFO    ]    With model year     : 100.0%
2026-08-25 10:29:54  [INFO    ]    With brand          : 98.4%
2026-08-25 10:29:54  [INFO    ]    With model name     : 97.8%
2026-08-25 10:29:54  [INFO    ]    With province       : 100.0%
2026-08-25 10:29:54  [INFO    ]    With mileage (km)   : 0.0%
2026-08-25 10:29:54  [INFO    ]    With fuel type      : 87.5%
2026-08-25 10:29:54  [INFO    ]    With transmission   : 84.5%
2026-08-25 10:29:54  [INFO    ]    Total Cumulative Unique IDs : 3,424
2026-08-25 10:29:54  [INFO    ]    Phase 1 cumulative volume target met (>= 2,000 unique listings)!
2026-08-25 10:29:54  [INFO    ]  EL stage complete. 1,339 listings processed in this batch.
